root_k,cell_id,sd_arm,objective_arm,training_event,label,method_id,ration_kind,target_alpha,selection_status,selected_param,solver_status,mip_gap,solver_time_limit_s,solve_wall_time_s,candidate_statuses,infeasibility_scope,has_ration,evaluation_world,own_world,n_test,training_event_rate_upper_own_world,training_event_cp_upper_own_world,main_reference_n_violated,main_reference_n_unknown,main_reference_rate_lower,main_reference_rate_upper,main_reference_cp_upper,main_reference_mc_se,t51_primary_not_assessable_share,main_reference_unknown_only_because_out_of_domain,main_reference_linear_energy_rate_upper,main_reference_linear_energy_cp_upper,main_reference_t51_verdicts_used_out_of_domain_rate_lower,main_reference_t51_verdicts_used_out_of_domain_rate_upper,main_reference_t51_verdicts_used_out_of_domain_cp_upper,main_reference_plus_cp_hi_rate_upper,main_reference_plus_cp_hi_cp_upper,h0_eleven_rate_upper,h0_eleven_cp_upper,h0_eleven_reference_energy_rate_upper,h0_eleven_domain_conditioned_rate_upper,s2_six_rate_upper,s2_six_cp_upper,s2_six_domain_conditioned_rate_upper,excluded_five_rate_upper,excluded_five_cp_upper,main9_training_event_rate_upper,energy_linear_violation_rate,energy_reference_violation_rate_lower,energy_reference_violation_rate_upper,energy_false_pass,energy_false_fail,energy_reference_undefined,t51_primary_variant,t51_primary_undefined_share,t51_primary_nominal_status,main_reference_rate_upper_by_t51_variant,n_analysis_anomaly_states,n_support_violation_states,structural_ok,meets_main_reference_alpha_point,meets_main_reference_alpha_cp_upper,in_comparable_set,in_comparable_set_t51_verdicts_used_out_of_domain,main_reference_plan_domain_n_violated,main_reference_plan_domain_n_unknown,main_reference_plan_domain_rate_lower,main_reference_plan_domain_rate_upper,main_reference_plan_domain_cp_upper,main_reference_plan_domain_mc_se,main_reference_plus_cp_hi_plan_domain_n_violated,main_reference_plus_cp_hi_plan_domain_n_unknown,main_reference_plus_cp_hi_plan_domain_rate_lower,main_reference_plus_cp_hi_plan_domain_rate_upper,main_reference_plus_cp_hi_plan_domain_cp_upper,main_reference_plus_cp_hi_plan_domain_mc_se
0,SDH0_MAIN9,SD-H0,MAIN9,"main reference nine (linear energy row, Table 5-1 verdicts in every state)",SDH0_MAIN9:M0,M0_nominal,method,,,,optimal,,300.0,0.018395724706351757,,,True,SD-H0,True,10000,0.9065,0.9112507208564402,8755,0,0.8755,0.8755,0.8808991863824648,0.003301511017700835,0.0,0,0.9065,0.9112507208564402,0.8755,0.8755,0.8808991863824648,0.8841,0.8893320976614127,0.9135,0.9180842208545215,0.8841,0.9135,0.5363,0.5445439808679507,0.5363,0.743,0.7501847308463173,0.9065,0.5054,0.3538,0.3538,39,1555,0,T51-DGC-0.50,0.0,in_domain_conditional,T51-DGC-0.50=0.8755;T51-DGC-0.33=0.8755;T51-DGC-0.67=0.8755;T51-CORNKERNEL-0.50=0.8755,953,0,True,,,alpha=0.01:False;alpha=0.05:False;alpha=0.1:False,alpha=0.01:False;alpha=0.05:False;alpha=0.1:False,8755,0,0.8755,0.8755,0.8808991863824648,0.003301511017700835,8841,0,0.8841,0.8841,0.8893320976614127,0.003201049671592117
0,SDH0_MAIN9,SD-H0,MAIN9,"main reference nine (linear energy row, Table 5-1 verdicts in every state)",SDH0_MAIN9:M0,M0_nominal,method,,,,optimal,,300.0,0.018395724706351757,,,True,SD-S2,False,10000,,,8032,0,0.8032,0.8032,0.8097237760937208,0.00397579878766519,0.0,0,0.8729,0.8783480014825316,0.8032,0.8032,0.8097237760937208,0.8032,0.8097237760937208,0.8729,0.8783480014825316,0.8032,0.8729,0.5009,0.5091732884868139,0.5009,0.6196,0.627609036929168,0.8729,0.5034,0.2168,0.2168,1,2867,0,T51-DGC-0.50,0.0,in_domain_conditional,T51-DGC-0.50=0.8032;T51-DGC-0.33=0.8032;T51-DGC-0.67=0.8032;T51-CORNKERNEL-0.50=0.8032,0,0,True,,,alpha=0.01:False;alpha=0.05:False;alpha=0.1:False,alpha=0.01:False;alpha=0.05:False;alpha=0.1:False,8032,0,0.8032,0.8032,0.8097237760937208,0.00397579878766519,8032,0,0.8032,0.8032,0.8097237760937208,0.00397579878766519
0,SDH0_MAIN9,SD-H0,MAIN9,"main reference nine (linear energy row, Table 5-1 verdicts in every state)",SDH0_MAIN9:M0,M0_nominal,method,,,,optimal,,300.0,0.018395724706351757,,,True,SD-SRC14,False,10000,,,8755,0,0.8755,0.8755,0.8808991863824648,0.003301511017700835,0.0,0,0.9065,0.9112507208564402,0.8755,0.8755,0.8808991863824648,0.8841,0.8893320976614127,0.9135,0.9180842208545215,0.8841,0.9135,0.5363,0.5445439808679507,0.5363,0.743,0.7501847308463173,0.9065,0.5053,0.3538,0.3538,39,1554,0,T51-DGC-0.50,0.0,in_domain_conditional,T51-DGC-0.50=0.8755;T51-DGC-0.33=0.8755;T51-DGC-0.67=0.8755;T51-CORNKERNEL-0.50=0.8755,295,0,True,,,alpha=0.01:False;alpha=0.05:False;alpha=0.1:False,alpha=0.01:False;alpha=0.05:False;alpha=0.1:False,8755,0,0.8755,0.8755,0.8808991863824648,0.003301511017700835,8841,0,0.8841,0.8841,0.8893320976614127,0.003201049671592117
0,SDH0_MAIN9,SD-H0,MAIN9,"main reference nine (linear energy row, Table 5-1 verdicts in every state)",SDH0_MAIN9:M0,M0_nominal,method,,,,optimal,,300.0,0.018395724706351757,,,True,SD-12MO,False,10000,,,8032,0,0.8032,0.8032,0.8097237760937208,0.00397579878766519,0.0,0,0.8728,0.8782498638345831,0.8032,0.8032,0.8097237760937208,0.8032,0.8097237760937208,0.8728,0.8782498638345831,0.8032,0.8728,0.5009,0.5091732884868139,0.5009,0.6196,0.627609036929168,0.8728,0.5033,0.2169,0.2169,1,2865,0,T51-DGC-0.50,0.0,in_domain_conditional,T51-DGC-0.50=0.8032;T51-DGC-0.33=0.8032;T51-DGC-0.67=0.8032;T51-CORNKERNEL-0.50=0.8032,6,0,True,,,alpha=0.01:False;alpha=0.05:False;alpha=0.1:False,alpha=0.01:False;alpha=0.05:False;alpha=0.1:False,8032,0,0.8032,0.8032,0.8097237760937208,0.00397579878766519,8032,0,0.8032,0.8032,0.8097237760937208,0.00397579878766519
0,SDH0_MAIN9,SD-H0,MAIN9,"main reference nine (linear energy row, Table 5-1 verdicts in every state)",SDH0_MAIN9:M0,M0_nominal,method,,,,optimal,,300.0,0.018395724706351757,,,True,SD-SRC12,False,10000,,,8755,0,0.8755,0.8755,0.8808991863824648,0.003301511017700835,0.0,0,0.9065,0.9112507208564402,0.8755,0.8755,0.8808991863824648,0.8841,0.8893320976614127,0.9135,0.9180842208545215,0.8841,0.9135,0.5363,0.5445439808679507,0.5363,0.743,0.7501847308463173,0.9065,0.5053,0.3538,0.3538,39,1554,0,T51-DGC-0.50,0.0,in_domain_conditional,T51-DGC-0.50=0.8755;T51-DGC-0.33=0.8755;T51-DGC-0.67=0.8755;T51-CORNKERNEL-0.50=0.8755,663,0,True,,,alpha=0.01:False;alpha=0.05:False;alpha=0.1:False,alpha=0.01:False;alpha=0.05:False;alpha=0.1:False,8755,0,0.8755,0.8755,0.8808991863824648,0.003301511017700835,8841,0,0.8841,0.8841,0.8893320976614127,0.003201049671592117
0,SDH0_MAIN9,SD-H0,MAIN9,"main reference nine (linear energy row, Table 5-1 verdicts in every state)","SDH0_MAIN9:M1[relative,apply_to_dm=True]@alpha=0.05",M1_safety_margin,method,0.05,not_met,,,,300.0,,optimal;proven_infeasible,"no value of the declared grid met the validation screen (candidate statuses: optimal, proven_infeasible); a grid without a solution is not a statement about the whole decision space",False,,,,,,,,,,,,,,,,,,,,,,,,,,,,,,,,,,,,,,,,,,,,,,,,,,,,,,,,,,,
0,SDH0_MAIN9,SD-H0,MAIN9,"main reference nine (linear energy row, Table 5-1 verdicts in every state)","SDH0_MAIN9:M1[relative,apply_to_dm=False]@alpha=0.05",M1_safety_margin,method,0.05,not_met,,,,300.0,,optimal;proven_infeasible,"no value of the declared grid met the validation screen (candidate statuses: optimal, proven_infeasible); a grid without a solution is not a statement about the whole decision space",False,,,,,,,,,,,,,,,,,,,,,,,,,,,,,,,,,,,,,,,,,,,,,,,,,,,,,,,,,,,
0,SDH0_MAIN9,SD-H0,MAIN9,"main reference nine (linear energy row, Table 5-1 verdicts in every state)",SDH0_MAIN9:M2[N=128]@alpha=0.05,M2_joint_chance_saa,method,0.05,not_met,,,,300.0,,proven_infeasible,"SAA over the N training scenarios proven infeasible for every alpha_train of the declared grid (training scenarios only; not a population, field or whole-space statement)",False,,,,,,,,,,,,,,,,,,,,,,,,,,,,,,,,,,,,,,,,,,,,,,,,,,,,,,,,,,,
0,SDH0_MAIN9,SD-H0,MAIN9,"main reference nine (linear energy row, Table 5-1 verdicts in every state)",SDH0_MAIN9:M2[N=512]@alpha=0.05,M2_joint_chance_saa,method,0.05,not_met,,,,300.0,,proven_infeasible,"SAA over the N training scenarios proven infeasible for every alpha_train of the declared grid (training scenarios only; not a population, field or whole-space statement)",False,,,,,,,,,,,,,,,,,,,,,,,,,,,,,,,,,,,,,,,,,,,,,,,,,,,,,,,,,,,
0,SDH0_MAIN9,SD-H0,MAIN9,"main reference nine (linear energy row, Table 5-1 verdicts in every state)",SDH0_MAIN9:M2[N=1024]@alpha=0.05,M2_joint_chance_saa,method,0.05,not_met,,,,300.0,,proven_infeasible,"SAA over the N training scenarios proven infeasible for every alpha_train of the declared grid (training scenarios only; not a population, field or whole-space statement)",False,,,,,,,,,,,,,,,,,,,,,,,,,,,,,,,,,,,,,,,,,,,,,,,,,,,,,,,,,,,
0,SDH0_MAIN9,SD-H0,MAIN9,"main reference nine (linear energy row, Table 5-1 verdicts in every state)",SDH0_MAIN9:M3a[factory box]@alpha=0.05,M3a_box_robust,method,0.05,not_met,,,,300.0,,proven_infeasible,no value of the declared grid met the validation screen (candidate statuses: proven_infeasible); a grid without a solution is not a statement about the whole decision space,False,,,,,,,,,,,,,,,,,,,,,,,,,,,,,,,,,,,,,,,,,,,,,,,,,,,,,,,,,,,
0,SDH0_MAIN9,SD-H0,MAIN9,"main reference nine (linear energy row, Table 5-1 verdicts in every state)",SDH0_MAIN9:M3b[factory box]@alpha=0.05,M3b_budget_robust,method,0.05,not_met,,,,300.0,,optimal;proven_infeasible,"no value of the declared grid met the validation screen (candidate statuses: optimal, proven_infeasible); a grid without a solution is not a statement about the whole decision space",False,,,,,,,,,,,,,,,,,,,,,,,,,,,,,,,,,,,,,,,,,,,,,,,,,,,,,,,,,,,
0,SDH0_MAIN9,SD-H0,MAIN9,"main reference nine (linear energy row, Table 5-1 verdicts in every state)","SDH0_MAIN9:M1[relative,apply_to_dm=True]@alpha=0.1",M1_safety_margin,method,0.1,not_met,,,,300.0,,optimal;proven_infeasible,"no value of the declared grid met the validation screen (candidate statuses: optimal, proven_infeasible); a grid without a solution is not a statement about the whole decision space",False,,,,,,,,,,,,,,,,,,,,,,,,,,,,,,,,,,,,,,,,,,,,,,,,,,,,,,,,,,,
0,SDH0_MAIN9,SD-H0,MAIN9,"main reference nine (linear energy row, Table 5-1 verdicts in every state)","SDH0_MAIN9:M1[relative,apply_to_dm=False]@alpha=0.1",M1_safety_margin,method,0.1,not_met,,,,300.0,,optimal;proven_infeasible,"no value of the declared grid met the validation screen (candidate statuses: optimal, proven_infeasible); a grid without a solution is not a statement about the whole decision space",False,,,,,,,,,,,,,,,,,,,,,,,,,,,,,,,,,,,,,,,,,,,,,,,,,,,,,,,,,,,
0,SDH0_MAIN9,SD-H0,MAIN9,"main reference nine (linear energy row, Table 5-1 verdicts in every state)",SDH0_MAIN9:M2[N=128]@alpha=0.1,M2_joint_chance_saa,method,0.1,not_met,,,,300.0,,proven_infeasible,"SAA over the N training scenarios proven infeasible for every alpha_train of the declared grid (training scenarios only; not a population, field or whole-space statement)",False,,,,,,,,,,,,,,,,,,,,,,,,,,,,,,,,,,,,,,,,,,,,,,,,,,,,,,,,,,,
0,SDH0_MAIN9,SD-H0,MAIN9,"main reference nine (linear energy row, Table 5-1 verdicts in every state)",SDH0_MAIN9:M2[N=512]@alpha=0.1,M2_joint_chance_saa,method,0.1,not_met,,,,300.0,,proven_infeasible,"SAA over the N training scenarios proven infeasible for every alpha_train of the declared grid (training scenarios only; not a population, field or whole-space statement)",False,,,,,,,,,,,,,,,,,,,,,,,,,,,,,,,,,,,,,,,,,,,,,,,,,,,,,,,,,,,
0,SDH0_MAIN9,SD-H0,MAIN9,"main reference nine (linear energy row, Table 5-1 verdicts in every state)",SDH0_MAIN9:M2[N=1024]@alpha=0.1,M2_joint_chance_saa,method,0.1,not_met,,,,300.0,,no_feasible_solution_found;proven_infeasible,"no value of the declared grid met the validation screen (candidate statuses: no_feasible_solution_found, proven_infeasible); a grid without a solution is not a statement about the whole decision space",False,,,,,,,,,,,,,,,,,,,,,,,,,,,,,,,,,,,,,,,,,,,,,,,,,,,,,,,,,,,
0,SDH0_MAIN9,SD-H0,MAIN9,"main reference nine (linear energy row, Table 5-1 verdicts in every state)",SDH0_MAIN9:M3a[factory box]@alpha=0.1,M3a_box_robust,method,0.1,not_met,,,,300.0,,proven_infeasible,no value of the declared grid met the validation screen (candidate statuses: proven_infeasible); a grid without a solution is not a statement about the whole decision space,False,,,,,,,,,,,,,,,,,,,,,,,,,,,,,,,,,,,,,,,,,,,,,,,,,,,,,,,,,,,
0,SDH0_MAIN9,SD-H0,MAIN9,"main reference nine (linear energy row, Table 5-1 verdicts in every state)",SDH0_MAIN9:M3b[factory box]@alpha=0.1,M3b_budget_robust,method,0.1,not_met,,,,300.0,,optimal;proven_infeasible,"no value of the declared grid met the validation screen (candidate statuses: optimal, proven_infeasible); a grid without a solution is not a statement about the whole decision space",False,,,,,,,,,,,,,,,,,,,,,,,,,,,,,,,,,,,,,,,,,,,,,,,,,,,,,,,,,,,
0,SDH0_MAIN9,SD-H0,MAIN9,"main reference nine (linear energy row, Table 5-1 verdicts in every state)","SDH0_MAIN9:M1[relative,apply_to_dm=True]@alpha=0.01",M1_safety_margin,method,0.01,not_met,,,,300.0,,optimal;proven_infeasible,"no value of the declared grid met the validation screen (candidate statuses: optimal, proven_infeasible); a grid without a solution is not a statement about the whole decision space",False,,,,,,,,,,,,,,,,,,,,,,,,,,,,,,,,,,,,,,,,,,,,,,,,,,,,,,,,,,,
0,SDH0_MAIN9,SD-H0,MAIN9,"main reference nine (linear energy row, Table 5-1 verdicts in every state)","SDH0_MAIN9:M1[relative,apply_to_dm=False]@alpha=0.01",M1_safety_margin,method,0.01,not_met,,,,300.0,,optimal;proven_infeasible,"no value of the declared grid met the validation screen (candidate statuses: optimal, proven_infeasible); a grid without a solution is not a statement about the whole decision space",False,,,,,,,,,,,,,,,,,,,,,,,,,,,,,,,,,,,,,,,,,,,,,,,,,,,,,,,,,,,
0,SDH0_MAIN9,SD-H0,MAIN9,"main reference nine (linear energy row, Table 5-1 verdicts in every state)",SDH0_MAIN9:M2[N=128]@alpha=0.01,M2_joint_chance_saa,method,0.01,not_met,,,,300.0,,proven_infeasible,"SAA over the N training scenarios proven infeasible for every alpha_train of the declared grid (training scenarios only; not a population, field or whole-space statement)",False,,,,,,,,,,,,,,,,,,,,,,,,,,,,,,,,,,,,,,,,,,,,,,,,,,,,,,,,,,,
0,SDH0_MAIN9,SD-H0,MAIN9,"main reference nine (linear energy row, Table 5-1 verdicts in every state)",SDH0_MAIN9:M2[N=512]@alpha=0.01,M2_joint_chance_saa,method,0.01,not_met,,,,300.0,,proven_infeasible,"SAA over the N training scenarios proven infeasible for every alpha_train of the declared grid (training scenarios only; not a population, field or whole-space statement)",False,,,,,,,,,,,,,,,,,,,,,,,,,,,,,,,,,,,,,,,,,,,,,,,,,,,,,,,,,,,
0,SDH0_MAIN9,SD-H0,MAIN9,"main reference nine (linear energy row, Table 5-1 verdicts in every state)",SDH0_MAIN9:M2[N=1024]@alpha=0.01,M2_joint_chance_saa,method,0.01,not_met,,,,300.0,,proven_infeasible,"SAA over the N training scenarios proven infeasible for every alpha_train of the declared grid (training scenarios only; not a population, field or whole-space statement)",False,,,,,,,,,,,,,,,,,,,,,,,,,,,,,,,,,,,,,,,,,,,,,,,,,,,,,,,,,,,
0,SDH0_MAIN9,SD-H0,MAIN9,"main reference nine (linear energy row, Table 5-1 verdicts in every state)",SDH0_MAIN9:M3a[factory box]@alpha=0.01,M3a_box_robust,method,0.01,not_met,,,,300.0,,proven_infeasible,no value of the declared grid met the validation screen (candidate statuses: proven_infeasible); a grid without a solution is not a statement about the whole decision space,False,,,,,,,,,,,,,,,,,,,,,,,,,,,,,,,,,,,,,,,,,,,,,,,,,,,,,,,,,,,
0,SDH0_MAIN9,SD-H0,MAIN9,"main reference nine (linear energy row, Table 5-1 verdicts in every state)",SDH0_MAIN9:M3b[factory box]@alpha=0.01,M3b_budget_robust,method,0.01,not_met,,,,300.0,,optimal;proven_infeasible,"no value of the declared grid met the validation screen (candidate statuses: optimal, proven_infeasible); a grid without a solution is not a statement about the whole decision space",False,,,,,,,,,,,,,,,,,,,,,,,,,,,,,,,,,,,,,,,,,,,,,,,,,,,,,,,,,,,
0,SDH0_MAIN9,SD-H0,MAIN9,"main reference nine (linear energy row, Table 5-1 verdicts in every state)","SDH0_MAIN9:DIAG-frontier:M2[N=128,alpha_train=m*/N=16/128]",M2_joint_chance_saa,diagnostic_frontier,,,,optimal,0.0,300.0,12.37779201567173,,,True,SD-H0,True,10000,0.2174,0.22429511740685334,1582,3,0.1582,0.1585,0.16463060249695896,0.003652091866314428,0.0002,2,0.2176,0.22449732629053104,0.1582,0.1583,0.16442756899190125,0.4074,0.41555119231031346,0.4302,0.4384080098290113,0.4072,0.4304,0.0676,0.07187359394978232,0.0678,0.3684,0.37641192036114346,0.2174,0.124,0.0605,0.0608,1,636,3,T51-DGC-0.50,0.0,in_domain_conditional,T51-DGC-0.50=0.1585;T51-DGC-0.33=0.1583;T51-DGC-0.67=0.6513;T51-CORNKERNEL-0.50=0.1583,962,3,True,,,,,1582,1,0.1582,0.1583,0.16442756899190125,0.0036502206782604253,4071,1,0.4071,0.4072,0.4153506148434283,0.00491312690656368
0,SDH0_MAIN9,SD-H0,MAIN9,"main reference nine (linear energy row, Table 5-1 verdicts in every state)","SDH0_MAIN9:DIAG-frontier:M2[N=128,alpha_train=m*/N=16/128]",M2_joint_chance_saa,diagnostic_frontier,,,,optimal,0.0,300.0,12.37779201567173,,,True,SD-S2,False,10000,,,0,0,0.0,0.0,0.00029952835977661195,0.0,0.0,0,0.0,0.00029952835977661195,0.0,0.0,0.00029952835977661195,0.1339,0.13963038274333056,0.1339,0.13963038274333056,0.1339,0.1339,0.0,0.00029952835977661195,0.0,0.1339,0.13963038274333056,0.0,0.0,0.0,0.0,0,0,0,T51-DGC-0.50,0.0,in_domain_conditional,T51-DGC-0.50=0;T51-DGC-0.33=0;T51-DGC-0.67=0.7929;T51-CORNKERNEL-0.50=0,0,0,True,,,,,0,0,0.0,0.0,0.00029952835977661195,0.0,1339,0,0.1339,0.1339,0.13963038274333056,0.0034054484286214055
0,SDH0_MAIN9,SD-H0,MAIN9,"main reference nine (linear energy row, Table 5-1 verdicts in every state)","SDH0_MAIN9:DIAG-frontier:M2[N=128,alpha_train=m*/N=16/128]",M2_joint_chance_saa,diagnostic_frontier,,,,optimal,0.0,300.0,12.37779201567173,,,True,SD-SRC14,False,10000,,,535,3,0.0535,0.0538,0.05765852948089561,0.0022562260525044917,0.0,0,0.0589,0.06291873132028812,0.0535,0.0538,0.05765852948089561,0.3349,0.34274786248984246,0.3377,0.34556321379888155,0.3349,0.3377,0.0122,0.014165224335183553,0.0122,0.3268,0.3346017201576046,0.0589,0.0057,0.0001,0.0004,0,56,3,T51-DGC-0.50,0.0,in_domain_conditional,T51-DGC-0.50=0.0538;T51-DGC-0.33=0.0538;T51-DGC-0.67=0.7524;T51-CORNKERNEL-0.50=0.0538,304,3,True,,,,,535,3,0.0535,0.0538,0.05765852948089561,0.0022562260525044917,3346,3,0.3346,0.3349,0.34274786248984246,0.004719554957832359
0,SDH0_MAIN9,SD-H0,MAIN9,"main reference nine (linear energy row, Table 5-1 verdicts in every state)","SDH0_MAIN9:DIAG-frontier:M2[N=128,alpha_train=m*/N=16/128]",M2_joint_chance_saa,diagnostic_frontier,,,,optimal,0.0,300.0,12.37779201567173,,,True,SD-12MO,False,10000,,,8,0,0.0008,0.0008,0.0014430005782821718,0.0002827295527531567,0.0,0,0.0079,0.009518068661312334,0.0008,0.0008,0.0014430005782821718,0.1558,0.16188936333175144,0.159,0.16513817150809687,0.1558,0.159,0.0001,0.0004742976591654368,0.0001,0.1557,0.16178782397605931,0.0079,0.0078,0.0007,0.0007,0,71,0,T51-DGC-0.50,0.0,in_domain_conditional,T51-DGC-0.50=0.0008;T51-DGC-0.33=0.0008;T51-DGC-0.67=0.6495;T51-CORNKERNEL-0.50=0.0008,6,0,True,,,,,8,0,0.0008,0.0008,0.0014430005782821718,0.0002827295527531567,1558,0,0.1558,0.1558,0.16188936333175144,0.0036266563112597257
0,SDH0_MAIN9,SD-H0,MAIN9,"main reference nine (linear energy row, Table 5-1 verdicts in every state)","SDH0_MAIN9:DIAG-frontier:M2[N=128,alpha_train=m*/N=16/128]",M2_joint_chance_saa,diagnostic_frontier,,,,optimal,0.0,300.0,12.37779201567173,,,True,SD-SRC12,False,10000,,,764,2,0.0764,0.0766,0.0811165224193221,0.0026595571059858823,0.0,0,0.0998,0.10486677278962013,0.0764,0.0766,0.0811165224193221,0.3541,0.36204706777378437,0.3653,0.3732985037486251,0.3541,0.3653,0.0321,0.03515225343885038,0.0321,0.3333,0.3411389527878048,0.0998,0.0293,0.004,0.0043,0,253,3,T51-DGC-0.50,0.0,in_domain_conditional,T51-DGC-0.50=0.0766;T51-DGC-0.33=0.0766;T51-DGC-0.67=0.615;T51-CORNKERNEL-0.50=0.0766,672,3,True,,,,,764,2,0.0764,0.0766,0.0811165224193221,0.0026595571059858823,3539,2,0.3539,0.3541,0.36204706777378437,0.004782396784040404
0,SDH0_MAIN9,SD-H0,MAIN9,"main reference nine (linear energy row, Table 5-1 verdicts in every state)","SDH0_MAIN9:DIAG-frontier:M2[N=512,alpha_train=m*/N=88/512]",M2_joint_chance_saa,diagnostic_frontier,,,,no_feasible_solution_found,,300.0,300.4591609239578,,solver status no_feasible_solution_found; not a statement about the whole decision space,False,,,,,,,,,,,,,,,,,,,,,,,,,,,,,,,,,,,,,,,,,,,,,,,,,,,,,,,,,,,
0,SDH0_MAIN9,SD-H0,MAIN9,"main reference nine (linear energy row, Table 5-1 verdicts in every state)","SDH0_MAIN9:DIAG-frontier:M2[N=1024,alpha_train=m*/N=184/1024]",M2_joint_chance_saa,diagnostic_frontier,,,,no_feasible_solution_found,,300.0,301.12923518009484,,solver status no_feasible_solution_found; not a statement about the whole decision space,False,,,,,,,,,,,,,,,,,,,,,,,,,,,,,,,,,,,,,,,,,,,,,,,,,,,,,,,,,,,
0,SDS2_MAIN9,SD-S2,MAIN9,"main reference nine (linear energy row, Table 5-1 verdicts in every state)",SDS2_MAIN9:M0,M0_nominal,method,,,,optimal,,300.0,0.018725032918155193,,,True,SD-H0,False,10000,,,8755,0,0.8755,0.8755,0.8808991863824648,0.003301511017700835,0.0,0,0.9065,0.9112507208564402,0.8755,0.8755,0.8808991863824648,0.8841,0.8893320976614127,0.9135,0.9180842208545215,0.8841,0.9135,0.5363,0.5445439808679507,0.5363,0.743,0.7501847308463173,0.9065,0.5054,0.3538,0.3538,39,1555,0,T51-DGC-0.50,0.0,in_domain_conditional,T51-DGC-0.50=0.8755;T51-DGC-0.33=0.8755;T51-DGC-0.67=0.8755;T51-CORNKERNEL-0.50=0.8755,953,0,True,,,alpha=0.01:False;alpha=0.05:False;alpha=0.1:False,alpha=0.01:False;alpha=0.05:False;alpha=0.1:False,8755,0,0.8755,0.8755,0.8808991863824648,0.003301511017700835,8841,0,0.8841,0.8841,0.8893320976614127,0.003201049671592117
0,SDS2_MAIN9,SD-S2,MAIN9,"main reference nine (linear energy row, Table 5-1 verdicts in every state)",SDS2_MAIN9:M0,M0_nominal,method,,,,optimal,,300.0,0.018725032918155193,,,True,SD-S2,True,10000,0.8729,0.8783480014825316,8032,0,0.8032,0.8032,0.8097237760937208,0.00397579878766519,0.0,0,0.8729,0.8783480014825316,0.8032,0.8032,0.8097237760937208,0.8032,0.8097237760937208,0.8729,0.8783480014825316,0.8032,0.8729,0.5009,0.5091732884868139,0.5009,0.6196,0.627609036929168,0.8729,0.5034,0.2168,0.2168,1,2867,0,T51-DGC-0.50,0.0,in_domain_conditional,T51-DGC-0.50=0.8032;T51-DGC-0.33=0.8032;T51-DGC-0.67=0.8032;T51-CORNKERNEL-0.50=0.8032,0,0,True,,,alpha=0.01:False;alpha=0.05:False;alpha=0.1:False,alpha=0.01:False;alpha=0.05:False;alpha=0.1:False,8032,0,0.8032,0.8032,0.8097237760937208,0.00397579878766519,8032,0,0.8032,0.8032,0.8097237760937208,0.00397579878766519
0,SDS2_MAIN9,SD-S2,MAIN9,"main reference nine (linear energy row, Table 5-1 verdicts in every state)",SDS2_MAIN9:M0,M0_nominal,method,,,,optimal,,300.0,0.018725032918155193,,,True,SD-SRC14,False,10000,,,8755,0,0.8755,0.8755,0.8808991863824648,0.003301511017700835,0.0,0,0.9065,0.9112507208564402,0.8755,0.8755,0.8808991863824648,0.8841,0.8893320976614127,0.9135,0.9180842208545215,0.8841,0.9135,0.5363,0.5445439808679507,0.5363,0.743,0.7501847308463173,0.9065,0.5053,0.3538,0.3538,39,1554,0,T51-DGC-0.50,0.0,in_domain_conditional,T51-DGC-0.50=0.8755;T51-DGC-0.33=0.8755;T51-DGC-0.67=0.8755;T51-CORNKERNEL-0.50=0.8755,295,0,True,,,alpha=0.01:False;alpha=0.05:False;alpha=0.1:False,alpha=0.01:False;alpha=0.05:False;alpha=0.1:False,8755,0,0.8755,0.8755,0.8808991863824648,0.003301511017700835,8841,0,0.8841,0.8841,0.8893320976614127,0.003201049671592117
0,SDS2_MAIN9,SD-S2,MAIN9,"main reference nine (linear energy row, Table 5-1 verdicts in every state)",SDS2_MAIN9:M0,M0_nominal,method,,,,optimal,,300.0,0.018725032918155193,,,True,SD-12MO,False,10000,,,8032,0,0.8032,0.8032,0.8097237760937208,0.00397579878766519,0.0,0,0.8728,0.8782498638345831,0.8032,0.8032,0.8097237760937208,0.8032,0.8097237760937208,0.8728,0.8782498638345831,0.8032,0.8728,0.5009,0.5091732884868139,0.5009,0.6196,0.627609036929168,0.8728,0.5033,0.2169,0.2169,1,2865,0,T51-DGC-0.50,0.0,in_domain_conditional,T51-DGC-0.50=0.8032;T51-DGC-0.33=0.8032;T51-DGC-0.67=0.8032;T51-CORNKERNEL-0.50=0.8032,6,0,True,,,alpha=0.01:False;alpha=0.05:False;alpha=0.1:False,alpha=0.01:False;alpha=0.05:False;alpha=0.1:False,8032,0,0.8032,0.8032,0.8097237760937208,0.00397579878766519,8032,0,0.8032,0.8032,0.8097237760937208,0.00397579878766519
0,SDS2_MAIN9,SD-S2,MAIN9,"main reference nine (linear energy row, Table 5-1 verdicts in every state)",SDS2_MAIN9:M0,M0_nominal,method,,,,optimal,,300.0,0.018725032918155193,,,True,SD-SRC12,False,10000,,,8755,0,0.8755,0.8755,0.8808991863824648,0.003301511017700835,0.0,0,0.9065,0.9112507208564402,0.8755,0.8755,0.8808991863824648,0.8841,0.8893320976614127,0.9135,0.9180842208545215,0.8841,0.9135,0.5363,0.5445439808679507,0.5363,0.743,0.7501847308463173,0.9065,0.5053,0.3538,0.3538,39,1554,0,T51-DGC-0.50,0.0,in_domain_conditional,T51-DGC-0.50=0.8755;T51-DGC-0.33=0.8755;T51-DGC-0.67=0.8755;T51-CORNKERNEL-0.50=0.8755,663,0,True,,,alpha=0.01:False;alpha=0.05:False;alpha=0.1:False,alpha=0.01:False;alpha=0.05:False;alpha=0.1:False,8755,0,0.8755,0.8755,0.8808991863824648,0.003301511017700835,8841,0,0.8841,0.8841,0.8893320976614127,0.003201049671592117
0,SDS2_MAIN9,SD-S2,MAIN9,"main reference nine (linear energy row, Table 5-1 verdicts in every state)","SDS2_MAIN9:M1[relative,apply_to_dm=True]@alpha=0.05",M1_safety_margin,method,0.05,not_met,,,,300.0,,optimal;proven_infeasible,"no value of the declared grid met the validation screen (candidate statuses: optimal, proven_infeasible); a grid without a solution is not a statement about the whole decision space",False,,,,,,,,,,,,,,,,,,,,,,,,,,,,,,,,,,,,,,,,,,,,,,,,,,,,,,,,,,,
0,SDS2_MAIN9,SD-S2,MAIN9,"main reference nine (linear energy row, Table 5-1 verdicts in every state)","SDS2_MAIN9:M1[relative,apply_to_dm=False]@alpha=0.05",M1_safety_margin,method,0.05,selected,k=0.075,optimal,,300.0,0.006474358960986137,optimal;proven_infeasible,,True,SD-H0,False,10000,,,3220,3857,0.322,0.7077,0.7151857357138498,0.004548194257065105,0.4806,3856,0.7256,0.7329403114140762,0.4974,0.4975,0.5057739311146607,0.7683,0.7752315807555614,0.5801,0.5882500477853642,0.5732,0.7749,0.3307,0.3385242600858349,0.5871,0.382,0.3900666447864986,0.5164,0.1164,0.086,0.0863,6,309,3,T51-DGC-0.50,0.0,in_domain_conditional,T51-DGC-0.50=0.7077;T51-DGC-0.33=0.4975;T51-DGC-0.67=0.9959;T51-CORNKERNEL-0.50=0.4975,962,3,True,False,False,sensitivity_line_not_an_entry,,4974,1,0.4974,0.4975,0.5057739311146607,0.00499993749960937,5731,1,0.5731,0.5732,0.5813691377428402,0.004946127374016969
0,SDS2_MAIN9,SD-S2,MAIN9,"main reference nine (linear energy row, Table 5-1 verdicts in every state)","SDS2_MAIN9:M1[relative,apply_to_dm=False]@alpha=0.05",M1_safety_margin,method,0.05,selected,k=0.075,optimal,,300.0,0.006474358960986137,optimal;proven_infeasible,,True,SD-S2,True,10000,0.0114,0.013306099034683638,111,4915,0.0111,0.5026,0.5108728245911147,0.004999932399543018,0.4963,4915,0.5026,0.5108728245911147,0.0114,0.0114,0.013306099034683638,0.5132,0.5214677874265183,0.024,0.026672714897028032,0.024,0.5132,0.0003,0.0007751813790100997,0.4963,0.0237,0.02635740804475434,0.0114,0.0,0.0,0.0,0,0,0,T51-DGC-0.50,0.0,in_domain_conditional,T51-DGC-0.50=0.5026;T51-DGC-0.33=0.0114;T51-DGC-0.67=1;T51-CORNKERNEL-0.50=0.0114,0,0,True,True,True,sensitivity_line_not_an_entry,,114,0,0.0114,0.0114,0.013306099034683638,0.001061604446109755,240,0,0.024,0.024,0.026672714897028032,0.0015304901175767194
0,SDS2_MAIN9,SD-S2,MAIN9,"main reference nine (linear energy row, Table 5-1 verdicts in every state)","SDS2_MAIN9:M1[relative,apply_to_dm=False]@alpha=0.05",M1_safety_margin,method,0.05,selected,k=0.075,optimal,,300.0,0.006474358960986137,optimal;proven_infeasible,,True,SD-SRC14,False,10000,,,2047,4030,0.2047,0.6077,0.6157572823425315,0.004882629516971363,0.5002,4027,0.6077,0.6157572823425315,0.207,0.2073,0.21408047087505389,0.6639,0.6716838654571329,0.3077,0.31538247224948146,0.308,0.6639,0.0064,0.00787465657842059,0.5035,0.303,0.3106508190159356,0.207,0.0,0.0,0.0003,0,0,3,T51-DGC-0.50,0.0,in_domain_conditional,T51-DGC-0.50=0.6077;T51-DGC-0.33=0.2073;T51-DGC-0.67=1;T51-CORNKERNEL-0.50=0.2073,304,3,True,False,False,sensitivity_line_not_an_entry,,2070,3,0.207,0.2073,0.21408047087505389,0.004053723103518542,3077,3,0.3077,0.308,0.31568446118533355,0.004616665463297075
0,SDS2_MAIN9,SD-S2,MAIN9,"main reference nine (linear energy row, Table 5-1 verdicts in every state)","SDS2_MAIN9:M1[relative,apply_to_dm=False]@alpha=0.05",M1_safety_margin,method,0.05,selected,k=0.075,optimal,,300.0,0.006474358960986137,optimal;proven_infeasible,,True,SD-12MO,False,10000,,,189,4864,0.0189,0.5053,0.513571892434121,0.004999719092109076,0.4915,4864,0.5088,0.5170703271486099,0.0698,0.0698,0.07413477979944065,0.5427,0.5509342617368147,0.1125,0.1178311414357997,0.1111,0.5441,0.0558,0.059722396653322435,0.4958,0.0587,0.0627126098543786,0.0733,0.0063,0.0024,0.0024,0,39,0,T51-DGC-0.50,0.0,in_domain_conditional,T51-DGC-0.50=0.5053;T51-DGC-0.33=0.0698;T51-DGC-0.67=1;T51-CORNKERNEL-0.50=0.0698,6,0,True,False,False,sensitivity_line_not_an_entry,,698,0,0.0698,0.0698,0.07413477979944065,0.0025480965444817827,1111,0,0.1111,0.1111,0.11640308903244188,0.003142559307316252
0,SDS2_MAIN9,SD-S2,MAIN9,"main reference nine (linear energy row, Table 5-1 verdicts in every state)","SDS2_MAIN9:M1[relative,apply_to_dm=False]@alpha=0.05",M1_safety_margin,method,0.05,selected,k=0.075,optimal,,300.0,0.006474358960986137,optimal;proven_infeasible,,True,SD-SRC12,False,10000,,,2162,3949,0.2162,0.6111,0.6191440120029359,0.004875005538458392,0.4912,3947,0.6147,0.6227295138556005,0.3843,0.3845,0.3925759789867556,0.6797,0.6873853758072263,0.4802,0.48847130923219373,0.4784,0.6815,0.2248,0.23177530517833003,0.5046,0.3222,0.32997435533971453,0.3884,0.0091,0.0043,0.0046,1,49,3,T51-DGC-0.50,0.0,in_domain_conditional,T51-DGC-0.50=0.6111;T51-DGC-0.33=0.3845;T51-DGC-0.67=0.9963;T51-CORNKERNEL-0.50=0.3845,672,3,True,False,False,sensitivity_line_not_an_entry,,3843,2,0.3843,0.3845,0.3925759789867556,0.004864768750927427,4782,2,0.4782,0.4784,0.48667047026058985,0.004995332221184093
0,SDS2_MAIN9,SD-S2,MAIN9,"main reference nine (linear energy row, Table 5-1 verdicts in every state)",SDS2_MAIN9:M2[N=128]@alpha=0.05,M2_joint_chance_saa,method,0.05,not_met,,,,300.0,,optimal,no value of the declared grid met the validation screen (candidate statuses: optimal); a grid without a solution is not a statement about the whole decision space,False,,,,,,,,,,,,,,,,,,,,,,,,,,,,,,,,,,,,,,,,,,,,,,,,,,,,,,,,,,,
0,SDS2_MAIN9,SD-S2,MAIN9,"main reference nine (linear energy row, Table 5-1 verdicts in every state)",SDS2_MAIN9:M2[N=512]@alpha=0.05,M2_joint_chance_saa,method,0.05,selected,alpha_train=0.0125,optimal,6.837649942628219e-05,300.0,33.06455464288592,feasible_time_limit;optimal,,True,SD-H0,False,10000,,,3287,2,0.3287,0.3289,0.33671393198165933,0.004698135694081217,0.0,0,0.4282,0.4364037358551858,0.3287,0.3289,0.33671393198165933,0.3447,0.35260026300906905,0.4385,0.44672430136074104,0.3447,0.4385,0.2026,0.20932499441868074,0.2026,0.1837,0.19018739869792003,0.4282,0.1841,0.0396,0.0399,0,1445,3,T51-DGC-0.50,0.0,in_domain_conditional,T51-DGC-0.50=0.3289;T51-DGC-0.33=0.3289;T51-DGC-0.67=0.3321;T51-CORNKERNEL-0.50=0.3289,962,3,True,False,False,alpha=0.05:False,alpha=0.05:False,3287,2,0.3287,0.3289,0.33671393198165933,0.004698135694081217,3445,2,0.3445,0.3447,0.35260026300906905,0.004752703546403878
0,SDS2_MAIN9,SD-S2,MAIN9,"main reference nine (linear energy row, Table 5-1 verdicts in every state)",SDS2_MAIN9:M2[N=512]@alpha=0.05,M2_joint_chance_saa,method,0.05,selected,alpha_train=0.0125,optimal,6.837649942628219e-05,300.0,33.06455464288592,feasible_time_limit;optimal,,True,SD-S2,True,10000,0.0246,0.02730302219139564,187,0,0.0187,0.0187,0.02108517212482378,0.0013546331606748745,0.0,0,0.0246,0.02730302219139564,0.0187,0.0187,0.02108517212482378,0.0187,0.02108517212482378,0.0246,0.02730302219139564,0.0187,0.0246,0.0167,0.01896550703653546,0.0167,0.0023,0.003256976390880396,0.0246,0.0061,0.0,0.0,0,61,0,T51-DGC-0.50,0.0,in_domain_conditional,T51-DGC-0.50=0.0187;T51-DGC-0.33=0.0187;T51-DGC-0.67=0.0187;T51-CORNKERNEL-0.50=0.0187,0,0,True,True,True,alpha=0.05:True,alpha=0.05:True,187,0,0.0187,0.0187,0.02108517212482378,0.0013546331606748745,187,0,0.0187,0.0187,0.02108517212482378,0.0013546331606748745
0,SDS2_MAIN9,SD-S2,MAIN9,"main reference nine (linear energy row, Table 5-1 verdicts in every state)",SDS2_MAIN9:M2[N=512]@alpha=0.05,M2_joint_chance_saa,method,0.05,selected,alpha_train=0.0125,optimal,6.837649942628219e-05,300.0,33.06455464288592,feasible_time_limit;optimal,,True,SD-SRC14,False,10000,,,2941,3,0.2941,0.2944,0.30199046898426546,0.00455772574866018,0.0,0,0.3615,0.369481574632525,0.2941,0.2944,0.30199046898426546,0.3093,0.3169930364993779,0.3742,0.38223607848431884,0.3093,0.3742,0.1832,0.18968078236137675,0.1832,0.1541,0.1601630765720884,0.3615,0.0976,0.0032,0.0035,0,944,3,T51-DGC-0.50,0.0,in_domain_conditional,T51-DGC-0.50=0.2944;T51-DGC-0.33=0.2944;T51-DGC-0.67=0.2944;T51-CORNKERNEL-0.50=0.2944,304,3,True,False,False,alpha=0.05:False,alpha=0.05:False,2941,3,0.2941,0.2944,0.30199046898426546,0.00455772574866018,3090,3,0.309,0.3093,0.3169930364993779,0.004622050518979644
0,SDS2_MAIN9,SD-S2,MAIN9,"main reference nine (linear energy row, Table 5-1 verdicts in every state)",SDS2_MAIN9:M2[N=512]@alpha=0.05,M2_joint_chance_saa,method,0.05,selected,alpha_train=0.0125,optimal,6.837649942628219e-05,300.0,33.06455464288592,feasible_time_limit;optimal,,True,SD-12MO,False,10000,,,203,0,0.0203,0.0203,0.02277610493334323,0.001410245014173069,0.0,0,0.0486,0.05228558451694625,0.0203,0.0203,0.02277610493334323,0.0203,0.02277610493334323,0.0486,0.05228558451694625,0.0203,0.0486,0.0182,0.020555915757837512,0.0182,0.0024,0.0033735941066086396,0.0486,0.0296,0.0001,0.0001,0,295,0,T51-DGC-0.50,0.0,in_domain_conditional,T51-DGC-0.50=0.0203;T51-DGC-0.33=0.0203;T51-DGC-0.67=0.0203;T51-CORNKERNEL-0.50=0.0203,6,0,True,True,True,alpha=0.05:True,alpha=0.05:True,203,0,0.0203,0.0203,0.02277610493334323,0.001410245014173069,203,0,0.0203,0.0203,0.02277610493334323,0.001410245014173069
0,SDS2_MAIN9,SD-S2,MAIN9,"main reference nine (linear energy row, Table 5-1 verdicts in every state)",SDS2_MAIN9:M2[N=512]@alpha=0.05,M2_joint_chance_saa,method,0.05,selected,alpha_train=0.0125,optimal,6.837649942628219e-05,300.0,33.06455464288592,feasible_time_limit;optimal,,True,SD-SRC12,False,10000,,,3018,2,0.3018,0.302,0.30964396398763816,0.004591252552408765,0.0,0,0.3795,0.3875570865846353,0.3018,0.302,0.30964396398763816,0.3172,0.3249436439184855,0.3912,0.3992998963418096,0.3172,0.3912,0.1898,0.1963667098377675,0.1898,0.1585,0.16463060249695896,0.3795,0.1184,0.008,0.0083,0,1104,3,T51-DGC-0.50,0.0,in_domain_conditional,T51-DGC-0.50=0.302;T51-DGC-0.33=0.302;T51-DGC-0.67=0.3021;T51-CORNKERNEL-0.50=0.302,672,3,True,False,False,alpha=0.05:False,alpha=0.05:False,3018,2,0.3018,0.302,0.30964396398763816,0.004591252552408765,3170,2,0.317,0.3172,0.3249436439184855,0.004653860333099823
0,SDS2_MAIN9,SD-S2,MAIN9,"main reference nine (linear energy row, Table 5-1 verdicts in every state)",SDS2_MAIN9:M2[N=1024]@alpha=0.05,M2_joint_chance_saa,method,0.05,selected,alpha_train=0.025,feasible_time_limit,0.012874475072992704,300.0,301.3694347990677,feasible_time_limit;optimal,,True,SD-H0,False,10000,,,3514,2,0.3514,0.3516,0.3595349463773388,0.00477469831507709,0.0,0,0.4453,0.4535359202900016,0.3514,0.3516,0.3595349463773388,0.4194,0.4275833145344796,0.4998,0.5080735380026147,0.4194,0.4998,0.2089,0.21569904377548488,0.2089,0.2544,0.261666109761675,0.4453,0.1766,0.0468,0.0471,1,1299,3,T51-DGC-0.50,0.0,in_domain_conditional,T51-DGC-0.50=0.3516;T51-DGC-0.33=0.3516;T51-DGC-0.67=0.3516;T51-CORNKERNEL-0.50=0.3516,962,3,True,False,False,alpha=0.05:False,alpha=0.05:False,3514,2,0.3514,0.3516,0.3595349463773388,0.00477469831507709,4192,2,0.4192,0.4194,0.4275833145344796,0.00493460879908428
0,SDS2_MAIN9,SD-S2,MAIN9,"main reference nine (linear energy row, Table 5-1 verdicts in every state)",SDS2_MAIN9:M2[N=1024]@alpha=0.05,M2_joint_chance_saa,method,0.05,selected,alpha_train=0.025,feasible_time_limit,0.012874475072992704,300.0,301.3694347990677,feasible_time_limit;optimal,,True,SD-S2,True,10000,0.0324,0.035465236127735195,152,0,0.0152,0.0152,0.017370720343188973,0.0012234770124526246,0.0,0,0.0324,0.035465236127735195,0.0152,0.0152,0.017370720343188973,0.0176,0.01992024184005122,0.0347,0.037862625679056225,0.0176,0.0347,0.0123,0.014272472339310154,0.0123,0.0053,0.006658299210477352,0.0324,0.0174,0.0001,0.0001,0,173,0,T51-DGC-0.50,0.0,in_domain_conditional,T51-DGC-0.50=0.0152;T51-DGC-0.33=0.0152;T51-DGC-0.67=0.0152;T51-CORNKERNEL-0.50=0.0152,0,0,True,True,True,alpha=0.05:True,alpha=0.05:True,152,0,0.0152,0.0152,0.017370720343188973,0.0012234770124526246,176,0,0.0176,0.0176,0.01992024184005122,0.0013149235719234788
0,SDS2_MAIN9,SD-S2,MAIN9,"main reference nine (linear energy row, Table 5-1 verdicts in every state)",SDS2_MAIN9:M2[N=1024]@alpha=0.05,M2_joint_chance_saa,method,0.05,selected,alpha_train=0.025,feasible_time_limit,0.012874475072992704,300.0,301.3694347990677,feasible_time_limit;optimal,,True,SD-SRC14,False,10000,,,3384,2,0.3384,0.3386,0.346468083349735,0.004732335998214835,0.0,0,0.432,0.44021174054770335,0.3384,0.3386,0.346468083349735,0.4089,0.4170554791472732,0.49,0.49827400411405975,0.4089,0.49,0.2055,0.212259387497137,0.2055,0.2432,0.25036149848228845,0.432,0.1599,0.0325,0.0328,0,1274,3,T51-DGC-0.50,0.0,in_domain_conditional,T51-DGC-0.50=0.3386;T51-DGC-0.33=0.3386;T51-DGC-0.67=0.3386;T51-CORNKERNEL-0.50=0.3386,304,3,True,False,False,alpha=0.05:False,alpha=0.05:False,3384,2,0.3384,0.3386,0.346468083349735,0.004732335998214835,4087,2,0.4087,0.4089,0.4170554791472732,0.00491630745580461
0,SDS2_MAIN9,SD-S2,MAIN9,"main reference nine (linear energy row, Table 5-1 verdicts in every state)",SDS2_MAIN9:M2[N=1024]@alpha=0.05,M2_joint_chance_saa,method,0.05,selected,alpha_train=0.025,feasible_time_limit,0.012874475072992704,300.0,301.3694347990677,feasible_time_limit;optimal,,True,SD-12MO,False,10000,,,151,0,0.0151,0.0151,0.017264230514886403,0.0012195076875526451,0.0,0,0.04,0.04337407493321397,0.0151,0.0151,0.017264230514886403,0.0176,0.01992024184005122,0.0424,0.04586459437143737,0.0176,0.0424,0.0122,0.014165224335183553,0.0122,0.0055,0.0068803009764198805,0.04,0.0254,0.0001,0.0001,0,253,0,T51-DGC-0.50,0.0,in_domain_conditional,T51-DGC-0.50=0.0151;T51-DGC-0.33=0.0151;T51-DGC-0.67=0.0151;T51-CORNKERNEL-0.50=0.0151,6,0,True,True,True,alpha=0.05:True,alpha=0.05:True,151,0,0.0151,0.0151,0.017264230514886403,0.0012195076875526451,176,0,0.0176,0.0176,0.01992024184005122,0.0013149235719234788
0,SDS2_MAIN9,SD-S2,MAIN9,"main reference nine (linear energy row, Table 5-1 verdicts in every state)",SDS2_MAIN9:M2[N=1024]@alpha=0.05,M2_joint_chance_saa,method,0.05,selected,alpha_train=0.025,feasible_time_limit,0.012874475072992704,300.0,301.3694347990677,feasible_time_limit;optimal,,True,SD-SRC12,False,10000,,,3408,2,0.3408,0.341,0.34888091538198096,0.00474045356479736,0.0,0,0.4356,0.4438188733842401,0.3408,0.341,0.34888091538198096,0.4116,0.4197629993765041,0.4923,0.5005741784689071,0.4116,0.4923,0.2069,0.21367580302334616,0.2069,0.2451,0.25227969678330653,0.4356,0.1628,0.0342,0.0345,1,1287,3,T51-DGC-0.50,0.0,in_domain_conditional,T51-DGC-0.50=0.341;T51-DGC-0.33=0.341;T51-DGC-0.67=0.341;T51-CORNKERNEL-0.50=0.341,672,3,True,False,False,alpha=0.05:False,alpha=0.05:False,3408,2,0.3408,0.341,0.34888091538198096,0.00474045356479736,4114,2,0.4114,0.4116,0.4197629993765041,0.004921233991591946
0,SDS2_MAIN9,SD-S2,MAIN9,"main reference nine (linear energy row, Table 5-1 verdicts in every state)",SDS2_MAIN9:M3a[factory box]@alpha=0.05,M3a_box_robust,method,0.05,selected,k_box=1.5,optimal,,300.0,0.006024735048413277,optimal;proven_infeasible,,True,SD-H0,False,10000,,,3803,1,0.3803,0.3804,0.3884605533953768,0.00485485159402427,0.0,0,0.4051,0.4132444676657457,0.3803,0.3804,0.3884605533953768,0.4177,0.4258790648433264,0.4374,0.4456222758203423,0.4177,0.4374,0.2567,0.26398681079806685,0.2567,0.2187,0.22560943338020376,0.4051,0.0771,0.0447,0.045,3,327,3,T51-DGC-0.50,0.0,in_domain_conditional,T51-DGC-0.50=0.3804;T51-DGC-0.33=0.3804;T51-DGC-0.67=0.4097;T51-CORNKERNEL-0.50=0.3804,962,3,True,False,False,alpha=0.05:False,alpha=0.05:False,3803,1,0.3803,0.3804,0.3884605533953768,0.00485485159402427,4176,1,0.4176,0.4177,0.4258790648433264,0.004931802003324951
0,SDS2_MAIN9,SD-S2,MAIN9,"main reference nine (linear energy row, Table 5-1 verdicts in every state)",SDS2_MAIN9:M3a[factory box]@alpha=0.05,M3a_box_robust,method,0.05,selected,k_box=1.5,optimal,,300.0,0.006024735048413277,optimal;proven_infeasible,,True,SD-S2,True,10000,0.0035,0.004637766347440774,35,0,0.0035,0.0035,0.004637766347440774,0.0005905717568594015,0.0,0,0.0035,0.004637766347440774,0.0035,0.0035,0.004637766347440774,0.0035,0.004637766347440774,0.0035,0.004637766347440774,0.0035,0.0035,0.0011,0.0018200952643435183,0.0011,0.0024,0.0033735941066086396,0.0035,0.0,0.0,0.0,0,0,0,T51-DGC-0.50,0.0,in_domain_conditional,T51-DGC-0.50=0.0035;T51-DGC-0.33=0.0035;T51-DGC-0.67=0.0035;T51-CORNKERNEL-0.50=0.0035,0,0,True,True,True,alpha=0.05:True,alpha=0.05:True,35,0,0.0035,0.0035,0.004637766347440774,0.0005905717568594015,35,0,0.0035,0.0035,0.004637766347440774,0.0005905717568594015
0,SDS2_MAIN9,SD-S2,MAIN9,"main reference nine (linear energy row, Table 5-1 verdicts in every state)",SDS2_MAIN9:M3a[factory box]@alpha=0.05,M3a_box_robust,method,0.05,selected,k_box=1.5,optimal,,300.0,0.006024735048413277,optimal;proven_infeasible,,True,SD-SRC14,False,10000,,,2390,2,0.239,0.2392,0.24632257021166237,0.0042659507732743475,0.0,0,0.2428,0.249957643366245,0.239,0.2392,0.24632257021166237,0.2806,0.28808688077276007,0.2838,0.2913116561852919,0.2806,0.2838,0.1213,0.1268017867541069,0.1213,0.1824,0.18887015928116774,0.2428,0.0047,0.0003,0.0006,0,44,3,T51-DGC-0.50,0.0,in_domain_conditional,T51-DGC-0.50=0.2392;T51-DGC-0.33=0.2392;T51-DGC-0.67=0.2392;T51-CORNKERNEL-0.50=0.2392,304,3,True,False,False,alpha=0.05:False,alpha=0.05:False,2390,2,0.239,0.2392,0.24632257021166237,0.0042659507732743475,2804,2,0.2804,0.2806,0.28808688077276007,0.004492923769662691
0,SDS2_MAIN9,SD-S2,MAIN9,"main reference nine (linear energy row, Table 5-1 verdicts in every state)",SDS2_MAIN9:M3a[factory box]@alpha=0.05,M3a_box_robust,method,0.05,selected,k_box=1.5,optimal,,300.0,0.006024735048413277,optimal;proven_infeasible,,True,SD-12MO,False,10000,,,168,0,0.0168,0.0168,0.019071664120561205,0.00128521437900453,0.0,0,0.018,0.02034409439164592,0.0168,0.0168,0.019071664120561205,0.0171,0.019390020592849333,0.0183,0.02066180070768112,0.0171,0.0183,0.014,0.016091306623453573,0.014,0.0031,0.004181495101715713,0.018,0.0014,0.0002,0.0002,0,12,0,T51-DGC-0.50,0.0,in_domain_conditional,T51-DGC-0.50=0.0168;T51-DGC-0.33=0.0168;T51-DGC-0.67=0.0179;T51-CORNKERNEL-0.50=0.0168,6,0,True,True,True,alpha=0.05:True,alpha=0.05:True,168,0,0.0168,0.0168,0.019071664120561205,0.00128521437900453,171,0,0.0171,0.0171,0.019390020592849333,0.0012964408972259399
0,SDS2_MAIN9,SD-S2,MAIN9,"main reference nine (linear energy row, Table 5-1 verdicts in every state)",SDS2_MAIN9:M3a[factory box]@alpha=0.05,M3a_box_robust,method,0.05,selected,k_box=1.5,optimal,,300.0,0.006024735048413277,optimal;proven_infeasible,,True,SD-SRC12,False,10000,,,3275,2,0.3275,0.3277,0.33550697525774503,0.0046937480758984075,0.0,0,0.3353,0.3431500742597569,0.3275,0.3277,0.33550697525774503,0.3673,0.3753072000134872,0.3735,0.38153322783301713,0.3673,0.3735,0.221,0.22793452112867793,0.221,0.1873,0.19383451739518012,0.3353,0.0143,0.0034,0.0037,1,110,3,T51-DGC-0.50,0.0,in_domain_conditional,T51-DGC-0.50=0.3277;T51-DGC-0.33=0.3277;T51-DGC-0.67=0.3408;T51-CORNKERNEL-0.50=0.3277,672,3,True,False,False,alpha=0.05:False,alpha=0.05:False,3275,2,0.3275,0.3277,0.33550697525774503,0.0046937480758984075,3671,2,0.3671,0.3673,0.3753072000134872,0.004820691962778788
0,SDS2_MAIN9,SD-S2,MAIN9,"main reference nine (linear energy row, Table 5-1 verdicts in every state)","SDS2_MAIN9:M3b[factory box k=1.5, Gamma selected]@alpha=0.05",M3b_budget_robust,method,0.05,selected,gamma=3,optimal,,300.0,0.008530015125870705,optimal,,True,SD-H0,False,10000,,,4778,2,0.4778,0.478,0.48627026931189843,0.004995157655169655,0.0,0,0.5001,0.5083734738997248,0.4778,0.478,0.48627026931189843,0.5127,0.5209681081257885,0.5306,0.5388514935257971,0.5127,0.5306,0.2996,0.30722733839977734,0.2996,0.3029,0.3105501354209999,0.5001,0.0692,0.0334,0.0337,0,358,3,T51-DGC-0.50,0.0,in_domain_conditional,T51-DGC-0.50=0.478;T51-DGC-0.33=0.478;T51-DGC-0.67=0.478;T51-CORNKERNEL-0.50=0.478,962,3,True,False,False,alpha=0.05:False,alpha=0.05:False,4778,2,0.4778,0.478,0.48627026931189843,0.004995157655169655,5125,2,0.5125,0.5127,0.5209681081257885,0.004998386839771407
0,SDS2_MAIN9,SD-S2,MAIN9,"main reference nine (linear energy row, Table 5-1 verdicts in every state)","SDS2_MAIN9:M3b[factory box k=1.5, Gamma selected]@alpha=0.05",M3b_budget_robust,method,0.05,selected,gamma=3,optimal,,300.0,0.008530015125870705,optimal,,True,SD-S2,True,10000,0.0235,0.026147145455158245,235,0,0.0235,0.0235,0.026147145455158245,0.001514851477868375,0.0,0,0.0235,0.026147145455158245,0.0235,0.0235,0.026147145455158245,0.0236,0.02625228259981584,0.0236,0.02625228259981584,0.0236,0.0236,0.0085,0.010171511564727544,0.0085,0.0155,0.017690056955550534,0.0235,0.0,0.0,0.0,0,0,0,T51-DGC-0.50,0.0,in_domain_conditional,T51-DGC-0.50=0.0235;T51-DGC-0.33=0.0235;T51-DGC-0.67=0.0235;T51-CORNKERNEL-0.50=0.0235,0,0,True,True,True,alpha=0.05:True,alpha=0.05:True,235,0,0.0235,0.0235,0.026147145455158245,0.001514851477868375,236,0,0.0236,0.0236,0.02625228259981584,0.0015179934123704228
0,SDS2_MAIN9,SD-S2,MAIN9,"main reference nine (linear energy row, Table 5-1 verdicts in every state)","SDS2_MAIN9:M3b[factory box k=1.5, Gamma selected]@alpha=0.05",M3b_budget_robust,method,0.05,selected,gamma=3,optimal,,300.0,0.008530015125870705,optimal,,True,SD-SRC14,False,10000,,,4102,2,0.4102,0.4104,0.4185596881409027,0.004919063325471628,0.0,0,0.4204,0.42858576815348953,0.4102,0.4104,0.4185596881409027,0.4486,0.4568410003435073,0.4576,0.46585300742411045,0.4486,0.4576,0.2291,0.23612047233697847,0.2291,0.2813,0.2887923398842424,0.4204,0.0192,0.0031,0.0034,0,161,3,T51-DGC-0.50,0.0,in_domain_conditional,T51-DGC-0.50=0.4104;T51-DGC-0.33=0.4104;T51-DGC-0.67=0.4104;T51-CORNKERNEL-0.50=0.4104,304,3,True,False,False,alpha=0.05:False,alpha=0.05:False,4102,2,0.4102,0.4104,0.4185596881409027,0.004919063325471628,4484,2,0.4484,0.4486,0.4568410003435073,0.004973510229204319
0,SDS2_MAIN9,SD-S2,MAIN9,"main reference nine (linear energy row, Table 5-1 verdicts in every state)","SDS2_MAIN9:M3b[factory box k=1.5, Gamma selected]@alpha=0.05",M3b_budget_robust,method,0.05,selected,gamma=3,optimal,,300.0,0.008530015125870705,optimal,,True,SD-12MO,False,10000,,,329,0,0.0329,0.0329,0.03598672673025674,0.0017837485809384685,0.0,0,0.0341,0.037237575017357714,0.0329,0.0329,0.03598672673025674,0.033,0.036091003061035604,0.0342,0.03734176710101112,0.033,0.0342,0.0175,0.019814234143090685,0.0175,0.0159,0.018115536828110585,0.0341,0.0012,0.0,0.0,0,12,0,T51-DGC-0.50,0.0,in_domain_conditional,T51-DGC-0.50=0.0329;T51-DGC-0.33=0.0329;T51-DGC-0.67=0.0329;T51-CORNKERNEL-0.50=0.0329,6,0,True,True,True,alpha=0.05:True,alpha=0.05:True,329,0,0.0329,0.0329,0.03598672673025674,0.0017837485809384685,330,0,0.033,0.033,0.036091003061035604,0.0017863650242881492
0,SDS2_MAIN9,SD-S2,MAIN9,"main reference nine (linear energy row, Table 5-1 verdicts in every state)","SDS2_MAIN9:M3b[factory box k=1.5, Gamma selected]@alpha=0.05",M3b_budget_robust,method,0.05,selected,gamma=3,optimal,,300.0,0.008530015125870705,optimal,,True,SD-SRC12,False,10000,,,4527,2,0.4527,0.4529,0.46114707386420756,0.004977766467001038,0.0,0,0.4663,0.47456205402218465,0.4527,0.4529,0.46114707386420756,0.489,0.49727387400848105,0.5009,0.5091732884868139,0.489,0.5009,0.2826,0.29010241948760696,0.2826,0.2858,0.2933269072610844,0.4663,0.0293,0.0071,0.0074,1,223,3,T51-DGC-0.50,0.0,in_domain_conditional,T51-DGC-0.50=0.4529;T51-DGC-0.33=0.4529;T51-DGC-0.67=0.4529;T51-CORNKERNEL-0.50=0.4529,672,3,True,False,False,alpha=0.05:False,alpha=0.05:False,4527,2,0.4527,0.4529,0.46114707386420756,0.004977766467001038,4888,2,0.4888,0.489,0.49727387400848105,0.004998789853554558
0,SDS2_MAIN9,SD-S2,MAIN9,"main reference nine (linear energy row, Table 5-1 verdicts in every state)","SDS2_MAIN9:M1[relative,apply_to_dm=True]@alpha=0.1",M1_safety_margin,method,0.1,not_met,,,,300.0,,optimal;proven_infeasible,"no value of the declared grid met the validation screen (candidate statuses: optimal, proven_infeasible); a grid without a solution is not a statement about the whole decision space",False,,,,,,,,,,,,,,,,,,,,,,,,,,,,,,,,,,,,,,,,,,,,,,,,,,,,,,,,,,,
0,SDS2_MAIN9,SD-S2,MAIN9,"main reference nine (linear energy row, Table 5-1 verdicts in every state)","SDS2_MAIN9:M1[relative,apply_to_dm=False]@alpha=0.1",M1_safety_margin,method,0.1,selected,k=0.075,optimal,,300.0,0.007102967239916325,optimal;proven_infeasible,,True,SD-H0,False,10000,,,3220,3857,0.322,0.7077,0.7151857357138498,0.004548194257065105,0.4806,3856,0.7256,0.7329403114140762,0.4974,0.4975,0.5057739311146607,0.7683,0.7752315807555614,0.5801,0.5882500477853642,0.5732,0.7749,0.3307,0.3385242600858349,0.5871,0.382,0.3900666447864986,0.5164,0.1164,0.086,0.0863,6,309,3,T51-DGC-0.50,0.0,in_domain_conditional,T51-DGC-0.50=0.7077;T51-DGC-0.33=0.4975;T51-DGC-0.67=0.9959;T51-CORNKERNEL-0.50=0.4975,962,3,True,False,False,sensitivity_line_not_an_entry,,4974,1,0.4974,0.4975,0.5057739311146607,0.00499993749960937,5731,1,0.5731,0.5732,0.5813691377428402,0.004946127374016969
0,SDS2_MAIN9,SD-S2,MAIN9,"main reference nine (linear energy row, Table 5-1 verdicts in every state)","SDS2_MAIN9:M1[relative,apply_to_dm=False]@alpha=0.1",M1_safety_margin,method,0.1,selected,k=0.075,optimal,,300.0,0.007102967239916325,optimal;proven_infeasible,,True,SD-S2,True,10000,0.0114,0.013306099034683638,111,4915,0.0111,0.5026,0.5108728245911147,0.004999932399543018,0.4963,4915,0.5026,0.5108728245911147,0.0114,0.0114,0.013306099034683638,0.5132,0.5214677874265183,0.024,0.026672714897028032,0.024,0.5132,0.0003,0.0007751813790100997,0.4963,0.0237,0.02635740804475434,0.0114,0.0,0.0,0.0,0,0,0,T51-DGC-0.50,0.0,in_domain_conditional,T51-DGC-0.50=0.5026;T51-DGC-0.33=0.0114;T51-DGC-0.67=1;T51-CORNKERNEL-0.50=0.0114,0,0,True,True,True,sensitivity_line_not_an_entry,,114,0,0.0114,0.0114,0.013306099034683638,0.001061604446109755,240,0,0.024,0.024,0.026672714897028032,0.0015304901175767194
0,SDS2_MAIN9,SD-S2,MAIN9,"main reference nine (linear energy row, Table 5-1 verdicts in every state)","SDS2_MAIN9:M1[relative,apply_to_dm=False]@alpha=0.1",M1_safety_margin,method,0.1,selected,k=0.075,optimal,,300.0,0.007102967239916325,optimal;proven_infeasible,,True,SD-SRC14,False,10000,,,2047,4030,0.2047,0.6077,0.6157572823425315,0.004882629516971363,0.5002,4027,0.6077,0.6157572823425315,0.207,0.2073,0.21408047087505389,0.6639,0.6716838654571329,0.3077,0.31538247224948146,0.308,0.6639,0.0064,0.00787465657842059,0.5035,0.303,0.3106508190159356,0.207,0.0,0.0,0.0003,0,0,3,T51-DGC-0.50,0.0,in_domain_conditional,T51-DGC-0.50=0.6077;T51-DGC-0.33=0.2073;T51-DGC-0.67=1;T51-CORNKERNEL-0.50=0.2073,304,3,True,False,False,sensitivity_line_not_an_entry,,2070,3,0.207,0.2073,0.21408047087505389,0.004053723103518542,3077,3,0.3077,0.308,0.31568446118533355,0.004616665463297075
0,SDS2_MAIN9,SD-S2,MAIN9,"main reference nine (linear energy row, Table 5-1 verdicts in every state)","SDS2_MAIN9:M1[relative,apply_to_dm=False]@alpha=0.1",M1_safety_margin,method,0.1,selected,k=0.075,optimal,,300.0,0.007102967239916325,optimal;proven_infeasible,,True,SD-12MO,False,10000,,,189,4864,0.0189,0.5053,0.513571892434121,0.004999719092109076,0.4915,4864,0.5088,0.5170703271486099,0.0698,0.0698,0.07413477979944065,0.5427,0.5509342617368147,0.1125,0.1178311414357997,0.1111,0.5441,0.0558,0.059722396653322435,0.4958,0.0587,0.0627126098543786,0.0733,0.0063,0.0024,0.0024,0,39,0,T51-DGC-0.50,0.0,in_domain_conditional,T51-DGC-0.50=0.5053;T51-DGC-0.33=0.0698;T51-DGC-0.67=1;T51-CORNKERNEL-0.50=0.0698,6,0,True,True,True,sensitivity_line_not_an_entry,,698,0,0.0698,0.0698,0.07413477979944065,0.0025480965444817827,1111,0,0.1111,0.1111,0.11640308903244188,0.003142559307316252
0,SDS2_MAIN9,SD-S2,MAIN9,"main reference nine (linear energy row, Table 5-1 verdicts in every state)","SDS2_MAIN9:M1[relative,apply_to_dm=False]@alpha=0.1",M1_safety_margin,method,0.1,selected,k=0.075,optimal,,300.0,0.007102967239916325,optimal;proven_infeasible,,True,SD-SRC12,False,10000,,,2162,3949,0.2162,0.6111,0.6191440120029359,0.004875005538458392,0.4912,3947,0.6147,0.6227295138556005,0.3843,0.3845,0.3925759789867556,0.6797,0.6873853758072263,0.4802,0.48847130923219373,0.4784,0.6815,0.2248,0.23177530517833003,0.5046,0.3222,0.32997435533971453,0.3884,0.0091,0.0043,0.0046,1,49,3,T51-DGC-0.50,0.0,in_domain_conditional,T51-DGC-0.50=0.6111;T51-DGC-0.33=0.3845;T51-DGC-0.67=0.9963;T51-CORNKERNEL-0.50=0.3845,672,3,True,False,False,sensitivity_line_not_an_entry,,3843,2,0.3843,0.3845,0.3925759789867556,0.004864768750927427,4782,2,0.4782,0.4784,0.48667047026058985,0.004995332221184093
0,SDS2_MAIN9,SD-S2,MAIN9,"main reference nine (linear energy row, Table 5-1 verdicts in every state)",SDS2_MAIN9:M2[N=128]@alpha=0.1,M2_joint_chance_saa,method,0.1,not_met,,,,300.0,,optimal,no value of the declared grid met the validation screen (candidate statuses: optimal); a grid without a solution is not a statement about the whole decision space,False,,,,,,,,,,,,,,,,,,,,,,,,,,,,,,,,,,,,,,,,,,,,,,,,,,,,,,,,,,,
0,SDS2_MAIN9,SD-S2,MAIN9,"main reference nine (linear energy row, Table 5-1 verdicts in every state)",SDS2_MAIN9:M2[N=512]@alpha=0.1,M2_joint_chance_saa,method,0.1,selected,alpha_train=0.075,feasible_time_limit,0.011124607766058421,300.0,300.47654848592356,feasible_time_limit;optimal,,True,SD-H0,False,10000,,,4642,2,0.4642,0.4644,0.4726602925808551,0.0049873102971441435,0.0,0,0.5421,0.5503352307011901,0.4642,0.4644,0.4726602925808551,0.5342,0.5424468738712056,0.6001,0.608185471710931,0.5342,0.6001,0.2713,0.2787122249511701,0.2713,0.3407,0.34857932355696963,0.5421,0.2161,0.0981,0.0984,14,1194,3,T51-DGC-0.50,0.0,in_domain_conditional,T51-DGC-0.50=0.4644;T51-DGC-0.33=0.4644;T51-DGC-0.67=0.4644;T51-CORNKERNEL-0.50=0.4644,962,3,True,False,False,alpha=0.1:False,alpha=0.1:False,4642,2,0.4642,0.4644,0.4726602925808551,0.0049873102971441435,5340,2,0.534,0.5342,0.5424468738712056,0.004988289887326116
0,SDS2_MAIN9,SD-S2,MAIN9,"main reference nine (linear energy row, Table 5-1 verdicts in every state)",SDS2_MAIN9:M2[N=512]@alpha=0.1,M2_joint_chance_saa,method,0.1,selected,alpha_train=0.075,feasible_time_limit,0.011124607766058421,300.0,300.47654848592356,feasible_time_limit;optimal,,True,SD-S2,True,10000,0.0859,0.09064893294294898,462,0,0.0462,0.0462,0.049802094421719074,0.002099179839842218,0.0,0,0.0859,0.09064893294294898,0.0462,0.0462,0.049802094421719074,0.0503,0.05404327470382241,0.0896,0.09443676412262017,0.0503,0.0896,0.0355,0.038695653141705755,0.0355,0.0156,0.01779645890318589,0.0859,0.0437,0.0029,0.0029,0,408,0,T51-DGC-0.50,0.0,in_domain_conditional,T51-DGC-0.50=0.0462;T51-DGC-0.33=0.0462;T51-DGC-0.67=0.0462;T51-CORNKERNEL-0.50=0.0462,0,0,True,True,True,alpha=0.1:True,alpha=0.1:True,462,0,0.0462,0.0462,0.049802094421719074,0.002099179839842218,503,0,0.0503,0.0503,0.05404327470382241,0.0021856328602947016
0,SDS2_MAIN9,SD-S2,MAIN9,"main reference nine (linear energy row, Table 5-1 verdicts in every state)",SDS2_MAIN9:M2[N=512]@alpha=0.1,M2_joint_chance_saa,method,0.1,selected,alpha_train=0.075,feasible_time_limit,0.011124607766058421,300.0,300.47654848592356,feasible_time_limit;optimal,,True,SD-SRC14,False,10000,,,4599,2,0.4599,0.4601,0.46835586422627234,0.0049840544740201225,0.0,0,0.5422,0.550435070038334,0.4599,0.4601,0.46835586422627234,0.5325,0.5407491088312724,0.6008,0.608882960082921,0.5325,0.6008,0.2699,0.2773006393184606,0.2699,0.3391,0.3469707750759506,0.5422,0.2161,0.0913,0.0916,14,1262,3,T51-DGC-0.50,0.0,in_domain_conditional,T51-DGC-0.50=0.4601;T51-DGC-0.33=0.4601;T51-DGC-0.67=0.4601;T51-CORNKERNEL-0.50=0.4601,304,3,True,False,False,alpha=0.1:False,alpha=0.1:False,4599,2,0.4599,0.4601,0.46835586422627234,0.0049840544740201225,5323,2,0.5323,0.5325,0.5407491088312724,0.004989426319728552
0,SDS2_MAIN9,SD-S2,MAIN9,"main reference nine (linear energy row, Table 5-1 verdicts in every state)",SDS2_MAIN9:M2[N=512]@alpha=0.1,M2_joint_chance_saa,method,0.1,selected,alpha_train=0.075,feasible_time_limit,0.011124607766058421,300.0,300.47654848592356,feasible_time_limit;optimal,,True,SD-12MO,False,10000,,,468,0,0.0468,0.0468,0.05042319926652947,0.0021121022702511355,0.0,0,0.0889,0.09372033671214927,0.0468,0.0468,0.05042319926652947,0.051,0.05476669620798059,0.0926,0.09750620001752108,0.051,0.0926,0.0355,0.038695653141705755,0.0355,0.0163,0.018540682867196207,0.0889,0.047,0.0034,0.0034,0,436,0,T51-DGC-0.50,0.0,in_domain_conditional,T51-DGC-0.50=0.0468;T51-DGC-0.33=0.0468;T51-DGC-0.67=0.0468;T51-CORNKERNEL-0.50=0.0468,6,0,True,True,True,alpha=0.1:True,alpha=0.1:True,468,0,0.0468,0.0468,0.05042319926652947,0.0021121022702511355,510,0,0.051,0.051,0.05476669620798059,0.0021999772726098788
0,SDS2_MAIN9,SD-S2,MAIN9,"main reference nine (linear energy row, Table 5-1 verdicts in every state)",SDS2_MAIN9:M2[N=512]@alpha=0.1,M2_joint_chance_saa,method,0.1,selected,alpha_train=0.075,feasible_time_limit,0.011124607766058421,300.0,300.47654848592356,feasible_time_limit;optimal,,True,SD-SRC12,False,10000,,,4606,2,0.4606,0.4608,0.4690566269287254,0.004984609914526913,0.0,0,0.5446,0.5528311143522078,0.4606,0.4608,0.4690566269287254,0.5319,0.5401498747978462,0.6027,0.6107760563015594,0.5319,0.6027,0.2715,0.2789138725492591,0.2715,0.3373,0.34516103945306503,0.5446,0.2166,0.0909,0.0912,11,1268,3,T51-DGC-0.50,0.0,in_domain_conditional,T51-DGC-0.50=0.4608;T51-DGC-0.33=0.4608;T51-DGC-0.67=0.4608;T51-CORNKERNEL-0.50=0.4608,672,3,True,False,False,alpha=0.1:False,alpha=0.1:False,4606,2,0.4606,0.4608,0.4690566269287254,0.004984609914526913,5317,2,0.5317,0.5319,0.5401498747978462,0.0049898135235697935
0,SDS2_MAIN9,SD-S2,MAIN9,"main reference nine (linear energy row, Table 5-1 verdicts in every state)",SDS2_MAIN9:M2[N=1024]@alpha=0.1,M2_joint_chance_saa,method,0.1,selected,alpha_train=0.075,feasible_time_limit,0.022427636698854628,300.0,301.55124072218314,feasible_time_limit,,True,SD-H0,False,10000,,,4883,2,0.4883,0.4885,0.4967737966131054,0.004998677325053099,0.0,0,0.5499,0.5581216992688292,0.4883,0.4885,0.4967737966131054,0.5451,0.5533302661253165,0.5983,0.6063918515276934,0.5451,0.5983,0.3037,0.31135559232796073,0.3037,0.3299,0.33771968563952903,0.5499,0.1892,0.0878,0.0881,15,1029,3,T51-DGC-0.50,0.0,in_domain_conditional,T51-DGC-0.50=0.4885;T51-DGC-0.33=0.4885;T51-DGC-0.67=0.4885;T51-CORNKERNEL-0.50=0.4885,962,3,True,False,False,alpha=0.1:False,alpha=0.1:False,4883,2,0.4883,0.4885,0.4967737966131054,0.004998677325053099,5449,2,0.5449,0.5451,0.5533302661253165,0.004979618358870487
0,SDS2_MAIN9,SD-S2,MAIN9,"main reference nine (linear energy row, Table 5-1 verdicts in every state)",SDS2_MAIN9:M2[N=1024]@alpha=0.1,M2_joint_chance_saa,method,0.1,selected,alpha_train=0.075,feasible_time_limit,0.022427636698854628,300.0,301.55124072218314,feasible_time_limit,,True,SD-S2,True,10000,0.0859,0.09064893294294898,627,0,0.0627,0.0627,0.06683271483330915,0.002424225855814594,0.0,0,0.0859,0.09064893294294898,0.0627,0.0627,0.06683271483330915,0.0645,0.06868523216440654,0.0877,0.09249197181225037,0.0645,0.0877,0.0496,0.05331966063582698,0.0496,0.0162,0.018434426987497563,0.0859,0.0257,0.0015,0.0015,0,242,0,T51-DGC-0.50,0.0,in_domain_conditional,T51-DGC-0.50=0.0627;T51-DGC-0.33=0.0627;T51-DGC-0.67=0.0627;T51-CORNKERNEL-0.50=0.0627,0,0,True,True,True,alpha=0.1:True,alpha=0.1:True,627,0,0.0627,0.0627,0.06683271483330915,0.002424225855814594,645,0,0.0645,0.0645,0.06868523216440654,0.0024564150707891367
0,SDS2_MAIN9,SD-S2,MAIN9,"main reference nine (linear energy row, Table 5-1 verdicts in every state)",SDS2_MAIN9:M2[N=1024]@alpha=0.1,M2_joint_chance_saa,method,0.1,selected,alpha_train=0.075,feasible_time_limit,0.022427636698854628,300.0,301.55124072218314,feasible_time_limit,,True,SD-SRC14,False,10000,,,4783,2,0.4783,0.4785,0.48677051967318036,0.0049953753612716634,0.0,0,0.5442,0.5524317869417843,0.4783,0.4785,0.48677051967318036,0.5366,0.5448435556497682,0.593,0.6011099809002056,0.5366,0.593,0.299,0.30662314358124704,0.299,0.3227,0.3304773708929471,0.5442,0.1821,0.0752,0.0755,10,1079,3,T51-DGC-0.50,0.0,in_domain_conditional,T51-DGC-0.50=0.4785;T51-DGC-0.33=0.4785;T51-DGC-0.67=0.4785;T51-CORNKERNEL-0.50=0.4785,304,3,True,False,False,alpha=0.1:False,alpha=0.1:False,4783,2,0.4783,0.4785,0.48677051967318036,0.0049953753612716634,5364,2,0.5364,0.5366,0.5448435556497682,0.004986586407553769
0,SDS2_MAIN9,SD-S2,MAIN9,"main reference nine (linear energy row, Table 5-1 verdicts in every state)",SDS2_MAIN9:M2[N=1024]@alpha=0.1,M2_joint_chance_saa,method,0.1,selected,alpha_train=0.075,feasible_time_limit,0.022427636698854628,300.0,301.55124072218314,feasible_time_limit,,True,SD-12MO,False,10000,,,641,0,0.0641,0.0641,0.06827364044366122,0.002449309902809361,0.0,0,0.0895,0.09433442265949073,0.0641,0.0641,0.06827364044366122,0.0662,0.07043400718104834,0.0916,0.09648322668276509,0.0662,0.0916,0.0497,0.05342304600886421,0.0497,0.0177,0.020026231565695912,0.0895,0.0293,0.0026,0.0026,0,267,0,T51-DGC-0.50,0.0,in_domain_conditional,T51-DGC-0.50=0.0641;T51-DGC-0.33=0.0641;T51-DGC-0.67=0.0641;T51-CORNKERNEL-0.50=0.0641,6,0,True,True,True,alpha=0.1:True,alpha=0.1:True,641,0,0.0641,0.0641,0.06827364044366122,0.002449309902809361,662,0,0.0662,0.0662,0.07043400718104834,0.0024863137372423457
0,SDS2_MAIN9,SD-S2,MAIN9,"main reference nine (linear energy row, Table 5-1 verdicts in every state)",SDS2_MAIN9:M2[N=1024]@alpha=0.1,M2_joint_chance_saa,method,0.1,selected,alpha_train=0.075,feasible_time_limit,0.022427636698854628,300.0,301.55124072218314,feasible_time_limit,,True,SD-SRC12,False,10000,,,4826,2,0.4826,0.4828,0.4910723325157145,0.004997040724268715,0.0,0,0.5463,0.5545281964135023,0.4826,0.4828,0.4910723325157145,0.5401,0.5483383741675463,0.5949,0.6030035940117084,0.5401,0.5949,0.302,0.30964396398763816,0.302,0.3248,0.33258992653056174,0.5463,0.1839,0.0796,0.0799,12,1055,3,T51-DGC-0.50,0.0,in_domain_conditional,T51-DGC-0.50=0.4828;T51-DGC-0.33=0.4828;T51-DGC-0.67=0.4828;T51-CORNKERNEL-0.50=0.4828,672,3,True,False,False,alpha=0.1:False,alpha=0.1:False,4826,2,0.4826,0.4828,0.4910723325157145,0.004997040724268715,5399,2,0.5399,0.5401,0.5483383741675463,0.00498389395954609
0,SDS2_MAIN9,SD-S2,MAIN9,"main reference nine (linear energy row, Table 5-1 verdicts in every state)",SDS2_MAIN9:M3a[factory box]@alpha=0.1,M3a_box_robust,method,0.1,selected,k_box=1.5,optimal,,300.0,0.011394260451197624,optimal;proven_infeasible,,True,SD-H0,False,10000,,,3803,1,0.3803,0.3804,0.3884605533953768,0.00485485159402427,0.0,0,0.4051,0.4132444676657457,0.3803,0.3804,0.3884605533953768,0.4177,0.4258790648433264,0.4374,0.4456222758203423,0.4177,0.4374,0.2567,0.26398681079806685,0.2567,0.2187,0.22560943338020376,0.4051,0.0771,0.0447,0.045,3,327,3,T51-DGC-0.50,0.0,in_domain_conditional,T51-DGC-0.50=0.3804;T51-DGC-0.33=0.3804;T51-DGC-0.67=0.4097;T51-CORNKERNEL-0.50=0.3804,962,3,True,False,False,alpha=0.1:False,alpha=0.1:False,3803,1,0.3803,0.3804,0.3884605533953768,0.00485485159402427,4176,1,0.4176,0.4177,0.4258790648433264,0.004931802003324951
0,SDS2_MAIN9,SD-S2,MAIN9,"main reference nine (linear energy row, Table 5-1 verdicts in every state)",SDS2_MAIN9:M3a[factory box]@alpha=0.1,M3a_box_robust,method,0.1,selected,k_box=1.5,optimal,,300.0,0.011394260451197624,optimal;proven_infeasible,,True,SD-S2,True,10000,0.0035,0.004637766347440774,35,0,0.0035,0.0035,0.004637766347440774,0.0005905717568594015,0.0,0,0.0035,0.004637766347440774,0.0035,0.0035,0.004637766347440774,0.0035,0.004637766347440774,0.0035,0.004637766347440774,0.0035,0.0035,0.0011,0.0018200952643435183,0.0011,0.0024,0.0033735941066086396,0.0035,0.0,0.0,0.0,0,0,0,T51-DGC-0.50,0.0,in_domain_conditional,T51-DGC-0.50=0.0035;T51-DGC-0.33=0.0035;T51-DGC-0.67=0.0035;T51-CORNKERNEL-0.50=0.0035,0,0,True,True,True,alpha=0.1:True,alpha=0.1:True,35,0,0.0035,0.0035,0.004637766347440774,0.0005905717568594015,35,0,0.0035,0.0035,0.004637766347440774,0.0005905717568594015
0,SDS2_MAIN9,SD-S2,MAIN9,"main reference nine (linear energy row, Table 5-1 verdicts in every state)",SDS2_MAIN9:M3a[factory box]@alpha=0.1,M3a_box_robust,method,0.1,selected,k_box=1.5,optimal,,300.0,0.011394260451197624,optimal;proven_infeasible,,True,SD-SRC14,False,10000,,,2390,2,0.239,0.2392,0.24632257021166237,0.0042659507732743475,0.0,0,0.2428,0.249957643366245,0.239,0.2392,0.24632257021166237,0.2806,0.28808688077276007,0.2838,0.2913116561852919,0.2806,0.2838,0.1213,0.1268017867541069,0.1213,0.1824,0.18887015928116774,0.2428,0.0047,0.0003,0.0006,0,44,3,T51-DGC-0.50,0.0,in_domain_conditional,T51-DGC-0.50=0.2392;T51-DGC-0.33=0.2392;T51-DGC-0.67=0.2392;T51-CORNKERNEL-0.50=0.2392,304,3,True,False,False,alpha=0.1:False,alpha=0.1:False,2390,2,0.239,0.2392,0.24632257021166237,0.0042659507732743475,2804,2,0.2804,0.2806,0.28808688077276007,0.004492923769662691
0,SDS2_MAIN9,SD-S2,MAIN9,"main reference nine (linear energy row, Table 5-1 verdicts in every state)",SDS2_MAIN9:M3a[factory box]@alpha=0.1,M3a_box_robust,method,0.1,selected,k_box=1.5,optimal,,300.0,0.011394260451197624,optimal;proven_infeasible,,True,SD-12MO,False,10000,,,168,0,0.0168,0.0168,0.019071664120561205,0.00128521437900453,0.0,0,0.018,0.02034409439164592,0.0168,0.0168,0.019071664120561205,0.0171,0.019390020592849333,0.0183,0.02066180070768112,0.0171,0.0183,0.014,0.016091306623453573,0.014,0.0031,0.004181495101715713,0.018,0.0014,0.0002,0.0002,0,12,0,T51-DGC-0.50,0.0,in_domain_conditional,T51-DGC-0.50=0.0168;T51-DGC-0.33=0.0168;T51-DGC-0.67=0.0179;T51-CORNKERNEL-0.50=0.0168,6,0,True,True,True,alpha=0.1:True,alpha=0.1:True,168,0,0.0168,0.0168,0.019071664120561205,0.00128521437900453,171,0,0.0171,0.0171,0.019390020592849333,0.0012964408972259399
0,SDS2_MAIN9,SD-S2,MAIN9,"main reference nine (linear energy row, Table 5-1 verdicts in every state)",SDS2_MAIN9:M3a[factory box]@alpha=0.1,M3a_box_robust,method,0.1,selected,k_box=1.5,optimal,,300.0,0.011394260451197624,optimal;proven_infeasible,,True,SD-SRC12,False,10000,,,3275,2,0.3275,0.3277,0.33550697525774503,0.0046937480758984075,0.0,0,0.3353,0.3431500742597569,0.3275,0.3277,0.33550697525774503,0.3673,0.3753072000134872,0.3735,0.38153322783301713,0.3673,0.3735,0.221,0.22793452112867793,0.221,0.1873,0.19383451739518012,0.3353,0.0143,0.0034,0.0037,1,110,3,T51-DGC-0.50,0.0,in_domain_conditional,T51-DGC-0.50=0.3277;T51-DGC-0.33=0.3277;T51-DGC-0.67=0.3408;T51-CORNKERNEL-0.50=0.3277,672,3,True,False,False,alpha=0.1:False,alpha=0.1:False,3275,2,0.3275,0.3277,0.33550697525774503,0.0046937480758984075,3671,2,0.3671,0.3673,0.3753072000134872,0.004820691962778788
0,SDS2_MAIN9,SD-S2,MAIN9,"main reference nine (linear energy row, Table 5-1 verdicts in every state)","SDS2_MAIN9:M3b[factory box k=1.5, Gamma selected]@alpha=0.1",M3b_budget_robust,method,0.1,selected,gamma=2,optimal,,300.0,0.005215120036154985,optimal,,True,SD-H0,False,10000,,,5010,2,0.501,0.5012,0.5094732135300039,0.004999985599979264,0.0,0,0.557,0.5652076162233063,0.501,0.5012,0.5094732135300039,0.5137,0.5219674584959317,0.5654,0.5735887701141271,0.5137,0.5654,0.2605,0.267820442003378,0.2605,0.3485,0.3564195879091145,0.557,0.1296,0.0228,0.0231,0,1068,3,T51-DGC-0.50,0.0,in_domain_conditional,T51-DGC-0.50=0.5012;T51-DGC-0.33=0.5012;T51-DGC-0.67=0.5012;T51-CORNKERNEL-0.50=0.5012,962,3,True,False,False,alpha=0.1:False,alpha=0.1:False,5010,2,0.501,0.5012,0.5094732135300039,0.004999985599979264,5135,2,0.5135,0.5137,0.5219674584959317,0.00499812274759234
0,SDS2_MAIN9,SD-S2,MAIN9,"main reference nine (linear energy row, Table 5-1 verdicts in every state)","SDS2_MAIN9:M3b[factory box k=1.5, Gamma selected]@alpha=0.1",M3b_budget_robust,method,0.1,selected,gamma=2,optimal,,300.0,0.005215120036154985,optimal,,True,SD-S2,True,10000,0.0709,0.07526491895851148,692,0,0.0692,0.0692,0.07351821411451369,0.0025379393215756757,0.0,0,0.0709,0.07526491895851148,0.0692,0.0692,0.07351821411451369,0.0692,0.07351821411451369,0.0709,0.07526491895851148,0.0692,0.0709,0.0206,0.023092725619457796,0.0206,0.0506,0.05435333584975271,0.0709,0.0018,0.0,0.0,0,18,0,T51-DGC-0.50,0.0,in_domain_conditional,T51-DGC-0.50=0.0692;T51-DGC-0.33=0.0692;T51-DGC-0.67=0.0692;T51-CORNKERNEL-0.50=0.0692,0,0,True,True,True,alpha=0.1:True,alpha=0.1:True,692,0,0.0692,0.0692,0.07351821411451369,0.0025379393215756757,692,0,0.0692,0.0692,0.07351821411451369,0.0025379393215756757
0,SDS2_MAIN9,SD-S2,MAIN9,"main reference nine (linear energy row, Table 5-1 verdicts in every state)","SDS2_MAIN9:M3b[factory box k=1.5, Gamma selected]@alpha=0.1",M3b_budget_robust,method,0.1,selected,gamma=2,optimal,,300.0,0.005215120036154985,optimal,,True,SD-SRC14,False,10000,,,4785,2,0.4785,0.4787,0.48697061750892223,0.004995461039784015,0.0,0,0.5126,0.5208681712779415,0.4785,0.4787,0.48697061750892223,0.4902,0.49847402618583064,0.5227,0.5309601293093136,0.4902,0.5227,0.2362,0.24329281886607124,0.2362,0.3349,0.34274786248984246,0.5126,0.0634,0.0021,0.0024,0,613,3,T51-DGC-0.50,0.0,in_domain_conditional,T51-DGC-0.50=0.4787;T51-DGC-0.33=0.4787;T51-DGC-0.67=0.4787;T51-CORNKERNEL-0.50=0.4787,304,3,True,False,False,alpha=0.1:False,alpha=0.1:False,4785,2,0.4785,0.4787,0.48697061750892223,0.004995461039784015,4900,2,0.49,0.4902,0.49847402618583064,0.004999039507745463
0,SDS2_MAIN9,SD-S2,MAIN9,"main reference nine (linear energy row, Table 5-1 verdicts in every state)","SDS2_MAIN9:M3b[factory box k=1.5, Gamma selected]@alpha=0.1",M3b_budget_robust,method,0.1,selected,gamma=2,optimal,,300.0,0.005215120036154985,optimal,,True,SD-12MO,False,10000,,,739,0,0.0739,0.0739,0.07834564113682227,0.002616080847374561,0.0,0,0.0813,0.08593615507140205,0.0739,0.0739,0.07834564113682227,0.0739,0.07834564113682227,0.0813,0.08593615507140205,0.0739,0.0813,0.0242,0.026882862265940968,0.0242,0.0524,0.05621297634654845,0.0813,0.0084,0.0,0.0,0,84,0,T51-DGC-0.50,0.0,in_domain_conditional,T51-DGC-0.50=0.0739;T51-DGC-0.33=0.0739;T51-DGC-0.67=0.0739;T51-CORNKERNEL-0.50=0.0739,6,0,True,True,True,alpha=0.1:True,alpha=0.1:True,739,0,0.0739,0.0739,0.07834564113682227,0.002616080847374561,739,0,0.0739,0.0739,0.07834564113682227,0.002616080847374561
0,SDS2_MAIN9,SD-S2,MAIN9,"main reference nine (linear energy row, Table 5-1 verdicts in every state)","SDS2_MAIN9:M3b[factory box k=1.5, Gamma selected]@alpha=0.1",M3b_budget_robust,method,0.1,selected,gamma=2,optimal,,300.0,0.005215120036154985,optimal,,True,SD-SRC12,False,10000,,,4860,2,0.486,0.4862,0.4944733345941265,0.004998095237187863,0.0,0,0.5241,0.532358749174123,0.486,0.4862,0.4944733345941265,0.4974,0.5056739442595415,0.5334,0.5416479375375078,0.4974,0.5334,0.2459,0.253087303365354,0.2459,0.3376,0.3454626707955994,0.5241,0.0767,0.005,0.0053,0,717,3,T51-DGC-0.50,0.0,in_domain_conditional,T51-DGC-0.50=0.4862;T51-DGC-0.33=0.4862;T51-DGC-0.67=0.4862;T51-CORNKERNEL-0.50=0.4862,672,3,True,False,False,alpha=0.1:False,alpha=0.1:False,4860,2,0.486,0.4862,0.4944733345941265,0.004998095237187863,4972,2,0.4972,0.4974,0.5056739442595415,0.004999932399543018
0,SDS2_MAIN9,SD-S2,MAIN9,"main reference nine (linear energy row, Table 5-1 verdicts in every state)","SDS2_MAIN9:M1[relative,apply_to_dm=True]@alpha=0.01",M1_safety_margin,method,0.01,not_met,,,,300.0,,optimal;proven_infeasible,"no value of the declared grid met the validation screen (candidate statuses: optimal, proven_infeasible); a grid without a solution is not a statement about the whole decision space",False,,,,,,,,,,,,,,,,,,,,,,,,,,,,,,,,,,,,,,,,,,,,,,,,,,,,,,,,,,,
0,SDS2_MAIN9,SD-S2,MAIN9,"main reference nine (linear energy row, Table 5-1 verdicts in every state)","SDS2_MAIN9:M1[relative,apply_to_dm=False]@alpha=0.01",M1_safety_margin,method,0.01,not_met,,,,300.0,,optimal;proven_infeasible,"no value of the declared grid met the validation screen (candidate statuses: optimal, proven_infeasible); a grid without a solution is not a statement about the whole decision space",False,,,,,,,,,,,,,,,,,,,,,,,,,,,,,,,,,,,,,,,,,,,,,,,,,,,,,,,,,,,
0,SDS2_MAIN9,SD-S2,MAIN9,"main reference nine (linear energy row, Table 5-1 verdicts in every state)",SDS2_MAIN9:M2[N=128]@alpha=0.01,M2_joint_chance_saa,method,0.01,not_met,,,,300.0,,optimal,no value of the declared grid met the validation screen (candidate statuses: optimal); a grid without a solution is not a statement about the whole decision space,False,,,,,,,,,,,,,,,,,,,,,,,,,,,,,,,,,,,,,,,,,,,,,,,,,,,,,,,,,,,
0,SDS2_MAIN9,SD-S2,MAIN9,"main reference nine (linear energy row, Table 5-1 verdicts in every state)",SDS2_MAIN9:M2[N=512]@alpha=0.01,M2_joint_chance_saa,method,0.01,not_met,,,,300.0,,optimal,no value of the declared grid met the validation screen (candidate statuses: optimal); a grid without a solution is not a statement about the whole decision space,False,,,,,,,,,,,,,,,,,,,,,,,,,,,,,,,,,,,,,,,,,,,,,,,,,,,,,,,,,,,
0,SDS2_MAIN9,SD-S2,MAIN9,"main reference nine (linear energy row, Table 5-1 verdicts in every state)",SDS2_MAIN9:M2[N=1024]@alpha=0.01,M2_joint_chance_saa,method,0.01,not_met,,,,300.0,,optimal,no value of the declared grid met the validation screen (candidate statuses: optimal); a grid without a solution is not a statement about the whole decision space,False,,,,,,,,,,,,,,,,,,,,,,,,,,,,,,,,,,,,,,,,,,,,,,,,,,,,,,,,,,,
0,SDS2_MAIN9,SD-S2,MAIN9,"main reference nine (linear energy row, Table 5-1 verdicts in every state)",SDS2_MAIN9:M3a[factory box]@alpha=0.01,M3a_box_robust,method,0.01,selected,k_box=1.5,optimal,,300.0,0.004629827104508877,optimal;proven_infeasible,,True,SD-H0,False,10000,,,3803,1,0.3803,0.3804,0.3884605533953768,0.00485485159402427,0.0,0,0.4051,0.4132444676657457,0.3803,0.3804,0.3884605533953768,0.4177,0.4258790648433264,0.4374,0.4456222758203423,0.4177,0.4374,0.2567,0.26398681079806685,0.2567,0.2187,0.22560943338020376,0.4051,0.0771,0.0447,0.045,3,327,3,T51-DGC-0.50,0.0,in_domain_conditional,T51-DGC-0.50=0.3804;T51-DGC-0.33=0.3804;T51-DGC-0.67=0.4097;T51-CORNKERNEL-0.50=0.3804,962,3,True,False,False,alpha=0.01:False,alpha=0.01:False,3803,1,0.3803,0.3804,0.3884605533953768,0.00485485159402427,4176,1,0.4176,0.4177,0.4258790648433264,0.004931802003324951
0,SDS2_MAIN9,SD-S2,MAIN9,"main reference nine (linear energy row, Table 5-1 verdicts in every state)",SDS2_MAIN9:M3a[factory box]@alpha=0.01,M3a_box_robust,method,0.01,selected,k_box=1.5,optimal,,300.0,0.004629827104508877,optimal;proven_infeasible,,True,SD-S2,True,10000,0.0035,0.004637766347440774,35,0,0.0035,0.0035,0.004637766347440774,0.0005905717568594015,0.0,0,0.0035,0.004637766347440774,0.0035,0.0035,0.004637766347440774,0.0035,0.004637766347440774,0.0035,0.004637766347440774,0.0035,0.0035,0.0011,0.0018200952643435183,0.0011,0.0024,0.0033735941066086396,0.0035,0.0,0.0,0.0,0,0,0,T51-DGC-0.50,0.0,in_domain_conditional,T51-DGC-0.50=0.0035;T51-DGC-0.33=0.0035;T51-DGC-0.67=0.0035;T51-CORNKERNEL-0.50=0.0035,0,0,True,True,True,alpha=0.01:True,alpha=0.01:True,35,0,0.0035,0.0035,0.004637766347440774,0.0005905717568594015,35,0,0.0035,0.0035,0.004637766347440774,0.0005905717568594015
0,SDS2_MAIN9,SD-S2,MAIN9,"main reference nine (linear energy row, Table 5-1 verdicts in every state)",SDS2_MAIN9:M3a[factory box]@alpha=0.01,M3a_box_robust,method,0.01,selected,k_box=1.5,optimal,,300.0,0.004629827104508877,optimal;proven_infeasible,,True,SD-SRC14,False,10000,,,2390,2,0.239,0.2392,0.24632257021166237,0.0042659507732743475,0.0,0,0.2428,0.249957643366245,0.239,0.2392,0.24632257021166237,0.2806,0.28808688077276007,0.2838,0.2913116561852919,0.2806,0.2838,0.1213,0.1268017867541069,0.1213,0.1824,0.18887015928116774,0.2428,0.0047,0.0003,0.0006,0,44,3,T51-DGC-0.50,0.0,in_domain_conditional,T51-DGC-0.50=0.2392;T51-DGC-0.33=0.2392;T51-DGC-0.67=0.2392;T51-CORNKERNEL-0.50=0.2392,304,3,True,False,False,alpha=0.01:False,alpha=0.01:False,2390,2,0.239,0.2392,0.24632257021166237,0.0042659507732743475,2804,2,0.2804,0.2806,0.28808688077276007,0.004492923769662691
0,SDS2_MAIN9,SD-S2,MAIN9,"main reference nine (linear energy row, Table 5-1 verdicts in every state)",SDS2_MAIN9:M3a[factory box]@alpha=0.01,M3a_box_robust,method,0.01,selected,k_box=1.5,optimal,,300.0,0.004629827104508877,optimal;proven_infeasible,,True,SD-12MO,False,10000,,,168,0,0.0168,0.0168,0.019071664120561205,0.00128521437900453,0.0,0,0.018,0.02034409439164592,0.0168,0.0168,0.019071664120561205,0.0171,0.019390020592849333,0.0183,0.02066180070768112,0.0171,0.0183,0.014,0.016091306623453573,0.014,0.0031,0.004181495101715713,0.018,0.0014,0.0002,0.0002,0,12,0,T51-DGC-0.50,0.0,in_domain_conditional,T51-DGC-0.50=0.0168;T51-DGC-0.33=0.0168;T51-DGC-0.67=0.0179;T51-CORNKERNEL-0.50=0.0168,6,0,True,False,False,alpha=0.01:False,alpha=0.01:False,168,0,0.0168,0.0168,0.019071664120561205,0.00128521437900453,171,0,0.0171,0.0171,0.019390020592849333,0.0012964408972259399
0,SDS2_MAIN9,SD-S2,MAIN9,"main reference nine (linear energy row, Table 5-1 verdicts in every state)",SDS2_MAIN9:M3a[factory box]@alpha=0.01,M3a_box_robust,method,0.01,selected,k_box=1.5,optimal,,300.0,0.004629827104508877,optimal;proven_infeasible,,True,SD-SRC12,False,10000,,,3275,2,0.3275,0.3277,0.33550697525774503,0.0046937480758984075,0.0,0,0.3353,0.3431500742597569,0.3275,0.3277,0.33550697525774503,0.3673,0.3753072000134872,0.3735,0.38153322783301713,0.3673,0.3735,0.221,0.22793452112867793,0.221,0.1873,0.19383451739518012,0.3353,0.0143,0.0034,0.0037,1,110,3,T51-DGC-0.50,0.0,in_domain_conditional,T51-DGC-0.50=0.3277;T51-DGC-0.33=0.3277;T51-DGC-0.67=0.3408;T51-CORNKERNEL-0.50=0.3277,672,3,True,False,False,alpha=0.01:False,alpha=0.01:False,3275,2,0.3275,0.3277,0.33550697525774503,0.0046937480758984075,3671,2,0.3671,0.3673,0.3753072000134872,0.004820691962778788
0,SDS2_MAIN9,SD-S2,MAIN9,"main reference nine (linear energy row, Table 5-1 verdicts in every state)","SDS2_MAIN9:M3b[factory box k=1.5, Gamma selected]@alpha=0.01",M3b_budget_robust,method,0.01,selected,gamma=5,optimal,,300.0,0.007733087986707687,optimal,,True,SD-H0,False,10000,,,3803,1,0.3803,0.3804,0.3884605533953768,0.00485485159402427,0.0,0,0.4051,0.4132444676657457,0.3803,0.3804,0.3884605533953768,0.4177,0.4258790648433264,0.4374,0.4456222758203423,0.4177,0.4374,0.2567,0.26398681079806685,0.2567,0.2187,0.22560943338020376,0.4051,0.0771,0.0447,0.045,3,327,3,T51-DGC-0.50,0.0,in_domain_conditional,T51-DGC-0.50=0.3804;T51-DGC-0.33=0.3804;T51-DGC-0.67=0.4097;T51-CORNKERNEL-0.50=0.3804,962,3,True,False,False,alpha=0.01:False,alpha=0.01:False,3803,1,0.3803,0.3804,0.3884605533953768,0.00485485159402427,4176,1,0.4176,0.4177,0.4258790648433264,0.004931802003324951
0,SDS2_MAIN9,SD-S2,MAIN9,"main reference nine (linear energy row, Table 5-1 verdicts in every state)","SDS2_MAIN9:M3b[factory box k=1.5, Gamma selected]@alpha=0.01",M3b_budget_robust,method,0.01,selected,gamma=5,optimal,,300.0,0.007733087986707687,optimal,,True,SD-S2,True,10000,0.0035,0.004637766347440774,35,0,0.0035,0.0035,0.004637766347440774,0.0005905717568594015,0.0,0,0.0035,0.004637766347440774,0.0035,0.0035,0.004637766347440774,0.0035,0.004637766347440774,0.0035,0.004637766347440774,0.0035,0.0035,0.0011,0.0018200952643435183,0.0011,0.0024,0.0033735941066086396,0.0035,0.0,0.0,0.0,0,0,0,T51-DGC-0.50,0.0,in_domain_conditional,T51-DGC-0.50=0.0035;T51-DGC-0.33=0.0035;T51-DGC-0.67=0.0035;T51-CORNKERNEL-0.50=0.0035,0,0,True,True,True,alpha=0.01:True,alpha=0.01:True,35,0,0.0035,0.0035,0.004637766347440774,0.0005905717568594015,35,0,0.0035,0.0035,0.004637766347440774,0.0005905717568594015
0,SDS2_MAIN9,SD-S2,MAIN9,"main reference nine (linear energy row, Table 5-1 verdicts in every state)","SDS2_MAIN9:M3b[factory box k=1.5, Gamma selected]@alpha=0.01",M3b_budget_robust,method,0.01,selected,gamma=5,optimal,,300.0,0.007733087986707687,optimal,,True,SD-SRC14,False,10000,,,2390,2,0.239,0.2392,0.24632257021166237,0.0042659507732743475,0.0,0,0.2428,0.249957643366245,0.239,0.2392,0.24632257021166237,0.2806,0.28808688077276007,0.2838,0.2913116561852919,0.2806,0.2838,0.1213,0.1268017867541069,0.1213,0.1824,0.18887015928116774,0.2428,0.0047,0.0003,0.0006,0,44,3,T51-DGC-0.50,0.0,in_domain_conditional,T51-DGC-0.50=0.2392;T51-DGC-0.33=0.2392;T51-DGC-0.67=0.2392;T51-CORNKERNEL-0.50=0.2392,304,3,True,False,False,alpha=0.01:False,alpha=0.01:False,2390,2,0.239,0.2392,0.24632257021166237,0.0042659507732743475,2804,2,0.2804,0.2806,0.28808688077276007,0.004492923769662691
0,SDS2_MAIN9,SD-S2,MAIN9,"main reference nine (linear energy row, Table 5-1 verdicts in every state)","SDS2_MAIN9:M3b[factory box k=1.5, Gamma selected]@alpha=0.01",M3b_budget_robust,method,0.01,selected,gamma=5,optimal,,300.0,0.007733087986707687,optimal,,True,SD-12MO,False,10000,,,168,0,0.0168,0.0168,0.019071664120561205,0.00128521437900453,0.0,0,0.018,0.02034409439164592,0.0168,0.0168,0.019071664120561205,0.0171,0.019390020592849333,0.0183,0.02066180070768112,0.0171,0.0183,0.014,0.016091306623453573,0.014,0.0031,0.004181495101715713,0.018,0.0014,0.0002,0.0002,0,12,0,T51-DGC-0.50,0.0,in_domain_conditional,T51-DGC-0.50=0.0168;T51-DGC-0.33=0.0168;T51-DGC-0.67=0.0179;T51-CORNKERNEL-0.50=0.0168,6,0,True,False,False,alpha=0.01:False,alpha=0.01:False,168,0,0.0168,0.0168,0.019071664120561205,0.00128521437900453,171,0,0.0171,0.0171,0.019390020592849333,0.0012964408972259399
0,SDS2_MAIN9,SD-S2,MAIN9,"main reference nine (linear energy row, Table 5-1 verdicts in every state)","SDS2_MAIN9:M3b[factory box k=1.5, Gamma selected]@alpha=0.01",M3b_budget_robust,method,0.01,selected,gamma=5,optimal,,300.0,0.007733087986707687,optimal,,True,SD-SRC12,False,10000,,,3275,2,0.3275,0.3277,0.33550697525774503,0.0046937480758984075,0.0,0,0.3353,0.3431500742597569,0.3275,0.3277,0.33550697525774503,0.3673,0.3753072000134872,0.3735,0.38153322783301713,0.3673,0.3735,0.221,0.22793452112867793,0.221,0.1873,0.19383451739518012,0.3353,0.0143,0.0034,0.0037,1,110,3,T51-DGC-0.50,0.0,in_domain_conditional,T51-DGC-0.50=0.3277;T51-DGC-0.33=0.3277;T51-DGC-0.67=0.3408;T51-CORNKERNEL-0.50=0.3277,672,3,True,False,False,alpha=0.01:False,alpha=0.01:False,3275,2,0.3275,0.3277,0.33550697525774503,0.0046937480758984075,3671,2,0.3671,0.3673,0.3753072000134872,0.004820691962778788
0,SDS2_MAIN9,SD-S2,MAIN9,"main reference nine (linear energy row, Table 5-1 verdicts in every state)","SDS2_MAIN9:DIAG-frontier:M2[N=128,alpha_train=m*/N=0/128]",M2_joint_chance_saa,diagnostic_frontier,,,,optimal,0.0,300.0,0.17624645587056875,,,True,SD-H0,False,10000,,,4870,2,0.487,0.4872,0.4954735568713939,0.0049983613314765465,0.0,0,0.5484,0.5566244589473293,0.487,0.4872,0.4954735568713939,0.5021,0.5103729708984269,0.5593,0.5675026918926214,0.5021,0.5593,0.2574,0.26469305922478414,0.2574,0.3324,0.3402338969536738,0.5484,0.1358,0.0246,0.0249,0,1112,3,T51-DGC-0.50,0.0,in_domain_conditional,T51-DGC-0.50=0.4872;T51-DGC-0.33=0.4872;T51-DGC-0.67=0.4872;T51-CORNKERNEL-0.50=0.4872,962,3,True,,,,,4870,2,0.487,0.4872,0.4954735568713939,0.0049983613314765465,5019,2,0.5019,0.5021,0.5103729708984269,0.004999955899805517
0,SDS2_MAIN9,SD-S2,MAIN9,"main reference nine (linear energy row, Table 5-1 verdicts in every state)","SDS2_MAIN9:DIAG-frontier:M2[N=128,alpha_train=m*/N=0/128]",M2_joint_chance_saa,diagnostic_frontier,,,,optimal,0.0,300.0,0.17624645587056875,,,True,SD-S2,True,10000,0.0699,0.07423753203283522,673,0,0.0673,0.0673,0.07156515438131109,0.0025054083499501632,0.0,0,0.0699,0.07423753203283522,0.0673,0.0673,0.07156515438131109,0.0673,0.07156515438131109,0.0699,0.07423753203283522,0.0673,0.0699,0.0252,0.02793293296074316,0.0252,0.0445,0.04804142032894766,0.0699,0.0028,0.0,0.0,0,28,0,T51-DGC-0.50,0.0,in_domain_conditional,T51-DGC-0.50=0.0673;T51-DGC-0.33=0.0673;T51-DGC-0.67=0.0673;T51-CORNKERNEL-0.50=0.0673,0,0,True,,,,,673,0,0.0673,0.0673,0.07156515438131109,0.0025054083499501632,673,0,0.0673,0.0673,0.07156515438131109,0.0025054083499501632
0,SDS2_MAIN9,SD-S2,MAIN9,"main reference nine (linear energy row, Table 5-1 verdicts in every state)","SDS2_MAIN9:DIAG-frontier:M2[N=128,alpha_train=m*/N=0/128]",M2_joint_chance_saa,diagnostic_frontier,,,,optimal,0.0,300.0,0.17624645587056875,,,True,SD-SRC14,False,10000,,,4674,2,0.4674,0.4676,0.47586319033328806,0.004989491356841898,0.0,0,0.5114,0.5196689034258684,0.4674,0.4676,0.47586319033328806,0.4827,0.49097229727803754,0.5246,0.532858240592188,0.4827,0.5246,0.2409,0.2480392173971931,0.2409,0.3199,0.3276603539054843,0.5114,0.0825,0.0038,0.0041,0,787,3,T51-DGC-0.50,0.0,in_domain_conditional,T51-DGC-0.50=0.4676;T51-DGC-0.33=0.4676;T51-DGC-0.67=0.4676;T51-CORNKERNEL-0.50=0.4676,304,3,True,,,,,4674,2,0.4674,0.4676,0.47586319033328806,0.004989491356841898,4825,2,0.4825,0.4827,0.49097229727803754,0.0049970062037183825
0,SDS2_MAIN9,SD-S2,MAIN9,"main reference nine (linear energy row, Table 5-1 verdicts in every state)","SDS2_MAIN9:DIAG-frontier:M2[N=128,alpha_train=m*/N=0/128]",M2_joint_chance_saa,diagnostic_frontier,,,,optimal,0.0,300.0,0.17624645587056875,,,True,SD-12MO,False,10000,,,683,0,0.0683,0.0683,0.07259319572404112,0.002522600047569967,0.0,0,0.0772,0.08173205495039937,0.0683,0.0683,0.07259319572404112,0.0683,0.07259319572404112,0.0772,0.08173205495039937,0.0683,0.0772,0.0259,0.028667345908179917,0.0259,0.0448,0.04835222371110368,0.0772,0.0102,0.0,0.0,0,102,0,T51-DGC-0.50,0.0,in_domain_conditional,T51-DGC-0.50=0.0683;T51-DGC-0.33=0.0683;T51-DGC-0.67=0.0683;T51-CORNKERNEL-0.50=0.0683,6,0,True,,,,,683,0,0.0683,0.0683,0.07259319572404112,0.002522600047569967,683,0,0.0683,0.0683,0.07259319572404112,0.002522600047569967
0,SDS2_MAIN9,SD-S2,MAIN9,"main reference nine (linear energy row, Table 5-1 verdicts in every state)","SDS2_MAIN9:DIAG-frontier:M2[N=128,alpha_train=m*/N=0/128]",M2_joint_chance_saa,diagnostic_frontier,,,,optimal,0.0,300.0,0.17624645587056875,,,True,SD-SRC12,False,10000,,,4741,2,0.4741,0.4743,0.4825681602627899,0.0049933907317573295,0.0,0,0.521,0.5292617182534284,0.4741,0.4743,0.4825681602627899,0.4891,0.4973738885001109,0.5336,0.5418476736079576,0.4891,0.5336,0.2481,0.2553080519252339,0.2481,0.3219,0.32967254117508443,0.521,0.092,0.0072,0.0075,0,848,3,T51-DGC-0.50,0.0,in_domain_conditional,T51-DGC-0.50=0.4743;T51-DGC-0.33=0.4743;T51-DGC-0.67=0.4743;T51-CORNKERNEL-0.50=0.4743,672,3,True,,,,,4741,2,0.4741,0.4743,0.4825681602627899,0.0049933907317573295,4889,2,0.4889,0.4891,0.4973738885001109,0.004998811758808287
0,SDS2_MAIN9,SD-S2,MAIN9,"main reference nine (linear energy row, Table 5-1 verdicts in every state)","SDS2_MAIN9:DIAG-frontier:M2[N=512,alpha_train=m*/N=0/512]",M2_joint_chance_saa,diagnostic_frontier,,,,optimal,0.0,300.0,0.5854468401521444,,,True,SD-H0,False,10000,,,3445,1,0.3445,0.3446,0.3524997470109447,0.004752376668573315,0.0,0,0.4249,0.43309638693665187,0.3445,0.3446,0.3524997470109447,0.359,0.36697014534537276,0.4338,0.4420153616789507,0.359,0.4338,0.2077,0.21448512885513557,0.2077,0.2012,0.20790820087240264,0.4249,0.1467,0.0257,0.026,0,1210,3,T51-DGC-0.50,0.0,in_domain_conditional,T51-DGC-0.50=0.3446;T51-DGC-0.33=0.3446;T51-DGC-0.67=0.4327;T51-CORNKERNEL-0.50=0.3446,962,3,True,,,,,3445,1,0.3445,0.3446,0.3524997470109447,0.004752376668573315,3589,1,0.3589,0.359,0.36697014534537276,0.004797072023641088
0,SDS2_MAIN9,SD-S2,MAIN9,"main reference nine (linear energy row, Table 5-1 verdicts in every state)","SDS2_MAIN9:DIAG-frontier:M2[N=512,alpha_train=m*/N=0/512]",M2_joint_chance_saa,diagnostic_frontier,,,,optimal,0.0,300.0,0.5854468401521444,,,True,SD-S2,True,10000,0.0105,0.012336963909157018,98,0,0.0098,0.0098,0.011581057142394609,0.0009850867982061275,0.0,0,0.0105,0.012336963909157018,0.0098,0.0098,0.011581057142394609,0.0098,0.011581057142394609,0.0105,0.012336963909157018,0.0098,0.0105,0.0054,0.006769351264275904,0.0054,0.0044,0.005653704951913849,0.0105,0.0007,0.0,0.0,0,7,0,T51-DGC-0.50,0.0,in_domain_conditional,T51-DGC-0.50=0.0098;T51-DGC-0.33=0.0098;T51-DGC-0.67=0.0098;T51-CORNKERNEL-0.50=0.0098,0,0,True,,,,,98,0,0.0098,0.0098,0.011581057142394609,0.0009850867982061275,98,0,0.0098,0.0098,0.011581057142394609,0.0009850867982061275
0,SDS2_MAIN9,SD-S2,MAIN9,"main reference nine (linear energy row, Table 5-1 verdicts in every state)","SDS2_MAIN9:DIAG-frontier:M2[N=512,alpha_train=m*/N=0/512]",M2_joint_chance_saa,diagnostic_frontier,,,,optimal,0.0,300.0,0.5854468401521444,,,True,SD-SRC14,False,10000,,,2838,2,0.2838,0.284,0.29151318934827736,0.004509368026675135,0.0,0,0.3089,0.31659040544604267,0.2838,0.284,0.29151318934827736,0.2974,0.3050118819321773,0.3219,0.32967254117508443,0.2974,0.3219,0.1497,0.15569385997263196,0.1497,0.1759,0.18228213274131402,0.3089,0.0338,0.0001,0.0004,0,337,3,T51-DGC-0.50,0.0,in_domain_conditional,T51-DGC-0.50=0.284;T51-DGC-0.33=0.284;T51-DGC-0.67=0.2843;T51-CORNKERNEL-0.50=0.284,304,3,True,,,,,2838,2,0.2838,0.284,0.29151318934827736,0.004509368026675135,2972,2,0.2972,0.2974,0.3050118819321773,0.004571140339127645
0,SDS2_MAIN9,SD-S2,MAIN9,"main reference nine (linear energy row, Table 5-1 verdicts in every state)","SDS2_MAIN9:DIAG-frontier:M2[N=512,alpha_train=m*/N=0/512]",M2_joint_chance_saa,diagnostic_frontier,,,,optimal,0.0,300.0,0.5854468401521444,,,True,SD-12MO,False,10000,,,150,0,0.015,0.015,0.017157718182010534,0.0012155245781143218,0.0,0,0.0297,0.032645887408772625,0.015,0.015,0.017157718182010534,0.015,0.017157718182010534,0.0297,0.032645887408772625,0.015,0.0297,0.0108,0.012660336331519601,0.0108,0.0042,0.0054290452673158756,0.0297,0.0151,0.0001,0.0001,0,150,0,T51-DGC-0.50,0.0,in_domain_conditional,T51-DGC-0.50=0.015;T51-DGC-0.33=0.015;T51-DGC-0.67=0.0225;T51-CORNKERNEL-0.50=0.015,6,0,True,,,,,150,0,0.015,0.015,0.017157718182010534,0.0012155245781143218,150,0,0.015,0.015,0.017157718182010534,0.0012155245781143218
0,SDS2_MAIN9,SD-S2,MAIN9,"main reference nine (linear energy row, Table 5-1 verdicts in every state)","SDS2_MAIN9:DIAG-frontier:M2[N=512,alpha_train=m*/N=0/512]",M2_joint_chance_saa,diagnostic_frontier,,,,optimal,0.0,300.0,0.5854468401521444,,,True,SD-SRC12,False,10000,,,3030,2,0.303,0.3032,0.3108521849353025,0.004596409033147507,0.0,0,0.3443,0.35219819671826413,0.303,0.3032,0.3108521849353025,0.3168,0.32454114312829757,0.3562,0.364157068170695,0.3168,0.3562,0.1709,0.17721228590396854,0.1709,0.1788,0.18522178684342366,0.3443,0.0594,0.0017,0.002,0,577,3,T51-DGC-0.50,0.0,in_domain_conditional,T51-DGC-0.50=0.3032;T51-DGC-0.33=0.3032;T51-DGC-0.67=0.3587;T51-CORNKERNEL-0.50=0.3032,672,3,True,,,,,3030,2,0.303,0.3032,0.3108521849353025,0.004596409033147507,3166,2,0.3166,0.3168,0.32454114312829757,0.0046522871794419576
0,SDS2_MAIN9,SD-S2,MAIN9,"main reference nine (linear energy row, Table 5-1 verdicts in every state)","SDS2_MAIN9:DIAG-frontier:M2[N=1024,alpha_train=m*/N=0/1024]",M2_joint_chance_saa,diagnostic_frontier,,,,optimal,0.0,300.0,1.4947766256518662,,,True,SD-H0,False,10000,,,3326,1,0.3326,0.3327,0.3405355857676813,0.004711801247930562,0.0,0,0.4149,0.4230718493558991,0.3326,0.3327,0.3405355857676813,0.3472,0.35511303871730604,0.4239,0.4320940868691799,0.3472,0.4239,0.2079,0.21468745414989496,0.2079,0.1854,0.19190976223130723,0.4149,0.1468,0.0257,0.026,0,1211,3,T51-DGC-0.50,0.0,in_domain_conditional,T51-DGC-0.50=0.3327;T51-DGC-0.33=0.3327;T51-DGC-0.67=0.4222;T51-CORNKERNEL-0.50=0.3327,962,3,True,,,,,3326,1,0.3326,0.3327,0.3405355857676813,0.004711801247930562,3471,1,0.3471,0.3472,0.35511303871730604,0.004760799932784406
0,SDS2_MAIN9,SD-S2,MAIN9,"main reference nine (linear energy row, Table 5-1 verdicts in every state)","SDS2_MAIN9:DIAG-frontier:M2[N=1024,alpha_train=m*/N=0/1024]",M2_joint_chance_saa,diagnostic_frontier,,,,optimal,0.0,300.0,1.4947766256518662,,,True,SD-S2,True,10000,0.0092,0.010931484621410723,85,0,0.0085,0.0085,0.010171511564727544,0.0009180277773575264,0.0,0,0.0092,0.010931484621410723,0.0085,0.0085,0.010171511564727544,0.0085,0.010171511564727544,0.0092,0.010931484621410723,0.0085,0.0092,0.0054,0.006769351264275904,0.0054,0.0031,0.004181495101715713,0.0092,0.0007,0.0,0.0,0,7,0,T51-DGC-0.50,0.0,in_domain_conditional,T51-DGC-0.50=0.0085;T51-DGC-0.33=0.0085;T51-DGC-0.67=0.0085;T51-CORNKERNEL-0.50=0.0085,0,0,True,,,,,85,0,0.0085,0.0085,0.010171511564727544,0.0009180277773575264,85,0,0.0085,0.0085,0.010171511564727544,0.0009180277773575264
0,SDS2_MAIN9,SD-S2,MAIN9,"main reference nine (linear energy row, Table 5-1 verdicts in every state)","SDS2_MAIN9:DIAG-frontier:M2[N=1024,alpha_train=m*/N=0/1024]",M2_joint_chance_saa,diagnostic_frontier,,,,optimal,0.0,300.0,1.4947766256518662,,,True,SD-SRC14,False,10000,,,2700,2,0.27,0.2702,0.27760312969213957,0.004440630135465011,0.0,0,0.2959,0.3035012240866593,0.27,0.2702,0.27760312969213957,0.2838,0.2913116561852919,0.3091,0.3167917218057596,0.2838,0.3091,0.1497,0.15569385997263196,0.1497,0.1598,0.165950238260191,0.2959,0.0338,0.0001,0.0004,0,337,3,T51-DGC-0.50,0.0,in_domain_conditional,T51-DGC-0.50=0.2702;T51-DGC-0.33=0.2702;T51-DGC-0.67=0.2705;T51-CORNKERNEL-0.50=0.2702,304,3,True,,,,,2700,2,0.27,0.2702,0.27760312969213957,0.004440630135465011,2836,2,0.2836,0.2838,0.2913116561852919,0.004508409475635504
0,SDS2_MAIN9,SD-S2,MAIN9,"main reference nine (linear energy row, Table 5-1 verdicts in every state)","SDS2_MAIN9:DIAG-frontier:M2[N=1024,alpha_train=m*/N=0/1024]",M2_joint_chance_saa,diagnostic_frontier,,,,optimal,0.0,300.0,1.4947766256518662,,,True,SD-12MO,False,10000,,,139,0,0.0139,0.0139,0.015984531309761362,0.0011707600095664354,0.0,0,0.0286,0.03149555622917034,0.0139,0.0139,0.015984531309761362,0.0139,0.015984531309761362,0.0286,0.03149555622917034,0.0139,0.0286,0.0108,0.012660336331519601,0.0108,0.0031,0.004181495101715713,0.0286,0.0151,0.0001,0.0001,0,150,0,T51-DGC-0.50,0.0,in_domain_conditional,T51-DGC-0.50=0.0139;T51-DGC-0.33=0.0139;T51-DGC-0.67=0.0214;T51-CORNKERNEL-0.50=0.0139,6,0,True,,,,,139,0,0.0139,0.0139,0.015984531309761362,0.0011707600095664354,139,0,0.0139,0.0139,0.015984531309761362,0.0011707600095664354
0,SDS2_MAIN9,SD-S2,MAIN9,"main reference nine (linear energy row, Table 5-1 verdicts in every state)","SDS2_MAIN9:DIAG-frontier:M2[N=1024,alpha_train=m*/N=0/1024]",M2_joint_chance_saa,diagnostic_frontier,,,,optimal,0.0,300.0,1.4947766256518662,,,True,SD-SRC12,False,10000,,,2898,2,0.2898,0.29,0.29755835549485227,0.0045376205218153704,0.0,0,0.3325,0.3403344602847979,0.2898,0.29,0.29755835549485227,0.3038,0.31145627253787755,0.3446,0.3524997470109447,0.3038,0.3446,0.1709,0.17721228590396854,0.1709,0.1626,0.16879205303002398,0.3325,0.0593,0.0017,0.002,0,576,3,T51-DGC-0.50,0.0,in_domain_conditional,T51-DGC-0.50=0.29;T51-DGC-0.33=0.29;T51-DGC-0.67=0.3462;T51-CORNKERNEL-0.50=0.29,672,3,True,,,,,2898,2,0.2898,0.29,0.29755835549485227,0.0045376205218153704,3036,2,0.3036,0.3038,0.31145627253787755,0.004598973363697597
0,SDSRC14_MAIN9,SD-SRC14,MAIN9,"main reference nine (linear energy row, Table 5-1 verdicts in every state)",SDSRC14_MAIN9:M0,M0_nominal,method,,,,optimal,,300.0,0.011047524865716696,,,True,SD-H0,False,10000,,,8755,0,0.8755,0.8755,0.8808991863824648,0.003301511017700835,0.0,0,0.9065,0.9112507208564402,0.8755,0.8755,0.8808991863824648,0.8841,0.8893320976614127,0.9135,0.9180842208545215,0.8841,0.9135,0.5363,0.5445439808679507,0.5363,0.743,0.7501847308463173,0.9065,0.5054,0.3538,0.3538,39,1555,0,T51-DGC-0.50,0.0,in_domain_conditional,T51-DGC-0.50=0.8755;T51-DGC-0.33=0.8755;T51-DGC-0.67=0.8755;T51-CORNKERNEL-0.50=0.8755,953,0,True,,,alpha=0.01:False;alpha=0.05:False;alpha=0.1:False,alpha=0.01:False;alpha=0.05:False;alpha=0.1:False,8755,0,0.8755,0.8755,0.8808991863824648,0.003301511017700835,8841,0,0.8841,0.8841,0.8893320976614127,0.003201049671592117
0,SDSRC14_MAIN9,SD-SRC14,MAIN9,"main reference nine (linear energy row, Table 5-1 verdicts in every state)",SDSRC14_MAIN9:M0,M0_nominal,method,,,,optimal,,300.0,0.011047524865716696,,,True,SD-S2,False,10000,,,8032,0,0.8032,0.8032,0.8097237760937208,0.00397579878766519,0.0,0,0.8729,0.8783480014825316,0.8032,0.8032,0.8097237760937208,0.8032,0.8097237760937208,0.8729,0.8783480014825316,0.8032,0.8729,0.5009,0.5091732884868139,0.5009,0.6196,0.627609036929168,0.8729,0.5034,0.2168,0.2168,1,2867,0,T51-DGC-0.50,0.0,in_domain_conditional,T51-DGC-0.50=0.8032;T51-DGC-0.33=0.8032;T51-DGC-0.67=0.8032;T51-CORNKERNEL-0.50=0.8032,0,0,True,,,alpha=0.01:False;alpha=0.05:False;alpha=0.1:False,alpha=0.01:False;alpha=0.05:False;alpha=0.1:False,8032,0,0.8032,0.8032,0.8097237760937208,0.00397579878766519,8032,0,0.8032,0.8032,0.8097237760937208,0.00397579878766519
0,SDSRC14_MAIN9,SD-SRC14,MAIN9,"main reference nine (linear energy row, Table 5-1 verdicts in every state)",SDSRC14_MAIN9:M0,M0_nominal,method,,,,optimal,,300.0,0.011047524865716696,,,True,SD-SRC14,True,10000,0.9065,0.9112507208564402,8755,0,0.8755,0.8755,0.8808991863824648,0.003301511017700835,0.0,0,0.9065,0.9112507208564402,0.8755,0.8755,0.8808991863824648,0.8841,0.8893320976614127,0.9135,0.9180842208545215,0.8841,0.9135,0.5363,0.5445439808679507,0.5363,0.743,0.7501847308463173,0.9065,0.5053,0.3538,0.3538,39,1554,0,T51-DGC-0.50,0.0,in_domain_conditional,T51-DGC-0.50=0.8755;T51-DGC-0.33=0.8755;T51-DGC-0.67=0.8755;T51-CORNKERNEL-0.50=0.8755,295,0,True,,,alpha=0.01:False;alpha=0.05:False;alpha=0.1:False,alpha=0.01:False;alpha=0.05:False;alpha=0.1:False,8755,0,0.8755,0.8755,0.8808991863824648,0.003301511017700835,8841,0,0.8841,0.8841,0.8893320976614127,0.003201049671592117
0,SDSRC14_MAIN9,SD-SRC14,MAIN9,"main reference nine (linear energy row, Table 5-1 verdicts in every state)",SDSRC14_MAIN9:M0,M0_nominal,method,,,,optimal,,300.0,0.011047524865716696,,,True,SD-12MO,False,10000,,,8032,0,0.8032,0.8032,0.8097237760937208,0.00397579878766519,0.0,0,0.8728,0.8782498638345831,0.8032,0.8032,0.8097237760937208,0.8032,0.8097237760937208,0.8728,0.8782498638345831,0.8032,0.8728,0.5009,0.5091732884868139,0.5009,0.6196,0.627609036929168,0.8728,0.5033,0.2169,0.2169,1,2865,0,T51-DGC-0.50,0.0,in_domain_conditional,T51-DGC-0.50=0.8032;T51-DGC-0.33=0.8032;T51-DGC-0.67=0.8032;T51-CORNKERNEL-0.50=0.8032,6,0,True,,,alpha=0.01:False;alpha=0.05:False;alpha=0.1:False,alpha=0.01:False;alpha=0.05:False;alpha=0.1:False,8032,0,0.8032,0.8032,0.8097237760937208,0.00397579878766519,8032,0,0.8032,0.8032,0.8097237760937208,0.00397579878766519
0,SDSRC14_MAIN9,SD-SRC14,MAIN9,"main reference nine (linear energy row, Table 5-1 verdicts in every state)",SDSRC14_MAIN9:M0,M0_nominal,method,,,,optimal,,300.0,0.011047524865716696,,,True,SD-SRC12,False,10000,,,8755,0,0.8755,0.8755,0.8808991863824648,0.003301511017700835,0.0,0,0.9065,0.9112507208564402,0.8755,0.8755,0.8808991863824648,0.8841,0.8893320976614127,0.9135,0.9180842208545215,0.8841,0.9135,0.5363,0.5445439808679507,0.5363,0.743,0.7501847308463173,0.9065,0.5053,0.3538,0.3538,39,1554,0,T51-DGC-0.50,0.0,in_domain_conditional,T51-DGC-0.50=0.8755;T51-DGC-0.33=0.8755;T51-DGC-0.67=0.8755;T51-CORNKERNEL-0.50=0.8755,663,0,True,,,alpha=0.01:False;alpha=0.05:False;alpha=0.1:False,alpha=0.01:False;alpha=0.05:False;alpha=0.1:False,8755,0,0.8755,0.8755,0.8808991863824648,0.003301511017700835,8841,0,0.8841,0.8841,0.8893320976614127,0.003201049671592117
0,SDSRC14_MAIN9,SD-SRC14,MAIN9,"main reference nine (linear energy row, Table 5-1 verdicts in every state)","SDSRC14_MAIN9:M1[relative,apply_to_dm=True]@alpha=0.05",M1_safety_margin,method,0.05,not_met,,,,300.0,,optimal;proven_infeasible,"no value of the declared grid met the validation screen (candidate statuses: optimal, proven_infeasible); a grid without a solution is not a statement about the whole decision space",False,,,,,,,,,,,,,,,,,,,,,,,,,,,,,,,,,,,,,,,,,,,,,,,,,,,,,,,,,,,
0,SDSRC14_MAIN9,SD-SRC14,MAIN9,"main reference nine (linear energy row, Table 5-1 verdicts in every state)","SDSRC14_MAIN9:M1[relative,apply_to_dm=False]@alpha=0.05",M1_safety_margin,method,0.05,not_met,,,,300.0,,optimal;proven_infeasible,"no value of the declared grid met the validation screen (candidate statuses: optimal, proven_infeasible); a grid without a solution is not a statement about the whole decision space",False,,,,,,,,,,,,,,,,,,,,,,,,,,,,,,,,,,,,,,,,,,,,,,,,,,,,,,,,,,,
0,SDSRC14_MAIN9,SD-SRC14,MAIN9,"main reference nine (linear energy row, Table 5-1 verdicts in every state)",SDSRC14_MAIN9:M2[N=128]@alpha=0.05,M2_joint_chance_saa,method,0.05,not_met,,,,300.0,,optimal,no value of the declared grid met the validation screen (candidate statuses: optimal); a grid without a solution is not a statement about the whole decision space,False,,,,,,,,,,,,,,,,,,,,,,,,,,,,,,,,,,,,,,,,,,,,,,,,,,,,,,,,,,,
0,SDSRC14_MAIN9,SD-SRC14,MAIN9,"main reference nine (linear energy row, Table 5-1 verdicts in every state)",SDSRC14_MAIN9:M2[N=512]@alpha=0.05,M2_joint_chance_saa,method,0.05,selected,alpha_train=0.0125,optimal,6.105097707954716e-05,300.0,36.34754282189533,feasible_time_limit;optimal,,True,SD-H0,False,10000,,,1886,1983,0.1886,0.3869,0.39498472984692945,0.004870404397994072,0.2032,1982,0.4875,0.4957736171344153,0.2161,0.2162,0.22308181482768372,0.4009,0.4090317131916873,0.3278,0.33560755716889945,0.2306,0.4945,0.153,0.1590459332454634,0.3254,0.1177,0.1231331335871009,0.3204,0.2168,0.0918,0.0921,0,1249,3,T51-DGC-0.50,0.0,in_domain_conditional,T51-DGC-0.50=0.3869;T51-DGC-0.33=0.2162;T51-DGC-0.67=0.983;T51-CORNKERNEL-0.50=0.2162,962,3,True,False,False,alpha=0.05:False,alpha=0.05:False,2161,1,0.2161,0.2162,0.22308181482768372,0.004116522318656854,2305,1,0.2305,0.2306,0.23763598638911118,0.004212168562628993
0,SDSRC14_MAIN9,SD-SRC14,MAIN9,"main reference nine (linear energy row, Table 5-1 verdicts in every state)",SDSRC14_MAIN9:M2[N=512]@alpha=0.05,M2_joint_chance_saa,method,0.05,selected,alpha_train=0.0125,optimal,6.105097707954716e-05,300.0,36.34754282189533,feasible_time_limit;optimal,,True,SD-S2,False,10000,,,0,1,0.0,0.0001,0.0004742976591654368,9.999499987499375e-05,0.0001,1,0.001,0.001695631453645378,0.0,0.0,0.00029952835977661195,0.0001,0.0004742976591654368,0.0009,0.0015699951188064335,0.0,0.001,0.0,0.00029952835977661195,0.0001,0.0,0.00029952835977661195,0.0009,0.0009,0.0,0.0,0,9,0,T51-DGC-0.50,0.0,in_domain_conditional,T51-DGC-0.50=0.0001;T51-DGC-0.33=0;T51-DGC-0.67=1;T51-CORNKERNEL-0.50=0,0,0,True,True,True,alpha=0.05:True,alpha=0.05:True,0,0,0.0,0.0,0.00029952835977661195,0.0,0,0,0.0,0.0,0.00029952835977661195,0.0
0,SDSRC14_MAIN9,SD-SRC14,MAIN9,"main reference nine (linear energy row, Table 5-1 verdicts in every state)",SDSRC14_MAIN9:M2[N=512]@alpha=0.05,M2_joint_chance_saa,method,0.05,selected,alpha_train=0.0125,optimal,6.105097707954716e-05,300.0,36.34754282189533,feasible_time_limit;optimal,,True,SD-SRC14,True,10000,0.0403,0.04368555617409089,271,46,0.0271,0.0317,0.03473483827496598,0.0017520019977157561,0.0044,43,0.0446,0.04814502611454193,0.0271,0.0274,0.030239426209546304,0.0431,0.04659044116171433,0.0514,0.05517999491064002,0.0388,0.0557,0.0184,0.02076766868516183,0.0228,0.0209,0.0234092178625567,0.0403,0.0136,0.0,0.0003,0,136,3,T51-DGC-0.50,0.0,in_domain_conditional,T51-DGC-0.50=0.0317;T51-DGC-0.33=0.0274;T51-DGC-0.67=1;T51-CORNKERNEL-0.50=0.0274,304,3,True,True,True,alpha=0.05:True,alpha=0.05:True,271,3,0.0271,0.0274,0.030239426209546304,0.0016324594941376034,385,3,0.0385,0.0388,0.042127654151065494,0.0019311799501858962
0,SDSRC14_MAIN9,SD-SRC14,MAIN9,"main reference nine (linear energy row, Table 5-1 verdicts in every state)",SDSRC14_MAIN9:M2[N=512]@alpha=0.05,M2_joint_chance_saa,method,0.05,selected,alpha_train=0.0125,optimal,6.105097707954716e-05,300.0,36.34754282189533,feasible_time_limit;optimal,,True,SD-12MO,False,10000,,,60,470,0.006,0.053,0.05683258654796392,0.0022403347964087867,0.047,470,0.0997,0.10476459860381697,0.0064,0.0064,0.00787465657842059,0.0533,0.05714234225176347,0.0531,0.056935842085491344,0.0067,0.0997,0.0034,0.004524010463635399,0.05,0.0035,0.004637766347440774,0.0531,0.0505,0.0032,0.0032,0,473,0,T51-DGC-0.50,0.0,in_domain_conditional,T51-DGC-0.50=0.053;T51-DGC-0.33=0.0064;T51-DGC-0.67=1;T51-CORNKERNEL-0.50=0.0064,6,0,True,True,True,alpha=0.05:True,alpha=0.05:True,64,0,0.0064,0.0064,0.00787465657842059,0.0007974358908401352,67,0,0.0067,0.0067,0.008204600723855685,0.0008157885755512883
0,SDSRC14_MAIN9,SD-SRC14,MAIN9,"main reference nine (linear energy row, Table 5-1 verdicts in every state)",SDSRC14_MAIN9:M2[N=512]@alpha=0.05,M2_joint_chance_saa,method,0.05,selected,alpha_train=0.0125,optimal,6.105097707954716e-05,300.0,36.34754282189533,feasible_time_limit;optimal,,True,SD-SRC12,False,10000,,,526,1630,0.0526,0.2156,0.22247513175407588,0.004112379359932641,0.1673,1628,0.2737,0.2811318730461137,0.0718,0.072,0.07639476426990516,0.2292,0.23622151047395049,0.1429,0.14878341925760433,0.0863,0.2837,0.0581,0.06209416937476537,0.2028,0.0317,0.03473483827496598,0.1322,0.0726,0.0072,0.0075,0,654,3,T51-DGC-0.50,0.0,in_domain_conditional,T51-DGC-0.50=0.2156;T51-DGC-0.33=0.072;T51-DGC-0.67=0.9834;T51-CORNKERNEL-0.50=0.072,672,3,True,False,False,alpha=0.05:False,alpha=0.05:False,718,2,0.0718,0.072,0.07639476426990516,0.002584879107424562,861,2,0.0861,0.0863,0.09105854879842432,0.0028080653482424516
0,SDSRC14_MAIN9,SD-SRC14,MAIN9,"main reference nine (linear energy row, Table 5-1 verdicts in every state)",SDSRC14_MAIN9:M2[N=1024]@alpha=0.05,M2_joint_chance_saa,method,0.05,selected,alpha_train=0.025,feasible_time_limit,0.018845063316554073,300.0,301.49464340507984,feasible_time_limit;optimal,,True,SD-H0,False,10000,,,1555,1315,0.1555,0.287,0.29453597225327194,0.004523615810388853,0.1338,1314,0.4159,0.4240744572091524,0.1675,0.1676,0.1738651358253487,0.3139,0.32162281663999026,0.3119,0.3196099763050915,0.195,0.4291,0.0968,0.10180087436262646,0.2172,0.1224,0.12792245615573686,0.2983,0.2327,0.0864,0.0867,0,1462,3,T51-DGC-0.50,0.0,in_domain_conditional,T51-DGC-0.50=0.287;T51-DGC-0.33=0.1676;T51-DGC-0.67=0.9722;T51-CORNKERNEL-0.50=0.1676,962,3,True,False,False,alpha=0.05:False,alpha=0.05:False,1675,1,0.1675,0.1676,0.1738651358253487,0.0037351069596465373,1949,1,0.1949,0.195,0.2016323129694985,0.003962007067131506
0,SDSRC14_MAIN9,SD-SRC14,MAIN9,"main reference nine (linear energy row, Table 5-1 verdicts in every state)",SDSRC14_MAIN9:M2[N=1024]@alpha=0.05,M2_joint_chance_saa,method,0.05,selected,alpha_train=0.025,feasible_time_limit,0.018845063316554073,300.0,301.49464340507984,feasible_time_limit;optimal,,True,SD-S2,False,10000,,,0,0,0.0,0.0,0.00029952835977661195,0.0,0.0,0,0.0029,0.003952012538554296,0.0,0.0,0.00029952835977661195,0.0001,0.0004742976591654368,0.003,0.004066874992626077,0.0001,0.003,0.0,0.00029952835977661195,0.0,0.0001,0.0004742976591654368,0.0029,0.0029,0.0,0.0,0,29,0,T51-DGC-0.50,0.0,in_domain_conditional,T51-DGC-0.50=0;T51-DGC-0.33=0;T51-DGC-0.67=1;T51-CORNKERNEL-0.50=0,0,0,True,True,True,alpha=0.05:True,alpha=0.05:True,0,0,0.0,0.0,0.00029952835977661195,0.0,1,0,0.0001,0.0001,0.0004742976591654368,9.999499987499375e-05
0,SDSRC14_MAIN9,SD-SRC14,MAIN9,"main reference nine (linear energy row, Table 5-1 verdicts in every state)",SDSRC14_MAIN9:M2[N=1024]@alpha=0.05,M2_joint_chance_saa,method,0.05,selected,alpha_train=0.025,feasible_time_limit,0.018845063316554073,300.0,301.49464340507984,feasible_time_limit;optimal,,True,SD-SRC14,True,10000,0.0423,0.04576088205564487,184,3,0.0184,0.0187,0.02108517212482378,0.0013546331606748745,0.0,0,0.0423,0.04576088205564487,0.0184,0.0187,0.02108517212482378,0.0419,0.04534598232376268,0.0639,0.06806782784583944,0.0419,0.0639,0.013,0.015022376039174865,0.013,0.029,0.03191397924354492,0.0423,0.0244,0.0001,0.0004,0,243,3,T51-DGC-0.50,0.0,in_domain_conditional,T51-DGC-0.50=0.0187;T51-DGC-0.33=0.0187;T51-DGC-0.67=1;T51-CORNKERNEL-0.50=0.0187,304,3,True,True,True,alpha=0.05:True,alpha=0.05:True,184,3,0.0184,0.0187,0.02108517212482378,0.0013546331606748745,416,3,0.0416,0.0419,0.04534598232376268,0.0020036064982925164
0,SDSRC14_MAIN9,SD-SRC14,MAIN9,"main reference nine (linear energy row, Table 5-1 verdicts in every state)",SDSRC14_MAIN9:M2[N=1024]@alpha=0.05,M2_joint_chance_saa,method,0.05,selected,alpha_train=0.025,feasible_time_limit,0.018845063316554073,300.0,301.49464340507984,feasible_time_limit;optimal,,True,SD-12MO,False,10000,,,27,111,0.0027,0.0138,0.015877730577946277,0.0011666001885821894,0.0111,111,0.0772,0.08173205495039937,0.0027,0.0027,0.003721510352388209,0.0145,0.016624811088984656,0.0662,0.07043400718104834,0.0034,0.0773,0.0004,0.0009151160584710777,0.0115,0.0031,0.004181495101715713,0.0661,0.0658,0.0024,0.0024,0,634,0,T51-DGC-0.50,0.0,in_domain_conditional,T51-DGC-0.50=0.0138;T51-DGC-0.33=0.0027;T51-DGC-0.67=1;T51-CORNKERNEL-0.50=0.0027,6,0,True,True,True,alpha=0.05:True,alpha=0.05:True,27,0,0.0027,0.0027,0.003721510352388209,0.0005189132875539034,34,0,0.0034,0.0034,0.004524010463635399,0.0005821030836544331
0,SDSRC14_MAIN9,SD-SRC14,MAIN9,"main reference nine (linear energy row, Table 5-1 verdicts in every state)",SDSRC14_MAIN9:M2[N=1024]@alpha=0.05,M2_joint_chance_saa,method,0.05,selected,alpha_train=0.025,feasible_time_limit,0.018845063316554073,300.0,301.49464340507984,feasible_time_limit;optimal,,True,SD-SRC12,False,10000,,,359,916,0.0359,0.1275,0.13311646732890967,0.0033353223232545307,0.0933,914,0.2075,0.2142828010977307,0.0416,0.0418,0.04524224468752447,0.154,0.16006152246731103,0.1426,0.14847844666293475,0.0689,0.2262,0.0306,0.03358631111608263,0.1167,0.0407,0.044100789106739514,0.1234,0.0919,0.0067,0.007,0,852,3,T51-DGC-0.50,0.0,in_domain_conditional,T51-DGC-0.50=0.1275;T51-DGC-0.33=0.0418;T51-DGC-0.67=0.9737;T51-CORNKERNEL-0.50=0.0418,672,3,True,True,True,alpha=0.05:True,alpha=0.05:True,416,2,0.0416,0.0418,0.04524224468752447,0.0020013185653463567,687,2,0.0687,0.0689,0.07320989743606399,0.0025328401054942255
0,SDSRC14_MAIN9,SD-SRC14,MAIN9,"main reference nine (linear energy row, Table 5-1 verdicts in every state)",SDSRC14_MAIN9:M3a[factory box]@alpha=0.05,M3a_box_robust,method,0.05,not_met,,,,300.0,,optimal;proven_infeasible,"no value of the declared grid met the validation screen (candidate statuses: optimal, proven_infeasible); a grid without a solution is not a statement about the whole decision space",False,,,,,,,,,,,,,,,,,,,,,,,,,,,,,,,,,,,,,,,,,,,,,,,,,,,,,,,,,,,
0,SDSRC14_MAIN9,SD-SRC14,MAIN9,"main reference nine (linear energy row, Table 5-1 verdicts in every state)","SDSRC14_MAIN9:M3b[factory box k=1.5, Gamma selected]@alpha=0.05",M3b_budget_robust,method,0.05,selected,gamma=3,optimal,,300.0,0.007979122921824455,optimal;proven_infeasible,,True,SD-H0,False,10000,,,1487,4649,0.1487,0.6136,0.6216339927822776,0.004869240597875607,0.4804,4648,0.6524,0.6602494059506925,0.2674,0.2675,0.27488056370443925,0.6721,0.6798339885327178,0.3694,0.3774161731260645,0.3446,0.6948,0.194,0.20061983745088366,0.5488,0.2024,0.20912260295818622,0.3097,0.1428,0.0948,0.0951,2,481,3,T51-DGC-0.50,0.0,in_domain_conditional,T51-DGC-0.50=0.6136;T51-DGC-0.33=0.2675;T51-DGC-0.67=0.9951;T51-CORNKERNEL-0.50=0.2675,962,3,True,False,False,alpha=0.05:False,alpha=0.05:False,2674,1,0.2674,0.2675,0.27488056370443925,0.004426553399655312,3445,1,0.3445,0.3446,0.3524997470109447,0.004752376668573315
0,SDSRC14_MAIN9,SD-SRC14,MAIN9,"main reference nine (linear energy row, Table 5-1 verdicts in every state)","SDSRC14_MAIN9:M3b[factory box k=1.5, Gamma selected]@alpha=0.05",M3b_budget_robust,method,0.05,selected,gamma=3,optimal,,300.0,0.007979122921824455,optimal;proven_infeasible,,True,SD-S2,False,10000,,,0,4969,0.0,0.4969,0.5051740050501434,0.004999903899076461,0.4969,4969,0.4969,0.5051740050501434,0.0,0.0,0.00029952835977661195,0.4999,0.5081735169638906,0.0035,0.004637766347440774,0.0035,0.4999,0.0,0.00029952835977661195,0.4969,0.0035,0.004637766347440774,0.0,0.0,0.0,0.0,0,0,0,T51-DGC-0.50,0.0,in_domain_conditional,T51-DGC-0.50=0.4969;T51-DGC-0.33=0;T51-DGC-0.67=1;T51-CORNKERNEL-0.50=0,0,0,True,True,True,alpha=0.05:True,alpha=0.05:True,0,0,0.0,0.0,0.00029952835977661195,0.0,35,0,0.0035,0.0035,0.004637766347440774,0.0005905717568594015
0,SDSRC14_MAIN9,SD-SRC14,MAIN9,"main reference nine (linear energy row, Table 5-1 verdicts in every state)","SDSRC14_MAIN9:M3b[factory box k=1.5, Gamma selected]@alpha=0.05",M3b_budget_robust,method,0.05,selected,gamma=3,optimal,,300.0,0.007979122921824455,optimal;proven_infeasible,,True,SD-SRC14,True,10000,0.0158,0.018009198640609268,156,4951,0.0156,0.5107,0.51896930862218,0.0049988549688903755,0.501,4948,0.5107,0.51896930862218,0.0157,0.016,0.01822185415477905,0.5548,0.5630121604079774,0.0934,0.09832445715531772,0.0937,0.5548,0.0019,0.002786686053962986,0.502,0.092,0.09689243640963806,0.0158,0.0001,0.0,0.0003,0,1,3,T51-DGC-0.50,0.0,in_domain_conditional,T51-DGC-0.50=0.5107;T51-DGC-0.33=0.016;T51-DGC-0.67=1;T51-CORNKERNEL-0.50=0.016,304,3,True,True,True,alpha=0.05:True,alpha=0.05:True,157,3,0.0157,0.016,0.01822185415477905,0.0012547509713086498,934,3,0.0934,0.0937,0.09863127601272423,0.002914108954723553
0,SDSRC14_MAIN9,SD-SRC14,MAIN9,"main reference nine (linear energy row, Table 5-1 verdicts in every state)","SDSRC14_MAIN9:M3b[factory box k=1.5, Gamma selected]@alpha=0.05",M3b_budget_robust,method,0.05,selected,gamma=3,optimal,,300.0,0.007979122921824455,optimal;proven_infeasible,,True,SD-12MO,False,10000,,,40,4904,0.004,0.4944,0.5026741856529177,0.004999686390164887,0.4905,4904,0.5029,0.5111727328596983,0.0073,0.0073,0.008862518669329364,0.5089,0.5171702765037209,0.0282,0.031076991686059704,0.0226,0.5143,0.0039,0.005090931070147353,0.491,0.0189,0.021296758650943704,0.0162,0.0125,0.0036,0.0036,0,89,0,T51-DGC-0.50,0.0,in_domain_conditional,T51-DGC-0.50=0.4944;T51-DGC-0.33=0.0073;T51-DGC-0.67=1;T51-CORNKERNEL-0.50=0.0073,6,0,True,True,True,alpha=0.05:True,alpha=0.05:True,73,0,0.0073,0.0073,0.008862518669329364,0.0008512761009214343,226,0,0.0226,0.0226,0.025200372408387652,0.0014862449327079303
0,SDSRC14_MAIN9,SD-SRC14,MAIN9,"main reference nine (linear energy row, Table 5-1 verdicts in every state)","SDSRC14_MAIN9:M3b[factory box k=1.5, Gamma selected]@alpha=0.05",M3b_budget_robust,method,0.05,selected,gamma=3,optimal,,300.0,0.007979122921824455,optimal;proven_infeasible,,True,SD-SRC12,False,10000,,,242,4820,0.0242,0.5062,0.5144715284249748,0.004999615585222528,0.4914,4818,0.515,0.5232665647489864,0.1219,0.1221,0.12761683311868727,0.5652,0.5733892464483608,0.2128,0.21964366172928274,0.2071,0.5703,0.105,0.11017777475768334,0.4949,0.1127,0.1180351279905652,0.132,0.0179,0.0065,0.0068,1,115,3,T51-DGC-0.50,0.0,in_domain_conditional,T51-DGC-0.50=0.5062;T51-DGC-0.33=0.1221;T51-DGC-0.67=0.9957;T51-CORNKERNEL-0.50=0.1221,672,3,True,False,False,alpha=0.05:False,alpha=0.05:False,1219,2,0.1219,0.1221,0.12761683311868727,0.003274012675601608,2069,2,0.2069,0.2071,0.21387813818447218,0.004052278248096989
0,SDSRC14_MAIN9,SD-SRC14,MAIN9,"main reference nine (linear energy row, Table 5-1 verdicts in every state)","SDSRC14_MAIN9:M1[relative,apply_to_dm=True]@alpha=0.1",M1_safety_margin,method,0.1,not_met,,,,300.0,,optimal;proven_infeasible,"no value of the declared grid met the validation screen (candidate statuses: optimal, proven_infeasible); a grid without a solution is not a statement about the whole decision space",False,,,,,,,,,,,,,,,,,,,,,,,,,,,,,,,,,,,,,,,,,,,,,,,,,,,,,,,,,,,
0,SDSRC14_MAIN9,SD-SRC14,MAIN9,"main reference nine (linear energy row, Table 5-1 verdicts in every state)","SDSRC14_MAIN9:M1[relative,apply_to_dm=False]@alpha=0.1",M1_safety_margin,method,0.1,not_met,,,,300.0,,optimal;proven_infeasible,"no value of the declared grid met the validation screen (candidate statuses: optimal, proven_infeasible); a grid without a solution is not a statement about the whole decision space",False,,,,,,,,,,,,,,,,,,,,,,,,,,,,,,,,,,,,,,,,,,,,,,,,,,,,,,,,,,,
0,SDSRC14_MAIN9,SD-SRC14,MAIN9,"main reference nine (linear energy row, Table 5-1 verdicts in every state)",SDSRC14_MAIN9:M2[N=128]@alpha=0.1,M2_joint_chance_saa,method,0.1,not_met,,,,300.0,,optimal,no value of the declared grid met the validation screen (candidate statuses: optimal); a grid without a solution is not a statement about the whole decision space,False,,,,,,,,,,,,,,,,,,,,,,,,,,,,,,,,,,,,,,,,,,,,,,,,,,,,,,,,,,,
0,SDSRC14_MAIN9,SD-SRC14,MAIN9,"main reference nine (linear energy row, Table 5-1 verdicts in every state)",SDSRC14_MAIN9:M2[N=512]@alpha=0.1,M2_joint_chance_saa,method,0.1,selected,alpha_train=0.05,feasible_time_limit,0.0075440721267893045,300.0,300.3868264919147,feasible_time_limit;optimal,,True,SD-H0,False,10000,,,2011,444,0.2011,0.2455,0.25268350419903424,0.00430383259432799,0.0456,442,0.3615,0.369481574632525,0.2053,0.2055,0.212259387497137,0.2551,0.262372437832717,0.3264,0.33419937420409573,0.2151,0.3664,0.1092,0.11446460210756691,0.1498,0.1352,0.14095299247443116,0.3215,0.247,0.1117,0.112,0,1352,3,T51-DGC-0.50,0.0,in_domain_conditional,T51-DGC-0.50=0.2455;T51-DGC-0.33=0.2055;T51-DGC-0.67=0.9426;T51-CORNKERNEL-0.50=0.2055,962,3,True,False,False,alpha=0.1:False,alpha=0.1:False,2053,2,0.2053,0.2055,0.212259387497137,0.004040665168013801,2149,2,0.2149,0.2151,0.2219695462772875,0.004108917010600238
0,SDSRC14_MAIN9,SD-SRC14,MAIN9,"main reference nine (linear energy row, Table 5-1 verdicts in every state)",SDSRC14_MAIN9:M2[N=512]@alpha=0.1,M2_joint_chance_saa,method,0.1,selected,alpha_train=0.05,feasible_time_limit,0.0075440721267893045,300.0,300.3868264919147,feasible_time_limit;optimal,,True,SD-S2,False,10000,,,0,0,0.0,0.0,0.00029952835977661195,0.0,0.0,0,0.0056,0.00699115107361816,0.0,0.0,0.00029952835977661195,0.0,0.00029952835977661195,0.0056,0.00699115107361816,0.0,0.0056,0.0,0.00029952835977661195,0.0,0.0,0.00029952835977661195,0.0056,0.0056,0.0,0.0,0,56,0,T51-DGC-0.50,0.0,in_domain_conditional,T51-DGC-0.50=0;T51-DGC-0.33=0;T51-DGC-0.67=1;T51-CORNKERNEL-0.50=0,0,0,True,True,True,alpha=0.1:True,alpha=0.1:True,0,0,0.0,0.0,0.00029952835977661195,0.0,0,0,0.0,0.0,0.00029952835977661195,0.0
0,SDSRC14_MAIN9,SD-SRC14,MAIN9,"main reference nine (linear energy row, Table 5-1 verdicts in every state)",SDSRC14_MAIN9:M2[N=512]@alpha=0.1,M2_joint_chance_saa,method,0.1,selected,alpha_train=0.05,feasible_time_limit,0.0075440721267893045,300.0,300.3868264919147,feasible_time_limit;optimal,,True,SD-SRC14,True,10000,0.0832,0.08788323516026092,496,3,0.0496,0.0499,0.053629804774922955,0.0021773835215689492,0.0,0,0.0832,0.08788323516026092,0.0496,0.0499,0.053629804774922955,0.058,0.06199108478590246,0.0907,0.09556240445207008,0.058,0.0907,0.0358,0.039007930955477874,0.0358,0.0229,0.025516072766601,0.0832,0.0358,0.0002,0.0005,0,356,3,T51-DGC-0.50,0.0,in_domain_conditional,T51-DGC-0.50=0.0499;T51-DGC-0.33=0.0499;T51-DGC-0.67=1;T51-CORNKERNEL-0.50=0.0499,304,3,True,True,True,alpha=0.1:True,alpha=0.1:True,496,3,0.0496,0.0499,0.053629804774922955,0.0021773835215689492,577,3,0.0577,0.058,0.06199108478590246,0.0023374344910606585
0,SDSRC14_MAIN9,SD-SRC14,MAIN9,"main reference nine (linear energy row, Table 5-1 verdicts in every state)",SDSRC14_MAIN9:M2[N=512]@alpha=0.1,M2_joint_chance_saa,method,0.1,selected,alpha_train=0.05,feasible_time_limit,0.0075440721267893045,300.0,300.3868264919147,feasible_time_limit;optimal,,True,SD-12MO,False,10000,,,66,0,0.0066,0.0066,0.008094696077845675,0.0008097184695929814,0.0,0,0.0776,0.08214236673068818,0.0066,0.0066,0.008094696077845675,0.0066,0.008094696077845675,0.0776,0.08214236673068818,0.0066,0.0776,0.0005,0.0010510137186384818,0.0005,0.0063,0.0077645181929084,0.0776,0.0774,0.0063,0.0063,0,711,0,T51-DGC-0.50,0.0,in_domain_conditional,T51-DGC-0.50=0.0066;T51-DGC-0.33=0.0066;T51-DGC-0.67=0.9977;T51-CORNKERNEL-0.50=0.0066,6,0,True,True,True,alpha=0.1:True,alpha=0.1:True,66,0,0.0066,0.0066,0.008094696077845675,0.0008097184695929814,66,0,0.0066,0.0066,0.008094696077845675,0.0008097184695929814
0,SDSRC14_MAIN9,SD-SRC14,MAIN9,"main reference nine (linear energy row, Table 5-1 verdicts in every state)",SDSRC14_MAIN9:M2[N=512]@alpha=0.1,M2_joint_chance_saa,method,0.1,selected,alpha_train=0.05,feasible_time_limit,0.0075440721267893045,300.0,300.3868264919147,feasible_time_limit;optimal,,True,SD-SRC12,False,10000,,,766,191,0.0766,0.0957,0.10067635639821632,0.0029417938404993644,0.0199,189,0.1818,0.18826216201286713,0.0782,0.0784,0.08296288761161026,0.1053,0.11048405858590342,0.1714,0.17771935617893986,0.088,0.1886,0.053,0.05683258654796392,0.0706,0.039,0.04233544691163347,0.1646,0.1073,0.0142,0.0145,0,931,3,T51-DGC-0.50,0.0,in_domain_conditional,T51-DGC-0.50=0.0957;T51-DGC-0.33=0.0784;T51-DGC-0.67=0.9392;T51-CORNKERNEL-0.50=0.0784,672,3,True,True,True,alpha=0.1:True,alpha=0.1:True,782,2,0.0782,0.0784,0.08296288761161026,0.0026880000000000003,878,2,0.0878,0.088,0.09279908734774539,0.0028329489935401235
0,SDSRC14_MAIN9,SD-SRC14,MAIN9,"main reference nine (linear energy row, Table 5-1 verdicts in every state)",SDSRC14_MAIN9:M2[N=1024]@alpha=0.1,M2_joint_chance_saa,method,0.1,selected,alpha_train=0.075,feasible_time_limit,0.03435586355047068,300.0,301.3017367562279,feasible_time_limit,,True,SD-H0,False,10000,,,1993,140,0.1993,0.2133,0.2201493156516093,0.004096377790194649,0.0139,138,0.3231,0.33087977609355856,0.2006,0.2008,0.2075033797958878,0.2219,0.228844255030233,0.3157,0.32343423225539186,0.2094,0.3282,0.1265,0.13209826551771725,0.139,0.1095,0.11477071120194865,0.3106,0.222,0.0919,0.0922,0,1300,3,T51-DGC-0.50,0.0,in_domain_conditional,T51-DGC-0.50=0.2133;T51-DGC-0.33=0.2008;T51-DGC-0.67=0.8895;T51-CORNKERNEL-0.50=0.2008,962,3,True,False,False,alpha=0.1:False,alpha=0.1:False,2006,2,0.2006,0.2008,0.2075033797958878,0.004005987518702473,2092,2,0.2092,0.2094,0.21620481562717078,0.004068803755405266
0,SDSRC14_MAIN9,SD-SRC14,MAIN9,"main reference nine (linear energy row, Table 5-1 verdicts in every state)",SDSRC14_MAIN9:M2[N=1024]@alpha=0.1,M2_joint_chance_saa,method,0.1,selected,alpha_train=0.075,feasible_time_limit,0.03435586355047068,300.0,301.3017367562279,feasible_time_limit,,True,SD-S2,False,10000,,,3,0,0.0003,0.0003,0.0007751813790100997,0.00017317909804592468,0.0,0,0.0029,0.003952012538554296,0.0003,0.0003,0.0007751813790100997,0.0003,0.0007751813790100997,0.0029,0.003952012538554296,0.0003,0.0029,0.0003,0.0007751813790100997,0.0003,0.0,0.00029952835977661195,0.0029,0.0026,0.0,0.0,0,26,0,T51-DGC-0.50,0.0,in_domain_conditional,T51-DGC-0.50=0.0003;T51-DGC-0.33=0.0003;T51-DGC-0.67=1;T51-CORNKERNEL-0.50=0.0003,0,0,True,True,True,alpha=0.1:True,alpha=0.1:True,3,0,0.0003,0.0003,0.0007751813790100997,0.00017317909804592468,3,0,0.0003,0.0003,0.0007751813790100997,0.00017317909804592468
0,SDSRC14_MAIN9,SD-SRC14,MAIN9,"main reference nine (linear energy row, Table 5-1 verdicts in every state)",SDSRC14_MAIN9:M2[N=1024]@alpha=0.1,M2_joint_chance_saa,method,0.1,selected,alpha_train=0.075,feasible_time_limit,0.03435586355047068,300.0,301.3017367562279,feasible_time_limit,,True,SD-SRC14,True,10000,0.0898,0.09464144176310728,632,3,0.0632,0.0635,0.06765616893107625,0.0024386010333795893,0.0,0,0.0898,0.09464144176310728,0.0632,0.0635,0.06765616893107625,0.0707,0.07505946115304747,0.0967,0.10169865344497701,0.0707,0.0967,0.0554,0.0593097340532131,0.0554,0.016,0.01822185415477905,0.0898,0.0285,0.0002,0.0005,0,283,3,T51-DGC-0.50,0.0,in_domain_conditional,T51-DGC-0.50=0.0635;T51-DGC-0.33=0.0635;T51-DGC-0.67=1;T51-CORNKERNEL-0.50=0.0635,304,3,True,True,True,alpha=0.1:True,alpha=0.1:True,632,3,0.0632,0.0635,0.06765616893107625,0.0024386010333795893,704,3,0.0704,0.0707,0.07505946115304747,0.002563230578781394
0,SDSRC14_MAIN9,SD-SRC14,MAIN9,"main reference nine (linear energy row, Table 5-1 verdicts in every state)",SDSRC14_MAIN9:M2[N=1024]@alpha=0.1,M2_joint_chance_saa,method,0.1,selected,alpha_train=0.075,feasible_time_limit,0.03435586355047068,300.0,301.3017367562279,feasible_time_limit,,True,SD-12MO,False,10000,,,42,0,0.0042,0.0042,0.0054290452673158756,0.0006467116822819887,0.0,0,0.0564,0.060341288920309655,0.0042,0.0042,0.0054290452673158756,0.0042,0.0054290452673158756,0.0564,0.060341288920309655,0.0042,0.0564,0.0008,0.0014430005782821718,0.0008,0.0035,0.004637766347440774,0.0564,0.056,0.0035,0.0035,0,525,0,T51-DGC-0.50,0.0,in_domain_conditional,T51-DGC-0.50=0.0042;T51-DGC-0.33=0.0042;T51-DGC-0.67=0.9798;T51-CORNKERNEL-0.50=0.0042,6,0,True,True,True,alpha=0.1:True,alpha=0.1:True,42,0,0.0042,0.0042,0.0054290452673158756,0.0006467116822819887,42,0,0.0042,0.0042,0.0054290452673158756,0.0006467116822819887
0,SDSRC14_MAIN9,SD-SRC14,MAIN9,"main reference nine (linear energy row, Table 5-1 verdicts in every state)",SDSRC14_MAIN9:M2[N=1024]@alpha=0.1,M2_joint_chance_saa,method,0.1,selected,alpha_train=0.075,feasible_time_limit,0.03435586355047068,300.0,301.3017367562279,feasible_time_limit,,True,SD-SRC12,False,10000,,,883,24,0.0883,0.0907,0.09556240445207008,0.0028718201545361436,0.0023,22,0.1638,0.17000977656815466,0.0886,0.0888,0.09361798283441242,0.0991,0.10415152134223457,0.1679,0.17416945738323272,0.0972,0.1698,0.0738,0.07824298430679803,0.0757,0.0264,0.029191618880330138,0.1619,0.0897,0.0093,0.0096,0,804,3,T51-DGC-0.50,0.0,in_domain_conditional,T51-DGC-0.50=0.0907;T51-DGC-0.33=0.0888;T51-DGC-0.67=0.8832;T51-CORNKERNEL-0.50=0.0888,672,3,True,True,True,alpha=0.1:True,alpha=0.1:True,886,2,0.0886,0.0888,0.09361798283441242,0.0028445484703200265,970,2,0.097,0.0972,0.10220974216718684,0.0029622991071125817
0,SDSRC14_MAIN9,SD-SRC14,MAIN9,"main reference nine (linear energy row, Table 5-1 verdicts in every state)",SDSRC14_MAIN9:M3a[factory box]@alpha=0.1,M3a_box_robust,method,0.1,selected,k_box=1.0,optimal,,300.0,0.006085168104618788,optimal;proven_infeasible,,True,SD-H0,False,10000,,,3068,57,0.3068,0.3125,0.3202138457307193,0.004635124054434789,0.0057,56,0.3428,0.35069039347504694,0.3118,0.3119,0.3196099763050915,0.377,0.38504730353031635,0.3965,0.4046176904917583,0.3764,0.3971,0.2491,0.2563174013329146,0.2497,0.1734,0.1797474459902399,0.3422,0.0987,0.0647,0.065,3,343,3,T51-DGC-0.50,0.0,in_domain_conditional,T51-DGC-0.50=0.3125;T51-DGC-0.33=0.3119;T51-DGC-0.67=0.8244;T51-CORNKERNEL-0.50=0.3119,962,3,True,False,False,alpha=0.1:False,alpha=0.1:False,3118,1,0.3118,0.3119,0.3196099763050915,0.0046326924137050154,3763,1,0.3763,0.3764,0.3844449220425997,0.004844822390965431
0,SDSRC14_MAIN9,SD-SRC14,MAIN9,"main reference nine (linear energy row, Table 5-1 verdicts in every state)",SDSRC14_MAIN9:M3a[factory box]@alpha=0.1,M3a_box_robust,method,0.1,selected,k_box=1.0,optimal,,300.0,0.006085168104618788,optimal;proven_infeasible,,True,SD-S2,False,10000,,,2,0,0.0002,0.0002,0.0006294441486871455,0.00014140721339450828,0.0,0,0.0002,0.0006294441486871455,0.0002,0.0002,0.0006294441486871455,0.0022,0.0031400019060426844,0.0022,0.0031400019060426844,0.0022,0.0022,0.0002,0.0006294441486871455,0.0002,0.002,0.002904884868683747,0.0002,0.0,0.0,0.0,0,0,0,T51-DGC-0.50,0.0,in_domain_conditional,T51-DGC-0.50=0.0002;T51-DGC-0.33=0.0002;T51-DGC-0.67=0.9993;T51-CORNKERNEL-0.50=0.0002,0,0,True,True,True,alpha=0.1:True,alpha=0.1:True,2,0,0.0002,0.0002,0.0006294441486871455,0.00014140721339450828,22,0,0.0022,0.0022,0.0031400019060426844,0.0004685253461660319
0,SDSRC14_MAIN9,SD-SRC14,MAIN9,"main reference nine (linear energy row, Table 5-1 verdicts in every state)",SDSRC14_MAIN9:M3a[factory box]@alpha=0.1,M3a_box_robust,method,0.1,selected,k_box=1.0,optimal,,300.0,0.006085168104618788,optimal;proven_infeasible,,True,SD-SRC14,True,10000,0.0572,0.0611662917239849,568,3,0.0568,0.0571,0.06106317792851584,0.002320335967053047,0.0,0,0.0572,0.0611662917239849,0.0568,0.0571,0.06106317792851584,0.1293,0.13494895228480164,0.1292,0.1348471568682591,0.1293,0.1292,0.0306,0.03358631111608263,0.0306,0.1023,0.1074206369129414,0.0572,0.0004,0.0,0.0003,0,4,3,T51-DGC-0.50,0.0,in_domain_conditional,T51-DGC-0.50=0.0571;T51-DGC-0.33=0.0571;T51-DGC-0.67=0.9962;T51-CORNKERNEL-0.50=0.0571,304,3,True,True,True,alpha=0.1:True,alpha=0.1:True,568,3,0.0568,0.0571,0.06106317792851584,0.002320335967053047,1290,3,0.129,0.1293,0.13494895228480164,0.0033553168255769828
0,SDSRC14_MAIN9,SD-SRC14,MAIN9,"main reference nine (linear energy row, Table 5-1 verdicts in every state)",SDSRC14_MAIN9:M3a[factory box]@alpha=0.1,M3a_box_robust,method,0.1,selected,k_box=1.0,optimal,,300.0,0.006085168104618788,optimal;proven_infeasible,,True,SD-12MO,False,10000,,,233,0,0.0233,0.0233,0.02593683577506881,0.001508545988692423,0.0,0,0.026,0.028772220709171868,0.0233,0.0233,0.02593683577506881,0.0315,0.03452608511537769,0.0333,0.03640378904502012,0.0315,0.0333,0.0225,0.025095114136157212,0.0225,0.0091,0.010823063355886467,0.026,0.0036,0.0008,0.0008,0,28,0,T51-DGC-0.50,0.0,in_domain_conditional,T51-DGC-0.50=0.0233;T51-DGC-0.33=0.0233;T51-DGC-0.67=0.937;T51-CORNKERNEL-0.50=0.0233,6,0,True,True,True,alpha=0.1:True,alpha=0.1:True,233,0,0.0233,0.0233,0.02593683577506881,0.001508545988692423,315,0,0.0315,0.0315,0.03452608511537769,0.0017466467874186814
0,SDSRC14_MAIN9,SD-SRC14,MAIN9,"main reference nine (linear energy row, Table 5-1 verdicts in every state)",SDSRC14_MAIN9:M3a[factory box]@alpha=0.1,M3a_box_robust,method,0.1,selected,k_box=1.0,optimal,,300.0,0.006085168104618788,optimal;proven_infeasible,,True,SD-SRC12,False,10000,,,2095,8,0.2095,0.2103,0.21711516654794516,0.004075216681355728,0.0006,6,0.2162,0.22308181482768372,0.2101,0.2103,0.21711516654794516,0.2792,0.28667589587573616,0.2835,0.29100935307620646,0.2792,0.2835,0.1858,0.19231499475076771,0.1858,0.1119,0.11721915047228153,0.2162,0.0106,0.003,0.0033,1,77,3,T51-DGC-0.50,0.0,in_domain_conditional,T51-DGC-0.50=0.2103;T51-DGC-0.33=0.2103;T51-DGC-0.67=0.8054;T51-CORNKERNEL-0.50=0.2103,672,3,True,False,False,alpha=0.1:False,alpha=0.1:False,2101,2,0.2101,0.2103,0.21711516654794516,0.004075216681355728,2790,2,0.279,0.2792,0.28667589587573616,0.004486060186845469
0,SDSRC14_MAIN9,SD-SRC14,MAIN9,"main reference nine (linear energy row, Table 5-1 verdicts in every state)","SDSRC14_MAIN9:M3b[factory box k=1, Gamma selected]@alpha=0.1",M3b_budget_robust,method,0.1,selected,gamma=4,optimal,,300.0,0.007819058373570442,optimal,,True,SD-H0,False,10000,,,2862,1252,0.2862,0.4114,0.41956245095499395,0.004920874312558695,0.1335,1251,0.4547,0.46294943318440074,0.3513,0.3514,0.3593339664841071,0.42,0.42818479080936694,0.4,0.40812890004251057,0.3601,0.4597,0.2484,0.25561086209465106,0.3116,0.1792,0.18562720790136347,0.3949,0.1733,0.1186,0.1189,5,551,3,T51-DGC-0.50,0.0,in_domain_conditional,T51-DGC-0.50=0.4114;T51-DGC-0.33=0.3514;T51-DGC-0.67=0.9747;T51-CORNKERNEL-0.50=0.3514,962,3,True,False,False,alpha=0.1:False,alpha=0.1:False,3513,1,0.3513,0.3514,0.3593339664841071,0.004774076245725449,3600,1,0.36,0.3601,0.3680752028435951,0.004800291553645465
0,SDSRC14_MAIN9,SD-SRC14,MAIN9,"main reference nine (linear energy row, Table 5-1 verdicts in every state)","SDSRC14_MAIN9:M3b[factory box k=1, Gamma selected]@alpha=0.1",M3b_budget_robust,method,0.1,selected,gamma=4,optimal,,300.0,0.007819058373570442,optimal,,True,SD-S2,False,10000,,,3,0,0.0003,0.0003,0.0007751813790100997,0.00017317909804592468,0.0,0,0.0003,0.0007751813790100997,0.0003,0.0003,0.0007751813790100997,0.0003,0.0007751813790100997,0.0003,0.0007751813790100997,0.0003,0.0003,0.0002,0.0006294441486871455,0.0002,0.0001,0.0004742976591654368,0.0003,0.0,0.0,0.0,0,0,0,T51-DGC-0.50,0.0,in_domain_conditional,T51-DGC-0.50=0.0003;T51-DGC-0.33=0.0003;T51-DGC-0.67=1;T51-CORNKERNEL-0.50=0.0003,0,0,True,True,True,alpha=0.1:True,alpha=0.1:True,3,0,0.0003,0.0003,0.0007751813790100997,0.00017317909804592468,3,0,0.0003,0.0003,0.0007751813790100997,0.00017317909804592468
0,SDSRC14_MAIN9,SD-SRC14,MAIN9,"main reference nine (linear energy row, Table 5-1 verdicts in every state)","SDSRC14_MAIN9:M3b[factory box k=1, Gamma selected]@alpha=0.1",M3b_budget_robust,method,0.1,selected,gamma=4,optimal,,300.0,0.007819058373570442,optimal,,True,SD-SRC14,True,10000,0.0814,0.08603865087620279,793,3,0.0793,0.0796,0.08419341580589647,0.00270672939171983,0.0,0,0.0814,0.08603865087620279,0.0793,0.0796,0.08419341580589647,0.0868,0.09157052690865437,0.0885,0.09331091048444079,0.0868,0.0885,0.0235,0.026147145455158245,0.0235,0.0651,0.06930253677975333,0.0814,0.0023,0.0001,0.0004,0,22,3,T51-DGC-0.50,0.0,in_domain_conditional,T51-DGC-0.50=0.0796;T51-DGC-0.33=0.0796;T51-DGC-0.67=1;T51-CORNKERNEL-0.50=0.0796,304,3,True,True,True,alpha=0.1:True,alpha=0.1:True,793,3,0.0793,0.0796,0.08419341580589647,0.00270672939171983,865,3,0.0865,0.0868,0.09157052690865437,0.002815417553401271
0,SDSRC14_MAIN9,SD-SRC14,MAIN9,"main reference nine (linear energy row, Table 5-1 verdicts in every state)","SDSRC14_MAIN9:M3b[factory box k=1, Gamma selected]@alpha=0.1",M3b_budget_robust,method,0.1,selected,gamma=4,optimal,,300.0,0.007819058373570442,optimal,,True,SD-12MO,False,10000,,,168,114,0.0168,0.0282,0.031076991686059704,0.001655438310538934,0.0114,114,0.0445,0.04804142032894766,0.0181,0.0181,0.020450013698746827,0.0284,0.03128629182911382,0.0346,0.03775846744745617,0.0183,0.0447,0.0109,0.012768052748568692,0.021,0.008,0.009627115812045468,0.0344,0.0247,0.0077,0.0077,0,170,0,T51-DGC-0.50,0.0,in_domain_conditional,T51-DGC-0.50=0.0282;T51-DGC-0.33=0.0181;T51-DGC-0.67=0.9999;T51-CORNKERNEL-0.50=0.0181,6,0,True,True,True,alpha=0.1:True,alpha=0.1:True,181,0,0.0181,0.0181,0.020450013698746827,0.0013331312763565336,183,0,0.0183,0.0183,0.02066180070768112,0.001340339882268673
0,SDSRC14_MAIN9,SD-SRC14,MAIN9,"main reference nine (linear energy row, Table 5-1 verdicts in every state)","SDSRC14_MAIN9:M3b[factory box k=1, Gamma selected]@alpha=0.1",M3b_budget_robust,method,0.1,selected,gamma=4,optimal,,300.0,0.007819058373570442,optimal,,True,SD-SRC12,False,10000,,,1416,866,0.1416,0.2282,0.23521110415453003,0.004196722054175139,0.0939,864,0.2485,0.25571179779846986,0.1952,0.1954,0.2020372846529193,0.2377,0.24480775448837308,0.2239,0.23086572008158646,0.205,0.2566,0.1399,0.14573330130530215,0.1748,0.0789,0.08347564432853048,0.2157,0.0363,0.0126,0.0129,1,238,3,T51-DGC-0.50,0.0,in_domain_conditional,T51-DGC-0.50=0.2282;T51-DGC-0.33=0.1954;T51-DGC-0.67=0.9724;T51-CORNKERNEL-0.50=0.1954,672,3,True,False,False,alpha=0.1:False,alpha=0.1:False,1952,2,0.1952,0.1954,0.2020372846529193,0.0039650831012729105,2048,2,0.2048,0.205,0.2117534952657098,0.00403701622488689
0,SDSRC14_MAIN9,SD-SRC14,MAIN9,"main reference nine (linear energy row, Table 5-1 verdicts in every state)","SDSRC14_MAIN9:M1[relative,apply_to_dm=True]@alpha=0.01",M1_safety_margin,method,0.01,not_met,,,,300.0,,optimal;proven_infeasible,"no value of the declared grid met the validation screen (candidate statuses: optimal, proven_infeasible); a grid without a solution is not a statement about the whole decision space",False,,,,,,,,,,,,,,,,,,,,,,,,,,,,,,,,,,,,,,,,,,,,,,,,,,,,,,,,,,,
0,SDSRC14_MAIN9,SD-SRC14,MAIN9,"main reference nine (linear energy row, Table 5-1 verdicts in every state)","SDSRC14_MAIN9:M1[relative,apply_to_dm=False]@alpha=0.01",M1_safety_margin,method,0.01,not_met,,,,300.0,,optimal;proven_infeasible,"no value of the declared grid met the validation screen (candidate statuses: optimal, proven_infeasible); a grid without a solution is not a statement about the whole decision space",False,,,,,,,,,,,,,,,,,,,,,,,,,,,,,,,,,,,,,,,,,,,,,,,,,,,,,,,,,,,
0,SDSRC14_MAIN9,SD-SRC14,MAIN9,"main reference nine (linear energy row, Table 5-1 verdicts in every state)",SDSRC14_MAIN9:M2[N=128]@alpha=0.01,M2_joint_chance_saa,method,0.01,not_met,,,,300.0,,optimal,no value of the declared grid met the validation screen (candidate statuses: optimal); a grid without a solution is not a statement about the whole decision space,False,,,,,,,,,,,,,,,,,,,,,,,,,,,,,,,,,,,,,,,,,,,,,,,,,,,,,,,,,,,
0,SDSRC14_MAIN9,SD-SRC14,MAIN9,"main reference nine (linear energy row, Table 5-1 verdicts in every state)",SDSRC14_MAIN9:M2[N=512]@alpha=0.01,M2_joint_chance_saa,method,0.01,not_met,,,,300.0,,optimal,no value of the declared grid met the validation screen (candidate statuses: optimal); a grid without a solution is not a statement about the whole decision space,False,,,,,,,,,,,,,,,,,,,,,,,,,,,,,,,,,,,,,,,,,,,,,,,,,,,,,,,,,,,
0,SDSRC14_MAIN9,SD-SRC14,MAIN9,"main reference nine (linear energy row, Table 5-1 verdicts in every state)",SDSRC14_MAIN9:M2[N=1024]@alpha=0.01,M2_joint_chance_saa,method,0.01,not_met,,,,300.0,,optimal,no value of the declared grid met the validation screen (candidate statuses: optimal); a grid without a solution is not a statement about the whole decision space,False,,,,,,,,,,,,,,,,,,,,,,,,,,,,,,,,,,,,,,,,,,,,,,,,,,,,,,,,,,,
0,SDSRC14_MAIN9,SD-SRC14,MAIN9,"main reference nine (linear energy row, Table 5-1 verdicts in every state)",SDSRC14_MAIN9:M3a[factory box]@alpha=0.01,M3a_box_robust,method,0.01,not_met,,,,300.0,,optimal;proven_infeasible,"no value of the declared grid met the validation screen (candidate statuses: optimal, proven_infeasible); a grid without a solution is not a statement about the whole decision space",False,,,,,,,,,,,,,,,,,,,,,,,,,,,,,,,,,,,,,,,,,,,,,,,,,,,,,,,,,,,
0,SDSRC14_MAIN9,SD-SRC14,MAIN9,"main reference nine (linear energy row, Table 5-1 verdicts in every state)",SDSRC14_MAIN9:M3b[factory box]@alpha=0.01,M3b_budget_robust,method,0.01,not_met,,,,300.0,,optimal,no value of the declared grid met the validation screen (candidate statuses: optimal); a grid without a solution is not a statement about the whole decision space,False,,,,,,,,,,,,,,,,,,,,,,,,,,,,,,,,,,,,,,,,,,,,,,,,,,,,,,,,,,,
0,SDSRC14_MAIN9,SD-SRC14,MAIN9,"main reference nine (linear energy row, Table 5-1 verdicts in every state)","SDSRC14_MAIN9:DIAG-frontier:M2[N=128,alpha_train=m*/N=0/128]",M2_joint_chance_saa,diagnostic_frontier,,,,optimal,0.0,300.0,0.13709965767338872,,,True,SD-H0,False,10000,,,2909,70,0.2909,0.2979,0.3055154130084192,0.004573353146215586,0.0071,69,0.3321,0.3399322046005036,0.297,0.2971,0.30470975812311396,0.3298,0.33761911205497425,0.3564,0.36435801196929685,0.329,0.3572,0.2374,0.24450477698083595,0.2382,0.1292,0.1348471568682591,0.3313,0.1057,0.0663,0.0666,1,395,3,T51-DGC-0.50,0.0,in_domain_conditional,T51-DGC-0.50=0.2979;T51-DGC-0.33=0.2971;T51-DGC-0.67=0.8383;T51-CORNKERNEL-0.50=0.2971,962,3,True,,,,,2970,1,0.297,0.2971,0.30470975812311396,0.004569809514629685,3289,1,0.3289,0.329,0.3368145091297787,0.004698499760561876
0,SDSRC14_MAIN9,SD-SRC14,MAIN9,"main reference nine (linear energy row, Table 5-1 verdicts in every state)","SDSRC14_MAIN9:DIAG-frontier:M2[N=128,alpha_train=m*/N=0/128]",M2_joint_chance_saa,diagnostic_frontier,,,,optimal,0.0,300.0,0.13709965767338872,,,True,SD-S2,False,10000,,,1,0,0.0001,0.0001,0.0004742976591654368,9.999499987499375e-05,0.0,0,0.0001,0.0004742976591654368,0.0001,0.0001,0.0004742976591654368,0.0002,0.0006294441486871455,0.0002,0.0006294441486871455,0.0002,0.0002,0.0001,0.0004742976591654368,0.0001,0.0001,0.0004742976591654368,0.0001,0.0,0.0,0.0,0,0,0,T51-DGC-0.50,0.0,in_domain_conditional,T51-DGC-0.50=0.0001;T51-DGC-0.33=0.0001;T51-DGC-0.67=0.9999;T51-CORNKERNEL-0.50=0.0001,0,0,True,,,,,1,0,0.0001,0.0001,0.0004742976591654368,9.999499987499375e-05,2,0,0.0002,0.0002,0.0006294441486871455,0.00014140721339450828
0,SDSRC14_MAIN9,SD-SRC14,MAIN9,"main reference nine (linear energy row, Table 5-1 verdicts in every state)","SDSRC14_MAIN9:DIAG-frontier:M2[N=128,alpha_train=m*/N=0/128]",M2_joint_chance_saa,diagnostic_frontier,,,,optimal,0.0,300.0,0.13709965767338872,,,True,SD-SRC14,True,10000,0.0581,0.06209416937476537,575,3,0.0575,0.0578,0.0617849059594433,0.002333648645362022,0.0,0,0.0581,0.06209416937476537,0.0575,0.0578,0.0617849059594433,0.0878,0.09259434546835667,0.088,0.09279908734774539,0.0878,0.088,0.0343,0.03744595235723633,0.0343,0.0555,0.05941290482351136,0.0581,0.0006,0.0,0.0003,0,6,3,T51-DGC-0.50,0.0,in_domain_conditional,T51-DGC-0.50=0.0578;T51-DGC-0.33=0.0578;T51-DGC-0.67=0.9977;T51-CORNKERNEL-0.50=0.0578,304,3,True,,,,,575,3,0.0575,0.0578,0.0617849059594433,0.002333648645362022,875,3,0.0875,0.0878,0.09259434546835667,0.0028300381622868623
0,SDSRC14_MAIN9,SD-SRC14,MAIN9,"main reference nine (linear energy row, Table 5-1 verdicts in every state)","SDSRC14_MAIN9:DIAG-frontier:M2[N=128,alpha_train=m*/N=0/128]",M2_joint_chance_saa,diagnostic_frontier,,,,optimal,0.0,300.0,0.13709965767338872,,,True,SD-12MO,False,10000,,,134,0,0.0134,0.0134,0.015450267967258404,0.001149801722037326,0.0,0,0.0172,0.019496101705165338,0.0134,0.0134,0.015450267967258404,0.0142,0.01630478205811622,0.0177,0.020026231565695912,0.0142,0.0177,0.0126,0.014594035208312922,0.0126,0.0016,0.002429109633300806,0.0172,0.0047,0.0008,0.0008,0,39,0,T51-DGC-0.50,0.0,in_domain_conditional,T51-DGC-0.50=0.0134;T51-DGC-0.33=0.0134;T51-DGC-0.67=0.9497;T51-CORNKERNEL-0.50=0.0134,6,0,True,,,,,134,0,0.0134,0.0134,0.015450267967258404,0.001149801722037326,142,0,0.0142,0.0142,0.01630478205811622,0.001183146651941339
0,SDSRC14_MAIN9,SD-SRC14,MAIN9,"main reference nine (linear energy row, Table 5-1 verdicts in every state)","SDSRC14_MAIN9:DIAG-frontier:M2[N=128,alpha_train=m*/N=0/128]",M2_joint_chance_saa,diagnostic_frontier,,,,optimal,0.0,300.0,0.13709965767338872,,,True,SD-SRC12,False,10000,,,1889,10,0.1889,0.1899,0.19646798863254383,0.003922218632355927,0.0008,8,0.1967,0.2033533699017972,0.1897,0.1899,0.19646798863254383,0.2216,0.22854101556221745,0.2269,0.2338974927692114,0.2216,0.2269,0.1668,0.1730535769305425,0.1668,0.0641,0.06827364044366122,0.1967,0.0124,0.0035,0.0038,1,90,3,T51-DGC-0.50,0.0,in_domain_conditional,T51-DGC-0.50=0.1899;T51-DGC-0.33=0.1899;T51-DGC-0.67=0.8253;T51-CORNKERNEL-0.50=0.1899,672,3,True,,,,,1897,2,0.1897,0.1899,0.19646798863254383,0.003922218632355927,2214,2,0.2214,0.2216,0.22854101556221745,0.004153232957588582
0,SDSRC14_MAIN9,SD-SRC14,MAIN9,"main reference nine (linear energy row, Table 5-1 verdicts in every state)","SDSRC14_MAIN9:DIAG-frontier:M2[N=512,alpha_train=m*/N=0/512]",M2_joint_chance_saa,diagnostic_frontier,,,,optimal,0.0,300.0,0.6161078289151192,,,True,SD-H0,False,10000,,,2082,2404,0.2082,0.4486,0.4568410003435073,0.004973510229204319,0.2463,2403,0.4893,0.4975739164959599,0.3035,0.3036,0.3112549116953294,0.4688,0.47706418958785574,0.3588,0.36676922096172915,0.3242,0.503,0.2417,0.24884699873873561,0.3878,0.1353,0.14105472446358647,0.3447,0.1475,0.0987,0.099,4,491,3,T51-DGC-0.50,0.0,in_domain_conditional,T51-DGC-0.50=0.4486;T51-DGC-0.33=0.3036;T51-DGC-0.67=0.9848;T51-CORNKERNEL-0.50=0.3036,962,3,True,,,,,3035,1,0.3035,0.3036,0.3112549116953294,0.004598119615668996,3241,1,0.3241,0.3242,0.3319863572564953,0.004680751649040996
0,SDSRC14_MAIN9,SD-SRC14,MAIN9,"main reference nine (linear energy row, Table 5-1 verdicts in every state)","SDSRC14_MAIN9:DIAG-frontier:M2[N=512,alpha_train=m*/N=0/512]",M2_joint_chance_saa,diagnostic_frontier,,,,optimal,0.0,300.0,0.6161078289151192,,,True,SD-S2,False,10000,,,0,22,0.0,0.0022,0.0031400019060426844,0.0004685253461660319,0.0022,22,0.0022,0.0031400019060426844,0.0,0.0,0.00029952835977661195,0.0024,0.0033735941066086396,0.0002,0.0006294441486871455,0.0002,0.0024,0.0,0.00029952835977661195,0.0022,0.0002,0.0006294441486871455,0.0,0.0,0.0,0.0,0,0,0,T51-DGC-0.50,0.0,in_domain_conditional,T51-DGC-0.50=0.0022;T51-DGC-0.33=0;T51-DGC-0.67=1;T51-CORNKERNEL-0.50=0,0,0,True,,,,,0,0,0.0,0.0,0.00029952835977661195,0.0,2,0,0.0002,0.0002,0.0006294441486871455,0.00014140721339450828
0,SDSRC14_MAIN9,SD-SRC14,MAIN9,"main reference nine (linear energy row, Table 5-1 verdicts in every state)","SDSRC14_MAIN9:DIAG-frontier:M2[N=512,alpha_train=m*/N=0/512]",M2_joint_chance_saa,diagnostic_frontier,,,,optimal,0.0,300.0,0.6161078289151192,,,True,SD-SRC14,True,10000,0.023,0.025621281663931808,227,145,0.0227,0.0372,0.040464477756501964,0.0018925157859315204,0.0144,142,0.0372,0.040464477756501964,0.0227,0.023,0.025621281663931808,0.0534,0.05724558689979794,0.0392,0.04254321706826947,0.0393,0.0533,0.0121,0.01405794553334776,0.0264,0.0274,0.030239426209546304,0.023,0.0003,0.0,0.0003,0,3,3,T51-DGC-0.50,0.0,in_domain_conditional,T51-DGC-0.50=0.0372;T51-DGC-0.33=0.023;T51-DGC-0.67=1;T51-CORNKERNEL-0.50=0.023,304,3,True,,,,,227,3,0.0227,0.023,0.025621281663931808,0.0014990330216509574,390,3,0.039,0.0393,0.04264709372189275,0.0019430777133197736
0,SDSRC14_MAIN9,SD-SRC14,MAIN9,"main reference nine (linear energy row, Table 5-1 verdicts in every state)","SDSRC14_MAIN9:DIAG-frontier:M2[N=512,alpha_train=m*/N=0/512]",M2_joint_chance_saa,diagnostic_frontier,,,,optimal,0.0,300.0,0.6161078289151192,,,True,SD-12MO,False,10000,,,101,844,0.0101,0.0945,0.09944938678032991,0.0029252307601281644,0.0844,844,0.1047,0.10987147809666455,0.0138,0.0138,0.015877730577946277,0.0952,0.10016514751608992,0.0246,0.02730302219139564,0.0145,0.1053,0.0104,0.012229096975880214,0.0911,0.0046,0.005877811185041439,0.024,0.0143,0.0039,0.0039,0,104,0,T51-DGC-0.50,0.0,in_domain_conditional,T51-DGC-0.50=0.0945;T51-DGC-0.33=0.0138;T51-DGC-0.67=1;T51-CORNKERNEL-0.50=0.0138,6,0,True,,,,,138,0,0.0138,0.0138,0.015877730577946277,0.0011666001885821894,145,0,0.0145,0.0145,0.016624811088984656,0.001195397423453807
0,SDSRC14_MAIN9,SD-SRC14,MAIN9,"main reference nine (linear energy row, Table 5-1 verdicts in every state)","SDSRC14_MAIN9:DIAG-frontier:M2[N=512,alpha_train=m*/N=0/512]",M2_joint_chance_saa,diagnostic_frontier,,,,optimal,0.0,300.0,0.6161078289151192,,,True,SD-SRC12,False,10000,,,585,2109,0.0585,0.2694,0.2767964792953713,0.0044364810379398665,0.2152,2107,0.2815,0.2889938955584819,0.1453,0.1455,0.1514261560896465,0.2888,0.29634944991937634,0.1762,0.18258626372341266,0.1661,0.2988,0.1313,0.136984633625958,0.2561,0.0414,0.04482724280527433,0.1577,0.0214,0.0074,0.0077,1,141,3,T51-DGC-0.50,0.0,in_domain_conditional,T51-DGC-0.50=0.2694;T51-DGC-0.33=0.1455;T51-DGC-0.67=0.9857;T51-CORNKERNEL-0.50=0.1455,672,3,True,,,,,1453,2,0.1453,0.1455,0.1514261560896465,0.0035260423990644244,1659,2,0.1659,0.1661,0.17234342126712174,0.0037217037764980705
0,SDSRC14_MAIN9,SD-SRC14,MAIN9,"main reference nine (linear energy row, Table 5-1 verdicts in every state)","SDSRC14_MAIN9:DIAG-frontier:M2[N=1024,alpha_train=m*/N=0/1024]",M2_joint_chance_saa,diagnostic_frontier,,,,optimal,0.0,300.0,1.4394489200785756,,,True,SD-H0,False,10000,,,1951,3149,0.1951,0.51,0.5182696976909172,0.004998999899979995,0.3215,3148,0.5504,0.5586207626847752,0.3135,0.3136,0.3213209010985474,0.5358,0.5440446829345058,0.3742,0.38223607848431884,0.3411,0.5684,0.2545,0.26176701526294743,0.4521,0.1448,0.1507147129410891,0.3548,0.1538,0.106,0.1063,5,482,3,T51-DGC-0.50,0.0,in_domain_conditional,T51-DGC-0.50=0.51;T51-DGC-0.33=0.3136;T51-DGC-0.67=0.9901;T51-CORNKERNEL-0.50=0.3136,962,3,True,,,,,3135,1,0.3135,0.3136,0.3213209010985474,0.004639558599694588,3410,1,0.341,0.3411,0.34898144521842034,0.004740788858407428
0,SDSRC14_MAIN9,SD-SRC14,MAIN9,"main reference nine (linear energy row, Table 5-1 verdicts in every state)","SDSRC14_MAIN9:DIAG-frontier:M2[N=1024,alpha_train=m*/N=0/1024]",M2_joint_chance_saa,diagnostic_frontier,,,,optimal,0.0,300.0,1.4394489200785756,,,True,SD-S2,False,10000,,,1,316,0.0001,0.0317,0.03473483827496598,0.0017520019977157561,0.0316,316,0.0317,0.03473483827496598,0.0001,0.0001,0.0004742976591654368,0.0321,0.03515225343885038,0.0005,0.0010510137186384818,0.0005,0.0321,0.0001,0.0004742976591654368,0.0317,0.0004,0.0009151160584710777,0.0001,0.0,0.0,0.0,0,0,0,T51-DGC-0.50,0.0,in_domain_conditional,T51-DGC-0.50=0.0317;T51-DGC-0.33=0.0001;T51-DGC-0.67=1;T51-CORNKERNEL-0.50=0.0001,0,0,True,,,,,1,0,0.0001,0.0001,0.0004742976591654368,9.999499987499375e-05,5,0,0.0005,0.0005,0.0010510137186384818,0.0002235508890610816
0,SDSRC14_MAIN9,SD-SRC14,MAIN9,"main reference nine (linear energy row, Table 5-1 verdicts in every state)","SDSRC14_MAIN9:DIAG-frontier:M2[N=1024,alpha_train=m*/N=0/1024]",M2_joint_chance_saa,diagnostic_frontier,,,,optimal,0.0,300.0,1.4394489200785756,,,True,SD-SRC14,True,10000,0.0113,0.01319855965084901,110,706,0.011,0.0816,0.08624363646419601,0.002737543424313119,0.0709,703,0.0817,0.08634612625410705,0.011,0.0113,0.01319855965084901,0.1053,0.11048405858590342,0.0355,0.038695653141705755,0.0356,0.1053,0.008,0.009627115812045468,0.0786,0.0279,0.030762973644915502,0.0113,0.0003,0.0,0.0003,0,3,3,T51-DGC-0.50,0.0,in_domain_conditional,T51-DGC-0.50=0.0816;T51-DGC-0.33=0.0113;T51-DGC-0.67=1;T51-CORNKERNEL-0.50=0.0113,304,3,True,,,,,110,3,0.011,0.0113,0.01319855965084901,0.0010569914853015608,353,3,0.0353,0.0356,0.03879975218114177,0.0018529069053786807
0,SDSRC14_MAIN9,SD-SRC14,MAIN9,"main reference nine (linear energy row, Table 5-1 verdicts in every state)","SDSRC14_MAIN9:DIAG-frontier:M2[N=1024,alpha_train=m*/N=0/1024]",M2_joint_chance_saa,diagnostic_frontier,,,,optimal,0.0,300.0,1.4394489200785756,,,True,SD-12MO,False,10000,,,124,1823,0.0124,0.1947,0.20132857726988304,0.003959695821650951,0.1823,1823,0.2048,0.2115511340028608,0.0187,0.0187,0.02108517212482378,0.1959,0.20254348442662434,0.0297,0.032645887408772625,0.0199,0.2057,0.0139,0.015984531309761362,0.1899,0.0067,0.008204600723855685,0.0288,0.0159,0.0055,0.0055,0,104,0,T51-DGC-0.50,0.0,in_domain_conditional,T51-DGC-0.50=0.1947;T51-DGC-0.33=0.0187;T51-DGC-0.67=1;T51-CORNKERNEL-0.50=0.0187,6,0,True,,,,,187,0,0.0187,0.0187,0.02108517212482378,0.0013546331606748745,199,0,0.0199,0.0199,0.022353739386156476,0.0013965668619869225
0,SDSRC14_MAIN9,SD-SRC14,MAIN9,"main reference nine (linear energy row, Table 5-1 verdicts in every state)","SDSRC14_MAIN9:DIAG-frontier:M2[N=1024,alpha_train=m*/N=0/1024]",M2_joint_chance_saa,diagnostic_frontier,,,,optimal,0.0,300.0,1.4394489200785756,,,True,SD-SRC12,False,10000,,,384,2992,0.0384,0.3376,0.3454626707955994,0.00472891361731212,0.3025,2990,0.3499,0.35782656907410754,0.1437,0.1439,0.1497999323922455,0.3631,0.3710887677172029,0.1826,0.1890728193236741,0.1724,0.3729,0.1363,0.1420719880424437,0.3306,0.0438,0.047316047993253375,0.1566,0.0227,0.0088,0.0091,1,140,3,T51-DGC-0.50,0.0,in_domain_conditional,T51-DGC-0.50=0.3376;T51-DGC-0.33=0.1439;T51-DGC-0.67=0.9902;T51-CORNKERNEL-0.50=0.1439,672,3,True,,,,,1437,2,0.1437,0.1439,0.1497999323922455,0.0035098830464845975,1722,2,0.1722,0.1724,0.1787334392103514,0.0037772773263291116
0,SD12MO_MAIN9,SD-12MO,MAIN9,"main reference nine (linear energy row, Table 5-1 verdicts in every state)",SD12MO_MAIN9:M0,M0_nominal,method,,,,optimal,,300.0,0.010899198241531849,,,True,SD-H0,False,10000,,,8755,0,0.8755,0.8755,0.8808991863824648,0.003301511017700835,0.0,0,0.9065,0.9112507208564402,0.8755,0.8755,0.8808991863824648,0.8841,0.8893320976614127,0.9135,0.9180842208545215,0.8841,0.9135,0.5363,0.5445439808679507,0.5363,0.743,0.7501847308463173,0.9065,0.5054,0.3538,0.3538,39,1555,0,T51-DGC-0.50,0.0,in_domain_conditional,T51-DGC-0.50=0.8755;T51-DGC-0.33=0.8755;T51-DGC-0.67=0.8755;T51-CORNKERNEL-0.50=0.8755,953,0,True,,,alpha=0.01:False;alpha=0.05:False;alpha=0.1:False,alpha=0.01:False;alpha=0.05:False;alpha=0.1:False,8755,0,0.8755,0.8755,0.8808991863824648,0.003301511017700835,8841,0,0.8841,0.8841,0.8893320976614127,0.003201049671592117
0,SD12MO_MAIN9,SD-12MO,MAIN9,"main reference nine (linear energy row, Table 5-1 verdicts in every state)",SD12MO_MAIN9:M0,M0_nominal,method,,,,optimal,,300.0,0.010899198241531849,,,True,SD-S2,False,10000,,,8032,0,0.8032,0.8032,0.8097237760937208,0.00397579878766519,0.0,0,0.8729,0.8783480014825316,0.8032,0.8032,0.8097237760937208,0.8032,0.8097237760937208,0.8729,0.8783480014825316,0.8032,0.8729,0.5009,0.5091732884868139,0.5009,0.6196,0.627609036929168,0.8729,0.5034,0.2168,0.2168,1,2867,0,T51-DGC-0.50,0.0,in_domain_conditional,T51-DGC-0.50=0.8032;T51-DGC-0.33=0.8032;T51-DGC-0.67=0.8032;T51-CORNKERNEL-0.50=0.8032,0,0,True,,,alpha=0.01:False;alpha=0.05:False;alpha=0.1:False,alpha=0.01:False;alpha=0.05:False;alpha=0.1:False,8032,0,0.8032,0.8032,0.8097237760937208,0.00397579878766519,8032,0,0.8032,0.8032,0.8097237760937208,0.00397579878766519
0,SD12MO_MAIN9,SD-12MO,MAIN9,"main reference nine (linear energy row, Table 5-1 verdicts in every state)",SD12MO_MAIN9:M0,M0_nominal,method,,,,optimal,,300.0,0.010899198241531849,,,True,SD-SRC14,False,10000,,,8755,0,0.8755,0.8755,0.8808991863824648,0.003301511017700835,0.0,0,0.9065,0.9112507208564402,0.8755,0.8755,0.8808991863824648,0.8841,0.8893320976614127,0.9135,0.9180842208545215,0.8841,0.9135,0.5363,0.5445439808679507,0.5363,0.743,0.7501847308463173,0.9065,0.5053,0.3538,0.3538,39,1554,0,T51-DGC-0.50,0.0,in_domain_conditional,T51-DGC-0.50=0.8755;T51-DGC-0.33=0.8755;T51-DGC-0.67=0.8755;T51-CORNKERNEL-0.50=0.8755,295,0,True,,,alpha=0.01:False;alpha=0.05:False;alpha=0.1:False,alpha=0.01:False;alpha=0.05:False;alpha=0.1:False,8755,0,0.8755,0.8755,0.8808991863824648,0.003301511017700835,8841,0,0.8841,0.8841,0.8893320976614127,0.003201049671592117
0,SD12MO_MAIN9,SD-12MO,MAIN9,"main reference nine (linear energy row, Table 5-1 verdicts in every state)",SD12MO_MAIN9:M0,M0_nominal,method,,,,optimal,,300.0,0.010899198241531849,,,True,SD-12MO,True,10000,0.8728,0.8782498638345831,8032,0,0.8032,0.8032,0.8097237760937208,0.00397579878766519,0.0,0,0.8728,0.8782498638345831,0.8032,0.8032,0.8097237760937208,0.8032,0.8097237760937208,0.8728,0.8782498638345831,0.8032,0.8728,0.5009,0.5091732884868139,0.5009,0.6196,0.627609036929168,0.8728,0.5033,0.2169,0.2169,1,2865,0,T51-DGC-0.50,0.0,in_domain_conditional,T51-DGC-0.50=0.8032;T51-DGC-0.33=0.8032;T51-DGC-0.67=0.8032;T51-CORNKERNEL-0.50=0.8032,6,0,True,,,alpha=0.01:False;alpha=0.05:False;alpha=0.1:False,alpha=0.01:False;alpha=0.05:False;alpha=0.1:False,8032,0,0.8032,0.8032,0.8097237760937208,0.00397579878766519,8032,0,0.8032,0.8032,0.8097237760937208,0.00397579878766519
0,SD12MO_MAIN9,SD-12MO,MAIN9,"main reference nine (linear energy row, Table 5-1 verdicts in every state)",SD12MO_MAIN9:M0,M0_nominal,method,,,,optimal,,300.0,0.010899198241531849,,,True,SD-SRC12,False,10000,,,8755,0,0.8755,0.8755,0.8808991863824648,0.003301511017700835,0.0,0,0.9065,0.9112507208564402,0.8755,0.8755,0.8808991863824648,0.8841,0.8893320976614127,0.9135,0.9180842208545215,0.8841,0.9135,0.5363,0.5445439808679507,0.5363,0.743,0.7501847308463173,0.9065,0.5053,0.3538,0.3538,39,1554,0,T51-DGC-0.50,0.0,in_domain_conditional,T51-DGC-0.50=0.8755;T51-DGC-0.33=0.8755;T51-DGC-0.67=0.8755;T51-CORNKERNEL-0.50=0.8755,663,0,True,,,alpha=0.01:False;alpha=0.05:False;alpha=0.1:False,alpha=0.01:False;alpha=0.05:False;alpha=0.1:False,8755,0,0.8755,0.8755,0.8808991863824648,0.003301511017700835,8841,0,0.8841,0.8841,0.8893320976614127,0.003201049671592117
0,SD12MO_MAIN9,SD-12MO,MAIN9,"main reference nine (linear energy row, Table 5-1 verdicts in every state)","SD12MO_MAIN9:M1[relative,apply_to_dm=True]@alpha=0.05",M1_safety_margin,method,0.05,not_met,,,,300.0,,optimal;proven_infeasible,"no value of the declared grid met the validation screen (candidate statuses: optimal, proven_infeasible); a grid without a solution is not a statement about the whole decision space",False,,,,,,,,,,,,,,,,,,,,,,,,,,,,,,,,,,,,,,,,,,,,,,,,,,,,,,,,,,,
0,SD12MO_MAIN9,SD-12MO,MAIN9,"main reference nine (linear energy row, Table 5-1 verdicts in every state)","SD12MO_MAIN9:M1[relative,apply_to_dm=False]@alpha=0.05",M1_safety_margin,method,0.05,not_met,,,,300.0,,optimal;proven_infeasible,"no value of the declared grid met the validation screen (candidate statuses: optimal, proven_infeasible); a grid without a solution is not a statement about the whole decision space",False,,,,,,,,,,,,,,,,,,,,,,,,,,,,,,,,,,,,,,,,,,,,,,,,,,,,,,,,,,,
0,SD12MO_MAIN9,SD-12MO,MAIN9,"main reference nine (linear energy row, Table 5-1 verdicts in every state)",SD12MO_MAIN9:M2[N=128]@alpha=0.05,M2_joint_chance_saa,method,0.05,not_met,,,,300.0,,optimal,no value of the declared grid met the validation screen (candidate statuses: optimal); a grid without a solution is not a statement about the whole decision space,False,,,,,,,,,,,,,,,,,,,,,,,,,,,,,,,,,,,,,,,,,,,,,,,,,,,,,,,,,,,
0,SD12MO_MAIN9,SD-12MO,MAIN9,"main reference nine (linear energy row, Table 5-1 verdicts in every state)",SD12MO_MAIN9:M2[N=512]@alpha=0.05,M2_joint_chance_saa,method,0.05,selected,alpha_train=0.025,optimal,9.999212289806603e-05,300.0,56.019127927254885,optimal,,True,SD-H0,False,10000,,,3954,2,0.3954,0.3956,0.4037147385730804,0.004889791815609331,0.0,0,0.4742,0.48246809698974175,0.3954,0.3956,0.4037147385730804,0.4324,0.4406125547082963,0.5034,0.5116725733955265,0.4324,0.5034,0.2678,0.2751830880366036,0.2678,0.2203,0.2272269181056857,0.4742,0.1375,0.0235,0.0238,1,1141,3,T51-DGC-0.50,0.0,in_domain_conditional,T51-DGC-0.50=0.3956;T51-DGC-0.33=0.3956;T51-DGC-0.67=0.3956;T51-CORNKERNEL-0.50=0.3956,962,3,True,False,False,alpha=0.05:False,alpha=0.05:False,3954,2,0.3954,0.3956,0.4037147385730804,0.004889791815609331,4322,2,0.4322,0.4324,0.4406125547082963,0.004954091642269045
0,SD12MO_MAIN9,SD-12MO,MAIN9,"main reference nine (linear energy row, Table 5-1 verdicts in every state)",SD12MO_MAIN9:M2[N=512]@alpha=0.05,M2_joint_chance_saa,method,0.05,selected,alpha_train=0.025,optimal,9.999212289806603e-05,300.0,56.019127927254885,optimal,,True,SD-S2,False,10000,,,259,0,0.0259,0.0259,0.028667345908179917,0.001588369919130931,0.0,0,0.0323,0.035360915991172616,0.0259,0.0259,0.028667345908179917,0.026,0.028772220709171868,0.0324,0.035465236127735195,0.026,0.0324,0.0222,0.024779263727218618,0.0222,0.0041,0.005316495826732534,0.0323,0.0064,0.0,0.0,0,64,0,T51-DGC-0.50,0.0,in_domain_conditional,T51-DGC-0.50=0.0259;T51-DGC-0.33=0.0259;T51-DGC-0.67=0.0259;T51-CORNKERNEL-0.50=0.0259,0,0,True,True,True,alpha=0.05:True,alpha=0.05:True,259,0,0.0259,0.0259,0.028667345908179917,0.001588369919130931,260,0,0.026,0.026,0.028772220709171868,0.0015913516267626084
0,SD12MO_MAIN9,SD-12MO,MAIN9,"main reference nine (linear energy row, Table 5-1 verdicts in every state)",SD12MO_MAIN9:M2[N=512]@alpha=0.05,M2_joint_chance_saa,method,0.05,selected,alpha_train=0.025,optimal,9.999212289806603e-05,300.0,56.019127927254885,optimal,,True,SD-SRC14,False,10000,,,3830,2,0.383,0.3832,0.39127115310652083,0.004861663912694911,0.0,0,0.4556,0.46385057237971367,0.383,0.3832,0.39127115310652083,0.4219,0.43008938450484113,0.4878,0.49607367443452877,0.4219,0.4878,0.2616,0.2689300458929402,0.2616,0.2116,0.21843003109827344,0.4556,0.1161,0.0125,0.0128,0,1036,3,T51-DGC-0.50,0.0,in_domain_conditional,T51-DGC-0.50=0.3832;T51-DGC-0.33=0.3832;T51-DGC-0.67=0.3832;T51-CORNKERNEL-0.50=0.3832,304,3,True,False,False,alpha=0.05:False,alpha=0.05:False,3830,2,0.383,0.3832,0.39127115310652083,0.004861663912694911,4217,2,0.4217,0.4219,0.43008938450484113,0.004938627238413525
0,SD12MO_MAIN9,SD-12MO,MAIN9,"main reference nine (linear energy row, Table 5-1 verdicts in every state)",SD12MO_MAIN9:M2[N=512]@alpha=0.05,M2_joint_chance_saa,method,0.05,selected,alpha_train=0.025,optimal,9.999212289806603e-05,300.0,56.019127927254885,optimal,,True,SD-12MO,True,10000,0.0372,0.040464477756501964,266,0,0.0266,0.0266,0.029401258125766928,0.0016091127990293284,0.0,0,0.0372,0.040464477756501964,0.0266,0.0266,0.029401258125766928,0.0267,0.02950606297969416,0.0373,0.04056847067384575,0.0267,0.0373,0.0228,0.02541085164395244,0.0228,0.0041,0.005316495826732534,0.0372,0.011,0.0,0.0,0,110,0,T51-DGC-0.50,0.0,in_domain_conditional,T51-DGC-0.50=0.0266;T51-DGC-0.33=0.0266;T51-DGC-0.67=0.0266;T51-CORNKERNEL-0.50=0.0266,6,0,True,True,True,alpha=0.05:True,alpha=0.05:True,266,0,0.0266,0.0266,0.029401258125766928,0.0016091127990293284,267,0,0.0267,0.0267,0.02950606297969416,0.0016120517981752325
0,SD12MO_MAIN9,SD-12MO,MAIN9,"main reference nine (linear energy row, Table 5-1 verdicts in every state)",SD12MO_MAIN9:M2[N=512]@alpha=0.05,M2_joint_chance_saa,method,0.05,selected,alpha_train=0.025,optimal,9.999212289806603e-05,300.0,56.019127927254885,optimal,,True,SD-SRC12,False,10000,,,3849,2,0.3849,0.3851,0.39317818595583315,0.004866189371571969,0.0,0,0.4601,0.46835586422627234,0.3849,0.3851,0.39317818595583315,0.4228,0.4309915174477551,0.4911,0.4993741092191037,0.4228,0.4911,0.2621,0.2694343919165655,0.2621,0.2132,0.2200481860641956,0.4601,0.1218,0.0146,0.0149,0,1072,3,T51-DGC-0.50,0.0,in_domain_conditional,T51-DGC-0.50=0.3851;T51-DGC-0.33=0.3851;T51-DGC-0.67=0.3851;T51-CORNKERNEL-0.50=0.3851,672,3,True,False,False,alpha=0.05:False,alpha=0.05:False,3849,2,0.3849,0.3851,0.39317818595583315,0.004866189371571969,4226,2,0.4226,0.4228,0.4309915174477551,0.004940042105083721
0,SD12MO_MAIN9,SD-12MO,MAIN9,"main reference nine (linear energy row, Table 5-1 verdicts in every state)",SD12MO_MAIN9:M2[N=1024]@alpha=0.05,M2_joint_chance_saa,method,0.05,selected,alpha_train=0.025,feasible_time_limit,0.01361609821512116,300.0,301.5845527020283,feasible_time_limit;optimal,,True,SD-H0,False,10000,,,3803,2,0.3803,0.3805,0.38856093679950743,0.0048550978362953716,0.0,0,0.4626,0.4708585134867903,0.3803,0.3805,0.38856093679950743,0.4437,0.4519333260057174,0.5139,0.5221673246187798,0.4437,0.5139,0.2273,0.23430169093099343,0.2273,0.2677,0.27508224706617024,0.4626,0.1566,0.0405,0.0408,3,1164,3,T51-DGC-0.50,0.0,in_domain_conditional,T51-DGC-0.50=0.3805;T51-DGC-0.33=0.3805;T51-DGC-0.67=0.3805;T51-CORNKERNEL-0.50=0.3805,962,3,True,False,False,alpha=0.05:False,alpha=0.05:False,3803,2,0.3803,0.3805,0.38856093679950743,0.0048550978362953716,4435,2,0.4435,0.4437,0.4519333260057174,0.004968201988647402
0,SD12MO_MAIN9,SD-12MO,MAIN9,"main reference nine (linear energy row, Table 5-1 verdicts in every state)",SD12MO_MAIN9:M2[N=1024]@alpha=0.05,M2_joint_chance_saa,method,0.05,selected,alpha_train=0.025,feasible_time_limit,0.01361609821512116,300.0,301.5845527020283,feasible_time_limit;optimal,,True,SD-S2,False,10000,,,200,0,0.02,0.02,0.02245935301710235,0.0014,0.0,0,0.0315,0.03452608511537769,0.02,0.02,0.02245935301710235,0.0223,0.024884559877903285,0.0338,0.036924957511536,0.0223,0.0338,0.0149,0.01705118312372347,0.0149,0.0076,0.00919057216064849,0.0315,0.0116,0.0001,0.0001,0,115,0,T51-DGC-0.50,0.0,in_domain_conditional,T51-DGC-0.50=0.02;T51-DGC-0.33=0.02;T51-DGC-0.67=0.02;T51-CORNKERNEL-0.50=0.02,0,0,True,True,True,alpha=0.05:True,alpha=0.05:True,200,0,0.02,0.02,0.02245935301710235,0.0014,223,0,0.0223,0.0223,0.024884559877903285,0.0014765740753514536
0,SD12MO_MAIN9,SD-12MO,MAIN9,"main reference nine (linear energy row, Table 5-1 verdicts in every state)",SD12MO_MAIN9:M2[N=1024]@alpha=0.05,M2_joint_chance_saa,method,0.05,selected,alpha_train=0.025,feasible_time_limit,0.01361609821512116,300.0,301.5845527020283,feasible_time_limit;optimal,,True,SD-SRC14,False,10000,,,3671,2,0.3671,0.3673,0.3753072000134872,0.004820691962778788,0.0,0,0.4481,0.4563402540496878,0.3671,0.3673,0.3753072000134872,0.4327,0.44091316177838685,0.5024,0.5106728841007919,0.4327,0.5024,0.2207,0.22763126614810844,0.2207,0.2602,0.26751781256193696,0.4481,0.143,0.0292,0.0295,0,1138,3,T51-DGC-0.50,0.0,in_domain_conditional,T51-DGC-0.50=0.3673;T51-DGC-0.33=0.3673;T51-DGC-0.67=0.3673;T51-CORNKERNEL-0.50=0.3673,304,3,True,False,False,alpha=0.05:False,alpha=0.05:False,3671,2,0.3671,0.3673,0.3753072000134872,0.004820691962778788,4325,2,0.4325,0.4327,0.44091316177838685,0.0049545000756887675
0,SD12MO_MAIN9,SD-12MO,MAIN9,"main reference nine (linear energy row, Table 5-1 verdicts in every state)",SD12MO_MAIN9:M2[N=1024]@alpha=0.05,M2_joint_chance_saa,method,0.05,selected,alpha_train=0.025,feasible_time_limit,0.01361609821512116,300.0,301.5845527020283,feasible_time_limit;optimal,,True,SD-12MO,True,10000,0.0361,0.039320151242946695,202,0,0.0202,0.0202,0.02267053568297092,0.0014068390099794645,0.0,0,0.0361,0.039320151242946695,0.0202,0.0202,0.02267053568297092,0.0224,0.02498984331995396,0.0383,0.04160807225258404,0.0224,0.0383,0.0152,0.017370720343188973,0.0152,0.0074,0.0089719337548342,0.0361,0.0162,0.0001,0.0001,0,161,0,T51-DGC-0.50,0.0,in_domain_conditional,T51-DGC-0.50=0.0202;T51-DGC-0.33=0.0202;T51-DGC-0.67=0.0202;T51-CORNKERNEL-0.50=0.0202,6,0,True,True,True,alpha=0.05:True,alpha=0.05:True,202,0,0.0202,0.0202,0.02267053568297092,0.0014068390099794645,224,0,0.0224,0.0224,0.02498984331995396,0.0014798053926107987
0,SD12MO_MAIN9,SD-12MO,MAIN9,"main reference nine (linear energy row, Table 5-1 verdicts in every state)",SD12MO_MAIN9:M2[N=1024]@alpha=0.05,M2_joint_chance_saa,method,0.05,selected,alpha_train=0.025,feasible_time_limit,0.01361609821512116,300.0,301.5845527020283,feasible_time_limit;optimal,,True,SD-SRC12,False,10000,,,3715,2,0.3715,0.3717,0.3797258158220012,0.00483258843685245,0.0,0,0.4532,0.46144747458104474,0.3715,0.3717,0.3797258158220012,0.4372,0.4454219031631267,0.5067,0.5149713146833761,0.4372,0.5067,0.2241,0.2310678540679805,0.2241,0.2625,0.2698378600356259,0.4532,0.146,0.0315,0.0318,0,1145,3,T51-DGC-0.50,0.0,in_domain_conditional,T51-DGC-0.50=0.3717;T51-DGC-0.33=0.3717;T51-DGC-0.67=0.3717;T51-CORNKERNEL-0.50=0.3717,672,3,True,False,False,alpha=0.05:False,alpha=0.05:False,3715,2,0.3715,0.3717,0.3797258158220012,0.00483258843685245,4370,2,0.437,0.4372,0.4454219031631267,0.0049604048221894145
0,SD12MO_MAIN9,SD-12MO,MAIN9,"main reference nine (linear energy row, Table 5-1 verdicts in every state)",SD12MO_MAIN9:M3a[factory box]@alpha=0.05,M3a_box_robust,method,0.05,not_met,,,,300.0,,optimal;proven_infeasible,"no value of the declared grid met the validation screen (candidate statuses: optimal, proven_infeasible); a grid without a solution is not a statement about the whole decision space",False,,,,,,,,,,,,,,,,,,,,,,,,,,,,,,,,,,,,,,,,,,,,,,,,,,,,,,,,,,,
0,SD12MO_MAIN9,SD-12MO,MAIN9,"main reference nine (linear energy row, Table 5-1 verdicts in every state)","SD12MO_MAIN9:M3b[factory box k=3, Gamma selected]@alpha=0.05",M3b_budget_robust,method,0.05,selected,gamma=1,optimal,,300.0,0.007249063346534967,optimal;proven_infeasible,,True,SD-H0,False,10000,,,3492,2,0.3492,0.3494,0.35732408433728763,0.004767804945674687,0.0,0,0.3837,0.39177301636315176,0.3492,0.3494,0.35732408433728763,0.3987,0.4068247865962954,0.4254,0.4335975242056099,0.3987,0.4254,0.1653,0.17153176695331376,0.1653,0.2825,0.2900016468393315,0.3837,0.0861,0.0371,0.0374,0,490,3,T51-DGC-0.50,0.0,in_domain_conditional,T51-DGC-0.50=0.3494;T51-DGC-0.33=0.3494;T51-DGC-0.67=0.3518;T51-CORNKERNEL-0.50=0.3494,962,3,True,False,False,alpha=0.05:False,alpha=0.05:False,3492,2,0.3492,0.3494,0.35732408433728763,0.004767804945674687,3985,2,0.3985,0.3987,0.4068247865962954,0.004896307894730477
0,SD12MO_MAIN9,SD-12MO,MAIN9,"main reference nine (linear energy row, Table 5-1 verdicts in every state)","SD12MO_MAIN9:M3b[factory box k=3, Gamma selected]@alpha=0.05",M3b_budget_robust,method,0.05,selected,gamma=1,optimal,,300.0,0.007249063346534967,optimal;proven_infeasible,,True,SD-S2,False,10000,,,113,0,0.0113,0.0113,0.01319855965084901,0.0010569914853015608,0.0,0,0.0113,0.01319855965084901,0.0113,0.0113,0.01319855965084901,0.0118,0.01373592054758397,0.0118,0.01373592054758397,0.0118,0.0118,0.0008,0.0014430005782821718,0.0008,0.011,0.012875732808519506,0.0113,0.0,0.0,0.0,0,0,0,T51-DGC-0.50,0.0,in_domain_conditional,T51-DGC-0.50=0.0113;T51-DGC-0.33=0.0113;T51-DGC-0.67=0.0113;T51-CORNKERNEL-0.50=0.0113,0,0,True,True,True,alpha=0.05:True,alpha=0.05:True,113,0,0.0113,0.0113,0.01319855965084901,0.0010569914853015608,118,0,0.0118,0.0118,0.01373592054758397,0.0010798499895818862
0,SD12MO_MAIN9,SD-12MO,MAIN9,"main reference nine (linear energy row, Table 5-1 verdicts in every state)","SD12MO_MAIN9:M3b[factory box k=3, Gamma selected]@alpha=0.05",M3b_budget_robust,method,0.05,selected,gamma=1,optimal,,300.0,0.007249063346534967,optimal;proven_infeasible,,True,SD-SRC14,False,10000,,,2873,2,0.2873,0.2875,0.29503973044699505,0.004525966747557918,0.0,0,0.2995,0.3071266403331621,0.2873,0.2875,0.29503973044699505,0.3417,0.34958461613785324,0.3521,0.3600373895027476,0.3417,0.3521,0.1158,0.12119626244088051,0.1158,0.2549,0.26217063229634174,0.2995,0.0178,0.0018,0.0021,0,160,3,T51-DGC-0.50,0.0,in_domain_conditional,T51-DGC-0.50=0.2875;T51-DGC-0.33=0.2875;T51-DGC-0.67=0.2875;T51-CORNKERNEL-0.50=0.2875,304,3,True,False,False,alpha=0.05:False,alpha=0.05:False,2873,2,0.2873,0.2875,0.29503973044699505,0.004525966747557918,3415,2,0.3415,0.3417,0.34958461613785324,0.004742795694524486
0,SD12MO_MAIN9,SD-12MO,MAIN9,"main reference nine (linear energy row, Table 5-1 verdicts in every state)","SD12MO_MAIN9:M3b[factory box k=3, Gamma selected]@alpha=0.05",M3b_budget_robust,method,0.05,selected,gamma=1,optimal,,300.0,0.007249063346534967,optimal;proven_infeasible,,True,SD-12MO,True,10000,0.015,0.017157718182010534,126,0,0.0126,0.0126,0.014594035208312922,0.0011154030661603904,0.0,0,0.015,0.017157718182010534,0.0126,0.0126,0.014594035208312922,0.0138,0.015877730577946277,0.0162,0.018434426987497563,0.0138,0.0162,0.0021,0.003022646902952879,0.0021,0.0117,0.013628514721131038,0.015,0.0025,0.0001,0.0001,0,24,0,T51-DGC-0.50,0.0,in_domain_conditional,T51-DGC-0.50=0.0126;T51-DGC-0.33=0.0126;T51-DGC-0.67=0.0126;T51-CORNKERNEL-0.50=0.0126,6,0,True,True,True,alpha=0.05:True,alpha=0.05:True,126,0,0.0126,0.0126,0.014594035208312922,0.0011154030661603904,138,0,0.0138,0.0138,0.015877730577946277,0.0011666001885821894
0,SD12MO_MAIN9,SD-12MO,MAIN9,"main reference nine (linear energy row, Table 5-1 verdicts in every state)","SD12MO_MAIN9:M3b[factory box k=3, Gamma selected]@alpha=0.05",M3b_budget_robust,method,0.05,selected,gamma=1,optimal,,300.0,0.007249063346534967,optimal;proven_infeasible,,True,SD-SRC12,False,10000,,,3135,2,0.3135,0.3137,0.32142154002382795,0.004639960236898588,0.0,0,0.3316,0.339429376140537,0.3135,0.3137,0.32142154002382795,0.3663,0.3743028702603447,0.3808,0.38886208485684653,0.3663,0.3808,0.1446,0.15051143499597183,0.1446,0.2596,0.26691254053363833,0.3316,0.0325,0.006,0.0063,0,265,3,T51-DGC-0.50,0.0,in_domain_conditional,T51-DGC-0.50=0.3137;T51-DGC-0.33=0.3137;T51-DGC-0.67=0.3137;T51-CORNKERNEL-0.50=0.3137,672,3,True,False,False,alpha=0.05:False,alpha=0.05:False,3135,2,0.3135,0.3137,0.32142154002382795,0.004639960236898588,3661,2,0.3661,0.3663,0.3743028702603447,0.004817928081655018
0,SD12MO_MAIN9,SD-12MO,MAIN9,"main reference nine (linear energy row, Table 5-1 verdicts in every state)","SD12MO_MAIN9:M1[relative,apply_to_dm=True]@alpha=0.1",M1_safety_margin,method,0.1,not_met,,,,300.0,,optimal;proven_infeasible,"no value of the declared grid met the validation screen (candidate statuses: optimal, proven_infeasible); a grid without a solution is not a statement about the whole decision space",False,,,,,,,,,,,,,,,,,,,,,,,,,,,,,,,,,,,,,,,,,,,,,,,,,,,,,,,,,,,
0,SD12MO_MAIN9,SD-12MO,MAIN9,"main reference nine (linear energy row, Table 5-1 verdicts in every state)","SD12MO_MAIN9:M1[relative,apply_to_dm=False]@alpha=0.1",M1_safety_margin,method,0.1,selected,k=0.075,optimal,,300.0,0.00856330618262291,optimal;proven_infeasible,,True,SD-H0,False,10000,,,3220,3857,0.322,0.7077,0.7151857357138498,0.004548194257065105,0.4806,3856,0.7256,0.7329403114140762,0.4974,0.4975,0.5057739311146607,0.7683,0.7752315807555614,0.5801,0.5882500477853642,0.5732,0.7749,0.3307,0.3385242600858349,0.5871,0.382,0.3900666447864986,0.5164,0.1164,0.086,0.0863,6,309,3,T51-DGC-0.50,0.0,in_domain_conditional,T51-DGC-0.50=0.7077;T51-DGC-0.33=0.4975;T51-DGC-0.67=0.9959;T51-CORNKERNEL-0.50=0.4975,962,3,True,False,False,sensitivity_line_not_an_entry,,4974,1,0.4974,0.4975,0.5057739311146607,0.00499993749960937,5731,1,0.5731,0.5732,0.5813691377428402,0.004946127374016969
0,SD12MO_MAIN9,SD-12MO,MAIN9,"main reference nine (linear energy row, Table 5-1 verdicts in every state)","SD12MO_MAIN9:M1[relative,apply_to_dm=False]@alpha=0.1",M1_safety_margin,method,0.1,selected,k=0.075,optimal,,300.0,0.00856330618262291,optimal;proven_infeasible,,True,SD-S2,False,10000,,,111,4915,0.0111,0.5026,0.5108728245911147,0.004999932399543018,0.4963,4915,0.5026,0.5108728245911147,0.0114,0.0114,0.013306099034683638,0.5132,0.5214677874265183,0.024,0.026672714897028032,0.024,0.5132,0.0003,0.0007751813790100997,0.4963,0.0237,0.02635740804475434,0.0114,0.0,0.0,0.0,0,0,0,T51-DGC-0.50,0.0,in_domain_conditional,T51-DGC-0.50=0.5026;T51-DGC-0.33=0.0114;T51-DGC-0.67=1;T51-CORNKERNEL-0.50=0.0114,0,0,True,True,True,sensitivity_line_not_an_entry,,114,0,0.0114,0.0114,0.013306099034683638,0.001061604446109755,240,0,0.024,0.024,0.026672714897028032,0.0015304901175767194
0,SD12MO_MAIN9,SD-12MO,MAIN9,"main reference nine (linear energy row, Table 5-1 verdicts in every state)","SD12MO_MAIN9:M1[relative,apply_to_dm=False]@alpha=0.1",M1_safety_margin,method,0.1,selected,k=0.075,optimal,,300.0,0.00856330618262291,optimal;proven_infeasible,,True,SD-SRC14,False,10000,,,2047,4030,0.2047,0.6077,0.6157572823425315,0.004882629516971363,0.5002,4027,0.6077,0.6157572823425315,0.207,0.2073,0.21408047087505389,0.6639,0.6716838654571329,0.3077,0.31538247224948146,0.308,0.6639,0.0064,0.00787465657842059,0.5035,0.303,0.3106508190159356,0.207,0.0,0.0,0.0003,0,0,3,T51-DGC-0.50,0.0,in_domain_conditional,T51-DGC-0.50=0.6077;T51-DGC-0.33=0.2073;T51-DGC-0.67=1;T51-CORNKERNEL-0.50=0.2073,304,3,True,False,False,sensitivity_line_not_an_entry,,2070,3,0.207,0.2073,0.21408047087505389,0.004053723103518542,3077,3,0.3077,0.308,0.31568446118533355,0.004616665463297075
0,SD12MO_MAIN9,SD-12MO,MAIN9,"main reference nine (linear energy row, Table 5-1 verdicts in every state)","SD12MO_MAIN9:M1[relative,apply_to_dm=False]@alpha=0.1",M1_safety_margin,method,0.1,selected,k=0.075,optimal,,300.0,0.00856330618262291,optimal;proven_infeasible,,True,SD-12MO,True,10000,0.0733,0.07772966560792192,189,4864,0.0189,0.5053,0.513571892434121,0.004999719092109076,0.4915,4864,0.5088,0.5170703271486099,0.0698,0.0698,0.07413477979944065,0.5427,0.5509342617368147,0.1125,0.1178311414357997,0.1111,0.5441,0.0558,0.059722396653322435,0.4958,0.0587,0.0627126098543786,0.0733,0.0063,0.0024,0.0024,0,39,0,T51-DGC-0.50,0.0,in_domain_conditional,T51-DGC-0.50=0.5053;T51-DGC-0.33=0.0698;T51-DGC-0.67=1;T51-CORNKERNEL-0.50=0.0698,6,0,True,True,True,sensitivity_line_not_an_entry,,698,0,0.0698,0.0698,0.07413477979944065,0.0025480965444817827,1111,0,0.1111,0.1111,0.11640308903244188,0.003142559307316252
0,SD12MO_MAIN9,SD-12MO,MAIN9,"main reference nine (linear energy row, Table 5-1 verdicts in every state)","SD12MO_MAIN9:M1[relative,apply_to_dm=False]@alpha=0.1",M1_safety_margin,method,0.1,selected,k=0.075,optimal,,300.0,0.00856330618262291,optimal;proven_infeasible,,True,SD-SRC12,False,10000,,,2162,3949,0.2162,0.6111,0.6191440120029359,0.004875005538458392,0.4912,3947,0.6147,0.6227295138556005,0.3843,0.3845,0.3925759789867556,0.6797,0.6873853758072263,0.4802,0.48847130923219373,0.4784,0.6815,0.2248,0.23177530517833003,0.5046,0.3222,0.32997435533971453,0.3884,0.0091,0.0043,0.0046,1,49,3,T51-DGC-0.50,0.0,in_domain_conditional,T51-DGC-0.50=0.6111;T51-DGC-0.33=0.3845;T51-DGC-0.67=0.9963;T51-CORNKERNEL-0.50=0.3845,672,3,True,False,False,sensitivity_line_not_an_entry,,3843,2,0.3843,0.3845,0.3925759789867556,0.004864768750927427,4782,2,0.4782,0.4784,0.48667047026058985,0.004995332221184093
0,SD12MO_MAIN9,SD-12MO,MAIN9,"main reference nine (linear energy row, Table 5-1 verdicts in every state)",SD12MO_MAIN9:M2[N=128]@alpha=0.1,M2_joint_chance_saa,method,0.1,not_met,,,,300.0,,optimal,no value of the declared grid met the validation screen (candidate statuses: optimal); a grid without a solution is not a statement about the whole decision space,False,,,,,,,,,,,,,,,,,,,,,,,,,,,,,,,,,,,,,,,,,,,,,,,,,,,,,,,,,,,
0,SD12MO_MAIN9,SD-12MO,MAIN9,"main reference nine (linear energy row, Table 5-1 verdicts in every state)",SD12MO_MAIN9:M2[N=512]@alpha=0.1,M2_joint_chance_saa,method,0.1,selected,alpha_train=0.05,optimal,9.98576213488878e-05,300.0,243.94844458671287,feasible_time_limit;optimal,,True,SD-H0,False,10000,,,4386,2,0.4386,0.4388,0.44702484671292747,0.004962404256003334,0.0,0,0.5184,0.5266639640680613,0.4386,0.4388,0.44702484671292747,0.4987,0.5069737477207534,0.5685,0.5766812141450481,0.4987,0.5685,0.2643,0.2716533711890878,0.2643,0.3006,0.30823429556608367,0.5184,0.1947,0.0775,0.0778,6,1178,3,T51-DGC-0.50,0.0,in_domain_conditional,T51-DGC-0.50=0.4388;T51-DGC-0.33=0.4388;T51-DGC-0.67=0.4388;T51-CORNKERNEL-0.50=0.4388,962,3,True,False,False,alpha=0.1:False,alpha=0.1:False,4386,2,0.4386,0.4388,0.44702484671292747,0.004962404256003334,4985,2,0.4985,0.4987,0.5069737477207534,0.0049999830999714395
0,SD12MO_MAIN9,SD-12MO,MAIN9,"main reference nine (linear energy row, Table 5-1 verdicts in every state)",SD12MO_MAIN9:M2[N=512]@alpha=0.1,M2_joint_chance_saa,method,0.1,selected,alpha_train=0.05,optimal,9.98576213488878e-05,300.0,243.94844458671287,feasible_time_limit;optimal,,True,SD-S2,False,10000,,,374,0,0.0374,0.0374,0.04067245756633649,0.0018973992726888035,0.0,0,0.0639,0.06806782784583944,0.0374,0.0374,0.04067245756633649,0.0398,0.043166393558569785,0.0662,0.07043400718104834,0.0398,0.0662,0.0282,0.031076991686059704,0.0282,0.0124,0.014379689913665863,0.0639,0.0285,0.001,0.001,0,275,0,T51-DGC-0.50,0.0,in_domain_conditional,T51-DGC-0.50=0.0374;T51-DGC-0.33=0.0374;T51-DGC-0.67=0.0374;T51-CORNKERNEL-0.50=0.0374,0,0,True,True,True,alpha=0.1:True,alpha=0.1:True,374,0,0.0374,0.0374,0.04067245756633649,0.0018973992726888035,398,0,0.0398,0.0398,0.043166393558569785,0.0019548902782509305
0,SD12MO_MAIN9,SD-12MO,MAIN9,"main reference nine (linear energy row, Table 5-1 verdicts in every state)",SD12MO_MAIN9:M2[N=512]@alpha=0.1,M2_joint_chance_saa,method,0.1,selected,alpha_train=0.05,optimal,9.98576213488878e-05,300.0,243.94844458671287,feasible_time_limit;optimal,,True,SD-SRC14,False,10000,,,4298,2,0.4298,0.43,0.4382075885328801,0.004950757517794626,0.0,0,0.5131,0.5213678522248567,0.4298,0.43,0.4382075885328801,0.492,0.500274165598457,0.5635,0.5716932408063586,0.492,0.5635,0.2614,0.2687283040956344,0.2614,0.295,0.30259478272353557,0.5131,0.1896,0.0678,0.0681,4,1222,3,T51-DGC-0.50,0.0,in_domain_conditional,T51-DGC-0.50=0.43;T51-DGC-0.33=0.43;T51-DGC-0.67=0.43;T51-CORNKERNEL-0.50=0.43,304,3,True,False,False,alpha=0.1:False,alpha=0.1:False,4298,2,0.4298,0.43,0.4382075885328801,0.004950757517794626,4918,2,0.4918,0.492,0.500274165598457,0.004999359959034756
0,SD12MO_MAIN9,SD-12MO,MAIN9,"main reference nine (linear energy row, Table 5-1 verdicts in every state)",SD12MO_MAIN9:M2[N=512]@alpha=0.1,M2_joint_chance_saa,method,0.1,selected,alpha_train=0.05,optimal,9.98576213488878e-05,300.0,243.94844458671287,feasible_time_limit;optimal,,True,SD-12MO,True,10000,0.0689,0.07320989743606399,385,0,0.0385,0.0385,0.041815922260737076,0.0019239997401247226,0.0,0,0.0689,0.07320989743606399,0.0385,0.0385,0.041815922260737076,0.0411,0.0445159369913464,0.0714,0.07577852105895058,0.0411,0.0714,0.0282,0.031076991686059704,0.0282,0.0137,0.015770904156627245,0.0689,0.0336,0.0021,0.0021,0,315,0,T51-DGC-0.50,0.0,in_domain_conditional,T51-DGC-0.50=0.0385;T51-DGC-0.33=0.0385;T51-DGC-0.67=0.0385;T51-CORNKERNEL-0.50=0.0385,6,0,True,True,True,alpha=0.1:True,alpha=0.1:True,385,0,0.0385,0.0385,0.041815922260737076,0.0019239997401247226,411,0,0.0411,0.0411,0.0445159369913464,0.0019852151016955316
0,SD12MO_MAIN9,SD-12MO,MAIN9,"main reference nine (linear energy row, Table 5-1 verdicts in every state)",SD12MO_MAIN9:M2[N=512]@alpha=0.1,M2_joint_chance_saa,method,0.1,selected,alpha_train=0.05,optimal,9.98576213488878e-05,300.0,243.94844458671287,feasible_time_limit;optimal,,True,SD-SRC12,False,10000,,,4336,2,0.4336,0.4338,0.4420153616789507,0.004955981840160434,0.0,0,0.5153,0.5235663505956774,0.4336,0.4338,0.4420153616789507,0.4959,0.5041741019618634,0.5667,0.5748856410214451,0.4959,0.5667,0.2636,0.2709473575864608,0.2636,0.2976,0.30521329565287864,0.5153,0.1898,0.0708,0.0711,5,1195,3,T51-DGC-0.50,0.0,in_domain_conditional,T51-DGC-0.50=0.4338;T51-DGC-0.33=0.4338;T51-DGC-0.67=0.4338;T51-CORNKERNEL-0.50=0.4338,672,3,True,False,False,alpha=0.1:False,alpha=0.1:False,4336,2,0.4336,0.4338,0.4420153616789507,0.004955981840160434,4957,2,0.4957,0.4959,0.5041741019618634,0.004999831897174144
0,SD12MO_MAIN9,SD-12MO,MAIN9,"main reference nine (linear energy row, Table 5-1 verdicts in every state)",SD12MO_MAIN9:M2[N=1024]@alpha=0.1,M2_joint_chance_saa,method,0.1,selected,alpha_train=0.075,feasible_time_limit,0.023355124533032137,300.0,301.4969923510216,feasible_time_limit,,True,SD-H0,False,10000,,,4395,2,0.4395,0.4397,0.4479264646052404,0.0049635059181993525,0.0,0,0.5129,0.5211679808337968,0.4395,0.4397,0.4479264646052404,0.4945,0.5027741823762044,0.5595,0.5677022552946354,0.4945,0.5595,0.2839,0.2914124229909964,0.2839,0.2762,0.2836520557791334,0.5129,0.1924,0.0799,0.0802,9,1134,3,T51-DGC-0.50,0.0,in_domain_conditional,T51-DGC-0.50=0.4397;T51-DGC-0.33=0.4397;T51-DGC-0.67=0.4397;T51-CORNKERNEL-0.50=0.4397,962,3,True,False,False,alpha=0.1:False,alpha=0.1:False,4395,2,0.4395,0.4397,0.4479264646052404,0.0049635059181993525,4943,2,0.4943,0.4945,0.5027741823762044,0.004999697490848822
0,SD12MO_MAIN9,SD-12MO,MAIN9,"main reference nine (linear energy row, Table 5-1 verdicts in every state)",SD12MO_MAIN9:M2[N=1024]@alpha=0.1,M2_joint_chance_saa,method,0.1,selected,alpha_train=0.075,feasible_time_limit,0.023355124533032137,300.0,301.4969923510216,feasible_time_limit,,True,SD-S2,False,10000,,,543,0,0.0543,0.0543,0.05817462738926704,0.002266087156311513,0.0,0,0.0803,0.08491108581803844,0.0543,0.0543,0.05817462738926704,0.0556,0.05951607217452449,0.0816,0.08624363646419601,0.0556,0.0816,0.0492,0.052906078942615786,0.0492,0.0069,0.008424188156133591,0.0803,0.0279,0.001,0.001,0,269,0,T51-DGC-0.50,0.0,in_domain_conditional,T51-DGC-0.50=0.0543;T51-DGC-0.33=0.0543;T51-DGC-0.67=0.0543;T51-CORNKERNEL-0.50=0.0543,0,0,True,True,True,alpha=0.1:True,alpha=0.1:True,543,0,0.0543,0.0543,0.05817462738926704,0.002266087156311513,556,0,0.0556,0.0556,0.05951607217452449,0.0022914763799786373
0,SD12MO_MAIN9,SD-12MO,MAIN9,"main reference nine (linear energy row, Table 5-1 verdicts in every state)",SD12MO_MAIN9:M2[N=1024]@alpha=0.1,M2_joint_chance_saa,method,0.1,selected,alpha_train=0.075,feasible_time_limit,0.023355124533032137,300.0,301.4969923510216,feasible_time_limit,,True,SD-SRC14,False,10000,,,4325,2,0.4325,0.4327,0.44091316177838685,0.0049545000756887675,0.0,0,0.5107,0.51896930862218,0.4325,0.4327,0.44091316177838685,0.4907,0.4989740756061873,0.559,0.5672033442698047,0.4907,0.559,0.2818,0.28929622568099284,0.2818,0.2716,0.27901469564728265,0.5107,0.1875,0.0704,0.0707,6,1177,3,T51-DGC-0.50,0.0,in_domain_conditional,T51-DGC-0.50=0.4327;T51-DGC-0.33=0.4327;T51-DGC-0.67=0.4327;T51-CORNKERNEL-0.50=0.4327,304,3,True,False,False,alpha=0.1:False,alpha=0.1:False,4325,2,0.4325,0.4327,0.44091316177838685,0.0049545000756887675,4905,2,0.4905,0.4907,0.4989740756061873,0.004999135025181857
0,SD12MO_MAIN9,SD-12MO,MAIN9,"main reference nine (linear energy row, Table 5-1 verdicts in every state)",SD12MO_MAIN9:M2[N=1024]@alpha=0.1,M2_joint_chance_saa,method,0.1,selected,alpha_train=0.075,feasible_time_limit,0.023355124533032137,300.0,301.4969923510216,feasible_time_limit,,True,SD-12MO,True,10000,0.0832,0.08788323516026092,556,0,0.0556,0.0556,0.05951607217452449,0.0022914763799786373,0.0,0,0.0832,0.08788323516026092,0.0556,0.0556,0.05951607217452449,0.0569,0.060856940474133536,0.0845,0.08921504102571597,0.0569,0.0845,0.0491,0.052802673411111535,0.0491,0.0083,0.009953917254203424,0.0832,0.0312,0.0023,0.0023,0,289,0,T51-DGC-0.50,0.0,in_domain_conditional,T51-DGC-0.50=0.0556;T51-DGC-0.33=0.0556;T51-DGC-0.67=0.0556;T51-CORNKERNEL-0.50=0.0556,6,0,True,True,True,alpha=0.1:True,alpha=0.1:True,556,0,0.0556,0.0556,0.05951607217452449,0.0022914763799786373,569,0,0.0569,0.0569,0.060856940474133536,0.0023165144074665284
0,SD12MO_MAIN9,SD-12MO,MAIN9,"main reference nine (linear energy row, Table 5-1 verdicts in every state)",SD12MO_MAIN9:M2[N=1024]@alpha=0.1,M2_joint_chance_saa,method,0.1,selected,alpha_train=0.075,feasible_time_limit,0.023355124533032137,300.0,301.4969923510216,feasible_time_limit,,True,SD-SRC12,False,10000,,,4344,2,0.4344,0.4346,0.4428169359368072,0.004957043877150978,0.0,0,0.5109,0.5191691944975401,0.4344,0.4346,0.4428169359368072,0.4917,0.4999741497667313,0.5583,0.5665048547275673,0.4917,0.5583,0.2835,0.29100935307620646,0.2835,0.2727,0.2801237189303382,0.5109,0.1883,0.0724,0.0727,7,1166,3,T51-DGC-0.50,0.0,in_domain_conditional,T51-DGC-0.50=0.4346;T51-DGC-0.33=0.4346;T51-DGC-0.67=0.4346;T51-CORNKERNEL-0.50=0.4346,672,3,True,False,False,alpha=0.1:False,alpha=0.1:False,4344,2,0.4344,0.4346,0.4428169359368072,0.004957043877150978,4915,2,0.4915,0.4917,0.4999741497667313,0.004999311052535139
0,SD12MO_MAIN9,SD-12MO,MAIN9,"main reference nine (linear energy row, Table 5-1 verdicts in every state)",SD12MO_MAIN9:M3a[factory box]@alpha=0.1,M3a_box_robust,method,0.1,not_met,,,,300.0,,optimal;proven_infeasible,"no value of the declared grid met the validation screen (candidate statuses: optimal, proven_infeasible); a grid without a solution is not a statement about the whole decision space",False,,,,,,,,,,,,,,,,,,,,,,,,,,,,,,,,,,,,,,,,,,,,,,,,,,,,,,,,,,,
0,SD12MO_MAIN9,SD-12MO,MAIN9,"main reference nine (linear energy row, Table 5-1 verdicts in every state)","SD12MO_MAIN9:M3b[factory box k=1.5, Gamma selected]@alpha=0.1",M3b_budget_robust,method,0.1,selected,gamma=2,optimal,,300.0,0.007115951739251614,optimal;proven_infeasible,,True,SD-H0,False,10000,,,5114,2,0.5114,0.5116,0.5198687846930778,0.00499865421888732,0.0,0,0.5434,0.5516331161472997,0.5114,0.5116,0.5198687846930778,0.5486,0.5568240953283558,0.5759,0.5840618609872367,0.5486,0.5759,0.2897,0.2972561350495967,0.2897,0.3599,0.3678742866459555,0.5434,0.0796,0.0248,0.0251,7,555,3,T51-DGC-0.50,0.0,in_domain_conditional,T51-DGC-0.50=0.5116;T51-DGC-0.33=0.5116;T51-DGC-0.67=0.5116;T51-CORNKERNEL-0.50=0.5116,962,3,True,False,False,alpha=0.1:False,alpha=0.1:False,5114,2,0.5114,0.5116,0.5198687846930778,0.00499865421888732,5484,2,0.5484,0.5486,0.5568240953283558,0.004976324346342389
0,SD12MO_MAIN9,SD-12MO,MAIN9,"main reference nine (linear energy row, Table 5-1 verdicts in every state)","SD12MO_MAIN9:M3b[factory box k=1.5, Gamma selected]@alpha=0.1",M3b_budget_robust,method,0.1,selected,gamma=2,optimal,,300.0,0.007115951739251614,optimal;proven_infeasible,,True,SD-S2,False,10000,,,616,0,0.0616,0.0616,0.06570016368002352,0.0024042761904573278,0.0,0,0.0622,0.06631796259151289,0.0616,0.0616,0.06570016368002352,0.062,0.06611204134554229,0.0626,0.06672977017299622,0.062,0.0626,0.0238,0.02646252186192461,0.0238,0.0397,0.043062544648211874,0.0622,0.0006,0.0,0.0,0,6,0,T51-DGC-0.50,0.0,in_domain_conditional,T51-DGC-0.50=0.0616;T51-DGC-0.33=0.0616;T51-DGC-0.67=0.0616;T51-CORNKERNEL-0.50=0.0616,0,0,True,True,True,alpha=0.1:True,alpha=0.1:True,616,0,0.0616,0.0616,0.06570016368002352,0.0024042761904573278,620,0,0.062,0.062,0.06611204134554229,0.002411555514600483
0,SD12MO_MAIN9,SD-12MO,MAIN9,"main reference nine (linear energy row, Table 5-1 verdicts in every state)","SD12MO_MAIN9:M3b[factory box k=1.5, Gamma selected]@alpha=0.1",M3b_budget_robust,method,0.1,selected,gamma=2,optimal,,300.0,0.007115951739251614,optimal;proven_infeasible,,True,SD-SRC14,False,10000,,,4974,2,0.4974,0.4976,0.5058739176408623,0.00499994239966822,0.0,0,0.5241,0.532358749174123,0.4974,0.4976,0.5058739176408623,0.5366,0.5448435556497682,0.5599,0.5681013780661148,0.5366,0.5599,0.2762,0.2836520557791334,0.2762,0.3528,0.36074079403430404,0.5241,0.0555,0.0106,0.0109,1,450,3,T51-DGC-0.50,0.0,in_domain_conditional,T51-DGC-0.50=0.4976;T51-DGC-0.33=0.4976;T51-DGC-0.67=0.4976;T51-CORNKERNEL-0.50=0.4976,304,3,True,False,False,alpha=0.1:False,alpha=0.1:False,4974,2,0.4974,0.4976,0.5058739176408623,0.00499994239966822,5364,2,0.5364,0.5366,0.5448435556497682,0.004986586407553769
0,SD12MO_MAIN9,SD-12MO,MAIN9,"main reference nine (linear energy row, Table 5-1 verdicts in every state)","SD12MO_MAIN9:M3b[factory box k=1.5, Gamma selected]@alpha=0.1",M3b_budget_robust,method,0.1,selected,gamma=2,optimal,,300.0,0.007115951739251614,optimal;proven_infeasible,,True,SD-12MO,True,10000,0.0653,0.06950828305049561,635,0,0.0635,0.0635,0.06765616893107625,0.0024386010333795893,0.0,0,0.0653,0.06950828305049561,0.0635,0.0635,0.06765616893107625,0.064,0.06817073554460114,0.0658,0.07002260118855252,0.064,0.0658,0.0255,0.028247743956640592,0.0255,0.0403,0.04368555617409089,0.0653,0.0019,0.0,0.0,0,19,0,T51-DGC-0.50,0.0,in_domain_conditional,T51-DGC-0.50=0.0635;T51-DGC-0.33=0.0635;T51-DGC-0.67=0.0635;T51-CORNKERNEL-0.50=0.0635,6,0,True,True,True,alpha=0.1:True,alpha=0.1:True,635,0,0.0635,0.0635,0.06765616893107625,0.0024386010333795893,640,0,0.064,0.064,0.06817073554460114,0.002447529366524537
0,SD12MO_MAIN9,SD-12MO,MAIN9,"main reference nine (linear energy row, Table 5-1 verdicts in every state)","SD12MO_MAIN9:M3b[factory box k=1.5, Gamma selected]@alpha=0.1",M3b_budget_robust,method,0.1,selected,gamma=2,optimal,,300.0,0.007115951739251614,optimal;proven_infeasible,,True,SD-SRC12,False,10000,,,5050,2,0.505,0.5052,0.5134719312347408,0.004999729592687989,0.0,0,0.5297,0.5379525814358934,0.505,0.5052,0.5134719312347408,0.5438,0.5520324542064369,0.565,0.5731897214326369,0.5438,0.565,0.2848,0.2923193040803912,0.2848,0.3552,0.36315232670593206,0.5297,0.0575,0.0139,0.0142,0,436,3,T51-DGC-0.50,0.0,in_domain_conditional,T51-DGC-0.50=0.5052;T51-DGC-0.33=0.5052;T51-DGC-0.67=0.5052;T51-CORNKERNEL-0.50=0.5052,672,3,True,False,False,alpha=0.1:False,alpha=0.1:False,5050,2,0.505,0.5052,0.5134719312347408,0.004999729592687989,5436,2,0.5436,0.5438,0.5520324542064369,0.00498077865398574
0,SD12MO_MAIN9,SD-12MO,MAIN9,"main reference nine (linear energy row, Table 5-1 verdicts in every state)","SD12MO_MAIN9:M1[relative,apply_to_dm=True]@alpha=0.01",M1_safety_margin,method,0.01,not_met,,,,300.0,,optimal;proven_infeasible,"no value of the declared grid met the validation screen (candidate statuses: optimal, proven_infeasible); a grid without a solution is not a statement about the whole decision space",False,,,,,,,,,,,,,,,,,,,,,,,,,,,,,,,,,,,,,,,,,,,,,,,,,,,,,,,,,,,
0,SD12MO_MAIN9,SD-12MO,MAIN9,"main reference nine (linear energy row, Table 5-1 verdicts in every state)","SD12MO_MAIN9:M1[relative,apply_to_dm=False]@alpha=0.01",M1_safety_margin,method,0.01,not_met,,,,300.0,,optimal;proven_infeasible,"no value of the declared grid met the validation screen (candidate statuses: optimal, proven_infeasible); a grid without a solution is not a statement about the whole decision space",False,,,,,,,,,,,,,,,,,,,,,,,,,,,,,,,,,,,,,,,,,,,,,,,,,,,,,,,,,,,
0,SD12MO_MAIN9,SD-12MO,MAIN9,"main reference nine (linear energy row, Table 5-1 verdicts in every state)",SD12MO_MAIN9:M2[N=128]@alpha=0.01,M2_joint_chance_saa,method,0.01,not_met,,,,300.0,,optimal,no value of the declared grid met the validation screen (candidate statuses: optimal); a grid without a solution is not a statement about the whole decision space,False,,,,,,,,,,,,,,,,,,,,,,,,,,,,,,,,,,,,,,,,,,,,,,,,,,,,,,,,,,,
0,SD12MO_MAIN9,SD-12MO,MAIN9,"main reference nine (linear energy row, Table 5-1 verdicts in every state)",SD12MO_MAIN9:M2[N=512]@alpha=0.01,M2_joint_chance_saa,method,0.01,not_met,,,,300.0,,optimal,no value of the declared grid met the validation screen (candidate statuses: optimal); a grid without a solution is not a statement about the whole decision space,False,,,,,,,,,,,,,,,,,,,,,,,,,,,,,,,,,,,,,,,,,,,,,,,,,,,,,,,,,,,
0,SD12MO_MAIN9,SD-12MO,MAIN9,"main reference nine (linear energy row, Table 5-1 verdicts in every state)",SD12MO_MAIN9:M2[N=1024]@alpha=0.01,M2_joint_chance_saa,method,0.01,selected,alpha_train=0.0025,optimal,0.0,300.0,22.768002681434155,optimal,,True,SD-H0,False,10000,,,2673,2,0.2673,0.2675,0.27488056370443925,0.004426553399655312,0.0,0,0.3221,0.32987375102109195,0.2673,0.2675,0.27488056370443925,0.3744,0.3824368896902978,0.4152,0.42337263531922875,0.3744,0.4152,0.1447,0.15061307444039315,0.1447,0.2659,0.273267028454894,0.3221,0.1021,0.0357,0.036,1,665,3,T51-DGC-0.50,0.0,in_domain_conditional,T51-DGC-0.50=0.2675;T51-DGC-0.33=0.2675;T51-DGC-0.67=0.2675;T51-CORNKERNEL-0.50=0.2675,962,3,True,False,False,alpha=0.01:False,alpha=0.01:False,2673,2,0.2673,0.2675,0.27488056370443925,0.004426553399655312,3742,2,0.3742,0.3744,0.3824368896902978,0.00483967602221471
0,SD12MO_MAIN9,SD-12MO,MAIN9,"main reference nine (linear energy row, Table 5-1 verdicts in every state)",SD12MO_MAIN9:M2[N=1024]@alpha=0.01,M2_joint_chance_saa,method,0.01,selected,alpha_train=0.0025,optimal,0.0,300.0,22.768002681434155,optimal,,True,SD-S2,False,10000,,,19,0,0.0019,0.0019,0.002786686053962986,0.0004354756020720334,0.0,0,0.0027,0.003721510352388209,0.0019,0.0019,0.002786686053962986,0.0125,0.014486877418847258,0.0133,0.015343335973774424,0.0125,0.0133,0.001,0.001695631453645378,0.001,0.0115,0.013413604385895356,0.0027,0.0008,0.0,0.0,0,8,0,T51-DGC-0.50,0.0,in_domain_conditional,T51-DGC-0.50=0.0019;T51-DGC-0.33=0.0019;T51-DGC-0.67=0.0019;T51-CORNKERNEL-0.50=0.0019,0,0,True,True,True,alpha=0.01:True,alpha=0.01:True,19,0,0.0019,0.0019,0.002786686053962986,0.0004354756020720334,125,0,0.0125,0.0125,0.014486877418847258,0.0011110243021644486
0,SD12MO_MAIN9,SD-12MO,MAIN9,"main reference nine (linear energy row, Table 5-1 verdicts in every state)",SD12MO_MAIN9:M2[N=1024]@alpha=0.01,M2_joint_chance_saa,method,0.01,selected,alpha_train=0.0025,optimal,0.0,300.0,22.768002681434155,optimal,,True,SD-SRC14,False,10000,,,2305,2,0.2305,0.2307,0.23773701625011495,0.004212807970938148,0.0,0,0.2681,0.27548560810819284,0.2305,0.2307,0.23773701625011495,0.3442,0.352097679187671,0.3735,0.38153322783301713,0.3442,0.3735,0.1241,0.1296541226204575,0.1241,0.2442,0.251371099865356,0.2681,0.0536,0.0078,0.0081,0,458,3,T51-DGC-0.50,0.0,in_domain_conditional,T51-DGC-0.50=0.2307;T51-DGC-0.33=0.2307;T51-DGC-0.67=0.2307;T51-CORNKERNEL-0.50=0.2307,304,3,True,False,False,alpha=0.01:False,alpha=0.01:False,2305,2,0.2305,0.2307,0.23773701625011495,0.004212807970938148,3440,2,0.344,0.3442,0.352097679187671,0.004751066827566205
0,SD12MO_MAIN9,SD-12MO,MAIN9,"main reference nine (linear energy row, Table 5-1 verdicts in every state)",SD12MO_MAIN9:M2[N=1024]@alpha=0.01,M2_joint_chance_saa,method,0.01,selected,alpha_train=0.0025,optimal,0.0,300.0,22.768002681434155,optimal,,True,SD-12MO,True,10000,0.0067,0.008204600723855685,27,0,0.0027,0.0027,0.003721510352388209,0.0005189132875539034,0.0,0,0.0067,0.008204600723855685,0.0027,0.0027,0.003721510352388209,0.0152,0.017370720343188973,0.0191,0.02150828042106959,0.0152,0.0191,0.0016,0.002429109633300806,0.0016,0.0136,0.01566405176950207,0.0067,0.004,0.0,0.0,0,40,0,T51-DGC-0.50,0.0,in_domain_conditional,T51-DGC-0.50=0.0027;T51-DGC-0.33=0.0027;T51-DGC-0.67=0.0027;T51-CORNKERNEL-0.50=0.0027,6,0,True,True,True,alpha=0.01:True,alpha=0.01:True,27,0,0.0027,0.0027,0.003721510352388209,0.0005189132875539034,152,0,0.0152,0.0152,0.017370720343188973,0.0012234770124526246
0,SD12MO_MAIN9,SD-12MO,MAIN9,"main reference nine (linear energy row, Table 5-1 verdicts in every state)",SD12MO_MAIN9:M2[N=1024]@alpha=0.01,M2_joint_chance_saa,method,0.01,selected,alpha_train=0.0025,optimal,0.0,300.0,22.768002681434155,optimal,,True,SD-SRC12,False,10000,,,2414,2,0.2414,0.2416,0.24874602790677078,0.004280530808205917,0.0,0,0.2815,0.2889938955584819,0.2414,0.2416,0.24874602790677078,0.3537,0.36164514416479143,0.384,0.39207413002676883,0.3537,0.384,0.1341,0.1398338725534215,0.1341,0.2478,0.2550052371645429,0.2815,0.0608,0.0117,0.012,0,491,3,T51-DGC-0.50,0.0,in_domain_conditional,T51-DGC-0.50=0.2416;T51-DGC-0.33=0.2416;T51-DGC-0.67=0.2416;T51-CORNKERNEL-0.50=0.2416,672,3,True,False,False,alpha=0.01:False,alpha=0.01:False,2414,2,0.2414,0.2416,0.24874602790677078,0.004280530808205917,3535,2,0.3535,0.3537,0.36164514416479143,0.004781174646465029
0,SD12MO_MAIN9,SD-12MO,MAIN9,"main reference nine (linear energy row, Table 5-1 verdicts in every state)",SD12MO_MAIN9:M3a[factory box]@alpha=0.01,M3a_box_robust,method,0.01,not_met,,,,300.0,,optimal;proven_infeasible,"no value of the declared grid met the validation screen (candidate statuses: optimal, proven_infeasible); a grid without a solution is not a statement about the whole decision space",False,,,,,,,,,,,,,,,,,,,,,,,,,,,,,,,,,,,,,,,,,,,,,,,,,,,,,,,,,,,
0,SD12MO_MAIN9,SD-12MO,MAIN9,"main reference nine (linear energy row, Table 5-1 verdicts in every state)",SD12MO_MAIN9:M3b[factory box]@alpha=0.01,M3b_budget_robust,method,0.01,not_met,,,,300.0,,optimal,no value of the declared grid met the validation screen (candidate statuses: optimal); a grid without a solution is not a statement about the whole decision space,False,,,,,,,,,,,,,,,,,,,,,,,,,,,,,,,,,,,,,,,,,,,,,,,,,,,,,,,,,,,
0,SD12MO_MAIN9,SD-12MO,MAIN9,"main reference nine (linear energy row, Table 5-1 verdicts in every state)","SD12MO_MAIN9:DIAG-frontier:M2[N=128,alpha_train=m*/N=0/128]",M2_joint_chance_saa,diagnostic_frontier,,,,optimal,0.0,300.0,0.16844313591718674,,,True,SD-H0,False,10000,,,5570,2,0.557,0.5572,0.5654071950688717,0.004967173844350528,0.0,0,0.579,0.5871531999303525,0.557,0.5572,0.5654071950688717,0.5819,0.5900448004467094,0.6005,0.6085840385943214,0.5819,0.6005,0.3613,0.36928066882975646,0.3613,0.3441,0.35199716127376257,0.579,0.0656,0.0264,0.0267,5,397,3,T51-DGC-0.50,0.0,in_domain_conditional,T51-DGC-0.50=0.5572;T51-DGC-0.33=0.5572;T51-DGC-0.67=0.5572;T51-CORNKERNEL-0.50=0.5572,962,3,True,,,,,5570,2,0.557,0.5572,0.5654071950688717,0.004967173844350528,5817,2,0.5817,0.5819,0.5900448004467094,0.004932467840746658
0,SD12MO_MAIN9,SD-12MO,MAIN9,"main reference nine (linear energy row, Table 5-1 verdicts in every state)","SD12MO_MAIN9:DIAG-frontier:M2[N=128,alpha_train=m*/N=0/128]",M2_joint_chance_saa,diagnostic_frontier,,,,optimal,0.0,300.0,0.16844313591718674,,,True,SD-S2,False,10000,,,707,0,0.0707,0.0707,0.07505946115304747,0.002563230578781394,0.0,0,0.071,0.07536764421637747,0.0707,0.0707,0.07505946115304747,0.0707,0.07505946115304747,0.071,0.07536764421637747,0.0707,0.071,0.0365,0.0397363566606283,0.0365,0.0367,0.039944421975353195,0.071,0.0003,0.0,0.0,0,3,0,T51-DGC-0.50,0.0,in_domain_conditional,T51-DGC-0.50=0.0707;T51-DGC-0.33=0.0707;T51-DGC-0.67=0.0707;T51-CORNKERNEL-0.50=0.0707,0,0,True,,,,,707,0,0.0707,0.0707,0.07505946115304747,0.002563230578781394,707,0,0.0707,0.0707,0.07505946115304747,0.002563230578781394
0,SD12MO_MAIN9,SD-12MO,MAIN9,"main reference nine (linear energy row, Table 5-1 verdicts in every state)","SD12MO_MAIN9:DIAG-frontier:M2[N=128,alpha_train=m*/N=0/128]",M2_joint_chance_saa,diagnostic_frontier,,,,optimal,0.0,300.0,0.16844313591718674,,,True,SD-SRC14,False,10000,,,5281,2,0.5281,0.5283,0.5365542205073196,0.004991984675457248,0.0,0,0.5419,0.5501355510295907,0.5281,0.5283,0.5365542205073196,0.5538,0.5620141723427134,0.5665,0.5746861261356861,0.5538,0.5665,0.3301,0.33792083162224806,0.3301,0.3309,0.33872539974792876,0.5419,0.0353,0.0082,0.0085,1,272,3,T51-DGC-0.50,0.0,in_domain_conditional,T51-DGC-0.50=0.5283;T51-DGC-0.33=0.5283;T51-DGC-0.67=0.5283;T51-CORNKERNEL-0.50=0.5283,304,3,True,,,,,5281,2,0.5281,0.5283,0.5365542205073196,0.004991984675457248,5536,2,0.5536,0.5538,0.5620141723427134,0.004970971333653012
0,SD12MO_MAIN9,SD-12MO,MAIN9,"main reference nine (linear energy row, Table 5-1 verdicts in every state)","SD12MO_MAIN9:DIAG-frontier:M2[N=128,alpha_train=m*/N=0/128]",M2_joint_chance_saa,diagnostic_frontier,,,,optimal,0.0,300.0,0.16844313591718674,,,True,SD-12MO,True,10000,0.0787,0.08327054795496956,776,0,0.0776,0.0776,0.08214236673068818,0.002675410996463908,0.0,0,0.0787,0.08327054795496956,0.0776,0.0776,0.08214236673068818,0.0777,0.08224493930582932,0.0788,0.08337309719150968,0.0777,0.0788,0.0439,0.047419686844817156,0.0439,0.0368,0.040048445369879476,0.0787,0.0011,0.0,0.0,0,11,0,T51-DGC-0.50,0.0,in_domain_conditional,T51-DGC-0.50=0.0776;T51-DGC-0.33=0.0776;T51-DGC-0.67=0.0776;T51-CORNKERNEL-0.50=0.0776,6,0,True,,,,,776,0,0.0776,0.0776,0.08214236673068818,0.002675410996463908,777,0,0.0777,0.0777,0.08224493930582932,0.0026769891669560413
0,SD12MO_MAIN9,SD-12MO,MAIN9,"main reference nine (linear energy row, Table 5-1 verdicts in every state)","SD12MO_MAIN9:DIAG-frontier:M2[N=128,alpha_train=m*/N=0/128]",M2_joint_chance_saa,diagnostic_frontier,,,,optimal,0.0,300.0,0.16844313591718674,,,True,SD-SRC12,False,10000,,,5460,2,0.546,0.5462,0.5544283707215947,0.004978609846131749,0.0,0,0.5624,0.570595773478783,0.546,0.5462,0.5544283707215947,0.5707,0.5788756546046027,0.5853,0.5934345857673611,0.5707,0.5853,0.3539,0.36184610672124545,0.3539,0.3328,0.34063614791961827,0.5624,0.0413,0.0104,0.0107,3,312,3,T51-DGC-0.50,0.0,in_domain_conditional,T51-DGC-0.50=0.5462;T51-DGC-0.33=0.5462;T51-DGC-0.67=0.5462;T51-CORNKERNEL-0.50=0.5462,672,3,True,,,,,5460,2,0.546,0.5462,0.5544283707215947,0.004978609846131749,5705,2,0.5705,0.5707,0.5788756546046027,0.004949762721585753
0,SD12MO_MAIN9,SD-12MO,MAIN9,"main reference nine (linear energy row, Table 5-1 verdicts in every state)","SD12MO_MAIN9:DIAG-frontier:M2[N=512,alpha_train=m*/N=1/512]",M2_joint_chance_saa,diagnostic_frontier,,,,optimal,0.0,300.0,4.139941211324185,,,True,SD-H0,False,10000,,,3226,1,0.3226,0.3227,0.3304773708929471,0.004675090480407839,0.0,0,0.3577,0.36566411020069634,0.3226,0.3227,0.3304773708929471,0.3644,0.3723945424067669,0.3927,0.40080503291931463,0.3644,0.3927,0.1927,0.1993035198487152,0.1927,0.2159,0.22277847594619965,0.3577,0.0818,0.0335,0.0338,0,483,3,T51-DGC-0.50,0.0,in_domain_conditional,T51-DGC-0.50=0.3227;T51-DGC-0.33=0.3227;T51-DGC-0.67=0.3294;T51-CORNKERNEL-0.50=0.3227,962,3,True,,,,,3226,1,0.3226,0.3227,0.3304773708929471,0.004675090480407839,3643,1,0.3643,0.3644,0.3723945424067669,0.004812615089532925
0,SD12MO_MAIN9,SD-12MO,MAIN9,"main reference nine (linear energy row, Table 5-1 verdicts in every state)","SD12MO_MAIN9:DIAG-frontier:M2[N=512,alpha_train=m*/N=1/512]",M2_joint_chance_saa,diagnostic_frontier,,,,optimal,0.0,300.0,4.139941211324185,,,True,SD-S2,False,10000,,,46,0,0.0046,0.0046,0.005877811185041439,0.0006766712643521964,0.0,0,0.0046,0.005877811185041439,0.0046,0.0046,0.005877811185041439,0.0046,0.005877811185041439,0.0046,0.005877811185041439,0.0046,0.0046,0.0023,0.003256976390880396,0.0023,0.0023,0.003256976390880396,0.0046,0.0,0.0,0.0,0,0,0,T51-DGC-0.50,0.0,in_domain_conditional,T51-DGC-0.50=0.0046;T51-DGC-0.33=0.0046;T51-DGC-0.67=0.0046;T51-CORNKERNEL-0.50=0.0046,0,0,True,,,,,46,0,0.0046,0.0046,0.005877811185041439,0.0006766712643521964,46,0,0.0046,0.0046,0.005877811185041439,0.0006766712643521964
0,SD12MO_MAIN9,SD-12MO,MAIN9,"main reference nine (linear energy row, Table 5-1 verdicts in every state)","SD12MO_MAIN9:DIAG-frontier:M2[N=512,alpha_train=m*/N=1/512]",M2_joint_chance_saa,diagnostic_frontier,,,,optimal,0.0,300.0,4.139941211324185,,,True,SD-SRC14,False,10000,,,2522,2,0.2522,0.2524,0.25964789499129937,0.004343895026355955,0.0,0,0.2622,0.26953525967078246,0.2522,0.2524,0.25964789499129937,0.2959,0.3035012240866593,0.3048,0.312463051413563,0.2959,0.3048,0.1338,0.13952863627826623,0.1338,0.1869,0.19342932664025492,0.2622,0.0121,0.0004,0.0007,0,117,3,T51-DGC-0.50,0.0,in_domain_conditional,T51-DGC-0.50=0.2524;T51-DGC-0.33=0.2524;T51-DGC-0.67=0.2524;T51-CORNKERNEL-0.50=0.2524,304,3,True,,,,,2522,2,0.2522,0.2524,0.25964789499129937,0.004343895026355955,2957,2,0.2957,0.2959,0.3035012240866593,0.004564462618972797
0,SD12MO_MAIN9,SD-12MO,MAIN9,"main reference nine (linear energy row, Table 5-1 verdicts in every state)","SD12MO_MAIN9:DIAG-frontier:M2[N=512,alpha_train=m*/N=1/512]",M2_joint_chance_saa,diagnostic_frontier,,,,optimal,0.0,300.0,4.139941211324185,,,True,SD-12MO,True,10000,0.0099,0.011689166504789824,81,0,0.0081,0.0081,0.009736105605812237,0.0008963475888292443,0.0,0,0.0099,0.011689166504789824,0.0081,0.0081,0.009736105605812237,0.0082,0.009845039083377432,0.01,0.011797233971347621,0.0082,0.01,0.0057,0.0071019041630878505,0.0057,0.0025,0.0034898764259595535,0.0099,0.0019,0.0001,0.0001,0,18,0,T51-DGC-0.50,0.0,in_domain_conditional,T51-DGC-0.50=0.0081;T51-DGC-0.33=0.0081;T51-DGC-0.67=0.0081;T51-CORNKERNEL-0.50=0.0081,6,0,True,,,,,81,0,0.0081,0.0081,0.009736105605812237,0.0008963475888292443,82,0,0.0082,0.0082,0.009845039083377432,0.0009018181634897359
0,SD12MO_MAIN9,SD-12MO,MAIN9,"main reference nine (linear energy row, Table 5-1 verdicts in every state)","SD12MO_MAIN9:DIAG-frontier:M2[N=512,alpha_train=m*/N=1/512]",M2_joint_chance_saa,diagnostic_frontier,,,,optimal,0.0,300.0,4.139941211324185,,,True,SD-SRC12,False,10000,,,2803,2,0.2803,0.2805,0.2879860990879965,0.0044924353083823036,0.0,0,0.2961,0.3037026507426652,0.2803,0.2805,0.2879860990879965,0.3243,0.33208695313704933,0.3375,0.34536212740359246,0.3243,0.3375,0.1634,0.16960388174357788,0.1634,0.1922,0.19879721375478945,0.2961,0.025,0.0038,0.0041,0,212,3,T51-DGC-0.50,0.0,in_domain_conditional,T51-DGC-0.50=0.2805;T51-DGC-0.33=0.2805;T51-DGC-0.67=0.2816;T51-CORNKERNEL-0.50=0.2805,672,3,True,,,,,2803,2,0.2803,0.2805,0.2879860990879965,0.0044924353083823036,3241,2,0.3241,0.3243,0.33208695313704933,0.004681127107866224
0,SD12MO_MAIN9,SD-12MO,MAIN9,"main reference nine (linear energy row, Table 5-1 verdicts in every state)","SD12MO_MAIN9:DIAG-frontier:M2[N=1024,alpha_train=m*/N=1/1024]",M2_joint_chance_saa,diagnostic_frontier,,,,optimal,0.0,300.0,3.4493544111028314,,,True,SD-H0,False,10000,,,3160,1,0.316,0.3161,0.32383675102419085,0.004649524599354218,0.0,0,0.3516,0.3595349463773388,0.316,0.3161,0.32383675102419085,0.3579,0.3658650427869182,0.3867,0.3947840084467752,0.3579,0.3867,0.1929,0.19950603759498883,0.1929,0.2074,0.21418163629471573,0.3516,0.0818,0.0335,0.0338,0,483,3,T51-DGC-0.50,0.0,in_domain_conditional,T51-DGC-0.50=0.3161;T51-DGC-0.33=0.3161;T51-DGC-0.67=0.3228;T51-CORNKERNEL-0.50=0.3161,962,3,True,,,,,3160,1,0.316,0.3161,0.32383675102419085,0.004649524599354218,3578,1,0.3578,0.3579,0.3658650427869182,0.004793825090676547
0,SD12MO_MAIN9,SD-12MO,MAIN9,"main reference nine (linear energy row, Table 5-1 verdicts in every state)","SD12MO_MAIN9:DIAG-frontier:M2[N=1024,alpha_train=m*/N=1/1024]",M2_joint_chance_saa,diagnostic_frontier,,,,optimal,0.0,300.0,3.4493544111028314,,,True,SD-S2,False,10000,,,45,0,0.0045,0.0045,0.005765824972336223,0.0006693093455196931,0.0,0,0.0045,0.005765824972336223,0.0045,0.0045,0.005765824972336223,0.0045,0.005765824972336223,0.0045,0.005765824972336223,0.0045,0.0045,0.0023,0.003256976390880396,0.0023,0.0022,0.0031400019060426844,0.0045,0.0,0.0,0.0,0,0,0,T51-DGC-0.50,0.0,in_domain_conditional,T51-DGC-0.50=0.0045;T51-DGC-0.33=0.0045;T51-DGC-0.67=0.0045;T51-CORNKERNEL-0.50=0.0045,0,0,True,,,,,45,0,0.0045,0.0045,0.005765824972336223,0.0006693093455196931,45,0,0.0045,0.0045,0.005765824972336223,0.0006693093455196931
0,SD12MO_MAIN9,SD-12MO,MAIN9,"main reference nine (linear energy row, Table 5-1 verdicts in every state)","SD12MO_MAIN9:DIAG-frontier:M2[N=1024,alpha_train=m*/N=1/1024]",M2_joint_chance_saa,diagnostic_frontier,,,,optimal,0.0,300.0,3.4493544111028314,,,True,SD-SRC14,False,10000,,,2459,2,0.2459,0.2461,0.2532891998592275,0.004307374954656258,0.0,0,0.256,0.26328053820619746,0.2459,0.2461,0.2532891998592275,0.29,0.29755835549485227,0.299,0.30662314358124704,0.29,0.299,0.1338,0.13952863627826623,0.1338,0.18,0.1864380150796083,0.256,0.0121,0.0004,0.0007,0,117,3,T51-DGC-0.50,0.0,in_domain_conditional,T51-DGC-0.50=0.2461;T51-DGC-0.33=0.2461;T51-DGC-0.67=0.2461;T51-CORNKERNEL-0.50=0.2461,304,3,True,,,,,2459,2,0.2459,0.2461,0.2532891998592275,0.004307374954656258,2898,2,0.2898,0.29,0.29755835549485227,0.0045376205218153704
0,SD12MO_MAIN9,SD-12MO,MAIN9,"main reference nine (linear energy row, Table 5-1 verdicts in every state)","SD12MO_MAIN9:DIAG-frontier:M2[N=1024,alpha_train=m*/N=1/1024]",M2_joint_chance_saa,diagnostic_frontier,,,,optimal,0.0,300.0,3.4493544111028314,,,True,SD-12MO,True,10000,0.0099,0.011689166504789824,81,0,0.0081,0.0081,0.009736105605812237,0.0008963475888292443,0.0,0,0.0099,0.011689166504789824,0.0081,0.0081,0.009736105605812237,0.0082,0.009845039083377432,0.01,0.011797233971347621,0.0082,0.01,0.0057,0.0071019041630878505,0.0057,0.0025,0.0034898764259595535,0.0099,0.0019,0.0001,0.0001,0,18,0,T51-DGC-0.50,0.0,in_domain_conditional,T51-DGC-0.50=0.0081;T51-DGC-0.33=0.0081;T51-DGC-0.67=0.0081;T51-CORNKERNEL-0.50=0.0081,6,0,True,,,,,81,0,0.0081,0.0081,0.009736105605812237,0.0008963475888292443,82,0,0.0082,0.0082,0.009845039083377432,0.0009018181634897359
0,SD12MO_MAIN9,SD-12MO,MAIN9,"main reference nine (linear energy row, Table 5-1 verdicts in every state)","SD12MO_MAIN9:DIAG-frontier:M2[N=1024,alpha_train=m*/N=1/1024]",M2_joint_chance_saa,diagnostic_frontier,,,,optimal,0.0,300.0,3.4493544111028314,,,True,SD-SRC12,False,10000,,,2726,2,0.2726,0.2728,0.2802245364334151,0.004453988774121461,0.0,0,0.2886,0.29614795948090783,0.2726,0.2728,0.2802245364334151,0.3171,0.32484301933293774,0.3305,0.33832311884467375,0.3171,0.3305,0.1634,0.16960388174357788,0.1634,0.1835,0.18998475428959946,0.2886,0.025,0.0038,0.0041,0,212,3,T51-DGC-0.50,0.0,in_domain_conditional,T51-DGC-0.50=0.2728;T51-DGC-0.33=0.2728;T51-DGC-0.67=0.2739;T51-CORNKERNEL-0.50=0.2728,672,3,True,,,,,2726,2,0.2726,0.2728,0.2802245364334151,0.004453988774121461,3169,2,0.3169,0.3171,0.32484301933293774,0.004653467416883887
0,SDSRC12_MAIN9,SD-SRC12,MAIN9,"main reference nine (linear energy row, Table 5-1 verdicts in every state)",SDSRC12_MAIN9:M0,M0_nominal,method,,,,optimal,,300.0,0.010529361199587584,,,True,SD-H0,False,10000,,,8755,0,0.8755,0.8755,0.8808991863824648,0.003301511017700835,0.0,0,0.9065,0.9112507208564402,0.8755,0.8755,0.8808991863824648,0.8841,0.8893320976614127,0.9135,0.9180842208545215,0.8841,0.9135,0.5363,0.5445439808679507,0.5363,0.743,0.7501847308463173,0.9065,0.5054,0.3538,0.3538,39,1555,0,T51-DGC-0.50,0.0,in_domain_conditional,T51-DGC-0.50=0.8755;T51-DGC-0.33=0.8755;T51-DGC-0.67=0.8755;T51-CORNKERNEL-0.50=0.8755,953,0,True,,,alpha=0.01:False;alpha=0.05:False;alpha=0.1:False,alpha=0.01:False;alpha=0.05:False;alpha=0.1:False,8755,0,0.8755,0.8755,0.8808991863824648,0.003301511017700835,8841,0,0.8841,0.8841,0.8893320976614127,0.003201049671592117
0,SDSRC12_MAIN9,SD-SRC12,MAIN9,"main reference nine (linear energy row, Table 5-1 verdicts in every state)",SDSRC12_MAIN9:M0,M0_nominal,method,,,,optimal,,300.0,0.010529361199587584,,,True,SD-S2,False,10000,,,8032,0,0.8032,0.8032,0.8097237760937208,0.00397579878766519,0.0,0,0.8729,0.8783480014825316,0.8032,0.8032,0.8097237760937208,0.8032,0.8097237760937208,0.8729,0.8783480014825316,0.8032,0.8729,0.5009,0.5091732884868139,0.5009,0.6196,0.627609036929168,0.8729,0.5034,0.2168,0.2168,1,2867,0,T51-DGC-0.50,0.0,in_domain_conditional,T51-DGC-0.50=0.8032;T51-DGC-0.33=0.8032;T51-DGC-0.67=0.8032;T51-CORNKERNEL-0.50=0.8032,0,0,True,,,alpha=0.01:False;alpha=0.05:False;alpha=0.1:False,alpha=0.01:False;alpha=0.05:False;alpha=0.1:False,8032,0,0.8032,0.8032,0.8097237760937208,0.00397579878766519,8032,0,0.8032,0.8032,0.8097237760937208,0.00397579878766519
0,SDSRC12_MAIN9,SD-SRC12,MAIN9,"main reference nine (linear energy row, Table 5-1 verdicts in every state)",SDSRC12_MAIN9:M0,M0_nominal,method,,,,optimal,,300.0,0.010529361199587584,,,True,SD-SRC14,False,10000,,,8755,0,0.8755,0.8755,0.8808991863824648,0.003301511017700835,0.0,0,0.9065,0.9112507208564402,0.8755,0.8755,0.8808991863824648,0.8841,0.8893320976614127,0.9135,0.9180842208545215,0.8841,0.9135,0.5363,0.5445439808679507,0.5363,0.743,0.7501847308463173,0.9065,0.5053,0.3538,0.3538,39,1554,0,T51-DGC-0.50,0.0,in_domain_conditional,T51-DGC-0.50=0.8755;T51-DGC-0.33=0.8755;T51-DGC-0.67=0.8755;T51-CORNKERNEL-0.50=0.8755,295,0,True,,,alpha=0.01:False;alpha=0.05:False;alpha=0.1:False,alpha=0.01:False;alpha=0.05:False;alpha=0.1:False,8755,0,0.8755,0.8755,0.8808991863824648,0.003301511017700835,8841,0,0.8841,0.8841,0.8893320976614127,0.003201049671592117
0,SDSRC12_MAIN9,SD-SRC12,MAIN9,"main reference nine (linear energy row, Table 5-1 verdicts in every state)",SDSRC12_MAIN9:M0,M0_nominal,method,,,,optimal,,300.0,0.010529361199587584,,,True,SD-12MO,False,10000,,,8032,0,0.8032,0.8032,0.8097237760937208,0.00397579878766519,0.0,0,0.8728,0.8782498638345831,0.8032,0.8032,0.8097237760937208,0.8032,0.8097237760937208,0.8728,0.8782498638345831,0.8032,0.8728,0.5009,0.5091732884868139,0.5009,0.6196,0.627609036929168,0.8728,0.5033,0.2169,0.2169,1,2865,0,T51-DGC-0.50,0.0,in_domain_conditional,T51-DGC-0.50=0.8032;T51-DGC-0.33=0.8032;T51-DGC-0.67=0.8032;T51-CORNKERNEL-0.50=0.8032,6,0,True,,,alpha=0.01:False;alpha=0.05:False;alpha=0.1:False,alpha=0.01:False;alpha=0.05:False;alpha=0.1:False,8032,0,0.8032,0.8032,0.8097237760937208,0.00397579878766519,8032,0,0.8032,0.8032,0.8097237760937208,0.00397579878766519
0,SDSRC12_MAIN9,SD-SRC12,MAIN9,"main reference nine (linear energy row, Table 5-1 verdicts in every state)",SDSRC12_MAIN9:M0,M0_nominal,method,,,,optimal,,300.0,0.010529361199587584,,,True,SD-SRC12,True,10000,0.9065,0.9112507208564402,8755,0,0.8755,0.8755,0.8808991863824648,0.003301511017700835,0.0,0,0.9065,0.9112507208564402,0.8755,0.8755,0.8808991863824648,0.8841,0.8893320976614127,0.9135,0.9180842208545215,0.8841,0.9135,0.5363,0.5445439808679507,0.5363,0.743,0.7501847308463173,0.9065,0.5053,0.3538,0.3538,39,1554,0,T51-DGC-0.50,0.0,in_domain_conditional,T51-DGC-0.50=0.8755;T51-DGC-0.33=0.8755;T51-DGC-0.67=0.8755;T51-CORNKERNEL-0.50=0.8755,663,0,True,,,alpha=0.01:False;alpha=0.05:False;alpha=0.1:False,alpha=0.01:False;alpha=0.05:False;alpha=0.1:False,8755,0,0.8755,0.8755,0.8808991863824648,0.003301511017700835,8841,0,0.8841,0.8841,0.8893320976614127,0.003201049671592117
0,SDSRC12_MAIN9,SD-SRC12,MAIN9,"main reference nine (linear energy row, Table 5-1 verdicts in every state)","SDSRC12_MAIN9:M1[relative,apply_to_dm=True]@alpha=0.05",M1_safety_margin,method,0.05,not_met,,,,300.0,,optimal;proven_infeasible,"no value of the declared grid met the validation screen (candidate statuses: optimal, proven_infeasible); a grid without a solution is not a statement about the whole decision space",False,,,,,,,,,,,,,,,,,,,,,,,,,,,,,,,,,,,,,,,,,,,,,,,,,,,,,,,,,,,
0,SDSRC12_MAIN9,SD-SRC12,MAIN9,"main reference nine (linear energy row, Table 5-1 verdicts in every state)","SDSRC12_MAIN9:M1[relative,apply_to_dm=False]@alpha=0.05",M1_safety_margin,method,0.05,not_met,,,,300.0,,optimal;proven_infeasible,"no value of the declared grid met the validation screen (candidate statuses: optimal, proven_infeasible); a grid without a solution is not a statement about the whole decision space",False,,,,,,,,,,,,,,,,,,,,,,,,,,,,,,,,,,,,,,,,,,,,,,,,,,,,,,,,,,,
0,SDSRC12_MAIN9,SD-SRC12,MAIN9,"main reference nine (linear energy row, Table 5-1 verdicts in every state)",SDSRC12_MAIN9:M2[N=128]@alpha=0.05,M2_joint_chance_saa,method,0.05,not_met,,,,300.0,,optimal;proven_infeasible,"no value of the declared grid met the validation screen (candidate statuses: optimal, proven_infeasible); a grid without a solution is not a statement about the whole decision space",False,,,,,,,,,,,,,,,,,,,,,,,,,,,,,,,,,,,,,,,,,,,,,,,,,,,,,,,,,,,
0,SDSRC12_MAIN9,SD-SRC12,MAIN9,"main reference nine (linear energy row, Table 5-1 verdicts in every state)",SDSRC12_MAIN9:M2[N=512]@alpha=0.05,M2_joint_chance_saa,method,0.05,not_met,,,,300.0,,feasible_time_limit;optimal;proven_infeasible,"no value of the declared grid met the validation screen (candidate statuses: feasible_time_limit, optimal, proven_infeasible); a grid without a solution is not a statement about the whole decision space",False,,,,,,,,,,,,,,,,,,,,,,,,,,,,,,,,,,,,,,,,,,,,,,,,,,,,,,,,,,,
0,SDSRC12_MAIN9,SD-SRC12,MAIN9,"main reference nine (linear energy row, Table 5-1 verdicts in every state)",SDSRC12_MAIN9:M2[N=1024]@alpha=0.05,M2_joint_chance_saa,method,0.05,not_met,,,,300.0,,no_feasible_solution_found;proven_infeasible,"no value of the declared grid met the validation screen (candidate statuses: no_feasible_solution_found, proven_infeasible); a grid without a solution is not a statement about the whole decision space",False,,,,,,,,,,,,,,,,,,,,,,,,,,,,,,,,,,,,,,,,,,,,,,,,,,,,,,,,,,,
0,SDSRC12_MAIN9,SD-SRC12,MAIN9,"main reference nine (linear energy row, Table 5-1 verdicts in every state)",SDSRC12_MAIN9:M3a[factory box]@alpha=0.05,M3a_box_robust,method,0.05,not_met,,,,300.0,,proven_infeasible,no value of the declared grid met the validation screen (candidate statuses: proven_infeasible); a grid without a solution is not a statement about the whole decision space,False,,,,,,,,,,,,,,,,,,,,,,,,,,,,,,,,,,,,,,,,,,,,,,,,,,,,,,,,,,,
0,SDSRC12_MAIN9,SD-SRC12,MAIN9,"main reference nine (linear energy row, Table 5-1 verdicts in every state)",SDSRC12_MAIN9:M3b[factory box]@alpha=0.05,M3b_budget_robust,method,0.05,not_met,,,,300.0,,optimal;proven_infeasible,"no value of the declared grid met the validation screen (candidate statuses: optimal, proven_infeasible); a grid without a solution is not a statement about the whole decision space",False,,,,,,,,,,,,,,,,,,,,,,,,,,,,,,,,,,,,,,,,,,,,,,,,,,,,,,,,,,,
0,SDSRC12_MAIN9,SD-SRC12,MAIN9,"main reference nine (linear energy row, Table 5-1 verdicts in every state)","SDSRC12_MAIN9:M1[relative,apply_to_dm=True]@alpha=0.1",M1_safety_margin,method,0.1,not_met,,,,300.0,,optimal;proven_infeasible,"no value of the declared grid met the validation screen (candidate statuses: optimal, proven_infeasible); a grid without a solution is not a statement about the whole decision space",False,,,,,,,,,,,,,,,,,,,,,,,,,,,,,,,,,,,,,,,,,,,,,,,,,,,,,,,,,,,
0,SDSRC12_MAIN9,SD-SRC12,MAIN9,"main reference nine (linear energy row, Table 5-1 verdicts in every state)","SDSRC12_MAIN9:M1[relative,apply_to_dm=False]@alpha=0.1",M1_safety_margin,method,0.1,not_met,,,,300.0,,optimal;proven_infeasible,"no value of the declared grid met the validation screen (candidate statuses: optimal, proven_infeasible); a grid without a solution is not a statement about the whole decision space",False,,,,,,,,,,,,,,,,,,,,,,,,,,,,,,,,,,,,,,,,,,,,,,,,,,,,,,,,,,,
0,SDSRC12_MAIN9,SD-SRC12,MAIN9,"main reference nine (linear energy row, Table 5-1 verdicts in every state)",SDSRC12_MAIN9:M2[N=128]@alpha=0.1,M2_joint_chance_saa,method,0.1,not_met,,,,300.0,,optimal;proven_infeasible,"no value of the declared grid met the validation screen (candidate statuses: optimal, proven_infeasible); a grid without a solution is not a statement about the whole decision space",False,,,,,,,,,,,,,,,,,,,,,,,,,,,,,,,,,,,,,,,,,,,,,,,,,,,,,,,,,,,
0,SDSRC12_MAIN9,SD-SRC12,MAIN9,"main reference nine (linear energy row, Table 5-1 verdicts in every state)",SDSRC12_MAIN9:M2[N=512]@alpha=0.1,M2_joint_chance_saa,method,0.1,selected,alpha_train=0.05,feasible_time_limit,0.015276171708525436,300.0,300.38696029083803,feasible_time_limit;proven_infeasible,,True,SD-H0,False,10000,,,1445,14,0.1445,0.1459,0.15183267439398695,0.003530059347943034,0.0014,13,0.2247,0.2316742424310845,0.145,0.1451,0.15101962278893327,0.203,0.20972976974737392,0.2651,0.27246021511799395,0.2022,0.2659,0.0839,0.08860040188872177,0.0847,0.1361,0.14186854349475905,0.2239,0.1479,0.0625,0.0628,0,853,3,T51-DGC-0.50,0.0,in_domain_conditional,T51-DGC-0.50=0.1459;T51-DGC-0.33=0.1451;T51-DGC-0.67=0.7533;T51-CORNKERNEL-0.50=0.1451,962,3,True,False,False,alpha=0.1:False,alpha=0.1:False,1450,1,0.145,0.1451,0.15101962278893327,0.0035220163259133256,2021,1,0.2021,0.2022,0.20892020896319755,0.00401640585598617
0,SDSRC12_MAIN9,SD-SRC12,MAIN9,"main reference nine (linear energy row, Table 5-1 verdicts in every state)",SDSRC12_MAIN9:M2[N=512]@alpha=0.1,M2_joint_chance_saa,method,0.1,selected,alpha_train=0.05,feasible_time_limit,0.015276171708525436,300.0,300.38696029083803,feasible_time_limit;proven_infeasible,,True,SD-S2,False,10000,,,0,0,0.0,0.0,0.00029952835977661195,0.0,0.0,0,0.0001,0.0004742976591654368,0.0,0.0,0.00029952835977661195,0.0003,0.0007751813790100997,0.0004,0.0009151160584710777,0.0003,0.0004,0.0,0.00029952835977661195,0.0,0.0003,0.0007751813790100997,0.0001,0.0001,0.0,0.0,0,1,0,T51-DGC-0.50,0.0,in_domain_conditional,T51-DGC-0.50=0;T51-DGC-0.33=0;T51-DGC-0.67=0.9877;T51-CORNKERNEL-0.50=0,0,0,True,True,True,alpha=0.1:True,alpha=0.1:True,0,0,0.0,0.0,0.00029952835977661195,0.0,3,0,0.0003,0.0003,0.0007751813790100997,0.00017317909804592468
0,SDSRC12_MAIN9,SD-SRC12,MAIN9,"main reference nine (linear energy row, Table 5-1 verdicts in every state)",SDSRC12_MAIN9:M2[N=512]@alpha=0.1,M2_joint_chance_saa,method,0.1,selected,alpha_train=0.05,feasible_time_limit,0.015276171708525436,300.0,300.38696029083803,feasible_time_limit;proven_infeasible,,True,SD-SRC14,False,10000,,,343,3,0.0343,0.0346,0.03775846744745617,0.0018276443855411262,0.0,0,0.0434,0.046901444577256125,0.0343,0.0346,0.03775846744745617,0.0929,0.09781305902397906,0.1004,0.10547978594324707,0.0929,0.1004,0.0238,0.02646252186192461,0.0238,0.0702,0.07454577389319825,0.0434,0.0092,0.0001,0.0004,0,91,3,T51-DGC-0.50,0.0,in_domain_conditional,T51-DGC-0.50=0.0346;T51-DGC-0.33=0.0346;T51-DGC-0.67=0.9597;T51-CORNKERNEL-0.50=0.0346,304,3,True,True,True,alpha=0.1:True,alpha=0.1:True,343,3,0.0343,0.0346,0.03775846744745617,0.0018276443855411262,926,3,0.0926,0.0929,0.09781305902397906,0.0029029224929370745
0,SDSRC12_MAIN9,SD-SRC12,MAIN9,"main reference nine (linear energy row, Table 5-1 verdicts in every state)",SDSRC12_MAIN9:M2[N=512]@alpha=0.1,M2_joint_chance_saa,method,0.1,selected,alpha_train=0.05,feasible_time_limit,0.015276171708525436,300.0,300.38696029083803,feasible_time_limit;proven_infeasible,,True,SD-12MO,False,10000,,,9,0,0.0009,0.0009,0.0015699951188064335,0.0002998649696113236,0.0,0,0.0157,0.017902839398062906,0.0009,0.0009,0.0015699951188064335,0.0033,0.004410052749836001,0.0172,0.019496101705165338,0.0033,0.0172,0.0001,0.0004742976591654368,0.0001,0.0032,0.004295884196653873,0.0157,0.0156,0.0008,0.0008,0,148,0,T51-DGC-0.50,0.0,in_domain_conditional,T51-DGC-0.50=0.0009;T51-DGC-0.33=0.0009;T51-DGC-0.67=0.8554;T51-CORNKERNEL-0.50=0.0009,6,0,True,True,True,alpha=0.1:True,alpha=0.1:True,9,0,0.0009,0.0009,0.0015699951188064335,0.0002998649696113236,33,0,0.0033,0.0033,0.004410052749836001,0.0005735076285456019
0,SDSRC12_MAIN9,SD-SRC12,MAIN9,"main reference nine (linear energy row, Table 5-1 verdicts in every state)",SDSRC12_MAIN9:M2[N=512]@alpha=0.1,M2_joint_chance_saa,method,0.1,selected,alpha_train=0.05,feasible_time_limit,0.015276171708525436,300.0,300.38696029083803,feasible_time_limit;proven_infeasible,,True,SD-SRC12,True,10000,0.0839,0.08860040188872177,534,2,0.0534,0.0536,0.05745206537355353,0.0022522664140816025,0.0,0,0.0839,0.08860040188872177,0.0534,0.0536,0.05745206537355353,0.1153,0.12068648466616475,0.1395,0.1453265524871253,0.1153,0.1395,0.0391,0.042439334805054185,0.0391,0.0795,0.08409088326408201,0.0839,0.0363,0.0043,0.0046,0,320,3,T51-DGC-0.50,0.0,in_domain_conditional,T51-DGC-0.50=0.0536;T51-DGC-0.33=0.0536;T51-DGC-0.67=0.7382;T51-CORNKERNEL-0.50=0.0536,672,3,True,True,True,alpha=0.1:True,alpha=0.1:True,534,2,0.0534,0.0536,0.05745206537355353,0.0022522664140816025,1151,2,0.1151,0.1153,0.12068648466616475,0.0031938364078330627
0,SDSRC12_MAIN9,SD-SRC12,MAIN9,"main reference nine (linear energy row, Table 5-1 verdicts in every state)",SDSRC12_MAIN9:M2[N=1024]@alpha=0.1,M2_joint_chance_saa,method,0.1,selected,alpha_train=0.075,feasible_time_limit,0.049540590254098765,300.0,301.39701756089926,feasible_time_limit;no_feasible_solution_found;proven_infeasible,,True,SD-H0,False,10000,,,1474,10,0.1474,0.1484,0.15437307719042603,0.00355496047798003,0.0008,8,0.2212,0.22813668823838162,0.1477,0.1479,0.15386504274666649,0.202,0.20871781243090926,0.2605,0.267820442003378,0.2015,0.261,0.0786,0.0831679966152536,0.0791,0.1377,0.14349598636647556,0.2207,0.1513,0.0724,0.0727,0,788,3,T51-DGC-0.50,0.0,in_domain_conditional,T51-DGC-0.50=0.1484;T51-DGC-0.33=0.1479;T51-DGC-0.67=0.7068;T51-CORNKERNEL-0.50=0.1479,962,3,True,False,False,alpha=0.1:False,alpha=0.1:False,1477,2,0.1477,0.1479,0.15386504274666649,0.003550008309849429,2013,2,0.2013,0.2015,0.2082118099810279,0.004011206177697676
0,SDSRC12_MAIN9,SD-SRC12,MAIN9,"main reference nine (linear energy row, Table 5-1 verdicts in every state)",SDSRC12_MAIN9:M2[N=1024]@alpha=0.1,M2_joint_chance_saa,method,0.1,selected,alpha_train=0.075,feasible_time_limit,0.049540590254098765,300.0,301.39701756089926,feasible_time_limit;no_feasible_solution_found;proven_infeasible,,True,SD-S2,False,10000,,,0,0,0.0,0.0,0.00029952835977661195,0.0,0.0,0,0.0001,0.0004742976591654368,0.0,0.0,0.00029952835977661195,0.0001,0.0004742976591654368,0.0002,0.0006294441486871455,0.0001,0.0002,0.0,0.00029952835977661195,0.0,0.0001,0.0004742976591654368,0.0001,0.0001,0.0,0.0,0,1,0,T51-DGC-0.50,0.0,in_domain_conditional,T51-DGC-0.50=0;T51-DGC-0.33=0;T51-DGC-0.67=0.9372;T51-CORNKERNEL-0.50=0,0,0,True,True,True,alpha=0.1:True,alpha=0.1:True,0,0,0.0,0.0,0.00029952835977661195,0.0,1,0,0.0001,0.0001,0.0004742976591654368,9.999499987499375e-05
0,SDSRC12_MAIN9,SD-SRC12,MAIN9,"main reference nine (linear energy row, Table 5-1 verdicts in every state)",SDSRC12_MAIN9:M2[N=1024]@alpha=0.1,M2_joint_chance_saa,method,0.1,selected,alpha_train=0.075,feasible_time_limit,0.049540590254098765,300.0,301.39701756089926,feasible_time_limit;no_feasible_solution_found;proven_infeasible,,True,SD-SRC14,False,10000,,,346,3,0.0346,0.0349,0.038070922112248634,0.001835265375906166,0.0,0,0.0451,0.04866298539139966,0.0346,0.0349,0.038070922112248634,0.0911,0.09597167600588112,0.1003,0.10537762087909228,0.0911,0.1003,0.0267,0.02950606297969416,0.0267,0.0648,0.0689938968543597,0.0451,0.0109,0.0002,0.0005,0,107,3,T51-DGC-0.50,0.0,in_domain_conditional,T51-DGC-0.50=0.0349;T51-DGC-0.33=0.0349;T51-DGC-0.67=0.8852;T51-CORNKERNEL-0.50=0.0349,304,3,True,True,True,alpha=0.1:True,alpha=0.1:True,346,3,0.0346,0.0349,0.038070922112248634,0.001835265375906166,908,3,0.0908,0.0911,0.09597167600588112,0.002877512641153814
0,SDSRC12_MAIN9,SD-SRC12,MAIN9,"main reference nine (linear energy row, Table 5-1 verdicts in every state)",SDSRC12_MAIN9:M2[N=1024]@alpha=0.1,M2_joint_chance_saa,method,0.1,selected,alpha_train=0.075,feasible_time_limit,0.049540590254098765,300.0,301.39701756089926,feasible_time_limit;no_feasible_solution_found;proven_infeasible,,True,SD-12MO,False,10000,,,11,0,0.0011,0.0011,0.0018200952643435183,0.00033148001448051134,0.0,0,0.017,0.01928392073307218,0.0011,0.0011,0.0018200952643435183,0.0027,0.003721510352388209,0.018,0.02034409439164592,0.0027,0.018,0.0,0.00029952835977661195,0.0,0.0027,0.003721510352388209,0.017,0.017,0.0011,0.0011,0,159,0,T51-DGC-0.50,0.0,in_domain_conditional,T51-DGC-0.50=0.0011;T51-DGC-0.33=0.0011;T51-DGC-0.67=0.7651;T51-CORNKERNEL-0.50=0.0011,6,0,True,True,True,alpha=0.1:True,alpha=0.1:True,11,0,0.0011,0.0011,0.0018200952643435183,0.00033148001448051134,27,0,0.0027,0.0027,0.003721510352388209,0.0005189132875539034
0,SDSRC12_MAIN9,SD-SRC12,MAIN9,"main reference nine (linear energy row, Table 5-1 verdicts in every state)",SDSRC12_MAIN9:M2[N=1024]@alpha=0.1,M2_joint_chance_saa,method,0.1,selected,alpha_train=0.075,feasible_time_limit,0.049540590254098765,300.0,301.39701756089926,feasible_time_limit;no_feasible_solution_found;proven_infeasible,,True,SD-SRC12,True,10000,0.0879,0.09269671731259138,544,2,0.0544,0.0546,0.05848424374370242,0.0022719779928511634,0.0,0,0.0879,0.09269671731259138,0.0544,0.0546,0.05848424374370242,0.1125,0.1178311414357997,0.1402,0.14603835257979955,0.1125,0.1402,0.0414,0.04482724280527433,0.0414,0.0738,0.07824298430679803,0.0879,0.0411,0.0061,0.0064,1,351,3,T51-DGC-0.50,0.0,in_domain_conditional,T51-DGC-0.50=0.0546;T51-DGC-0.33=0.0546;T51-DGC-0.67=0.6773;T51-CORNKERNEL-0.50=0.0546,672,3,True,True,True,alpha=0.1:True,alpha=0.1:True,544,2,0.0544,0.0546,0.05848424374370242,0.0022719779928511634,1123,2,0.1123,0.1125,0.1178311414357997,0.0031598061649411343
0,SDSRC12_MAIN9,SD-SRC12,MAIN9,"main reference nine (linear energy row, Table 5-1 verdicts in every state)",SDSRC12_MAIN9:M3a[factory box]@alpha=0.1,M3a_box_robust,method,0.1,not_met,,,,300.0,,proven_infeasible,no value of the declared grid met the validation screen (candidate statuses: proven_infeasible); a grid without a solution is not a statement about the whole decision space,False,,,,,,,,,,,,,,,,,,,,,,,,,,,,,,,,,,,,,,,,,,,,,,,,,,,,,,,,,,,
0,SDSRC12_MAIN9,SD-SRC12,MAIN9,"main reference nine (linear energy row, Table 5-1 verdicts in every state)",SDSRC12_MAIN9:M3b[factory box]@alpha=0.1,M3b_budget_robust,method,0.1,not_met,,,,300.0,,optimal;proven_infeasible,"no value of the declared grid met the validation screen (candidate statuses: optimal, proven_infeasible); a grid without a solution is not a statement about the whole decision space",False,,,,,,,,,,,,,,,,,,,,,,,,,,,,,,,,,,,,,,,,,,,,,,,,,,,,,,,,,,,
0,SDSRC12_MAIN9,SD-SRC12,MAIN9,"main reference nine (linear energy row, Table 5-1 verdicts in every state)","SDSRC12_MAIN9:M1[relative,apply_to_dm=True]@alpha=0.01",M1_safety_margin,method,0.01,not_met,,,,300.0,,optimal;proven_infeasible,"no value of the declared grid met the validation screen (candidate statuses: optimal, proven_infeasible); a grid without a solution is not a statement about the whole decision space",False,,,,,,,,,,,,,,,,,,,,,,,,,,,,,,,,,,,,,,,,,,,,,,,,,,,,,,,,,,,
0,SDSRC12_MAIN9,SD-SRC12,MAIN9,"main reference nine (linear energy row, Table 5-1 verdicts in every state)","SDSRC12_MAIN9:M1[relative,apply_to_dm=False]@alpha=0.01",M1_safety_margin,method,0.01,not_met,,,,300.0,,optimal;proven_infeasible,"no value of the declared grid met the validation screen (candidate statuses: optimal, proven_infeasible); a grid without a solution is not a statement about the whole decision space",False,,,,,,,,,,,,,,,,,,,,,,,,,,,,,,,,,,,,,,,,,,,,,,,,,,,,,,,,,,,
0,SDSRC12_MAIN9,SD-SRC12,MAIN9,"main reference nine (linear energy row, Table 5-1 verdicts in every state)",SDSRC12_MAIN9:M2[N=128]@alpha=0.01,M2_joint_chance_saa,method,0.01,not_met,,,,300.0,,proven_infeasible,"SAA over the N training scenarios proven infeasible for every alpha_train of the declared grid (training scenarios only; not a population, field or whole-space statement)",False,,,,,,,,,,,,,,,,,,,,,,,,,,,,,,,,,,,,,,,,,,,,,,,,,,,,,,,,,,,
0,SDSRC12_MAIN9,SD-SRC12,MAIN9,"main reference nine (linear energy row, Table 5-1 verdicts in every state)",SDSRC12_MAIN9:M2[N=512]@alpha=0.01,M2_joint_chance_saa,method,0.01,not_met,,,,300.0,,proven_infeasible,"SAA over the N training scenarios proven infeasible for every alpha_train of the declared grid (training scenarios only; not a population, field or whole-space statement)",False,,,,,,,,,,,,,,,,,,,,,,,,,,,,,,,,,,,,,,,,,,,,,,,,,,,,,,,,,,,
0,SDSRC12_MAIN9,SD-SRC12,MAIN9,"main reference nine (linear energy row, Table 5-1 verdicts in every state)",SDSRC12_MAIN9:M2[N=1024]@alpha=0.01,M2_joint_chance_saa,method,0.01,not_met,,,,300.0,,proven_infeasible,"SAA over the N training scenarios proven infeasible for every alpha_train of the declared grid (training scenarios only; not a population, field or whole-space statement)",False,,,,,,,,,,,,,,,,,,,,,,,,,,,,,,,,,,,,,,,,,,,,,,,,,,,,,,,,,,,
0,SDSRC12_MAIN9,SD-SRC12,MAIN9,"main reference nine (linear energy row, Table 5-1 verdicts in every state)",SDSRC12_MAIN9:M3a[factory box]@alpha=0.01,M3a_box_robust,method,0.01,not_met,,,,300.0,,proven_infeasible,no value of the declared grid met the validation screen (candidate statuses: proven_infeasible); a grid without a solution is not a statement about the whole decision space,False,,,,,,,,,,,,,,,,,,,,,,,,,,,,,,,,,,,,,,,,,,,,,,,,,,,,,,,,,,,
0,SDSRC12_MAIN9,SD-SRC12,MAIN9,"main reference nine (linear energy row, Table 5-1 verdicts in every state)",SDSRC12_MAIN9:M3b[factory box]@alpha=0.01,M3b_budget_robust,method,0.01,not_met,,,,300.0,,optimal;proven_infeasible,"no value of the declared grid met the validation screen (candidate statuses: optimal, proven_infeasible); a grid without a solution is not a statement about the whole decision space",False,,,,,,,,,,,,,,,,,,,,,,,,,,,,,,,,,,,,,,,,,,,,,,,,,,,,,,,,,,,
0,SDSRC12_MAIN9,SD-SRC12,MAIN9,"main reference nine (linear energy row, Table 5-1 verdicts in every state)","SDSRC12_MAIN9:DIAG-frontier:M2[N=128,alpha_train=m*/N=5/128]",M2_joint_chance_saa,diagnostic_frontier,,,,optimal,0.0,300.0,5.237576568964869,,,True,SD-H0,False,10000,,,1749,3,0.1749,0.1752,0.18157246769897525,0.003801380801761381,0.0001,1,0.2378,0.24490874592481743,0.1749,0.1751,0.18147108399024778,0.2291,0.23612047233697847,0.2794,0.28687747060079927,0.229,0.2795,0.0804,0.08501360189339208,0.0805,0.1666,0.17285067928673453,0.2377,0.1378,0.0671,0.0674,1,707,3,T51-DGC-0.50,0.0,in_domain_conditional,T51-DGC-0.50=0.1752;T51-DGC-0.33=0.1751;T51-DGC-0.67=0.6323;T51-CORNKERNEL-0.50=0.1751,962,3,True,,,,,1749,2,0.1749,0.1751,0.18147108399024778,0.00380052614778533,2288,2,0.2288,0.229,0.23601943364624955,0.004201892430798295
0,SDSRC12_MAIN9,SD-SRC12,MAIN9,"main reference nine (linear energy row, Table 5-1 verdicts in every state)","SDSRC12_MAIN9:DIAG-frontier:M2[N=128,alpha_train=m*/N=5/128]",M2_joint_chance_saa,diagnostic_frontier,,,,optimal,0.0,300.0,5.237576568964869,,,True,SD-S2,False,10000,,,1,0,0.0001,0.0001,0.0004742976591654368,9.999499987499375e-05,0.0,0,0.0002,0.0006294441486871455,0.0001,0.0001,0.0004742976591654368,0.0003,0.0007751813790100997,0.0004,0.0009151160584710777,0.0003,0.0004,0.0,0.00029952835977661195,0.0,0.0003,0.0007751813790100997,0.0002,0.0001,0.0,0.0,0,1,0,T51-DGC-0.50,0.0,in_domain_conditional,T51-DGC-0.50=0.0001;T51-DGC-0.33=0.0001;T51-DGC-0.67=0.6682;T51-CORNKERNEL-0.50=0.0001,0,0,True,,,,,1,0,0.0001,0.0001,0.0004742976591654368,9.999499987499375e-05,3,0,0.0003,0.0003,0.0007751813790100997,0.00017317909804592468
0,SDSRC12_MAIN9,SD-SRC12,MAIN9,"main reference nine (linear energy row, Table 5-1 verdicts in every state)","SDSRC12_MAIN9:DIAG-frontier:M2[N=128,alpha_train=m*/N=5/128]",M2_joint_chance_saa,diagnostic_frontier,,,,optimal,0.0,300.0,5.237576568964869,,,True,SD-SRC14,False,10000,,,754,3,0.0754,0.0757,0.08019307602170092,0.0026451750414670104,0.0,0,0.085,0.08972718779188904,0.0754,0.0757,0.08019307602170092,0.1319,0.13759525445560153,0.1402,0.14603835257979955,0.1319,0.1402,0.0331,0.03619527220288178,0.0331,0.1012,0.10629705214854392,0.085,0.0105,0.0002,0.0005,0,103,3,T51-DGC-0.50,0.0,in_domain_conditional,T51-DGC-0.50=0.0757;T51-DGC-0.33=0.0757;T51-DGC-0.67=0.6595;T51-CORNKERNEL-0.50=0.0757,304,3,True,,,,,754,3,0.0754,0.0757,0.08019307602170092,0.0026451750414670104,1316,3,0.1316,0.1319,0.13759525445560153,0.003383820178437382
0,SDSRC12_MAIN9,SD-SRC12,MAIN9,"main reference nine (linear energy row, Table 5-1 verdicts in every state)","SDSRC12_MAIN9:DIAG-frontier:M2[N=128,alpha_train=m*/N=5/128]",M2_joint_chance_saa,diagnostic_frontier,,,,optimal,0.0,300.0,5.237576568964869,,,True,SD-12MO,False,10000,,,11,0,0.0011,0.0011,0.0018200952643435183,0.00033148001448051134,0.0,0,0.0129,0.01491533371401061,0.0011,0.0011,0.0018200952643435183,0.0027,0.003721510352388209,0.014,0.016091306623453573,0.0027,0.014,0.0,0.00029952835977661195,0.0,0.0027,0.003721510352388209,0.0129,0.0128,0.001,0.001,0,118,0,T51-DGC-0.50,0.0,in_domain_conditional,T51-DGC-0.50=0.0011;T51-DGC-0.33=0.0011;T51-DGC-0.67=0.5765;T51-CORNKERNEL-0.50=0.0011,6,0,True,,,,,11,0,0.0011,0.0011,0.0018200952643435183,0.00033148001448051134,27,0,0.0027,0.0027,0.003721510352388209,0.0005189132875539034
0,SDSRC12_MAIN9,SD-SRC12,MAIN9,"main reference nine (linear energy row, Table 5-1 verdicts in every state)","SDSRC12_MAIN9:DIAG-frontier:M2[N=128,alpha_train=m*/N=5/128]",M2_joint_chance_saa,diagnostic_frontier,,,,optimal,0.0,300.0,5.237576568964869,,,True,SD-SRC12,True,10000,0.1224,0.12792245615573686,953,2,0.0953,0.0955,0.10047187770112263,0.002939043211659196,0.0,0,0.1224,0.12792245615573686,0.0953,0.0955,0.10047187770112263,0.1532,0.1592490581137843,0.1751,0.18147108399024778,0.1532,0.1751,0.0484,0.052078720159519844,0.0484,0.1101,0.11538289300855321,0.1224,0.0364,0.0059,0.0062,2,307,3,T51-DGC-0.50,0.0,in_domain_conditional,T51-DGC-0.50=0.0955;T51-DGC-0.33=0.0955;T51-DGC-0.67=0.58;T51-CORNKERNEL-0.50=0.0955,672,3,True,,,,,953,2,0.0953,0.0955,0.10047187770112263,0.002939043211659196,1530,2,0.153,0.1532,0.1592490581137843,0.0036018017713361186
0,SDSRC12_MAIN9,SD-SRC12,MAIN9,"main reference nine (linear energy row, Table 5-1 verdicts in every state)","SDSRC12_MAIN9:DIAG-frontier:M2[N=512,alpha_train=m*/N=17/512]",M2_joint_chance_saa,diagnostic_frontier,,,,optimal,4.6827319762835673e-05,300.0,193.0802899291739,,,True,SD-H0,False,10000,,,1260,26,0.126,0.1286,0.13423636146826598,0.0033475668775993107,0.0025,25,0.2022,0.20892020896319755,0.1265,0.1266,0.13220009071359842,0.4198,0.42798430008583466,0.4425,0.45073132397558685,0.4178,0.4445,0.0615,0.06559718689702045,0.0635,0.3879,0.3959883155055553,0.2002,0.1389,0.0617,0.062,0,771,3,T51-DGC-0.50,0.0,in_domain_conditional,T51-DGC-0.50=0.1286;T51-DGC-0.33=0.1266;T51-DGC-0.67=0.7765;T51-CORNKERNEL-0.50=0.1266,962,3,True,,,,,1265,1,0.1265,0.1266,0.13220009071359842,0.003325243449734169,4177,1,0.4177,0.4178,0.425979317565269,0.004931968775245845
0,SDSRC12_MAIN9,SD-SRC12,MAIN9,"main reference nine (linear energy row, Table 5-1 verdicts in every state)","SDSRC12_MAIN9:DIAG-frontier:M2[N=512,alpha_train=m*/N=17/512]",M2_joint_chance_saa,diagnostic_frontier,,,,optimal,4.6827319762835673e-05,300.0,193.0802899291739,,,True,SD-S2,False,10000,,,0,0,0.0,0.0,0.00029952835977661195,0.0,0.0,0,0.0,0.00029952835977661195,0.0,0.0,0.00029952835977661195,0.2,0.2066937069342602,0.2,0.2066937069342602,0.2,0.2,0.0,0.00029952835977661195,0.0,0.2,0.2066937069342602,0.0,0.0,0.0,0.0,0,0,0,T51-DGC-0.50,0.0,in_domain_conditional,T51-DGC-0.50=0;T51-DGC-0.33=0;T51-DGC-0.67=0.9967;T51-CORNKERNEL-0.50=0,0,0,True,,,,,0,0,0.0,0.0,0.00029952835977661195,0.0,2000,0,0.2,0.2,0.2066937069342602,0.004
0,SDSRC12_MAIN9,SD-SRC12,MAIN9,"main reference nine (linear energy row, Table 5-1 verdicts in every state)","SDSRC12_MAIN9:DIAG-frontier:M2[N=512,alpha_train=m*/N=17/512]",M2_joint_chance_saa,diagnostic_frontier,,,,optimal,4.6827319762835673e-05,300.0,193.0802899291739,,,True,SD-SRC14,False,10000,,,200,3,0.02,0.0203,0.02277610493334323,0.001410245014173069,0.0,0,0.0266,0.029401258125766928,0.02,0.0203,0.02277610493334323,0.3558,0.3637551760808349,0.3589,0.3668696833397842,0.3558,0.3589,0.0082,0.009845039083377432,0.0082,0.3506,0.3585300317931651,0.0266,0.0067,0.0001,0.0004,0,66,3,T51-DGC-0.50,0.0,in_domain_conditional,T51-DGC-0.50=0.0203;T51-DGC-0.33=0.0203;T51-DGC-0.67=0.9823;T51-CORNKERNEL-0.50=0.0203,304,3,True,,,,,200,3,0.02,0.0203,0.02277610493334323,0.001410245014173069,3555,3,0.3555,0.3558,0.3637551760808349,0.004787550104176456
0,SDSRC12_MAIN9,SD-SRC12,MAIN9,"main reference nine (linear energy row, Table 5-1 verdicts in every state)","SDSRC12_MAIN9:DIAG-frontier:M2[N=512,alpha_train=m*/N=17/512]",M2_joint_chance_saa,diagnostic_frontier,,,,optimal,4.6827319762835673e-05,300.0,193.0802899291739,,,True,SD-12MO,False,10000,,,9,0,0.0009,0.0009,0.0015699951188064335,0.0002998649696113236,0.0,0,0.0127,0.014701163628579992,0.0009,0.0009,0.0015699951188064335,0.2264,0.23339223247781948,0.2298,0.236827727681123,0.2264,0.2298,0.0001,0.0004742976591654368,0.0001,0.2263,0.233291178738369,0.0127,0.0126,0.0008,0.0008,0,118,0,T51-DGC-0.50,0.0,in_domain_conditional,T51-DGC-0.50=0.0009;T51-DGC-0.33=0.0009;T51-DGC-0.67=0.9005;T51-CORNKERNEL-0.50=0.0009,6,0,True,,,,,9,0,0.0009,0.0009,0.0015699951188064335,0.0002998649696113236,2264,0,0.2264,0.2264,0.23339223247781948,0.004185009438460086
0,SDSRC12_MAIN9,SD-SRC12,MAIN9,"main reference nine (linear energy row, Table 5-1 verdicts in every state)","SDSRC12_MAIN9:DIAG-frontier:M2[N=512,alpha_train=m*/N=17/512]",M2_joint_chance_saa,diagnostic_frontier,,,,optimal,4.6827319762835673e-05,300.0,193.0802899291739,,,True,SD-SRC12,True,10000,0.0623,0.0664209188408926,340,2,0.034,0.0342,0.03734176710101112,0.0018174256518493405,0.0,0,0.0623,0.0664209188408926,0.034,0.0342,0.03734176710101112,0.3669,0.3749054725192028,0.3791,0.3871555364284643,0.3669,0.3791,0.0195,0.021931133632004707,0.0195,0.3553,0.3632528025389562,0.0623,0.0327,0.0037,0.004,0,290,3,T51-DGC-0.50,0.0,in_domain_conditional,T51-DGC-0.50=0.0342;T51-DGC-0.33=0.0342;T51-DGC-0.67=0.7638;T51-CORNKERNEL-0.50=0.0342,672,3,True,,,,,340,2,0.034,0.0342,0.03734176710101112,0.0018174256518493405,3667,2,0.3667,0.3669,0.3749054725192028,0.004819589090368597
0,SDSRC12_MAIN9,SD-SRC12,MAIN9,"main reference nine (linear energy row, Table 5-1 verdicts in every state)","SDSRC12_MAIN9:DIAG-frontier:M2[N=1024,alpha_train=m*/N=38/1024]",M2_joint_chance_saa,diagnostic_frontier,,,,no_feasible_solution_found,,300.0,301.3685622680932,,solver status no_feasible_solution_found; not a statement about the whole decision space,False,,,,,,,,,,,,,,,,,,,,,,,,,,,,,,,,,,,,,,,,,,,,,,,,,,,,,,,,,,,
