root_k,evaluation_world,target_alpha,cell_id,sd_arm,objective_arm,label,method_id,method_family,entry_role,has_ration,selection_status,selected_param,solver_status,infeasibility_scope,membership_event,membership_stat,rate_lower,rate_upper,cp_upper,target_met,in_comparable_set,comparable_set_size,grid_n_candidates,grid_n_candidates_with_ration,grid_min_rate_upper,grid_min_rate_upper_cp_upper,grid_min_rate_upper_param,grid_min_label,frontier_N,frontier_status,frontier_m_star_lower_over_N,frontier_m_star_upper_over_N,frontier_rate_lower,frontier_rate_upper,frontier_cp_upper,frontier_label
1,SD-H0,0.05,SD12MO_MAIN9,SD-12MO,MAIN9,SD12MO_MAIN9:M0,M0_nominal,M0_nominal,entry,True,,,optimal,,main_reference_plan_domain,cp_upper,0.9581,0.9581,0.961346464886179,False,False,0,1,1,0.9581,0.961346464886179,,minimum attainable main-event rate_upper over the declared grid (descriptive; its cost is not a comparable cost),1024,frontier_no_feasible_solution_found_no_ration,0.330078125,0.66796875,,,,
1,SD-H0,0.05,SD12MO_MAIN9,SD-12MO,MAIN9,"SD12MO_MAIN9:M1[relative,apply_to_dm=False]@alpha=0.05",M1_safety_margin,M1_safety_margin[apply_to_dm=False],sensitivity_line,False,not_met,,,"no value of the declared grid met the validation screen (candidate statuses: optimal, proven_infeasible); a grid without a solution is not a statement about the whole decision space",main_reference_plan_domain,cp_upper,,,,,False,0,5,1,0.9581,0.961346464886179,k=0.0,minimum attainable main-event rate_upper over the declared grid (descriptive; its cost is not a comparable cost),1024,frontier_no_feasible_solution_found_no_ration,0.330078125,0.66796875,,,,
1,SD-H0,0.05,SD12MO_MAIN9,SD-12MO,MAIN9,"SD12MO_MAIN9:M1[relative,apply_to_dm=True]@alpha=0.05",M1_safety_margin,M1_safety_margin[apply_to_dm=True],entry,False,not_met,,,"no value of the declared grid met the validation screen (candidate statuses: optimal, proven_infeasible); a grid without a solution is not a statement about the whole decision space",main_reference_plan_domain,cp_upper,,,,,False,0,5,1,0.9581,0.961346464886179,k=0.0,minimum attainable main-event rate_upper over the declared grid (descriptive; its cost is not a comparable cost),1024,frontier_no_feasible_solution_found_no_ration,0.330078125,0.66796875,,,,
1,SD-H0,0.05,SD12MO_MAIN9,SD-12MO,MAIN9,SD12MO_MAIN9:M2[N=1024]@alpha=0.05,M2_joint_chance_saa,M2_joint_chance_saa[N=1024],entry,False,not_met,,,"SAA over the N training scenarios proven infeasible for every alpha_train of the declared grid (training scenarios only; not a population, field or whole-space statement)",main_reference_plan_domain,cp_upper,,,,,False,0,4,0,,,,no scored grid candidate with a ration (not a whole-space statement),1024,frontier_no_feasible_solution_found_no_ration,0.330078125,0.66796875,,,,
1,SD-H0,0.05,SD12MO_MAIN9,SD-12MO,MAIN9,SD12MO_MAIN9:M2[N=128]@alpha=0.05,M2_joint_chance_saa,M2_joint_chance_saa[N=128],entry,False,not_met,,,"SAA over the N training scenarios proven infeasible for every alpha_train of the declared grid (training scenarios only; not a population, field or whole-space statement)",main_reference_plan_domain,cp_upper,,,,,False,0,4,0,,,,no scored grid candidate with a ration (not a whole-space statement),128,optimal,0.625,0.625,0.778,0.7782,0.7850231857112578,"diagnostic frontier point (training scenarios only); not a method, never a member"
1,SD-H0,0.05,SD12MO_MAIN9,SD-12MO,MAIN9,SD12MO_MAIN9:M2[N=512]@alpha=0.05,M2_joint_chance_saa,M2_joint_chance_saa[N=512],entry,False,not_met,,,"SAA over the N training scenarios proven infeasible for every alpha_train of the declared grid (training scenarios only; not a population, field or whole-space statement)",main_reference_plan_domain,cp_upper,,,,,False,0,4,0,,,,no scored grid candidate with a ration (not a whole-space statement),512,frontier_no_feasible_solution_found_no_ration,0.51171875,0.63671875,,,,
1,SD-H0,0.05,SD12MO_MAIN9,SD-12MO,MAIN9,SD12MO_MAIN9:M3a[factory box]@alpha=0.05,M3a_box_robust,M3a_box_robust,entry,False,not_met,,,no value of the declared grid met the validation screen (candidate statuses: proven_infeasible); a grid without a solution is not a statement about the whole decision space,main_reference_plan_domain,cp_upper,,,,,False,0,5,0,,,,no scored grid candidate with a ration (not a whole-space statement),1024,frontier_no_feasible_solution_found_no_ration,0.330078125,0.66796875,,,,
1,SD-H0,0.05,SD12MO_MAIN9,SD-12MO,MAIN9,SD12MO_MAIN9:M3b[factory box]@alpha=0.05,M3b_budget_robust,M3b_budget_robust,entry,False,not_met,,,"no value of the declared grid met the validation screen (candidate statuses: optimal, proven_infeasible); a grid without a solution is not a statement about the whole decision space",main_reference_plan_domain,cp_upper,,,,,False,0,35,5,0.9581,0.961346464886179,"gamma=0 {""k_box"": 1.0}",minimum attainable main-event rate_upper over the declared grid (descriptive; its cost is not a comparable cost),1024,frontier_no_feasible_solution_found_no_ration,0.330078125,0.66796875,,,,
1,SD-H0,0.05,SDH0_MAIN9,SD-H0,MAIN9,SDH0_MAIN9:M0,M0_nominal,M0_nominal,entry,True,,,optimal,,main_reference_plan_domain,cp_upper,0.9581,0.9581,0.961346464886179,False,False,0,1,1,0.9581,0.961346464886179,,minimum attainable main-event rate_upper over the declared grid (descriptive; its cost is not a comparable cost),1024,frontier_no_feasible_solution_found_no_ration,0.4189453125,0.751953125,,,,
1,SD-H0,0.05,SDH0_MAIN9,SD-H0,MAIN9,"SDH0_MAIN9:M1[relative,apply_to_dm=False]@alpha=0.05",M1_safety_margin,M1_safety_margin[apply_to_dm=False],sensitivity_line,False,not_met,,,"no value of the declared grid met the validation screen (candidate statuses: optimal, proven_infeasible); a grid without a solution is not a statement about the whole decision space",main_reference_plan_domain,cp_upper,,,,,False,0,5,1,0.9581,0.961346464886179,k=0.0,minimum attainable main-event rate_upper over the declared grid (descriptive; its cost is not a comparable cost),1024,frontier_no_feasible_solution_found_no_ration,0.4189453125,0.751953125,,,,
1,SD-H0,0.05,SDH0_MAIN9,SD-H0,MAIN9,"SDH0_MAIN9:M1[relative,apply_to_dm=True]@alpha=0.05",M1_safety_margin,M1_safety_margin[apply_to_dm=True],entry,False,not_met,,,"no value of the declared grid met the validation screen (candidate statuses: optimal, proven_infeasible); a grid without a solution is not a statement about the whole decision space",main_reference_plan_domain,cp_upper,,,,,False,0,5,1,0.9581,0.961346464886179,k=0.0,minimum attainable main-event rate_upper over the declared grid (descriptive; its cost is not a comparable cost),1024,frontier_no_feasible_solution_found_no_ration,0.4189453125,0.751953125,,,,
1,SD-H0,0.05,SDH0_MAIN9,SD-H0,MAIN9,SDH0_MAIN9:M2[N=1024]@alpha=0.05,M2_joint_chance_saa,M2_joint_chance_saa[N=1024],entry,False,not_met,,,"SAA over the N training scenarios proven infeasible for every alpha_train of the declared grid (training scenarios only; not a population, field or whole-space statement)",main_reference_plan_domain,cp_upper,,,,,False,0,4,0,,,,no scored grid candidate with a ration (not a whole-space statement),1024,frontier_no_feasible_solution_found_no_ration,0.4189453125,0.751953125,,,,
1,SD-H0,0.05,SDH0_MAIN9,SD-H0,MAIN9,SDH0_MAIN9:M2[N=128]@alpha=0.05,M2_joint_chance_saa,M2_joint_chance_saa[N=128],entry,False,not_met,,,"SAA over the N training scenarios proven infeasible for every alpha_train of the declared grid (training scenarios only; not a population, field or whole-space statement)",main_reference_plan_domain,cp_upper,,,,,False,0,4,0,,,,no scored grid candidate with a ration (not a whole-space statement),128,optimal,0.734375,0.734375,0.7121,0.7124,0.719848939617376,"diagnostic frontier point (training scenarios only); not a method, never a member"
1,SD-H0,0.05,SDH0_MAIN9,SD-H0,MAIN9,SDH0_MAIN9:M2[N=512]@alpha=0.05,M2_joint_chance_saa,M2_joint_chance_saa[N=512],entry,False,not_met,,,"SAA over the N training scenarios proven infeasible for every alpha_train of the declared grid (training scenarios only; not a population, field or whole-space statement)",main_reference_plan_domain,cp_upper,,,,,False,0,4,0,,,,no scored grid candidate with a ration (not a whole-space statement),512,frontier_no_feasible_solution_found_no_ration,0.578125,0.724609375,,,,
1,SD-H0,0.05,SDH0_MAIN9,SD-H0,MAIN9,SDH0_MAIN9:M3a[factory box]@alpha=0.05,M3a_box_robust,M3a_box_robust,entry,False,not_met,,,no value of the declared grid met the validation screen (candidate statuses: proven_infeasible); a grid without a solution is not a statement about the whole decision space,main_reference_plan_domain,cp_upper,,,,,False,0,5,0,,,,no scored grid candidate with a ration (not a whole-space statement),1024,frontier_no_feasible_solution_found_no_ration,0.4189453125,0.751953125,,,,
1,SD-H0,0.05,SDH0_MAIN9,SD-H0,MAIN9,SDH0_MAIN9:M3b[factory box]@alpha=0.05,M3b_budget_robust,M3b_budget_robust,entry,False,not_met,,,"no value of the declared grid met the validation screen (candidate statuses: optimal, proven_infeasible); a grid without a solution is not a statement about the whole decision space",main_reference_plan_domain,cp_upper,,,,,False,0,35,5,0.9581,0.961346464886179,"gamma=0 {""k_box"": 1.0}",minimum attainable main-event rate_upper over the declared grid (descriptive; its cost is not a comparable cost),1024,frontier_no_feasible_solution_found_no_ration,0.4189453125,0.751953125,,,,
1,SD-H0,0.05,SDS2_MAIN9,SD-S2,MAIN9,SDS2_MAIN9:M0,M0_nominal,M0_nominal,entry,True,,,optimal,,main_reference_plan_domain,cp_upper,0.9581,0.9581,0.961346464886179,False,False,0,1,1,0.9581,0.961346464886179,,minimum attainable main-event rate_upper over the declared grid (descriptive; its cost is not a comparable cost),1024,frontier_no_feasible_solution_found_no_ration,0.126953125,0.6171875,,,,
1,SD-H0,0.05,SDS2_MAIN9,SD-S2,MAIN9,"SDS2_MAIN9:M1[relative,apply_to_dm=False]@alpha=0.05",M1_safety_margin,M1_safety_margin[apply_to_dm=False],sensitivity_line,False,not_met,,,"no value of the declared grid met the validation screen (candidate statuses: optimal, proven_infeasible); a grid without a solution is not a statement about the whole decision space",main_reference_plan_domain,cp_upper,,,,,False,0,5,1,0.9581,0.961346464886179,k=0.0,minimum attainable main-event rate_upper over the declared grid (descriptive; its cost is not a comparable cost),1024,frontier_no_feasible_solution_found_no_ration,0.126953125,0.6171875,,,,
1,SD-H0,0.05,SDS2_MAIN9,SD-S2,MAIN9,"SDS2_MAIN9:M1[relative,apply_to_dm=True]@alpha=0.05",M1_safety_margin,M1_safety_margin[apply_to_dm=True],entry,False,not_met,,,"no value of the declared grid met the validation screen (candidate statuses: optimal, proven_infeasible); a grid without a solution is not a statement about the whole decision space",main_reference_plan_domain,cp_upper,,,,,False,0,5,1,0.9581,0.961346464886179,k=0.0,minimum attainable main-event rate_upper over the declared grid (descriptive; its cost is not a comparable cost),1024,frontier_no_feasible_solution_found_no_ration,0.126953125,0.6171875,,,,
1,SD-H0,0.05,SDS2_MAIN9,SD-S2,MAIN9,SDS2_MAIN9:M2[N=1024]@alpha=0.05,M2_joint_chance_saa,M2_joint_chance_saa[N=1024],entry,False,not_met,,,"SAA over the N training scenarios proven infeasible for every alpha_train of the declared grid (training scenarios only; not a population, field or whole-space statement)",main_reference_plan_domain,cp_upper,,,,,False,0,4,0,,,,no scored grid candidate with a ration (not a whole-space statement),1024,frontier_no_feasible_solution_found_no_ration,0.126953125,0.6171875,,,,
1,SD-H0,0.05,SDS2_MAIN9,SD-S2,MAIN9,SDS2_MAIN9:M2[N=128]@alpha=0.05,M2_joint_chance_saa,M2_joint_chance_saa[N=128],entry,False,not_met,,,"SAA over the N training scenarios proven infeasible for every alpha_train of the declared grid (training scenarios only; not a population, field or whole-space statement)",main_reference_plan_domain,cp_upper,,,,,False,0,4,0,,,,no scored grid candidate with a ration (not a whole-space statement),128,optimal,0.5546875,0.5546875,0.8104,0.8106,0.8170275495082839,"diagnostic frontier point (training scenarios only); not a method, never a member"
1,SD-H0,0.05,SDS2_MAIN9,SD-S2,MAIN9,SDS2_MAIN9:M2[N=512]@alpha=0.05,M2_joint_chance_saa,M2_joint_chance_saa[N=512],entry,False,not_met,,,"SAA over the N training scenarios proven infeasible for every alpha_train of the declared grid (training scenarios only; not a population, field or whole-space statement)",main_reference_plan_domain,cp_upper,,,,,False,0,4,0,,,,no scored grid candidate with a ration (not a whole-space statement),512,frontier_no_feasible_solution_found_no_ration,0.40625,0.568359375,,,,
1,SD-H0,0.05,SDS2_MAIN9,SD-S2,MAIN9,SDS2_MAIN9:M3a[factory box]@alpha=0.05,M3a_box_robust,M3a_box_robust,entry,False,not_met,,,no value of the declared grid met the validation screen (candidate statuses: proven_infeasible); a grid without a solution is not a statement about the whole decision space,main_reference_plan_domain,cp_upper,,,,,False,0,5,0,,,,no scored grid candidate with a ration (not a whole-space statement),1024,frontier_no_feasible_solution_found_no_ration,0.126953125,0.6171875,,,,
1,SD-H0,0.05,SDS2_MAIN9,SD-S2,MAIN9,SDS2_MAIN9:M3b[factory box]@alpha=0.05,M3b_budget_robust,M3b_budget_robust,entry,False,not_met,,,"no value of the declared grid met the validation screen (candidate statuses: optimal, proven_infeasible); a grid without a solution is not a statement about the whole decision space",main_reference_plan_domain,cp_upper,,,,,False,0,35,5,0.9581,0.961346464886179,"gamma=0 {""k_box"": 1.0}",minimum attainable main-event rate_upper over the declared grid (descriptive; its cost is not a comparable cost),1024,frontier_no_feasible_solution_found_no_ration,0.126953125,0.6171875,,,,
1,SD-H0,0.05,SDSRC12_MAIN9,SD-SRC12,MAIN9,SDSRC12_MAIN9:M0,M0_nominal,M0_nominal,entry,True,,,optimal,,main_reference_plan_domain,cp_upper,0.9581,0.9581,0.961346464886179,False,False,0,1,1,0.9581,0.961346464886179,,minimum attainable main-event rate_upper over the declared grid (descriptive; its cost is not a comparable cost),1024,frontier_no_feasible_solution_found_no_ration,0.283203125,0.7646484375,,,,
1,SD-H0,0.05,SDSRC12_MAIN9,SD-SRC12,MAIN9,"SDSRC12_MAIN9:M1[relative,apply_to_dm=False]@alpha=0.05",M1_safety_margin,M1_safety_margin[apply_to_dm=False],sensitivity_line,False,not_met,,,"no value of the declared grid met the validation screen (candidate statuses: optimal, proven_infeasible); a grid without a solution is not a statement about the whole decision space",main_reference_plan_domain,cp_upper,,,,,False,0,5,1,0.9581,0.961346464886179,k=0.0,minimum attainable main-event rate_upper over the declared grid (descriptive; its cost is not a comparable cost),1024,frontier_no_feasible_solution_found_no_ration,0.283203125,0.7646484375,,,,
1,SD-H0,0.05,SDSRC12_MAIN9,SD-SRC12,MAIN9,"SDSRC12_MAIN9:M1[relative,apply_to_dm=True]@alpha=0.05",M1_safety_margin,M1_safety_margin[apply_to_dm=True],entry,False,not_met,,,"no value of the declared grid met the validation screen (candidate statuses: optimal, proven_infeasible); a grid without a solution is not a statement about the whole decision space",main_reference_plan_domain,cp_upper,,,,,False,0,5,1,0.9581,0.961346464886179,k=0.0,minimum attainable main-event rate_upper over the declared grid (descriptive; its cost is not a comparable cost),1024,frontier_no_feasible_solution_found_no_ration,0.283203125,0.7646484375,,,,
1,SD-H0,0.05,SDSRC12_MAIN9,SD-SRC12,MAIN9,SDSRC12_MAIN9:M2[N=1024]@alpha=0.05,M2_joint_chance_saa,M2_joint_chance_saa[N=1024],entry,False,not_met,,,"SAA over the N training scenarios proven infeasible for every alpha_train of the declared grid (training scenarios only; not a population, field or whole-space statement)",main_reference_plan_domain,cp_upper,,,,,False,0,4,0,,,,no scored grid candidate with a ration (not a whole-space statement),1024,frontier_no_feasible_solution_found_no_ration,0.283203125,0.7646484375,,,,
1,SD-H0,0.05,SDSRC12_MAIN9,SD-SRC12,MAIN9,SDSRC12_MAIN9:M2[N=128]@alpha=0.05,M2_joint_chance_saa,M2_joint_chance_saa[N=128],entry,False,not_met,,,"SAA over the N training scenarios proven infeasible for every alpha_train of the declared grid (training scenarios only; not a population, field or whole-space statement)",main_reference_plan_domain,cp_upper,,,,,False,0,4,0,,,,no scored grid candidate with a ration (not a whole-space statement),128,optimal,0.703125,0.703125,0.7264,0.7266,0.7339317577954996,"diagnostic frontier point (training scenarios only); not a method, never a member"
1,SD-H0,0.05,SDSRC12_MAIN9,SD-SRC12,MAIN9,SDSRC12_MAIN9:M2[N=512]@alpha=0.05,M2_joint_chance_saa,M2_joint_chance_saa[N=512],entry,False,not_met,,,"SAA over the N training scenarios proven infeasible for every alpha_train of the declared grid (training scenarios only; not a population, field or whole-space statement)",main_reference_plan_domain,cp_upper,,,,,False,0,4,0,,,,no scored grid candidate with a ration (not a whole-space statement),512,frontier_no_feasible_solution_found_no_ration,0.52734375,0.732421875,,,,
1,SD-H0,0.05,SDSRC12_MAIN9,SD-SRC12,MAIN9,SDSRC12_MAIN9:M3a[factory box]@alpha=0.05,M3a_box_robust,M3a_box_robust,entry,False,not_met,,,no value of the declared grid met the validation screen (candidate statuses: proven_infeasible); a grid without a solution is not a statement about the whole decision space,main_reference_plan_domain,cp_upper,,,,,False,0,5,0,,,,no scored grid candidate with a ration (not a whole-space statement),1024,frontier_no_feasible_solution_found_no_ration,0.283203125,0.7646484375,,,,
1,SD-H0,0.05,SDSRC12_MAIN9,SD-SRC12,MAIN9,SDSRC12_MAIN9:M3b[factory box]@alpha=0.05,M3b_budget_robust,M3b_budget_robust,entry,False,not_met,,,"no value of the declared grid met the validation screen (candidate statuses: optimal, proven_infeasible); a grid without a solution is not a statement about the whole decision space",main_reference_plan_domain,cp_upper,,,,,False,0,35,5,0.9581,0.961346464886179,"gamma=0 {""k_box"": 1.0}",minimum attainable main-event rate_upper over the declared grid (descriptive; its cost is not a comparable cost),1024,frontier_no_feasible_solution_found_no_ration,0.283203125,0.7646484375,,,,
1,SD-H0,0.05,SDSRC14_MAIN9,SD-SRC14,MAIN9,SDSRC14_MAIN9:M0,M0_nominal,M0_nominal,entry,True,,,optimal,,main_reference_plan_domain,cp_upper,0.9581,0.9581,0.961346464886179,False,False,0,1,1,0.9581,0.961346464886179,,minimum attainable main-event rate_upper over the declared grid (descriptive; its cost is not a comparable cost),1024,frontier_no_feasible_solution_found_no_ration,0.1611328125,0.703125,,,,
1,SD-H0,0.05,SDSRC14_MAIN9,SD-SRC14,MAIN9,"SDSRC14_MAIN9:M1[relative,apply_to_dm=False]@alpha=0.05",M1_safety_margin,M1_safety_margin[apply_to_dm=False],sensitivity_line,False,not_met,,,"no value of the declared grid met the validation screen (candidate statuses: optimal, proven_infeasible); a grid without a solution is not a statement about the whole decision space",main_reference_plan_domain,cp_upper,,,,,False,0,5,1,0.9581,0.961346464886179,k=0.0,minimum attainable main-event rate_upper over the declared grid (descriptive; its cost is not a comparable cost),1024,frontier_no_feasible_solution_found_no_ration,0.1611328125,0.703125,,,,
1,SD-H0,0.05,SDSRC14_MAIN9,SD-SRC14,MAIN9,"SDSRC14_MAIN9:M1[relative,apply_to_dm=True]@alpha=0.05",M1_safety_margin,M1_safety_margin[apply_to_dm=True],entry,False,not_met,,,"no value of the declared grid met the validation screen (candidate statuses: optimal, proven_infeasible); a grid without a solution is not a statement about the whole decision space",main_reference_plan_domain,cp_upper,,,,,False,0,5,1,0.9581,0.961346464886179,k=0.0,minimum attainable main-event rate_upper over the declared grid (descriptive; its cost is not a comparable cost),1024,frontier_no_feasible_solution_found_no_ration,0.1611328125,0.703125,,,,
1,SD-H0,0.05,SDSRC14_MAIN9,SD-SRC14,MAIN9,SDSRC14_MAIN9:M2[N=1024]@alpha=0.05,M2_joint_chance_saa,M2_joint_chance_saa[N=1024],entry,False,not_met,,,"SAA over the N training scenarios proven infeasible for every alpha_train of the declared grid (training scenarios only; not a population, field or whole-space statement)",main_reference_plan_domain,cp_upper,,,,,False,0,4,0,,,,no scored grid candidate with a ration (not a whole-space statement),1024,frontier_no_feasible_solution_found_no_ration,0.1611328125,0.703125,,,,
1,SD-H0,0.05,SDSRC14_MAIN9,SD-SRC14,MAIN9,SDSRC14_MAIN9:M2[N=128]@alpha=0.05,M2_joint_chance_saa,M2_joint_chance_saa[N=128],entry,False,not_met,,,"SAA over the N training scenarios proven infeasible for every alpha_train of the declared grid (training scenarios only; not a population, field or whole-space statement)",main_reference_plan_domain,cp_upper,,,,,False,0,4,0,,,,no scored grid candidate with a ration (not a whole-space statement),128,optimal,0.625,0.625,0.7595,0.7597,0.7667213767672422,"diagnostic frontier point (training scenarios only); not a method, never a member"
1,SD-H0,0.05,SDSRC14_MAIN9,SD-SRC14,MAIN9,SDSRC14_MAIN9:M2[N=512]@alpha=0.05,M2_joint_chance_saa,M2_joint_chance_saa[N=512],entry,False,not_met,,,"SAA over the N training scenarios proven infeasible for every alpha_train of the declared grid (training scenarios only; not a population, field or whole-space statement)",main_reference_plan_domain,cp_upper,,,,,False,0,4,0,,,,no scored grid candidate with a ration (not a whole-space statement),512,frontier_no_feasible_solution_found_no_ration,0.4140625,0.65625,,,,
1,SD-H0,0.05,SDSRC14_MAIN9,SD-SRC14,MAIN9,SDSRC14_MAIN9:M3a[factory box]@alpha=0.05,M3a_box_robust,M3a_box_robust,entry,False,not_met,,,no value of the declared grid met the validation screen (candidate statuses: proven_infeasible); a grid without a solution is not a statement about the whole decision space,main_reference_plan_domain,cp_upper,,,,,False,0,5,0,,,,no scored grid candidate with a ration (not a whole-space statement),1024,frontier_no_feasible_solution_found_no_ration,0.1611328125,0.703125,,,,
1,SD-H0,0.05,SDSRC14_MAIN9,SD-SRC14,MAIN9,SDSRC14_MAIN9:M3b[factory box]@alpha=0.05,M3b_budget_robust,M3b_budget_robust,entry,False,not_met,,,"no value of the declared grid met the validation screen (candidate statuses: optimal, proven_infeasible); a grid without a solution is not a statement about the whole decision space",main_reference_plan_domain,cp_upper,,,,,False,0,35,5,0.9581,0.961346464886179,"gamma=0 {""k_box"": 1.0}",minimum attainable main-event rate_upper over the declared grid (descriptive; its cost is not a comparable cost),1024,frontier_no_feasible_solution_found_no_ration,0.1611328125,0.703125,,,,
1,SD-H0,0.1,SD12MO_MAIN9,SD-12MO,MAIN9,SD12MO_MAIN9:M0,M0_nominal,M0_nominal,entry,True,,,optimal,,main_reference_plan_domain,cp_upper,0.9581,0.9581,0.961346464886179,False,False,0,1,1,0.9581,0.961346464886179,,minimum attainable main-event rate_upper over the declared grid (descriptive; its cost is not a comparable cost),1024,frontier_no_feasible_solution_found_no_ration,0.330078125,0.66796875,,,,
1,SD-H0,0.1,SD12MO_MAIN9,SD-12MO,MAIN9,"SD12MO_MAIN9:M1[relative,apply_to_dm=False]@alpha=0.1",M1_safety_margin,M1_safety_margin[apply_to_dm=False],sensitivity_line,False,not_met,,,"no value of the declared grid met the validation screen (candidate statuses: optimal, proven_infeasible); a grid without a solution is not a statement about the whole decision space",main_reference_plan_domain,cp_upper,,,,,False,0,5,1,0.9581,0.961346464886179,k=0.0,minimum attainable main-event rate_upper over the declared grid (descriptive; its cost is not a comparable cost),1024,frontier_no_feasible_solution_found_no_ration,0.330078125,0.66796875,,,,
1,SD-H0,0.1,SD12MO_MAIN9,SD-12MO,MAIN9,"SD12MO_MAIN9:M1[relative,apply_to_dm=True]@alpha=0.1",M1_safety_margin,M1_safety_margin[apply_to_dm=True],entry,False,not_met,,,"no value of the declared grid met the validation screen (candidate statuses: optimal, proven_infeasible); a grid without a solution is not a statement about the whole decision space",main_reference_plan_domain,cp_upper,,,,,False,0,5,1,0.9581,0.961346464886179,k=0.0,minimum attainable main-event rate_upper over the declared grid (descriptive; its cost is not a comparable cost),1024,frontier_no_feasible_solution_found_no_ration,0.330078125,0.66796875,,,,
1,SD-H0,0.1,SD12MO_MAIN9,SD-12MO,MAIN9,SD12MO_MAIN9:M2[N=1024]@alpha=0.1,M2_joint_chance_saa,M2_joint_chance_saa[N=1024],entry,False,not_met,,,"SAA over the N training scenarios proven infeasible for every alpha_train of the declared grid (training scenarios only; not a population, field or whole-space statement)",main_reference_plan_domain,cp_upper,,,,,False,0,4,0,,,,no scored grid candidate with a ration (not a whole-space statement),1024,frontier_no_feasible_solution_found_no_ration,0.330078125,0.66796875,,,,
1,SD-H0,0.1,SD12MO_MAIN9,SD-12MO,MAIN9,SD12MO_MAIN9:M2[N=128]@alpha=0.1,M2_joint_chance_saa,M2_joint_chance_saa[N=128],entry,False,not_met,,,"SAA over the N training scenarios proven infeasible for every alpha_train of the declared grid (training scenarios only; not a population, field or whole-space statement)",main_reference_plan_domain,cp_upper,,,,,False,0,4,0,,,,no scored grid candidate with a ration (not a whole-space statement),128,optimal,0.625,0.625,0.778,0.7782,0.7850231857112578,"diagnostic frontier point (training scenarios only); not a method, never a member"
1,SD-H0,0.1,SD12MO_MAIN9,SD-12MO,MAIN9,SD12MO_MAIN9:M2[N=512]@alpha=0.1,M2_joint_chance_saa,M2_joint_chance_saa[N=512],entry,False,not_met,,,"SAA over the N training scenarios proven infeasible for every alpha_train of the declared grid (training scenarios only; not a population, field or whole-space statement)",main_reference_plan_domain,cp_upper,,,,,False,0,4,0,,,,no scored grid candidate with a ration (not a whole-space statement),512,frontier_no_feasible_solution_found_no_ration,0.51171875,0.63671875,,,,
1,SD-H0,0.1,SD12MO_MAIN9,SD-12MO,MAIN9,SD12MO_MAIN9:M3a[factory box]@alpha=0.1,M3a_box_robust,M3a_box_robust,entry,False,not_met,,,no value of the declared grid met the validation screen (candidate statuses: proven_infeasible); a grid without a solution is not a statement about the whole decision space,main_reference_plan_domain,cp_upper,,,,,False,0,5,0,,,,no scored grid candidate with a ration (not a whole-space statement),1024,frontier_no_feasible_solution_found_no_ration,0.330078125,0.66796875,,,,
1,SD-H0,0.1,SD12MO_MAIN9,SD-12MO,MAIN9,SD12MO_MAIN9:M3b[factory box]@alpha=0.1,M3b_budget_robust,M3b_budget_robust,entry,False,not_met,,,"no value of the declared grid met the validation screen (candidate statuses: optimal, proven_infeasible); a grid without a solution is not a statement about the whole decision space",main_reference_plan_domain,cp_upper,,,,,False,0,35,5,0.9581,0.961346464886179,"gamma=0 {""k_box"": 1.0}",minimum attainable main-event rate_upper over the declared grid (descriptive; its cost is not a comparable cost),1024,frontier_no_feasible_solution_found_no_ration,0.330078125,0.66796875,,,,
1,SD-H0,0.1,SDH0_MAIN9,SD-H0,MAIN9,SDH0_MAIN9:M0,M0_nominal,M0_nominal,entry,True,,,optimal,,main_reference_plan_domain,cp_upper,0.9581,0.9581,0.961346464886179,False,False,0,1,1,0.9581,0.961346464886179,,minimum attainable main-event rate_upper over the declared grid (descriptive; its cost is not a comparable cost),1024,frontier_no_feasible_solution_found_no_ration,0.4189453125,0.751953125,,,,
1,SD-H0,0.1,SDH0_MAIN9,SD-H0,MAIN9,"SDH0_MAIN9:M1[relative,apply_to_dm=False]@alpha=0.1",M1_safety_margin,M1_safety_margin[apply_to_dm=False],sensitivity_line,False,not_met,,,"no value of the declared grid met the validation screen (candidate statuses: optimal, proven_infeasible); a grid without a solution is not a statement about the whole decision space",main_reference_plan_domain,cp_upper,,,,,False,0,5,1,0.9581,0.961346464886179,k=0.0,minimum attainable main-event rate_upper over the declared grid (descriptive; its cost is not a comparable cost),1024,frontier_no_feasible_solution_found_no_ration,0.4189453125,0.751953125,,,,
1,SD-H0,0.1,SDH0_MAIN9,SD-H0,MAIN9,"SDH0_MAIN9:M1[relative,apply_to_dm=True]@alpha=0.1",M1_safety_margin,M1_safety_margin[apply_to_dm=True],entry,False,not_met,,,"no value of the declared grid met the validation screen (candidate statuses: optimal, proven_infeasible); a grid without a solution is not a statement about the whole decision space",main_reference_plan_domain,cp_upper,,,,,False,0,5,1,0.9581,0.961346464886179,k=0.0,minimum attainable main-event rate_upper over the declared grid (descriptive; its cost is not a comparable cost),1024,frontier_no_feasible_solution_found_no_ration,0.4189453125,0.751953125,,,,
1,SD-H0,0.1,SDH0_MAIN9,SD-H0,MAIN9,SDH0_MAIN9:M2[N=1024]@alpha=0.1,M2_joint_chance_saa,M2_joint_chance_saa[N=1024],entry,False,not_met,,,"SAA over the N training scenarios proven infeasible for every alpha_train of the declared grid (training scenarios only; not a population, field or whole-space statement)",main_reference_plan_domain,cp_upper,,,,,False,0,4,0,,,,no scored grid candidate with a ration (not a whole-space statement),1024,frontier_no_feasible_solution_found_no_ration,0.4189453125,0.751953125,,,,
1,SD-H0,0.1,SDH0_MAIN9,SD-H0,MAIN9,SDH0_MAIN9:M2[N=128]@alpha=0.1,M2_joint_chance_saa,M2_joint_chance_saa[N=128],entry,False,not_met,,,"SAA over the N training scenarios proven infeasible for every alpha_train of the declared grid (training scenarios only; not a population, field or whole-space statement)",main_reference_plan_domain,cp_upper,,,,,False,0,4,0,,,,no scored grid candidate with a ration (not a whole-space statement),128,optimal,0.734375,0.734375,0.7121,0.7124,0.719848939617376,"diagnostic frontier point (training scenarios only); not a method, never a member"
1,SD-H0,0.1,SDH0_MAIN9,SD-H0,MAIN9,SDH0_MAIN9:M2[N=512]@alpha=0.1,M2_joint_chance_saa,M2_joint_chance_saa[N=512],entry,False,not_met,,,"SAA over the N training scenarios proven infeasible for every alpha_train of the declared grid (training scenarios only; not a population, field or whole-space statement)",main_reference_plan_domain,cp_upper,,,,,False,0,4,0,,,,no scored grid candidate with a ration (not a whole-space statement),512,frontier_no_feasible_solution_found_no_ration,0.578125,0.724609375,,,,
1,SD-H0,0.1,SDH0_MAIN9,SD-H0,MAIN9,SDH0_MAIN9:M3a[factory box]@alpha=0.1,M3a_box_robust,M3a_box_robust,entry,False,not_met,,,no value of the declared grid met the validation screen (candidate statuses: proven_infeasible); a grid without a solution is not a statement about the whole decision space,main_reference_plan_domain,cp_upper,,,,,False,0,5,0,,,,no scored grid candidate with a ration (not a whole-space statement),1024,frontier_no_feasible_solution_found_no_ration,0.4189453125,0.751953125,,,,
1,SD-H0,0.1,SDH0_MAIN9,SD-H0,MAIN9,SDH0_MAIN9:M3b[factory box]@alpha=0.1,M3b_budget_robust,M3b_budget_robust,entry,False,not_met,,,"no value of the declared grid met the validation screen (candidate statuses: optimal, proven_infeasible); a grid without a solution is not a statement about the whole decision space",main_reference_plan_domain,cp_upper,,,,,False,0,35,5,0.9581,0.961346464886179,"gamma=0 {""k_box"": 1.0}",minimum attainable main-event rate_upper over the declared grid (descriptive; its cost is not a comparable cost),1024,frontier_no_feasible_solution_found_no_ration,0.4189453125,0.751953125,,,,
1,SD-H0,0.1,SDS2_MAIN9,SD-S2,MAIN9,SDS2_MAIN9:M0,M0_nominal,M0_nominal,entry,True,,,optimal,,main_reference_plan_domain,cp_upper,0.9581,0.9581,0.961346464886179,False,False,0,1,1,0.9581,0.961346464886179,,minimum attainable main-event rate_upper over the declared grid (descriptive; its cost is not a comparable cost),1024,frontier_no_feasible_solution_found_no_ration,0.126953125,0.6171875,,,,
1,SD-H0,0.1,SDS2_MAIN9,SD-S2,MAIN9,"SDS2_MAIN9:M1[relative,apply_to_dm=False]@alpha=0.1",M1_safety_margin,M1_safety_margin[apply_to_dm=False],sensitivity_line,False,not_met,,,"no value of the declared grid met the validation screen (candidate statuses: optimal, proven_infeasible); a grid without a solution is not a statement about the whole decision space",main_reference_plan_domain,cp_upper,,,,,False,0,5,1,0.9581,0.961346464886179,k=0.0,minimum attainable main-event rate_upper over the declared grid (descriptive; its cost is not a comparable cost),1024,frontier_no_feasible_solution_found_no_ration,0.126953125,0.6171875,,,,
1,SD-H0,0.1,SDS2_MAIN9,SD-S2,MAIN9,"SDS2_MAIN9:M1[relative,apply_to_dm=True]@alpha=0.1",M1_safety_margin,M1_safety_margin[apply_to_dm=True],entry,False,not_met,,,"no value of the declared grid met the validation screen (candidate statuses: optimal, proven_infeasible); a grid without a solution is not a statement about the whole decision space",main_reference_plan_domain,cp_upper,,,,,False,0,5,1,0.9581,0.961346464886179,k=0.0,minimum attainable main-event rate_upper over the declared grid (descriptive; its cost is not a comparable cost),1024,frontier_no_feasible_solution_found_no_ration,0.126953125,0.6171875,,,,
1,SD-H0,0.1,SDS2_MAIN9,SD-S2,MAIN9,SDS2_MAIN9:M2[N=1024]@alpha=0.1,M2_joint_chance_saa,M2_joint_chance_saa[N=1024],entry,False,not_met,,,"SAA over the N training scenarios proven infeasible for every alpha_train of the declared grid (training scenarios only; not a population, field or whole-space statement)",main_reference_plan_domain,cp_upper,,,,,False,0,4,0,,,,no scored grid candidate with a ration (not a whole-space statement),1024,frontier_no_feasible_solution_found_no_ration,0.126953125,0.6171875,,,,
1,SD-H0,0.1,SDS2_MAIN9,SD-S2,MAIN9,SDS2_MAIN9:M2[N=128]@alpha=0.1,M2_joint_chance_saa,M2_joint_chance_saa[N=128],entry,False,not_met,,,"SAA over the N training scenarios proven infeasible for every alpha_train of the declared grid (training scenarios only; not a population, field or whole-space statement)",main_reference_plan_domain,cp_upper,,,,,False,0,4,0,,,,no scored grid candidate with a ration (not a whole-space statement),128,optimal,0.5546875,0.5546875,0.8104,0.8106,0.8170275495082839,"diagnostic frontier point (training scenarios only); not a method, never a member"
1,SD-H0,0.1,SDS2_MAIN9,SD-S2,MAIN9,SDS2_MAIN9:M2[N=512]@alpha=0.1,M2_joint_chance_saa,M2_joint_chance_saa[N=512],entry,False,not_met,,,"SAA over the N training scenarios proven infeasible for every alpha_train of the declared grid (training scenarios only; not a population, field or whole-space statement)",main_reference_plan_domain,cp_upper,,,,,False,0,4,0,,,,no scored grid candidate with a ration (not a whole-space statement),512,frontier_no_feasible_solution_found_no_ration,0.40625,0.568359375,,,,
1,SD-H0,0.1,SDS2_MAIN9,SD-S2,MAIN9,SDS2_MAIN9:M3a[factory box]@alpha=0.1,M3a_box_robust,M3a_box_robust,entry,False,not_met,,,no value of the declared grid met the validation screen (candidate statuses: proven_infeasible); a grid without a solution is not a statement about the whole decision space,main_reference_plan_domain,cp_upper,,,,,False,0,5,0,,,,no scored grid candidate with a ration (not a whole-space statement),1024,frontier_no_feasible_solution_found_no_ration,0.126953125,0.6171875,,,,
1,SD-H0,0.1,SDS2_MAIN9,SD-S2,MAIN9,SDS2_MAIN9:M3b[factory box]@alpha=0.1,M3b_budget_robust,M3b_budget_robust,entry,False,not_met,,,"no value of the declared grid met the validation screen (candidate statuses: optimal, proven_infeasible); a grid without a solution is not a statement about the whole decision space",main_reference_plan_domain,cp_upper,,,,,False,0,35,5,0.9581,0.961346464886179,"gamma=0 {""k_box"": 1.0}",minimum attainable main-event rate_upper over the declared grid (descriptive; its cost is not a comparable cost),1024,frontier_no_feasible_solution_found_no_ration,0.126953125,0.6171875,,,,
1,SD-H0,0.1,SDSRC12_MAIN9,SD-SRC12,MAIN9,SDSRC12_MAIN9:M0,M0_nominal,M0_nominal,entry,True,,,optimal,,main_reference_plan_domain,cp_upper,0.9581,0.9581,0.961346464886179,False,False,0,1,1,0.9581,0.961346464886179,,minimum attainable main-event rate_upper over the declared grid (descriptive; its cost is not a comparable cost),1024,frontier_no_feasible_solution_found_no_ration,0.283203125,0.7646484375,,,,
1,SD-H0,0.1,SDSRC12_MAIN9,SD-SRC12,MAIN9,"SDSRC12_MAIN9:M1[relative,apply_to_dm=False]@alpha=0.1",M1_safety_margin,M1_safety_margin[apply_to_dm=False],sensitivity_line,False,not_met,,,"no value of the declared grid met the validation screen (candidate statuses: optimal, proven_infeasible); a grid without a solution is not a statement about the whole decision space",main_reference_plan_domain,cp_upper,,,,,False,0,5,1,0.9581,0.961346464886179,k=0.0,minimum attainable main-event rate_upper over the declared grid (descriptive; its cost is not a comparable cost),1024,frontier_no_feasible_solution_found_no_ration,0.283203125,0.7646484375,,,,
1,SD-H0,0.1,SDSRC12_MAIN9,SD-SRC12,MAIN9,"SDSRC12_MAIN9:M1[relative,apply_to_dm=True]@alpha=0.1",M1_safety_margin,M1_safety_margin[apply_to_dm=True],entry,False,not_met,,,"no value of the declared grid met the validation screen (candidate statuses: optimal, proven_infeasible); a grid without a solution is not a statement about the whole decision space",main_reference_plan_domain,cp_upper,,,,,False,0,5,1,0.9581,0.961346464886179,k=0.0,minimum attainable main-event rate_upper over the declared grid (descriptive; its cost is not a comparable cost),1024,frontier_no_feasible_solution_found_no_ration,0.283203125,0.7646484375,,,,
1,SD-H0,0.1,SDSRC12_MAIN9,SD-SRC12,MAIN9,SDSRC12_MAIN9:M2[N=1024]@alpha=0.1,M2_joint_chance_saa,M2_joint_chance_saa[N=1024],entry,False,not_met,,,"SAA over the N training scenarios proven infeasible for every alpha_train of the declared grid (training scenarios only; not a population, field or whole-space statement)",main_reference_plan_domain,cp_upper,,,,,False,0,4,0,,,,no scored grid candidate with a ration (not a whole-space statement),1024,frontier_no_feasible_solution_found_no_ration,0.283203125,0.7646484375,,,,
1,SD-H0,0.1,SDSRC12_MAIN9,SD-SRC12,MAIN9,SDSRC12_MAIN9:M2[N=128]@alpha=0.1,M2_joint_chance_saa,M2_joint_chance_saa[N=128],entry,False,not_met,,,"SAA over the N training scenarios proven infeasible for every alpha_train of the declared grid (training scenarios only; not a population, field or whole-space statement)",main_reference_plan_domain,cp_upper,,,,,False,0,4,0,,,,no scored grid candidate with a ration (not a whole-space statement),128,optimal,0.703125,0.703125,0.7264,0.7266,0.7339317577954996,"diagnostic frontier point (training scenarios only); not a method, never a member"
1,SD-H0,0.1,SDSRC12_MAIN9,SD-SRC12,MAIN9,SDSRC12_MAIN9:M2[N=512]@alpha=0.1,M2_joint_chance_saa,M2_joint_chance_saa[N=512],entry,False,not_met,,,"SAA over the N training scenarios proven infeasible for every alpha_train of the declared grid (training scenarios only; not a population, field or whole-space statement)",main_reference_plan_domain,cp_upper,,,,,False,0,4,0,,,,no scored grid candidate with a ration (not a whole-space statement),512,frontier_no_feasible_solution_found_no_ration,0.52734375,0.732421875,,,,
1,SD-H0,0.1,SDSRC12_MAIN9,SD-SRC12,MAIN9,SDSRC12_MAIN9:M3a[factory box]@alpha=0.1,M3a_box_robust,M3a_box_robust,entry,False,not_met,,,no value of the declared grid met the validation screen (candidate statuses: proven_infeasible); a grid without a solution is not a statement about the whole decision space,main_reference_plan_domain,cp_upper,,,,,False,0,5,0,,,,no scored grid candidate with a ration (not a whole-space statement),1024,frontier_no_feasible_solution_found_no_ration,0.283203125,0.7646484375,,,,
1,SD-H0,0.1,SDSRC12_MAIN9,SD-SRC12,MAIN9,SDSRC12_MAIN9:M3b[factory box]@alpha=0.1,M3b_budget_robust,M3b_budget_robust,entry,False,not_met,,,"no value of the declared grid met the validation screen (candidate statuses: optimal, proven_infeasible); a grid without a solution is not a statement about the whole decision space",main_reference_plan_domain,cp_upper,,,,,False,0,35,5,0.9581,0.961346464886179,"gamma=0 {""k_box"": 1.0}",minimum attainable main-event rate_upper over the declared grid (descriptive; its cost is not a comparable cost),1024,frontier_no_feasible_solution_found_no_ration,0.283203125,0.7646484375,,,,
1,SD-H0,0.1,SDSRC14_MAIN9,SD-SRC14,MAIN9,SDSRC14_MAIN9:M0,M0_nominal,M0_nominal,entry,True,,,optimal,,main_reference_plan_domain,cp_upper,0.9581,0.9581,0.961346464886179,False,False,0,1,1,0.9581,0.961346464886179,,minimum attainable main-event rate_upper over the declared grid (descriptive; its cost is not a comparable cost),1024,frontier_no_feasible_solution_found_no_ration,0.1611328125,0.703125,,,,
1,SD-H0,0.1,SDSRC14_MAIN9,SD-SRC14,MAIN9,"SDSRC14_MAIN9:M1[relative,apply_to_dm=False]@alpha=0.1",M1_safety_margin,M1_safety_margin[apply_to_dm=False],sensitivity_line,False,not_met,,,"no value of the declared grid met the validation screen (candidate statuses: optimal, proven_infeasible); a grid without a solution is not a statement about the whole decision space",main_reference_plan_domain,cp_upper,,,,,False,0,5,1,0.9581,0.961346464886179,k=0.0,minimum attainable main-event rate_upper over the declared grid (descriptive; its cost is not a comparable cost),1024,frontier_no_feasible_solution_found_no_ration,0.1611328125,0.703125,,,,
1,SD-H0,0.1,SDSRC14_MAIN9,SD-SRC14,MAIN9,"SDSRC14_MAIN9:M1[relative,apply_to_dm=True]@alpha=0.1",M1_safety_margin,M1_safety_margin[apply_to_dm=True],entry,False,not_met,,,"no value of the declared grid met the validation screen (candidate statuses: optimal, proven_infeasible); a grid without a solution is not a statement about the whole decision space",main_reference_plan_domain,cp_upper,,,,,False,0,5,1,0.9581,0.961346464886179,k=0.0,minimum attainable main-event rate_upper over the declared grid (descriptive; its cost is not a comparable cost),1024,frontier_no_feasible_solution_found_no_ration,0.1611328125,0.703125,,,,
1,SD-H0,0.1,SDSRC14_MAIN9,SD-SRC14,MAIN9,SDSRC14_MAIN9:M2[N=1024]@alpha=0.1,M2_joint_chance_saa,M2_joint_chance_saa[N=1024],entry,False,not_met,,,"SAA over the N training scenarios proven infeasible for every alpha_train of the declared grid (training scenarios only; not a population, field or whole-space statement)",main_reference_plan_domain,cp_upper,,,,,False,0,4,0,,,,no scored grid candidate with a ration (not a whole-space statement),1024,frontier_no_feasible_solution_found_no_ration,0.1611328125,0.703125,,,,
1,SD-H0,0.1,SDSRC14_MAIN9,SD-SRC14,MAIN9,SDSRC14_MAIN9:M2[N=128]@alpha=0.1,M2_joint_chance_saa,M2_joint_chance_saa[N=128],entry,False,not_met,,,"SAA over the N training scenarios proven infeasible for every alpha_train of the declared grid (training scenarios only; not a population, field or whole-space statement)",main_reference_plan_domain,cp_upper,,,,,False,0,4,0,,,,no scored grid candidate with a ration (not a whole-space statement),128,optimal,0.625,0.625,0.7595,0.7597,0.7667213767672422,"diagnostic frontier point (training scenarios only); not a method, never a member"
1,SD-H0,0.1,SDSRC14_MAIN9,SD-SRC14,MAIN9,SDSRC14_MAIN9:M2[N=512]@alpha=0.1,M2_joint_chance_saa,M2_joint_chance_saa[N=512],entry,False,not_met,,,"SAA over the N training scenarios proven infeasible for every alpha_train of the declared grid (training scenarios only; not a population, field or whole-space statement)",main_reference_plan_domain,cp_upper,,,,,False,0,4,0,,,,no scored grid candidate with a ration (not a whole-space statement),512,frontier_no_feasible_solution_found_no_ration,0.4140625,0.65625,,,,
1,SD-H0,0.1,SDSRC14_MAIN9,SD-SRC14,MAIN9,SDSRC14_MAIN9:M3a[factory box]@alpha=0.1,M3a_box_robust,M3a_box_robust,entry,False,not_met,,,no value of the declared grid met the validation screen (candidate statuses: proven_infeasible); a grid without a solution is not a statement about the whole decision space,main_reference_plan_domain,cp_upper,,,,,False,0,5,0,,,,no scored grid candidate with a ration (not a whole-space statement),1024,frontier_no_feasible_solution_found_no_ration,0.1611328125,0.703125,,,,
1,SD-H0,0.1,SDSRC14_MAIN9,SD-SRC14,MAIN9,SDSRC14_MAIN9:M3b[factory box]@alpha=0.1,M3b_budget_robust,M3b_budget_robust,entry,False,not_met,,,"no value of the declared grid met the validation screen (candidate statuses: optimal, proven_infeasible); a grid without a solution is not a statement about the whole decision space",main_reference_plan_domain,cp_upper,,,,,False,0,35,5,0.9581,0.961346464886179,"gamma=0 {""k_box"": 1.0}",minimum attainable main-event rate_upper over the declared grid (descriptive; its cost is not a comparable cost),1024,frontier_no_feasible_solution_found_no_ration,0.1611328125,0.703125,,,,
1,SD-H0,0.01,SD12MO_MAIN9,SD-12MO,MAIN9,SD12MO_MAIN9:M0,M0_nominal,M0_nominal,entry,True,,,optimal,,main_reference_plan_domain,cp_upper,0.9581,0.9581,0.961346464886179,False,False,0,1,1,0.9581,0.961346464886179,,minimum attainable main-event rate_upper over the declared grid (descriptive; its cost is not a comparable cost),1024,frontier_no_feasible_solution_found_no_ration,0.330078125,0.66796875,,,,
1,SD-H0,0.01,SD12MO_MAIN9,SD-12MO,MAIN9,"SD12MO_MAIN9:M1[relative,apply_to_dm=False]@alpha=0.01",M1_safety_margin,M1_safety_margin[apply_to_dm=False],sensitivity_line,False,not_met,,,"no value of the declared grid met the validation screen (candidate statuses: optimal, proven_infeasible); a grid without a solution is not a statement about the whole decision space",main_reference_plan_domain,cp_upper,,,,,False,0,5,1,0.9581,0.961346464886179,k=0.0,minimum attainable main-event rate_upper over the declared grid (descriptive; its cost is not a comparable cost),1024,frontier_no_feasible_solution_found_no_ration,0.330078125,0.66796875,,,,
1,SD-H0,0.01,SD12MO_MAIN9,SD-12MO,MAIN9,"SD12MO_MAIN9:M1[relative,apply_to_dm=True]@alpha=0.01",M1_safety_margin,M1_safety_margin[apply_to_dm=True],entry,False,not_met,,,"no value of the declared grid met the validation screen (candidate statuses: optimal, proven_infeasible); a grid without a solution is not a statement about the whole decision space",main_reference_plan_domain,cp_upper,,,,,False,0,5,1,0.9581,0.961346464886179,k=0.0,minimum attainable main-event rate_upper over the declared grid (descriptive; its cost is not a comparable cost),1024,frontier_no_feasible_solution_found_no_ration,0.330078125,0.66796875,,,,
1,SD-H0,0.01,SD12MO_MAIN9,SD-12MO,MAIN9,SD12MO_MAIN9:M2[N=1024]@alpha=0.01,M2_joint_chance_saa,M2_joint_chance_saa[N=1024],entry,False,not_met,,,"SAA over the N training scenarios proven infeasible for every alpha_train of the declared grid (training scenarios only; not a population, field or whole-space statement)",main_reference_plan_domain,cp_upper,,,,,False,0,4,0,,,,no scored grid candidate with a ration (not a whole-space statement),1024,frontier_no_feasible_solution_found_no_ration,0.330078125,0.66796875,,,,
1,SD-H0,0.01,SD12MO_MAIN9,SD-12MO,MAIN9,SD12MO_MAIN9:M2[N=128]@alpha=0.01,M2_joint_chance_saa,M2_joint_chance_saa[N=128],entry,False,not_met,,,"SAA over the N training scenarios proven infeasible for every alpha_train of the declared grid (training scenarios only; not a population, field or whole-space statement)",main_reference_plan_domain,cp_upper,,,,,False,0,4,0,,,,no scored grid candidate with a ration (not a whole-space statement),128,optimal,0.625,0.625,0.778,0.7782,0.7850231857112578,"diagnostic frontier point (training scenarios only); not a method, never a member"
1,SD-H0,0.01,SD12MO_MAIN9,SD-12MO,MAIN9,SD12MO_MAIN9:M2[N=512]@alpha=0.01,M2_joint_chance_saa,M2_joint_chance_saa[N=512],entry,False,not_met,,,"SAA over the N training scenarios proven infeasible for every alpha_train of the declared grid (training scenarios only; not a population, field or whole-space statement)",main_reference_plan_domain,cp_upper,,,,,False,0,4,0,,,,no scored grid candidate with a ration (not a whole-space statement),512,frontier_no_feasible_solution_found_no_ration,0.51171875,0.63671875,,,,
1,SD-H0,0.01,SD12MO_MAIN9,SD-12MO,MAIN9,SD12MO_MAIN9:M3a[factory box]@alpha=0.01,M3a_box_robust,M3a_box_robust,entry,False,not_met,,,no value of the declared grid met the validation screen (candidate statuses: proven_infeasible); a grid without a solution is not a statement about the whole decision space,main_reference_plan_domain,cp_upper,,,,,False,0,5,0,,,,no scored grid candidate with a ration (not a whole-space statement),1024,frontier_no_feasible_solution_found_no_ration,0.330078125,0.66796875,,,,
1,SD-H0,0.01,SD12MO_MAIN9,SD-12MO,MAIN9,SD12MO_MAIN9:M3b[factory box]@alpha=0.01,M3b_budget_robust,M3b_budget_robust,entry,False,not_met,,,"no value of the declared grid met the validation screen (candidate statuses: optimal, proven_infeasible); a grid without a solution is not a statement about the whole decision space",main_reference_plan_domain,cp_upper,,,,,False,0,35,5,0.9581,0.961346464886179,"gamma=0 {""k_box"": 1.0}",minimum attainable main-event rate_upper over the declared grid (descriptive; its cost is not a comparable cost),1024,frontier_no_feasible_solution_found_no_ration,0.330078125,0.66796875,,,,
1,SD-H0,0.01,SDH0_MAIN9,SD-H0,MAIN9,SDH0_MAIN9:M0,M0_nominal,M0_nominal,entry,True,,,optimal,,main_reference_plan_domain,cp_upper,0.9581,0.9581,0.961346464886179,False,False,0,1,1,0.9581,0.961346464886179,,minimum attainable main-event rate_upper over the declared grid (descriptive; its cost is not a comparable cost),1024,frontier_no_feasible_solution_found_no_ration,0.4189453125,0.751953125,,,,
1,SD-H0,0.01,SDH0_MAIN9,SD-H0,MAIN9,"SDH0_MAIN9:M1[relative,apply_to_dm=False]@alpha=0.01",M1_safety_margin,M1_safety_margin[apply_to_dm=False],sensitivity_line,False,not_met,,,"no value of the declared grid met the validation screen (candidate statuses: optimal, proven_infeasible); a grid without a solution is not a statement about the whole decision space",main_reference_plan_domain,cp_upper,,,,,False,0,5,1,0.9581,0.961346464886179,k=0.0,minimum attainable main-event rate_upper over the declared grid (descriptive; its cost is not a comparable cost),1024,frontier_no_feasible_solution_found_no_ration,0.4189453125,0.751953125,,,,
1,SD-H0,0.01,SDH0_MAIN9,SD-H0,MAIN9,"SDH0_MAIN9:M1[relative,apply_to_dm=True]@alpha=0.01",M1_safety_margin,M1_safety_margin[apply_to_dm=True],entry,False,not_met,,,"no value of the declared grid met the validation screen (candidate statuses: optimal, proven_infeasible); a grid without a solution is not a statement about the whole decision space",main_reference_plan_domain,cp_upper,,,,,False,0,5,1,0.9581,0.961346464886179,k=0.0,minimum attainable main-event rate_upper over the declared grid (descriptive; its cost is not a comparable cost),1024,frontier_no_feasible_solution_found_no_ration,0.4189453125,0.751953125,,,,
1,SD-H0,0.01,SDH0_MAIN9,SD-H0,MAIN9,SDH0_MAIN9:M2[N=1024]@alpha=0.01,M2_joint_chance_saa,M2_joint_chance_saa[N=1024],entry,False,not_met,,,"SAA over the N training scenarios proven infeasible for every alpha_train of the declared grid (training scenarios only; not a population, field or whole-space statement)",main_reference_plan_domain,cp_upper,,,,,False,0,4,0,,,,no scored grid candidate with a ration (not a whole-space statement),1024,frontier_no_feasible_solution_found_no_ration,0.4189453125,0.751953125,,,,
1,SD-H0,0.01,SDH0_MAIN9,SD-H0,MAIN9,SDH0_MAIN9:M2[N=128]@alpha=0.01,M2_joint_chance_saa,M2_joint_chance_saa[N=128],entry,False,not_met,,,"SAA over the N training scenarios proven infeasible for every alpha_train of the declared grid (training scenarios only; not a population, field or whole-space statement)",main_reference_plan_domain,cp_upper,,,,,False,0,4,0,,,,no scored grid candidate with a ration (not a whole-space statement),128,optimal,0.734375,0.734375,0.7121,0.7124,0.719848939617376,"diagnostic frontier point (training scenarios only); not a method, never a member"
1,SD-H0,0.01,SDH0_MAIN9,SD-H0,MAIN9,SDH0_MAIN9:M2[N=512]@alpha=0.01,M2_joint_chance_saa,M2_joint_chance_saa[N=512],entry,False,not_met,,,"SAA over the N training scenarios proven infeasible for every alpha_train of the declared grid (training scenarios only; not a population, field or whole-space statement)",main_reference_plan_domain,cp_upper,,,,,False,0,4,0,,,,no scored grid candidate with a ration (not a whole-space statement),512,frontier_no_feasible_solution_found_no_ration,0.578125,0.724609375,,,,
1,SD-H0,0.01,SDH0_MAIN9,SD-H0,MAIN9,SDH0_MAIN9:M3a[factory box]@alpha=0.01,M3a_box_robust,M3a_box_robust,entry,False,not_met,,,no value of the declared grid met the validation screen (candidate statuses: proven_infeasible); a grid without a solution is not a statement about the whole decision space,main_reference_plan_domain,cp_upper,,,,,False,0,5,0,,,,no scored grid candidate with a ration (not a whole-space statement),1024,frontier_no_feasible_solution_found_no_ration,0.4189453125,0.751953125,,,,
1,SD-H0,0.01,SDH0_MAIN9,SD-H0,MAIN9,SDH0_MAIN9:M3b[factory box]@alpha=0.01,M3b_budget_robust,M3b_budget_robust,entry,False,not_met,,,"no value of the declared grid met the validation screen (candidate statuses: optimal, proven_infeasible); a grid without a solution is not a statement about the whole decision space",main_reference_plan_domain,cp_upper,,,,,False,0,35,5,0.9581,0.961346464886179,"gamma=0 {""k_box"": 1.0}",minimum attainable main-event rate_upper over the declared grid (descriptive; its cost is not a comparable cost),1024,frontier_no_feasible_solution_found_no_ration,0.4189453125,0.751953125,,,,
1,SD-H0,0.01,SDS2_MAIN9,SD-S2,MAIN9,SDS2_MAIN9:M0,M0_nominal,M0_nominal,entry,True,,,optimal,,main_reference_plan_domain,cp_upper,0.9581,0.9581,0.961346464886179,False,False,0,1,1,0.9581,0.961346464886179,,minimum attainable main-event rate_upper over the declared grid (descriptive; its cost is not a comparable cost),1024,frontier_no_feasible_solution_found_no_ration,0.126953125,0.6171875,,,,
1,SD-H0,0.01,SDS2_MAIN9,SD-S2,MAIN9,"SDS2_MAIN9:M1[relative,apply_to_dm=False]@alpha=0.01",M1_safety_margin,M1_safety_margin[apply_to_dm=False],sensitivity_line,False,not_met,,,"no value of the declared grid met the validation screen (candidate statuses: optimal, proven_infeasible); a grid without a solution is not a statement about the whole decision space",main_reference_plan_domain,cp_upper,,,,,False,0,5,1,0.9581,0.961346464886179,k=0.0,minimum attainable main-event rate_upper over the declared grid (descriptive; its cost is not a comparable cost),1024,frontier_no_feasible_solution_found_no_ration,0.126953125,0.6171875,,,,
1,SD-H0,0.01,SDS2_MAIN9,SD-S2,MAIN9,"SDS2_MAIN9:M1[relative,apply_to_dm=True]@alpha=0.01",M1_safety_margin,M1_safety_margin[apply_to_dm=True],entry,False,not_met,,,"no value of the declared grid met the validation screen (candidate statuses: optimal, proven_infeasible); a grid without a solution is not a statement about the whole decision space",main_reference_plan_domain,cp_upper,,,,,False,0,5,1,0.9581,0.961346464886179,k=0.0,minimum attainable main-event rate_upper over the declared grid (descriptive; its cost is not a comparable cost),1024,frontier_no_feasible_solution_found_no_ration,0.126953125,0.6171875,,,,
1,SD-H0,0.01,SDS2_MAIN9,SD-S2,MAIN9,SDS2_MAIN9:M2[N=1024]@alpha=0.01,M2_joint_chance_saa,M2_joint_chance_saa[N=1024],entry,False,not_met,,,"SAA over the N training scenarios proven infeasible for every alpha_train of the declared grid (training scenarios only; not a population, field or whole-space statement)",main_reference_plan_domain,cp_upper,,,,,False,0,4,0,,,,no scored grid candidate with a ration (not a whole-space statement),1024,frontier_no_feasible_solution_found_no_ration,0.126953125,0.6171875,,,,
1,SD-H0,0.01,SDS2_MAIN9,SD-S2,MAIN9,SDS2_MAIN9:M2[N=128]@alpha=0.01,M2_joint_chance_saa,M2_joint_chance_saa[N=128],entry,False,not_met,,,"SAA over the N training scenarios proven infeasible for every alpha_train of the declared grid (training scenarios only; not a population, field or whole-space statement)",main_reference_plan_domain,cp_upper,,,,,False,0,4,0,,,,no scored grid candidate with a ration (not a whole-space statement),128,optimal,0.5546875,0.5546875,0.8104,0.8106,0.8170275495082839,"diagnostic frontier point (training scenarios only); not a method, never a member"
1,SD-H0,0.01,SDS2_MAIN9,SD-S2,MAIN9,SDS2_MAIN9:M2[N=512]@alpha=0.01,M2_joint_chance_saa,M2_joint_chance_saa[N=512],entry,False,not_met,,,"SAA over the N training scenarios proven infeasible for every alpha_train of the declared grid (training scenarios only; not a population, field or whole-space statement)",main_reference_plan_domain,cp_upper,,,,,False,0,4,0,,,,no scored grid candidate with a ration (not a whole-space statement),512,frontier_no_feasible_solution_found_no_ration,0.40625,0.568359375,,,,
1,SD-H0,0.01,SDS2_MAIN9,SD-S2,MAIN9,SDS2_MAIN9:M3a[factory box]@alpha=0.01,M3a_box_robust,M3a_box_robust,entry,False,not_met,,,no value of the declared grid met the validation screen (candidate statuses: proven_infeasible); a grid without a solution is not a statement about the whole decision space,main_reference_plan_domain,cp_upper,,,,,False,0,5,0,,,,no scored grid candidate with a ration (not a whole-space statement),1024,frontier_no_feasible_solution_found_no_ration,0.126953125,0.6171875,,,,
1,SD-H0,0.01,SDS2_MAIN9,SD-S2,MAIN9,SDS2_MAIN9:M3b[factory box]@alpha=0.01,M3b_budget_robust,M3b_budget_robust,entry,False,not_met,,,"no value of the declared grid met the validation screen (candidate statuses: optimal, proven_infeasible); a grid without a solution is not a statement about the whole decision space",main_reference_plan_domain,cp_upper,,,,,False,0,35,5,0.9581,0.961346464886179,"gamma=0 {""k_box"": 1.0}",minimum attainable main-event rate_upper over the declared grid (descriptive; its cost is not a comparable cost),1024,frontier_no_feasible_solution_found_no_ration,0.126953125,0.6171875,,,,
1,SD-H0,0.01,SDSRC12_MAIN9,SD-SRC12,MAIN9,SDSRC12_MAIN9:M0,M0_nominal,M0_nominal,entry,True,,,optimal,,main_reference_plan_domain,cp_upper,0.9581,0.9581,0.961346464886179,False,False,0,1,1,0.9581,0.961346464886179,,minimum attainable main-event rate_upper over the declared grid (descriptive; its cost is not a comparable cost),1024,frontier_no_feasible_solution_found_no_ration,0.283203125,0.7646484375,,,,
1,SD-H0,0.01,SDSRC12_MAIN9,SD-SRC12,MAIN9,"SDSRC12_MAIN9:M1[relative,apply_to_dm=False]@alpha=0.01",M1_safety_margin,M1_safety_margin[apply_to_dm=False],sensitivity_line,False,not_met,,,"no value of the declared grid met the validation screen (candidate statuses: optimal, proven_infeasible); a grid without a solution is not a statement about the whole decision space",main_reference_plan_domain,cp_upper,,,,,False,0,5,1,0.9581,0.961346464886179,k=0.0,minimum attainable main-event rate_upper over the declared grid (descriptive; its cost is not a comparable cost),1024,frontier_no_feasible_solution_found_no_ration,0.283203125,0.7646484375,,,,
1,SD-H0,0.01,SDSRC12_MAIN9,SD-SRC12,MAIN9,"SDSRC12_MAIN9:M1[relative,apply_to_dm=True]@alpha=0.01",M1_safety_margin,M1_safety_margin[apply_to_dm=True],entry,False,not_met,,,"no value of the declared grid met the validation screen (candidate statuses: optimal, proven_infeasible); a grid without a solution is not a statement about the whole decision space",main_reference_plan_domain,cp_upper,,,,,False,0,5,1,0.9581,0.961346464886179,k=0.0,minimum attainable main-event rate_upper over the declared grid (descriptive; its cost is not a comparable cost),1024,frontier_no_feasible_solution_found_no_ration,0.283203125,0.7646484375,,,,
1,SD-H0,0.01,SDSRC12_MAIN9,SD-SRC12,MAIN9,SDSRC12_MAIN9:M2[N=1024]@alpha=0.01,M2_joint_chance_saa,M2_joint_chance_saa[N=1024],entry,False,not_met,,,"SAA over the N training scenarios proven infeasible for every alpha_train of the declared grid (training scenarios only; not a population, field or whole-space statement)",main_reference_plan_domain,cp_upper,,,,,False,0,4,0,,,,no scored grid candidate with a ration (not a whole-space statement),1024,frontier_no_feasible_solution_found_no_ration,0.283203125,0.7646484375,,,,
1,SD-H0,0.01,SDSRC12_MAIN9,SD-SRC12,MAIN9,SDSRC12_MAIN9:M2[N=128]@alpha=0.01,M2_joint_chance_saa,M2_joint_chance_saa[N=128],entry,False,not_met,,,"SAA over the N training scenarios proven infeasible for every alpha_train of the declared grid (training scenarios only; not a population, field or whole-space statement)",main_reference_plan_domain,cp_upper,,,,,False,0,4,0,,,,no scored grid candidate with a ration (not a whole-space statement),128,optimal,0.703125,0.703125,0.7264,0.7266,0.7339317577954996,"diagnostic frontier point (training scenarios only); not a method, never a member"
1,SD-H0,0.01,SDSRC12_MAIN9,SD-SRC12,MAIN9,SDSRC12_MAIN9:M2[N=512]@alpha=0.01,M2_joint_chance_saa,M2_joint_chance_saa[N=512],entry,False,not_met,,,"SAA over the N training scenarios proven infeasible for every alpha_train of the declared grid (training scenarios only; not a population, field or whole-space statement)",main_reference_plan_domain,cp_upper,,,,,False,0,4,0,,,,no scored grid candidate with a ration (not a whole-space statement),512,frontier_no_feasible_solution_found_no_ration,0.52734375,0.732421875,,,,
1,SD-H0,0.01,SDSRC12_MAIN9,SD-SRC12,MAIN9,SDSRC12_MAIN9:M3a[factory box]@alpha=0.01,M3a_box_robust,M3a_box_robust,entry,False,not_met,,,no value of the declared grid met the validation screen (candidate statuses: proven_infeasible); a grid without a solution is not a statement about the whole decision space,main_reference_plan_domain,cp_upper,,,,,False,0,5,0,,,,no scored grid candidate with a ration (not a whole-space statement),1024,frontier_no_feasible_solution_found_no_ration,0.283203125,0.7646484375,,,,
1,SD-H0,0.01,SDSRC12_MAIN9,SD-SRC12,MAIN9,SDSRC12_MAIN9:M3b[factory box]@alpha=0.01,M3b_budget_robust,M3b_budget_robust,entry,False,not_met,,,"no value of the declared grid met the validation screen (candidate statuses: optimal, proven_infeasible); a grid without a solution is not a statement about the whole decision space",main_reference_plan_domain,cp_upper,,,,,False,0,35,5,0.9581,0.961346464886179,"gamma=0 {""k_box"": 1.0}",minimum attainable main-event rate_upper over the declared grid (descriptive; its cost is not a comparable cost),1024,frontier_no_feasible_solution_found_no_ration,0.283203125,0.7646484375,,,,
1,SD-H0,0.01,SDSRC14_MAIN9,SD-SRC14,MAIN9,SDSRC14_MAIN9:M0,M0_nominal,M0_nominal,entry,True,,,optimal,,main_reference_plan_domain,cp_upper,0.9581,0.9581,0.961346464886179,False,False,0,1,1,0.9581,0.961346464886179,,minimum attainable main-event rate_upper over the declared grid (descriptive; its cost is not a comparable cost),1024,frontier_no_feasible_solution_found_no_ration,0.1611328125,0.703125,,,,
1,SD-H0,0.01,SDSRC14_MAIN9,SD-SRC14,MAIN9,"SDSRC14_MAIN9:M1[relative,apply_to_dm=False]@alpha=0.01",M1_safety_margin,M1_safety_margin[apply_to_dm=False],sensitivity_line,False,not_met,,,"no value of the declared grid met the validation screen (candidate statuses: optimal, proven_infeasible); a grid without a solution is not a statement about the whole decision space",main_reference_plan_domain,cp_upper,,,,,False,0,5,1,0.9581,0.961346464886179,k=0.0,minimum attainable main-event rate_upper over the declared grid (descriptive; its cost is not a comparable cost),1024,frontier_no_feasible_solution_found_no_ration,0.1611328125,0.703125,,,,
1,SD-H0,0.01,SDSRC14_MAIN9,SD-SRC14,MAIN9,"SDSRC14_MAIN9:M1[relative,apply_to_dm=True]@alpha=0.01",M1_safety_margin,M1_safety_margin[apply_to_dm=True],entry,False,not_met,,,"no value of the declared grid met the validation screen (candidate statuses: optimal, proven_infeasible); a grid without a solution is not a statement about the whole decision space",main_reference_plan_domain,cp_upper,,,,,False,0,5,1,0.9581,0.961346464886179,k=0.0,minimum attainable main-event rate_upper over the declared grid (descriptive; its cost is not a comparable cost),1024,frontier_no_feasible_solution_found_no_ration,0.1611328125,0.703125,,,,
1,SD-H0,0.01,SDSRC14_MAIN9,SD-SRC14,MAIN9,SDSRC14_MAIN9:M2[N=1024]@alpha=0.01,M2_joint_chance_saa,M2_joint_chance_saa[N=1024],entry,False,not_met,,,"SAA over the N training scenarios proven infeasible for every alpha_train of the declared grid (training scenarios only; not a population, field or whole-space statement)",main_reference_plan_domain,cp_upper,,,,,False,0,4,0,,,,no scored grid candidate with a ration (not a whole-space statement),1024,frontier_no_feasible_solution_found_no_ration,0.1611328125,0.703125,,,,
1,SD-H0,0.01,SDSRC14_MAIN9,SD-SRC14,MAIN9,SDSRC14_MAIN9:M2[N=128]@alpha=0.01,M2_joint_chance_saa,M2_joint_chance_saa[N=128],entry,False,not_met,,,"SAA over the N training scenarios proven infeasible for every alpha_train of the declared grid (training scenarios only; not a population, field or whole-space statement)",main_reference_plan_domain,cp_upper,,,,,False,0,4,0,,,,no scored grid candidate with a ration (not a whole-space statement),128,optimal,0.625,0.625,0.7595,0.7597,0.7667213767672422,"diagnostic frontier point (training scenarios only); not a method, never a member"
1,SD-H0,0.01,SDSRC14_MAIN9,SD-SRC14,MAIN9,SDSRC14_MAIN9:M2[N=512]@alpha=0.01,M2_joint_chance_saa,M2_joint_chance_saa[N=512],entry,False,not_met,,,"SAA over the N training scenarios proven infeasible for every alpha_train of the declared grid (training scenarios only; not a population, field or whole-space statement)",main_reference_plan_domain,cp_upper,,,,,False,0,4,0,,,,no scored grid candidate with a ration (not a whole-space statement),512,frontier_no_feasible_solution_found_no_ration,0.4140625,0.65625,,,,
1,SD-H0,0.01,SDSRC14_MAIN9,SD-SRC14,MAIN9,SDSRC14_MAIN9:M3a[factory box]@alpha=0.01,M3a_box_robust,M3a_box_robust,entry,False,not_met,,,no value of the declared grid met the validation screen (candidate statuses: proven_infeasible); a grid without a solution is not a statement about the whole decision space,main_reference_plan_domain,cp_upper,,,,,False,0,5,0,,,,no scored grid candidate with a ration (not a whole-space statement),1024,frontier_no_feasible_solution_found_no_ration,0.1611328125,0.703125,,,,
1,SD-H0,0.01,SDSRC14_MAIN9,SD-SRC14,MAIN9,SDSRC14_MAIN9:M3b[factory box]@alpha=0.01,M3b_budget_robust,M3b_budget_robust,entry,False,not_met,,,"no value of the declared grid met the validation screen (candidate statuses: optimal, proven_infeasible); a grid without a solution is not a statement about the whole decision space",main_reference_plan_domain,cp_upper,,,,,False,0,35,5,0.9581,0.961346464886179,"gamma=0 {""k_box"": 1.0}",minimum attainable main-event rate_upper over the declared grid (descriptive; its cost is not a comparable cost),1024,frontier_no_feasible_solution_found_no_ration,0.1611328125,0.703125,,,,
1,SD-S2,0.05,SD12MO_MAIN9,SD-12MO,MAIN9,SD12MO_MAIN9:M0,M0_nominal,M0_nominal,entry,True,,,optimal,,main_reference_plan_domain,cp_upper,0.9694,0.9694,0.9721812486819963,False,False,0,1,1,0.9694,0.9721812486819963,,minimum attainable main-event rate_upper over the declared grid (descriptive; its cost is not a comparable cost),1024,frontier_no_feasible_solution_found_no_ration,0.330078125,0.66796875,,,,
1,SD-S2,0.05,SD12MO_MAIN9,SD-12MO,MAIN9,"SD12MO_MAIN9:M1[relative,apply_to_dm=False]@alpha=0.05",M1_safety_margin,M1_safety_margin[apply_to_dm=False],sensitivity_line,False,not_met,,,"no value of the declared grid met the validation screen (candidate statuses: optimal, proven_infeasible); a grid without a solution is not a statement about the whole decision space",main_reference_plan_domain,cp_upper,,,,,False,0,5,1,0.9694,0.9721812486819963,k=0.0,minimum attainable main-event rate_upper over the declared grid (descriptive; its cost is not a comparable cost),1024,frontier_no_feasible_solution_found_no_ration,0.330078125,0.66796875,,,,
1,SD-S2,0.05,SD12MO_MAIN9,SD-12MO,MAIN9,"SD12MO_MAIN9:M1[relative,apply_to_dm=True]@alpha=0.05",M1_safety_margin,M1_safety_margin[apply_to_dm=True],entry,False,not_met,,,"no value of the declared grid met the validation screen (candidate statuses: optimal, proven_infeasible); a grid without a solution is not a statement about the whole decision space",main_reference_plan_domain,cp_upper,,,,,False,0,5,1,0.9694,0.9721812486819963,k=0.0,minimum attainable main-event rate_upper over the declared grid (descriptive; its cost is not a comparable cost),1024,frontier_no_feasible_solution_found_no_ration,0.330078125,0.66796875,,,,
1,SD-S2,0.05,SD12MO_MAIN9,SD-12MO,MAIN9,SD12MO_MAIN9:M2[N=1024]@alpha=0.05,M2_joint_chance_saa,M2_joint_chance_saa[N=1024],entry,False,not_met,,,"SAA over the N training scenarios proven infeasible for every alpha_train of the declared grid (training scenarios only; not a population, field or whole-space statement)",main_reference_plan_domain,cp_upper,,,,,False,0,4,0,,,,no scored grid candidate with a ration (not a whole-space statement),1024,frontier_no_feasible_solution_found_no_ration,0.330078125,0.66796875,,,,
1,SD-S2,0.05,SD12MO_MAIN9,SD-12MO,MAIN9,SD12MO_MAIN9:M2[N=128]@alpha=0.05,M2_joint_chance_saa,M2_joint_chance_saa[N=128],entry,False,not_met,,,"SAA over the N training scenarios proven infeasible for every alpha_train of the declared grid (training scenarios only; not a population, field or whole-space statement)",main_reference_plan_domain,cp_upper,,,,,False,0,4,0,,,,no scored grid candidate with a ration (not a whole-space statement),128,optimal,0.625,0.625,0.5734,0.5734,0.5815686072259727,"diagnostic frontier point (training scenarios only); not a method, never a member"
1,SD-S2,0.05,SD12MO_MAIN9,SD-12MO,MAIN9,SD12MO_MAIN9:M2[N=512]@alpha=0.05,M2_joint_chance_saa,M2_joint_chance_saa[N=512],entry,False,not_met,,,"SAA over the N training scenarios proven infeasible for every alpha_train of the declared grid (training scenarios only; not a population, field or whole-space statement)",main_reference_plan_domain,cp_upper,,,,,False,0,4,0,,,,no scored grid candidate with a ration (not a whole-space statement),512,frontier_no_feasible_solution_found_no_ration,0.51171875,0.63671875,,,,
1,SD-S2,0.05,SD12MO_MAIN9,SD-12MO,MAIN9,SD12MO_MAIN9:M3a[factory box]@alpha=0.05,M3a_box_robust,M3a_box_robust,entry,False,not_met,,,no value of the declared grid met the validation screen (candidate statuses: proven_infeasible); a grid without a solution is not a statement about the whole decision space,main_reference_plan_domain,cp_upper,,,,,False,0,5,0,,,,no scored grid candidate with a ration (not a whole-space statement),1024,frontier_no_feasible_solution_found_no_ration,0.330078125,0.66796875,,,,
1,SD-S2,0.05,SD12MO_MAIN9,SD-12MO,MAIN9,SD12MO_MAIN9:M3b[factory box]@alpha=0.05,M3b_budget_robust,M3b_budget_robust,entry,False,not_met,,,"no value of the declared grid met the validation screen (candidate statuses: optimal, proven_infeasible); a grid without a solution is not a statement about the whole decision space",main_reference_plan_domain,cp_upper,,,,,False,0,35,5,0.9694,0.9721812486819963,"gamma=0 {""k_box"": 1.0}",minimum attainable main-event rate_upper over the declared grid (descriptive; its cost is not a comparable cost),1024,frontier_no_feasible_solution_found_no_ration,0.330078125,0.66796875,,,,
1,SD-S2,0.05,SDH0_MAIN9,SD-H0,MAIN9,SDH0_MAIN9:M0,M0_nominal,M0_nominal,entry,True,,,optimal,,main_reference_plan_domain,cp_upper,0.9694,0.9694,0.9721812486819963,False,False,0,1,1,0.9694,0.9721812486819963,,minimum attainable main-event rate_upper over the declared grid (descriptive; its cost is not a comparable cost),1024,frontier_no_feasible_solution_found_no_ration,0.4189453125,0.751953125,,,,
1,SD-S2,0.05,SDH0_MAIN9,SD-H0,MAIN9,"SDH0_MAIN9:M1[relative,apply_to_dm=False]@alpha=0.05",M1_safety_margin,M1_safety_margin[apply_to_dm=False],sensitivity_line,False,not_met,,,"no value of the declared grid met the validation screen (candidate statuses: optimal, proven_infeasible); a grid without a solution is not a statement about the whole decision space",main_reference_plan_domain,cp_upper,,,,,False,0,5,1,0.9694,0.9721812486819963,k=0.0,minimum attainable main-event rate_upper over the declared grid (descriptive; its cost is not a comparable cost),1024,frontier_no_feasible_solution_found_no_ration,0.4189453125,0.751953125,,,,
1,SD-S2,0.05,SDH0_MAIN9,SD-H0,MAIN9,"SDH0_MAIN9:M1[relative,apply_to_dm=True]@alpha=0.05",M1_safety_margin,M1_safety_margin[apply_to_dm=True],entry,False,not_met,,,"no value of the declared grid met the validation screen (candidate statuses: optimal, proven_infeasible); a grid without a solution is not a statement about the whole decision space",main_reference_plan_domain,cp_upper,,,,,False,0,5,1,0.9694,0.9721812486819963,k=0.0,minimum attainable main-event rate_upper over the declared grid (descriptive; its cost is not a comparable cost),1024,frontier_no_feasible_solution_found_no_ration,0.4189453125,0.751953125,,,,
1,SD-S2,0.05,SDH0_MAIN9,SD-H0,MAIN9,SDH0_MAIN9:M2[N=1024]@alpha=0.05,M2_joint_chance_saa,M2_joint_chance_saa[N=1024],entry,False,not_met,,,"SAA over the N training scenarios proven infeasible for every alpha_train of the declared grid (training scenarios only; not a population, field or whole-space statement)",main_reference_plan_domain,cp_upper,,,,,False,0,4,0,,,,no scored grid candidate with a ration (not a whole-space statement),1024,frontier_no_feasible_solution_found_no_ration,0.4189453125,0.751953125,,,,
1,SD-S2,0.05,SDH0_MAIN9,SD-H0,MAIN9,SDH0_MAIN9:M2[N=128]@alpha=0.05,M2_joint_chance_saa,M2_joint_chance_saa[N=128],entry,False,not_met,,,"SAA over the N training scenarios proven infeasible for every alpha_train of the declared grid (training scenarios only; not a population, field or whole-space statement)",main_reference_plan_domain,cp_upper,,,,,False,0,4,0,,,,no scored grid candidate with a ration (not a whole-space statement),128,optimal,0.734375,0.734375,0.7379,0.7379,0.7451318354706139,"diagnostic frontier point (training scenarios only); not a method, never a member"
1,SD-S2,0.05,SDH0_MAIN9,SD-H0,MAIN9,SDH0_MAIN9:M2[N=512]@alpha=0.05,M2_joint_chance_saa,M2_joint_chance_saa[N=512],entry,False,not_met,,,"SAA over the N training scenarios proven infeasible for every alpha_train of the declared grid (training scenarios only; not a population, field or whole-space statement)",main_reference_plan_domain,cp_upper,,,,,False,0,4,0,,,,no scored grid candidate with a ration (not a whole-space statement),512,frontier_no_feasible_solution_found_no_ration,0.578125,0.724609375,,,,
1,SD-S2,0.05,SDH0_MAIN9,SD-H0,MAIN9,SDH0_MAIN9:M3a[factory box]@alpha=0.05,M3a_box_robust,M3a_box_robust,entry,False,not_met,,,no value of the declared grid met the validation screen (candidate statuses: proven_infeasible); a grid without a solution is not a statement about the whole decision space,main_reference_plan_domain,cp_upper,,,,,False,0,5,0,,,,no scored grid candidate with a ration (not a whole-space statement),1024,frontier_no_feasible_solution_found_no_ration,0.4189453125,0.751953125,,,,
1,SD-S2,0.05,SDH0_MAIN9,SD-H0,MAIN9,SDH0_MAIN9:M3b[factory box]@alpha=0.05,M3b_budget_robust,M3b_budget_robust,entry,False,not_met,,,"no value of the declared grid met the validation screen (candidate statuses: optimal, proven_infeasible); a grid without a solution is not a statement about the whole decision space",main_reference_plan_domain,cp_upper,,,,,False,0,35,5,0.9694,0.9721812486819963,"gamma=0 {""k_box"": 1.0}",minimum attainable main-event rate_upper over the declared grid (descriptive; its cost is not a comparable cost),1024,frontier_no_feasible_solution_found_no_ration,0.4189453125,0.751953125,,,,
1,SD-S2,0.05,SDS2_MAIN9,SD-S2,MAIN9,SDS2_MAIN9:M0,M0_nominal,M0_nominal,entry,True,,,optimal,,main_reference_plan_domain,cp_upper,0.9694,0.9694,0.9721812486819963,False,False,0,1,1,0.9694,0.9721812486819963,,minimum attainable main-event rate_upper over the declared grid (descriptive; its cost is not a comparable cost),1024,frontier_no_feasible_solution_found_no_ration,0.126953125,0.6171875,,,,
1,SD-S2,0.05,SDS2_MAIN9,SD-S2,MAIN9,"SDS2_MAIN9:M1[relative,apply_to_dm=False]@alpha=0.05",M1_safety_margin,M1_safety_margin[apply_to_dm=False],sensitivity_line,False,not_met,,,"no value of the declared grid met the validation screen (candidate statuses: optimal, proven_infeasible); a grid without a solution is not a statement about the whole decision space",main_reference_plan_domain,cp_upper,,,,,False,0,5,1,0.9694,0.9721812486819963,k=0.0,minimum attainable main-event rate_upper over the declared grid (descriptive; its cost is not a comparable cost),1024,frontier_no_feasible_solution_found_no_ration,0.126953125,0.6171875,,,,
1,SD-S2,0.05,SDS2_MAIN9,SD-S2,MAIN9,"SDS2_MAIN9:M1[relative,apply_to_dm=True]@alpha=0.05",M1_safety_margin,M1_safety_margin[apply_to_dm=True],entry,False,not_met,,,"no value of the declared grid met the validation screen (candidate statuses: optimal, proven_infeasible); a grid without a solution is not a statement about the whole decision space",main_reference_plan_domain,cp_upper,,,,,False,0,5,1,0.9694,0.9721812486819963,k=0.0,minimum attainable main-event rate_upper over the declared grid (descriptive; its cost is not a comparable cost),1024,frontier_no_feasible_solution_found_no_ration,0.126953125,0.6171875,,,,
1,SD-S2,0.05,SDS2_MAIN9,SD-S2,MAIN9,SDS2_MAIN9:M2[N=1024]@alpha=0.05,M2_joint_chance_saa,M2_joint_chance_saa[N=1024],entry,False,not_met,,,"SAA over the N training scenarios proven infeasible for every alpha_train of the declared grid (training scenarios only; not a population, field or whole-space statement)",main_reference_plan_domain,cp_upper,,,,,False,0,4,0,,,,no scored grid candidate with a ration (not a whole-space statement),1024,frontier_no_feasible_solution_found_no_ration,0.126953125,0.6171875,,,,
1,SD-S2,0.05,SDS2_MAIN9,SD-S2,MAIN9,SDS2_MAIN9:M2[N=128]@alpha=0.05,M2_joint_chance_saa,M2_joint_chance_saa[N=128],entry,False,not_met,,,"SAA over the N training scenarios proven infeasible for every alpha_train of the declared grid (training scenarios only; not a population, field or whole-space statement)",main_reference_plan_domain,cp_upper,,,,,False,0,4,0,,,,no scored grid candidate with a ration (not a whole-space statement),128,optimal,0.5546875,0.5546875,0.5263,0.5263,0.5345564496758604,"diagnostic frontier point (training scenarios only); not a method, never a member"
1,SD-S2,0.05,SDS2_MAIN9,SD-S2,MAIN9,SDS2_MAIN9:M2[N=512]@alpha=0.05,M2_joint_chance_saa,M2_joint_chance_saa[N=512],entry,False,not_met,,,"SAA over the N training scenarios proven infeasible for every alpha_train of the declared grid (training scenarios only; not a population, field or whole-space statement)",main_reference_plan_domain,cp_upper,,,,,False,0,4,0,,,,no scored grid candidate with a ration (not a whole-space statement),512,frontier_no_feasible_solution_found_no_ration,0.40625,0.568359375,,,,
1,SD-S2,0.05,SDS2_MAIN9,SD-S2,MAIN9,SDS2_MAIN9:M3a[factory box]@alpha=0.05,M3a_box_robust,M3a_box_robust,entry,False,not_met,,,no value of the declared grid met the validation screen (candidate statuses: proven_infeasible); a grid without a solution is not a statement about the whole decision space,main_reference_plan_domain,cp_upper,,,,,False,0,5,0,,,,no scored grid candidate with a ration (not a whole-space statement),1024,frontier_no_feasible_solution_found_no_ration,0.126953125,0.6171875,,,,
1,SD-S2,0.05,SDS2_MAIN9,SD-S2,MAIN9,SDS2_MAIN9:M3b[factory box]@alpha=0.05,M3b_budget_robust,M3b_budget_robust,entry,False,not_met,,,"no value of the declared grid met the validation screen (candidate statuses: optimal, proven_infeasible); a grid without a solution is not a statement about the whole decision space",main_reference_plan_domain,cp_upper,,,,,False,0,35,5,0.9694,0.9721812486819963,"gamma=0 {""k_box"": 1.0}",minimum attainable main-event rate_upper over the declared grid (descriptive; its cost is not a comparable cost),1024,frontier_no_feasible_solution_found_no_ration,0.126953125,0.6171875,,,,
1,SD-S2,0.05,SDSRC12_MAIN9,SD-SRC12,MAIN9,SDSRC12_MAIN9:M0,M0_nominal,M0_nominal,entry,True,,,optimal,,main_reference_plan_domain,cp_upper,0.9694,0.9694,0.9721812486819963,False,False,0,1,1,0.9694,0.9721812486819963,,minimum attainable main-event rate_upper over the declared grid (descriptive; its cost is not a comparable cost),1024,frontier_no_feasible_solution_found_no_ration,0.283203125,0.7646484375,,,,
1,SD-S2,0.05,SDSRC12_MAIN9,SD-SRC12,MAIN9,"SDSRC12_MAIN9:M1[relative,apply_to_dm=False]@alpha=0.05",M1_safety_margin,M1_safety_margin[apply_to_dm=False],sensitivity_line,False,not_met,,,"no value of the declared grid met the validation screen (candidate statuses: optimal, proven_infeasible); a grid without a solution is not a statement about the whole decision space",main_reference_plan_domain,cp_upper,,,,,False,0,5,1,0.9694,0.9721812486819963,k=0.0,minimum attainable main-event rate_upper over the declared grid (descriptive; its cost is not a comparable cost),1024,frontier_no_feasible_solution_found_no_ration,0.283203125,0.7646484375,,,,
1,SD-S2,0.05,SDSRC12_MAIN9,SD-SRC12,MAIN9,"SDSRC12_MAIN9:M1[relative,apply_to_dm=True]@alpha=0.05",M1_safety_margin,M1_safety_margin[apply_to_dm=True],entry,False,not_met,,,"no value of the declared grid met the validation screen (candidate statuses: optimal, proven_infeasible); a grid without a solution is not a statement about the whole decision space",main_reference_plan_domain,cp_upper,,,,,False,0,5,1,0.9694,0.9721812486819963,k=0.0,minimum attainable main-event rate_upper over the declared grid (descriptive; its cost is not a comparable cost),1024,frontier_no_feasible_solution_found_no_ration,0.283203125,0.7646484375,,,,
1,SD-S2,0.05,SDSRC12_MAIN9,SD-SRC12,MAIN9,SDSRC12_MAIN9:M2[N=1024]@alpha=0.05,M2_joint_chance_saa,M2_joint_chance_saa[N=1024],entry,False,not_met,,,"SAA over the N training scenarios proven infeasible for every alpha_train of the declared grid (training scenarios only; not a population, field or whole-space statement)",main_reference_plan_domain,cp_upper,,,,,False,0,4,0,,,,no scored grid candidate with a ration (not a whole-space statement),1024,frontier_no_feasible_solution_found_no_ration,0.283203125,0.7646484375,,,,
1,SD-S2,0.05,SDSRC12_MAIN9,SD-SRC12,MAIN9,SDSRC12_MAIN9:M2[N=128]@alpha=0.05,M2_joint_chance_saa,M2_joint_chance_saa[N=128],entry,False,not_met,,,"SAA over the N training scenarios proven infeasible for every alpha_train of the declared grid (training scenarios only; not a population, field or whole-space statement)",main_reference_plan_domain,cp_upper,,,,,False,0,4,0,,,,no scored grid candidate with a ration (not a whole-space statement),128,optimal,0.703125,0.703125,0.569,0.569,0.5771799650061185,"diagnostic frontier point (training scenarios only); not a method, never a member"
1,SD-S2,0.05,SDSRC12_MAIN9,SD-SRC12,MAIN9,SDSRC12_MAIN9:M2[N=512]@alpha=0.05,M2_joint_chance_saa,M2_joint_chance_saa[N=512],entry,False,not_met,,,"SAA over the N training scenarios proven infeasible for every alpha_train of the declared grid (training scenarios only; not a population, field or whole-space statement)",main_reference_plan_domain,cp_upper,,,,,False,0,4,0,,,,no scored grid candidate with a ration (not a whole-space statement),512,frontier_no_feasible_solution_found_no_ration,0.52734375,0.732421875,,,,
1,SD-S2,0.05,SDSRC12_MAIN9,SD-SRC12,MAIN9,SDSRC12_MAIN9:M3a[factory box]@alpha=0.05,M3a_box_robust,M3a_box_robust,entry,False,not_met,,,no value of the declared grid met the validation screen (candidate statuses: proven_infeasible); a grid without a solution is not a statement about the whole decision space,main_reference_plan_domain,cp_upper,,,,,False,0,5,0,,,,no scored grid candidate with a ration (not a whole-space statement),1024,frontier_no_feasible_solution_found_no_ration,0.283203125,0.7646484375,,,,
1,SD-S2,0.05,SDSRC12_MAIN9,SD-SRC12,MAIN9,SDSRC12_MAIN9:M3b[factory box]@alpha=0.05,M3b_budget_robust,M3b_budget_robust,entry,False,not_met,,,"no value of the declared grid met the validation screen (candidate statuses: optimal, proven_infeasible); a grid without a solution is not a statement about the whole decision space",main_reference_plan_domain,cp_upper,,,,,False,0,35,5,0.9694,0.9721812486819963,"gamma=0 {""k_box"": 1.0}",minimum attainable main-event rate_upper over the declared grid (descriptive; its cost is not a comparable cost),1024,frontier_no_feasible_solution_found_no_ration,0.283203125,0.7646484375,,,,
1,SD-S2,0.05,SDSRC14_MAIN9,SD-SRC14,MAIN9,SDSRC14_MAIN9:M0,M0_nominal,M0_nominal,entry,True,,,optimal,,main_reference_plan_domain,cp_upper,0.9694,0.9694,0.9721812486819963,False,False,0,1,1,0.9694,0.9721812486819963,,minimum attainable main-event rate_upper over the declared grid (descriptive; its cost is not a comparable cost),1024,frontier_no_feasible_solution_found_no_ration,0.1611328125,0.703125,,,,
1,SD-S2,0.05,SDSRC14_MAIN9,SD-SRC14,MAIN9,"SDSRC14_MAIN9:M1[relative,apply_to_dm=False]@alpha=0.05",M1_safety_margin,M1_safety_margin[apply_to_dm=False],sensitivity_line,False,not_met,,,"no value of the declared grid met the validation screen (candidate statuses: optimal, proven_infeasible); a grid without a solution is not a statement about the whole decision space",main_reference_plan_domain,cp_upper,,,,,False,0,5,1,0.9694,0.9721812486819963,k=0.0,minimum attainable main-event rate_upper over the declared grid (descriptive; its cost is not a comparable cost),1024,frontier_no_feasible_solution_found_no_ration,0.1611328125,0.703125,,,,
1,SD-S2,0.05,SDSRC14_MAIN9,SD-SRC14,MAIN9,"SDSRC14_MAIN9:M1[relative,apply_to_dm=True]@alpha=0.05",M1_safety_margin,M1_safety_margin[apply_to_dm=True],entry,False,not_met,,,"no value of the declared grid met the validation screen (candidate statuses: optimal, proven_infeasible); a grid without a solution is not a statement about the whole decision space",main_reference_plan_domain,cp_upper,,,,,False,0,5,1,0.9694,0.9721812486819963,k=0.0,minimum attainable main-event rate_upper over the declared grid (descriptive; its cost is not a comparable cost),1024,frontier_no_feasible_solution_found_no_ration,0.1611328125,0.703125,,,,
1,SD-S2,0.05,SDSRC14_MAIN9,SD-SRC14,MAIN9,SDSRC14_MAIN9:M2[N=1024]@alpha=0.05,M2_joint_chance_saa,M2_joint_chance_saa[N=1024],entry,False,not_met,,,"SAA over the N training scenarios proven infeasible for every alpha_train of the declared grid (training scenarios only; not a population, field or whole-space statement)",main_reference_plan_domain,cp_upper,,,,,False,0,4,0,,,,no scored grid candidate with a ration (not a whole-space statement),1024,frontier_no_feasible_solution_found_no_ration,0.1611328125,0.703125,,,,
1,SD-S2,0.05,SDSRC14_MAIN9,SD-SRC14,MAIN9,SDSRC14_MAIN9:M2[N=128]@alpha=0.05,M2_joint_chance_saa,M2_joint_chance_saa[N=128],entry,False,not_met,,,"SAA over the N training scenarios proven infeasible for every alpha_train of the declared grid (training scenarios only; not a population, field or whole-space statement)",main_reference_plan_domain,cp_upper,,,,,False,0,4,0,,,,no scored grid candidate with a ration (not a whole-space statement),128,optimal,0.625,0.625,0.5515,0.5515,0.5597186728048698,"diagnostic frontier point (training scenarios only); not a method, never a member"
1,SD-S2,0.05,SDSRC14_MAIN9,SD-SRC14,MAIN9,SDSRC14_MAIN9:M2[N=512]@alpha=0.05,M2_joint_chance_saa,M2_joint_chance_saa[N=512],entry,False,not_met,,,"SAA over the N training scenarios proven infeasible for every alpha_train of the declared grid (training scenarios only; not a population, field or whole-space statement)",main_reference_plan_domain,cp_upper,,,,,False,0,4,0,,,,no scored grid candidate with a ration (not a whole-space statement),512,frontier_no_feasible_solution_found_no_ration,0.4140625,0.65625,,,,
1,SD-S2,0.05,SDSRC14_MAIN9,SD-SRC14,MAIN9,SDSRC14_MAIN9:M3a[factory box]@alpha=0.05,M3a_box_robust,M3a_box_robust,entry,False,not_met,,,no value of the declared grid met the validation screen (candidate statuses: proven_infeasible); a grid without a solution is not a statement about the whole decision space,main_reference_plan_domain,cp_upper,,,,,False,0,5,0,,,,no scored grid candidate with a ration (not a whole-space statement),1024,frontier_no_feasible_solution_found_no_ration,0.1611328125,0.703125,,,,
1,SD-S2,0.05,SDSRC14_MAIN9,SD-SRC14,MAIN9,SDSRC14_MAIN9:M3b[factory box]@alpha=0.05,M3b_budget_robust,M3b_budget_robust,entry,False,not_met,,,"no value of the declared grid met the validation screen (candidate statuses: optimal, proven_infeasible); a grid without a solution is not a statement about the whole decision space",main_reference_plan_domain,cp_upper,,,,,False,0,35,5,0.9694,0.9721812486819963,"gamma=0 {""k_box"": 1.0}",minimum attainable main-event rate_upper over the declared grid (descriptive; its cost is not a comparable cost),1024,frontier_no_feasible_solution_found_no_ration,0.1611328125,0.703125,,,,
1,SD-S2,0.1,SD12MO_MAIN9,SD-12MO,MAIN9,SD12MO_MAIN9:M0,M0_nominal,M0_nominal,entry,True,,,optimal,,main_reference_plan_domain,cp_upper,0.9694,0.9694,0.9721812486819963,False,False,0,1,1,0.9694,0.9721812486819963,,minimum attainable main-event rate_upper over the declared grid (descriptive; its cost is not a comparable cost),1024,frontier_no_feasible_solution_found_no_ration,0.330078125,0.66796875,,,,
1,SD-S2,0.1,SD12MO_MAIN9,SD-12MO,MAIN9,"SD12MO_MAIN9:M1[relative,apply_to_dm=False]@alpha=0.1",M1_safety_margin,M1_safety_margin[apply_to_dm=False],sensitivity_line,False,not_met,,,"no value of the declared grid met the validation screen (candidate statuses: optimal, proven_infeasible); a grid without a solution is not a statement about the whole decision space",main_reference_plan_domain,cp_upper,,,,,False,0,5,1,0.9694,0.9721812486819963,k=0.0,minimum attainable main-event rate_upper over the declared grid (descriptive; its cost is not a comparable cost),1024,frontier_no_feasible_solution_found_no_ration,0.330078125,0.66796875,,,,
1,SD-S2,0.1,SD12MO_MAIN9,SD-12MO,MAIN9,"SD12MO_MAIN9:M1[relative,apply_to_dm=True]@alpha=0.1",M1_safety_margin,M1_safety_margin[apply_to_dm=True],entry,False,not_met,,,"no value of the declared grid met the validation screen (candidate statuses: optimal, proven_infeasible); a grid without a solution is not a statement about the whole decision space",main_reference_plan_domain,cp_upper,,,,,False,0,5,1,0.9694,0.9721812486819963,k=0.0,minimum attainable main-event rate_upper over the declared grid (descriptive; its cost is not a comparable cost),1024,frontier_no_feasible_solution_found_no_ration,0.330078125,0.66796875,,,,
1,SD-S2,0.1,SD12MO_MAIN9,SD-12MO,MAIN9,SD12MO_MAIN9:M2[N=1024]@alpha=0.1,M2_joint_chance_saa,M2_joint_chance_saa[N=1024],entry,False,not_met,,,"SAA over the N training scenarios proven infeasible for every alpha_train of the declared grid (training scenarios only; not a population, field or whole-space statement)",main_reference_plan_domain,cp_upper,,,,,False,0,4,0,,,,no scored grid candidate with a ration (not a whole-space statement),1024,frontier_no_feasible_solution_found_no_ration,0.330078125,0.66796875,,,,
1,SD-S2,0.1,SD12MO_MAIN9,SD-12MO,MAIN9,SD12MO_MAIN9:M2[N=128]@alpha=0.1,M2_joint_chance_saa,M2_joint_chance_saa[N=128],entry,False,not_met,,,"SAA over the N training scenarios proven infeasible for every alpha_train of the declared grid (training scenarios only; not a population, field or whole-space statement)",main_reference_plan_domain,cp_upper,,,,,False,0,4,0,,,,no scored grid candidate with a ration (not a whole-space statement),128,optimal,0.625,0.625,0.5734,0.5734,0.5815686072259727,"diagnostic frontier point (training scenarios only); not a method, never a member"
1,SD-S2,0.1,SD12MO_MAIN9,SD-12MO,MAIN9,SD12MO_MAIN9:M2[N=512]@alpha=0.1,M2_joint_chance_saa,M2_joint_chance_saa[N=512],entry,False,not_met,,,"SAA over the N training scenarios proven infeasible for every alpha_train of the declared grid (training scenarios only; not a population, field or whole-space statement)",main_reference_plan_domain,cp_upper,,,,,False,0,4,0,,,,no scored grid candidate with a ration (not a whole-space statement),512,frontier_no_feasible_solution_found_no_ration,0.51171875,0.63671875,,,,
1,SD-S2,0.1,SD12MO_MAIN9,SD-12MO,MAIN9,SD12MO_MAIN9:M3a[factory box]@alpha=0.1,M3a_box_robust,M3a_box_robust,entry,False,not_met,,,no value of the declared grid met the validation screen (candidate statuses: proven_infeasible); a grid without a solution is not a statement about the whole decision space,main_reference_plan_domain,cp_upper,,,,,False,0,5,0,,,,no scored grid candidate with a ration (not a whole-space statement),1024,frontier_no_feasible_solution_found_no_ration,0.330078125,0.66796875,,,,
1,SD-S2,0.1,SD12MO_MAIN9,SD-12MO,MAIN9,SD12MO_MAIN9:M3b[factory box]@alpha=0.1,M3b_budget_robust,M3b_budget_robust,entry,False,not_met,,,"no value of the declared grid met the validation screen (candidate statuses: optimal, proven_infeasible); a grid without a solution is not a statement about the whole decision space",main_reference_plan_domain,cp_upper,,,,,False,0,35,5,0.9694,0.9721812486819963,"gamma=0 {""k_box"": 1.0}",minimum attainable main-event rate_upper over the declared grid (descriptive; its cost is not a comparable cost),1024,frontier_no_feasible_solution_found_no_ration,0.330078125,0.66796875,,,,
1,SD-S2,0.1,SDH0_MAIN9,SD-H0,MAIN9,SDH0_MAIN9:M0,M0_nominal,M0_nominal,entry,True,,,optimal,,main_reference_plan_domain,cp_upper,0.9694,0.9694,0.9721812486819963,False,False,0,1,1,0.9694,0.9721812486819963,,minimum attainable main-event rate_upper over the declared grid (descriptive; its cost is not a comparable cost),1024,frontier_no_feasible_solution_found_no_ration,0.4189453125,0.751953125,,,,
1,SD-S2,0.1,SDH0_MAIN9,SD-H0,MAIN9,"SDH0_MAIN9:M1[relative,apply_to_dm=False]@alpha=0.1",M1_safety_margin,M1_safety_margin[apply_to_dm=False],sensitivity_line,False,not_met,,,"no value of the declared grid met the validation screen (candidate statuses: optimal, proven_infeasible); a grid without a solution is not a statement about the whole decision space",main_reference_plan_domain,cp_upper,,,,,False,0,5,1,0.9694,0.9721812486819963,k=0.0,minimum attainable main-event rate_upper over the declared grid (descriptive; its cost is not a comparable cost),1024,frontier_no_feasible_solution_found_no_ration,0.4189453125,0.751953125,,,,
1,SD-S2,0.1,SDH0_MAIN9,SD-H0,MAIN9,"SDH0_MAIN9:M1[relative,apply_to_dm=True]@alpha=0.1",M1_safety_margin,M1_safety_margin[apply_to_dm=True],entry,False,not_met,,,"no value of the declared grid met the validation screen (candidate statuses: optimal, proven_infeasible); a grid without a solution is not a statement about the whole decision space",main_reference_plan_domain,cp_upper,,,,,False,0,5,1,0.9694,0.9721812486819963,k=0.0,minimum attainable main-event rate_upper over the declared grid (descriptive; its cost is not a comparable cost),1024,frontier_no_feasible_solution_found_no_ration,0.4189453125,0.751953125,,,,
1,SD-S2,0.1,SDH0_MAIN9,SD-H0,MAIN9,SDH0_MAIN9:M2[N=1024]@alpha=0.1,M2_joint_chance_saa,M2_joint_chance_saa[N=1024],entry,False,not_met,,,"SAA over the N training scenarios proven infeasible for every alpha_train of the declared grid (training scenarios only; not a population, field or whole-space statement)",main_reference_plan_domain,cp_upper,,,,,False,0,4,0,,,,no scored grid candidate with a ration (not a whole-space statement),1024,frontier_no_feasible_solution_found_no_ration,0.4189453125,0.751953125,,,,
1,SD-S2,0.1,SDH0_MAIN9,SD-H0,MAIN9,SDH0_MAIN9:M2[N=128]@alpha=0.1,M2_joint_chance_saa,M2_joint_chance_saa[N=128],entry,False,not_met,,,"SAA over the N training scenarios proven infeasible for every alpha_train of the declared grid (training scenarios only; not a population, field or whole-space statement)",main_reference_plan_domain,cp_upper,,,,,False,0,4,0,,,,no scored grid candidate with a ration (not a whole-space statement),128,optimal,0.734375,0.734375,0.7379,0.7379,0.7451318354706139,"diagnostic frontier point (training scenarios only); not a method, never a member"
1,SD-S2,0.1,SDH0_MAIN9,SD-H0,MAIN9,SDH0_MAIN9:M2[N=512]@alpha=0.1,M2_joint_chance_saa,M2_joint_chance_saa[N=512],entry,False,not_met,,,"SAA over the N training scenarios proven infeasible for every alpha_train of the declared grid (training scenarios only; not a population, field or whole-space statement)",main_reference_plan_domain,cp_upper,,,,,False,0,4,0,,,,no scored grid candidate with a ration (not a whole-space statement),512,frontier_no_feasible_solution_found_no_ration,0.578125,0.724609375,,,,
1,SD-S2,0.1,SDH0_MAIN9,SD-H0,MAIN9,SDH0_MAIN9:M3a[factory box]@alpha=0.1,M3a_box_robust,M3a_box_robust,entry,False,not_met,,,no value of the declared grid met the validation screen (candidate statuses: proven_infeasible); a grid without a solution is not a statement about the whole decision space,main_reference_plan_domain,cp_upper,,,,,False,0,5,0,,,,no scored grid candidate with a ration (not a whole-space statement),1024,frontier_no_feasible_solution_found_no_ration,0.4189453125,0.751953125,,,,
1,SD-S2,0.1,SDH0_MAIN9,SD-H0,MAIN9,SDH0_MAIN9:M3b[factory box]@alpha=0.1,M3b_budget_robust,M3b_budget_robust,entry,False,not_met,,,"no value of the declared grid met the validation screen (candidate statuses: optimal, proven_infeasible); a grid without a solution is not a statement about the whole decision space",main_reference_plan_domain,cp_upper,,,,,False,0,35,5,0.9694,0.9721812486819963,"gamma=0 {""k_box"": 1.0}",minimum attainable main-event rate_upper over the declared grid (descriptive; its cost is not a comparable cost),1024,frontier_no_feasible_solution_found_no_ration,0.4189453125,0.751953125,,,,
1,SD-S2,0.1,SDS2_MAIN9,SD-S2,MAIN9,SDS2_MAIN9:M0,M0_nominal,M0_nominal,entry,True,,,optimal,,main_reference_plan_domain,cp_upper,0.9694,0.9694,0.9721812486819963,False,False,0,1,1,0.9694,0.9721812486819963,,minimum attainable main-event rate_upper over the declared grid (descriptive; its cost is not a comparable cost),1024,frontier_no_feasible_solution_found_no_ration,0.126953125,0.6171875,,,,
1,SD-S2,0.1,SDS2_MAIN9,SD-S2,MAIN9,"SDS2_MAIN9:M1[relative,apply_to_dm=False]@alpha=0.1",M1_safety_margin,M1_safety_margin[apply_to_dm=False],sensitivity_line,False,not_met,,,"no value of the declared grid met the validation screen (candidate statuses: optimal, proven_infeasible); a grid without a solution is not a statement about the whole decision space",main_reference_plan_domain,cp_upper,,,,,False,0,5,1,0.9694,0.9721812486819963,k=0.0,minimum attainable main-event rate_upper over the declared grid (descriptive; its cost is not a comparable cost),1024,frontier_no_feasible_solution_found_no_ration,0.126953125,0.6171875,,,,
1,SD-S2,0.1,SDS2_MAIN9,SD-S2,MAIN9,"SDS2_MAIN9:M1[relative,apply_to_dm=True]@alpha=0.1",M1_safety_margin,M1_safety_margin[apply_to_dm=True],entry,False,not_met,,,"no value of the declared grid met the validation screen (candidate statuses: optimal, proven_infeasible); a grid without a solution is not a statement about the whole decision space",main_reference_plan_domain,cp_upper,,,,,False,0,5,1,0.9694,0.9721812486819963,k=0.0,minimum attainable main-event rate_upper over the declared grid (descriptive; its cost is not a comparable cost),1024,frontier_no_feasible_solution_found_no_ration,0.126953125,0.6171875,,,,
1,SD-S2,0.1,SDS2_MAIN9,SD-S2,MAIN9,SDS2_MAIN9:M2[N=1024]@alpha=0.1,M2_joint_chance_saa,M2_joint_chance_saa[N=1024],entry,False,not_met,,,"SAA over the N training scenarios proven infeasible for every alpha_train of the declared grid (training scenarios only; not a population, field or whole-space statement)",main_reference_plan_domain,cp_upper,,,,,False,0,4,0,,,,no scored grid candidate with a ration (not a whole-space statement),1024,frontier_no_feasible_solution_found_no_ration,0.126953125,0.6171875,,,,
1,SD-S2,0.1,SDS2_MAIN9,SD-S2,MAIN9,SDS2_MAIN9:M2[N=128]@alpha=0.1,M2_joint_chance_saa,M2_joint_chance_saa[N=128],entry,False,not_met,,,"SAA over the N training scenarios proven infeasible for every alpha_train of the declared grid (training scenarios only; not a population, field or whole-space statement)",main_reference_plan_domain,cp_upper,,,,,False,0,4,0,,,,no scored grid candidate with a ration (not a whole-space statement),128,optimal,0.5546875,0.5546875,0.5263,0.5263,0.5345564496758604,"diagnostic frontier point (training scenarios only); not a method, never a member"
1,SD-S2,0.1,SDS2_MAIN9,SD-S2,MAIN9,SDS2_MAIN9:M2[N=512]@alpha=0.1,M2_joint_chance_saa,M2_joint_chance_saa[N=512],entry,False,not_met,,,"SAA over the N training scenarios proven infeasible for every alpha_train of the declared grid (training scenarios only; not a population, field or whole-space statement)",main_reference_plan_domain,cp_upper,,,,,False,0,4,0,,,,no scored grid candidate with a ration (not a whole-space statement),512,frontier_no_feasible_solution_found_no_ration,0.40625,0.568359375,,,,
1,SD-S2,0.1,SDS2_MAIN9,SD-S2,MAIN9,SDS2_MAIN9:M3a[factory box]@alpha=0.1,M3a_box_robust,M3a_box_robust,entry,False,not_met,,,no value of the declared grid met the validation screen (candidate statuses: proven_infeasible); a grid without a solution is not a statement about the whole decision space,main_reference_plan_domain,cp_upper,,,,,False,0,5,0,,,,no scored grid candidate with a ration (not a whole-space statement),1024,frontier_no_feasible_solution_found_no_ration,0.126953125,0.6171875,,,,
1,SD-S2,0.1,SDS2_MAIN9,SD-S2,MAIN9,SDS2_MAIN9:M3b[factory box]@alpha=0.1,M3b_budget_robust,M3b_budget_robust,entry,False,not_met,,,"no value of the declared grid met the validation screen (candidate statuses: optimal, proven_infeasible); a grid without a solution is not a statement about the whole decision space",main_reference_plan_domain,cp_upper,,,,,False,0,35,5,0.9694,0.9721812486819963,"gamma=0 {""k_box"": 1.0}",minimum attainable main-event rate_upper over the declared grid (descriptive; its cost is not a comparable cost),1024,frontier_no_feasible_solution_found_no_ration,0.126953125,0.6171875,,,,
1,SD-S2,0.1,SDSRC12_MAIN9,SD-SRC12,MAIN9,SDSRC12_MAIN9:M0,M0_nominal,M0_nominal,entry,True,,,optimal,,main_reference_plan_domain,cp_upper,0.9694,0.9694,0.9721812486819963,False,False,0,1,1,0.9694,0.9721812486819963,,minimum attainable main-event rate_upper over the declared grid (descriptive; its cost is not a comparable cost),1024,frontier_no_feasible_solution_found_no_ration,0.283203125,0.7646484375,,,,
1,SD-S2,0.1,SDSRC12_MAIN9,SD-SRC12,MAIN9,"SDSRC12_MAIN9:M1[relative,apply_to_dm=False]@alpha=0.1",M1_safety_margin,M1_safety_margin[apply_to_dm=False],sensitivity_line,False,not_met,,,"no value of the declared grid met the validation screen (candidate statuses: optimal, proven_infeasible); a grid without a solution is not a statement about the whole decision space",main_reference_plan_domain,cp_upper,,,,,False,0,5,1,0.9694,0.9721812486819963,k=0.0,minimum attainable main-event rate_upper over the declared grid (descriptive; its cost is not a comparable cost),1024,frontier_no_feasible_solution_found_no_ration,0.283203125,0.7646484375,,,,
1,SD-S2,0.1,SDSRC12_MAIN9,SD-SRC12,MAIN9,"SDSRC12_MAIN9:M1[relative,apply_to_dm=True]@alpha=0.1",M1_safety_margin,M1_safety_margin[apply_to_dm=True],entry,False,not_met,,,"no value of the declared grid met the validation screen (candidate statuses: optimal, proven_infeasible); a grid without a solution is not a statement about the whole decision space",main_reference_plan_domain,cp_upper,,,,,False,0,5,1,0.9694,0.9721812486819963,k=0.0,minimum attainable main-event rate_upper over the declared grid (descriptive; its cost is not a comparable cost),1024,frontier_no_feasible_solution_found_no_ration,0.283203125,0.7646484375,,,,
1,SD-S2,0.1,SDSRC12_MAIN9,SD-SRC12,MAIN9,SDSRC12_MAIN9:M2[N=1024]@alpha=0.1,M2_joint_chance_saa,M2_joint_chance_saa[N=1024],entry,False,not_met,,,"SAA over the N training scenarios proven infeasible for every alpha_train of the declared grid (training scenarios only; not a population, field or whole-space statement)",main_reference_plan_domain,cp_upper,,,,,False,0,4,0,,,,no scored grid candidate with a ration (not a whole-space statement),1024,frontier_no_feasible_solution_found_no_ration,0.283203125,0.7646484375,,,,
1,SD-S2,0.1,SDSRC12_MAIN9,SD-SRC12,MAIN9,SDSRC12_MAIN9:M2[N=128]@alpha=0.1,M2_joint_chance_saa,M2_joint_chance_saa[N=128],entry,False,not_met,,,"SAA over the N training scenarios proven infeasible for every alpha_train of the declared grid (training scenarios only; not a population, field or whole-space statement)",main_reference_plan_domain,cp_upper,,,,,False,0,4,0,,,,no scored grid candidate with a ration (not a whole-space statement),128,optimal,0.703125,0.703125,0.569,0.569,0.5771799650061185,"diagnostic frontier point (training scenarios only); not a method, never a member"
1,SD-S2,0.1,SDSRC12_MAIN9,SD-SRC12,MAIN9,SDSRC12_MAIN9:M2[N=512]@alpha=0.1,M2_joint_chance_saa,M2_joint_chance_saa[N=512],entry,False,not_met,,,"SAA over the N training scenarios proven infeasible for every alpha_train of the declared grid (training scenarios only; not a population, field or whole-space statement)",main_reference_plan_domain,cp_upper,,,,,False,0,4,0,,,,no scored grid candidate with a ration (not a whole-space statement),512,frontier_no_feasible_solution_found_no_ration,0.52734375,0.732421875,,,,
1,SD-S2,0.1,SDSRC12_MAIN9,SD-SRC12,MAIN9,SDSRC12_MAIN9:M3a[factory box]@alpha=0.1,M3a_box_robust,M3a_box_robust,entry,False,not_met,,,no value of the declared grid met the validation screen (candidate statuses: proven_infeasible); a grid without a solution is not a statement about the whole decision space,main_reference_plan_domain,cp_upper,,,,,False,0,5,0,,,,no scored grid candidate with a ration (not a whole-space statement),1024,frontier_no_feasible_solution_found_no_ration,0.283203125,0.7646484375,,,,
1,SD-S2,0.1,SDSRC12_MAIN9,SD-SRC12,MAIN9,SDSRC12_MAIN9:M3b[factory box]@alpha=0.1,M3b_budget_robust,M3b_budget_robust,entry,False,not_met,,,"no value of the declared grid met the validation screen (candidate statuses: optimal, proven_infeasible); a grid without a solution is not a statement about the whole decision space",main_reference_plan_domain,cp_upper,,,,,False,0,35,5,0.9694,0.9721812486819963,"gamma=0 {""k_box"": 1.0}",minimum attainable main-event rate_upper over the declared grid (descriptive; its cost is not a comparable cost),1024,frontier_no_feasible_solution_found_no_ration,0.283203125,0.7646484375,,,,
1,SD-S2,0.1,SDSRC14_MAIN9,SD-SRC14,MAIN9,SDSRC14_MAIN9:M0,M0_nominal,M0_nominal,entry,True,,,optimal,,main_reference_plan_domain,cp_upper,0.9694,0.9694,0.9721812486819963,False,False,0,1,1,0.9694,0.9721812486819963,,minimum attainable main-event rate_upper over the declared grid (descriptive; its cost is not a comparable cost),1024,frontier_no_feasible_solution_found_no_ration,0.1611328125,0.703125,,,,
1,SD-S2,0.1,SDSRC14_MAIN9,SD-SRC14,MAIN9,"SDSRC14_MAIN9:M1[relative,apply_to_dm=False]@alpha=0.1",M1_safety_margin,M1_safety_margin[apply_to_dm=False],sensitivity_line,False,not_met,,,"no value of the declared grid met the validation screen (candidate statuses: optimal, proven_infeasible); a grid without a solution is not a statement about the whole decision space",main_reference_plan_domain,cp_upper,,,,,False,0,5,1,0.9694,0.9721812486819963,k=0.0,minimum attainable main-event rate_upper over the declared grid (descriptive; its cost is not a comparable cost),1024,frontier_no_feasible_solution_found_no_ration,0.1611328125,0.703125,,,,
1,SD-S2,0.1,SDSRC14_MAIN9,SD-SRC14,MAIN9,"SDSRC14_MAIN9:M1[relative,apply_to_dm=True]@alpha=0.1",M1_safety_margin,M1_safety_margin[apply_to_dm=True],entry,False,not_met,,,"no value of the declared grid met the validation screen (candidate statuses: optimal, proven_infeasible); a grid without a solution is not a statement about the whole decision space",main_reference_plan_domain,cp_upper,,,,,False,0,5,1,0.9694,0.9721812486819963,k=0.0,minimum attainable main-event rate_upper over the declared grid (descriptive; its cost is not a comparable cost),1024,frontier_no_feasible_solution_found_no_ration,0.1611328125,0.703125,,,,
1,SD-S2,0.1,SDSRC14_MAIN9,SD-SRC14,MAIN9,SDSRC14_MAIN9:M2[N=1024]@alpha=0.1,M2_joint_chance_saa,M2_joint_chance_saa[N=1024],entry,False,not_met,,,"SAA over the N training scenarios proven infeasible for every alpha_train of the declared grid (training scenarios only; not a population, field or whole-space statement)",main_reference_plan_domain,cp_upper,,,,,False,0,4,0,,,,no scored grid candidate with a ration (not a whole-space statement),1024,frontier_no_feasible_solution_found_no_ration,0.1611328125,0.703125,,,,
1,SD-S2,0.1,SDSRC14_MAIN9,SD-SRC14,MAIN9,SDSRC14_MAIN9:M2[N=128]@alpha=0.1,M2_joint_chance_saa,M2_joint_chance_saa[N=128],entry,False,not_met,,,"SAA over the N training scenarios proven infeasible for every alpha_train of the declared grid (training scenarios only; not a population, field or whole-space statement)",main_reference_plan_domain,cp_upper,,,,,False,0,4,0,,,,no scored grid candidate with a ration (not a whole-space statement),128,optimal,0.625,0.625,0.5515,0.5515,0.5597186728048698,"diagnostic frontier point (training scenarios only); not a method, never a member"
1,SD-S2,0.1,SDSRC14_MAIN9,SD-SRC14,MAIN9,SDSRC14_MAIN9:M2[N=512]@alpha=0.1,M2_joint_chance_saa,M2_joint_chance_saa[N=512],entry,False,not_met,,,"SAA over the N training scenarios proven infeasible for every alpha_train of the declared grid (training scenarios only; not a population, field or whole-space statement)",main_reference_plan_domain,cp_upper,,,,,False,0,4,0,,,,no scored grid candidate with a ration (not a whole-space statement),512,frontier_no_feasible_solution_found_no_ration,0.4140625,0.65625,,,,
1,SD-S2,0.1,SDSRC14_MAIN9,SD-SRC14,MAIN9,SDSRC14_MAIN9:M3a[factory box]@alpha=0.1,M3a_box_robust,M3a_box_robust,entry,False,not_met,,,no value of the declared grid met the validation screen (candidate statuses: proven_infeasible); a grid without a solution is not a statement about the whole decision space,main_reference_plan_domain,cp_upper,,,,,False,0,5,0,,,,no scored grid candidate with a ration (not a whole-space statement),1024,frontier_no_feasible_solution_found_no_ration,0.1611328125,0.703125,,,,
1,SD-S2,0.1,SDSRC14_MAIN9,SD-SRC14,MAIN9,SDSRC14_MAIN9:M3b[factory box]@alpha=0.1,M3b_budget_robust,M3b_budget_robust,entry,False,not_met,,,"no value of the declared grid met the validation screen (candidate statuses: optimal, proven_infeasible); a grid without a solution is not a statement about the whole decision space",main_reference_plan_domain,cp_upper,,,,,False,0,35,5,0.9694,0.9721812486819963,"gamma=0 {""k_box"": 1.0}",minimum attainable main-event rate_upper over the declared grid (descriptive; its cost is not a comparable cost),1024,frontier_no_feasible_solution_found_no_ration,0.1611328125,0.703125,,,,
1,SD-S2,0.01,SD12MO_MAIN9,SD-12MO,MAIN9,SD12MO_MAIN9:M0,M0_nominal,M0_nominal,entry,True,,,optimal,,main_reference_plan_domain,cp_upper,0.9694,0.9694,0.9721812486819963,False,False,0,1,1,0.9694,0.9721812486819963,,minimum attainable main-event rate_upper over the declared grid (descriptive; its cost is not a comparable cost),1024,frontier_no_feasible_solution_found_no_ration,0.330078125,0.66796875,,,,
1,SD-S2,0.01,SD12MO_MAIN9,SD-12MO,MAIN9,"SD12MO_MAIN9:M1[relative,apply_to_dm=False]@alpha=0.01",M1_safety_margin,M1_safety_margin[apply_to_dm=False],sensitivity_line,False,not_met,,,"no value of the declared grid met the validation screen (candidate statuses: optimal, proven_infeasible); a grid without a solution is not a statement about the whole decision space",main_reference_plan_domain,cp_upper,,,,,False,0,5,1,0.9694,0.9721812486819963,k=0.0,minimum attainable main-event rate_upper over the declared grid (descriptive; its cost is not a comparable cost),1024,frontier_no_feasible_solution_found_no_ration,0.330078125,0.66796875,,,,
1,SD-S2,0.01,SD12MO_MAIN9,SD-12MO,MAIN9,"SD12MO_MAIN9:M1[relative,apply_to_dm=True]@alpha=0.01",M1_safety_margin,M1_safety_margin[apply_to_dm=True],entry,False,not_met,,,"no value of the declared grid met the validation screen (candidate statuses: optimal, proven_infeasible); a grid without a solution is not a statement about the whole decision space",main_reference_plan_domain,cp_upper,,,,,False,0,5,1,0.9694,0.9721812486819963,k=0.0,minimum attainable main-event rate_upper over the declared grid (descriptive; its cost is not a comparable cost),1024,frontier_no_feasible_solution_found_no_ration,0.330078125,0.66796875,,,,
1,SD-S2,0.01,SD12MO_MAIN9,SD-12MO,MAIN9,SD12MO_MAIN9:M2[N=1024]@alpha=0.01,M2_joint_chance_saa,M2_joint_chance_saa[N=1024],entry,False,not_met,,,"SAA over the N training scenarios proven infeasible for every alpha_train of the declared grid (training scenarios only; not a population, field or whole-space statement)",main_reference_plan_domain,cp_upper,,,,,False,0,4,0,,,,no scored grid candidate with a ration (not a whole-space statement),1024,frontier_no_feasible_solution_found_no_ration,0.330078125,0.66796875,,,,
1,SD-S2,0.01,SD12MO_MAIN9,SD-12MO,MAIN9,SD12MO_MAIN9:M2[N=128]@alpha=0.01,M2_joint_chance_saa,M2_joint_chance_saa[N=128],entry,False,not_met,,,"SAA over the N training scenarios proven infeasible for every alpha_train of the declared grid (training scenarios only; not a population, field or whole-space statement)",main_reference_plan_domain,cp_upper,,,,,False,0,4,0,,,,no scored grid candidate with a ration (not a whole-space statement),128,optimal,0.625,0.625,0.5734,0.5734,0.5815686072259727,"diagnostic frontier point (training scenarios only); not a method, never a member"
1,SD-S2,0.01,SD12MO_MAIN9,SD-12MO,MAIN9,SD12MO_MAIN9:M2[N=512]@alpha=0.01,M2_joint_chance_saa,M2_joint_chance_saa[N=512],entry,False,not_met,,,"SAA over the N training scenarios proven infeasible for every alpha_train of the declared grid (training scenarios only; not a population, field or whole-space statement)",main_reference_plan_domain,cp_upper,,,,,False,0,4,0,,,,no scored grid candidate with a ration (not a whole-space statement),512,frontier_no_feasible_solution_found_no_ration,0.51171875,0.63671875,,,,
1,SD-S2,0.01,SD12MO_MAIN9,SD-12MO,MAIN9,SD12MO_MAIN9:M3a[factory box]@alpha=0.01,M3a_box_robust,M3a_box_robust,entry,False,not_met,,,no value of the declared grid met the validation screen (candidate statuses: proven_infeasible); a grid without a solution is not a statement about the whole decision space,main_reference_plan_domain,cp_upper,,,,,False,0,5,0,,,,no scored grid candidate with a ration (not a whole-space statement),1024,frontier_no_feasible_solution_found_no_ration,0.330078125,0.66796875,,,,
1,SD-S2,0.01,SD12MO_MAIN9,SD-12MO,MAIN9,SD12MO_MAIN9:M3b[factory box]@alpha=0.01,M3b_budget_robust,M3b_budget_robust,entry,False,not_met,,,"no value of the declared grid met the validation screen (candidate statuses: optimal, proven_infeasible); a grid without a solution is not a statement about the whole decision space",main_reference_plan_domain,cp_upper,,,,,False,0,35,5,0.9694,0.9721812486819963,"gamma=0 {""k_box"": 1.0}",minimum attainable main-event rate_upper over the declared grid (descriptive; its cost is not a comparable cost),1024,frontier_no_feasible_solution_found_no_ration,0.330078125,0.66796875,,,,
1,SD-S2,0.01,SDH0_MAIN9,SD-H0,MAIN9,SDH0_MAIN9:M0,M0_nominal,M0_nominal,entry,True,,,optimal,,main_reference_plan_domain,cp_upper,0.9694,0.9694,0.9721812486819963,False,False,0,1,1,0.9694,0.9721812486819963,,minimum attainable main-event rate_upper over the declared grid (descriptive; its cost is not a comparable cost),1024,frontier_no_feasible_solution_found_no_ration,0.4189453125,0.751953125,,,,
1,SD-S2,0.01,SDH0_MAIN9,SD-H0,MAIN9,"SDH0_MAIN9:M1[relative,apply_to_dm=False]@alpha=0.01",M1_safety_margin,M1_safety_margin[apply_to_dm=False],sensitivity_line,False,not_met,,,"no value of the declared grid met the validation screen (candidate statuses: optimal, proven_infeasible); a grid without a solution is not a statement about the whole decision space",main_reference_plan_domain,cp_upper,,,,,False,0,5,1,0.9694,0.9721812486819963,k=0.0,minimum attainable main-event rate_upper over the declared grid (descriptive; its cost is not a comparable cost),1024,frontier_no_feasible_solution_found_no_ration,0.4189453125,0.751953125,,,,
1,SD-S2,0.01,SDH0_MAIN9,SD-H0,MAIN9,"SDH0_MAIN9:M1[relative,apply_to_dm=True]@alpha=0.01",M1_safety_margin,M1_safety_margin[apply_to_dm=True],entry,False,not_met,,,"no value of the declared grid met the validation screen (candidate statuses: optimal, proven_infeasible); a grid without a solution is not a statement about the whole decision space",main_reference_plan_domain,cp_upper,,,,,False,0,5,1,0.9694,0.9721812486819963,k=0.0,minimum attainable main-event rate_upper over the declared grid (descriptive; its cost is not a comparable cost),1024,frontier_no_feasible_solution_found_no_ration,0.4189453125,0.751953125,,,,
1,SD-S2,0.01,SDH0_MAIN9,SD-H0,MAIN9,SDH0_MAIN9:M2[N=1024]@alpha=0.01,M2_joint_chance_saa,M2_joint_chance_saa[N=1024],entry,False,not_met,,,"SAA over the N training scenarios proven infeasible for every alpha_train of the declared grid (training scenarios only; not a population, field or whole-space statement)",main_reference_plan_domain,cp_upper,,,,,False,0,4,0,,,,no scored grid candidate with a ration (not a whole-space statement),1024,frontier_no_feasible_solution_found_no_ration,0.4189453125,0.751953125,,,,
1,SD-S2,0.01,SDH0_MAIN9,SD-H0,MAIN9,SDH0_MAIN9:M2[N=128]@alpha=0.01,M2_joint_chance_saa,M2_joint_chance_saa[N=128],entry,False,not_met,,,"SAA over the N training scenarios proven infeasible for every alpha_train of the declared grid (training scenarios only; not a population, field or whole-space statement)",main_reference_plan_domain,cp_upper,,,,,False,0,4,0,,,,no scored grid candidate with a ration (not a whole-space statement),128,optimal,0.734375,0.734375,0.7379,0.7379,0.7451318354706139,"diagnostic frontier point (training scenarios only); not a method, never a member"
1,SD-S2,0.01,SDH0_MAIN9,SD-H0,MAIN9,SDH0_MAIN9:M2[N=512]@alpha=0.01,M2_joint_chance_saa,M2_joint_chance_saa[N=512],entry,False,not_met,,,"SAA over the N training scenarios proven infeasible for every alpha_train of the declared grid (training scenarios only; not a population, field or whole-space statement)",main_reference_plan_domain,cp_upper,,,,,False,0,4,0,,,,no scored grid candidate with a ration (not a whole-space statement),512,frontier_no_feasible_solution_found_no_ration,0.578125,0.724609375,,,,
1,SD-S2,0.01,SDH0_MAIN9,SD-H0,MAIN9,SDH0_MAIN9:M3a[factory box]@alpha=0.01,M3a_box_robust,M3a_box_robust,entry,False,not_met,,,no value of the declared grid met the validation screen (candidate statuses: proven_infeasible); a grid without a solution is not a statement about the whole decision space,main_reference_plan_domain,cp_upper,,,,,False,0,5,0,,,,no scored grid candidate with a ration (not a whole-space statement),1024,frontier_no_feasible_solution_found_no_ration,0.4189453125,0.751953125,,,,
1,SD-S2,0.01,SDH0_MAIN9,SD-H0,MAIN9,SDH0_MAIN9:M3b[factory box]@alpha=0.01,M3b_budget_robust,M3b_budget_robust,entry,False,not_met,,,"no value of the declared grid met the validation screen (candidate statuses: optimal, proven_infeasible); a grid without a solution is not a statement about the whole decision space",main_reference_plan_domain,cp_upper,,,,,False,0,35,5,0.9694,0.9721812486819963,"gamma=0 {""k_box"": 1.0}",minimum attainable main-event rate_upper over the declared grid (descriptive; its cost is not a comparable cost),1024,frontier_no_feasible_solution_found_no_ration,0.4189453125,0.751953125,,,,
1,SD-S2,0.01,SDS2_MAIN9,SD-S2,MAIN9,SDS2_MAIN9:M0,M0_nominal,M0_nominal,entry,True,,,optimal,,main_reference_plan_domain,cp_upper,0.9694,0.9694,0.9721812486819963,False,False,0,1,1,0.9694,0.9721812486819963,,minimum attainable main-event rate_upper over the declared grid (descriptive; its cost is not a comparable cost),1024,frontier_no_feasible_solution_found_no_ration,0.126953125,0.6171875,,,,
1,SD-S2,0.01,SDS2_MAIN9,SD-S2,MAIN9,"SDS2_MAIN9:M1[relative,apply_to_dm=False]@alpha=0.01",M1_safety_margin,M1_safety_margin[apply_to_dm=False],sensitivity_line,False,not_met,,,"no value of the declared grid met the validation screen (candidate statuses: optimal, proven_infeasible); a grid without a solution is not a statement about the whole decision space",main_reference_plan_domain,cp_upper,,,,,False,0,5,1,0.9694,0.9721812486819963,k=0.0,minimum attainable main-event rate_upper over the declared grid (descriptive; its cost is not a comparable cost),1024,frontier_no_feasible_solution_found_no_ration,0.126953125,0.6171875,,,,
1,SD-S2,0.01,SDS2_MAIN9,SD-S2,MAIN9,"SDS2_MAIN9:M1[relative,apply_to_dm=True]@alpha=0.01",M1_safety_margin,M1_safety_margin[apply_to_dm=True],entry,False,not_met,,,"no value of the declared grid met the validation screen (candidate statuses: optimal, proven_infeasible); a grid without a solution is not a statement about the whole decision space",main_reference_plan_domain,cp_upper,,,,,False,0,5,1,0.9694,0.9721812486819963,k=0.0,minimum attainable main-event rate_upper over the declared grid (descriptive; its cost is not a comparable cost),1024,frontier_no_feasible_solution_found_no_ration,0.126953125,0.6171875,,,,
1,SD-S2,0.01,SDS2_MAIN9,SD-S2,MAIN9,SDS2_MAIN9:M2[N=1024]@alpha=0.01,M2_joint_chance_saa,M2_joint_chance_saa[N=1024],entry,False,not_met,,,"SAA over the N training scenarios proven infeasible for every alpha_train of the declared grid (training scenarios only; not a population, field or whole-space statement)",main_reference_plan_domain,cp_upper,,,,,False,0,4,0,,,,no scored grid candidate with a ration (not a whole-space statement),1024,frontier_no_feasible_solution_found_no_ration,0.126953125,0.6171875,,,,
1,SD-S2,0.01,SDS2_MAIN9,SD-S2,MAIN9,SDS2_MAIN9:M2[N=128]@alpha=0.01,M2_joint_chance_saa,M2_joint_chance_saa[N=128],entry,False,not_met,,,"SAA over the N training scenarios proven infeasible for every alpha_train of the declared grid (training scenarios only; not a population, field or whole-space statement)",main_reference_plan_domain,cp_upper,,,,,False,0,4,0,,,,no scored grid candidate with a ration (not a whole-space statement),128,optimal,0.5546875,0.5546875,0.5263,0.5263,0.5345564496758604,"diagnostic frontier point (training scenarios only); not a method, never a member"
1,SD-S2,0.01,SDS2_MAIN9,SD-S2,MAIN9,SDS2_MAIN9:M2[N=512]@alpha=0.01,M2_joint_chance_saa,M2_joint_chance_saa[N=512],entry,False,not_met,,,"SAA over the N training scenarios proven infeasible for every alpha_train of the declared grid (training scenarios only; not a population, field or whole-space statement)",main_reference_plan_domain,cp_upper,,,,,False,0,4,0,,,,no scored grid candidate with a ration (not a whole-space statement),512,frontier_no_feasible_solution_found_no_ration,0.40625,0.568359375,,,,
1,SD-S2,0.01,SDS2_MAIN9,SD-S2,MAIN9,SDS2_MAIN9:M3a[factory box]@alpha=0.01,M3a_box_robust,M3a_box_robust,entry,False,not_met,,,no value of the declared grid met the validation screen (candidate statuses: proven_infeasible); a grid without a solution is not a statement about the whole decision space,main_reference_plan_domain,cp_upper,,,,,False,0,5,0,,,,no scored grid candidate with a ration (not a whole-space statement),1024,frontier_no_feasible_solution_found_no_ration,0.126953125,0.6171875,,,,
1,SD-S2,0.01,SDS2_MAIN9,SD-S2,MAIN9,SDS2_MAIN9:M3b[factory box]@alpha=0.01,M3b_budget_robust,M3b_budget_robust,entry,False,not_met,,,"no value of the declared grid met the validation screen (candidate statuses: optimal, proven_infeasible); a grid without a solution is not a statement about the whole decision space",main_reference_plan_domain,cp_upper,,,,,False,0,35,5,0.9694,0.9721812486819963,"gamma=0 {""k_box"": 1.0}",minimum attainable main-event rate_upper over the declared grid (descriptive; its cost is not a comparable cost),1024,frontier_no_feasible_solution_found_no_ration,0.126953125,0.6171875,,,,
1,SD-S2,0.01,SDSRC12_MAIN9,SD-SRC12,MAIN9,SDSRC12_MAIN9:M0,M0_nominal,M0_nominal,entry,True,,,optimal,,main_reference_plan_domain,cp_upper,0.9694,0.9694,0.9721812486819963,False,False,0,1,1,0.9694,0.9721812486819963,,minimum attainable main-event rate_upper over the declared grid (descriptive; its cost is not a comparable cost),1024,frontier_no_feasible_solution_found_no_ration,0.283203125,0.7646484375,,,,
1,SD-S2,0.01,SDSRC12_MAIN9,SD-SRC12,MAIN9,"SDSRC12_MAIN9:M1[relative,apply_to_dm=False]@alpha=0.01",M1_safety_margin,M1_safety_margin[apply_to_dm=False],sensitivity_line,False,not_met,,,"no value of the declared grid met the validation screen (candidate statuses: optimal, proven_infeasible); a grid without a solution is not a statement about the whole decision space",main_reference_plan_domain,cp_upper,,,,,False,0,5,1,0.9694,0.9721812486819963,k=0.0,minimum attainable main-event rate_upper over the declared grid (descriptive; its cost is not a comparable cost),1024,frontier_no_feasible_solution_found_no_ration,0.283203125,0.7646484375,,,,
1,SD-S2,0.01,SDSRC12_MAIN9,SD-SRC12,MAIN9,"SDSRC12_MAIN9:M1[relative,apply_to_dm=True]@alpha=0.01",M1_safety_margin,M1_safety_margin[apply_to_dm=True],entry,False,not_met,,,"no value of the declared grid met the validation screen (candidate statuses: optimal, proven_infeasible); a grid without a solution is not a statement about the whole decision space",main_reference_plan_domain,cp_upper,,,,,False,0,5,1,0.9694,0.9721812486819963,k=0.0,minimum attainable main-event rate_upper over the declared grid (descriptive; its cost is not a comparable cost),1024,frontier_no_feasible_solution_found_no_ration,0.283203125,0.7646484375,,,,
1,SD-S2,0.01,SDSRC12_MAIN9,SD-SRC12,MAIN9,SDSRC12_MAIN9:M2[N=1024]@alpha=0.01,M2_joint_chance_saa,M2_joint_chance_saa[N=1024],entry,False,not_met,,,"SAA over the N training scenarios proven infeasible for every alpha_train of the declared grid (training scenarios only; not a population, field or whole-space statement)",main_reference_plan_domain,cp_upper,,,,,False,0,4,0,,,,no scored grid candidate with a ration (not a whole-space statement),1024,frontier_no_feasible_solution_found_no_ration,0.283203125,0.7646484375,,,,
1,SD-S2,0.01,SDSRC12_MAIN9,SD-SRC12,MAIN9,SDSRC12_MAIN9:M2[N=128]@alpha=0.01,M2_joint_chance_saa,M2_joint_chance_saa[N=128],entry,False,not_met,,,"SAA over the N training scenarios proven infeasible for every alpha_train of the declared grid (training scenarios only; not a population, field or whole-space statement)",main_reference_plan_domain,cp_upper,,,,,False,0,4,0,,,,no scored grid candidate with a ration (not a whole-space statement),128,optimal,0.703125,0.703125,0.569,0.569,0.5771799650061185,"diagnostic frontier point (training scenarios only); not a method, never a member"
1,SD-S2,0.01,SDSRC12_MAIN9,SD-SRC12,MAIN9,SDSRC12_MAIN9:M2[N=512]@alpha=0.01,M2_joint_chance_saa,M2_joint_chance_saa[N=512],entry,False,not_met,,,"SAA over the N training scenarios proven infeasible for every alpha_train of the declared grid (training scenarios only; not a population, field or whole-space statement)",main_reference_plan_domain,cp_upper,,,,,False,0,4,0,,,,no scored grid candidate with a ration (not a whole-space statement),512,frontier_no_feasible_solution_found_no_ration,0.52734375,0.732421875,,,,
1,SD-S2,0.01,SDSRC12_MAIN9,SD-SRC12,MAIN9,SDSRC12_MAIN9:M3a[factory box]@alpha=0.01,M3a_box_robust,M3a_box_robust,entry,False,not_met,,,no value of the declared grid met the validation screen (candidate statuses: proven_infeasible); a grid without a solution is not a statement about the whole decision space,main_reference_plan_domain,cp_upper,,,,,False,0,5,0,,,,no scored grid candidate with a ration (not a whole-space statement),1024,frontier_no_feasible_solution_found_no_ration,0.283203125,0.7646484375,,,,
1,SD-S2,0.01,SDSRC12_MAIN9,SD-SRC12,MAIN9,SDSRC12_MAIN9:M3b[factory box]@alpha=0.01,M3b_budget_robust,M3b_budget_robust,entry,False,not_met,,,"no value of the declared grid met the validation screen (candidate statuses: optimal, proven_infeasible); a grid without a solution is not a statement about the whole decision space",main_reference_plan_domain,cp_upper,,,,,False,0,35,5,0.9694,0.9721812486819963,"gamma=0 {""k_box"": 1.0}",minimum attainable main-event rate_upper over the declared grid (descriptive; its cost is not a comparable cost),1024,frontier_no_feasible_solution_found_no_ration,0.283203125,0.7646484375,,,,
1,SD-S2,0.01,SDSRC14_MAIN9,SD-SRC14,MAIN9,SDSRC14_MAIN9:M0,M0_nominal,M0_nominal,entry,True,,,optimal,,main_reference_plan_domain,cp_upper,0.9694,0.9694,0.9721812486819963,False,False,0,1,1,0.9694,0.9721812486819963,,minimum attainable main-event rate_upper over the declared grid (descriptive; its cost is not a comparable cost),1024,frontier_no_feasible_solution_found_no_ration,0.1611328125,0.703125,,,,
1,SD-S2,0.01,SDSRC14_MAIN9,SD-SRC14,MAIN9,"SDSRC14_MAIN9:M1[relative,apply_to_dm=False]@alpha=0.01",M1_safety_margin,M1_safety_margin[apply_to_dm=False],sensitivity_line,False,not_met,,,"no value of the declared grid met the validation screen (candidate statuses: optimal, proven_infeasible); a grid without a solution is not a statement about the whole decision space",main_reference_plan_domain,cp_upper,,,,,False,0,5,1,0.9694,0.9721812486819963,k=0.0,minimum attainable main-event rate_upper over the declared grid (descriptive; its cost is not a comparable cost),1024,frontier_no_feasible_solution_found_no_ration,0.1611328125,0.703125,,,,
1,SD-S2,0.01,SDSRC14_MAIN9,SD-SRC14,MAIN9,"SDSRC14_MAIN9:M1[relative,apply_to_dm=True]@alpha=0.01",M1_safety_margin,M1_safety_margin[apply_to_dm=True],entry,False,not_met,,,"no value of the declared grid met the validation screen (candidate statuses: optimal, proven_infeasible); a grid without a solution is not a statement about the whole decision space",main_reference_plan_domain,cp_upper,,,,,False,0,5,1,0.9694,0.9721812486819963,k=0.0,minimum attainable main-event rate_upper over the declared grid (descriptive; its cost is not a comparable cost),1024,frontier_no_feasible_solution_found_no_ration,0.1611328125,0.703125,,,,
1,SD-S2,0.01,SDSRC14_MAIN9,SD-SRC14,MAIN9,SDSRC14_MAIN9:M2[N=1024]@alpha=0.01,M2_joint_chance_saa,M2_joint_chance_saa[N=1024],entry,False,not_met,,,"SAA over the N training scenarios proven infeasible for every alpha_train of the declared grid (training scenarios only; not a population, field or whole-space statement)",main_reference_plan_domain,cp_upper,,,,,False,0,4,0,,,,no scored grid candidate with a ration (not a whole-space statement),1024,frontier_no_feasible_solution_found_no_ration,0.1611328125,0.703125,,,,
1,SD-S2,0.01,SDSRC14_MAIN9,SD-SRC14,MAIN9,SDSRC14_MAIN9:M2[N=128]@alpha=0.01,M2_joint_chance_saa,M2_joint_chance_saa[N=128],entry,False,not_met,,,"SAA over the N training scenarios proven infeasible for every alpha_train of the declared grid (training scenarios only; not a population, field or whole-space statement)",main_reference_plan_domain,cp_upper,,,,,False,0,4,0,,,,no scored grid candidate with a ration (not a whole-space statement),128,optimal,0.625,0.625,0.5515,0.5515,0.5597186728048698,"diagnostic frontier point (training scenarios only); not a method, never a member"
1,SD-S2,0.01,SDSRC14_MAIN9,SD-SRC14,MAIN9,SDSRC14_MAIN9:M2[N=512]@alpha=0.01,M2_joint_chance_saa,M2_joint_chance_saa[N=512],entry,False,not_met,,,"SAA over the N training scenarios proven infeasible for every alpha_train of the declared grid (training scenarios only; not a population, field or whole-space statement)",main_reference_plan_domain,cp_upper,,,,,False,0,4,0,,,,no scored grid candidate with a ration (not a whole-space statement),512,frontier_no_feasible_solution_found_no_ration,0.4140625,0.65625,,,,
1,SD-S2,0.01,SDSRC14_MAIN9,SD-SRC14,MAIN9,SDSRC14_MAIN9:M3a[factory box]@alpha=0.01,M3a_box_robust,M3a_box_robust,entry,False,not_met,,,no value of the declared grid met the validation screen (candidate statuses: proven_infeasible); a grid without a solution is not a statement about the whole decision space,main_reference_plan_domain,cp_upper,,,,,False,0,5,0,,,,no scored grid candidate with a ration (not a whole-space statement),1024,frontier_no_feasible_solution_found_no_ration,0.1611328125,0.703125,,,,
1,SD-S2,0.01,SDSRC14_MAIN9,SD-SRC14,MAIN9,SDSRC14_MAIN9:M3b[factory box]@alpha=0.01,M3b_budget_robust,M3b_budget_robust,entry,False,not_met,,,"no value of the declared grid met the validation screen (candidate statuses: optimal, proven_infeasible); a grid without a solution is not a statement about the whole decision space",main_reference_plan_domain,cp_upper,,,,,False,0,35,5,0.9694,0.9721812486819963,"gamma=0 {""k_box"": 1.0}",minimum attainable main-event rate_upper over the declared grid (descriptive; its cost is not a comparable cost),1024,frontier_no_feasible_solution_found_no_ration,0.1611328125,0.703125,,,,
1,SD-SRC14,0.05,SD12MO_MAIN9,SD-12MO,MAIN9,SD12MO_MAIN9:M0,M0_nominal,M0_nominal,entry,True,,,optimal,,main_reference_plan_domain,cp_upper,0.9768,0.9768,0.9792227188980074,False,False,0,1,1,0.9768,0.9792227188980074,,minimum attainable main-event rate_upper over the declared grid (descriptive; its cost is not a comparable cost),1024,frontier_no_feasible_solution_found_no_ration,0.330078125,0.66796875,,,,
1,SD-SRC14,0.05,SD12MO_MAIN9,SD-12MO,MAIN9,"SD12MO_MAIN9:M1[relative,apply_to_dm=False]@alpha=0.05",M1_safety_margin,M1_safety_margin[apply_to_dm=False],sensitivity_line,False,not_met,,,"no value of the declared grid met the validation screen (candidate statuses: optimal, proven_infeasible); a grid without a solution is not a statement about the whole decision space",main_reference_plan_domain,cp_upper,,,,,False,0,5,1,0.9768,0.9792227188980074,k=0.0,minimum attainable main-event rate_upper over the declared grid (descriptive; its cost is not a comparable cost),1024,frontier_no_feasible_solution_found_no_ration,0.330078125,0.66796875,,,,
1,SD-SRC14,0.05,SD12MO_MAIN9,SD-12MO,MAIN9,"SD12MO_MAIN9:M1[relative,apply_to_dm=True]@alpha=0.05",M1_safety_margin,M1_safety_margin[apply_to_dm=True],entry,False,not_met,,,"no value of the declared grid met the validation screen (candidate statuses: optimal, proven_infeasible); a grid without a solution is not a statement about the whole decision space",main_reference_plan_domain,cp_upper,,,,,False,0,5,1,0.9768,0.9792227188980074,k=0.0,minimum attainable main-event rate_upper over the declared grid (descriptive; its cost is not a comparable cost),1024,frontier_no_feasible_solution_found_no_ration,0.330078125,0.66796875,,,,
1,SD-SRC14,0.05,SD12MO_MAIN9,SD-12MO,MAIN9,SD12MO_MAIN9:M2[N=1024]@alpha=0.05,M2_joint_chance_saa,M2_joint_chance_saa[N=1024],entry,False,not_met,,,"SAA over the N training scenarios proven infeasible for every alpha_train of the declared grid (training scenarios only; not a population, field or whole-space statement)",main_reference_plan_domain,cp_upper,,,,,False,0,4,0,,,,no scored grid candidate with a ration (not a whole-space statement),1024,frontier_no_feasible_solution_found_no_ration,0.330078125,0.66796875,,,,
1,SD-SRC14,0.05,SD12MO_MAIN9,SD-12MO,MAIN9,SD12MO_MAIN9:M2[N=128]@alpha=0.05,M2_joint_chance_saa,M2_joint_chance_saa[N=128],entry,False,not_met,,,"SAA over the N training scenarios proven infeasible for every alpha_train of the declared grid (training scenarios only; not a population, field or whole-space statement)",main_reference_plan_domain,cp_upper,,,,,False,0,4,0,,,,no scored grid candidate with a ration (not a whole-space statement),128,optimal,0.625,0.625,0.7112,0.7115,0.7189560610593841,"diagnostic frontier point (training scenarios only); not a method, never a member"
1,SD-SRC14,0.05,SD12MO_MAIN9,SD-12MO,MAIN9,SD12MO_MAIN9:M2[N=512]@alpha=0.05,M2_joint_chance_saa,M2_joint_chance_saa[N=512],entry,False,not_met,,,"SAA over the N training scenarios proven infeasible for every alpha_train of the declared grid (training scenarios only; not a population, field or whole-space statement)",main_reference_plan_domain,cp_upper,,,,,False,0,4,0,,,,no scored grid candidate with a ration (not a whole-space statement),512,frontier_no_feasible_solution_found_no_ration,0.51171875,0.63671875,,,,
1,SD-SRC14,0.05,SD12MO_MAIN9,SD-12MO,MAIN9,SD12MO_MAIN9:M3a[factory box]@alpha=0.05,M3a_box_robust,M3a_box_robust,entry,False,not_met,,,no value of the declared grid met the validation screen (candidate statuses: proven_infeasible); a grid without a solution is not a statement about the whole decision space,main_reference_plan_domain,cp_upper,,,,,False,0,5,0,,,,no scored grid candidate with a ration (not a whole-space statement),1024,frontier_no_feasible_solution_found_no_ration,0.330078125,0.66796875,,,,
1,SD-SRC14,0.05,SD12MO_MAIN9,SD-12MO,MAIN9,SD12MO_MAIN9:M3b[factory box]@alpha=0.05,M3b_budget_robust,M3b_budget_robust,entry,False,not_met,,,"no value of the declared grid met the validation screen (candidate statuses: optimal, proven_infeasible); a grid without a solution is not a statement about the whole decision space",main_reference_plan_domain,cp_upper,,,,,False,0,35,5,0.9768,0.9792227188980074,"gamma=0 {""k_box"": 1.0}",minimum attainable main-event rate_upper over the declared grid (descriptive; its cost is not a comparable cost),1024,frontier_no_feasible_solution_found_no_ration,0.330078125,0.66796875,,,,
1,SD-SRC14,0.05,SDH0_MAIN9,SD-H0,MAIN9,SDH0_MAIN9:M0,M0_nominal,M0_nominal,entry,True,,,optimal,,main_reference_plan_domain,cp_upper,0.9768,0.9768,0.9792227188980074,False,False,0,1,1,0.9768,0.9792227188980074,,minimum attainable main-event rate_upper over the declared grid (descriptive; its cost is not a comparable cost),1024,frontier_no_feasible_solution_found_no_ration,0.4189453125,0.751953125,,,,
1,SD-SRC14,0.05,SDH0_MAIN9,SD-H0,MAIN9,"SDH0_MAIN9:M1[relative,apply_to_dm=False]@alpha=0.05",M1_safety_margin,M1_safety_margin[apply_to_dm=False],sensitivity_line,False,not_met,,,"no value of the declared grid met the validation screen (candidate statuses: optimal, proven_infeasible); a grid without a solution is not a statement about the whole decision space",main_reference_plan_domain,cp_upper,,,,,False,0,5,1,0.9768,0.9792227188980074,k=0.0,minimum attainable main-event rate_upper over the declared grid (descriptive; its cost is not a comparable cost),1024,frontier_no_feasible_solution_found_no_ration,0.4189453125,0.751953125,,,,
1,SD-SRC14,0.05,SDH0_MAIN9,SD-H0,MAIN9,"SDH0_MAIN9:M1[relative,apply_to_dm=True]@alpha=0.05",M1_safety_margin,M1_safety_margin[apply_to_dm=True],entry,False,not_met,,,"no value of the declared grid met the validation screen (candidate statuses: optimal, proven_infeasible); a grid without a solution is not a statement about the whole decision space",main_reference_plan_domain,cp_upper,,,,,False,0,5,1,0.9768,0.9792227188980074,k=0.0,minimum attainable main-event rate_upper over the declared grid (descriptive; its cost is not a comparable cost),1024,frontier_no_feasible_solution_found_no_ration,0.4189453125,0.751953125,,,,
1,SD-SRC14,0.05,SDH0_MAIN9,SD-H0,MAIN9,SDH0_MAIN9:M2[N=1024]@alpha=0.05,M2_joint_chance_saa,M2_joint_chance_saa[N=1024],entry,False,not_met,,,"SAA over the N training scenarios proven infeasible for every alpha_train of the declared grid (training scenarios only; not a population, field or whole-space statement)",main_reference_plan_domain,cp_upper,,,,,False,0,4,0,,,,no scored grid candidate with a ration (not a whole-space statement),1024,frontier_no_feasible_solution_found_no_ration,0.4189453125,0.751953125,,,,
1,SD-SRC14,0.05,SDH0_MAIN9,SD-H0,MAIN9,SDH0_MAIN9:M2[N=128]@alpha=0.05,M2_joint_chance_saa,M2_joint_chance_saa[N=128],entry,False,not_met,,,"SAA over the N training scenarios proven infeasible for every alpha_train of the declared grid (training scenarios only; not a population, field or whole-space statement)",main_reference_plan_domain,cp_upper,,,,,False,0,4,0,,,,no scored grid candidate with a ration (not a whole-space statement),128,optimal,0.734375,0.734375,0.7457,0.7461,0.753255473843423,"diagnostic frontier point (training scenarios only); not a method, never a member"
1,SD-SRC14,0.05,SDH0_MAIN9,SD-H0,MAIN9,SDH0_MAIN9:M2[N=512]@alpha=0.05,M2_joint_chance_saa,M2_joint_chance_saa[N=512],entry,False,not_met,,,"SAA over the N training scenarios proven infeasible for every alpha_train of the declared grid (training scenarios only; not a population, field or whole-space statement)",main_reference_plan_domain,cp_upper,,,,,False,0,4,0,,,,no scored grid candidate with a ration (not a whole-space statement),512,frontier_no_feasible_solution_found_no_ration,0.578125,0.724609375,,,,
1,SD-SRC14,0.05,SDH0_MAIN9,SD-H0,MAIN9,SDH0_MAIN9:M3a[factory box]@alpha=0.05,M3a_box_robust,M3a_box_robust,entry,False,not_met,,,no value of the declared grid met the validation screen (candidate statuses: proven_infeasible); a grid without a solution is not a statement about the whole decision space,main_reference_plan_domain,cp_upper,,,,,False,0,5,0,,,,no scored grid candidate with a ration (not a whole-space statement),1024,frontier_no_feasible_solution_found_no_ration,0.4189453125,0.751953125,,,,
1,SD-SRC14,0.05,SDH0_MAIN9,SD-H0,MAIN9,SDH0_MAIN9:M3b[factory box]@alpha=0.05,M3b_budget_robust,M3b_budget_robust,entry,False,not_met,,,"no value of the declared grid met the validation screen (candidate statuses: optimal, proven_infeasible); a grid without a solution is not a statement about the whole decision space",main_reference_plan_domain,cp_upper,,,,,False,0,35,5,0.9768,0.9792227188980074,"gamma=0 {""k_box"": 1.0}",minimum attainable main-event rate_upper over the declared grid (descriptive; its cost is not a comparable cost),1024,frontier_no_feasible_solution_found_no_ration,0.4189453125,0.751953125,,,,
1,SD-SRC14,0.05,SDS2_MAIN9,SD-S2,MAIN9,SDS2_MAIN9:M0,M0_nominal,M0_nominal,entry,True,,,optimal,,main_reference_plan_domain,cp_upper,0.9768,0.9768,0.9792227188980074,False,False,0,1,1,0.9768,0.9792227188980074,,minimum attainable main-event rate_upper over the declared grid (descriptive; its cost is not a comparable cost),1024,frontier_no_feasible_solution_found_no_ration,0.126953125,0.6171875,,,,
1,SD-SRC14,0.05,SDS2_MAIN9,SD-S2,MAIN9,"SDS2_MAIN9:M1[relative,apply_to_dm=False]@alpha=0.05",M1_safety_margin,M1_safety_margin[apply_to_dm=False],sensitivity_line,False,not_met,,,"no value of the declared grid met the validation screen (candidate statuses: optimal, proven_infeasible); a grid without a solution is not a statement about the whole decision space",main_reference_plan_domain,cp_upper,,,,,False,0,5,1,0.9768,0.9792227188980074,k=0.0,minimum attainable main-event rate_upper over the declared grid (descriptive; its cost is not a comparable cost),1024,frontier_no_feasible_solution_found_no_ration,0.126953125,0.6171875,,,,
1,SD-SRC14,0.05,SDS2_MAIN9,SD-S2,MAIN9,"SDS2_MAIN9:M1[relative,apply_to_dm=True]@alpha=0.05",M1_safety_margin,M1_safety_margin[apply_to_dm=True],entry,False,not_met,,,"no value of the declared grid met the validation screen (candidate statuses: optimal, proven_infeasible); a grid without a solution is not a statement about the whole decision space",main_reference_plan_domain,cp_upper,,,,,False,0,5,1,0.9768,0.9792227188980074,k=0.0,minimum attainable main-event rate_upper over the declared grid (descriptive; its cost is not a comparable cost),1024,frontier_no_feasible_solution_found_no_ration,0.126953125,0.6171875,,,,
1,SD-SRC14,0.05,SDS2_MAIN9,SD-S2,MAIN9,SDS2_MAIN9:M2[N=1024]@alpha=0.05,M2_joint_chance_saa,M2_joint_chance_saa[N=1024],entry,False,not_met,,,"SAA over the N training scenarios proven infeasible for every alpha_train of the declared grid (training scenarios only; not a population, field or whole-space statement)",main_reference_plan_domain,cp_upper,,,,,False,0,4,0,,,,no scored grid candidate with a ration (not a whole-space statement),1024,frontier_no_feasible_solution_found_no_ration,0.126953125,0.6171875,,,,
1,SD-SRC14,0.05,SDS2_MAIN9,SD-S2,MAIN9,SDS2_MAIN9:M2[N=128]@alpha=0.05,M2_joint_chance_saa,M2_joint_chance_saa[N=128],entry,False,not_met,,,"SAA over the N training scenarios proven infeasible for every alpha_train of the declared grid (training scenarios only; not a population, field or whole-space statement)",main_reference_plan_domain,cp_upper,,,,,False,0,4,0,,,,no scored grid candidate with a ration (not a whole-space statement),128,optimal,0.5546875,0.5546875,0.7023,0.7026,0.71012457161791,"diagnostic frontier point (training scenarios only); not a method, never a member"
1,SD-SRC14,0.05,SDS2_MAIN9,SD-S2,MAIN9,SDS2_MAIN9:M2[N=512]@alpha=0.05,M2_joint_chance_saa,M2_joint_chance_saa[N=512],entry,False,not_met,,,"SAA over the N training scenarios proven infeasible for every alpha_train of the declared grid (training scenarios only; not a population, field or whole-space statement)",main_reference_plan_domain,cp_upper,,,,,False,0,4,0,,,,no scored grid candidate with a ration (not a whole-space statement),512,frontier_no_feasible_solution_found_no_ration,0.40625,0.568359375,,,,
1,SD-SRC14,0.05,SDS2_MAIN9,SD-S2,MAIN9,SDS2_MAIN9:M3a[factory box]@alpha=0.05,M3a_box_robust,M3a_box_robust,entry,False,not_met,,,no value of the declared grid met the validation screen (candidate statuses: proven_infeasible); a grid without a solution is not a statement about the whole decision space,main_reference_plan_domain,cp_upper,,,,,False,0,5,0,,,,no scored grid candidate with a ration (not a whole-space statement),1024,frontier_no_feasible_solution_found_no_ration,0.126953125,0.6171875,,,,
1,SD-SRC14,0.05,SDS2_MAIN9,SD-S2,MAIN9,SDS2_MAIN9:M3b[factory box]@alpha=0.05,M3b_budget_robust,M3b_budget_robust,entry,False,not_met,,,"no value of the declared grid met the validation screen (candidate statuses: optimal, proven_infeasible); a grid without a solution is not a statement about the whole decision space",main_reference_plan_domain,cp_upper,,,,,False,0,35,5,0.9768,0.9792227188980074,"gamma=0 {""k_box"": 1.0}",minimum attainable main-event rate_upper over the declared grid (descriptive; its cost is not a comparable cost),1024,frontier_no_feasible_solution_found_no_ration,0.126953125,0.6171875,,,,
1,SD-SRC14,0.05,SDSRC12_MAIN9,SD-SRC12,MAIN9,SDSRC12_MAIN9:M0,M0_nominal,M0_nominal,entry,True,,,optimal,,main_reference_plan_domain,cp_upper,0.9768,0.9768,0.9792227188980074,False,False,0,1,1,0.9768,0.9792227188980074,,minimum attainable main-event rate_upper over the declared grid (descriptive; its cost is not a comparable cost),1024,frontier_no_feasible_solution_found_no_ration,0.283203125,0.7646484375,,,,
1,SD-SRC14,0.05,SDSRC12_MAIN9,SD-SRC12,MAIN9,"SDSRC12_MAIN9:M1[relative,apply_to_dm=False]@alpha=0.05",M1_safety_margin,M1_safety_margin[apply_to_dm=False],sensitivity_line,False,not_met,,,"no value of the declared grid met the validation screen (candidate statuses: optimal, proven_infeasible); a grid without a solution is not a statement about the whole decision space",main_reference_plan_domain,cp_upper,,,,,False,0,5,1,0.9768,0.9792227188980074,k=0.0,minimum attainable main-event rate_upper over the declared grid (descriptive; its cost is not a comparable cost),1024,frontier_no_feasible_solution_found_no_ration,0.283203125,0.7646484375,,,,
1,SD-SRC14,0.05,SDSRC12_MAIN9,SD-SRC12,MAIN9,"SDSRC12_MAIN9:M1[relative,apply_to_dm=True]@alpha=0.05",M1_safety_margin,M1_safety_margin[apply_to_dm=True],entry,False,not_met,,,"no value of the declared grid met the validation screen (candidate statuses: optimal, proven_infeasible); a grid without a solution is not a statement about the whole decision space",main_reference_plan_domain,cp_upper,,,,,False,0,5,1,0.9768,0.9792227188980074,k=0.0,minimum attainable main-event rate_upper over the declared grid (descriptive; its cost is not a comparable cost),1024,frontier_no_feasible_solution_found_no_ration,0.283203125,0.7646484375,,,,
1,SD-SRC14,0.05,SDSRC12_MAIN9,SD-SRC12,MAIN9,SDSRC12_MAIN9:M2[N=1024]@alpha=0.05,M2_joint_chance_saa,M2_joint_chance_saa[N=1024],entry,False,not_met,,,"SAA over the N training scenarios proven infeasible for every alpha_train of the declared grid (training scenarios only; not a population, field or whole-space statement)",main_reference_plan_domain,cp_upper,,,,,False,0,4,0,,,,no scored grid candidate with a ration (not a whole-space statement),1024,frontier_no_feasible_solution_found_no_ration,0.283203125,0.7646484375,,,,
1,SD-SRC14,0.05,SDSRC12_MAIN9,SD-SRC12,MAIN9,SDSRC12_MAIN9:M2[N=128]@alpha=0.05,M2_joint_chance_saa,M2_joint_chance_saa[N=128],entry,False,not_met,,,"SAA over the N training scenarios proven infeasible for every alpha_train of the declared grid (training scenarios only; not a population, field or whole-space statement)",main_reference_plan_domain,cp_upper,,,,,False,0,4,0,,,,no scored grid candidate with a ration (not a whole-space statement),128,optimal,0.703125,0.703125,0.6221,0.6224,0.6303969488835892,"diagnostic frontier point (training scenarios only); not a method, never a member"
1,SD-SRC14,0.05,SDSRC12_MAIN9,SD-SRC12,MAIN9,SDSRC12_MAIN9:M2[N=512]@alpha=0.05,M2_joint_chance_saa,M2_joint_chance_saa[N=512],entry,False,not_met,,,"SAA over the N training scenarios proven infeasible for every alpha_train of the declared grid (training scenarios only; not a population, field or whole-space statement)",main_reference_plan_domain,cp_upper,,,,,False,0,4,0,,,,no scored grid candidate with a ration (not a whole-space statement),512,frontier_no_feasible_solution_found_no_ration,0.52734375,0.732421875,,,,
1,SD-SRC14,0.05,SDSRC12_MAIN9,SD-SRC12,MAIN9,SDSRC12_MAIN9:M3a[factory box]@alpha=0.05,M3a_box_robust,M3a_box_robust,entry,False,not_met,,,no value of the declared grid met the validation screen (candidate statuses: proven_infeasible); a grid without a solution is not a statement about the whole decision space,main_reference_plan_domain,cp_upper,,,,,False,0,5,0,,,,no scored grid candidate with a ration (not a whole-space statement),1024,frontier_no_feasible_solution_found_no_ration,0.283203125,0.7646484375,,,,
1,SD-SRC14,0.05,SDSRC12_MAIN9,SD-SRC12,MAIN9,SDSRC12_MAIN9:M3b[factory box]@alpha=0.05,M3b_budget_robust,M3b_budget_robust,entry,False,not_met,,,"no value of the declared grid met the validation screen (candidate statuses: optimal, proven_infeasible); a grid without a solution is not a statement about the whole decision space",main_reference_plan_domain,cp_upper,,,,,False,0,35,5,0.9768,0.9792227188980074,"gamma=0 {""k_box"": 1.0}",minimum attainable main-event rate_upper over the declared grid (descriptive; its cost is not a comparable cost),1024,frontier_no_feasible_solution_found_no_ration,0.283203125,0.7646484375,,,,
1,SD-SRC14,0.05,SDSRC14_MAIN9,SD-SRC14,MAIN9,SDSRC14_MAIN9:M0,M0_nominal,M0_nominal,entry,True,,,optimal,,main_reference_plan_domain,cp_upper,0.9768,0.9768,0.9792227188980074,False,False,0,1,1,0.9768,0.9792227188980074,,minimum attainable main-event rate_upper over the declared grid (descriptive; its cost is not a comparable cost),1024,frontier_no_feasible_solution_found_no_ration,0.1611328125,0.703125,,,,
1,SD-SRC14,0.05,SDSRC14_MAIN9,SD-SRC14,MAIN9,"SDSRC14_MAIN9:M1[relative,apply_to_dm=False]@alpha=0.05",M1_safety_margin,M1_safety_margin[apply_to_dm=False],sensitivity_line,False,not_met,,,"no value of the declared grid met the validation screen (candidate statuses: optimal, proven_infeasible); a grid without a solution is not a statement about the whole decision space",main_reference_plan_domain,cp_upper,,,,,False,0,5,1,0.9768,0.9792227188980074,k=0.0,minimum attainable main-event rate_upper over the declared grid (descriptive; its cost is not a comparable cost),1024,frontier_no_feasible_solution_found_no_ration,0.1611328125,0.703125,,,,
1,SD-SRC14,0.05,SDSRC14_MAIN9,SD-SRC14,MAIN9,"SDSRC14_MAIN9:M1[relative,apply_to_dm=True]@alpha=0.05",M1_safety_margin,M1_safety_margin[apply_to_dm=True],entry,False,not_met,,,"no value of the declared grid met the validation screen (candidate statuses: optimal, proven_infeasible); a grid without a solution is not a statement about the whole decision space",main_reference_plan_domain,cp_upper,,,,,False,0,5,1,0.9768,0.9792227188980074,k=0.0,minimum attainable main-event rate_upper over the declared grid (descriptive; its cost is not a comparable cost),1024,frontier_no_feasible_solution_found_no_ration,0.1611328125,0.703125,,,,
1,SD-SRC14,0.05,SDSRC14_MAIN9,SD-SRC14,MAIN9,SDSRC14_MAIN9:M2[N=1024]@alpha=0.05,M2_joint_chance_saa,M2_joint_chance_saa[N=1024],entry,False,not_met,,,"SAA over the N training scenarios proven infeasible for every alpha_train of the declared grid (training scenarios only; not a population, field or whole-space statement)",main_reference_plan_domain,cp_upper,,,,,False,0,4,0,,,,no scored grid candidate with a ration (not a whole-space statement),1024,frontier_no_feasible_solution_found_no_ration,0.1611328125,0.703125,,,,
1,SD-SRC14,0.05,SDSRC14_MAIN9,SD-SRC14,MAIN9,SDSRC14_MAIN9:M2[N=128]@alpha=0.05,M2_joint_chance_saa,M2_joint_chance_saa[N=128],entry,False,not_met,,,"SAA over the N training scenarios proven infeasible for every alpha_train of the declared grid (training scenarios only; not a population, field or whole-space statement)",main_reference_plan_domain,cp_upper,,,,,False,0,4,0,,,,no scored grid candidate with a ration (not a whole-space statement),128,optimal,0.625,0.625,0.6388,0.6391,0.6470189317751212,"diagnostic frontier point (training scenarios only); not a method, never a member"
1,SD-SRC14,0.05,SDSRC14_MAIN9,SD-SRC14,MAIN9,SDSRC14_MAIN9:M2[N=512]@alpha=0.05,M2_joint_chance_saa,M2_joint_chance_saa[N=512],entry,False,not_met,,,"SAA over the N training scenarios proven infeasible for every alpha_train of the declared grid (training scenarios only; not a population, field or whole-space statement)",main_reference_plan_domain,cp_upper,,,,,False,0,4,0,,,,no scored grid candidate with a ration (not a whole-space statement),512,frontier_no_feasible_solution_found_no_ration,0.4140625,0.65625,,,,
1,SD-SRC14,0.05,SDSRC14_MAIN9,SD-SRC14,MAIN9,SDSRC14_MAIN9:M3a[factory box]@alpha=0.05,M3a_box_robust,M3a_box_robust,entry,False,not_met,,,no value of the declared grid met the validation screen (candidate statuses: proven_infeasible); a grid without a solution is not a statement about the whole decision space,main_reference_plan_domain,cp_upper,,,,,False,0,5,0,,,,no scored grid candidate with a ration (not a whole-space statement),1024,frontier_no_feasible_solution_found_no_ration,0.1611328125,0.703125,,,,
1,SD-SRC14,0.05,SDSRC14_MAIN9,SD-SRC14,MAIN9,SDSRC14_MAIN9:M3b[factory box]@alpha=0.05,M3b_budget_robust,M3b_budget_robust,entry,False,not_met,,,"no value of the declared grid met the validation screen (candidate statuses: optimal, proven_infeasible); a grid without a solution is not a statement about the whole decision space",main_reference_plan_domain,cp_upper,,,,,False,0,35,5,0.9768,0.9792227188980074,"gamma=0 {""k_box"": 1.0}",minimum attainable main-event rate_upper over the declared grid (descriptive; its cost is not a comparable cost),1024,frontier_no_feasible_solution_found_no_ration,0.1611328125,0.703125,,,,
1,SD-SRC14,0.1,SD12MO_MAIN9,SD-12MO,MAIN9,SD12MO_MAIN9:M0,M0_nominal,M0_nominal,entry,True,,,optimal,,main_reference_plan_domain,cp_upper,0.9768,0.9768,0.9792227188980074,False,False,0,1,1,0.9768,0.9792227188980074,,minimum attainable main-event rate_upper over the declared grid (descriptive; its cost is not a comparable cost),1024,frontier_no_feasible_solution_found_no_ration,0.330078125,0.66796875,,,,
1,SD-SRC14,0.1,SD12MO_MAIN9,SD-12MO,MAIN9,"SD12MO_MAIN9:M1[relative,apply_to_dm=False]@alpha=0.1",M1_safety_margin,M1_safety_margin[apply_to_dm=False],sensitivity_line,False,not_met,,,"no value of the declared grid met the validation screen (candidate statuses: optimal, proven_infeasible); a grid without a solution is not a statement about the whole decision space",main_reference_plan_domain,cp_upper,,,,,False,0,5,1,0.9768,0.9792227188980074,k=0.0,minimum attainable main-event rate_upper over the declared grid (descriptive; its cost is not a comparable cost),1024,frontier_no_feasible_solution_found_no_ration,0.330078125,0.66796875,,,,
1,SD-SRC14,0.1,SD12MO_MAIN9,SD-12MO,MAIN9,"SD12MO_MAIN9:M1[relative,apply_to_dm=True]@alpha=0.1",M1_safety_margin,M1_safety_margin[apply_to_dm=True],entry,False,not_met,,,"no value of the declared grid met the validation screen (candidate statuses: optimal, proven_infeasible); a grid without a solution is not a statement about the whole decision space",main_reference_plan_domain,cp_upper,,,,,False,0,5,1,0.9768,0.9792227188980074,k=0.0,minimum attainable main-event rate_upper over the declared grid (descriptive; its cost is not a comparable cost),1024,frontier_no_feasible_solution_found_no_ration,0.330078125,0.66796875,,,,
1,SD-SRC14,0.1,SD12MO_MAIN9,SD-12MO,MAIN9,SD12MO_MAIN9:M2[N=1024]@alpha=0.1,M2_joint_chance_saa,M2_joint_chance_saa[N=1024],entry,False,not_met,,,"SAA over the N training scenarios proven infeasible for every alpha_train of the declared grid (training scenarios only; not a population, field or whole-space statement)",main_reference_plan_domain,cp_upper,,,,,False,0,4,0,,,,no scored grid candidate with a ration (not a whole-space statement),1024,frontier_no_feasible_solution_found_no_ration,0.330078125,0.66796875,,,,
1,SD-SRC14,0.1,SD12MO_MAIN9,SD-12MO,MAIN9,SD12MO_MAIN9:M2[N=128]@alpha=0.1,M2_joint_chance_saa,M2_joint_chance_saa[N=128],entry,False,not_met,,,"SAA over the N training scenarios proven infeasible for every alpha_train of the declared grid (training scenarios only; not a population, field or whole-space statement)",main_reference_plan_domain,cp_upper,,,,,False,0,4,0,,,,no scored grid candidate with a ration (not a whole-space statement),128,optimal,0.625,0.625,0.7112,0.7115,0.7189560610593841,"diagnostic frontier point (training scenarios only); not a method, never a member"
1,SD-SRC14,0.1,SD12MO_MAIN9,SD-12MO,MAIN9,SD12MO_MAIN9:M2[N=512]@alpha=0.1,M2_joint_chance_saa,M2_joint_chance_saa[N=512],entry,False,not_met,,,"SAA over the N training scenarios proven infeasible for every alpha_train of the declared grid (training scenarios only; not a population, field or whole-space statement)",main_reference_plan_domain,cp_upper,,,,,False,0,4,0,,,,no scored grid candidate with a ration (not a whole-space statement),512,frontier_no_feasible_solution_found_no_ration,0.51171875,0.63671875,,,,
1,SD-SRC14,0.1,SD12MO_MAIN9,SD-12MO,MAIN9,SD12MO_MAIN9:M3a[factory box]@alpha=0.1,M3a_box_robust,M3a_box_robust,entry,False,not_met,,,no value of the declared grid met the validation screen (candidate statuses: proven_infeasible); a grid without a solution is not a statement about the whole decision space,main_reference_plan_domain,cp_upper,,,,,False,0,5,0,,,,no scored grid candidate with a ration (not a whole-space statement),1024,frontier_no_feasible_solution_found_no_ration,0.330078125,0.66796875,,,,
1,SD-SRC14,0.1,SD12MO_MAIN9,SD-12MO,MAIN9,SD12MO_MAIN9:M3b[factory box]@alpha=0.1,M3b_budget_robust,M3b_budget_robust,entry,False,not_met,,,"no value of the declared grid met the validation screen (candidate statuses: optimal, proven_infeasible); a grid without a solution is not a statement about the whole decision space",main_reference_plan_domain,cp_upper,,,,,False,0,35,5,0.9768,0.9792227188980074,"gamma=0 {""k_box"": 1.0}",minimum attainable main-event rate_upper over the declared grid (descriptive; its cost is not a comparable cost),1024,frontier_no_feasible_solution_found_no_ration,0.330078125,0.66796875,,,,
1,SD-SRC14,0.1,SDH0_MAIN9,SD-H0,MAIN9,SDH0_MAIN9:M0,M0_nominal,M0_nominal,entry,True,,,optimal,,main_reference_plan_domain,cp_upper,0.9768,0.9768,0.9792227188980074,False,False,0,1,1,0.9768,0.9792227188980074,,minimum attainable main-event rate_upper over the declared grid (descriptive; its cost is not a comparable cost),1024,frontier_no_feasible_solution_found_no_ration,0.4189453125,0.751953125,,,,
1,SD-SRC14,0.1,SDH0_MAIN9,SD-H0,MAIN9,"SDH0_MAIN9:M1[relative,apply_to_dm=False]@alpha=0.1",M1_safety_margin,M1_safety_margin[apply_to_dm=False],sensitivity_line,False,not_met,,,"no value of the declared grid met the validation screen (candidate statuses: optimal, proven_infeasible); a grid without a solution is not a statement about the whole decision space",main_reference_plan_domain,cp_upper,,,,,False,0,5,1,0.9768,0.9792227188980074,k=0.0,minimum attainable main-event rate_upper over the declared grid (descriptive; its cost is not a comparable cost),1024,frontier_no_feasible_solution_found_no_ration,0.4189453125,0.751953125,,,,
1,SD-SRC14,0.1,SDH0_MAIN9,SD-H0,MAIN9,"SDH0_MAIN9:M1[relative,apply_to_dm=True]@alpha=0.1",M1_safety_margin,M1_safety_margin[apply_to_dm=True],entry,False,not_met,,,"no value of the declared grid met the validation screen (candidate statuses: optimal, proven_infeasible); a grid without a solution is not a statement about the whole decision space",main_reference_plan_domain,cp_upper,,,,,False,0,5,1,0.9768,0.9792227188980074,k=0.0,minimum attainable main-event rate_upper over the declared grid (descriptive; its cost is not a comparable cost),1024,frontier_no_feasible_solution_found_no_ration,0.4189453125,0.751953125,,,,
1,SD-SRC14,0.1,SDH0_MAIN9,SD-H0,MAIN9,SDH0_MAIN9:M2[N=1024]@alpha=0.1,M2_joint_chance_saa,M2_joint_chance_saa[N=1024],entry,False,not_met,,,"SAA over the N training scenarios proven infeasible for every alpha_train of the declared grid (training scenarios only; not a population, field or whole-space statement)",main_reference_plan_domain,cp_upper,,,,,False,0,4,0,,,,no scored grid candidate with a ration (not a whole-space statement),1024,frontier_no_feasible_solution_found_no_ration,0.4189453125,0.751953125,,,,
1,SD-SRC14,0.1,SDH0_MAIN9,SD-H0,MAIN9,SDH0_MAIN9:M2[N=128]@alpha=0.1,M2_joint_chance_saa,M2_joint_chance_saa[N=128],entry,False,not_met,,,"SAA over the N training scenarios proven infeasible for every alpha_train of the declared grid (training scenarios only; not a population, field or whole-space statement)",main_reference_plan_domain,cp_upper,,,,,False,0,4,0,,,,no scored grid candidate with a ration (not a whole-space statement),128,optimal,0.734375,0.734375,0.7457,0.7461,0.753255473843423,"diagnostic frontier point (training scenarios only); not a method, never a member"
1,SD-SRC14,0.1,SDH0_MAIN9,SD-H0,MAIN9,SDH0_MAIN9:M2[N=512]@alpha=0.1,M2_joint_chance_saa,M2_joint_chance_saa[N=512],entry,False,not_met,,,"SAA over the N training scenarios proven infeasible for every alpha_train of the declared grid (training scenarios only; not a population, field or whole-space statement)",main_reference_plan_domain,cp_upper,,,,,False,0,4,0,,,,no scored grid candidate with a ration (not a whole-space statement),512,frontier_no_feasible_solution_found_no_ration,0.578125,0.724609375,,,,
1,SD-SRC14,0.1,SDH0_MAIN9,SD-H0,MAIN9,SDH0_MAIN9:M3a[factory box]@alpha=0.1,M3a_box_robust,M3a_box_robust,entry,False,not_met,,,no value of the declared grid met the validation screen (candidate statuses: proven_infeasible); a grid without a solution is not a statement about the whole decision space,main_reference_plan_domain,cp_upper,,,,,False,0,5,0,,,,no scored grid candidate with a ration (not a whole-space statement),1024,frontier_no_feasible_solution_found_no_ration,0.4189453125,0.751953125,,,,
1,SD-SRC14,0.1,SDH0_MAIN9,SD-H0,MAIN9,SDH0_MAIN9:M3b[factory box]@alpha=0.1,M3b_budget_robust,M3b_budget_robust,entry,False,not_met,,,"no value of the declared grid met the validation screen (candidate statuses: optimal, proven_infeasible); a grid without a solution is not a statement about the whole decision space",main_reference_plan_domain,cp_upper,,,,,False,0,35,5,0.9768,0.9792227188980074,"gamma=0 {""k_box"": 1.0}",minimum attainable main-event rate_upper over the declared grid (descriptive; its cost is not a comparable cost),1024,frontier_no_feasible_solution_found_no_ration,0.4189453125,0.751953125,,,,
1,SD-SRC14,0.1,SDS2_MAIN9,SD-S2,MAIN9,SDS2_MAIN9:M0,M0_nominal,M0_nominal,entry,True,,,optimal,,main_reference_plan_domain,cp_upper,0.9768,0.9768,0.9792227188980074,False,False,0,1,1,0.9768,0.9792227188980074,,minimum attainable main-event rate_upper over the declared grid (descriptive; its cost is not a comparable cost),1024,frontier_no_feasible_solution_found_no_ration,0.126953125,0.6171875,,,,
1,SD-SRC14,0.1,SDS2_MAIN9,SD-S2,MAIN9,"SDS2_MAIN9:M1[relative,apply_to_dm=False]@alpha=0.1",M1_safety_margin,M1_safety_margin[apply_to_dm=False],sensitivity_line,False,not_met,,,"no value of the declared grid met the validation screen (candidate statuses: optimal, proven_infeasible); a grid without a solution is not a statement about the whole decision space",main_reference_plan_domain,cp_upper,,,,,False,0,5,1,0.9768,0.9792227188980074,k=0.0,minimum attainable main-event rate_upper over the declared grid (descriptive; its cost is not a comparable cost),1024,frontier_no_feasible_solution_found_no_ration,0.126953125,0.6171875,,,,
1,SD-SRC14,0.1,SDS2_MAIN9,SD-S2,MAIN9,"SDS2_MAIN9:M1[relative,apply_to_dm=True]@alpha=0.1",M1_safety_margin,M1_safety_margin[apply_to_dm=True],entry,False,not_met,,,"no value of the declared grid met the validation screen (candidate statuses: optimal, proven_infeasible); a grid without a solution is not a statement about the whole decision space",main_reference_plan_domain,cp_upper,,,,,False,0,5,1,0.9768,0.9792227188980074,k=0.0,minimum attainable main-event rate_upper over the declared grid (descriptive; its cost is not a comparable cost),1024,frontier_no_feasible_solution_found_no_ration,0.126953125,0.6171875,,,,
1,SD-SRC14,0.1,SDS2_MAIN9,SD-S2,MAIN9,SDS2_MAIN9:M2[N=1024]@alpha=0.1,M2_joint_chance_saa,M2_joint_chance_saa[N=1024],entry,False,not_met,,,"SAA over the N training scenarios proven infeasible for every alpha_train of the declared grid (training scenarios only; not a population, field or whole-space statement)",main_reference_plan_domain,cp_upper,,,,,False,0,4,0,,,,no scored grid candidate with a ration (not a whole-space statement),1024,frontier_no_feasible_solution_found_no_ration,0.126953125,0.6171875,,,,
1,SD-SRC14,0.1,SDS2_MAIN9,SD-S2,MAIN9,SDS2_MAIN9:M2[N=128]@alpha=0.1,M2_joint_chance_saa,M2_joint_chance_saa[N=128],entry,False,not_met,,,"SAA over the N training scenarios proven infeasible for every alpha_train of the declared grid (training scenarios only; not a population, field or whole-space statement)",main_reference_plan_domain,cp_upper,,,,,False,0,4,0,,,,no scored grid candidate with a ration (not a whole-space statement),128,optimal,0.5546875,0.5546875,0.7023,0.7026,0.71012457161791,"diagnostic frontier point (training scenarios only); not a method, never a member"
1,SD-SRC14,0.1,SDS2_MAIN9,SD-S2,MAIN9,SDS2_MAIN9:M2[N=512]@alpha=0.1,M2_joint_chance_saa,M2_joint_chance_saa[N=512],entry,False,not_met,,,"SAA over the N training scenarios proven infeasible for every alpha_train of the declared grid (training scenarios only; not a population, field or whole-space statement)",main_reference_plan_domain,cp_upper,,,,,False,0,4,0,,,,no scored grid candidate with a ration (not a whole-space statement),512,frontier_no_feasible_solution_found_no_ration,0.40625,0.568359375,,,,
1,SD-SRC14,0.1,SDS2_MAIN9,SD-S2,MAIN9,SDS2_MAIN9:M3a[factory box]@alpha=0.1,M3a_box_robust,M3a_box_robust,entry,False,not_met,,,no value of the declared grid met the validation screen (candidate statuses: proven_infeasible); a grid without a solution is not a statement about the whole decision space,main_reference_plan_domain,cp_upper,,,,,False,0,5,0,,,,no scored grid candidate with a ration (not a whole-space statement),1024,frontier_no_feasible_solution_found_no_ration,0.126953125,0.6171875,,,,
1,SD-SRC14,0.1,SDS2_MAIN9,SD-S2,MAIN9,SDS2_MAIN9:M3b[factory box]@alpha=0.1,M3b_budget_robust,M3b_budget_robust,entry,False,not_met,,,"no value of the declared grid met the validation screen (candidate statuses: optimal, proven_infeasible); a grid without a solution is not a statement about the whole decision space",main_reference_plan_domain,cp_upper,,,,,False,0,35,5,0.9768,0.9792227188980074,"gamma=0 {""k_box"": 1.0}",minimum attainable main-event rate_upper over the declared grid (descriptive; its cost is not a comparable cost),1024,frontier_no_feasible_solution_found_no_ration,0.126953125,0.6171875,,,,
1,SD-SRC14,0.1,SDSRC12_MAIN9,SD-SRC12,MAIN9,SDSRC12_MAIN9:M0,M0_nominal,M0_nominal,entry,True,,,optimal,,main_reference_plan_domain,cp_upper,0.9768,0.9768,0.9792227188980074,False,False,0,1,1,0.9768,0.9792227188980074,,minimum attainable main-event rate_upper over the declared grid (descriptive; its cost is not a comparable cost),1024,frontier_no_feasible_solution_found_no_ration,0.283203125,0.7646484375,,,,
1,SD-SRC14,0.1,SDSRC12_MAIN9,SD-SRC12,MAIN9,"SDSRC12_MAIN9:M1[relative,apply_to_dm=False]@alpha=0.1",M1_safety_margin,M1_safety_margin[apply_to_dm=False],sensitivity_line,False,not_met,,,"no value of the declared grid met the validation screen (candidate statuses: optimal, proven_infeasible); a grid without a solution is not a statement about the whole decision space",main_reference_plan_domain,cp_upper,,,,,False,0,5,1,0.9768,0.9792227188980074,k=0.0,minimum attainable main-event rate_upper over the declared grid (descriptive; its cost is not a comparable cost),1024,frontier_no_feasible_solution_found_no_ration,0.283203125,0.7646484375,,,,
1,SD-SRC14,0.1,SDSRC12_MAIN9,SD-SRC12,MAIN9,"SDSRC12_MAIN9:M1[relative,apply_to_dm=True]@alpha=0.1",M1_safety_margin,M1_safety_margin[apply_to_dm=True],entry,False,not_met,,,"no value of the declared grid met the validation screen (candidate statuses: optimal, proven_infeasible); a grid without a solution is not a statement about the whole decision space",main_reference_plan_domain,cp_upper,,,,,False,0,5,1,0.9768,0.9792227188980074,k=0.0,minimum attainable main-event rate_upper over the declared grid (descriptive; its cost is not a comparable cost),1024,frontier_no_feasible_solution_found_no_ration,0.283203125,0.7646484375,,,,
1,SD-SRC14,0.1,SDSRC12_MAIN9,SD-SRC12,MAIN9,SDSRC12_MAIN9:M2[N=1024]@alpha=0.1,M2_joint_chance_saa,M2_joint_chance_saa[N=1024],entry,False,not_met,,,"SAA over the N training scenarios proven infeasible for every alpha_train of the declared grid (training scenarios only; not a population, field or whole-space statement)",main_reference_plan_domain,cp_upper,,,,,False,0,4,0,,,,no scored grid candidate with a ration (not a whole-space statement),1024,frontier_no_feasible_solution_found_no_ration,0.283203125,0.7646484375,,,,
1,SD-SRC14,0.1,SDSRC12_MAIN9,SD-SRC12,MAIN9,SDSRC12_MAIN9:M2[N=128]@alpha=0.1,M2_joint_chance_saa,M2_joint_chance_saa[N=128],entry,False,not_met,,,"SAA over the N training scenarios proven infeasible for every alpha_train of the declared grid (training scenarios only; not a population, field or whole-space statement)",main_reference_plan_domain,cp_upper,,,,,False,0,4,0,,,,no scored grid candidate with a ration (not a whole-space statement),128,optimal,0.703125,0.703125,0.6221,0.6224,0.6303969488835892,"diagnostic frontier point (training scenarios only); not a method, never a member"
1,SD-SRC14,0.1,SDSRC12_MAIN9,SD-SRC12,MAIN9,SDSRC12_MAIN9:M2[N=512]@alpha=0.1,M2_joint_chance_saa,M2_joint_chance_saa[N=512],entry,False,not_met,,,"SAA over the N training scenarios proven infeasible for every alpha_train of the declared grid (training scenarios only; not a population, field or whole-space statement)",main_reference_plan_domain,cp_upper,,,,,False,0,4,0,,,,no scored grid candidate with a ration (not a whole-space statement),512,frontier_no_feasible_solution_found_no_ration,0.52734375,0.732421875,,,,
1,SD-SRC14,0.1,SDSRC12_MAIN9,SD-SRC12,MAIN9,SDSRC12_MAIN9:M3a[factory box]@alpha=0.1,M3a_box_robust,M3a_box_robust,entry,False,not_met,,,no value of the declared grid met the validation screen (candidate statuses: proven_infeasible); a grid without a solution is not a statement about the whole decision space,main_reference_plan_domain,cp_upper,,,,,False,0,5,0,,,,no scored grid candidate with a ration (not a whole-space statement),1024,frontier_no_feasible_solution_found_no_ration,0.283203125,0.7646484375,,,,
1,SD-SRC14,0.1,SDSRC12_MAIN9,SD-SRC12,MAIN9,SDSRC12_MAIN9:M3b[factory box]@alpha=0.1,M3b_budget_robust,M3b_budget_robust,entry,False,not_met,,,"no value of the declared grid met the validation screen (candidate statuses: optimal, proven_infeasible); a grid without a solution is not a statement about the whole decision space",main_reference_plan_domain,cp_upper,,,,,False,0,35,5,0.9768,0.9792227188980074,"gamma=0 {""k_box"": 1.0}",minimum attainable main-event rate_upper over the declared grid (descriptive; its cost is not a comparable cost),1024,frontier_no_feasible_solution_found_no_ration,0.283203125,0.7646484375,,,,
1,SD-SRC14,0.1,SDSRC14_MAIN9,SD-SRC14,MAIN9,SDSRC14_MAIN9:M0,M0_nominal,M0_nominal,entry,True,,,optimal,,main_reference_plan_domain,cp_upper,0.9768,0.9768,0.9792227188980074,False,False,0,1,1,0.9768,0.9792227188980074,,minimum attainable main-event rate_upper over the declared grid (descriptive; its cost is not a comparable cost),1024,frontier_no_feasible_solution_found_no_ration,0.1611328125,0.703125,,,,
1,SD-SRC14,0.1,SDSRC14_MAIN9,SD-SRC14,MAIN9,"SDSRC14_MAIN9:M1[relative,apply_to_dm=False]@alpha=0.1",M1_safety_margin,M1_safety_margin[apply_to_dm=False],sensitivity_line,False,not_met,,,"no value of the declared grid met the validation screen (candidate statuses: optimal, proven_infeasible); a grid without a solution is not a statement about the whole decision space",main_reference_plan_domain,cp_upper,,,,,False,0,5,1,0.9768,0.9792227188980074,k=0.0,minimum attainable main-event rate_upper over the declared grid (descriptive; its cost is not a comparable cost),1024,frontier_no_feasible_solution_found_no_ration,0.1611328125,0.703125,,,,
1,SD-SRC14,0.1,SDSRC14_MAIN9,SD-SRC14,MAIN9,"SDSRC14_MAIN9:M1[relative,apply_to_dm=True]@alpha=0.1",M1_safety_margin,M1_safety_margin[apply_to_dm=True],entry,False,not_met,,,"no value of the declared grid met the validation screen (candidate statuses: optimal, proven_infeasible); a grid without a solution is not a statement about the whole decision space",main_reference_plan_domain,cp_upper,,,,,False,0,5,1,0.9768,0.9792227188980074,k=0.0,minimum attainable main-event rate_upper over the declared grid (descriptive; its cost is not a comparable cost),1024,frontier_no_feasible_solution_found_no_ration,0.1611328125,0.703125,,,,
1,SD-SRC14,0.1,SDSRC14_MAIN9,SD-SRC14,MAIN9,SDSRC14_MAIN9:M2[N=1024]@alpha=0.1,M2_joint_chance_saa,M2_joint_chance_saa[N=1024],entry,False,not_met,,,"SAA over the N training scenarios proven infeasible for every alpha_train of the declared grid (training scenarios only; not a population, field or whole-space statement)",main_reference_plan_domain,cp_upper,,,,,False,0,4,0,,,,no scored grid candidate with a ration (not a whole-space statement),1024,frontier_no_feasible_solution_found_no_ration,0.1611328125,0.703125,,,,
1,SD-SRC14,0.1,SDSRC14_MAIN9,SD-SRC14,MAIN9,SDSRC14_MAIN9:M2[N=128]@alpha=0.1,M2_joint_chance_saa,M2_joint_chance_saa[N=128],entry,False,not_met,,,"SAA over the N training scenarios proven infeasible for every alpha_train of the declared grid (training scenarios only; not a population, field or whole-space statement)",main_reference_plan_domain,cp_upper,,,,,False,0,4,0,,,,no scored grid candidate with a ration (not a whole-space statement),128,optimal,0.625,0.625,0.6388,0.6391,0.6470189317751212,"diagnostic frontier point (training scenarios only); not a method, never a member"
1,SD-SRC14,0.1,SDSRC14_MAIN9,SD-SRC14,MAIN9,SDSRC14_MAIN9:M2[N=512]@alpha=0.1,M2_joint_chance_saa,M2_joint_chance_saa[N=512],entry,False,not_met,,,"SAA over the N training scenarios proven infeasible for every alpha_train of the declared grid (training scenarios only; not a population, field or whole-space statement)",main_reference_plan_domain,cp_upper,,,,,False,0,4,0,,,,no scored grid candidate with a ration (not a whole-space statement),512,frontier_no_feasible_solution_found_no_ration,0.4140625,0.65625,,,,
1,SD-SRC14,0.1,SDSRC14_MAIN9,SD-SRC14,MAIN9,SDSRC14_MAIN9:M3a[factory box]@alpha=0.1,M3a_box_robust,M3a_box_robust,entry,False,not_met,,,no value of the declared grid met the validation screen (candidate statuses: proven_infeasible); a grid without a solution is not a statement about the whole decision space,main_reference_plan_domain,cp_upper,,,,,False,0,5,0,,,,no scored grid candidate with a ration (not a whole-space statement),1024,frontier_no_feasible_solution_found_no_ration,0.1611328125,0.703125,,,,
1,SD-SRC14,0.1,SDSRC14_MAIN9,SD-SRC14,MAIN9,SDSRC14_MAIN9:M3b[factory box]@alpha=0.1,M3b_budget_robust,M3b_budget_robust,entry,False,not_met,,,"no value of the declared grid met the validation screen (candidate statuses: optimal, proven_infeasible); a grid without a solution is not a statement about the whole decision space",main_reference_plan_domain,cp_upper,,,,,False,0,35,5,0.9768,0.9792227188980074,"gamma=0 {""k_box"": 1.0}",minimum attainable main-event rate_upper over the declared grid (descriptive; its cost is not a comparable cost),1024,frontier_no_feasible_solution_found_no_ration,0.1611328125,0.703125,,,,
1,SD-SRC14,0.01,SD12MO_MAIN9,SD-12MO,MAIN9,SD12MO_MAIN9:M0,M0_nominal,M0_nominal,entry,True,,,optimal,,main_reference_plan_domain,cp_upper,0.9768,0.9768,0.9792227188980074,False,False,0,1,1,0.9768,0.9792227188980074,,minimum attainable main-event rate_upper over the declared grid (descriptive; its cost is not a comparable cost),1024,frontier_no_feasible_solution_found_no_ration,0.330078125,0.66796875,,,,
1,SD-SRC14,0.01,SD12MO_MAIN9,SD-12MO,MAIN9,"SD12MO_MAIN9:M1[relative,apply_to_dm=False]@alpha=0.01",M1_safety_margin,M1_safety_margin[apply_to_dm=False],sensitivity_line,False,not_met,,,"no value of the declared grid met the validation screen (candidate statuses: optimal, proven_infeasible); a grid without a solution is not a statement about the whole decision space",main_reference_plan_domain,cp_upper,,,,,False,0,5,1,0.9768,0.9792227188980074,k=0.0,minimum attainable main-event rate_upper over the declared grid (descriptive; its cost is not a comparable cost),1024,frontier_no_feasible_solution_found_no_ration,0.330078125,0.66796875,,,,
1,SD-SRC14,0.01,SD12MO_MAIN9,SD-12MO,MAIN9,"SD12MO_MAIN9:M1[relative,apply_to_dm=True]@alpha=0.01",M1_safety_margin,M1_safety_margin[apply_to_dm=True],entry,False,not_met,,,"no value of the declared grid met the validation screen (candidate statuses: optimal, proven_infeasible); a grid without a solution is not a statement about the whole decision space",main_reference_plan_domain,cp_upper,,,,,False,0,5,1,0.9768,0.9792227188980074,k=0.0,minimum attainable main-event rate_upper over the declared grid (descriptive; its cost is not a comparable cost),1024,frontier_no_feasible_solution_found_no_ration,0.330078125,0.66796875,,,,
1,SD-SRC14,0.01,SD12MO_MAIN9,SD-12MO,MAIN9,SD12MO_MAIN9:M2[N=1024]@alpha=0.01,M2_joint_chance_saa,M2_joint_chance_saa[N=1024],entry,False,not_met,,,"SAA over the N training scenarios proven infeasible for every alpha_train of the declared grid (training scenarios only; not a population, field or whole-space statement)",main_reference_plan_domain,cp_upper,,,,,False,0,4,0,,,,no scored grid candidate with a ration (not a whole-space statement),1024,frontier_no_feasible_solution_found_no_ration,0.330078125,0.66796875,,,,
1,SD-SRC14,0.01,SD12MO_MAIN9,SD-12MO,MAIN9,SD12MO_MAIN9:M2[N=128]@alpha=0.01,M2_joint_chance_saa,M2_joint_chance_saa[N=128],entry,False,not_met,,,"SAA over the N training scenarios proven infeasible for every alpha_train of the declared grid (training scenarios only; not a population, field or whole-space statement)",main_reference_plan_domain,cp_upper,,,,,False,0,4,0,,,,no scored grid candidate with a ration (not a whole-space statement),128,optimal,0.625,0.625,0.7112,0.7115,0.7189560610593841,"diagnostic frontier point (training scenarios only); not a method, never a member"
1,SD-SRC14,0.01,SD12MO_MAIN9,SD-12MO,MAIN9,SD12MO_MAIN9:M2[N=512]@alpha=0.01,M2_joint_chance_saa,M2_joint_chance_saa[N=512],entry,False,not_met,,,"SAA over the N training scenarios proven infeasible for every alpha_train of the declared grid (training scenarios only; not a population, field or whole-space statement)",main_reference_plan_domain,cp_upper,,,,,False,0,4,0,,,,no scored grid candidate with a ration (not a whole-space statement),512,frontier_no_feasible_solution_found_no_ration,0.51171875,0.63671875,,,,
1,SD-SRC14,0.01,SD12MO_MAIN9,SD-12MO,MAIN9,SD12MO_MAIN9:M3a[factory box]@alpha=0.01,M3a_box_robust,M3a_box_robust,entry,False,not_met,,,no value of the declared grid met the validation screen (candidate statuses: proven_infeasible); a grid without a solution is not a statement about the whole decision space,main_reference_plan_domain,cp_upper,,,,,False,0,5,0,,,,no scored grid candidate with a ration (not a whole-space statement),1024,frontier_no_feasible_solution_found_no_ration,0.330078125,0.66796875,,,,
1,SD-SRC14,0.01,SD12MO_MAIN9,SD-12MO,MAIN9,SD12MO_MAIN9:M3b[factory box]@alpha=0.01,M3b_budget_robust,M3b_budget_robust,entry,False,not_met,,,"no value of the declared grid met the validation screen (candidate statuses: optimal, proven_infeasible); a grid without a solution is not a statement about the whole decision space",main_reference_plan_domain,cp_upper,,,,,False,0,35,5,0.9768,0.9792227188980074,"gamma=0 {""k_box"": 1.0}",minimum attainable main-event rate_upper over the declared grid (descriptive; its cost is not a comparable cost),1024,frontier_no_feasible_solution_found_no_ration,0.330078125,0.66796875,,,,
1,SD-SRC14,0.01,SDH0_MAIN9,SD-H0,MAIN9,SDH0_MAIN9:M0,M0_nominal,M0_nominal,entry,True,,,optimal,,main_reference_plan_domain,cp_upper,0.9768,0.9768,0.9792227188980074,False,False,0,1,1,0.9768,0.9792227188980074,,minimum attainable main-event rate_upper over the declared grid (descriptive; its cost is not a comparable cost),1024,frontier_no_feasible_solution_found_no_ration,0.4189453125,0.751953125,,,,
1,SD-SRC14,0.01,SDH0_MAIN9,SD-H0,MAIN9,"SDH0_MAIN9:M1[relative,apply_to_dm=False]@alpha=0.01",M1_safety_margin,M1_safety_margin[apply_to_dm=False],sensitivity_line,False,not_met,,,"no value of the declared grid met the validation screen (candidate statuses: optimal, proven_infeasible); a grid without a solution is not a statement about the whole decision space",main_reference_plan_domain,cp_upper,,,,,False,0,5,1,0.9768,0.9792227188980074,k=0.0,minimum attainable main-event rate_upper over the declared grid (descriptive; its cost is not a comparable cost),1024,frontier_no_feasible_solution_found_no_ration,0.4189453125,0.751953125,,,,
1,SD-SRC14,0.01,SDH0_MAIN9,SD-H0,MAIN9,"SDH0_MAIN9:M1[relative,apply_to_dm=True]@alpha=0.01",M1_safety_margin,M1_safety_margin[apply_to_dm=True],entry,False,not_met,,,"no value of the declared grid met the validation screen (candidate statuses: optimal, proven_infeasible); a grid without a solution is not a statement about the whole decision space",main_reference_plan_domain,cp_upper,,,,,False,0,5,1,0.9768,0.9792227188980074,k=0.0,minimum attainable main-event rate_upper over the declared grid (descriptive; its cost is not a comparable cost),1024,frontier_no_feasible_solution_found_no_ration,0.4189453125,0.751953125,,,,
1,SD-SRC14,0.01,SDH0_MAIN9,SD-H0,MAIN9,SDH0_MAIN9:M2[N=1024]@alpha=0.01,M2_joint_chance_saa,M2_joint_chance_saa[N=1024],entry,False,not_met,,,"SAA over the N training scenarios proven infeasible for every alpha_train of the declared grid (training scenarios only; not a population, field or whole-space statement)",main_reference_plan_domain,cp_upper,,,,,False,0,4,0,,,,no scored grid candidate with a ration (not a whole-space statement),1024,frontier_no_feasible_solution_found_no_ration,0.4189453125,0.751953125,,,,
1,SD-SRC14,0.01,SDH0_MAIN9,SD-H0,MAIN9,SDH0_MAIN9:M2[N=128]@alpha=0.01,M2_joint_chance_saa,M2_joint_chance_saa[N=128],entry,False,not_met,,,"SAA over the N training scenarios proven infeasible for every alpha_train of the declared grid (training scenarios only; not a population, field or whole-space statement)",main_reference_plan_domain,cp_upper,,,,,False,0,4,0,,,,no scored grid candidate with a ration (not a whole-space statement),128,optimal,0.734375,0.734375,0.7457,0.7461,0.753255473843423,"diagnostic frontier point (training scenarios only); not a method, never a member"
1,SD-SRC14,0.01,SDH0_MAIN9,SD-H0,MAIN9,SDH0_MAIN9:M2[N=512]@alpha=0.01,M2_joint_chance_saa,M2_joint_chance_saa[N=512],entry,False,not_met,,,"SAA over the N training scenarios proven infeasible for every alpha_train of the declared grid (training scenarios only; not a population, field or whole-space statement)",main_reference_plan_domain,cp_upper,,,,,False,0,4,0,,,,no scored grid candidate with a ration (not a whole-space statement),512,frontier_no_feasible_solution_found_no_ration,0.578125,0.724609375,,,,
1,SD-SRC14,0.01,SDH0_MAIN9,SD-H0,MAIN9,SDH0_MAIN9:M3a[factory box]@alpha=0.01,M3a_box_robust,M3a_box_robust,entry,False,not_met,,,no value of the declared grid met the validation screen (candidate statuses: proven_infeasible); a grid without a solution is not a statement about the whole decision space,main_reference_plan_domain,cp_upper,,,,,False,0,5,0,,,,no scored grid candidate with a ration (not a whole-space statement),1024,frontier_no_feasible_solution_found_no_ration,0.4189453125,0.751953125,,,,
1,SD-SRC14,0.01,SDH0_MAIN9,SD-H0,MAIN9,SDH0_MAIN9:M3b[factory box]@alpha=0.01,M3b_budget_robust,M3b_budget_robust,entry,False,not_met,,,"no value of the declared grid met the validation screen (candidate statuses: optimal, proven_infeasible); a grid without a solution is not a statement about the whole decision space",main_reference_plan_domain,cp_upper,,,,,False,0,35,5,0.9768,0.9792227188980074,"gamma=0 {""k_box"": 1.0}",minimum attainable main-event rate_upper over the declared grid (descriptive; its cost is not a comparable cost),1024,frontier_no_feasible_solution_found_no_ration,0.4189453125,0.751953125,,,,
1,SD-SRC14,0.01,SDS2_MAIN9,SD-S2,MAIN9,SDS2_MAIN9:M0,M0_nominal,M0_nominal,entry,True,,,optimal,,main_reference_plan_domain,cp_upper,0.9768,0.9768,0.9792227188980074,False,False,0,1,1,0.9768,0.9792227188980074,,minimum attainable main-event rate_upper over the declared grid (descriptive; its cost is not a comparable cost),1024,frontier_no_feasible_solution_found_no_ration,0.126953125,0.6171875,,,,
1,SD-SRC14,0.01,SDS2_MAIN9,SD-S2,MAIN9,"SDS2_MAIN9:M1[relative,apply_to_dm=False]@alpha=0.01",M1_safety_margin,M1_safety_margin[apply_to_dm=False],sensitivity_line,False,not_met,,,"no value of the declared grid met the validation screen (candidate statuses: optimal, proven_infeasible); a grid without a solution is not a statement about the whole decision space",main_reference_plan_domain,cp_upper,,,,,False,0,5,1,0.9768,0.9792227188980074,k=0.0,minimum attainable main-event rate_upper over the declared grid (descriptive; its cost is not a comparable cost),1024,frontier_no_feasible_solution_found_no_ration,0.126953125,0.6171875,,,,
1,SD-SRC14,0.01,SDS2_MAIN9,SD-S2,MAIN9,"SDS2_MAIN9:M1[relative,apply_to_dm=True]@alpha=0.01",M1_safety_margin,M1_safety_margin[apply_to_dm=True],entry,False,not_met,,,"no value of the declared grid met the validation screen (candidate statuses: optimal, proven_infeasible); a grid without a solution is not a statement about the whole decision space",main_reference_plan_domain,cp_upper,,,,,False,0,5,1,0.9768,0.9792227188980074,k=0.0,minimum attainable main-event rate_upper over the declared grid (descriptive; its cost is not a comparable cost),1024,frontier_no_feasible_solution_found_no_ration,0.126953125,0.6171875,,,,
1,SD-SRC14,0.01,SDS2_MAIN9,SD-S2,MAIN9,SDS2_MAIN9:M2[N=1024]@alpha=0.01,M2_joint_chance_saa,M2_joint_chance_saa[N=1024],entry,False,not_met,,,"SAA over the N training scenarios proven infeasible for every alpha_train of the declared grid (training scenarios only; not a population, field or whole-space statement)",main_reference_plan_domain,cp_upper,,,,,False,0,4,0,,,,no scored grid candidate with a ration (not a whole-space statement),1024,frontier_no_feasible_solution_found_no_ration,0.126953125,0.6171875,,,,
1,SD-SRC14,0.01,SDS2_MAIN9,SD-S2,MAIN9,SDS2_MAIN9:M2[N=128]@alpha=0.01,M2_joint_chance_saa,M2_joint_chance_saa[N=128],entry,False,not_met,,,"SAA over the N training scenarios proven infeasible for every alpha_train of the declared grid (training scenarios only; not a population, field or whole-space statement)",main_reference_plan_domain,cp_upper,,,,,False,0,4,0,,,,no scored grid candidate with a ration (not a whole-space statement),128,optimal,0.5546875,0.5546875,0.7023,0.7026,0.71012457161791,"diagnostic frontier point (training scenarios only); not a method, never a member"
1,SD-SRC14,0.01,SDS2_MAIN9,SD-S2,MAIN9,SDS2_MAIN9:M2[N=512]@alpha=0.01,M2_joint_chance_saa,M2_joint_chance_saa[N=512],entry,False,not_met,,,"SAA over the N training scenarios proven infeasible for every alpha_train of the declared grid (training scenarios only; not a population, field or whole-space statement)",main_reference_plan_domain,cp_upper,,,,,False,0,4,0,,,,no scored grid candidate with a ration (not a whole-space statement),512,frontier_no_feasible_solution_found_no_ration,0.40625,0.568359375,,,,
1,SD-SRC14,0.01,SDS2_MAIN9,SD-S2,MAIN9,SDS2_MAIN9:M3a[factory box]@alpha=0.01,M3a_box_robust,M3a_box_robust,entry,False,not_met,,,no value of the declared grid met the validation screen (candidate statuses: proven_infeasible); a grid without a solution is not a statement about the whole decision space,main_reference_plan_domain,cp_upper,,,,,False,0,5,0,,,,no scored grid candidate with a ration (not a whole-space statement),1024,frontier_no_feasible_solution_found_no_ration,0.126953125,0.6171875,,,,
1,SD-SRC14,0.01,SDS2_MAIN9,SD-S2,MAIN9,SDS2_MAIN9:M3b[factory box]@alpha=0.01,M3b_budget_robust,M3b_budget_robust,entry,False,not_met,,,"no value of the declared grid met the validation screen (candidate statuses: optimal, proven_infeasible); a grid without a solution is not a statement about the whole decision space",main_reference_plan_domain,cp_upper,,,,,False,0,35,5,0.9768,0.9792227188980074,"gamma=0 {""k_box"": 1.0}",minimum attainable main-event rate_upper over the declared grid (descriptive; its cost is not a comparable cost),1024,frontier_no_feasible_solution_found_no_ration,0.126953125,0.6171875,,,,
1,SD-SRC14,0.01,SDSRC12_MAIN9,SD-SRC12,MAIN9,SDSRC12_MAIN9:M0,M0_nominal,M0_nominal,entry,True,,,optimal,,main_reference_plan_domain,cp_upper,0.9768,0.9768,0.9792227188980074,False,False,0,1,1,0.9768,0.9792227188980074,,minimum attainable main-event rate_upper over the declared grid (descriptive; its cost is not a comparable cost),1024,frontier_no_feasible_solution_found_no_ration,0.283203125,0.7646484375,,,,
1,SD-SRC14,0.01,SDSRC12_MAIN9,SD-SRC12,MAIN9,"SDSRC12_MAIN9:M1[relative,apply_to_dm=False]@alpha=0.01",M1_safety_margin,M1_safety_margin[apply_to_dm=False],sensitivity_line,False,not_met,,,"no value of the declared grid met the validation screen (candidate statuses: optimal, proven_infeasible); a grid without a solution is not a statement about the whole decision space",main_reference_plan_domain,cp_upper,,,,,False,0,5,1,0.9768,0.9792227188980074,k=0.0,minimum attainable main-event rate_upper over the declared grid (descriptive; its cost is not a comparable cost),1024,frontier_no_feasible_solution_found_no_ration,0.283203125,0.7646484375,,,,
1,SD-SRC14,0.01,SDSRC12_MAIN9,SD-SRC12,MAIN9,"SDSRC12_MAIN9:M1[relative,apply_to_dm=True]@alpha=0.01",M1_safety_margin,M1_safety_margin[apply_to_dm=True],entry,False,not_met,,,"no value of the declared grid met the validation screen (candidate statuses: optimal, proven_infeasible); a grid without a solution is not a statement about the whole decision space",main_reference_plan_domain,cp_upper,,,,,False,0,5,1,0.9768,0.9792227188980074,k=0.0,minimum attainable main-event rate_upper over the declared grid (descriptive; its cost is not a comparable cost),1024,frontier_no_feasible_solution_found_no_ration,0.283203125,0.7646484375,,,,
1,SD-SRC14,0.01,SDSRC12_MAIN9,SD-SRC12,MAIN9,SDSRC12_MAIN9:M2[N=1024]@alpha=0.01,M2_joint_chance_saa,M2_joint_chance_saa[N=1024],entry,False,not_met,,,"SAA over the N training scenarios proven infeasible for every alpha_train of the declared grid (training scenarios only; not a population, field or whole-space statement)",main_reference_plan_domain,cp_upper,,,,,False,0,4,0,,,,no scored grid candidate with a ration (not a whole-space statement),1024,frontier_no_feasible_solution_found_no_ration,0.283203125,0.7646484375,,,,
1,SD-SRC14,0.01,SDSRC12_MAIN9,SD-SRC12,MAIN9,SDSRC12_MAIN9:M2[N=128]@alpha=0.01,M2_joint_chance_saa,M2_joint_chance_saa[N=128],entry,False,not_met,,,"SAA over the N training scenarios proven infeasible for every alpha_train of the declared grid (training scenarios only; not a population, field or whole-space statement)",main_reference_plan_domain,cp_upper,,,,,False,0,4,0,,,,no scored grid candidate with a ration (not a whole-space statement),128,optimal,0.703125,0.703125,0.6221,0.6224,0.6303969488835892,"diagnostic frontier point (training scenarios only); not a method, never a member"
1,SD-SRC14,0.01,SDSRC12_MAIN9,SD-SRC12,MAIN9,SDSRC12_MAIN9:M2[N=512]@alpha=0.01,M2_joint_chance_saa,M2_joint_chance_saa[N=512],entry,False,not_met,,,"SAA over the N training scenarios proven infeasible for every alpha_train of the declared grid (training scenarios only; not a population, field or whole-space statement)",main_reference_plan_domain,cp_upper,,,,,False,0,4,0,,,,no scored grid candidate with a ration (not a whole-space statement),512,frontier_no_feasible_solution_found_no_ration,0.52734375,0.732421875,,,,
1,SD-SRC14,0.01,SDSRC12_MAIN9,SD-SRC12,MAIN9,SDSRC12_MAIN9:M3a[factory box]@alpha=0.01,M3a_box_robust,M3a_box_robust,entry,False,not_met,,,no value of the declared grid met the validation screen (candidate statuses: proven_infeasible); a grid without a solution is not a statement about the whole decision space,main_reference_plan_domain,cp_upper,,,,,False,0,5,0,,,,no scored grid candidate with a ration (not a whole-space statement),1024,frontier_no_feasible_solution_found_no_ration,0.283203125,0.7646484375,,,,
1,SD-SRC14,0.01,SDSRC12_MAIN9,SD-SRC12,MAIN9,SDSRC12_MAIN9:M3b[factory box]@alpha=0.01,M3b_budget_robust,M3b_budget_robust,entry,False,not_met,,,"no value of the declared grid met the validation screen (candidate statuses: optimal, proven_infeasible); a grid without a solution is not a statement about the whole decision space",main_reference_plan_domain,cp_upper,,,,,False,0,35,5,0.9768,0.9792227188980074,"gamma=0 {""k_box"": 1.0}",minimum attainable main-event rate_upper over the declared grid (descriptive; its cost is not a comparable cost),1024,frontier_no_feasible_solution_found_no_ration,0.283203125,0.7646484375,,,,
1,SD-SRC14,0.01,SDSRC14_MAIN9,SD-SRC14,MAIN9,SDSRC14_MAIN9:M0,M0_nominal,M0_nominal,entry,True,,,optimal,,main_reference_plan_domain,cp_upper,0.9768,0.9768,0.9792227188980074,False,False,0,1,1,0.9768,0.9792227188980074,,minimum attainable main-event rate_upper over the declared grid (descriptive; its cost is not a comparable cost),1024,frontier_no_feasible_solution_found_no_ration,0.1611328125,0.703125,,,,
1,SD-SRC14,0.01,SDSRC14_MAIN9,SD-SRC14,MAIN9,"SDSRC14_MAIN9:M1[relative,apply_to_dm=False]@alpha=0.01",M1_safety_margin,M1_safety_margin[apply_to_dm=False],sensitivity_line,False,not_met,,,"no value of the declared grid met the validation screen (candidate statuses: optimal, proven_infeasible); a grid without a solution is not a statement about the whole decision space",main_reference_plan_domain,cp_upper,,,,,False,0,5,1,0.9768,0.9792227188980074,k=0.0,minimum attainable main-event rate_upper over the declared grid (descriptive; its cost is not a comparable cost),1024,frontier_no_feasible_solution_found_no_ration,0.1611328125,0.703125,,,,
1,SD-SRC14,0.01,SDSRC14_MAIN9,SD-SRC14,MAIN9,"SDSRC14_MAIN9:M1[relative,apply_to_dm=True]@alpha=0.01",M1_safety_margin,M1_safety_margin[apply_to_dm=True],entry,False,not_met,,,"no value of the declared grid met the validation screen (candidate statuses: optimal, proven_infeasible); a grid without a solution is not a statement about the whole decision space",main_reference_plan_domain,cp_upper,,,,,False,0,5,1,0.9768,0.9792227188980074,k=0.0,minimum attainable main-event rate_upper over the declared grid (descriptive; its cost is not a comparable cost),1024,frontier_no_feasible_solution_found_no_ration,0.1611328125,0.703125,,,,
1,SD-SRC14,0.01,SDSRC14_MAIN9,SD-SRC14,MAIN9,SDSRC14_MAIN9:M2[N=1024]@alpha=0.01,M2_joint_chance_saa,M2_joint_chance_saa[N=1024],entry,False,not_met,,,"SAA over the N training scenarios proven infeasible for every alpha_train of the declared grid (training scenarios only; not a population, field or whole-space statement)",main_reference_plan_domain,cp_upper,,,,,False,0,4,0,,,,no scored grid candidate with a ration (not a whole-space statement),1024,frontier_no_feasible_solution_found_no_ration,0.1611328125,0.703125,,,,
1,SD-SRC14,0.01,SDSRC14_MAIN9,SD-SRC14,MAIN9,SDSRC14_MAIN9:M2[N=128]@alpha=0.01,M2_joint_chance_saa,M2_joint_chance_saa[N=128],entry,False,not_met,,,"SAA over the N training scenarios proven infeasible for every alpha_train of the declared grid (training scenarios only; not a population, field or whole-space statement)",main_reference_plan_domain,cp_upper,,,,,False,0,4,0,,,,no scored grid candidate with a ration (not a whole-space statement),128,optimal,0.625,0.625,0.6388,0.6391,0.6470189317751212,"diagnostic frontier point (training scenarios only); not a method, never a member"
1,SD-SRC14,0.01,SDSRC14_MAIN9,SD-SRC14,MAIN9,SDSRC14_MAIN9:M2[N=512]@alpha=0.01,M2_joint_chance_saa,M2_joint_chance_saa[N=512],entry,False,not_met,,,"SAA over the N training scenarios proven infeasible for every alpha_train of the declared grid (training scenarios only; not a population, field or whole-space statement)",main_reference_plan_domain,cp_upper,,,,,False,0,4,0,,,,no scored grid candidate with a ration (not a whole-space statement),512,frontier_no_feasible_solution_found_no_ration,0.4140625,0.65625,,,,
1,SD-SRC14,0.01,SDSRC14_MAIN9,SD-SRC14,MAIN9,SDSRC14_MAIN9:M3a[factory box]@alpha=0.01,M3a_box_robust,M3a_box_robust,entry,False,not_met,,,no value of the declared grid met the validation screen (candidate statuses: proven_infeasible); a grid without a solution is not a statement about the whole decision space,main_reference_plan_domain,cp_upper,,,,,False,0,5,0,,,,no scored grid candidate with a ration (not a whole-space statement),1024,frontier_no_feasible_solution_found_no_ration,0.1611328125,0.703125,,,,
1,SD-SRC14,0.01,SDSRC14_MAIN9,SD-SRC14,MAIN9,SDSRC14_MAIN9:M3b[factory box]@alpha=0.01,M3b_budget_robust,M3b_budget_robust,entry,False,not_met,,,"no value of the declared grid met the validation screen (candidate statuses: optimal, proven_infeasible); a grid without a solution is not a statement about the whole decision space",main_reference_plan_domain,cp_upper,,,,,False,0,35,5,0.9768,0.9792227188980074,"gamma=0 {""k_box"": 1.0}",minimum attainable main-event rate_upper over the declared grid (descriptive; its cost is not a comparable cost),1024,frontier_no_feasible_solution_found_no_ration,0.1611328125,0.703125,,,,
1,SD-12MO,0.05,SD12MO_MAIN9,SD-12MO,MAIN9,SD12MO_MAIN9:M0,M0_nominal,M0_nominal,entry,True,,,optimal,,main_reference_plan_domain,cp_upper,0.9537,0.9537,0.9571081935935097,False,False,0,1,1,0.9537,0.9571081935935097,,minimum attainable main-event rate_upper over the declared grid (descriptive; its cost is not a comparable cost),1024,frontier_no_feasible_solution_found_no_ration,0.330078125,0.66796875,,,,
1,SD-12MO,0.05,SD12MO_MAIN9,SD-12MO,MAIN9,"SD12MO_MAIN9:M1[relative,apply_to_dm=False]@alpha=0.05",M1_safety_margin,M1_safety_margin[apply_to_dm=False],sensitivity_line,False,not_met,,,"no value of the declared grid met the validation screen (candidate statuses: optimal, proven_infeasible); a grid without a solution is not a statement about the whole decision space",main_reference_plan_domain,cp_upper,,,,,False,0,5,1,0.9537,0.9571081935935097,k=0.0,minimum attainable main-event rate_upper over the declared grid (descriptive; its cost is not a comparable cost),1024,frontier_no_feasible_solution_found_no_ration,0.330078125,0.66796875,,,,
1,SD-12MO,0.05,SD12MO_MAIN9,SD-12MO,MAIN9,"SD12MO_MAIN9:M1[relative,apply_to_dm=True]@alpha=0.05",M1_safety_margin,M1_safety_margin[apply_to_dm=True],entry,False,not_met,,,"no value of the declared grid met the validation screen (candidate statuses: optimal, proven_infeasible); a grid without a solution is not a statement about the whole decision space",main_reference_plan_domain,cp_upper,,,,,False,0,5,1,0.9537,0.9571081935935097,k=0.0,minimum attainable main-event rate_upper over the declared grid (descriptive; its cost is not a comparable cost),1024,frontier_no_feasible_solution_found_no_ration,0.330078125,0.66796875,,,,
1,SD-12MO,0.05,SD12MO_MAIN9,SD-12MO,MAIN9,SD12MO_MAIN9:M2[N=1024]@alpha=0.05,M2_joint_chance_saa,M2_joint_chance_saa[N=1024],entry,False,not_met,,,"SAA over the N training scenarios proven infeasible for every alpha_train of the declared grid (training scenarios only; not a population, field or whole-space statement)",main_reference_plan_domain,cp_upper,,,,,False,0,4,0,,,,no scored grid candidate with a ration (not a whole-space statement),1024,frontier_no_feasible_solution_found_no_ration,0.330078125,0.66796875,,,,
1,SD-12MO,0.05,SD12MO_MAIN9,SD-12MO,MAIN9,SD12MO_MAIN9:M2[N=128]@alpha=0.05,M2_joint_chance_saa,M2_joint_chance_saa[N=128],entry,False,not_met,,,"SAA over the N training scenarios proven infeasible for every alpha_train of the declared grid (training scenarios only; not a population, field or whole-space statement)",main_reference_plan_domain,cp_upper,,,,,False,0,4,0,,,,no scored grid candidate with a ration (not a whole-space statement),128,optimal,0.625,0.625,0.5895,0.5895,0.597621418730194,"diagnostic frontier point (training scenarios only); not a method, never a member"
1,SD-12MO,0.05,SD12MO_MAIN9,SD-12MO,MAIN9,SD12MO_MAIN9:M2[N=512]@alpha=0.05,M2_joint_chance_saa,M2_joint_chance_saa[N=512],entry,False,not_met,,,"SAA over the N training scenarios proven infeasible for every alpha_train of the declared grid (training scenarios only; not a population, field or whole-space statement)",main_reference_plan_domain,cp_upper,,,,,False,0,4,0,,,,no scored grid candidate with a ration (not a whole-space statement),512,frontier_no_feasible_solution_found_no_ration,0.51171875,0.63671875,,,,
1,SD-12MO,0.05,SD12MO_MAIN9,SD-12MO,MAIN9,SD12MO_MAIN9:M3a[factory box]@alpha=0.05,M3a_box_robust,M3a_box_robust,entry,False,not_met,,,no value of the declared grid met the validation screen (candidate statuses: proven_infeasible); a grid without a solution is not a statement about the whole decision space,main_reference_plan_domain,cp_upper,,,,,False,0,5,0,,,,no scored grid candidate with a ration (not a whole-space statement),1024,frontier_no_feasible_solution_found_no_ration,0.330078125,0.66796875,,,,
1,SD-12MO,0.05,SD12MO_MAIN9,SD-12MO,MAIN9,SD12MO_MAIN9:M3b[factory box]@alpha=0.05,M3b_budget_robust,M3b_budget_robust,entry,False,not_met,,,"no value of the declared grid met the validation screen (candidate statuses: optimal, proven_infeasible); a grid without a solution is not a statement about the whole decision space",main_reference_plan_domain,cp_upper,,,,,False,0,35,5,0.9537,0.9571081935935097,"gamma=0 {""k_box"": 1.0}",minimum attainable main-event rate_upper over the declared grid (descriptive; its cost is not a comparable cost),1024,frontier_no_feasible_solution_found_no_ration,0.330078125,0.66796875,,,,
1,SD-12MO,0.05,SDH0_MAIN9,SD-H0,MAIN9,SDH0_MAIN9:M0,M0_nominal,M0_nominal,entry,True,,,optimal,,main_reference_plan_domain,cp_upper,0.9537,0.9537,0.9571081935935097,False,False,0,1,1,0.9537,0.9571081935935097,,minimum attainable main-event rate_upper over the declared grid (descriptive; its cost is not a comparable cost),1024,frontier_no_feasible_solution_found_no_ration,0.4189453125,0.751953125,,,,
1,SD-12MO,0.05,SDH0_MAIN9,SD-H0,MAIN9,"SDH0_MAIN9:M1[relative,apply_to_dm=False]@alpha=0.05",M1_safety_margin,M1_safety_margin[apply_to_dm=False],sensitivity_line,False,not_met,,,"no value of the declared grid met the validation screen (candidate statuses: optimal, proven_infeasible); a grid without a solution is not a statement about the whole decision space",main_reference_plan_domain,cp_upper,,,,,False,0,5,1,0.9537,0.9571081935935097,k=0.0,minimum attainable main-event rate_upper over the declared grid (descriptive; its cost is not a comparable cost),1024,frontier_no_feasible_solution_found_no_ration,0.4189453125,0.751953125,,,,
1,SD-12MO,0.05,SDH0_MAIN9,SD-H0,MAIN9,"SDH0_MAIN9:M1[relative,apply_to_dm=True]@alpha=0.05",M1_safety_margin,M1_safety_margin[apply_to_dm=True],entry,False,not_met,,,"no value of the declared grid met the validation screen (candidate statuses: optimal, proven_infeasible); a grid without a solution is not a statement about the whole decision space",main_reference_plan_domain,cp_upper,,,,,False,0,5,1,0.9537,0.9571081935935097,k=0.0,minimum attainable main-event rate_upper over the declared grid (descriptive; its cost is not a comparable cost),1024,frontier_no_feasible_solution_found_no_ration,0.4189453125,0.751953125,,,,
1,SD-12MO,0.05,SDH0_MAIN9,SD-H0,MAIN9,SDH0_MAIN9:M2[N=1024]@alpha=0.05,M2_joint_chance_saa,M2_joint_chance_saa[N=1024],entry,False,not_met,,,"SAA over the N training scenarios proven infeasible for every alpha_train of the declared grid (training scenarios only; not a population, field or whole-space statement)",main_reference_plan_domain,cp_upper,,,,,False,0,4,0,,,,no scored grid candidate with a ration (not a whole-space statement),1024,frontier_no_feasible_solution_found_no_ration,0.4189453125,0.751953125,,,,
1,SD-12MO,0.05,SDH0_MAIN9,SD-H0,MAIN9,SDH0_MAIN9:M2[N=128]@alpha=0.05,M2_joint_chance_saa,M2_joint_chance_saa[N=128],entry,False,not_met,,,"SAA over the N training scenarios proven infeasible for every alpha_train of the declared grid (training scenarios only; not a population, field or whole-space statement)",main_reference_plan_domain,cp_upper,,,,,False,0,4,0,,,,no scored grid candidate with a ration (not a whole-space statement),128,optimal,0.734375,0.734375,0.649,0.649,0.6568678133046979,"diagnostic frontier point (training scenarios only); not a method, never a member"
1,SD-12MO,0.05,SDH0_MAIN9,SD-H0,MAIN9,SDH0_MAIN9:M2[N=512]@alpha=0.05,M2_joint_chance_saa,M2_joint_chance_saa[N=512],entry,False,not_met,,,"SAA over the N training scenarios proven infeasible for every alpha_train of the declared grid (training scenarios only; not a population, field or whole-space statement)",main_reference_plan_domain,cp_upper,,,,,False,0,4,0,,,,no scored grid candidate with a ration (not a whole-space statement),512,frontier_no_feasible_solution_found_no_ration,0.578125,0.724609375,,,,
1,SD-12MO,0.05,SDH0_MAIN9,SD-H0,MAIN9,SDH0_MAIN9:M3a[factory box]@alpha=0.05,M3a_box_robust,M3a_box_robust,entry,False,not_met,,,no value of the declared grid met the validation screen (candidate statuses: proven_infeasible); a grid without a solution is not a statement about the whole decision space,main_reference_plan_domain,cp_upper,,,,,False,0,5,0,,,,no scored grid candidate with a ration (not a whole-space statement),1024,frontier_no_feasible_solution_found_no_ration,0.4189453125,0.751953125,,,,
1,SD-12MO,0.05,SDH0_MAIN9,SD-H0,MAIN9,SDH0_MAIN9:M3b[factory box]@alpha=0.05,M3b_budget_robust,M3b_budget_robust,entry,False,not_met,,,"no value of the declared grid met the validation screen (candidate statuses: optimal, proven_infeasible); a grid without a solution is not a statement about the whole decision space",main_reference_plan_domain,cp_upper,,,,,False,0,35,5,0.9537,0.9571081935935097,"gamma=0 {""k_box"": 1.0}",minimum attainable main-event rate_upper over the declared grid (descriptive; its cost is not a comparable cost),1024,frontier_no_feasible_solution_found_no_ration,0.4189453125,0.751953125,,,,
1,SD-12MO,0.05,SDS2_MAIN9,SD-S2,MAIN9,SDS2_MAIN9:M0,M0_nominal,M0_nominal,entry,True,,,optimal,,main_reference_plan_domain,cp_upper,0.9537,0.9537,0.9571081935935097,False,False,0,1,1,0.9537,0.9571081935935097,,minimum attainable main-event rate_upper over the declared grid (descriptive; its cost is not a comparable cost),1024,frontier_no_feasible_solution_found_no_ration,0.126953125,0.6171875,,,,
1,SD-12MO,0.05,SDS2_MAIN9,SD-S2,MAIN9,"SDS2_MAIN9:M1[relative,apply_to_dm=False]@alpha=0.05",M1_safety_margin,M1_safety_margin[apply_to_dm=False],sensitivity_line,False,not_met,,,"no value of the declared grid met the validation screen (candidate statuses: optimal, proven_infeasible); a grid without a solution is not a statement about the whole decision space",main_reference_plan_domain,cp_upper,,,,,False,0,5,1,0.9537,0.9571081935935097,k=0.0,minimum attainable main-event rate_upper over the declared grid (descriptive; its cost is not a comparable cost),1024,frontier_no_feasible_solution_found_no_ration,0.126953125,0.6171875,,,,
1,SD-12MO,0.05,SDS2_MAIN9,SD-S2,MAIN9,"SDS2_MAIN9:M1[relative,apply_to_dm=True]@alpha=0.05",M1_safety_margin,M1_safety_margin[apply_to_dm=True],entry,False,not_met,,,"no value of the declared grid met the validation screen (candidate statuses: optimal, proven_infeasible); a grid without a solution is not a statement about the whole decision space",main_reference_plan_domain,cp_upper,,,,,False,0,5,1,0.9537,0.9571081935935097,k=0.0,minimum attainable main-event rate_upper over the declared grid (descriptive; its cost is not a comparable cost),1024,frontier_no_feasible_solution_found_no_ration,0.126953125,0.6171875,,,,
1,SD-12MO,0.05,SDS2_MAIN9,SD-S2,MAIN9,SDS2_MAIN9:M2[N=1024]@alpha=0.05,M2_joint_chance_saa,M2_joint_chance_saa[N=1024],entry,False,not_met,,,"SAA over the N training scenarios proven infeasible for every alpha_train of the declared grid (training scenarios only; not a population, field or whole-space statement)",main_reference_plan_domain,cp_upper,,,,,False,0,4,0,,,,no scored grid candidate with a ration (not a whole-space statement),1024,frontier_no_feasible_solution_found_no_ration,0.126953125,0.6171875,,,,
1,SD-12MO,0.05,SDS2_MAIN9,SD-S2,MAIN9,SDS2_MAIN9:M2[N=128]@alpha=0.05,M2_joint_chance_saa,M2_joint_chance_saa[N=128],entry,False,not_met,,,"SAA over the N training scenarios proven infeasible for every alpha_train of the declared grid (training scenarios only; not a population, field or whole-space statement)",main_reference_plan_domain,cp_upper,,,,,False,0,4,0,,,,no scored grid candidate with a ration (not a whole-space statement),128,optimal,0.5546875,0.5546875,0.6363,0.6363,0.6442327266637211,"diagnostic frontier point (training scenarios only); not a method, never a member"
1,SD-12MO,0.05,SDS2_MAIN9,SD-S2,MAIN9,SDS2_MAIN9:M2[N=512]@alpha=0.05,M2_joint_chance_saa,M2_joint_chance_saa[N=512],entry,False,not_met,,,"SAA over the N training scenarios proven infeasible for every alpha_train of the declared grid (training scenarios only; not a population, field or whole-space statement)",main_reference_plan_domain,cp_upper,,,,,False,0,4,0,,,,no scored grid candidate with a ration (not a whole-space statement),512,frontier_no_feasible_solution_found_no_ration,0.40625,0.568359375,,,,
1,SD-12MO,0.05,SDS2_MAIN9,SD-S2,MAIN9,SDS2_MAIN9:M3a[factory box]@alpha=0.05,M3a_box_robust,M3a_box_robust,entry,False,not_met,,,no value of the declared grid met the validation screen (candidate statuses: proven_infeasible); a grid without a solution is not a statement about the whole decision space,main_reference_plan_domain,cp_upper,,,,,False,0,5,0,,,,no scored grid candidate with a ration (not a whole-space statement),1024,frontier_no_feasible_solution_found_no_ration,0.126953125,0.6171875,,,,
1,SD-12MO,0.05,SDS2_MAIN9,SD-S2,MAIN9,SDS2_MAIN9:M3b[factory box]@alpha=0.05,M3b_budget_robust,M3b_budget_robust,entry,False,not_met,,,"no value of the declared grid met the validation screen (candidate statuses: optimal, proven_infeasible); a grid without a solution is not a statement about the whole decision space",main_reference_plan_domain,cp_upper,,,,,False,0,35,5,0.9537,0.9571081935935097,"gamma=0 {""k_box"": 1.0}",minimum attainable main-event rate_upper over the declared grid (descriptive; its cost is not a comparable cost),1024,frontier_no_feasible_solution_found_no_ration,0.126953125,0.6171875,,,,
1,SD-12MO,0.05,SDSRC12_MAIN9,SD-SRC12,MAIN9,SDSRC12_MAIN9:M0,M0_nominal,M0_nominal,entry,True,,,optimal,,main_reference_plan_domain,cp_upper,0.9537,0.9537,0.9571081935935097,False,False,0,1,1,0.9537,0.9571081935935097,,minimum attainable main-event rate_upper over the declared grid (descriptive; its cost is not a comparable cost),1024,frontier_no_feasible_solution_found_no_ration,0.283203125,0.7646484375,,,,
1,SD-12MO,0.05,SDSRC12_MAIN9,SD-SRC12,MAIN9,"SDSRC12_MAIN9:M1[relative,apply_to_dm=False]@alpha=0.05",M1_safety_margin,M1_safety_margin[apply_to_dm=False],sensitivity_line,False,not_met,,,"no value of the declared grid met the validation screen (candidate statuses: optimal, proven_infeasible); a grid without a solution is not a statement about the whole decision space",main_reference_plan_domain,cp_upper,,,,,False,0,5,1,0.9537,0.9571081935935097,k=0.0,minimum attainable main-event rate_upper over the declared grid (descriptive; its cost is not a comparable cost),1024,frontier_no_feasible_solution_found_no_ration,0.283203125,0.7646484375,,,,
1,SD-12MO,0.05,SDSRC12_MAIN9,SD-SRC12,MAIN9,"SDSRC12_MAIN9:M1[relative,apply_to_dm=True]@alpha=0.05",M1_safety_margin,M1_safety_margin[apply_to_dm=True],entry,False,not_met,,,"no value of the declared grid met the validation screen (candidate statuses: optimal, proven_infeasible); a grid without a solution is not a statement about the whole decision space",main_reference_plan_domain,cp_upper,,,,,False,0,5,1,0.9537,0.9571081935935097,k=0.0,minimum attainable main-event rate_upper over the declared grid (descriptive; its cost is not a comparable cost),1024,frontier_no_feasible_solution_found_no_ration,0.283203125,0.7646484375,,,,
1,SD-12MO,0.05,SDSRC12_MAIN9,SD-SRC12,MAIN9,SDSRC12_MAIN9:M2[N=1024]@alpha=0.05,M2_joint_chance_saa,M2_joint_chance_saa[N=1024],entry,False,not_met,,,"SAA over the N training scenarios proven infeasible for every alpha_train of the declared grid (training scenarios only; not a population, field or whole-space statement)",main_reference_plan_domain,cp_upper,,,,,False,0,4,0,,,,no scored grid candidate with a ration (not a whole-space statement),1024,frontier_no_feasible_solution_found_no_ration,0.283203125,0.7646484375,,,,
1,SD-12MO,0.05,SDSRC12_MAIN9,SD-SRC12,MAIN9,SDSRC12_MAIN9:M2[N=128]@alpha=0.05,M2_joint_chance_saa,M2_joint_chance_saa[N=128],entry,False,not_met,,,"SAA over the N training scenarios proven infeasible for every alpha_train of the declared grid (training scenarios only; not a population, field or whole-space statement)",main_reference_plan_domain,cp_upper,,,,,False,0,4,0,,,,no scored grid candidate with a ration (not a whole-space statement),128,optimal,0.703125,0.703125,0.6003,0.6003,0.6083847558522784,"diagnostic frontier point (training scenarios only); not a method, never a member"
1,SD-12MO,0.05,SDSRC12_MAIN9,SD-SRC12,MAIN9,SDSRC12_MAIN9:M2[N=512]@alpha=0.05,M2_joint_chance_saa,M2_joint_chance_saa[N=512],entry,False,not_met,,,"SAA over the N training scenarios proven infeasible for every alpha_train of the declared grid (training scenarios only; not a population, field or whole-space statement)",main_reference_plan_domain,cp_upper,,,,,False,0,4,0,,,,no scored grid candidate with a ration (not a whole-space statement),512,frontier_no_feasible_solution_found_no_ration,0.52734375,0.732421875,,,,
1,SD-12MO,0.05,SDSRC12_MAIN9,SD-SRC12,MAIN9,SDSRC12_MAIN9:M3a[factory box]@alpha=0.05,M3a_box_robust,M3a_box_robust,entry,False,not_met,,,no value of the declared grid met the validation screen (candidate statuses: proven_infeasible); a grid without a solution is not a statement about the whole decision space,main_reference_plan_domain,cp_upper,,,,,False,0,5,0,,,,no scored grid candidate with a ration (not a whole-space statement),1024,frontier_no_feasible_solution_found_no_ration,0.283203125,0.7646484375,,,,
1,SD-12MO,0.05,SDSRC12_MAIN9,SD-SRC12,MAIN9,SDSRC12_MAIN9:M3b[factory box]@alpha=0.05,M3b_budget_robust,M3b_budget_robust,entry,False,not_met,,,"no value of the declared grid met the validation screen (candidate statuses: optimal, proven_infeasible); a grid without a solution is not a statement about the whole decision space",main_reference_plan_domain,cp_upper,,,,,False,0,35,5,0.9537,0.9571081935935097,"gamma=0 {""k_box"": 1.0}",minimum attainable main-event rate_upper over the declared grid (descriptive; its cost is not a comparable cost),1024,frontier_no_feasible_solution_found_no_ration,0.283203125,0.7646484375,,,,
1,SD-12MO,0.05,SDSRC14_MAIN9,SD-SRC14,MAIN9,SDSRC14_MAIN9:M0,M0_nominal,M0_nominal,entry,True,,,optimal,,main_reference_plan_domain,cp_upper,0.9537,0.9537,0.9571081935935097,False,False,0,1,1,0.9537,0.9571081935935097,,minimum attainable main-event rate_upper over the declared grid (descriptive; its cost is not a comparable cost),1024,frontier_no_feasible_solution_found_no_ration,0.1611328125,0.703125,,,,
1,SD-12MO,0.05,SDSRC14_MAIN9,SD-SRC14,MAIN9,"SDSRC14_MAIN9:M1[relative,apply_to_dm=False]@alpha=0.05",M1_safety_margin,M1_safety_margin[apply_to_dm=False],sensitivity_line,False,not_met,,,"no value of the declared grid met the validation screen (candidate statuses: optimal, proven_infeasible); a grid without a solution is not a statement about the whole decision space",main_reference_plan_domain,cp_upper,,,,,False,0,5,1,0.9537,0.9571081935935097,k=0.0,minimum attainable main-event rate_upper over the declared grid (descriptive; its cost is not a comparable cost),1024,frontier_no_feasible_solution_found_no_ration,0.1611328125,0.703125,,,,
1,SD-12MO,0.05,SDSRC14_MAIN9,SD-SRC14,MAIN9,"SDSRC14_MAIN9:M1[relative,apply_to_dm=True]@alpha=0.05",M1_safety_margin,M1_safety_margin[apply_to_dm=True],entry,False,not_met,,,"no value of the declared grid met the validation screen (candidate statuses: optimal, proven_infeasible); a grid without a solution is not a statement about the whole decision space",main_reference_plan_domain,cp_upper,,,,,False,0,5,1,0.9537,0.9571081935935097,k=0.0,minimum attainable main-event rate_upper over the declared grid (descriptive; its cost is not a comparable cost),1024,frontier_no_feasible_solution_found_no_ration,0.1611328125,0.703125,,,,
1,SD-12MO,0.05,SDSRC14_MAIN9,SD-SRC14,MAIN9,SDSRC14_MAIN9:M2[N=1024]@alpha=0.05,M2_joint_chance_saa,M2_joint_chance_saa[N=1024],entry,False,not_met,,,"SAA over the N training scenarios proven infeasible for every alpha_train of the declared grid (training scenarios only; not a population, field or whole-space statement)",main_reference_plan_domain,cp_upper,,,,,False,0,4,0,,,,no scored grid candidate with a ration (not a whole-space statement),1024,frontier_no_feasible_solution_found_no_ration,0.1611328125,0.703125,,,,
1,SD-12MO,0.05,SDSRC14_MAIN9,SD-SRC14,MAIN9,SDSRC14_MAIN9:M2[N=128]@alpha=0.05,M2_joint_chance_saa,M2_joint_chance_saa[N=128],entry,False,not_met,,,"SAA over the N training scenarios proven infeasible for every alpha_train of the declared grid (training scenarios only; not a population, field or whole-space statement)",main_reference_plan_domain,cp_upper,,,,,False,0,4,0,,,,no scored grid candidate with a ration (not a whole-space statement),128,optimal,0.625,0.625,0.6377,0.6377,0.6456258655034064,"diagnostic frontier point (training scenarios only); not a method, never a member"
1,SD-12MO,0.05,SDSRC14_MAIN9,SD-SRC14,MAIN9,SDSRC14_MAIN9:M2[N=512]@alpha=0.05,M2_joint_chance_saa,M2_joint_chance_saa[N=512],entry,False,not_met,,,"SAA over the N training scenarios proven infeasible for every alpha_train of the declared grid (training scenarios only; not a population, field or whole-space statement)",main_reference_plan_domain,cp_upper,,,,,False,0,4,0,,,,no scored grid candidate with a ration (not a whole-space statement),512,frontier_no_feasible_solution_found_no_ration,0.4140625,0.65625,,,,
1,SD-12MO,0.05,SDSRC14_MAIN9,SD-SRC14,MAIN9,SDSRC14_MAIN9:M3a[factory box]@alpha=0.05,M3a_box_robust,M3a_box_robust,entry,False,not_met,,,no value of the declared grid met the validation screen (candidate statuses: proven_infeasible); a grid without a solution is not a statement about the whole decision space,main_reference_plan_domain,cp_upper,,,,,False,0,5,0,,,,no scored grid candidate with a ration (not a whole-space statement),1024,frontier_no_feasible_solution_found_no_ration,0.1611328125,0.703125,,,,
1,SD-12MO,0.05,SDSRC14_MAIN9,SD-SRC14,MAIN9,SDSRC14_MAIN9:M3b[factory box]@alpha=0.05,M3b_budget_robust,M3b_budget_robust,entry,False,not_met,,,"no value of the declared grid met the validation screen (candidate statuses: optimal, proven_infeasible); a grid without a solution is not a statement about the whole decision space",main_reference_plan_domain,cp_upper,,,,,False,0,35,5,0.9537,0.9571081935935097,"gamma=0 {""k_box"": 1.0}",minimum attainable main-event rate_upper over the declared grid (descriptive; its cost is not a comparable cost),1024,frontier_no_feasible_solution_found_no_ration,0.1611328125,0.703125,,,,
1,SD-12MO,0.1,SD12MO_MAIN9,SD-12MO,MAIN9,SD12MO_MAIN9:M0,M0_nominal,M0_nominal,entry,True,,,optimal,,main_reference_plan_domain,cp_upper,0.9537,0.9537,0.9571081935935097,False,False,0,1,1,0.9537,0.9571081935935097,,minimum attainable main-event rate_upper over the declared grid (descriptive; its cost is not a comparable cost),1024,frontier_no_feasible_solution_found_no_ration,0.330078125,0.66796875,,,,
1,SD-12MO,0.1,SD12MO_MAIN9,SD-12MO,MAIN9,"SD12MO_MAIN9:M1[relative,apply_to_dm=False]@alpha=0.1",M1_safety_margin,M1_safety_margin[apply_to_dm=False],sensitivity_line,False,not_met,,,"no value of the declared grid met the validation screen (candidate statuses: optimal, proven_infeasible); a grid without a solution is not a statement about the whole decision space",main_reference_plan_domain,cp_upper,,,,,False,0,5,1,0.9537,0.9571081935935097,k=0.0,minimum attainable main-event rate_upper over the declared grid (descriptive; its cost is not a comparable cost),1024,frontier_no_feasible_solution_found_no_ration,0.330078125,0.66796875,,,,
1,SD-12MO,0.1,SD12MO_MAIN9,SD-12MO,MAIN9,"SD12MO_MAIN9:M1[relative,apply_to_dm=True]@alpha=0.1",M1_safety_margin,M1_safety_margin[apply_to_dm=True],entry,False,not_met,,,"no value of the declared grid met the validation screen (candidate statuses: optimal, proven_infeasible); a grid without a solution is not a statement about the whole decision space",main_reference_plan_domain,cp_upper,,,,,False,0,5,1,0.9537,0.9571081935935097,k=0.0,minimum attainable main-event rate_upper over the declared grid (descriptive; its cost is not a comparable cost),1024,frontier_no_feasible_solution_found_no_ration,0.330078125,0.66796875,,,,
1,SD-12MO,0.1,SD12MO_MAIN9,SD-12MO,MAIN9,SD12MO_MAIN9:M2[N=1024]@alpha=0.1,M2_joint_chance_saa,M2_joint_chance_saa[N=1024],entry,False,not_met,,,"SAA over the N training scenarios proven infeasible for every alpha_train of the declared grid (training scenarios only; not a population, field or whole-space statement)",main_reference_plan_domain,cp_upper,,,,,False,0,4,0,,,,no scored grid candidate with a ration (not a whole-space statement),1024,frontier_no_feasible_solution_found_no_ration,0.330078125,0.66796875,,,,
1,SD-12MO,0.1,SD12MO_MAIN9,SD-12MO,MAIN9,SD12MO_MAIN9:M2[N=128]@alpha=0.1,M2_joint_chance_saa,M2_joint_chance_saa[N=128],entry,False,not_met,,,"SAA over the N training scenarios proven infeasible for every alpha_train of the declared grid (training scenarios only; not a population, field or whole-space statement)",main_reference_plan_domain,cp_upper,,,,,False,0,4,0,,,,no scored grid candidate with a ration (not a whole-space statement),128,optimal,0.625,0.625,0.5895,0.5895,0.597621418730194,"diagnostic frontier point (training scenarios only); not a method, never a member"
1,SD-12MO,0.1,SD12MO_MAIN9,SD-12MO,MAIN9,SD12MO_MAIN9:M2[N=512]@alpha=0.1,M2_joint_chance_saa,M2_joint_chance_saa[N=512],entry,False,not_met,,,"SAA over the N training scenarios proven infeasible for every alpha_train of the declared grid (training scenarios only; not a population, field or whole-space statement)",main_reference_plan_domain,cp_upper,,,,,False,0,4,0,,,,no scored grid candidate with a ration (not a whole-space statement),512,frontier_no_feasible_solution_found_no_ration,0.51171875,0.63671875,,,,
1,SD-12MO,0.1,SD12MO_MAIN9,SD-12MO,MAIN9,SD12MO_MAIN9:M3a[factory box]@alpha=0.1,M3a_box_robust,M3a_box_robust,entry,False,not_met,,,no value of the declared grid met the validation screen (candidate statuses: proven_infeasible); a grid without a solution is not a statement about the whole decision space,main_reference_plan_domain,cp_upper,,,,,False,0,5,0,,,,no scored grid candidate with a ration (not a whole-space statement),1024,frontier_no_feasible_solution_found_no_ration,0.330078125,0.66796875,,,,
1,SD-12MO,0.1,SD12MO_MAIN9,SD-12MO,MAIN9,SD12MO_MAIN9:M3b[factory box]@alpha=0.1,M3b_budget_robust,M3b_budget_robust,entry,False,not_met,,,"no value of the declared grid met the validation screen (candidate statuses: optimal, proven_infeasible); a grid without a solution is not a statement about the whole decision space",main_reference_plan_domain,cp_upper,,,,,False,0,35,5,0.9537,0.9571081935935097,"gamma=0 {""k_box"": 1.0}",minimum attainable main-event rate_upper over the declared grid (descriptive; its cost is not a comparable cost),1024,frontier_no_feasible_solution_found_no_ration,0.330078125,0.66796875,,,,
1,SD-12MO,0.1,SDH0_MAIN9,SD-H0,MAIN9,SDH0_MAIN9:M0,M0_nominal,M0_nominal,entry,True,,,optimal,,main_reference_plan_domain,cp_upper,0.9537,0.9537,0.9571081935935097,False,False,0,1,1,0.9537,0.9571081935935097,,minimum attainable main-event rate_upper over the declared grid (descriptive; its cost is not a comparable cost),1024,frontier_no_feasible_solution_found_no_ration,0.4189453125,0.751953125,,,,
1,SD-12MO,0.1,SDH0_MAIN9,SD-H0,MAIN9,"SDH0_MAIN9:M1[relative,apply_to_dm=False]@alpha=0.1",M1_safety_margin,M1_safety_margin[apply_to_dm=False],sensitivity_line,False,not_met,,,"no value of the declared grid met the validation screen (candidate statuses: optimal, proven_infeasible); a grid without a solution is not a statement about the whole decision space",main_reference_plan_domain,cp_upper,,,,,False,0,5,1,0.9537,0.9571081935935097,k=0.0,minimum attainable main-event rate_upper over the declared grid (descriptive; its cost is not a comparable cost),1024,frontier_no_feasible_solution_found_no_ration,0.4189453125,0.751953125,,,,
1,SD-12MO,0.1,SDH0_MAIN9,SD-H0,MAIN9,"SDH0_MAIN9:M1[relative,apply_to_dm=True]@alpha=0.1",M1_safety_margin,M1_safety_margin[apply_to_dm=True],entry,False,not_met,,,"no value of the declared grid met the validation screen (candidate statuses: optimal, proven_infeasible); a grid without a solution is not a statement about the whole decision space",main_reference_plan_domain,cp_upper,,,,,False,0,5,1,0.9537,0.9571081935935097,k=0.0,minimum attainable main-event rate_upper over the declared grid (descriptive; its cost is not a comparable cost),1024,frontier_no_feasible_solution_found_no_ration,0.4189453125,0.751953125,,,,
1,SD-12MO,0.1,SDH0_MAIN9,SD-H0,MAIN9,SDH0_MAIN9:M2[N=1024]@alpha=0.1,M2_joint_chance_saa,M2_joint_chance_saa[N=1024],entry,False,not_met,,,"SAA over the N training scenarios proven infeasible for every alpha_train of the declared grid (training scenarios only; not a population, field or whole-space statement)",main_reference_plan_domain,cp_upper,,,,,False,0,4,0,,,,no scored grid candidate with a ration (not a whole-space statement),1024,frontier_no_feasible_solution_found_no_ration,0.4189453125,0.751953125,,,,
1,SD-12MO,0.1,SDH0_MAIN9,SD-H0,MAIN9,SDH0_MAIN9:M2[N=128]@alpha=0.1,M2_joint_chance_saa,M2_joint_chance_saa[N=128],entry,False,not_met,,,"SAA over the N training scenarios proven infeasible for every alpha_train of the declared grid (training scenarios only; not a population, field or whole-space statement)",main_reference_plan_domain,cp_upper,,,,,False,0,4,0,,,,no scored grid candidate with a ration (not a whole-space statement),128,optimal,0.734375,0.734375,0.649,0.649,0.6568678133046979,"diagnostic frontier point (training scenarios only); not a method, never a member"
1,SD-12MO,0.1,SDH0_MAIN9,SD-H0,MAIN9,SDH0_MAIN9:M2[N=512]@alpha=0.1,M2_joint_chance_saa,M2_joint_chance_saa[N=512],entry,False,not_met,,,"SAA over the N training scenarios proven infeasible for every alpha_train of the declared grid (training scenarios only; not a population, field or whole-space statement)",main_reference_plan_domain,cp_upper,,,,,False,0,4,0,,,,no scored grid candidate with a ration (not a whole-space statement),512,frontier_no_feasible_solution_found_no_ration,0.578125,0.724609375,,,,
1,SD-12MO,0.1,SDH0_MAIN9,SD-H0,MAIN9,SDH0_MAIN9:M3a[factory box]@alpha=0.1,M3a_box_robust,M3a_box_robust,entry,False,not_met,,,no value of the declared grid met the validation screen (candidate statuses: proven_infeasible); a grid without a solution is not a statement about the whole decision space,main_reference_plan_domain,cp_upper,,,,,False,0,5,0,,,,no scored grid candidate with a ration (not a whole-space statement),1024,frontier_no_feasible_solution_found_no_ration,0.4189453125,0.751953125,,,,
1,SD-12MO,0.1,SDH0_MAIN9,SD-H0,MAIN9,SDH0_MAIN9:M3b[factory box]@alpha=0.1,M3b_budget_robust,M3b_budget_robust,entry,False,not_met,,,"no value of the declared grid met the validation screen (candidate statuses: optimal, proven_infeasible); a grid without a solution is not a statement about the whole decision space",main_reference_plan_domain,cp_upper,,,,,False,0,35,5,0.9537,0.9571081935935097,"gamma=0 {""k_box"": 1.0}",minimum attainable main-event rate_upper over the declared grid (descriptive; its cost is not a comparable cost),1024,frontier_no_feasible_solution_found_no_ration,0.4189453125,0.751953125,,,,
1,SD-12MO,0.1,SDS2_MAIN9,SD-S2,MAIN9,SDS2_MAIN9:M0,M0_nominal,M0_nominal,entry,True,,,optimal,,main_reference_plan_domain,cp_upper,0.9537,0.9537,0.9571081935935097,False,False,0,1,1,0.9537,0.9571081935935097,,minimum attainable main-event rate_upper over the declared grid (descriptive; its cost is not a comparable cost),1024,frontier_no_feasible_solution_found_no_ration,0.126953125,0.6171875,,,,
1,SD-12MO,0.1,SDS2_MAIN9,SD-S2,MAIN9,"SDS2_MAIN9:M1[relative,apply_to_dm=False]@alpha=0.1",M1_safety_margin,M1_safety_margin[apply_to_dm=False],sensitivity_line,False,not_met,,,"no value of the declared grid met the validation screen (candidate statuses: optimal, proven_infeasible); a grid without a solution is not a statement about the whole decision space",main_reference_plan_domain,cp_upper,,,,,False,0,5,1,0.9537,0.9571081935935097,k=0.0,minimum attainable main-event rate_upper over the declared grid (descriptive; its cost is not a comparable cost),1024,frontier_no_feasible_solution_found_no_ration,0.126953125,0.6171875,,,,
1,SD-12MO,0.1,SDS2_MAIN9,SD-S2,MAIN9,"SDS2_MAIN9:M1[relative,apply_to_dm=True]@alpha=0.1",M1_safety_margin,M1_safety_margin[apply_to_dm=True],entry,False,not_met,,,"no value of the declared grid met the validation screen (candidate statuses: optimal, proven_infeasible); a grid without a solution is not a statement about the whole decision space",main_reference_plan_domain,cp_upper,,,,,False,0,5,1,0.9537,0.9571081935935097,k=0.0,minimum attainable main-event rate_upper over the declared grid (descriptive; its cost is not a comparable cost),1024,frontier_no_feasible_solution_found_no_ration,0.126953125,0.6171875,,,,
1,SD-12MO,0.1,SDS2_MAIN9,SD-S2,MAIN9,SDS2_MAIN9:M2[N=1024]@alpha=0.1,M2_joint_chance_saa,M2_joint_chance_saa[N=1024],entry,False,not_met,,,"SAA over the N training scenarios proven infeasible for every alpha_train of the declared grid (training scenarios only; not a population, field or whole-space statement)",main_reference_plan_domain,cp_upper,,,,,False,0,4,0,,,,no scored grid candidate with a ration (not a whole-space statement),1024,frontier_no_feasible_solution_found_no_ration,0.126953125,0.6171875,,,,
1,SD-12MO,0.1,SDS2_MAIN9,SD-S2,MAIN9,SDS2_MAIN9:M2[N=128]@alpha=0.1,M2_joint_chance_saa,M2_joint_chance_saa[N=128],entry,False,not_met,,,"SAA over the N training scenarios proven infeasible for every alpha_train of the declared grid (training scenarios only; not a population, field or whole-space statement)",main_reference_plan_domain,cp_upper,,,,,False,0,4,0,,,,no scored grid candidate with a ration (not a whole-space statement),128,optimal,0.5546875,0.5546875,0.6363,0.6363,0.6442327266637211,"diagnostic frontier point (training scenarios only); not a method, never a member"
1,SD-12MO,0.1,SDS2_MAIN9,SD-S2,MAIN9,SDS2_MAIN9:M2[N=512]@alpha=0.1,M2_joint_chance_saa,M2_joint_chance_saa[N=512],entry,False,not_met,,,"SAA over the N training scenarios proven infeasible for every alpha_train of the declared grid (training scenarios only; not a population, field or whole-space statement)",main_reference_plan_domain,cp_upper,,,,,False,0,4,0,,,,no scored grid candidate with a ration (not a whole-space statement),512,frontier_no_feasible_solution_found_no_ration,0.40625,0.568359375,,,,
1,SD-12MO,0.1,SDS2_MAIN9,SD-S2,MAIN9,SDS2_MAIN9:M3a[factory box]@alpha=0.1,M3a_box_robust,M3a_box_robust,entry,False,not_met,,,no value of the declared grid met the validation screen (candidate statuses: proven_infeasible); a grid without a solution is not a statement about the whole decision space,main_reference_plan_domain,cp_upper,,,,,False,0,5,0,,,,no scored grid candidate with a ration (not a whole-space statement),1024,frontier_no_feasible_solution_found_no_ration,0.126953125,0.6171875,,,,
1,SD-12MO,0.1,SDS2_MAIN9,SD-S2,MAIN9,SDS2_MAIN9:M3b[factory box]@alpha=0.1,M3b_budget_robust,M3b_budget_robust,entry,False,not_met,,,"no value of the declared grid met the validation screen (candidate statuses: optimal, proven_infeasible); a grid without a solution is not a statement about the whole decision space",main_reference_plan_domain,cp_upper,,,,,False,0,35,5,0.9537,0.9571081935935097,"gamma=0 {""k_box"": 1.0}",minimum attainable main-event rate_upper over the declared grid (descriptive; its cost is not a comparable cost),1024,frontier_no_feasible_solution_found_no_ration,0.126953125,0.6171875,,,,
1,SD-12MO,0.1,SDSRC12_MAIN9,SD-SRC12,MAIN9,SDSRC12_MAIN9:M0,M0_nominal,M0_nominal,entry,True,,,optimal,,main_reference_plan_domain,cp_upper,0.9537,0.9537,0.9571081935935097,False,False,0,1,1,0.9537,0.9571081935935097,,minimum attainable main-event rate_upper over the declared grid (descriptive; its cost is not a comparable cost),1024,frontier_no_feasible_solution_found_no_ration,0.283203125,0.7646484375,,,,
1,SD-12MO,0.1,SDSRC12_MAIN9,SD-SRC12,MAIN9,"SDSRC12_MAIN9:M1[relative,apply_to_dm=False]@alpha=0.1",M1_safety_margin,M1_safety_margin[apply_to_dm=False],sensitivity_line,False,not_met,,,"no value of the declared grid met the validation screen (candidate statuses: optimal, proven_infeasible); a grid without a solution is not a statement about the whole decision space",main_reference_plan_domain,cp_upper,,,,,False,0,5,1,0.9537,0.9571081935935097,k=0.0,minimum attainable main-event rate_upper over the declared grid (descriptive; its cost is not a comparable cost),1024,frontier_no_feasible_solution_found_no_ration,0.283203125,0.7646484375,,,,
1,SD-12MO,0.1,SDSRC12_MAIN9,SD-SRC12,MAIN9,"SDSRC12_MAIN9:M1[relative,apply_to_dm=True]@alpha=0.1",M1_safety_margin,M1_safety_margin[apply_to_dm=True],entry,False,not_met,,,"no value of the declared grid met the validation screen (candidate statuses: optimal, proven_infeasible); a grid without a solution is not a statement about the whole decision space",main_reference_plan_domain,cp_upper,,,,,False,0,5,1,0.9537,0.9571081935935097,k=0.0,minimum attainable main-event rate_upper over the declared grid (descriptive; its cost is not a comparable cost),1024,frontier_no_feasible_solution_found_no_ration,0.283203125,0.7646484375,,,,
1,SD-12MO,0.1,SDSRC12_MAIN9,SD-SRC12,MAIN9,SDSRC12_MAIN9:M2[N=1024]@alpha=0.1,M2_joint_chance_saa,M2_joint_chance_saa[N=1024],entry,False,not_met,,,"SAA over the N training scenarios proven infeasible for every alpha_train of the declared grid (training scenarios only; not a population, field or whole-space statement)",main_reference_plan_domain,cp_upper,,,,,False,0,4,0,,,,no scored grid candidate with a ration (not a whole-space statement),1024,frontier_no_feasible_solution_found_no_ration,0.283203125,0.7646484375,,,,
1,SD-12MO,0.1,SDSRC12_MAIN9,SD-SRC12,MAIN9,SDSRC12_MAIN9:M2[N=128]@alpha=0.1,M2_joint_chance_saa,M2_joint_chance_saa[N=128],entry,False,not_met,,,"SAA over the N training scenarios proven infeasible for every alpha_train of the declared grid (training scenarios only; not a population, field or whole-space statement)",main_reference_plan_domain,cp_upper,,,,,False,0,4,0,,,,no scored grid candidate with a ration (not a whole-space statement),128,optimal,0.703125,0.703125,0.6003,0.6003,0.6083847558522784,"diagnostic frontier point (training scenarios only); not a method, never a member"
1,SD-12MO,0.1,SDSRC12_MAIN9,SD-SRC12,MAIN9,SDSRC12_MAIN9:M2[N=512]@alpha=0.1,M2_joint_chance_saa,M2_joint_chance_saa[N=512],entry,False,not_met,,,"SAA over the N training scenarios proven infeasible for every alpha_train of the declared grid (training scenarios only; not a population, field or whole-space statement)",main_reference_plan_domain,cp_upper,,,,,False,0,4,0,,,,no scored grid candidate with a ration (not a whole-space statement),512,frontier_no_feasible_solution_found_no_ration,0.52734375,0.732421875,,,,
1,SD-12MO,0.1,SDSRC12_MAIN9,SD-SRC12,MAIN9,SDSRC12_MAIN9:M3a[factory box]@alpha=0.1,M3a_box_robust,M3a_box_robust,entry,False,not_met,,,no value of the declared grid met the validation screen (candidate statuses: proven_infeasible); a grid without a solution is not a statement about the whole decision space,main_reference_plan_domain,cp_upper,,,,,False,0,5,0,,,,no scored grid candidate with a ration (not a whole-space statement),1024,frontier_no_feasible_solution_found_no_ration,0.283203125,0.7646484375,,,,
1,SD-12MO,0.1,SDSRC12_MAIN9,SD-SRC12,MAIN9,SDSRC12_MAIN9:M3b[factory box]@alpha=0.1,M3b_budget_robust,M3b_budget_robust,entry,False,not_met,,,"no value of the declared grid met the validation screen (candidate statuses: optimal, proven_infeasible); a grid without a solution is not a statement about the whole decision space",main_reference_plan_domain,cp_upper,,,,,False,0,35,5,0.9537,0.9571081935935097,"gamma=0 {""k_box"": 1.0}",minimum attainable main-event rate_upper over the declared grid (descriptive; its cost is not a comparable cost),1024,frontier_no_feasible_solution_found_no_ration,0.283203125,0.7646484375,,,,
1,SD-12MO,0.1,SDSRC14_MAIN9,SD-SRC14,MAIN9,SDSRC14_MAIN9:M0,M0_nominal,M0_nominal,entry,True,,,optimal,,main_reference_plan_domain,cp_upper,0.9537,0.9537,0.9571081935935097,False,False,0,1,1,0.9537,0.9571081935935097,,minimum attainable main-event rate_upper over the declared grid (descriptive; its cost is not a comparable cost),1024,frontier_no_feasible_solution_found_no_ration,0.1611328125,0.703125,,,,
1,SD-12MO,0.1,SDSRC14_MAIN9,SD-SRC14,MAIN9,"SDSRC14_MAIN9:M1[relative,apply_to_dm=False]@alpha=0.1",M1_safety_margin,M1_safety_margin[apply_to_dm=False],sensitivity_line,False,not_met,,,"no value of the declared grid met the validation screen (candidate statuses: optimal, proven_infeasible); a grid without a solution is not a statement about the whole decision space",main_reference_plan_domain,cp_upper,,,,,False,0,5,1,0.9537,0.9571081935935097,k=0.0,minimum attainable main-event rate_upper over the declared grid (descriptive; its cost is not a comparable cost),1024,frontier_no_feasible_solution_found_no_ration,0.1611328125,0.703125,,,,
1,SD-12MO,0.1,SDSRC14_MAIN9,SD-SRC14,MAIN9,"SDSRC14_MAIN9:M1[relative,apply_to_dm=True]@alpha=0.1",M1_safety_margin,M1_safety_margin[apply_to_dm=True],entry,False,not_met,,,"no value of the declared grid met the validation screen (candidate statuses: optimal, proven_infeasible); a grid without a solution is not a statement about the whole decision space",main_reference_plan_domain,cp_upper,,,,,False,0,5,1,0.9537,0.9571081935935097,k=0.0,minimum attainable main-event rate_upper over the declared grid (descriptive; its cost is not a comparable cost),1024,frontier_no_feasible_solution_found_no_ration,0.1611328125,0.703125,,,,
1,SD-12MO,0.1,SDSRC14_MAIN9,SD-SRC14,MAIN9,SDSRC14_MAIN9:M2[N=1024]@alpha=0.1,M2_joint_chance_saa,M2_joint_chance_saa[N=1024],entry,False,not_met,,,"SAA over the N training scenarios proven infeasible for every alpha_train of the declared grid (training scenarios only; not a population, field or whole-space statement)",main_reference_plan_domain,cp_upper,,,,,False,0,4,0,,,,no scored grid candidate with a ration (not a whole-space statement),1024,frontier_no_feasible_solution_found_no_ration,0.1611328125,0.703125,,,,
1,SD-12MO,0.1,SDSRC14_MAIN9,SD-SRC14,MAIN9,SDSRC14_MAIN9:M2[N=128]@alpha=0.1,M2_joint_chance_saa,M2_joint_chance_saa[N=128],entry,False,not_met,,,"SAA over the N training scenarios proven infeasible for every alpha_train of the declared grid (training scenarios only; not a population, field or whole-space statement)",main_reference_plan_domain,cp_upper,,,,,False,0,4,0,,,,no scored grid candidate with a ration (not a whole-space statement),128,optimal,0.625,0.625,0.6377,0.6377,0.6456258655034064,"diagnostic frontier point (training scenarios only); not a method, never a member"
1,SD-12MO,0.1,SDSRC14_MAIN9,SD-SRC14,MAIN9,SDSRC14_MAIN9:M2[N=512]@alpha=0.1,M2_joint_chance_saa,M2_joint_chance_saa[N=512],entry,False,not_met,,,"SAA over the N training scenarios proven infeasible for every alpha_train of the declared grid (training scenarios only; not a population, field or whole-space statement)",main_reference_plan_domain,cp_upper,,,,,False,0,4,0,,,,no scored grid candidate with a ration (not a whole-space statement),512,frontier_no_feasible_solution_found_no_ration,0.4140625,0.65625,,,,
1,SD-12MO,0.1,SDSRC14_MAIN9,SD-SRC14,MAIN9,SDSRC14_MAIN9:M3a[factory box]@alpha=0.1,M3a_box_robust,M3a_box_robust,entry,False,not_met,,,no value of the declared grid met the validation screen (candidate statuses: proven_infeasible); a grid without a solution is not a statement about the whole decision space,main_reference_plan_domain,cp_upper,,,,,False,0,5,0,,,,no scored grid candidate with a ration (not a whole-space statement),1024,frontier_no_feasible_solution_found_no_ration,0.1611328125,0.703125,,,,
1,SD-12MO,0.1,SDSRC14_MAIN9,SD-SRC14,MAIN9,SDSRC14_MAIN9:M3b[factory box]@alpha=0.1,M3b_budget_robust,M3b_budget_robust,entry,False,not_met,,,"no value of the declared grid met the validation screen (candidate statuses: optimal, proven_infeasible); a grid without a solution is not a statement about the whole decision space",main_reference_plan_domain,cp_upper,,,,,False,0,35,5,0.9537,0.9571081935935097,"gamma=0 {""k_box"": 1.0}",minimum attainable main-event rate_upper over the declared grid (descriptive; its cost is not a comparable cost),1024,frontier_no_feasible_solution_found_no_ration,0.1611328125,0.703125,,,,
1,SD-12MO,0.01,SD12MO_MAIN9,SD-12MO,MAIN9,SD12MO_MAIN9:M0,M0_nominal,M0_nominal,entry,True,,,optimal,,main_reference_plan_domain,cp_upper,0.9537,0.9537,0.9571081935935097,False,False,0,1,1,0.9537,0.9571081935935097,,minimum attainable main-event rate_upper over the declared grid (descriptive; its cost is not a comparable cost),1024,frontier_no_feasible_solution_found_no_ration,0.330078125,0.66796875,,,,
1,SD-12MO,0.01,SD12MO_MAIN9,SD-12MO,MAIN9,"SD12MO_MAIN9:M1[relative,apply_to_dm=False]@alpha=0.01",M1_safety_margin,M1_safety_margin[apply_to_dm=False],sensitivity_line,False,not_met,,,"no value of the declared grid met the validation screen (candidate statuses: optimal, proven_infeasible); a grid without a solution is not a statement about the whole decision space",main_reference_plan_domain,cp_upper,,,,,False,0,5,1,0.9537,0.9571081935935097,k=0.0,minimum attainable main-event rate_upper over the declared grid (descriptive; its cost is not a comparable cost),1024,frontier_no_feasible_solution_found_no_ration,0.330078125,0.66796875,,,,
1,SD-12MO,0.01,SD12MO_MAIN9,SD-12MO,MAIN9,"SD12MO_MAIN9:M1[relative,apply_to_dm=True]@alpha=0.01",M1_safety_margin,M1_safety_margin[apply_to_dm=True],entry,False,not_met,,,"no value of the declared grid met the validation screen (candidate statuses: optimal, proven_infeasible); a grid without a solution is not a statement about the whole decision space",main_reference_plan_domain,cp_upper,,,,,False,0,5,1,0.9537,0.9571081935935097,k=0.0,minimum attainable main-event rate_upper over the declared grid (descriptive; its cost is not a comparable cost),1024,frontier_no_feasible_solution_found_no_ration,0.330078125,0.66796875,,,,
1,SD-12MO,0.01,SD12MO_MAIN9,SD-12MO,MAIN9,SD12MO_MAIN9:M2[N=1024]@alpha=0.01,M2_joint_chance_saa,M2_joint_chance_saa[N=1024],entry,False,not_met,,,"SAA over the N training scenarios proven infeasible for every alpha_train of the declared grid (training scenarios only; not a population, field or whole-space statement)",main_reference_plan_domain,cp_upper,,,,,False,0,4,0,,,,no scored grid candidate with a ration (not a whole-space statement),1024,frontier_no_feasible_solution_found_no_ration,0.330078125,0.66796875,,,,
1,SD-12MO,0.01,SD12MO_MAIN9,SD-12MO,MAIN9,SD12MO_MAIN9:M2[N=128]@alpha=0.01,M2_joint_chance_saa,M2_joint_chance_saa[N=128],entry,False,not_met,,,"SAA over the N training scenarios proven infeasible for every alpha_train of the declared grid (training scenarios only; not a population, field or whole-space statement)",main_reference_plan_domain,cp_upper,,,,,False,0,4,0,,,,no scored grid candidate with a ration (not a whole-space statement),128,optimal,0.625,0.625,0.5895,0.5895,0.597621418730194,"diagnostic frontier point (training scenarios only); not a method, never a member"
1,SD-12MO,0.01,SD12MO_MAIN9,SD-12MO,MAIN9,SD12MO_MAIN9:M2[N=512]@alpha=0.01,M2_joint_chance_saa,M2_joint_chance_saa[N=512],entry,False,not_met,,,"SAA over the N training scenarios proven infeasible for every alpha_train of the declared grid (training scenarios only; not a population, field or whole-space statement)",main_reference_plan_domain,cp_upper,,,,,False,0,4,0,,,,no scored grid candidate with a ration (not a whole-space statement),512,frontier_no_feasible_solution_found_no_ration,0.51171875,0.63671875,,,,
1,SD-12MO,0.01,SD12MO_MAIN9,SD-12MO,MAIN9,SD12MO_MAIN9:M3a[factory box]@alpha=0.01,M3a_box_robust,M3a_box_robust,entry,False,not_met,,,no value of the declared grid met the validation screen (candidate statuses: proven_infeasible); a grid without a solution is not a statement about the whole decision space,main_reference_plan_domain,cp_upper,,,,,False,0,5,0,,,,no scored grid candidate with a ration (not a whole-space statement),1024,frontier_no_feasible_solution_found_no_ration,0.330078125,0.66796875,,,,
1,SD-12MO,0.01,SD12MO_MAIN9,SD-12MO,MAIN9,SD12MO_MAIN9:M3b[factory box]@alpha=0.01,M3b_budget_robust,M3b_budget_robust,entry,False,not_met,,,"no value of the declared grid met the validation screen (candidate statuses: optimal, proven_infeasible); a grid without a solution is not a statement about the whole decision space",main_reference_plan_domain,cp_upper,,,,,False,0,35,5,0.9537,0.9571081935935097,"gamma=0 {""k_box"": 1.0}",minimum attainable main-event rate_upper over the declared grid (descriptive; its cost is not a comparable cost),1024,frontier_no_feasible_solution_found_no_ration,0.330078125,0.66796875,,,,
1,SD-12MO,0.01,SDH0_MAIN9,SD-H0,MAIN9,SDH0_MAIN9:M0,M0_nominal,M0_nominal,entry,True,,,optimal,,main_reference_plan_domain,cp_upper,0.9537,0.9537,0.9571081935935097,False,False,0,1,1,0.9537,0.9571081935935097,,minimum attainable main-event rate_upper over the declared grid (descriptive; its cost is not a comparable cost),1024,frontier_no_feasible_solution_found_no_ration,0.4189453125,0.751953125,,,,
1,SD-12MO,0.01,SDH0_MAIN9,SD-H0,MAIN9,"SDH0_MAIN9:M1[relative,apply_to_dm=False]@alpha=0.01",M1_safety_margin,M1_safety_margin[apply_to_dm=False],sensitivity_line,False,not_met,,,"no value of the declared grid met the validation screen (candidate statuses: optimal, proven_infeasible); a grid without a solution is not a statement about the whole decision space",main_reference_plan_domain,cp_upper,,,,,False,0,5,1,0.9537,0.9571081935935097,k=0.0,minimum attainable main-event rate_upper over the declared grid (descriptive; its cost is not a comparable cost),1024,frontier_no_feasible_solution_found_no_ration,0.4189453125,0.751953125,,,,
1,SD-12MO,0.01,SDH0_MAIN9,SD-H0,MAIN9,"SDH0_MAIN9:M1[relative,apply_to_dm=True]@alpha=0.01",M1_safety_margin,M1_safety_margin[apply_to_dm=True],entry,False,not_met,,,"no value of the declared grid met the validation screen (candidate statuses: optimal, proven_infeasible); a grid without a solution is not a statement about the whole decision space",main_reference_plan_domain,cp_upper,,,,,False,0,5,1,0.9537,0.9571081935935097,k=0.0,minimum attainable main-event rate_upper over the declared grid (descriptive; its cost is not a comparable cost),1024,frontier_no_feasible_solution_found_no_ration,0.4189453125,0.751953125,,,,
1,SD-12MO,0.01,SDH0_MAIN9,SD-H0,MAIN9,SDH0_MAIN9:M2[N=1024]@alpha=0.01,M2_joint_chance_saa,M2_joint_chance_saa[N=1024],entry,False,not_met,,,"SAA over the N training scenarios proven infeasible for every alpha_train of the declared grid (training scenarios only; not a population, field or whole-space statement)",main_reference_plan_domain,cp_upper,,,,,False,0,4,0,,,,no scored grid candidate with a ration (not a whole-space statement),1024,frontier_no_feasible_solution_found_no_ration,0.4189453125,0.751953125,,,,
1,SD-12MO,0.01,SDH0_MAIN9,SD-H0,MAIN9,SDH0_MAIN9:M2[N=128]@alpha=0.01,M2_joint_chance_saa,M2_joint_chance_saa[N=128],entry,False,not_met,,,"SAA over the N training scenarios proven infeasible for every alpha_train of the declared grid (training scenarios only; not a population, field or whole-space statement)",main_reference_plan_domain,cp_upper,,,,,False,0,4,0,,,,no scored grid candidate with a ration (not a whole-space statement),128,optimal,0.734375,0.734375,0.649,0.649,0.6568678133046979,"diagnostic frontier point (training scenarios only); not a method, never a member"
1,SD-12MO,0.01,SDH0_MAIN9,SD-H0,MAIN9,SDH0_MAIN9:M2[N=512]@alpha=0.01,M2_joint_chance_saa,M2_joint_chance_saa[N=512],entry,False,not_met,,,"SAA over the N training scenarios proven infeasible for every alpha_train of the declared grid (training scenarios only; not a population, field or whole-space statement)",main_reference_plan_domain,cp_upper,,,,,False,0,4,0,,,,no scored grid candidate with a ration (not a whole-space statement),512,frontier_no_feasible_solution_found_no_ration,0.578125,0.724609375,,,,
1,SD-12MO,0.01,SDH0_MAIN9,SD-H0,MAIN9,SDH0_MAIN9:M3a[factory box]@alpha=0.01,M3a_box_robust,M3a_box_robust,entry,False,not_met,,,no value of the declared grid met the validation screen (candidate statuses: proven_infeasible); a grid without a solution is not a statement about the whole decision space,main_reference_plan_domain,cp_upper,,,,,False,0,5,0,,,,no scored grid candidate with a ration (not a whole-space statement),1024,frontier_no_feasible_solution_found_no_ration,0.4189453125,0.751953125,,,,
1,SD-12MO,0.01,SDH0_MAIN9,SD-H0,MAIN9,SDH0_MAIN9:M3b[factory box]@alpha=0.01,M3b_budget_robust,M3b_budget_robust,entry,False,not_met,,,"no value of the declared grid met the validation screen (candidate statuses: optimal, proven_infeasible); a grid without a solution is not a statement about the whole decision space",main_reference_plan_domain,cp_upper,,,,,False,0,35,5,0.9537,0.9571081935935097,"gamma=0 {""k_box"": 1.0}",minimum attainable main-event rate_upper over the declared grid (descriptive; its cost is not a comparable cost),1024,frontier_no_feasible_solution_found_no_ration,0.4189453125,0.751953125,,,,
1,SD-12MO,0.01,SDS2_MAIN9,SD-S2,MAIN9,SDS2_MAIN9:M0,M0_nominal,M0_nominal,entry,True,,,optimal,,main_reference_plan_domain,cp_upper,0.9537,0.9537,0.9571081935935097,False,False,0,1,1,0.9537,0.9571081935935097,,minimum attainable main-event rate_upper over the declared grid (descriptive; its cost is not a comparable cost),1024,frontier_no_feasible_solution_found_no_ration,0.126953125,0.6171875,,,,
1,SD-12MO,0.01,SDS2_MAIN9,SD-S2,MAIN9,"SDS2_MAIN9:M1[relative,apply_to_dm=False]@alpha=0.01",M1_safety_margin,M1_safety_margin[apply_to_dm=False],sensitivity_line,False,not_met,,,"no value of the declared grid met the validation screen (candidate statuses: optimal, proven_infeasible); a grid without a solution is not a statement about the whole decision space",main_reference_plan_domain,cp_upper,,,,,False,0,5,1,0.9537,0.9571081935935097,k=0.0,minimum attainable main-event rate_upper over the declared grid (descriptive; its cost is not a comparable cost),1024,frontier_no_feasible_solution_found_no_ration,0.126953125,0.6171875,,,,
1,SD-12MO,0.01,SDS2_MAIN9,SD-S2,MAIN9,"SDS2_MAIN9:M1[relative,apply_to_dm=True]@alpha=0.01",M1_safety_margin,M1_safety_margin[apply_to_dm=True],entry,False,not_met,,,"no value of the declared grid met the validation screen (candidate statuses: optimal, proven_infeasible); a grid without a solution is not a statement about the whole decision space",main_reference_plan_domain,cp_upper,,,,,False,0,5,1,0.9537,0.9571081935935097,k=0.0,minimum attainable main-event rate_upper over the declared grid (descriptive; its cost is not a comparable cost),1024,frontier_no_feasible_solution_found_no_ration,0.126953125,0.6171875,,,,
1,SD-12MO,0.01,SDS2_MAIN9,SD-S2,MAIN9,SDS2_MAIN9:M2[N=1024]@alpha=0.01,M2_joint_chance_saa,M2_joint_chance_saa[N=1024],entry,False,not_met,,,"SAA over the N training scenarios proven infeasible for every alpha_train of the declared grid (training scenarios only; not a population, field or whole-space statement)",main_reference_plan_domain,cp_upper,,,,,False,0,4,0,,,,no scored grid candidate with a ration (not a whole-space statement),1024,frontier_no_feasible_solution_found_no_ration,0.126953125,0.6171875,,,,
1,SD-12MO,0.01,SDS2_MAIN9,SD-S2,MAIN9,SDS2_MAIN9:M2[N=128]@alpha=0.01,M2_joint_chance_saa,M2_joint_chance_saa[N=128],entry,False,not_met,,,"SAA over the N training scenarios proven infeasible for every alpha_train of the declared grid (training scenarios only; not a population, field or whole-space statement)",main_reference_plan_domain,cp_upper,,,,,False,0,4,0,,,,no scored grid candidate with a ration (not a whole-space statement),128,optimal,0.5546875,0.5546875,0.6363,0.6363,0.6442327266637211,"diagnostic frontier point (training scenarios only); not a method, never a member"
1,SD-12MO,0.01,SDS2_MAIN9,SD-S2,MAIN9,SDS2_MAIN9:M2[N=512]@alpha=0.01,M2_joint_chance_saa,M2_joint_chance_saa[N=512],entry,False,not_met,,,"SAA over the N training scenarios proven infeasible for every alpha_train of the declared grid (training scenarios only; not a population, field or whole-space statement)",main_reference_plan_domain,cp_upper,,,,,False,0,4,0,,,,no scored grid candidate with a ration (not a whole-space statement),512,frontier_no_feasible_solution_found_no_ration,0.40625,0.568359375,,,,
1,SD-12MO,0.01,SDS2_MAIN9,SD-S2,MAIN9,SDS2_MAIN9:M3a[factory box]@alpha=0.01,M3a_box_robust,M3a_box_robust,entry,False,not_met,,,no value of the declared grid met the validation screen (candidate statuses: proven_infeasible); a grid without a solution is not a statement about the whole decision space,main_reference_plan_domain,cp_upper,,,,,False,0,5,0,,,,no scored grid candidate with a ration (not a whole-space statement),1024,frontier_no_feasible_solution_found_no_ration,0.126953125,0.6171875,,,,
1,SD-12MO,0.01,SDS2_MAIN9,SD-S2,MAIN9,SDS2_MAIN9:M3b[factory box]@alpha=0.01,M3b_budget_robust,M3b_budget_robust,entry,False,not_met,,,"no value of the declared grid met the validation screen (candidate statuses: optimal, proven_infeasible); a grid without a solution is not a statement about the whole decision space",main_reference_plan_domain,cp_upper,,,,,False,0,35,5,0.9537,0.9571081935935097,"gamma=0 {""k_box"": 1.0}",minimum attainable main-event rate_upper over the declared grid (descriptive; its cost is not a comparable cost),1024,frontier_no_feasible_solution_found_no_ration,0.126953125,0.6171875,,,,
1,SD-12MO,0.01,SDSRC12_MAIN9,SD-SRC12,MAIN9,SDSRC12_MAIN9:M0,M0_nominal,M0_nominal,entry,True,,,optimal,,main_reference_plan_domain,cp_upper,0.9537,0.9537,0.9571081935935097,False,False,0,1,1,0.9537,0.9571081935935097,,minimum attainable main-event rate_upper over the declared grid (descriptive; its cost is not a comparable cost),1024,frontier_no_feasible_solution_found_no_ration,0.283203125,0.7646484375,,,,
1,SD-12MO,0.01,SDSRC12_MAIN9,SD-SRC12,MAIN9,"SDSRC12_MAIN9:M1[relative,apply_to_dm=False]@alpha=0.01",M1_safety_margin,M1_safety_margin[apply_to_dm=False],sensitivity_line,False,not_met,,,"no value of the declared grid met the validation screen (candidate statuses: optimal, proven_infeasible); a grid without a solution is not a statement about the whole decision space",main_reference_plan_domain,cp_upper,,,,,False,0,5,1,0.9537,0.9571081935935097,k=0.0,minimum attainable main-event rate_upper over the declared grid (descriptive; its cost is not a comparable cost),1024,frontier_no_feasible_solution_found_no_ration,0.283203125,0.7646484375,,,,
1,SD-12MO,0.01,SDSRC12_MAIN9,SD-SRC12,MAIN9,"SDSRC12_MAIN9:M1[relative,apply_to_dm=True]@alpha=0.01",M1_safety_margin,M1_safety_margin[apply_to_dm=True],entry,False,not_met,,,"no value of the declared grid met the validation screen (candidate statuses: optimal, proven_infeasible); a grid without a solution is not a statement about the whole decision space",main_reference_plan_domain,cp_upper,,,,,False,0,5,1,0.9537,0.9571081935935097,k=0.0,minimum attainable main-event rate_upper over the declared grid (descriptive; its cost is not a comparable cost),1024,frontier_no_feasible_solution_found_no_ration,0.283203125,0.7646484375,,,,
1,SD-12MO,0.01,SDSRC12_MAIN9,SD-SRC12,MAIN9,SDSRC12_MAIN9:M2[N=1024]@alpha=0.01,M2_joint_chance_saa,M2_joint_chance_saa[N=1024],entry,False,not_met,,,"SAA over the N training scenarios proven infeasible for every alpha_train of the declared grid (training scenarios only; not a population, field or whole-space statement)",main_reference_plan_domain,cp_upper,,,,,False,0,4,0,,,,no scored grid candidate with a ration (not a whole-space statement),1024,frontier_no_feasible_solution_found_no_ration,0.283203125,0.7646484375,,,,
1,SD-12MO,0.01,SDSRC12_MAIN9,SD-SRC12,MAIN9,SDSRC12_MAIN9:M2[N=128]@alpha=0.01,M2_joint_chance_saa,M2_joint_chance_saa[N=128],entry,False,not_met,,,"SAA over the N training scenarios proven infeasible for every alpha_train of the declared grid (training scenarios only; not a population, field or whole-space statement)",main_reference_plan_domain,cp_upper,,,,,False,0,4,0,,,,no scored grid candidate with a ration (not a whole-space statement),128,optimal,0.703125,0.703125,0.6003,0.6003,0.6083847558522784,"diagnostic frontier point (training scenarios only); not a method, never a member"
1,SD-12MO,0.01,SDSRC12_MAIN9,SD-SRC12,MAIN9,SDSRC12_MAIN9:M2[N=512]@alpha=0.01,M2_joint_chance_saa,M2_joint_chance_saa[N=512],entry,False,not_met,,,"SAA over the N training scenarios proven infeasible for every alpha_train of the declared grid (training scenarios only; not a population, field or whole-space statement)",main_reference_plan_domain,cp_upper,,,,,False,0,4,0,,,,no scored grid candidate with a ration (not a whole-space statement),512,frontier_no_feasible_solution_found_no_ration,0.52734375,0.732421875,,,,
1,SD-12MO,0.01,SDSRC12_MAIN9,SD-SRC12,MAIN9,SDSRC12_MAIN9:M3a[factory box]@alpha=0.01,M3a_box_robust,M3a_box_robust,entry,False,not_met,,,no value of the declared grid met the validation screen (candidate statuses: proven_infeasible); a grid without a solution is not a statement about the whole decision space,main_reference_plan_domain,cp_upper,,,,,False,0,5,0,,,,no scored grid candidate with a ration (not a whole-space statement),1024,frontier_no_feasible_solution_found_no_ration,0.283203125,0.7646484375,,,,
1,SD-12MO,0.01,SDSRC12_MAIN9,SD-SRC12,MAIN9,SDSRC12_MAIN9:M3b[factory box]@alpha=0.01,M3b_budget_robust,M3b_budget_robust,entry,False,not_met,,,"no value of the declared grid met the validation screen (candidate statuses: optimal, proven_infeasible); a grid without a solution is not a statement about the whole decision space",main_reference_plan_domain,cp_upper,,,,,False,0,35,5,0.9537,0.9571081935935097,"gamma=0 {""k_box"": 1.0}",minimum attainable main-event rate_upper over the declared grid (descriptive; its cost is not a comparable cost),1024,frontier_no_feasible_solution_found_no_ration,0.283203125,0.7646484375,,,,
1,SD-12MO,0.01,SDSRC14_MAIN9,SD-SRC14,MAIN9,SDSRC14_MAIN9:M0,M0_nominal,M0_nominal,entry,True,,,optimal,,main_reference_plan_domain,cp_upper,0.9537,0.9537,0.9571081935935097,False,False,0,1,1,0.9537,0.9571081935935097,,minimum attainable main-event rate_upper over the declared grid (descriptive; its cost is not a comparable cost),1024,frontier_no_feasible_solution_found_no_ration,0.1611328125,0.703125,,,,
1,SD-12MO,0.01,SDSRC14_MAIN9,SD-SRC14,MAIN9,"SDSRC14_MAIN9:M1[relative,apply_to_dm=False]@alpha=0.01",M1_safety_margin,M1_safety_margin[apply_to_dm=False],sensitivity_line,False,not_met,,,"no value of the declared grid met the validation screen (candidate statuses: optimal, proven_infeasible); a grid without a solution is not a statement about the whole decision space",main_reference_plan_domain,cp_upper,,,,,False,0,5,1,0.9537,0.9571081935935097,k=0.0,minimum attainable main-event rate_upper over the declared grid (descriptive; its cost is not a comparable cost),1024,frontier_no_feasible_solution_found_no_ration,0.1611328125,0.703125,,,,
1,SD-12MO,0.01,SDSRC14_MAIN9,SD-SRC14,MAIN9,"SDSRC14_MAIN9:M1[relative,apply_to_dm=True]@alpha=0.01",M1_safety_margin,M1_safety_margin[apply_to_dm=True],entry,False,not_met,,,"no value of the declared grid met the validation screen (candidate statuses: optimal, proven_infeasible); a grid without a solution is not a statement about the whole decision space",main_reference_plan_domain,cp_upper,,,,,False,0,5,1,0.9537,0.9571081935935097,k=0.0,minimum attainable main-event rate_upper over the declared grid (descriptive; its cost is not a comparable cost),1024,frontier_no_feasible_solution_found_no_ration,0.1611328125,0.703125,,,,
1,SD-12MO,0.01,SDSRC14_MAIN9,SD-SRC14,MAIN9,SDSRC14_MAIN9:M2[N=1024]@alpha=0.01,M2_joint_chance_saa,M2_joint_chance_saa[N=1024],entry,False,not_met,,,"SAA over the N training scenarios proven infeasible for every alpha_train of the declared grid (training scenarios only; not a population, field or whole-space statement)",main_reference_plan_domain,cp_upper,,,,,False,0,4,0,,,,no scored grid candidate with a ration (not a whole-space statement),1024,frontier_no_feasible_solution_found_no_ration,0.1611328125,0.703125,,,,
1,SD-12MO,0.01,SDSRC14_MAIN9,SD-SRC14,MAIN9,SDSRC14_MAIN9:M2[N=128]@alpha=0.01,M2_joint_chance_saa,M2_joint_chance_saa[N=128],entry,False,not_met,,,"SAA over the N training scenarios proven infeasible for every alpha_train of the declared grid (training scenarios only; not a population, field or whole-space statement)",main_reference_plan_domain,cp_upper,,,,,False,0,4,0,,,,no scored grid candidate with a ration (not a whole-space statement),128,optimal,0.625,0.625,0.6377,0.6377,0.6456258655034064,"diagnostic frontier point (training scenarios only); not a method, never a member"
1,SD-12MO,0.01,SDSRC14_MAIN9,SD-SRC14,MAIN9,SDSRC14_MAIN9:M2[N=512]@alpha=0.01,M2_joint_chance_saa,M2_joint_chance_saa[N=512],entry,False,not_met,,,"SAA over the N training scenarios proven infeasible for every alpha_train of the declared grid (training scenarios only; not a population, field or whole-space statement)",main_reference_plan_domain,cp_upper,,,,,False,0,4,0,,,,no scored grid candidate with a ration (not a whole-space statement),512,frontier_no_feasible_solution_found_no_ration,0.4140625,0.65625,,,,
1,SD-12MO,0.01,SDSRC14_MAIN9,SD-SRC14,MAIN9,SDSRC14_MAIN9:M3a[factory box]@alpha=0.01,M3a_box_robust,M3a_box_robust,entry,False,not_met,,,no value of the declared grid met the validation screen (candidate statuses: proven_infeasible); a grid without a solution is not a statement about the whole decision space,main_reference_plan_domain,cp_upper,,,,,False,0,5,0,,,,no scored grid candidate with a ration (not a whole-space statement),1024,frontier_no_feasible_solution_found_no_ration,0.1611328125,0.703125,,,,
1,SD-12MO,0.01,SDSRC14_MAIN9,SD-SRC14,MAIN9,SDSRC14_MAIN9:M3b[factory box]@alpha=0.01,M3b_budget_robust,M3b_budget_robust,entry,False,not_met,,,"no value of the declared grid met the validation screen (candidate statuses: optimal, proven_infeasible); a grid without a solution is not a statement about the whole decision space",main_reference_plan_domain,cp_upper,,,,,False,0,35,5,0.9537,0.9571081935935097,"gamma=0 {""k_box"": 1.0}",minimum attainable main-event rate_upper over the declared grid (descriptive; its cost is not a comparable cost),1024,frontier_no_feasible_solution_found_no_ration,0.1611328125,0.703125,,,,
1,SD-SRC12,0.05,SD12MO_MAIN9,SD-12MO,MAIN9,SD12MO_MAIN9:M0,M0_nominal,M0_nominal,entry,True,,,optimal,,main_reference_plan_domain,cp_upper,0.9617,0.9617,0.964806821655434,False,False,0,1,1,0.9617,0.964806821655434,,minimum attainable main-event rate_upper over the declared grid (descriptive; its cost is not a comparable cost),1024,frontier_no_feasible_solution_found_no_ration,0.330078125,0.66796875,,,,
1,SD-SRC12,0.05,SD12MO_MAIN9,SD-12MO,MAIN9,"SD12MO_MAIN9:M1[relative,apply_to_dm=False]@alpha=0.05",M1_safety_margin,M1_safety_margin[apply_to_dm=False],sensitivity_line,False,not_met,,,"no value of the declared grid met the validation screen (candidate statuses: optimal, proven_infeasible); a grid without a solution is not a statement about the whole decision space",main_reference_plan_domain,cp_upper,,,,,False,0,5,1,0.9617,0.964806821655434,k=0.0,minimum attainable main-event rate_upper over the declared grid (descriptive; its cost is not a comparable cost),1024,frontier_no_feasible_solution_found_no_ration,0.330078125,0.66796875,,,,
1,SD-SRC12,0.05,SD12MO_MAIN9,SD-12MO,MAIN9,"SD12MO_MAIN9:M1[relative,apply_to_dm=True]@alpha=0.05",M1_safety_margin,M1_safety_margin[apply_to_dm=True],entry,False,not_met,,,"no value of the declared grid met the validation screen (candidate statuses: optimal, proven_infeasible); a grid without a solution is not a statement about the whole decision space",main_reference_plan_domain,cp_upper,,,,,False,0,5,1,0.9617,0.964806821655434,k=0.0,minimum attainable main-event rate_upper over the declared grid (descriptive; its cost is not a comparable cost),1024,frontier_no_feasible_solution_found_no_ration,0.330078125,0.66796875,,,,
1,SD-SRC12,0.05,SD12MO_MAIN9,SD-12MO,MAIN9,SD12MO_MAIN9:M2[N=1024]@alpha=0.05,M2_joint_chance_saa,M2_joint_chance_saa[N=1024],entry,False,not_met,,,"SAA over the N training scenarios proven infeasible for every alpha_train of the declared grid (training scenarios only; not a population, field or whole-space statement)",main_reference_plan_domain,cp_upper,,,,,False,0,4,0,,,,no scored grid candidate with a ration (not a whole-space statement),1024,frontier_no_feasible_solution_found_no_ration,0.330078125,0.66796875,,,,
1,SD-SRC12,0.05,SD12MO_MAIN9,SD-12MO,MAIN9,SD12MO_MAIN9:M2[N=128]@alpha=0.05,M2_joint_chance_saa,M2_joint_chance_saa[N=128],entry,False,not_met,,,"SAA over the N training scenarios proven infeasible for every alpha_train of the declared grid (training scenarios only; not a population, field or whole-space statement)",main_reference_plan_domain,cp_upper,,,,,False,0,4,0,,,,no scored grid candidate with a ration (not a whole-space statement),128,optimal,0.625,0.625,0.7456,0.7459,0.7530573757932916,"diagnostic frontier point (training scenarios only); not a method, never a member"
1,SD-SRC12,0.05,SD12MO_MAIN9,SD-12MO,MAIN9,SD12MO_MAIN9:M2[N=512]@alpha=0.05,M2_joint_chance_saa,M2_joint_chance_saa[N=512],entry,False,not_met,,,"SAA over the N training scenarios proven infeasible for every alpha_train of the declared grid (training scenarios only; not a population, field or whole-space statement)",main_reference_plan_domain,cp_upper,,,,,False,0,4,0,,,,no scored grid candidate with a ration (not a whole-space statement),512,frontier_no_feasible_solution_found_no_ration,0.51171875,0.63671875,,,,
1,SD-SRC12,0.05,SD12MO_MAIN9,SD-12MO,MAIN9,SD12MO_MAIN9:M3a[factory box]@alpha=0.05,M3a_box_robust,M3a_box_robust,entry,False,not_met,,,no value of the declared grid met the validation screen (candidate statuses: proven_infeasible); a grid without a solution is not a statement about the whole decision space,main_reference_plan_domain,cp_upper,,,,,False,0,5,0,,,,no scored grid candidate with a ration (not a whole-space statement),1024,frontier_no_feasible_solution_found_no_ration,0.330078125,0.66796875,,,,
1,SD-SRC12,0.05,SD12MO_MAIN9,SD-12MO,MAIN9,SD12MO_MAIN9:M3b[factory box]@alpha=0.05,M3b_budget_robust,M3b_budget_robust,entry,False,not_met,,,"no value of the declared grid met the validation screen (candidate statuses: optimal, proven_infeasible); a grid without a solution is not a statement about the whole decision space",main_reference_plan_domain,cp_upper,,,,,False,0,35,5,0.9617,0.964806821655434,"gamma=0 {""k_box"": 1.0}",minimum attainable main-event rate_upper over the declared grid (descriptive; its cost is not a comparable cost),1024,frontier_no_feasible_solution_found_no_ration,0.330078125,0.66796875,,,,
1,SD-SRC12,0.05,SDH0_MAIN9,SD-H0,MAIN9,SDH0_MAIN9:M0,M0_nominal,M0_nominal,entry,True,,,optimal,,main_reference_plan_domain,cp_upper,0.9617,0.9617,0.964806821655434,False,False,0,1,1,0.9617,0.964806821655434,,minimum attainable main-event rate_upper over the declared grid (descriptive; its cost is not a comparable cost),1024,frontier_no_feasible_solution_found_no_ration,0.4189453125,0.751953125,,,,
1,SD-SRC12,0.05,SDH0_MAIN9,SD-H0,MAIN9,"SDH0_MAIN9:M1[relative,apply_to_dm=False]@alpha=0.05",M1_safety_margin,M1_safety_margin[apply_to_dm=False],sensitivity_line,False,not_met,,,"no value of the declared grid met the validation screen (candidate statuses: optimal, proven_infeasible); a grid without a solution is not a statement about the whole decision space",main_reference_plan_domain,cp_upper,,,,,False,0,5,1,0.9617,0.964806821655434,k=0.0,minimum attainable main-event rate_upper over the declared grid (descriptive; its cost is not a comparable cost),1024,frontier_no_feasible_solution_found_no_ration,0.4189453125,0.751953125,,,,
1,SD-SRC12,0.05,SDH0_MAIN9,SD-H0,MAIN9,"SDH0_MAIN9:M1[relative,apply_to_dm=True]@alpha=0.05",M1_safety_margin,M1_safety_margin[apply_to_dm=True],entry,False,not_met,,,"no value of the declared grid met the validation screen (candidate statuses: optimal, proven_infeasible); a grid without a solution is not a statement about the whole decision space",main_reference_plan_domain,cp_upper,,,,,False,0,5,1,0.9617,0.964806821655434,k=0.0,minimum attainable main-event rate_upper over the declared grid (descriptive; its cost is not a comparable cost),1024,frontier_no_feasible_solution_found_no_ration,0.4189453125,0.751953125,,,,
1,SD-SRC12,0.05,SDH0_MAIN9,SD-H0,MAIN9,SDH0_MAIN9:M2[N=1024]@alpha=0.05,M2_joint_chance_saa,M2_joint_chance_saa[N=1024],entry,False,not_met,,,"SAA over the N training scenarios proven infeasible for every alpha_train of the declared grid (training scenarios only; not a population, field or whole-space statement)",main_reference_plan_domain,cp_upper,,,,,False,0,4,0,,,,no scored grid candidate with a ration (not a whole-space statement),1024,frontier_no_feasible_solution_found_no_ration,0.4189453125,0.751953125,,,,
1,SD-SRC12,0.05,SDH0_MAIN9,SD-H0,MAIN9,SDH0_MAIN9:M2[N=128]@alpha=0.05,M2_joint_chance_saa,M2_joint_chance_saa[N=128],entry,False,not_met,,,"SAA over the N training scenarios proven infeasible for every alpha_train of the declared grid (training scenarios only; not a population, field or whole-space statement)",main_reference_plan_domain,cp_upper,,,,,False,0,4,0,,,,no scored grid candidate with a ration (not a whole-space statement),128,optimal,0.734375,0.734375,0.7177,0.718,0.7254038175028611,"diagnostic frontier point (training scenarios only); not a method, never a member"
1,SD-SRC12,0.05,SDH0_MAIN9,SD-H0,MAIN9,SDH0_MAIN9:M2[N=512]@alpha=0.05,M2_joint_chance_saa,M2_joint_chance_saa[N=512],entry,False,not_met,,,"SAA over the N training scenarios proven infeasible for every alpha_train of the declared grid (training scenarios only; not a population, field or whole-space statement)",main_reference_plan_domain,cp_upper,,,,,False,0,4,0,,,,no scored grid candidate with a ration (not a whole-space statement),512,frontier_no_feasible_solution_found_no_ration,0.578125,0.724609375,,,,
1,SD-SRC12,0.05,SDH0_MAIN9,SD-H0,MAIN9,SDH0_MAIN9:M3a[factory box]@alpha=0.05,M3a_box_robust,M3a_box_robust,entry,False,not_met,,,no value of the declared grid met the validation screen (candidate statuses: proven_infeasible); a grid without a solution is not a statement about the whole decision space,main_reference_plan_domain,cp_upper,,,,,False,0,5,0,,,,no scored grid candidate with a ration (not a whole-space statement),1024,frontier_no_feasible_solution_found_no_ration,0.4189453125,0.751953125,,,,
1,SD-SRC12,0.05,SDH0_MAIN9,SD-H0,MAIN9,SDH0_MAIN9:M3b[factory box]@alpha=0.05,M3b_budget_robust,M3b_budget_robust,entry,False,not_met,,,"no value of the declared grid met the validation screen (candidate statuses: optimal, proven_infeasible); a grid without a solution is not a statement about the whole decision space",main_reference_plan_domain,cp_upper,,,,,False,0,35,5,0.9617,0.964806821655434,"gamma=0 {""k_box"": 1.0}",minimum attainable main-event rate_upper over the declared grid (descriptive; its cost is not a comparable cost),1024,frontier_no_feasible_solution_found_no_ration,0.4189453125,0.751953125,,,,
1,SD-SRC12,0.05,SDS2_MAIN9,SD-S2,MAIN9,SDS2_MAIN9:M0,M0_nominal,M0_nominal,entry,True,,,optimal,,main_reference_plan_domain,cp_upper,0.9617,0.9617,0.964806821655434,False,False,0,1,1,0.9617,0.964806821655434,,minimum attainable main-event rate_upper over the declared grid (descriptive; its cost is not a comparable cost),1024,frontier_no_feasible_solution_found_no_ration,0.126953125,0.6171875,,,,
1,SD-SRC12,0.05,SDS2_MAIN9,SD-S2,MAIN9,"SDS2_MAIN9:M1[relative,apply_to_dm=False]@alpha=0.05",M1_safety_margin,M1_safety_margin[apply_to_dm=False],sensitivity_line,False,not_met,,,"no value of the declared grid met the validation screen (candidate statuses: optimal, proven_infeasible); a grid without a solution is not a statement about the whole decision space",main_reference_plan_domain,cp_upper,,,,,False,0,5,1,0.9617,0.964806821655434,k=0.0,minimum attainable main-event rate_upper over the declared grid (descriptive; its cost is not a comparable cost),1024,frontier_no_feasible_solution_found_no_ration,0.126953125,0.6171875,,,,
1,SD-SRC12,0.05,SDS2_MAIN9,SD-S2,MAIN9,"SDS2_MAIN9:M1[relative,apply_to_dm=True]@alpha=0.05",M1_safety_margin,M1_safety_margin[apply_to_dm=True],entry,False,not_met,,,"no value of the declared grid met the validation screen (candidate statuses: optimal, proven_infeasible); a grid without a solution is not a statement about the whole decision space",main_reference_plan_domain,cp_upper,,,,,False,0,5,1,0.9617,0.964806821655434,k=0.0,minimum attainable main-event rate_upper over the declared grid (descriptive; its cost is not a comparable cost),1024,frontier_no_feasible_solution_found_no_ration,0.126953125,0.6171875,,,,
1,SD-SRC12,0.05,SDS2_MAIN9,SD-S2,MAIN9,SDS2_MAIN9:M2[N=1024]@alpha=0.05,M2_joint_chance_saa,M2_joint_chance_saa[N=1024],entry,False,not_met,,,"SAA over the N training scenarios proven infeasible for every alpha_train of the declared grid (training scenarios only; not a population, field or whole-space statement)",main_reference_plan_domain,cp_upper,,,,,False,0,4,0,,,,no scored grid candidate with a ration (not a whole-space statement),1024,frontier_no_feasible_solution_found_no_ration,0.126953125,0.6171875,,,,
1,SD-SRC12,0.05,SDS2_MAIN9,SD-S2,MAIN9,SDS2_MAIN9:M2[N=128]@alpha=0.05,M2_joint_chance_saa,M2_joint_chance_saa[N=128],entry,False,not_met,,,"SAA over the N training scenarios proven infeasible for every alpha_train of the declared grid (training scenarios only; not a population, field or whole-space statement)",main_reference_plan_domain,cp_upper,,,,,False,0,4,0,,,,no scored grid candidate with a ration (not a whole-space statement),128,optimal,0.5546875,0.5546875,0.7637,0.764,0.7709769753329558,"diagnostic frontier point (training scenarios only); not a method, never a member"
1,SD-SRC12,0.05,SDS2_MAIN9,SD-S2,MAIN9,SDS2_MAIN9:M2[N=512]@alpha=0.05,M2_joint_chance_saa,M2_joint_chance_saa[N=512],entry,False,not_met,,,"SAA over the N training scenarios proven infeasible for every alpha_train of the declared grid (training scenarios only; not a population, field or whole-space statement)",main_reference_plan_domain,cp_upper,,,,,False,0,4,0,,,,no scored grid candidate with a ration (not a whole-space statement),512,frontier_no_feasible_solution_found_no_ration,0.40625,0.568359375,,,,
1,SD-SRC12,0.05,SDS2_MAIN9,SD-S2,MAIN9,SDS2_MAIN9:M3a[factory box]@alpha=0.05,M3a_box_robust,M3a_box_robust,entry,False,not_met,,,no value of the declared grid met the validation screen (candidate statuses: proven_infeasible); a grid without a solution is not a statement about the whole decision space,main_reference_plan_domain,cp_upper,,,,,False,0,5,0,,,,no scored grid candidate with a ration (not a whole-space statement),1024,frontier_no_feasible_solution_found_no_ration,0.126953125,0.6171875,,,,
1,SD-SRC12,0.05,SDS2_MAIN9,SD-S2,MAIN9,SDS2_MAIN9:M3b[factory box]@alpha=0.05,M3b_budget_robust,M3b_budget_robust,entry,False,not_met,,,"no value of the declared grid met the validation screen (candidate statuses: optimal, proven_infeasible); a grid without a solution is not a statement about the whole decision space",main_reference_plan_domain,cp_upper,,,,,False,0,35,5,0.9617,0.964806821655434,"gamma=0 {""k_box"": 1.0}",minimum attainable main-event rate_upper over the declared grid (descriptive; its cost is not a comparable cost),1024,frontier_no_feasible_solution_found_no_ration,0.126953125,0.6171875,,,,
1,SD-SRC12,0.05,SDSRC12_MAIN9,SD-SRC12,MAIN9,SDSRC12_MAIN9:M0,M0_nominal,M0_nominal,entry,True,,,optimal,,main_reference_plan_domain,cp_upper,0.9617,0.9617,0.964806821655434,False,False,0,1,1,0.9617,0.964806821655434,,minimum attainable main-event rate_upper over the declared grid (descriptive; its cost is not a comparable cost),1024,frontier_no_feasible_solution_found_no_ration,0.283203125,0.7646484375,,,,
1,SD-SRC12,0.05,SDSRC12_MAIN9,SD-SRC12,MAIN9,"SDSRC12_MAIN9:M1[relative,apply_to_dm=False]@alpha=0.05",M1_safety_margin,M1_safety_margin[apply_to_dm=False],sensitivity_line,False,not_met,,,"no value of the declared grid met the validation screen (candidate statuses: optimal, proven_infeasible); a grid without a solution is not a statement about the whole decision space",main_reference_plan_domain,cp_upper,,,,,False,0,5,1,0.9617,0.964806821655434,k=0.0,minimum attainable main-event rate_upper over the declared grid (descriptive; its cost is not a comparable cost),1024,frontier_no_feasible_solution_found_no_ration,0.283203125,0.7646484375,,,,
1,SD-SRC12,0.05,SDSRC12_MAIN9,SD-SRC12,MAIN9,"SDSRC12_MAIN9:M1[relative,apply_to_dm=True]@alpha=0.05",M1_safety_margin,M1_safety_margin[apply_to_dm=True],entry,False,not_met,,,"no value of the declared grid met the validation screen (candidate statuses: optimal, proven_infeasible); a grid without a solution is not a statement about the whole decision space",main_reference_plan_domain,cp_upper,,,,,False,0,5,1,0.9617,0.964806821655434,k=0.0,minimum attainable main-event rate_upper over the declared grid (descriptive; its cost is not a comparable cost),1024,frontier_no_feasible_solution_found_no_ration,0.283203125,0.7646484375,,,,
1,SD-SRC12,0.05,SDSRC12_MAIN9,SD-SRC12,MAIN9,SDSRC12_MAIN9:M2[N=1024]@alpha=0.05,M2_joint_chance_saa,M2_joint_chance_saa[N=1024],entry,False,not_met,,,"SAA over the N training scenarios proven infeasible for every alpha_train of the declared grid (training scenarios only; not a population, field or whole-space statement)",main_reference_plan_domain,cp_upper,,,,,False,0,4,0,,,,no scored grid candidate with a ration (not a whole-space statement),1024,frontier_no_feasible_solution_found_no_ration,0.283203125,0.7646484375,,,,
1,SD-SRC12,0.05,SDSRC12_MAIN9,SD-SRC12,MAIN9,SDSRC12_MAIN9:M2[N=128]@alpha=0.05,M2_joint_chance_saa,M2_joint_chance_saa[N=128],entry,False,not_met,,,"SAA over the N training scenarios proven infeasible for every alpha_train of the declared grid (training scenarios only; not a population, field or whole-space statement)",main_reference_plan_domain,cp_upper,,,,,False,0,4,0,,,,no scored grid candidate with a ration (not a whole-space statement),128,optimal,0.703125,0.703125,0.6762,0.6765,0.6842061267958319,"diagnostic frontier point (training scenarios only); not a method, never a member"
1,SD-SRC12,0.05,SDSRC12_MAIN9,SD-SRC12,MAIN9,SDSRC12_MAIN9:M2[N=512]@alpha=0.05,M2_joint_chance_saa,M2_joint_chance_saa[N=512],entry,False,not_met,,,"SAA over the N training scenarios proven infeasible for every alpha_train of the declared grid (training scenarios only; not a population, field or whole-space statement)",main_reference_plan_domain,cp_upper,,,,,False,0,4,0,,,,no scored grid candidate with a ration (not a whole-space statement),512,frontier_no_feasible_solution_found_no_ration,0.52734375,0.732421875,,,,
1,SD-SRC12,0.05,SDSRC12_MAIN9,SD-SRC12,MAIN9,SDSRC12_MAIN9:M3a[factory box]@alpha=0.05,M3a_box_robust,M3a_box_robust,entry,False,not_met,,,no value of the declared grid met the validation screen (candidate statuses: proven_infeasible); a grid without a solution is not a statement about the whole decision space,main_reference_plan_domain,cp_upper,,,,,False,0,5,0,,,,no scored grid candidate with a ration (not a whole-space statement),1024,frontier_no_feasible_solution_found_no_ration,0.283203125,0.7646484375,,,,
1,SD-SRC12,0.05,SDSRC12_MAIN9,SD-SRC12,MAIN9,SDSRC12_MAIN9:M3b[factory box]@alpha=0.05,M3b_budget_robust,M3b_budget_robust,entry,False,not_met,,,"no value of the declared grid met the validation screen (candidate statuses: optimal, proven_infeasible); a grid without a solution is not a statement about the whole decision space",main_reference_plan_domain,cp_upper,,,,,False,0,35,5,0.9617,0.964806821655434,"gamma=0 {""k_box"": 1.0}",minimum attainable main-event rate_upper over the declared grid (descriptive; its cost is not a comparable cost),1024,frontier_no_feasible_solution_found_no_ration,0.283203125,0.7646484375,,,,
1,SD-SRC12,0.05,SDSRC14_MAIN9,SD-SRC14,MAIN9,SDSRC14_MAIN9:M0,M0_nominal,M0_nominal,entry,True,,,optimal,,main_reference_plan_domain,cp_upper,0.9617,0.9617,0.964806821655434,False,False,0,1,1,0.9617,0.964806821655434,,minimum attainable main-event rate_upper over the declared grid (descriptive; its cost is not a comparable cost),1024,frontier_no_feasible_solution_found_no_ration,0.1611328125,0.703125,,,,
1,SD-SRC12,0.05,SDSRC14_MAIN9,SD-SRC14,MAIN9,"SDSRC14_MAIN9:M1[relative,apply_to_dm=False]@alpha=0.05",M1_safety_margin,M1_safety_margin[apply_to_dm=False],sensitivity_line,False,not_met,,,"no value of the declared grid met the validation screen (candidate statuses: optimal, proven_infeasible); a grid without a solution is not a statement about the whole decision space",main_reference_plan_domain,cp_upper,,,,,False,0,5,1,0.9617,0.964806821655434,k=0.0,minimum attainable main-event rate_upper over the declared grid (descriptive; its cost is not a comparable cost),1024,frontier_no_feasible_solution_found_no_ration,0.1611328125,0.703125,,,,
1,SD-SRC12,0.05,SDSRC14_MAIN9,SD-SRC14,MAIN9,"SDSRC14_MAIN9:M1[relative,apply_to_dm=True]@alpha=0.05",M1_safety_margin,M1_safety_margin[apply_to_dm=True],entry,False,not_met,,,"no value of the declared grid met the validation screen (candidate statuses: optimal, proven_infeasible); a grid without a solution is not a statement about the whole decision space",main_reference_plan_domain,cp_upper,,,,,False,0,5,1,0.9617,0.964806821655434,k=0.0,minimum attainable main-event rate_upper over the declared grid (descriptive; its cost is not a comparable cost),1024,frontier_no_feasible_solution_found_no_ration,0.1611328125,0.703125,,,,
1,SD-SRC12,0.05,SDSRC14_MAIN9,SD-SRC14,MAIN9,SDSRC14_MAIN9:M2[N=1024]@alpha=0.05,M2_joint_chance_saa,M2_joint_chance_saa[N=1024],entry,False,not_met,,,"SAA over the N training scenarios proven infeasible for every alpha_train of the declared grid (training scenarios only; not a population, field or whole-space statement)",main_reference_plan_domain,cp_upper,,,,,False,0,4,0,,,,no scored grid candidate with a ration (not a whole-space statement),1024,frontier_no_feasible_solution_found_no_ration,0.1611328125,0.703125,,,,
1,SD-SRC12,0.05,SDSRC14_MAIN9,SD-SRC14,MAIN9,SDSRC14_MAIN9:M2[N=128]@alpha=0.05,M2_joint_chance_saa,M2_joint_chance_saa[N=128],entry,False,not_met,,,"SAA over the N training scenarios proven infeasible for every alpha_train of the declared grid (training scenarios only; not a population, field or whole-space statement)",main_reference_plan_domain,cp_upper,,,,,False,0,4,0,,,,no scored grid candidate with a ration (not a whole-space statement),128,optimal,0.625,0.625,0.7049,0.7052,0.7127049138894015,"diagnostic frontier point (training scenarios only); not a method, never a member"
1,SD-SRC12,0.05,SDSRC14_MAIN9,SD-SRC14,MAIN9,SDSRC14_MAIN9:M2[N=512]@alpha=0.05,M2_joint_chance_saa,M2_joint_chance_saa[N=512],entry,False,not_met,,,"SAA over the N training scenarios proven infeasible for every alpha_train of the declared grid (training scenarios only; not a population, field or whole-space statement)",main_reference_plan_domain,cp_upper,,,,,False,0,4,0,,,,no scored grid candidate with a ration (not a whole-space statement),512,frontier_no_feasible_solution_found_no_ration,0.4140625,0.65625,,,,
1,SD-SRC12,0.05,SDSRC14_MAIN9,SD-SRC14,MAIN9,SDSRC14_MAIN9:M3a[factory box]@alpha=0.05,M3a_box_robust,M3a_box_robust,entry,False,not_met,,,no value of the declared grid met the validation screen (candidate statuses: proven_infeasible); a grid without a solution is not a statement about the whole decision space,main_reference_plan_domain,cp_upper,,,,,False,0,5,0,,,,no scored grid candidate with a ration (not a whole-space statement),1024,frontier_no_feasible_solution_found_no_ration,0.1611328125,0.703125,,,,
1,SD-SRC12,0.05,SDSRC14_MAIN9,SD-SRC14,MAIN9,SDSRC14_MAIN9:M3b[factory box]@alpha=0.05,M3b_budget_robust,M3b_budget_robust,entry,False,not_met,,,"no value of the declared grid met the validation screen (candidate statuses: optimal, proven_infeasible); a grid without a solution is not a statement about the whole decision space",main_reference_plan_domain,cp_upper,,,,,False,0,35,5,0.9617,0.964806821655434,"gamma=0 {""k_box"": 1.0}",minimum attainable main-event rate_upper over the declared grid (descriptive; its cost is not a comparable cost),1024,frontier_no_feasible_solution_found_no_ration,0.1611328125,0.703125,,,,
1,SD-SRC12,0.1,SD12MO_MAIN9,SD-12MO,MAIN9,SD12MO_MAIN9:M0,M0_nominal,M0_nominal,entry,True,,,optimal,,main_reference_plan_domain,cp_upper,0.9617,0.9617,0.964806821655434,False,False,0,1,1,0.9617,0.964806821655434,,minimum attainable main-event rate_upper over the declared grid (descriptive; its cost is not a comparable cost),1024,frontier_no_feasible_solution_found_no_ration,0.330078125,0.66796875,,,,
1,SD-SRC12,0.1,SD12MO_MAIN9,SD-12MO,MAIN9,"SD12MO_MAIN9:M1[relative,apply_to_dm=False]@alpha=0.1",M1_safety_margin,M1_safety_margin[apply_to_dm=False],sensitivity_line,False,not_met,,,"no value of the declared grid met the validation screen (candidate statuses: optimal, proven_infeasible); a grid without a solution is not a statement about the whole decision space",main_reference_plan_domain,cp_upper,,,,,False,0,5,1,0.9617,0.964806821655434,k=0.0,minimum attainable main-event rate_upper over the declared grid (descriptive; its cost is not a comparable cost),1024,frontier_no_feasible_solution_found_no_ration,0.330078125,0.66796875,,,,
1,SD-SRC12,0.1,SD12MO_MAIN9,SD-12MO,MAIN9,"SD12MO_MAIN9:M1[relative,apply_to_dm=True]@alpha=0.1",M1_safety_margin,M1_safety_margin[apply_to_dm=True],entry,False,not_met,,,"no value of the declared grid met the validation screen (candidate statuses: optimal, proven_infeasible); a grid without a solution is not a statement about the whole decision space",main_reference_plan_domain,cp_upper,,,,,False,0,5,1,0.9617,0.964806821655434,k=0.0,minimum attainable main-event rate_upper over the declared grid (descriptive; its cost is not a comparable cost),1024,frontier_no_feasible_solution_found_no_ration,0.330078125,0.66796875,,,,
1,SD-SRC12,0.1,SD12MO_MAIN9,SD-12MO,MAIN9,SD12MO_MAIN9:M2[N=1024]@alpha=0.1,M2_joint_chance_saa,M2_joint_chance_saa[N=1024],entry,False,not_met,,,"SAA over the N training scenarios proven infeasible for every alpha_train of the declared grid (training scenarios only; not a population, field or whole-space statement)",main_reference_plan_domain,cp_upper,,,,,False,0,4,0,,,,no scored grid candidate with a ration (not a whole-space statement),1024,frontier_no_feasible_solution_found_no_ration,0.330078125,0.66796875,,,,
1,SD-SRC12,0.1,SD12MO_MAIN9,SD-12MO,MAIN9,SD12MO_MAIN9:M2[N=128]@alpha=0.1,M2_joint_chance_saa,M2_joint_chance_saa[N=128],entry,False,not_met,,,"SAA over the N training scenarios proven infeasible for every alpha_train of the declared grid (training scenarios only; not a population, field or whole-space statement)",main_reference_plan_domain,cp_upper,,,,,False,0,4,0,,,,no scored grid candidate with a ration (not a whole-space statement),128,optimal,0.625,0.625,0.7456,0.7459,0.7530573757932916,"diagnostic frontier point (training scenarios only); not a method, never a member"
1,SD-SRC12,0.1,SD12MO_MAIN9,SD-12MO,MAIN9,SD12MO_MAIN9:M2[N=512]@alpha=0.1,M2_joint_chance_saa,M2_joint_chance_saa[N=512],entry,False,not_met,,,"SAA over the N training scenarios proven infeasible for every alpha_train of the declared grid (training scenarios only; not a population, field or whole-space statement)",main_reference_plan_domain,cp_upper,,,,,False,0,4,0,,,,no scored grid candidate with a ration (not a whole-space statement),512,frontier_no_feasible_solution_found_no_ration,0.51171875,0.63671875,,,,
1,SD-SRC12,0.1,SD12MO_MAIN9,SD-12MO,MAIN9,SD12MO_MAIN9:M3a[factory box]@alpha=0.1,M3a_box_robust,M3a_box_robust,entry,False,not_met,,,no value of the declared grid met the validation screen (candidate statuses: proven_infeasible); a grid without a solution is not a statement about the whole decision space,main_reference_plan_domain,cp_upper,,,,,False,0,5,0,,,,no scored grid candidate with a ration (not a whole-space statement),1024,frontier_no_feasible_solution_found_no_ration,0.330078125,0.66796875,,,,
1,SD-SRC12,0.1,SD12MO_MAIN9,SD-12MO,MAIN9,SD12MO_MAIN9:M3b[factory box]@alpha=0.1,M3b_budget_robust,M3b_budget_robust,entry,False,not_met,,,"no value of the declared grid met the validation screen (candidate statuses: optimal, proven_infeasible); a grid without a solution is not a statement about the whole decision space",main_reference_plan_domain,cp_upper,,,,,False,0,35,5,0.9617,0.964806821655434,"gamma=0 {""k_box"": 1.0}",minimum attainable main-event rate_upper over the declared grid (descriptive; its cost is not a comparable cost),1024,frontier_no_feasible_solution_found_no_ration,0.330078125,0.66796875,,,,
1,SD-SRC12,0.1,SDH0_MAIN9,SD-H0,MAIN9,SDH0_MAIN9:M0,M0_nominal,M0_nominal,entry,True,,,optimal,,main_reference_plan_domain,cp_upper,0.9617,0.9617,0.964806821655434,False,False,0,1,1,0.9617,0.964806821655434,,minimum attainable main-event rate_upper over the declared grid (descriptive; its cost is not a comparable cost),1024,frontier_no_feasible_solution_found_no_ration,0.4189453125,0.751953125,,,,
1,SD-SRC12,0.1,SDH0_MAIN9,SD-H0,MAIN9,"SDH0_MAIN9:M1[relative,apply_to_dm=False]@alpha=0.1",M1_safety_margin,M1_safety_margin[apply_to_dm=False],sensitivity_line,False,not_met,,,"no value of the declared grid met the validation screen (candidate statuses: optimal, proven_infeasible); a grid without a solution is not a statement about the whole decision space",main_reference_plan_domain,cp_upper,,,,,False,0,5,1,0.9617,0.964806821655434,k=0.0,minimum attainable main-event rate_upper over the declared grid (descriptive; its cost is not a comparable cost),1024,frontier_no_feasible_solution_found_no_ration,0.4189453125,0.751953125,,,,
1,SD-SRC12,0.1,SDH0_MAIN9,SD-H0,MAIN9,"SDH0_MAIN9:M1[relative,apply_to_dm=True]@alpha=0.1",M1_safety_margin,M1_safety_margin[apply_to_dm=True],entry,False,not_met,,,"no value of the declared grid met the validation screen (candidate statuses: optimal, proven_infeasible); a grid without a solution is not a statement about the whole decision space",main_reference_plan_domain,cp_upper,,,,,False,0,5,1,0.9617,0.964806821655434,k=0.0,minimum attainable main-event rate_upper over the declared grid (descriptive; its cost is not a comparable cost),1024,frontier_no_feasible_solution_found_no_ration,0.4189453125,0.751953125,,,,
1,SD-SRC12,0.1,SDH0_MAIN9,SD-H0,MAIN9,SDH0_MAIN9:M2[N=1024]@alpha=0.1,M2_joint_chance_saa,M2_joint_chance_saa[N=1024],entry,False,not_met,,,"SAA over the N training scenarios proven infeasible for every alpha_train of the declared grid (training scenarios only; not a population, field or whole-space statement)",main_reference_plan_domain,cp_upper,,,,,False,0,4,0,,,,no scored grid candidate with a ration (not a whole-space statement),1024,frontier_no_feasible_solution_found_no_ration,0.4189453125,0.751953125,,,,
1,SD-SRC12,0.1,SDH0_MAIN9,SD-H0,MAIN9,SDH0_MAIN9:M2[N=128]@alpha=0.1,M2_joint_chance_saa,M2_joint_chance_saa[N=128],entry,False,not_met,,,"SAA over the N training scenarios proven infeasible for every alpha_train of the declared grid (training scenarios only; not a population, field or whole-space statement)",main_reference_plan_domain,cp_upper,,,,,False,0,4,0,,,,no scored grid candidate with a ration (not a whole-space statement),128,optimal,0.734375,0.734375,0.7177,0.718,0.7254038175028611,"diagnostic frontier point (training scenarios only); not a method, never a member"
1,SD-SRC12,0.1,SDH0_MAIN9,SD-H0,MAIN9,SDH0_MAIN9:M2[N=512]@alpha=0.1,M2_joint_chance_saa,M2_joint_chance_saa[N=512],entry,False,not_met,,,"SAA over the N training scenarios proven infeasible for every alpha_train of the declared grid (training scenarios only; not a population, field or whole-space statement)",main_reference_plan_domain,cp_upper,,,,,False,0,4,0,,,,no scored grid candidate with a ration (not a whole-space statement),512,frontier_no_feasible_solution_found_no_ration,0.578125,0.724609375,,,,
1,SD-SRC12,0.1,SDH0_MAIN9,SD-H0,MAIN9,SDH0_MAIN9:M3a[factory box]@alpha=0.1,M3a_box_robust,M3a_box_robust,entry,False,not_met,,,no value of the declared grid met the validation screen (candidate statuses: proven_infeasible); a grid without a solution is not a statement about the whole decision space,main_reference_plan_domain,cp_upper,,,,,False,0,5,0,,,,no scored grid candidate with a ration (not a whole-space statement),1024,frontier_no_feasible_solution_found_no_ration,0.4189453125,0.751953125,,,,
1,SD-SRC12,0.1,SDH0_MAIN9,SD-H0,MAIN9,SDH0_MAIN9:M3b[factory box]@alpha=0.1,M3b_budget_robust,M3b_budget_robust,entry,False,not_met,,,"no value of the declared grid met the validation screen (candidate statuses: optimal, proven_infeasible); a grid without a solution is not a statement about the whole decision space",main_reference_plan_domain,cp_upper,,,,,False,0,35,5,0.9617,0.964806821655434,"gamma=0 {""k_box"": 1.0}",minimum attainable main-event rate_upper over the declared grid (descriptive; its cost is not a comparable cost),1024,frontier_no_feasible_solution_found_no_ration,0.4189453125,0.751953125,,,,
1,SD-SRC12,0.1,SDS2_MAIN9,SD-S2,MAIN9,SDS2_MAIN9:M0,M0_nominal,M0_nominal,entry,True,,,optimal,,main_reference_plan_domain,cp_upper,0.9617,0.9617,0.964806821655434,False,False,0,1,1,0.9617,0.964806821655434,,minimum attainable main-event rate_upper over the declared grid (descriptive; its cost is not a comparable cost),1024,frontier_no_feasible_solution_found_no_ration,0.126953125,0.6171875,,,,
1,SD-SRC12,0.1,SDS2_MAIN9,SD-S2,MAIN9,"SDS2_MAIN9:M1[relative,apply_to_dm=False]@alpha=0.1",M1_safety_margin,M1_safety_margin[apply_to_dm=False],sensitivity_line,False,not_met,,,"no value of the declared grid met the validation screen (candidate statuses: optimal, proven_infeasible); a grid without a solution is not a statement about the whole decision space",main_reference_plan_domain,cp_upper,,,,,False,0,5,1,0.9617,0.964806821655434,k=0.0,minimum attainable main-event rate_upper over the declared grid (descriptive; its cost is not a comparable cost),1024,frontier_no_feasible_solution_found_no_ration,0.126953125,0.6171875,,,,
1,SD-SRC12,0.1,SDS2_MAIN9,SD-S2,MAIN9,"SDS2_MAIN9:M1[relative,apply_to_dm=True]@alpha=0.1",M1_safety_margin,M1_safety_margin[apply_to_dm=True],entry,False,not_met,,,"no value of the declared grid met the validation screen (candidate statuses: optimal, proven_infeasible); a grid without a solution is not a statement about the whole decision space",main_reference_plan_domain,cp_upper,,,,,False,0,5,1,0.9617,0.964806821655434,k=0.0,minimum attainable main-event rate_upper over the declared grid (descriptive; its cost is not a comparable cost),1024,frontier_no_feasible_solution_found_no_ration,0.126953125,0.6171875,,,,
1,SD-SRC12,0.1,SDS2_MAIN9,SD-S2,MAIN9,SDS2_MAIN9:M2[N=1024]@alpha=0.1,M2_joint_chance_saa,M2_joint_chance_saa[N=1024],entry,False,not_met,,,"SAA over the N training scenarios proven infeasible for every alpha_train of the declared grid (training scenarios only; not a population, field or whole-space statement)",main_reference_plan_domain,cp_upper,,,,,False,0,4,0,,,,no scored grid candidate with a ration (not a whole-space statement),1024,frontier_no_feasible_solution_found_no_ration,0.126953125,0.6171875,,,,
1,SD-SRC12,0.1,SDS2_MAIN9,SD-S2,MAIN9,SDS2_MAIN9:M2[N=128]@alpha=0.1,M2_joint_chance_saa,M2_joint_chance_saa[N=128],entry,False,not_met,,,"SAA over the N training scenarios proven infeasible for every alpha_train of the declared grid (training scenarios only; not a population, field or whole-space statement)",main_reference_plan_domain,cp_upper,,,,,False,0,4,0,,,,no scored grid candidate with a ration (not a whole-space statement),128,optimal,0.5546875,0.5546875,0.7637,0.764,0.7709769753329558,"diagnostic frontier point (training scenarios only); not a method, never a member"
1,SD-SRC12,0.1,SDS2_MAIN9,SD-S2,MAIN9,SDS2_MAIN9:M2[N=512]@alpha=0.1,M2_joint_chance_saa,M2_joint_chance_saa[N=512],entry,False,not_met,,,"SAA over the N training scenarios proven infeasible for every alpha_train of the declared grid (training scenarios only; not a population, field or whole-space statement)",main_reference_plan_domain,cp_upper,,,,,False,0,4,0,,,,no scored grid candidate with a ration (not a whole-space statement),512,frontier_no_feasible_solution_found_no_ration,0.40625,0.568359375,,,,
1,SD-SRC12,0.1,SDS2_MAIN9,SD-S2,MAIN9,SDS2_MAIN9:M3a[factory box]@alpha=0.1,M3a_box_robust,M3a_box_robust,entry,False,not_met,,,no value of the declared grid met the validation screen (candidate statuses: proven_infeasible); a grid without a solution is not a statement about the whole decision space,main_reference_plan_domain,cp_upper,,,,,False,0,5,0,,,,no scored grid candidate with a ration (not a whole-space statement),1024,frontier_no_feasible_solution_found_no_ration,0.126953125,0.6171875,,,,
1,SD-SRC12,0.1,SDS2_MAIN9,SD-S2,MAIN9,SDS2_MAIN9:M3b[factory box]@alpha=0.1,M3b_budget_robust,M3b_budget_robust,entry,False,not_met,,,"no value of the declared grid met the validation screen (candidate statuses: optimal, proven_infeasible); a grid without a solution is not a statement about the whole decision space",main_reference_plan_domain,cp_upper,,,,,False,0,35,5,0.9617,0.964806821655434,"gamma=0 {""k_box"": 1.0}",minimum attainable main-event rate_upper over the declared grid (descriptive; its cost is not a comparable cost),1024,frontier_no_feasible_solution_found_no_ration,0.126953125,0.6171875,,,,
1,SD-SRC12,0.1,SDSRC12_MAIN9,SD-SRC12,MAIN9,SDSRC12_MAIN9:M0,M0_nominal,M0_nominal,entry,True,,,optimal,,main_reference_plan_domain,cp_upper,0.9617,0.9617,0.964806821655434,False,False,0,1,1,0.9617,0.964806821655434,,minimum attainable main-event rate_upper over the declared grid (descriptive; its cost is not a comparable cost),1024,frontier_no_feasible_solution_found_no_ration,0.283203125,0.7646484375,,,,
1,SD-SRC12,0.1,SDSRC12_MAIN9,SD-SRC12,MAIN9,"SDSRC12_MAIN9:M1[relative,apply_to_dm=False]@alpha=0.1",M1_safety_margin,M1_safety_margin[apply_to_dm=False],sensitivity_line,False,not_met,,,"no value of the declared grid met the validation screen (candidate statuses: optimal, proven_infeasible); a grid without a solution is not a statement about the whole decision space",main_reference_plan_domain,cp_upper,,,,,False,0,5,1,0.9617,0.964806821655434,k=0.0,minimum attainable main-event rate_upper over the declared grid (descriptive; its cost is not a comparable cost),1024,frontier_no_feasible_solution_found_no_ration,0.283203125,0.7646484375,,,,
1,SD-SRC12,0.1,SDSRC12_MAIN9,SD-SRC12,MAIN9,"SDSRC12_MAIN9:M1[relative,apply_to_dm=True]@alpha=0.1",M1_safety_margin,M1_safety_margin[apply_to_dm=True],entry,False,not_met,,,"no value of the declared grid met the validation screen (candidate statuses: optimal, proven_infeasible); a grid without a solution is not a statement about the whole decision space",main_reference_plan_domain,cp_upper,,,,,False,0,5,1,0.9617,0.964806821655434,k=0.0,minimum attainable main-event rate_upper over the declared grid (descriptive; its cost is not a comparable cost),1024,frontier_no_feasible_solution_found_no_ration,0.283203125,0.7646484375,,,,
1,SD-SRC12,0.1,SDSRC12_MAIN9,SD-SRC12,MAIN9,SDSRC12_MAIN9:M2[N=1024]@alpha=0.1,M2_joint_chance_saa,M2_joint_chance_saa[N=1024],entry,False,not_met,,,"SAA over the N training scenarios proven infeasible for every alpha_train of the declared grid (training scenarios only; not a population, field or whole-space statement)",main_reference_plan_domain,cp_upper,,,,,False,0,4,0,,,,no scored grid candidate with a ration (not a whole-space statement),1024,frontier_no_feasible_solution_found_no_ration,0.283203125,0.7646484375,,,,
1,SD-SRC12,0.1,SDSRC12_MAIN9,SD-SRC12,MAIN9,SDSRC12_MAIN9:M2[N=128]@alpha=0.1,M2_joint_chance_saa,M2_joint_chance_saa[N=128],entry,False,not_met,,,"SAA over the N training scenarios proven infeasible for every alpha_train of the declared grid (training scenarios only; not a population, field or whole-space statement)",main_reference_plan_domain,cp_upper,,,,,False,0,4,0,,,,no scored grid candidate with a ration (not a whole-space statement),128,optimal,0.703125,0.703125,0.6762,0.6765,0.6842061267958319,"diagnostic frontier point (training scenarios only); not a method, never a member"
1,SD-SRC12,0.1,SDSRC12_MAIN9,SD-SRC12,MAIN9,SDSRC12_MAIN9:M2[N=512]@alpha=0.1,M2_joint_chance_saa,M2_joint_chance_saa[N=512],entry,False,not_met,,,"SAA over the N training scenarios proven infeasible for every alpha_train of the declared grid (training scenarios only; not a population, field or whole-space statement)",main_reference_plan_domain,cp_upper,,,,,False,0,4,0,,,,no scored grid candidate with a ration (not a whole-space statement),512,frontier_no_feasible_solution_found_no_ration,0.52734375,0.732421875,,,,
1,SD-SRC12,0.1,SDSRC12_MAIN9,SD-SRC12,MAIN9,SDSRC12_MAIN9:M3a[factory box]@alpha=0.1,M3a_box_robust,M3a_box_robust,entry,False,not_met,,,no value of the declared grid met the validation screen (candidate statuses: proven_infeasible); a grid without a solution is not a statement about the whole decision space,main_reference_plan_domain,cp_upper,,,,,False,0,5,0,,,,no scored grid candidate with a ration (not a whole-space statement),1024,frontier_no_feasible_solution_found_no_ration,0.283203125,0.7646484375,,,,
1,SD-SRC12,0.1,SDSRC12_MAIN9,SD-SRC12,MAIN9,SDSRC12_MAIN9:M3b[factory box]@alpha=0.1,M3b_budget_robust,M3b_budget_robust,entry,False,not_met,,,"no value of the declared grid met the validation screen (candidate statuses: optimal, proven_infeasible); a grid without a solution is not a statement about the whole decision space",main_reference_plan_domain,cp_upper,,,,,False,0,35,5,0.9617,0.964806821655434,"gamma=0 {""k_box"": 1.0}",minimum attainable main-event rate_upper over the declared grid (descriptive; its cost is not a comparable cost),1024,frontier_no_feasible_solution_found_no_ration,0.283203125,0.7646484375,,,,
1,SD-SRC12,0.1,SDSRC14_MAIN9,SD-SRC14,MAIN9,SDSRC14_MAIN9:M0,M0_nominal,M0_nominal,entry,True,,,optimal,,main_reference_plan_domain,cp_upper,0.9617,0.9617,0.964806821655434,False,False,0,1,1,0.9617,0.964806821655434,,minimum attainable main-event rate_upper over the declared grid (descriptive; its cost is not a comparable cost),1024,frontier_no_feasible_solution_found_no_ration,0.1611328125,0.703125,,,,
1,SD-SRC12,0.1,SDSRC14_MAIN9,SD-SRC14,MAIN9,"SDSRC14_MAIN9:M1[relative,apply_to_dm=False]@alpha=0.1",M1_safety_margin,M1_safety_margin[apply_to_dm=False],sensitivity_line,False,not_met,,,"no value of the declared grid met the validation screen (candidate statuses: optimal, proven_infeasible); a grid without a solution is not a statement about the whole decision space",main_reference_plan_domain,cp_upper,,,,,False,0,5,1,0.9617,0.964806821655434,k=0.0,minimum attainable main-event rate_upper over the declared grid (descriptive; its cost is not a comparable cost),1024,frontier_no_feasible_solution_found_no_ration,0.1611328125,0.703125,,,,
1,SD-SRC12,0.1,SDSRC14_MAIN9,SD-SRC14,MAIN9,"SDSRC14_MAIN9:M1[relative,apply_to_dm=True]@alpha=0.1",M1_safety_margin,M1_safety_margin[apply_to_dm=True],entry,False,not_met,,,"no value of the declared grid met the validation screen (candidate statuses: optimal, proven_infeasible); a grid without a solution is not a statement about the whole decision space",main_reference_plan_domain,cp_upper,,,,,False,0,5,1,0.9617,0.964806821655434,k=0.0,minimum attainable main-event rate_upper over the declared grid (descriptive; its cost is not a comparable cost),1024,frontier_no_feasible_solution_found_no_ration,0.1611328125,0.703125,,,,
1,SD-SRC12,0.1,SDSRC14_MAIN9,SD-SRC14,MAIN9,SDSRC14_MAIN9:M2[N=1024]@alpha=0.1,M2_joint_chance_saa,M2_joint_chance_saa[N=1024],entry,False,not_met,,,"SAA over the N training scenarios proven infeasible for every alpha_train of the declared grid (training scenarios only; not a population, field or whole-space statement)",main_reference_plan_domain,cp_upper,,,,,False,0,4,0,,,,no scored grid candidate with a ration (not a whole-space statement),1024,frontier_no_feasible_solution_found_no_ration,0.1611328125,0.703125,,,,
1,SD-SRC12,0.1,SDSRC14_MAIN9,SD-SRC14,MAIN9,SDSRC14_MAIN9:M2[N=128]@alpha=0.1,M2_joint_chance_saa,M2_joint_chance_saa[N=128],entry,False,not_met,,,"SAA over the N training scenarios proven infeasible for every alpha_train of the declared grid (training scenarios only; not a population, field or whole-space statement)",main_reference_plan_domain,cp_upper,,,,,False,0,4,0,,,,no scored grid candidate with a ration (not a whole-space statement),128,optimal,0.625,0.625,0.7049,0.7052,0.7127049138894015,"diagnostic frontier point (training scenarios only); not a method, never a member"
1,SD-SRC12,0.1,SDSRC14_MAIN9,SD-SRC14,MAIN9,SDSRC14_MAIN9:M2[N=512]@alpha=0.1,M2_joint_chance_saa,M2_joint_chance_saa[N=512],entry,False,not_met,,,"SAA over the N training scenarios proven infeasible for every alpha_train of the declared grid (training scenarios only; not a population, field or whole-space statement)",main_reference_plan_domain,cp_upper,,,,,False,0,4,0,,,,no scored grid candidate with a ration (not a whole-space statement),512,frontier_no_feasible_solution_found_no_ration,0.4140625,0.65625,,,,
1,SD-SRC12,0.1,SDSRC14_MAIN9,SD-SRC14,MAIN9,SDSRC14_MAIN9:M3a[factory box]@alpha=0.1,M3a_box_robust,M3a_box_robust,entry,False,not_met,,,no value of the declared grid met the validation screen (candidate statuses: proven_infeasible); a grid without a solution is not a statement about the whole decision space,main_reference_plan_domain,cp_upper,,,,,False,0,5,0,,,,no scored grid candidate with a ration (not a whole-space statement),1024,frontier_no_feasible_solution_found_no_ration,0.1611328125,0.703125,,,,
1,SD-SRC12,0.1,SDSRC14_MAIN9,SD-SRC14,MAIN9,SDSRC14_MAIN9:M3b[factory box]@alpha=0.1,M3b_budget_robust,M3b_budget_robust,entry,False,not_met,,,"no value of the declared grid met the validation screen (candidate statuses: optimal, proven_infeasible); a grid without a solution is not a statement about the whole decision space",main_reference_plan_domain,cp_upper,,,,,False,0,35,5,0.9617,0.964806821655434,"gamma=0 {""k_box"": 1.0}",minimum attainable main-event rate_upper over the declared grid (descriptive; its cost is not a comparable cost),1024,frontier_no_feasible_solution_found_no_ration,0.1611328125,0.703125,,,,
1,SD-SRC12,0.01,SD12MO_MAIN9,SD-12MO,MAIN9,SD12MO_MAIN9:M0,M0_nominal,M0_nominal,entry,True,,,optimal,,main_reference_plan_domain,cp_upper,0.9617,0.9617,0.964806821655434,False,False,0,1,1,0.9617,0.964806821655434,,minimum attainable main-event rate_upper over the declared grid (descriptive; its cost is not a comparable cost),1024,frontier_no_feasible_solution_found_no_ration,0.330078125,0.66796875,,,,
1,SD-SRC12,0.01,SD12MO_MAIN9,SD-12MO,MAIN9,"SD12MO_MAIN9:M1[relative,apply_to_dm=False]@alpha=0.01",M1_safety_margin,M1_safety_margin[apply_to_dm=False],sensitivity_line,False,not_met,,,"no value of the declared grid met the validation screen (candidate statuses: optimal, proven_infeasible); a grid without a solution is not a statement about the whole decision space",main_reference_plan_domain,cp_upper,,,,,False,0,5,1,0.9617,0.964806821655434,k=0.0,minimum attainable main-event rate_upper over the declared grid (descriptive; its cost is not a comparable cost),1024,frontier_no_feasible_solution_found_no_ration,0.330078125,0.66796875,,,,
1,SD-SRC12,0.01,SD12MO_MAIN9,SD-12MO,MAIN9,"SD12MO_MAIN9:M1[relative,apply_to_dm=True]@alpha=0.01",M1_safety_margin,M1_safety_margin[apply_to_dm=True],entry,False,not_met,,,"no value of the declared grid met the validation screen (candidate statuses: optimal, proven_infeasible); a grid without a solution is not a statement about the whole decision space",main_reference_plan_domain,cp_upper,,,,,False,0,5,1,0.9617,0.964806821655434,k=0.0,minimum attainable main-event rate_upper over the declared grid (descriptive; its cost is not a comparable cost),1024,frontier_no_feasible_solution_found_no_ration,0.330078125,0.66796875,,,,
1,SD-SRC12,0.01,SD12MO_MAIN9,SD-12MO,MAIN9,SD12MO_MAIN9:M2[N=1024]@alpha=0.01,M2_joint_chance_saa,M2_joint_chance_saa[N=1024],entry,False,not_met,,,"SAA over the N training scenarios proven infeasible for every alpha_train of the declared grid (training scenarios only; not a population, field or whole-space statement)",main_reference_plan_domain,cp_upper,,,,,False,0,4,0,,,,no scored grid candidate with a ration (not a whole-space statement),1024,frontier_no_feasible_solution_found_no_ration,0.330078125,0.66796875,,,,
1,SD-SRC12,0.01,SD12MO_MAIN9,SD-12MO,MAIN9,SD12MO_MAIN9:M2[N=128]@alpha=0.01,M2_joint_chance_saa,M2_joint_chance_saa[N=128],entry,False,not_met,,,"SAA over the N training scenarios proven infeasible for every alpha_train of the declared grid (training scenarios only; not a population, field or whole-space statement)",main_reference_plan_domain,cp_upper,,,,,False,0,4,0,,,,no scored grid candidate with a ration (not a whole-space statement),128,optimal,0.625,0.625,0.7456,0.7459,0.7530573757932916,"diagnostic frontier point (training scenarios only); not a method, never a member"
1,SD-SRC12,0.01,SD12MO_MAIN9,SD-12MO,MAIN9,SD12MO_MAIN9:M2[N=512]@alpha=0.01,M2_joint_chance_saa,M2_joint_chance_saa[N=512],entry,False,not_met,,,"SAA over the N training scenarios proven infeasible for every alpha_train of the declared grid (training scenarios only; not a population, field or whole-space statement)",main_reference_plan_domain,cp_upper,,,,,False,0,4,0,,,,no scored grid candidate with a ration (not a whole-space statement),512,frontier_no_feasible_solution_found_no_ration,0.51171875,0.63671875,,,,
1,SD-SRC12,0.01,SD12MO_MAIN9,SD-12MO,MAIN9,SD12MO_MAIN9:M3a[factory box]@alpha=0.01,M3a_box_robust,M3a_box_robust,entry,False,not_met,,,no value of the declared grid met the validation screen (candidate statuses: proven_infeasible); a grid without a solution is not a statement about the whole decision space,main_reference_plan_domain,cp_upper,,,,,False,0,5,0,,,,no scored grid candidate with a ration (not a whole-space statement),1024,frontier_no_feasible_solution_found_no_ration,0.330078125,0.66796875,,,,
1,SD-SRC12,0.01,SD12MO_MAIN9,SD-12MO,MAIN9,SD12MO_MAIN9:M3b[factory box]@alpha=0.01,M3b_budget_robust,M3b_budget_robust,entry,False,not_met,,,"no value of the declared grid met the validation screen (candidate statuses: optimal, proven_infeasible); a grid without a solution is not a statement about the whole decision space",main_reference_plan_domain,cp_upper,,,,,False,0,35,5,0.9617,0.964806821655434,"gamma=0 {""k_box"": 1.0}",minimum attainable main-event rate_upper over the declared grid (descriptive; its cost is not a comparable cost),1024,frontier_no_feasible_solution_found_no_ration,0.330078125,0.66796875,,,,
1,SD-SRC12,0.01,SDH0_MAIN9,SD-H0,MAIN9,SDH0_MAIN9:M0,M0_nominal,M0_nominal,entry,True,,,optimal,,main_reference_plan_domain,cp_upper,0.9617,0.9617,0.964806821655434,False,False,0,1,1,0.9617,0.964806821655434,,minimum attainable main-event rate_upper over the declared grid (descriptive; its cost is not a comparable cost),1024,frontier_no_feasible_solution_found_no_ration,0.4189453125,0.751953125,,,,
1,SD-SRC12,0.01,SDH0_MAIN9,SD-H0,MAIN9,"SDH0_MAIN9:M1[relative,apply_to_dm=False]@alpha=0.01",M1_safety_margin,M1_safety_margin[apply_to_dm=False],sensitivity_line,False,not_met,,,"no value of the declared grid met the validation screen (candidate statuses: optimal, proven_infeasible); a grid without a solution is not a statement about the whole decision space",main_reference_plan_domain,cp_upper,,,,,False,0,5,1,0.9617,0.964806821655434,k=0.0,minimum attainable main-event rate_upper over the declared grid (descriptive; its cost is not a comparable cost),1024,frontier_no_feasible_solution_found_no_ration,0.4189453125,0.751953125,,,,
1,SD-SRC12,0.01,SDH0_MAIN9,SD-H0,MAIN9,"SDH0_MAIN9:M1[relative,apply_to_dm=True]@alpha=0.01",M1_safety_margin,M1_safety_margin[apply_to_dm=True],entry,False,not_met,,,"no value of the declared grid met the validation screen (candidate statuses: optimal, proven_infeasible); a grid without a solution is not a statement about the whole decision space",main_reference_plan_domain,cp_upper,,,,,False,0,5,1,0.9617,0.964806821655434,k=0.0,minimum attainable main-event rate_upper over the declared grid (descriptive; its cost is not a comparable cost),1024,frontier_no_feasible_solution_found_no_ration,0.4189453125,0.751953125,,,,
1,SD-SRC12,0.01,SDH0_MAIN9,SD-H0,MAIN9,SDH0_MAIN9:M2[N=1024]@alpha=0.01,M2_joint_chance_saa,M2_joint_chance_saa[N=1024],entry,False,not_met,,,"SAA over the N training scenarios proven infeasible for every alpha_train of the declared grid (training scenarios only; not a population, field or whole-space statement)",main_reference_plan_domain,cp_upper,,,,,False,0,4,0,,,,no scored grid candidate with a ration (not a whole-space statement),1024,frontier_no_feasible_solution_found_no_ration,0.4189453125,0.751953125,,,,
1,SD-SRC12,0.01,SDH0_MAIN9,SD-H0,MAIN9,SDH0_MAIN9:M2[N=128]@alpha=0.01,M2_joint_chance_saa,M2_joint_chance_saa[N=128],entry,False,not_met,,,"SAA over the N training scenarios proven infeasible for every alpha_train of the declared grid (training scenarios only; not a population, field or whole-space statement)",main_reference_plan_domain,cp_upper,,,,,False,0,4,0,,,,no scored grid candidate with a ration (not a whole-space statement),128,optimal,0.734375,0.734375,0.7177,0.718,0.7254038175028611,"diagnostic frontier point (training scenarios only); not a method, never a member"
1,SD-SRC12,0.01,SDH0_MAIN9,SD-H0,MAIN9,SDH0_MAIN9:M2[N=512]@alpha=0.01,M2_joint_chance_saa,M2_joint_chance_saa[N=512],entry,False,not_met,,,"SAA over the N training scenarios proven infeasible for every alpha_train of the declared grid (training scenarios only; not a population, field or whole-space statement)",main_reference_plan_domain,cp_upper,,,,,False,0,4,0,,,,no scored grid candidate with a ration (not a whole-space statement),512,frontier_no_feasible_solution_found_no_ration,0.578125,0.724609375,,,,
1,SD-SRC12,0.01,SDH0_MAIN9,SD-H0,MAIN9,SDH0_MAIN9:M3a[factory box]@alpha=0.01,M3a_box_robust,M3a_box_robust,entry,False,not_met,,,no value of the declared grid met the validation screen (candidate statuses: proven_infeasible); a grid without a solution is not a statement about the whole decision space,main_reference_plan_domain,cp_upper,,,,,False,0,5,0,,,,no scored grid candidate with a ration (not a whole-space statement),1024,frontier_no_feasible_solution_found_no_ration,0.4189453125,0.751953125,,,,
1,SD-SRC12,0.01,SDH0_MAIN9,SD-H0,MAIN9,SDH0_MAIN9:M3b[factory box]@alpha=0.01,M3b_budget_robust,M3b_budget_robust,entry,False,not_met,,,"no value of the declared grid met the validation screen (candidate statuses: optimal, proven_infeasible); a grid without a solution is not a statement about the whole decision space",main_reference_plan_domain,cp_upper,,,,,False,0,35,5,0.9617,0.964806821655434,"gamma=0 {""k_box"": 1.0}",minimum attainable main-event rate_upper over the declared grid (descriptive; its cost is not a comparable cost),1024,frontier_no_feasible_solution_found_no_ration,0.4189453125,0.751953125,,,,
1,SD-SRC12,0.01,SDS2_MAIN9,SD-S2,MAIN9,SDS2_MAIN9:M0,M0_nominal,M0_nominal,entry,True,,,optimal,,main_reference_plan_domain,cp_upper,0.9617,0.9617,0.964806821655434,False,False,0,1,1,0.9617,0.964806821655434,,minimum attainable main-event rate_upper over the declared grid (descriptive; its cost is not a comparable cost),1024,frontier_no_feasible_solution_found_no_ration,0.126953125,0.6171875,,,,
1,SD-SRC12,0.01,SDS2_MAIN9,SD-S2,MAIN9,"SDS2_MAIN9:M1[relative,apply_to_dm=False]@alpha=0.01",M1_safety_margin,M1_safety_margin[apply_to_dm=False],sensitivity_line,False,not_met,,,"no value of the declared grid met the validation screen (candidate statuses: optimal, proven_infeasible); a grid without a solution is not a statement about the whole decision space",main_reference_plan_domain,cp_upper,,,,,False,0,5,1,0.9617,0.964806821655434,k=0.0,minimum attainable main-event rate_upper over the declared grid (descriptive; its cost is not a comparable cost),1024,frontier_no_feasible_solution_found_no_ration,0.126953125,0.6171875,,,,
1,SD-SRC12,0.01,SDS2_MAIN9,SD-S2,MAIN9,"SDS2_MAIN9:M1[relative,apply_to_dm=True]@alpha=0.01",M1_safety_margin,M1_safety_margin[apply_to_dm=True],entry,False,not_met,,,"no value of the declared grid met the validation screen (candidate statuses: optimal, proven_infeasible); a grid without a solution is not a statement about the whole decision space",main_reference_plan_domain,cp_upper,,,,,False,0,5,1,0.9617,0.964806821655434,k=0.0,minimum attainable main-event rate_upper over the declared grid (descriptive; its cost is not a comparable cost),1024,frontier_no_feasible_solution_found_no_ration,0.126953125,0.6171875,,,,
1,SD-SRC12,0.01,SDS2_MAIN9,SD-S2,MAIN9,SDS2_MAIN9:M2[N=1024]@alpha=0.01,M2_joint_chance_saa,M2_joint_chance_saa[N=1024],entry,False,not_met,,,"SAA over the N training scenarios proven infeasible for every alpha_train of the declared grid (training scenarios only; not a population, field or whole-space statement)",main_reference_plan_domain,cp_upper,,,,,False,0,4,0,,,,no scored grid candidate with a ration (not a whole-space statement),1024,frontier_no_feasible_solution_found_no_ration,0.126953125,0.6171875,,,,
1,SD-SRC12,0.01,SDS2_MAIN9,SD-S2,MAIN9,SDS2_MAIN9:M2[N=128]@alpha=0.01,M2_joint_chance_saa,M2_joint_chance_saa[N=128],entry,False,not_met,,,"SAA over the N training scenarios proven infeasible for every alpha_train of the declared grid (training scenarios only; not a population, field or whole-space statement)",main_reference_plan_domain,cp_upper,,,,,False,0,4,0,,,,no scored grid candidate with a ration (not a whole-space statement),128,optimal,0.5546875,0.5546875,0.7637,0.764,0.7709769753329558,"diagnostic frontier point (training scenarios only); not a method, never a member"
1,SD-SRC12,0.01,SDS2_MAIN9,SD-S2,MAIN9,SDS2_MAIN9:M2[N=512]@alpha=0.01,M2_joint_chance_saa,M2_joint_chance_saa[N=512],entry,False,not_met,,,"SAA over the N training scenarios proven infeasible for every alpha_train of the declared grid (training scenarios only; not a population, field or whole-space statement)",main_reference_plan_domain,cp_upper,,,,,False,0,4,0,,,,no scored grid candidate with a ration (not a whole-space statement),512,frontier_no_feasible_solution_found_no_ration,0.40625,0.568359375,,,,
1,SD-SRC12,0.01,SDS2_MAIN9,SD-S2,MAIN9,SDS2_MAIN9:M3a[factory box]@alpha=0.01,M3a_box_robust,M3a_box_robust,entry,False,not_met,,,no value of the declared grid met the validation screen (candidate statuses: proven_infeasible); a grid without a solution is not a statement about the whole decision space,main_reference_plan_domain,cp_upper,,,,,False,0,5,0,,,,no scored grid candidate with a ration (not a whole-space statement),1024,frontier_no_feasible_solution_found_no_ration,0.126953125,0.6171875,,,,
1,SD-SRC12,0.01,SDS2_MAIN9,SD-S2,MAIN9,SDS2_MAIN9:M3b[factory box]@alpha=0.01,M3b_budget_robust,M3b_budget_robust,entry,False,not_met,,,"no value of the declared grid met the validation screen (candidate statuses: optimal, proven_infeasible); a grid without a solution is not a statement about the whole decision space",main_reference_plan_domain,cp_upper,,,,,False,0,35,5,0.9617,0.964806821655434,"gamma=0 {""k_box"": 1.0}",minimum attainable main-event rate_upper over the declared grid (descriptive; its cost is not a comparable cost),1024,frontier_no_feasible_solution_found_no_ration,0.126953125,0.6171875,,,,
1,SD-SRC12,0.01,SDSRC12_MAIN9,SD-SRC12,MAIN9,SDSRC12_MAIN9:M0,M0_nominal,M0_nominal,entry,True,,,optimal,,main_reference_plan_domain,cp_upper,0.9617,0.9617,0.964806821655434,False,False,0,1,1,0.9617,0.964806821655434,,minimum attainable main-event rate_upper over the declared grid (descriptive; its cost is not a comparable cost),1024,frontier_no_feasible_solution_found_no_ration,0.283203125,0.7646484375,,,,
1,SD-SRC12,0.01,SDSRC12_MAIN9,SD-SRC12,MAIN9,"SDSRC12_MAIN9:M1[relative,apply_to_dm=False]@alpha=0.01",M1_safety_margin,M1_safety_margin[apply_to_dm=False],sensitivity_line,False,not_met,,,"no value of the declared grid met the validation screen (candidate statuses: optimal, proven_infeasible); a grid without a solution is not a statement about the whole decision space",main_reference_plan_domain,cp_upper,,,,,False,0,5,1,0.9617,0.964806821655434,k=0.0,minimum attainable main-event rate_upper over the declared grid (descriptive; its cost is not a comparable cost),1024,frontier_no_feasible_solution_found_no_ration,0.283203125,0.7646484375,,,,
1,SD-SRC12,0.01,SDSRC12_MAIN9,SD-SRC12,MAIN9,"SDSRC12_MAIN9:M1[relative,apply_to_dm=True]@alpha=0.01",M1_safety_margin,M1_safety_margin[apply_to_dm=True],entry,False,not_met,,,"no value of the declared grid met the validation screen (candidate statuses: optimal, proven_infeasible); a grid without a solution is not a statement about the whole decision space",main_reference_plan_domain,cp_upper,,,,,False,0,5,1,0.9617,0.964806821655434,k=0.0,minimum attainable main-event rate_upper over the declared grid (descriptive; its cost is not a comparable cost),1024,frontier_no_feasible_solution_found_no_ration,0.283203125,0.7646484375,,,,
1,SD-SRC12,0.01,SDSRC12_MAIN9,SD-SRC12,MAIN9,SDSRC12_MAIN9:M2[N=1024]@alpha=0.01,M2_joint_chance_saa,M2_joint_chance_saa[N=1024],entry,False,not_met,,,"SAA over the N training scenarios proven infeasible for every alpha_train of the declared grid (training scenarios only; not a population, field or whole-space statement)",main_reference_plan_domain,cp_upper,,,,,False,0,4,0,,,,no scored grid candidate with a ration (not a whole-space statement),1024,frontier_no_feasible_solution_found_no_ration,0.283203125,0.7646484375,,,,
1,SD-SRC12,0.01,SDSRC12_MAIN9,SD-SRC12,MAIN9,SDSRC12_MAIN9:M2[N=128]@alpha=0.01,M2_joint_chance_saa,M2_joint_chance_saa[N=128],entry,False,not_met,,,"SAA over the N training scenarios proven infeasible for every alpha_train of the declared grid (training scenarios only; not a population, field or whole-space statement)",main_reference_plan_domain,cp_upper,,,,,False,0,4,0,,,,no scored grid candidate with a ration (not a whole-space statement),128,optimal,0.703125,0.703125,0.6762,0.6765,0.6842061267958319,"diagnostic frontier point (training scenarios only); not a method, never a member"
1,SD-SRC12,0.01,SDSRC12_MAIN9,SD-SRC12,MAIN9,SDSRC12_MAIN9:M2[N=512]@alpha=0.01,M2_joint_chance_saa,M2_joint_chance_saa[N=512],entry,False,not_met,,,"SAA over the N training scenarios proven infeasible for every alpha_train of the declared grid (training scenarios only; not a population, field or whole-space statement)",main_reference_plan_domain,cp_upper,,,,,False,0,4,0,,,,no scored grid candidate with a ration (not a whole-space statement),512,frontier_no_feasible_solution_found_no_ration,0.52734375,0.732421875,,,,
1,SD-SRC12,0.01,SDSRC12_MAIN9,SD-SRC12,MAIN9,SDSRC12_MAIN9:M3a[factory box]@alpha=0.01,M3a_box_robust,M3a_box_robust,entry,False,not_met,,,no value of the declared grid met the validation screen (candidate statuses: proven_infeasible); a grid without a solution is not a statement about the whole decision space,main_reference_plan_domain,cp_upper,,,,,False,0,5,0,,,,no scored grid candidate with a ration (not a whole-space statement),1024,frontier_no_feasible_solution_found_no_ration,0.283203125,0.7646484375,,,,
1,SD-SRC12,0.01,SDSRC12_MAIN9,SD-SRC12,MAIN9,SDSRC12_MAIN9:M3b[factory box]@alpha=0.01,M3b_budget_robust,M3b_budget_robust,entry,False,not_met,,,"no value of the declared grid met the validation screen (candidate statuses: optimal, proven_infeasible); a grid without a solution is not a statement about the whole decision space",main_reference_plan_domain,cp_upper,,,,,False,0,35,5,0.9617,0.964806821655434,"gamma=0 {""k_box"": 1.0}",minimum attainable main-event rate_upper over the declared grid (descriptive; its cost is not a comparable cost),1024,frontier_no_feasible_solution_found_no_ration,0.283203125,0.7646484375,,,,
1,SD-SRC12,0.01,SDSRC14_MAIN9,SD-SRC14,MAIN9,SDSRC14_MAIN9:M0,M0_nominal,M0_nominal,entry,True,,,optimal,,main_reference_plan_domain,cp_upper,0.9617,0.9617,0.964806821655434,False,False,0,1,1,0.9617,0.964806821655434,,minimum attainable main-event rate_upper over the declared grid (descriptive; its cost is not a comparable cost),1024,frontier_no_feasible_solution_found_no_ration,0.1611328125,0.703125,,,,
1,SD-SRC12,0.01,SDSRC14_MAIN9,SD-SRC14,MAIN9,"SDSRC14_MAIN9:M1[relative,apply_to_dm=False]@alpha=0.01",M1_safety_margin,M1_safety_margin[apply_to_dm=False],sensitivity_line,False,not_met,,,"no value of the declared grid met the validation screen (candidate statuses: optimal, proven_infeasible); a grid without a solution is not a statement about the whole decision space",main_reference_plan_domain,cp_upper,,,,,False,0,5,1,0.9617,0.964806821655434,k=0.0,minimum attainable main-event rate_upper over the declared grid (descriptive; its cost is not a comparable cost),1024,frontier_no_feasible_solution_found_no_ration,0.1611328125,0.703125,,,,
1,SD-SRC12,0.01,SDSRC14_MAIN9,SD-SRC14,MAIN9,"SDSRC14_MAIN9:M1[relative,apply_to_dm=True]@alpha=0.01",M1_safety_margin,M1_safety_margin[apply_to_dm=True],entry,False,not_met,,,"no value of the declared grid met the validation screen (candidate statuses: optimal, proven_infeasible); a grid without a solution is not a statement about the whole decision space",main_reference_plan_domain,cp_upper,,,,,False,0,5,1,0.9617,0.964806821655434,k=0.0,minimum attainable main-event rate_upper over the declared grid (descriptive; its cost is not a comparable cost),1024,frontier_no_feasible_solution_found_no_ration,0.1611328125,0.703125,,,,
1,SD-SRC12,0.01,SDSRC14_MAIN9,SD-SRC14,MAIN9,SDSRC14_MAIN9:M2[N=1024]@alpha=0.01,M2_joint_chance_saa,M2_joint_chance_saa[N=1024],entry,False,not_met,,,"SAA over the N training scenarios proven infeasible for every alpha_train of the declared grid (training scenarios only; not a population, field or whole-space statement)",main_reference_plan_domain,cp_upper,,,,,False,0,4,0,,,,no scored grid candidate with a ration (not a whole-space statement),1024,frontier_no_feasible_solution_found_no_ration,0.1611328125,0.703125,,,,
1,SD-SRC12,0.01,SDSRC14_MAIN9,SD-SRC14,MAIN9,SDSRC14_MAIN9:M2[N=128]@alpha=0.01,M2_joint_chance_saa,M2_joint_chance_saa[N=128],entry,False,not_met,,,"SAA over the N training scenarios proven infeasible for every alpha_train of the declared grid (training scenarios only; not a population, field or whole-space statement)",main_reference_plan_domain,cp_upper,,,,,False,0,4,0,,,,no scored grid candidate with a ration (not a whole-space statement),128,optimal,0.625,0.625,0.7049,0.7052,0.7127049138894015,"diagnostic frontier point (training scenarios only); not a method, never a member"
1,SD-SRC12,0.01,SDSRC14_MAIN9,SD-SRC14,MAIN9,SDSRC14_MAIN9:M2[N=512]@alpha=0.01,M2_joint_chance_saa,M2_joint_chance_saa[N=512],entry,False,not_met,,,"SAA over the N training scenarios proven infeasible for every alpha_train of the declared grid (training scenarios only; not a population, field or whole-space statement)",main_reference_plan_domain,cp_upper,,,,,False,0,4,0,,,,no scored grid candidate with a ration (not a whole-space statement),512,frontier_no_feasible_solution_found_no_ration,0.4140625,0.65625,,,,
1,SD-SRC12,0.01,SDSRC14_MAIN9,SD-SRC14,MAIN9,SDSRC14_MAIN9:M3a[factory box]@alpha=0.01,M3a_box_robust,M3a_box_robust,entry,False,not_met,,,no value of the declared grid met the validation screen (candidate statuses: proven_infeasible); a grid without a solution is not a statement about the whole decision space,main_reference_plan_domain,cp_upper,,,,,False,0,5,0,,,,no scored grid candidate with a ration (not a whole-space statement),1024,frontier_no_feasible_solution_found_no_ration,0.1611328125,0.703125,,,,
1,SD-SRC12,0.01,SDSRC14_MAIN9,SD-SRC14,MAIN9,SDSRC14_MAIN9:M3b[factory box]@alpha=0.01,M3b_budget_robust,M3b_budget_robust,entry,False,not_met,,,"no value of the declared grid met the validation screen (candidate statuses: optimal, proven_infeasible); a grid without a solution is not a statement about the whole decision space",main_reference_plan_domain,cp_upper,,,,,False,0,35,5,0.9617,0.964806821655434,"gamma=0 {""k_box"": 1.0}",minimum attainable main-event rate_upper over the declared grid (descriptive; its cost is not a comparable cost),1024,frontier_no_feasible_solution_found_no_ration,0.1611328125,0.703125,,,,
