root_k,evaluation_world,target_alpha,cell_id,sd_arm,objective_arm,label,method_id,method_family,entry_role,has_ration,selection_status,selected_param,solver_status,infeasibility_scope,membership_event,membership_stat,rate_lower,rate_upper,cp_upper,target_met,in_comparable_set,comparable_set_size,grid_n_candidates,grid_n_candidates_with_ration,grid_min_rate_upper,grid_min_rate_upper_cp_upper,grid_min_rate_upper_param,grid_min_label,frontier_N,frontier_status,frontier_m_star_lower_over_N,frontier_m_star_upper_over_N,frontier_rate_lower,frontier_rate_upper,frontier_cp_upper,frontier_label
0,SD-H0,0.05,SD12MO_MAIN9,SD-12MO,MAIN9,SD12MO_MAIN9:M0,M0_nominal,M0_nominal,entry,True,,,optimal,,main_reference_plan_domain,cp_upper,0.8741,0.8741,0.8795255661302405,False,False,0,1,1,0.8741,0.8795255661302405,,minimum attainable main-event rate_upper over the declared grid (descriptive; its cost is not a comparable cost),1024,optimal,0.0,0.0,0.3264,0.3266,0.3344005479779582,"diagnostic frontier point (training scenarios only); not a method, never a member"
0,SD-H0,0.05,SD12MO_MAIN9,SD-12MO,MAIN9,"SD12MO_MAIN9:M1[relative,apply_to_dm=False]@alpha=0.05",M1_safety_margin,M1_safety_margin[apply_to_dm=False],sensitivity_line,False,not_met,,,"no value of the declared grid met the validation screen (candidate statuses: optimal, proven_infeasible); a grid without a solution is not a statement about the whole decision space",main_reference_plan_domain,cp_upper,,,,,False,0,5,4,0.4938,0.5020741984048191,k=0.075,minimum attainable main-event rate_upper over the declared grid (descriptive; its cost is not a comparable cost),1024,optimal,0.0,0.0,0.3264,0.3266,0.3344005479779582,"diagnostic frontier point (training scenarios only); not a method, never a member"
0,SD-H0,0.05,SD12MO_MAIN9,SD-12MO,MAIN9,"SD12MO_MAIN9:M1[relative,apply_to_dm=True]@alpha=0.05",M1_safety_margin,M1_safety_margin[apply_to_dm=True],entry,False,not_met,,,"no value of the declared grid met the validation screen (candidate statuses: optimal, proven_infeasible); a grid without a solution is not a statement about the whole decision space",main_reference_plan_domain,cp_upper,,,,,False,0,5,2,0.7393,0.7465190310165186,k=0.025,minimum attainable main-event rate_upper over the declared grid (descriptive; its cost is not a comparable cost),1024,optimal,0.0,0.0,0.3264,0.3266,0.3344005479779582,"diagnostic frontier point (training scenarios only); not a method, never a member"
0,SD-H0,0.05,SD12MO_MAIN9,SD-12MO,MAIN9,SD12MO_MAIN9:M2[N=1024]@alpha=0.05,M2_joint_chance_saa,M2_joint_chance_saa[N=1024],entry,True,selected,alpha_train=0.0375,feasible_time_limit,,main_reference_plan_domain,cp_upper,0.4158,0.416,0.42417471610543694,False,False,0,4,4,0.3037,0.31135559232796073,alpha_train=0.0125,minimum attainable main-event rate_upper over the declared grid (descriptive; its cost is not a comparable cost),1024,optimal,0.0,0.0,0.3264,0.3266,0.3344005479779582,"diagnostic frontier point (training scenarios only); not a method, never a member"
0,SD-H0,0.05,SD12MO_MAIN9,SD-12MO,MAIN9,SD12MO_MAIN9:M2[N=128]@alpha=0.05,M2_joint_chance_saa,M2_joint_chance_saa[N=128],entry,False,not_met,,,no value of the declared grid met the validation screen (candidate statuses: optimal); a grid without a solution is not a statement about the whole decision space,main_reference_plan_domain,cp_upper,,,,,False,0,4,4,0.3925,0.4006043526346062,alpha_train=0.0125,minimum attainable main-event rate_upper over the declared grid (descriptive; its cost is not a comparable cost),128,optimal,0.0,0.0,0.4329,0.4331,0.44131396647279825,"diagnostic frontier point (training scenarios only); not a method, never a member"
0,SD-H0,0.05,SD12MO_MAIN9,SD-12MO,MAIN9,SD12MO_MAIN9:M2[N=512]@alpha=0.05,M2_joint_chance_saa,M2_joint_chance_saa[N=512],entry,True,selected,alpha_train=0.025,optimal,,main_reference_plan_domain,cp_upper,0.377,0.3772,0.3852480944696725,False,False,0,4,4,0.3056,0.31326844416571326,alpha_train=0.0125,minimum attainable main-event rate_upper over the declared grid (descriptive; its cost is not a comparable cost),512,optimal,0.0,0.0,0.3312,0.3314,0.33922824199948926,"diagnostic frontier point (training scenarios only); not a method, never a member"
0,SD-H0,0.05,SD12MO_MAIN9,SD-12MO,MAIN9,SD12MO_MAIN9:M3a[factory box]@alpha=0.05,M3a_box_robust,M3a_box_robust,entry,False,not_met,,,"no value of the declared grid met the validation screen (candidate statuses: optimal, proven_infeasible); a grid without a solution is not a statement about the whole decision space",main_reference_plan_domain,cp_upper,,,,,False,0,5,1,0.6977,0.7052608295910678,k_box=1.0,minimum attainable main-event rate_upper over the declared grid (descriptive; its cost is not a comparable cost),1024,optimal,0.0,0.0,0.3264,0.3266,0.3344005479779582,"diagnostic frontier point (training scenarios only); not a method, never a member"
0,SD-H0,0.05,SD12MO_MAIN9,SD-12MO,MAIN9,"SD12MO_MAIN9:M3b[factory box k=3, Gamma selected]@alpha=0.05",M3b_budget_robust,M3b_budget_robust,entry,True,selected,gamma=1,optimal,,main_reference_plan_domain,cp_upper,0.355,0.3552,0.36315232670593206,False,False,0,35,18,0.3552,0.36315232670593206,"gamma=1 {""k_box"": 3.0}",minimum attainable main-event rate_upper over the declared grid (descriptive; its cost is not a comparable cost),1024,optimal,0.0,0.0,0.3264,0.3266,0.3344005479779582,"diagnostic frontier point (training scenarios only); not a method, never a member"
0,SD-H0,0.05,SDH0_MAIN9,SD-H0,MAIN9,SDH0_MAIN9:M0,M0_nominal,M0_nominal,entry,True,,,optimal,,main_reference_plan_domain,cp_upper,0.8741,0.8741,0.8795255661302405,False,False,0,1,1,0.8741,0.8795255661302405,,minimum attainable main-event rate_upper over the declared grid (descriptive; its cost is not a comparable cost),1024,frontier_no_feasible_solution_found_no_ration,0.044921875,0.1435546875,,,,
0,SD-H0,0.05,SDH0_MAIN9,SD-H0,MAIN9,"SDH0_MAIN9:M1[relative,apply_to_dm=False]@alpha=0.05",M1_safety_margin,M1_safety_margin[apply_to_dm=False],sensitivity_line,False,not_met,,,"no value of the declared grid met the validation screen (candidate statuses: optimal, proven_infeasible); a grid without a solution is not a statement about the whole decision space",main_reference_plan_domain,cp_upper,,,,,False,0,5,4,0.4938,0.5020741984048191,k=0.075,minimum attainable main-event rate_upper over the declared grid (descriptive; its cost is not a comparable cost),1024,frontier_no_feasible_solution_found_no_ration,0.044921875,0.1435546875,,,,
0,SD-H0,0.05,SDH0_MAIN9,SD-H0,MAIN9,"SDH0_MAIN9:M1[relative,apply_to_dm=True]@alpha=0.05",M1_safety_margin,M1_safety_margin[apply_to_dm=True],entry,False,not_met,,,"no value of the declared grid met the validation screen (candidate statuses: optimal, proven_infeasible); a grid without a solution is not a statement about the whole decision space",main_reference_plan_domain,cp_upper,,,,,False,0,5,2,0.7393,0.7465190310165186,k=0.025,minimum attainable main-event rate_upper over the declared grid (descriptive; its cost is not a comparable cost),1024,frontier_no_feasible_solution_found_no_ration,0.044921875,0.1435546875,,,,
0,SD-H0,0.05,SDH0_MAIN9,SD-H0,MAIN9,SDH0_MAIN9:M2[N=1024]@alpha=0.05,M2_joint_chance_saa,M2_joint_chance_saa[N=1024],entry,False,not_met,,,"SAA over the N training scenarios proven infeasible for every alpha_train of the declared grid (training scenarios only; not a population, field or whole-space statement)",main_reference_plan_domain,cp_upper,,,,,False,0,4,0,,,,no scored grid candidate with a ration (not a whole-space statement),1024,frontier_no_feasible_solution_found_no_ration,0.044921875,0.1435546875,,,,
0,SD-H0,0.05,SDH0_MAIN9,SD-H0,MAIN9,SDH0_MAIN9:M2[N=128]@alpha=0.05,M2_joint_chance_saa,M2_joint_chance_saa[N=128],entry,False,not_met,,,"SAA over the N training scenarios proven infeasible for every alpha_train of the declared grid (training scenarios only; not a population, field or whole-space statement)",main_reference_plan_domain,cp_upper,,,,,False,0,4,0,,,,no scored grid candidate with a ration (not a whole-space statement),128,optimal,0.1015625,0.1015625,0.1566,0.1568,0.16290470961985068,"diagnostic frontier point (training scenarios only); not a method, never a member"
0,SD-H0,0.05,SDH0_MAIN9,SD-H0,MAIN9,SDH0_MAIN9:M2[N=512]@alpha=0.05,M2_joint_chance_saa,M2_joint_chance_saa[N=512],entry,False,not_met,,,"SAA over the N training scenarios proven infeasible for every alpha_train of the declared grid (training scenarios only; not a population, field or whole-space statement)",main_reference_plan_domain,cp_upper,,,,,False,0,4,0,,,,no scored grid candidate with a ration (not a whole-space statement),512,frontier_no_feasible_solution_found_no_ration,0.04296875,0.126953125,,,,
0,SD-H0,0.05,SDH0_MAIN9,SD-H0,MAIN9,SDH0_MAIN9:M3a[factory box]@alpha=0.05,M3a_box_robust,M3a_box_robust,entry,False,not_met,,,no value of the declared grid met the validation screen (candidate statuses: proven_infeasible); a grid without a solution is not a statement about the whole decision space,main_reference_plan_domain,cp_upper,,,,,False,0,5,0,,,,no scored grid candidate with a ration (not a whole-space statement),1024,frontier_no_feasible_solution_found_no_ration,0.044921875,0.1435546875,,,,
0,SD-H0,0.05,SDH0_MAIN9,SD-H0,MAIN9,SDH0_MAIN9:M3b[factory box]@alpha=0.05,M3b_budget_robust,M3b_budget_robust,entry,False,not_met,,,"no value of the declared grid met the validation screen (candidate statuses: optimal, proven_infeasible); a grid without a solution is not a statement about the whole decision space",main_reference_plan_domain,cp_upper,,,,,False,0,35,7,0.3576,0.3655636433476802,"gamma=1 {""k_box"": 1.5}",minimum attainable main-event rate_upper over the declared grid (descriptive; its cost is not a comparable cost),1024,frontier_no_feasible_solution_found_no_ration,0.044921875,0.1435546875,,,,
0,SD-H0,0.05,SDS2_MAIN9,SD-S2,MAIN9,SDS2_MAIN9:M0,M0_nominal,M0_nominal,entry,True,,,optimal,,main_reference_plan_domain,cp_upper,0.8741,0.8741,0.8795255661302405,False,False,0,1,1,0.8741,0.8795255661302405,,minimum attainable main-event rate_upper over the declared grid (descriptive; its cost is not a comparable cost),1024,optimal,0.0,0.0,0.2949,0.2951,0.30269550016243824,"diagnostic frontier point (training scenarios only); not a method, never a member"
0,SD-H0,0.05,SDS2_MAIN9,SD-S2,MAIN9,"SDS2_MAIN9:M1[relative,apply_to_dm=False]@alpha=0.05",M1_safety_margin,M1_safety_margin[apply_to_dm=False],sensitivity_line,True,selected,k=0.075,optimal,,main_reference_plan_domain,cp_upper,0.4936,0.4938,0.5020741984048191,False,False,0,5,4,0.4938,0.5020741984048191,k=0.075,minimum attainable main-event rate_upper over the declared grid (descriptive; its cost is not a comparable cost),1024,optimal,0.0,0.0,0.2949,0.2951,0.30269550016243824,"diagnostic frontier point (training scenarios only); not a method, never a member"
0,SD-H0,0.05,SDS2_MAIN9,SD-S2,MAIN9,"SDS2_MAIN9:M1[relative,apply_to_dm=True]@alpha=0.05",M1_safety_margin,M1_safety_margin[apply_to_dm=True],entry,False,not_met,,,"no value of the declared grid met the validation screen (candidate statuses: optimal, proven_infeasible); a grid without a solution is not a statement about the whole decision space",main_reference_plan_domain,cp_upper,,,,,False,0,5,2,0.7393,0.7465190310165186,k=0.025,minimum attainable main-event rate_upper over the declared grid (descriptive; its cost is not a comparable cost),1024,optimal,0.0,0.0,0.2949,0.2951,0.30269550016243824,"diagnostic frontier point (training scenarios only); not a method, never a member"
0,SD-H0,0.05,SDS2_MAIN9,SD-S2,MAIN9,SDS2_MAIN9:M2[N=1024]@alpha=0.05,M2_joint_chance_saa,M2_joint_chance_saa[N=1024],entry,True,selected,alpha_train=0.0375,feasible_time_limit,,main_reference_plan_domain,cp_upper,0.3643,0.3645,0.37249498403021425,False,False,0,4,4,0.3077,0.31538247224948146,alpha_train=0.0125,minimum attainable main-event rate_upper over the declared grid (descriptive; its cost is not a comparable cost),1024,optimal,0.0,0.0,0.2949,0.2951,0.30269550016243824,"diagnostic frontier point (training scenarios only); not a method, never a member"
0,SD-H0,0.05,SDS2_MAIN9,SD-S2,MAIN9,SDS2_MAIN9:M2[N=128]@alpha=0.05,M2_joint_chance_saa,M2_joint_chance_saa[N=128],entry,True,selected,alpha_train=0.0125,optimal,,main_reference_plan_domain,cp_upper,0.401,0.4012,0.40933264461983726,False,False,0,4,4,0.4012,0.40933264461983726,alpha_train=0.0125,minimum attainable main-event rate_upper over the declared grid (descriptive; its cost is not a comparable cost),128,optimal,0.0,0.0,0.443,0.4432,0.4514324976956506,"diagnostic frontier point (training scenarios only); not a method, never a member"
0,SD-H0,0.05,SDS2_MAIN9,SD-S2,MAIN9,SDS2_MAIN9:M2[N=512]@alpha=0.05,M2_joint_chance_saa,M2_joint_chance_saa[N=512],entry,True,selected,alpha_train=0.025,optimal,,main_reference_plan_domain,cp_upper,0.3703,0.3705,0.3785208089373589,False,False,0,4,4,0.3215,0.32927011664525885,alpha_train=0.0125,minimum attainable main-event rate_upper over the declared grid (descriptive; its cost is not a comparable cost),512,optimal,0.0,0.0,0.3084,0.3086,0.3162884277805762,"diagnostic frontier point (training scenarios only); not a method, never a member"
0,SD-H0,0.05,SDS2_MAIN9,SD-S2,MAIN9,SDS2_MAIN9:M3a[factory box]@alpha=0.05,M3a_box_robust,M3a_box_robust,entry,True,selected,k_box=1.5,optimal,,main_reference_plan_domain,cp_upper,0.3901,0.3903,0.3983967762057966,False,False,0,5,3,0.329,0.3368145091297787,k_box=2.0,minimum attainable main-event rate_upper over the declared grid (descriptive; its cost is not a comparable cost),1024,optimal,0.0,0.0,0.2949,0.2951,0.30269550016243824,"diagnostic frontier point (training scenarios only); not a method, never a member"
0,SD-H0,0.05,SDS2_MAIN9,SD-S2,MAIN9,"SDS2_MAIN9:M3b[factory box k=1.5, Gamma selected]@alpha=0.05",M3b_budget_robust,M3b_budget_robust,entry,True,selected,gamma=3,optimal,,main_reference_plan_domain,cp_upper,0.4792,0.4794,0.487670949545791,False,False,0,35,27,0.3063,0.313973140745574,"gamma=3 {""k_box"": 2.0}",minimum attainable main-event rate_upper over the declared grid (descriptive; its cost is not a comparable cost),1024,optimal,0.0,0.0,0.2949,0.2951,0.30269550016243824,"diagnostic frontier point (training scenarios only); not a method, never a member"
0,SD-H0,0.05,SDSRC12_MAIN9,SD-SRC12,MAIN9,SDSRC12_MAIN9:M0,M0_nominal,M0_nominal,entry,True,,,optimal,,main_reference_plan_domain,cp_upper,0.8741,0.8741,0.8795255661302405,False,False,0,1,1,0.8741,0.8795255661302405,,minimum attainable main-event rate_upper over the declared grid (descriptive; its cost is not a comparable cost),1024,frontier_no_feasible_solution_found_no_ration,0.0244140625,0.0244140625,,,,
0,SD-H0,0.05,SDSRC12_MAIN9,SD-SRC12,MAIN9,"SDSRC12_MAIN9:M1[relative,apply_to_dm=False]@alpha=0.05",M1_safety_margin,M1_safety_margin[apply_to_dm=False],sensitivity_line,False,not_met,,,"no value of the declared grid met the validation screen (candidate statuses: optimal, proven_infeasible); a grid without a solution is not a statement about the whole decision space",main_reference_plan_domain,cp_upper,,,,,False,0,5,4,0.4938,0.5020741984048191,k=0.075,minimum attainable main-event rate_upper over the declared grid (descriptive; its cost is not a comparable cost),1024,frontier_no_feasible_solution_found_no_ration,0.0244140625,0.0244140625,,,,
0,SD-H0,0.05,SDSRC12_MAIN9,SD-SRC12,MAIN9,"SDSRC12_MAIN9:M1[relative,apply_to_dm=True]@alpha=0.05",M1_safety_margin,M1_safety_margin[apply_to_dm=True],entry,False,not_met,,,"no value of the declared grid met the validation screen (candidate statuses: optimal, proven_infeasible); a grid without a solution is not a statement about the whole decision space",main_reference_plan_domain,cp_upper,,,,,False,0,5,2,0.7393,0.7465190310165186,k=0.025,minimum attainable main-event rate_upper over the declared grid (descriptive; its cost is not a comparable cost),1024,frontier_no_feasible_solution_found_no_ration,0.0244140625,0.0244140625,,,,
0,SD-H0,0.05,SDSRC12_MAIN9,SD-SRC12,MAIN9,SDSRC12_MAIN9:M2[N=1024]@alpha=0.05,M2_joint_chance_saa,M2_joint_chance_saa[N=1024],entry,True,selected,alpha_train=0.0375,feasible_time_limit,,main_reference_plan_domain,cp_upper,0.1195,0.1197,0.12517146669540252,False,False,0,4,2,0.1197,0.12517146669540252,alpha_train=0.0375,minimum attainable main-event rate_upper over the declared grid (descriptive; its cost is not a comparable cost),1024,frontier_no_feasible_solution_found_no_ration,0.0244140625,0.0244140625,,,,
0,SD-H0,0.05,SDSRC12_MAIN9,SD-SRC12,MAIN9,SDSRC12_MAIN9:M2[N=128]@alpha=0.05,M2_joint_chance_saa,M2_joint_chance_saa[N=128],entry,False,not_met,,,no value of the declared grid met the validation screen (candidate statuses: optimal); a grid without a solution is not a statement about the whole decision space,main_reference_plan_domain,cp_upper,,,,,False,0,4,4,0.1701,0.1764009333715278,alpha_train=0.05,minimum attainable main-event rate_upper over the declared grid (descriptive; its cost is not a comparable cost),128,optimal,0.0078125,0.0078125,0.1947,0.1949,0.20153106839760637,"diagnostic frontier point (training scenarios only); not a method, never a member"
0,SD-H0,0.05,SDSRC12_MAIN9,SD-SRC12,MAIN9,SDSRC12_MAIN9:M2[N=512]@alpha=0.05,M2_joint_chance_saa,M2_joint_chance_saa[N=512],entry,False,not_met,,,"no value of the declared grid met the validation screen (candidate statuses: optimal, proven_infeasible); a grid without a solution is not a statement about the whole decision space",main_reference_plan_domain,cp_upper,,,,,False,0,4,2,0.1412,0.1470551264808805,alpha_train=0.0375,minimum attainable main-event rate_upper over the declared grid (descriptive; its cost is not a comparable cost),512,optimal,0.025390625,0.025390625,0.1108,0.111,0.11630107541238724,"diagnostic frontier point (training scenarios only); not a method, never a member"
0,SD-H0,0.05,SDSRC12_MAIN9,SD-SRC12,MAIN9,SDSRC12_MAIN9:M3a[factory box]@alpha=0.05,M3a_box_robust,M3a_box_robust,entry,False,not_met,,,no value of the declared grid met the validation screen (candidate statuses: proven_infeasible); a grid without a solution is not a statement about the whole decision space,main_reference_plan_domain,cp_upper,,,,,False,0,5,0,,,,no scored grid candidate with a ration (not a whole-space statement),1024,frontier_no_feasible_solution_found_no_ration,0.0244140625,0.0244140625,,,,
0,SD-H0,0.05,SDSRC12_MAIN9,SD-SRC12,MAIN9,SDSRC12_MAIN9:M3b[factory box]@alpha=0.05,M3b_budget_robust,M3b_budget_robust,entry,False,not_met,,,"no value of the declared grid met the validation screen (candidate statuses: optimal, proven_infeasible); a grid without a solution is not a statement about the whole decision space",main_reference_plan_domain,cp_upper,,,,,False,0,35,11,0.2457,0.25288540481252086,"gamma=4 {""k_box"": 1.0}",minimum attainable main-event rate_upper over the declared grid (descriptive; its cost is not a comparable cost),1024,frontier_no_feasible_solution_found_no_ration,0.0244140625,0.0244140625,,,,
0,SD-H0,0.05,SDSRC14_MAIN9,SD-SRC14,MAIN9,SDSRC14_MAIN9:M0,M0_nominal,M0_nominal,entry,True,,,optimal,,main_reference_plan_domain,cp_upper,0.8741,0.8741,0.8795255661302405,False,False,0,1,1,0.8741,0.8795255661302405,,minimum attainable main-event rate_upper over the declared grid (descriptive; its cost is not a comparable cost),1024,optimal,0.0,0.0,0.2339,0.2341,0.24117170606318092,"diagnostic frontier point (training scenarios only); not a method, never a member"
0,SD-H0,0.05,SDSRC14_MAIN9,SD-SRC14,MAIN9,"SDSRC14_MAIN9:M1[relative,apply_to_dm=False]@alpha=0.05",M1_safety_margin,M1_safety_margin[apply_to_dm=False],sensitivity_line,False,not_met,,,"no value of the declared grid met the validation screen (candidate statuses: optimal, proven_infeasible); a grid without a solution is not a statement about the whole decision space",main_reference_plan_domain,cp_upper,,,,,False,0,5,4,0.4938,0.5020741984048191,k=0.075,minimum attainable main-event rate_upper over the declared grid (descriptive; its cost is not a comparable cost),1024,optimal,0.0,0.0,0.2339,0.2341,0.24117170606318092,"diagnostic frontier point (training scenarios only); not a method, never a member"
0,SD-H0,0.05,SDSRC14_MAIN9,SD-SRC14,MAIN9,"SDSRC14_MAIN9:M1[relative,apply_to_dm=True]@alpha=0.05",M1_safety_margin,M1_safety_margin[apply_to_dm=True],entry,False,not_met,,,"no value of the declared grid met the validation screen (candidate statuses: optimal, proven_infeasible); a grid without a solution is not a statement about the whole decision space",main_reference_plan_domain,cp_upper,,,,,False,0,5,2,0.7393,0.7465190310165186,k=0.025,minimum attainable main-event rate_upper over the declared grid (descriptive; its cost is not a comparable cost),1024,optimal,0.0,0.0,0.2339,0.2341,0.24117170606318092,"diagnostic frontier point (training scenarios only); not a method, never a member"
0,SD-H0,0.05,SDSRC14_MAIN9,SD-SRC14,MAIN9,SDSRC14_MAIN9:M2[N=1024]@alpha=0.05,M2_joint_chance_saa,M2_joint_chance_saa[N=1024],entry,True,selected,alpha_train=0.025,feasible_time_limit,,main_reference_plan_domain,cp_upper,0.2038,0.204,0.2107416639104905,False,False,0,4,4,0.1607,0.16686374947495186,alpha_train=0.0375,minimum attainable main-event rate_upper over the declared grid (descriptive; its cost is not a comparable cost),1024,optimal,0.0,0.0,0.2339,0.2341,0.24117170606318092,"diagnostic frontier point (training scenarios only); not a method, never a member"
0,SD-H0,0.05,SDSRC14_MAIN9,SD-SRC14,MAIN9,SDSRC14_MAIN9:M2[N=128]@alpha=0.05,M2_joint_chance_saa,M2_joint_chance_saa[N=128],entry,False,not_met,,,no value of the declared grid met the validation screen (candidate statuses: optimal); a grid without a solution is not a statement about the whole decision space,main_reference_plan_domain,cp_upper,,,,,False,0,4,4,0.1889,0.19545516996698295,alpha_train=0.0125,minimum attainable main-event rate_upper over the declared grid (descriptive; its cost is not a comparable cost),128,optimal,0.0,0.0,0.1908,0.191,0.19758201051250504,"diagnostic frontier point (training scenarios only); not a method, never a member"
0,SD-H0,0.05,SDSRC14_MAIN9,SD-SRC14,MAIN9,SDSRC14_MAIN9:M2[N=512]@alpha=0.05,M2_joint_chance_saa,M2_joint_chance_saa[N=512],entry,True,selected,alpha_train=0.025,optimal,,main_reference_plan_domain,cp_upper,0.2088,0.209,0.21580019936804215,False,False,0,4,4,0.1619,0.16808165997793867,alpha_train=0.05,minimum attainable main-event rate_upper over the declared grid (descriptive; its cost is not a comparable cost),512,optimal,0.0,0.0,0.1943,0.1945,0.20112608349433353,"diagnostic frontier point (training scenarios only); not a method, never a member"
0,SD-H0,0.05,SDSRC14_MAIN9,SD-SRC14,MAIN9,SDSRC14_MAIN9:M3a[factory box]@alpha=0.05,M3a_box_robust,M3a_box_robust,entry,False,not_met,,,"no value of the declared grid met the validation screen (candidate statuses: optimal, proven_infeasible); a grid without a solution is not a statement about the whole decision space",main_reference_plan_domain,cp_upper,,,,,False,0,5,1,0.3193,0.3270566661650261,k_box=1.0,minimum attainable main-event rate_upper over the declared grid (descriptive; its cost is not a comparable cost),1024,optimal,0.0,0.0,0.2339,0.2341,0.24117170606318092,"diagnostic frontier point (training scenarios only); not a method, never a member"
0,SD-H0,0.05,SDSRC14_MAIN9,SD-SRC14,MAIN9,"SDSRC14_MAIN9:M3b[factory box k=1, Gamma selected]@alpha=0.05",M3b_budget_robust,M3b_budget_robust,entry,True,selected,gamma=5,optimal,,main_reference_plan_domain,cp_upper,0.3901,0.3903,0.3983967762057966,False,False,0,35,19,0.2703,0.27770395887765686,"gamma=3 {""k_box"": 1.5}",minimum attainable main-event rate_upper over the declared grid (descriptive; its cost is not a comparable cost),1024,optimal,0.0,0.0,0.2339,0.2341,0.24117170606318092,"diagnostic frontier point (training scenarios only); not a method, never a member"
0,SD-H0,0.1,SD12MO_MAIN9,SD-12MO,MAIN9,SD12MO_MAIN9:M0,M0_nominal,M0_nominal,entry,True,,,optimal,,main_reference_plan_domain,cp_upper,0.8741,0.8741,0.8795255661302405,False,False,0,1,1,0.8741,0.8795255661302405,,minimum attainable main-event rate_upper over the declared grid (descriptive; its cost is not a comparable cost),1024,optimal,0.0,0.0,0.3264,0.3266,0.3344005479779582,"diagnostic frontier point (training scenarios only); not a method, never a member"
0,SD-H0,0.1,SD12MO_MAIN9,SD-12MO,MAIN9,"SD12MO_MAIN9:M1[relative,apply_to_dm=False]@alpha=0.1",M1_safety_margin,M1_safety_margin[apply_to_dm=False],sensitivity_line,True,selected,k=0.075,optimal,,main_reference_plan_domain,cp_upper,0.4936,0.4938,0.5020741984048191,False,False,0,5,4,0.4938,0.5020741984048191,k=0.075,minimum attainable main-event rate_upper over the declared grid (descriptive; its cost is not a comparable cost),1024,optimal,0.0,0.0,0.3264,0.3266,0.3344005479779582,"diagnostic frontier point (training scenarios only); not a method, never a member"
0,SD-H0,0.1,SD12MO_MAIN9,SD-12MO,MAIN9,"SD12MO_MAIN9:M1[relative,apply_to_dm=True]@alpha=0.1",M1_safety_margin,M1_safety_margin[apply_to_dm=True],entry,False,not_met,,,"no value of the declared grid met the validation screen (candidate statuses: optimal, proven_infeasible); a grid without a solution is not a statement about the whole decision space",main_reference_plan_domain,cp_upper,,,,,False,0,5,2,0.7393,0.7465190310165186,k=0.025,minimum attainable main-event rate_upper over the declared grid (descriptive; its cost is not a comparable cost),1024,optimal,0.0,0.0,0.3264,0.3266,0.3344005479779582,"diagnostic frontier point (training scenarios only); not a method, never a member"
0,SD-H0,0.1,SD12MO_MAIN9,SD-12MO,MAIN9,SD12MO_MAIN9:M2[N=1024]@alpha=0.1,M2_joint_chance_saa,M2_joint_chance_saa[N=1024],entry,True,selected,alpha_train=0.075,feasible_time_limit,,main_reference_plan_domain,cp_upper,0.466,0.4662,0.4744619642959401,False,False,0,4,4,0.3656,0.37359981756557564,alpha_train=0.025,minimum attainable main-event rate_upper over the declared grid (descriptive; its cost is not a comparable cost),1024,optimal,0.0,0.0,0.3264,0.3266,0.3344005479779582,"diagnostic frontier point (training scenarios only); not a method, never a member"
0,SD-H0,0.1,SD12MO_MAIN9,SD-12MO,MAIN9,SD12MO_MAIN9:M2[N=128]@alpha=0.1,M2_joint_chance_saa,M2_joint_chance_saa[N=128],entry,True,selected,alpha_train=0.025,optimal,,main_reference_plan_domain,cp_upper,0.4638,0.464,0.47225990650920946,False,False,0,4,4,0.464,0.47225990650920946,alpha_train=0.025,minimum attainable main-event rate_upper over the declared grid (descriptive; its cost is not a comparable cost),128,optimal,0.0,0.0,0.4329,0.4331,0.44131396647279825,"diagnostic frontier point (training scenarios only); not a method, never a member"
0,SD-H0,0.1,SD12MO_MAIN9,SD-12MO,MAIN9,SD12MO_MAIN9:M2[N=512]@alpha=0.1,M2_joint_chance_saa,M2_joint_chance_saa[N=512],entry,True,selected,alpha_train=0.075,feasible_time_limit,,main_reference_plan_domain,cp_upper,0.4441,0.4443,0.4525343089148107,False,False,0,4,4,0.3772,0.3852480944696725,alpha_train=0.025,minimum attainable main-event rate_upper over the declared grid (descriptive; its cost is not a comparable cost),512,optimal,0.0,0.0,0.3312,0.3314,0.33922824199948926,"diagnostic frontier point (training scenarios only); not a method, never a member"
0,SD-H0,0.1,SD12MO_MAIN9,SD-12MO,MAIN9,SD12MO_MAIN9:M3a[factory box]@alpha=0.1,M3a_box_robust,M3a_box_robust,entry,False,not_met,,,"no value of the declared grid met the validation screen (candidate statuses: optimal, proven_infeasible); a grid without a solution is not a statement about the whole decision space",main_reference_plan_domain,cp_upper,,,,,False,0,5,1,0.6977,0.7052608295910678,k_box=1.0,minimum attainable main-event rate_upper over the declared grid (descriptive; its cost is not a comparable cost),1024,optimal,0.0,0.0,0.3264,0.3266,0.3344005479779582,"diagnostic frontier point (training scenarios only); not a method, never a member"
0,SD-H0,0.1,SD12MO_MAIN9,SD-12MO,MAIN9,"SD12MO_MAIN9:M3b[factory box k=1.5, Gamma selected]@alpha=0.1",M3b_budget_robust,M3b_budget_robust,entry,True,selected,gamma=2,optimal,,main_reference_plan_domain,cp_upper,0.5136,0.5138,0.5220673917219982,False,False,0,35,18,0.3552,0.36315232670593206,"gamma=1 {""k_box"": 3.0}",minimum attainable main-event rate_upper over the declared grid (descriptive; its cost is not a comparable cost),1024,optimal,0.0,0.0,0.3264,0.3266,0.3344005479779582,"diagnostic frontier point (training scenarios only); not a method, never a member"
0,SD-H0,0.1,SDH0_MAIN9,SD-H0,MAIN9,SDH0_MAIN9:M0,M0_nominal,M0_nominal,entry,True,,,optimal,,main_reference_plan_domain,cp_upper,0.8741,0.8741,0.8795255661302405,False,False,0,1,1,0.8741,0.8795255661302405,,minimum attainable main-event rate_upper over the declared grid (descriptive; its cost is not a comparable cost),1024,frontier_no_feasible_solution_found_no_ration,0.044921875,0.1435546875,,,,
0,SD-H0,0.1,SDH0_MAIN9,SD-H0,MAIN9,"SDH0_MAIN9:M1[relative,apply_to_dm=False]@alpha=0.1",M1_safety_margin,M1_safety_margin[apply_to_dm=False],sensitivity_line,False,not_met,,,"no value of the declared grid met the validation screen (candidate statuses: optimal, proven_infeasible); a grid without a solution is not a statement about the whole decision space",main_reference_plan_domain,cp_upper,,,,,False,0,5,4,0.4938,0.5020741984048191,k=0.075,minimum attainable main-event rate_upper over the declared grid (descriptive; its cost is not a comparable cost),1024,frontier_no_feasible_solution_found_no_ration,0.044921875,0.1435546875,,,,
0,SD-H0,0.1,SDH0_MAIN9,SD-H0,MAIN9,"SDH0_MAIN9:M1[relative,apply_to_dm=True]@alpha=0.1",M1_safety_margin,M1_safety_margin[apply_to_dm=True],entry,False,not_met,,,"no value of the declared grid met the validation screen (candidate statuses: optimal, proven_infeasible); a grid without a solution is not a statement about the whole decision space",main_reference_plan_domain,cp_upper,,,,,False,0,5,2,0.7393,0.7465190310165186,k=0.025,minimum attainable main-event rate_upper over the declared grid (descriptive; its cost is not a comparable cost),1024,frontier_no_feasible_solution_found_no_ration,0.044921875,0.1435546875,,,,
0,SD-H0,0.1,SDH0_MAIN9,SD-H0,MAIN9,SDH0_MAIN9:M2[N=1024]@alpha=0.1,M2_joint_chance_saa,M2_joint_chance_saa[N=1024],entry,False,not_met,,,"no value of the declared grid met the validation screen (candidate statuses: no_feasible_solution_found, proven_infeasible); a grid without a solution is not a statement about the whole decision space",main_reference_plan_domain,cp_upper,,,,,False,0,4,0,,,,no scored grid candidate with a ration (not a whole-space statement),1024,frontier_no_feasible_solution_found_no_ration,0.044921875,0.1435546875,,,,
0,SD-H0,0.1,SDH0_MAIN9,SD-H0,MAIN9,SDH0_MAIN9:M2[N=128]@alpha=0.1,M2_joint_chance_saa,M2_joint_chance_saa[N=128],entry,False,not_met,,,"SAA over the N training scenarios proven infeasible for every alpha_train of the declared grid (training scenarios only; not a population, field or whole-space statement)",main_reference_plan_domain,cp_upper,,,,,False,0,4,0,,,,no scored grid candidate with a ration (not a whole-space statement),128,optimal,0.1015625,0.1015625,0.1566,0.1568,0.16290470961985068,"diagnostic frontier point (training scenarios only); not a method, never a member"
0,SD-H0,0.1,SDH0_MAIN9,SD-H0,MAIN9,SDH0_MAIN9:M2[N=512]@alpha=0.1,M2_joint_chance_saa,M2_joint_chance_saa[N=512],entry,False,not_met,,,"no value of the declared grid met the validation screen (candidate statuses: no_feasible_solution_found, proven_infeasible); a grid without a solution is not a statement about the whole decision space",main_reference_plan_domain,cp_upper,,,,,False,0,4,0,,,,no scored grid candidate with a ration (not a whole-space statement),512,frontier_no_feasible_solution_found_no_ration,0.04296875,0.126953125,,,,
0,SD-H0,0.1,SDH0_MAIN9,SD-H0,MAIN9,SDH0_MAIN9:M3a[factory box]@alpha=0.1,M3a_box_robust,M3a_box_robust,entry,False,not_met,,,no value of the declared grid met the validation screen (candidate statuses: proven_infeasible); a grid without a solution is not a statement about the whole decision space,main_reference_plan_domain,cp_upper,,,,,False,0,5,0,,,,no scored grid candidate with a ration (not a whole-space statement),1024,frontier_no_feasible_solution_found_no_ration,0.044921875,0.1435546875,,,,
0,SD-H0,0.1,SDH0_MAIN9,SD-H0,MAIN9,SDH0_MAIN9:M3b[factory box]@alpha=0.1,M3b_budget_robust,M3b_budget_robust,entry,False,not_met,,,"no value of the declared grid met the validation screen (candidate statuses: optimal, proven_infeasible); a grid without a solution is not a statement about the whole decision space",main_reference_plan_domain,cp_upper,,,,,False,0,35,7,0.3576,0.3655636433476802,"gamma=1 {""k_box"": 1.5}",minimum attainable main-event rate_upper over the declared grid (descriptive; its cost is not a comparable cost),1024,frontier_no_feasible_solution_found_no_ration,0.044921875,0.1435546875,,,,
0,SD-H0,0.1,SDS2_MAIN9,SD-S2,MAIN9,SDS2_MAIN9:M0,M0_nominal,M0_nominal,entry,True,,,optimal,,main_reference_plan_domain,cp_upper,0.8741,0.8741,0.8795255661302405,False,False,0,1,1,0.8741,0.8795255661302405,,minimum attainable main-event rate_upper over the declared grid (descriptive; its cost is not a comparable cost),1024,optimal,0.0,0.0,0.2949,0.2951,0.30269550016243824,"diagnostic frontier point (training scenarios only); not a method, never a member"
0,SD-H0,0.1,SDS2_MAIN9,SD-S2,MAIN9,"SDS2_MAIN9:M1[relative,apply_to_dm=False]@alpha=0.1",M1_safety_margin,M1_safety_margin[apply_to_dm=False],sensitivity_line,True,selected,k=0.075,optimal,,main_reference_plan_domain,cp_upper,0.4936,0.4938,0.5020741984048191,False,False,0,5,4,0.4938,0.5020741984048191,k=0.075,minimum attainable main-event rate_upper over the declared grid (descriptive; its cost is not a comparable cost),1024,optimal,0.0,0.0,0.2949,0.2951,0.30269550016243824,"diagnostic frontier point (training scenarios only); not a method, never a member"
0,SD-H0,0.1,SDS2_MAIN9,SD-S2,MAIN9,"SDS2_MAIN9:M1[relative,apply_to_dm=True]@alpha=0.1",M1_safety_margin,M1_safety_margin[apply_to_dm=True],entry,False,not_met,,,"no value of the declared grid met the validation screen (candidate statuses: optimal, proven_infeasible); a grid without a solution is not a statement about the whole decision space",main_reference_plan_domain,cp_upper,,,,,False,0,5,2,0.7393,0.7465190310165186,k=0.025,minimum attainable main-event rate_upper over the declared grid (descriptive; its cost is not a comparable cost),1024,optimal,0.0,0.0,0.2949,0.2951,0.30269550016243824,"diagnostic frontier point (training scenarios only); not a method, never a member"
0,SD-H0,0.1,SDS2_MAIN9,SD-S2,MAIN9,SDS2_MAIN9:M2[N=1024]@alpha=0.1,M2_joint_chance_saa,M2_joint_chance_saa[N=1024],entry,True,selected,alpha_train=0.075,feasible_time_limit,,main_reference_plan_domain,cp_upper,0.4252,0.4254,0.4335975242056099,False,False,0,4,4,0.3623,0.3702851830205608,alpha_train=0.025,minimum attainable main-event rate_upper over the declared grid (descriptive; its cost is not a comparable cost),1024,optimal,0.0,0.0,0.2949,0.2951,0.30269550016243824,"diagnostic frontier point (training scenarios only); not a method, never a member"
0,SD-H0,0.1,SDS2_MAIN9,SD-S2,MAIN9,SDS2_MAIN9:M2[N=128]@alpha=0.1,M2_joint_chance_saa,M2_joint_chance_saa[N=128],entry,True,selected,alpha_train=0.025,optimal,,main_reference_plan_domain,cp_upper,0.4529,0.4531,0.461347341342057,False,False,0,4,4,0.4531,0.461347341342057,alpha_train=0.025,minimum attainable main-event rate_upper over the declared grid (descriptive; its cost is not a comparable cost),128,optimal,0.0,0.0,0.443,0.4432,0.4514324976956506,"diagnostic frontier point (training scenarios only); not a method, never a member"
0,SD-H0,0.1,SDS2_MAIN9,SD-S2,MAIN9,SDS2_MAIN9:M2[N=512]@alpha=0.1,M2_joint_chance_saa,M2_joint_chance_saa[N=512],entry,True,selected,alpha_train=0.075,feasible_time_limit,,main_reference_plan_domain,cp_upper,0.4327,0.4329,0.44111356480155384,False,False,0,4,4,0.3705,0.3785208089373589,alpha_train=0.025,minimum attainable main-event rate_upper over the declared grid (descriptive; its cost is not a comparable cost),512,optimal,0.0,0.0,0.3084,0.3086,0.3162884277805762,"diagnostic frontier point (training scenarios only); not a method, never a member"
0,SD-H0,0.1,SDS2_MAIN9,SD-S2,MAIN9,SDS2_MAIN9:M3a[factory box]@alpha=0.1,M3a_box_robust,M3a_box_robust,entry,True,selected,k_box=1.5,optimal,,main_reference_plan_domain,cp_upper,0.3901,0.3903,0.3983967762057966,False,False,0,5,3,0.329,0.3368145091297787,k_box=2.0,minimum attainable main-event rate_upper over the declared grid (descriptive; its cost is not a comparable cost),1024,optimal,0.0,0.0,0.2949,0.2951,0.30269550016243824,"diagnostic frontier point (training scenarios only); not a method, never a member"
0,SD-H0,0.1,SDS2_MAIN9,SD-S2,MAIN9,"SDS2_MAIN9:M3b[factory box k=1.5, Gamma selected]@alpha=0.1",M3b_budget_robust,M3b_budget_robust,entry,True,selected,gamma=2,optimal,,main_reference_plan_domain,cp_upper,0.5013,0.5015,0.5097731356130133,False,False,0,35,27,0.3063,0.313973140745574,"gamma=3 {""k_box"": 2.0}",minimum attainable main-event rate_upper over the declared grid (descriptive; its cost is not a comparable cost),1024,optimal,0.0,0.0,0.2949,0.2951,0.30269550016243824,"diagnostic frontier point (training scenarios only); not a method, never a member"
0,SD-H0,0.1,SDSRC12_MAIN9,SD-SRC12,MAIN9,SDSRC12_MAIN9:M0,M0_nominal,M0_nominal,entry,True,,,optimal,,main_reference_plan_domain,cp_upper,0.8741,0.8741,0.8795255661302405,False,False,0,1,1,0.8741,0.8795255661302405,,minimum attainable main-event rate_upper over the declared grid (descriptive; its cost is not a comparable cost),1024,frontier_no_feasible_solution_found_no_ration,0.0244140625,0.0244140625,,,,
0,SD-H0,0.1,SDSRC12_MAIN9,SD-SRC12,MAIN9,"SDSRC12_MAIN9:M1[relative,apply_to_dm=False]@alpha=0.1",M1_safety_margin,M1_safety_margin[apply_to_dm=False],sensitivity_line,False,not_met,,,"no value of the declared grid met the validation screen (candidate statuses: optimal, proven_infeasible); a grid without a solution is not a statement about the whole decision space",main_reference_plan_domain,cp_upper,,,,,False,0,5,4,0.4938,0.5020741984048191,k=0.075,minimum attainable main-event rate_upper over the declared grid (descriptive; its cost is not a comparable cost),1024,frontier_no_feasible_solution_found_no_ration,0.0244140625,0.0244140625,,,,
0,SD-H0,0.1,SDSRC12_MAIN9,SD-SRC12,MAIN9,"SDSRC12_MAIN9:M1[relative,apply_to_dm=True]@alpha=0.1",M1_safety_margin,M1_safety_margin[apply_to_dm=True],entry,False,not_met,,,"no value of the declared grid met the validation screen (candidate statuses: optimal, proven_infeasible); a grid without a solution is not a statement about the whole decision space",main_reference_plan_domain,cp_upper,,,,,False,0,5,2,0.7393,0.7465190310165186,k=0.025,minimum attainable main-event rate_upper over the declared grid (descriptive; its cost is not a comparable cost),1024,frontier_no_feasible_solution_found_no_ration,0.0244140625,0.0244140625,,,,
0,SD-H0,0.1,SDSRC12_MAIN9,SD-SRC12,MAIN9,SDSRC12_MAIN9:M2[N=1024]@alpha=0.1,M2_joint_chance_saa,M2_joint_chance_saa[N=1024],entry,True,selected,alpha_train=0.075,feasible_time_limit,,main_reference_plan_domain,cp_upper,0.1435,0.1437,0.1495966373939346,False,False,0,4,3,0.1361,0.14186854349475905,alpha_train=0.05,minimum attainable main-event rate_upper over the declared grid (descriptive; its cost is not a comparable cost),1024,frontier_no_feasible_solution_found_no_ration,0.0244140625,0.0244140625,,,,
0,SD-H0,0.1,SDSRC12_MAIN9,SD-SRC12,MAIN9,SDSRC12_MAIN9:M2[N=128]@alpha=0.1,M2_joint_chance_saa,M2_joint_chance_saa[N=128],entry,False,not_met,,,no value of the declared grid met the validation screen (candidate statuses: optimal); a grid without a solution is not a statement about the whole decision space,main_reference_plan_domain,cp_upper,,,,,False,0,4,4,0.1701,0.1764009333715278,alpha_train=0.05,minimum attainable main-event rate_upper over the declared grid (descriptive; its cost is not a comparable cost),128,optimal,0.0078125,0.0078125,0.1947,0.1949,0.20153106839760637,"diagnostic frontier point (training scenarios only); not a method, never a member"
0,SD-H0,0.1,SDSRC12_MAIN9,SD-SRC12,MAIN9,SDSRC12_MAIN9:M2[N=512]@alpha=0.1,M2_joint_chance_saa,M2_joint_chance_saa[N=512],entry,True,selected,alpha_train=0.05,optimal,,main_reference_plan_domain,cp_upper,0.1577,0.1579,0.16402149183793932,False,False,0,4,3,0.1548,0.16087393089748186,alpha_train=0.1,minimum attainable main-event rate_upper over the declared grid (descriptive; its cost is not a comparable cost),512,optimal,0.025390625,0.025390625,0.1108,0.111,0.11630107541238724,"diagnostic frontier point (training scenarios only); not a method, never a member"
0,SD-H0,0.1,SDSRC12_MAIN9,SD-SRC12,MAIN9,SDSRC12_MAIN9:M3a[factory box]@alpha=0.1,M3a_box_robust,M3a_box_robust,entry,False,not_met,,,no value of the declared grid met the validation screen (candidate statuses: proven_infeasible); a grid without a solution is not a statement about the whole decision space,main_reference_plan_domain,cp_upper,,,,,False,0,5,0,,,,no scored grid candidate with a ration (not a whole-space statement),1024,frontier_no_feasible_solution_found_no_ration,0.0244140625,0.0244140625,,,,
0,SD-H0,0.1,SDSRC12_MAIN9,SD-SRC12,MAIN9,SDSRC12_MAIN9:M3b[factory box]@alpha=0.1,M3b_budget_robust,M3b_budget_robust,entry,False,not_met,,,"no value of the declared grid met the validation screen (candidate statuses: optimal, proven_infeasible); a grid without a solution is not a statement about the whole decision space",main_reference_plan_domain,cp_upper,,,,,False,0,35,11,0.2457,0.25288540481252086,"gamma=4 {""k_box"": 1.0}",minimum attainable main-event rate_upper over the declared grid (descriptive; its cost is not a comparable cost),1024,frontier_no_feasible_solution_found_no_ration,0.0244140625,0.0244140625,,,,
0,SD-H0,0.1,SDSRC14_MAIN9,SD-SRC14,MAIN9,SDSRC14_MAIN9:M0,M0_nominal,M0_nominal,entry,True,,,optimal,,main_reference_plan_domain,cp_upper,0.8741,0.8741,0.8795255661302405,False,False,0,1,1,0.8741,0.8795255661302405,,minimum attainable main-event rate_upper over the declared grid (descriptive; its cost is not a comparable cost),1024,optimal,0.0,0.0,0.2339,0.2341,0.24117170606318092,"diagnostic frontier point (training scenarios only); not a method, never a member"
0,SD-H0,0.1,SDSRC14_MAIN9,SD-SRC14,MAIN9,"SDSRC14_MAIN9:M1[relative,apply_to_dm=False]@alpha=0.1",M1_safety_margin,M1_safety_margin[apply_to_dm=False],sensitivity_line,False,not_met,,,"no value of the declared grid met the validation screen (candidate statuses: optimal, proven_infeasible); a grid without a solution is not a statement about the whole decision space",main_reference_plan_domain,cp_upper,,,,,False,0,5,4,0.4938,0.5020741984048191,k=0.075,minimum attainable main-event rate_upper over the declared grid (descriptive; its cost is not a comparable cost),1024,optimal,0.0,0.0,0.2339,0.2341,0.24117170606318092,"diagnostic frontier point (training scenarios only); not a method, never a member"
0,SD-H0,0.1,SDSRC14_MAIN9,SD-SRC14,MAIN9,"SDSRC14_MAIN9:M1[relative,apply_to_dm=True]@alpha=0.1",M1_safety_margin,M1_safety_margin[apply_to_dm=True],entry,False,not_met,,,"no value of the declared grid met the validation screen (candidate statuses: optimal, proven_infeasible); a grid without a solution is not a statement about the whole decision space",main_reference_plan_domain,cp_upper,,,,,False,0,5,2,0.7393,0.7465190310165186,k=0.025,minimum attainable main-event rate_upper over the declared grid (descriptive; its cost is not a comparable cost),1024,optimal,0.0,0.0,0.2339,0.2341,0.24117170606318092,"diagnostic frontier point (training scenarios only); not a method, never a member"
0,SD-H0,0.1,SDSRC14_MAIN9,SD-SRC14,MAIN9,SDSRC14_MAIN9:M2[N=1024]@alpha=0.1,M2_joint_chance_saa,M2_joint_chance_saa[N=1024],entry,True,selected,alpha_train=0.075,feasible_time_limit,,main_reference_plan_domain,cp_upper,0.1654,0.1656,0.17183614331848193,False,False,0,4,4,0.1656,0.17183614331848193,alpha_train=0.075,minimum attainable main-event rate_upper over the declared grid (descriptive; its cost is not a comparable cost),1024,optimal,0.0,0.0,0.2339,0.2341,0.24117170606318092,"diagnostic frontier point (training scenarios only); not a method, never a member"
0,SD-H0,0.1,SDSRC14_MAIN9,SD-SRC14,MAIN9,SDSRC14_MAIN9:M2[N=128]@alpha=0.1,M2_joint_chance_saa,M2_joint_chance_saa[N=128],entry,True,selected,alpha_train=0.025,optimal,,main_reference_plan_domain,cp_upper,0.1952,0.1954,0.2020372846529193,False,False,0,4,4,0.1954,0.2020372846529193,alpha_train=0.025,minimum attainable main-event rate_upper over the declared grid (descriptive; its cost is not a comparable cost),128,optimal,0.0,0.0,0.1908,0.191,0.19758201051250504,"diagnostic frontier point (training scenarios only); not a method, never a member"
0,SD-H0,0.1,SDSRC14_MAIN9,SD-SRC14,MAIN9,SDSRC14_MAIN9:M2[N=512]@alpha=0.1,M2_joint_chance_saa,M2_joint_chance_saa[N=512],entry,True,selected,alpha_train=0.05,feasible_time_limit,,main_reference_plan_domain,cp_upper,0.1617,0.1619,0.16808165997793867,False,False,0,4,4,0.1534,0.15945217946450913,alpha_train=0.075,minimum attainable main-event rate_upper over the declared grid (descriptive; its cost is not a comparable cost),512,optimal,0.0,0.0,0.1943,0.1945,0.20112608349433353,"diagnostic frontier point (training scenarios only); not a method, never a member"
0,SD-H0,0.1,SDSRC14_MAIN9,SD-SRC14,MAIN9,SDSRC14_MAIN9:M3a[factory box]@alpha=0.1,M3a_box_robust,M3a_box_robust,entry,True,selected,k_box=1.0,optimal,,main_reference_plan_domain,cp_upper,0.3191,0.3193,0.3270566661650261,False,False,0,5,1,0.3193,0.3270566661650261,k_box=1.0,minimum attainable main-event rate_upper over the declared grid (descriptive; its cost is not a comparable cost),1024,optimal,0.0,0.0,0.2339,0.2341,0.24117170606318092,"diagnostic frontier point (training scenarios only); not a method, never a member"
0,SD-H0,0.1,SDSRC14_MAIN9,SD-SRC14,MAIN9,"SDSRC14_MAIN9:M3b[factory box k=1, Gamma selected]@alpha=0.1",M3b_budget_robust,M3b_budget_robust,entry,True,selected,gamma=4,optimal,,main_reference_plan_domain,cp_upper,0.3578,0.358,0.3659655085202624,False,False,0,35,19,0.2703,0.27770395887765686,"gamma=3 {""k_box"": 1.5}",minimum attainable main-event rate_upper over the declared grid (descriptive; its cost is not a comparable cost),1024,optimal,0.0,0.0,0.2339,0.2341,0.24117170606318092,"diagnostic frontier point (training scenarios only); not a method, never a member"
0,SD-H0,0.01,SD12MO_MAIN9,SD-12MO,MAIN9,SD12MO_MAIN9:M0,M0_nominal,M0_nominal,entry,True,,,optimal,,main_reference_plan_domain,cp_upper,0.8741,0.8741,0.8795255661302405,False,False,0,1,1,0.8741,0.8795255661302405,,minimum attainable main-event rate_upper over the declared grid (descriptive; its cost is not a comparable cost),1024,optimal,0.0,0.0,0.3264,0.3266,0.3344005479779582,"diagnostic frontier point (training scenarios only); not a method, never a member"
0,SD-H0,0.01,SD12MO_MAIN9,SD-12MO,MAIN9,"SD12MO_MAIN9:M1[relative,apply_to_dm=False]@alpha=0.01",M1_safety_margin,M1_safety_margin[apply_to_dm=False],sensitivity_line,False,not_met,,,"no value of the declared grid met the validation screen (candidate statuses: optimal, proven_infeasible); a grid without a solution is not a statement about the whole decision space",main_reference_plan_domain,cp_upper,,,,,False,0,5,4,0.4938,0.5020741984048191,k=0.075,minimum attainable main-event rate_upper over the declared grid (descriptive; its cost is not a comparable cost),1024,optimal,0.0,0.0,0.3264,0.3266,0.3344005479779582,"diagnostic frontier point (training scenarios only); not a method, never a member"
0,SD-H0,0.01,SD12MO_MAIN9,SD-12MO,MAIN9,"SD12MO_MAIN9:M1[relative,apply_to_dm=True]@alpha=0.01",M1_safety_margin,M1_safety_margin[apply_to_dm=True],entry,False,not_met,,,"no value of the declared grid met the validation screen (candidate statuses: optimal, proven_infeasible); a grid without a solution is not a statement about the whole decision space",main_reference_plan_domain,cp_upper,,,,,False,0,5,2,0.7393,0.7465190310165186,k=0.025,minimum attainable main-event rate_upper over the declared grid (descriptive; its cost is not a comparable cost),1024,optimal,0.0,0.0,0.3264,0.3266,0.3344005479779582,"diagnostic frontier point (training scenarios only); not a method, never a member"
0,SD-H0,0.01,SD12MO_MAIN9,SD-12MO,MAIN9,SD12MO_MAIN9:M2[N=1024]@alpha=0.01,M2_joint_chance_saa,M2_joint_chance_saa[N=1024],entry,False,not_met,,,no value of the declared grid met the validation screen (candidate statuses: optimal); a grid without a solution is not a statement about the whole decision space,main_reference_plan_domain,cp_upper,,,,,False,0,4,4,0.3028,0.31044945140240454,alpha_train=0.01,minimum attainable main-event rate_upper over the declared grid (descriptive; its cost is not a comparable cost),1024,optimal,0.0,0.0,0.3264,0.3266,0.3344005479779582,"diagnostic frontier point (training scenarios only); not a method, never a member"
0,SD-H0,0.01,SD12MO_MAIN9,SD-12MO,MAIN9,SD12MO_MAIN9:M2[N=128]@alpha=0.01,M2_joint_chance_saa,M2_joint_chance_saa[N=128],entry,False,not_met,,,no value of the declared grid met the validation screen (candidate statuses: optimal); a grid without a solution is not a statement about the whole decision space,main_reference_plan_domain,cp_upper,,,,,False,0,4,4,0.3925,0.4006043526346062,alpha_train=0.01,minimum attainable main-event rate_upper over the declared grid (descriptive; its cost is not a comparable cost),128,optimal,0.0,0.0,0.4329,0.4331,0.44131396647279825,"diagnostic frontier point (training scenarios only); not a method, never a member"
0,SD-H0,0.01,SD12MO_MAIN9,SD-12MO,MAIN9,SD12MO_MAIN9:M2[N=512]@alpha=0.01,M2_joint_chance_saa,M2_joint_chance_saa[N=512],entry,False,not_met,,,no value of the declared grid met the validation screen (candidate statuses: optimal); a grid without a solution is not a statement about the whole decision space,main_reference_plan_domain,cp_upper,,,,,False,0,4,4,0.3056,0.31326844416571326,alpha_train=0.01,minimum attainable main-event rate_upper over the declared grid (descriptive; its cost is not a comparable cost),512,optimal,0.0,0.0,0.3312,0.3314,0.33922824199948926,"diagnostic frontier point (training scenarios only); not a method, never a member"
0,SD-H0,0.01,SD12MO_MAIN9,SD-12MO,MAIN9,SD12MO_MAIN9:M3a[factory box]@alpha=0.01,M3a_box_robust,M3a_box_robust,entry,False,not_met,,,"no value of the declared grid met the validation screen (candidate statuses: optimal, proven_infeasible); a grid without a solution is not a statement about the whole decision space",main_reference_plan_domain,cp_upper,,,,,False,0,5,1,0.6977,0.7052608295910678,k_box=1.0,minimum attainable main-event rate_upper over the declared grid (descriptive; its cost is not a comparable cost),1024,optimal,0.0,0.0,0.3264,0.3266,0.3344005479779582,"diagnostic frontier point (training scenarios only); not a method, never a member"
0,SD-H0,0.01,SD12MO_MAIN9,SD-12MO,MAIN9,SD12MO_MAIN9:M3b[factory box]@alpha=0.01,M3b_budget_robust,M3b_budget_robust,entry,False,not_met,,,no value of the declared grid met the validation screen (candidate statuses: optimal); a grid without a solution is not a statement about the whole decision space,main_reference_plan_domain,cp_upper,,,,,False,0,35,18,0.3552,0.36315232670593206,"gamma=1 {""k_box"": 3.0}",minimum attainable main-event rate_upper over the declared grid (descriptive; its cost is not a comparable cost),1024,optimal,0.0,0.0,0.3264,0.3266,0.3344005479779582,"diagnostic frontier point (training scenarios only); not a method, never a member"
0,SD-H0,0.01,SDH0_MAIN9,SD-H0,MAIN9,SDH0_MAIN9:M0,M0_nominal,M0_nominal,entry,True,,,optimal,,main_reference_plan_domain,cp_upper,0.8741,0.8741,0.8795255661302405,False,False,0,1,1,0.8741,0.8795255661302405,,minimum attainable main-event rate_upper over the declared grid (descriptive; its cost is not a comparable cost),1024,frontier_no_feasible_solution_found_no_ration,0.044921875,0.1435546875,,,,
0,SD-H0,0.01,SDH0_MAIN9,SD-H0,MAIN9,"SDH0_MAIN9:M1[relative,apply_to_dm=False]@alpha=0.01",M1_safety_margin,M1_safety_margin[apply_to_dm=False],sensitivity_line,False,not_met,,,"no value of the declared grid met the validation screen (candidate statuses: optimal, proven_infeasible); a grid without a solution is not a statement about the whole decision space",main_reference_plan_domain,cp_upper,,,,,False,0,5,4,0.4938,0.5020741984048191,k=0.075,minimum attainable main-event rate_upper over the declared grid (descriptive; its cost is not a comparable cost),1024,frontier_no_feasible_solution_found_no_ration,0.044921875,0.1435546875,,,,
0,SD-H0,0.01,SDH0_MAIN9,SD-H0,MAIN9,"SDH0_MAIN9:M1[relative,apply_to_dm=True]@alpha=0.01",M1_safety_margin,M1_safety_margin[apply_to_dm=True],entry,False,not_met,,,"no value of the declared grid met the validation screen (candidate statuses: optimal, proven_infeasible); a grid without a solution is not a statement about the whole decision space",main_reference_plan_domain,cp_upper,,,,,False,0,5,2,0.7393,0.7465190310165186,k=0.025,minimum attainable main-event rate_upper over the declared grid (descriptive; its cost is not a comparable cost),1024,frontier_no_feasible_solution_found_no_ration,0.044921875,0.1435546875,,,,
0,SD-H0,0.01,SDH0_MAIN9,SD-H0,MAIN9,SDH0_MAIN9:M2[N=1024]@alpha=0.01,M2_joint_chance_saa,M2_joint_chance_saa[N=1024],entry,False,not_met,,,"SAA over the N training scenarios proven infeasible for every alpha_train of the declared grid (training scenarios only; not a population, field or whole-space statement)",main_reference_plan_domain,cp_upper,,,,,False,0,4,0,,,,no scored grid candidate with a ration (not a whole-space statement),1024,frontier_no_feasible_solution_found_no_ration,0.044921875,0.1435546875,,,,
0,SD-H0,0.01,SDH0_MAIN9,SD-H0,MAIN9,SDH0_MAIN9:M2[N=128]@alpha=0.01,M2_joint_chance_saa,M2_joint_chance_saa[N=128],entry,False,not_met,,,"SAA over the N training scenarios proven infeasible for every alpha_train of the declared grid (training scenarios only; not a population, field or whole-space statement)",main_reference_plan_domain,cp_upper,,,,,False,0,4,0,,,,no scored grid candidate with a ration (not a whole-space statement),128,optimal,0.1015625,0.1015625,0.1566,0.1568,0.16290470961985068,"diagnostic frontier point (training scenarios only); not a method, never a member"
0,SD-H0,0.01,SDH0_MAIN9,SD-H0,MAIN9,SDH0_MAIN9:M2[N=512]@alpha=0.01,M2_joint_chance_saa,M2_joint_chance_saa[N=512],entry,False,not_met,,,"SAA over the N training scenarios proven infeasible for every alpha_train of the declared grid (training scenarios only; not a population, field or whole-space statement)",main_reference_plan_domain,cp_upper,,,,,False,0,4,0,,,,no scored grid candidate with a ration (not a whole-space statement),512,frontier_no_feasible_solution_found_no_ration,0.04296875,0.126953125,,,,
0,SD-H0,0.01,SDH0_MAIN9,SD-H0,MAIN9,SDH0_MAIN9:M3a[factory box]@alpha=0.01,M3a_box_robust,M3a_box_robust,entry,False,not_met,,,no value of the declared grid met the validation screen (candidate statuses: proven_infeasible); a grid without a solution is not a statement about the whole decision space,main_reference_plan_domain,cp_upper,,,,,False,0,5,0,,,,no scored grid candidate with a ration (not a whole-space statement),1024,frontier_no_feasible_solution_found_no_ration,0.044921875,0.1435546875,,,,
0,SD-H0,0.01,SDH0_MAIN9,SD-H0,MAIN9,SDH0_MAIN9:M3b[factory box]@alpha=0.01,M3b_budget_robust,M3b_budget_robust,entry,False,not_met,,,"no value of the declared grid met the validation screen (candidate statuses: optimal, proven_infeasible); a grid without a solution is not a statement about the whole decision space",main_reference_plan_domain,cp_upper,,,,,False,0,35,7,0.3576,0.3655636433476802,"gamma=1 {""k_box"": 1.5}",minimum attainable main-event rate_upper over the declared grid (descriptive; its cost is not a comparable cost),1024,frontier_no_feasible_solution_found_no_ration,0.044921875,0.1435546875,,,,
0,SD-H0,0.01,SDS2_MAIN9,SD-S2,MAIN9,SDS2_MAIN9:M0,M0_nominal,M0_nominal,entry,True,,,optimal,,main_reference_plan_domain,cp_upper,0.8741,0.8741,0.8795255661302405,False,False,0,1,1,0.8741,0.8795255661302405,,minimum attainable main-event rate_upper over the declared grid (descriptive; its cost is not a comparable cost),1024,optimal,0.0,0.0,0.2949,0.2951,0.30269550016243824,"diagnostic frontier point (training scenarios only); not a method, never a member"
0,SD-H0,0.01,SDS2_MAIN9,SD-S2,MAIN9,"SDS2_MAIN9:M1[relative,apply_to_dm=False]@alpha=0.01",M1_safety_margin,M1_safety_margin[apply_to_dm=False],sensitivity_line,True,selected,k=0.075,optimal,,main_reference_plan_domain,cp_upper,0.4936,0.4938,0.5020741984048191,False,False,0,5,4,0.4938,0.5020741984048191,k=0.075,minimum attainable main-event rate_upper over the declared grid (descriptive; its cost is not a comparable cost),1024,optimal,0.0,0.0,0.2949,0.2951,0.30269550016243824,"diagnostic frontier point (training scenarios only); not a method, never a member"
0,SD-H0,0.01,SDS2_MAIN9,SD-S2,MAIN9,"SDS2_MAIN9:M1[relative,apply_to_dm=True]@alpha=0.01",M1_safety_margin,M1_safety_margin[apply_to_dm=True],entry,False,not_met,,,"no value of the declared grid met the validation screen (candidate statuses: optimal, proven_infeasible); a grid without a solution is not a statement about the whole decision space",main_reference_plan_domain,cp_upper,,,,,False,0,5,2,0.7393,0.7465190310165186,k=0.025,minimum attainable main-event rate_upper over the declared grid (descriptive; its cost is not a comparable cost),1024,optimal,0.0,0.0,0.2949,0.2951,0.30269550016243824,"diagnostic frontier point (training scenarios only); not a method, never a member"
0,SD-H0,0.01,SDS2_MAIN9,SD-S2,MAIN9,SDS2_MAIN9:M2[N=1024]@alpha=0.01,M2_joint_chance_saa,M2_joint_chance_saa[N=1024],entry,False,not_met,,,no value of the declared grid met the validation screen (candidate statuses: optimal); a grid without a solution is not a statement about the whole decision space,main_reference_plan_domain,cp_upper,,,,,False,0,4,4,0.2927,0.30027816175010386,alpha_train=0.0075,minimum attainable main-event rate_upper over the declared grid (descriptive; its cost is not a comparable cost),1024,optimal,0.0,0.0,0.2949,0.2951,0.30269550016243824,"diagnostic frontier point (training scenarios only); not a method, never a member"
0,SD-H0,0.01,SDS2_MAIN9,SD-S2,MAIN9,SDS2_MAIN9:M2[N=128]@alpha=0.01,M2_joint_chance_saa,M2_joint_chance_saa[N=128],entry,False,not_met,,,no value of the declared grid met the validation screen (candidate statuses: optimal); a grid without a solution is not a statement about the whole decision space,main_reference_plan_domain,cp_upper,,,,,False,0,4,4,0.4012,0.40933264461983726,alpha_train=0.01,minimum attainable main-event rate_upper over the declared grid (descriptive; its cost is not a comparable cost),128,optimal,0.0,0.0,0.443,0.4432,0.4514324976956506,"diagnostic frontier point (training scenarios only); not a method, never a member"
0,SD-H0,0.01,SDS2_MAIN9,SD-S2,MAIN9,SDS2_MAIN9:M2[N=512]@alpha=0.01,M2_joint_chance_saa,M2_joint_chance_saa[N=512],entry,True,selected,alpha_train=0.0025,optimal,,main_reference_plan_domain,cp_upper,0.3235,0.3237,0.3314833718391645,False,False,0,4,4,0.3095,0.31719434952778985,alpha_train=0.005,minimum attainable main-event rate_upper over the declared grid (descriptive; its cost is not a comparable cost),512,optimal,0.0,0.0,0.3084,0.3086,0.3162884277805762,"diagnostic frontier point (training scenarios only); not a method, never a member"
0,SD-H0,0.01,SDS2_MAIN9,SD-S2,MAIN9,SDS2_MAIN9:M3a[factory box]@alpha=0.01,M3a_box_robust,M3a_box_robust,entry,True,selected,k_box=1.5,optimal,,main_reference_plan_domain,cp_upper,0.3901,0.3903,0.3983967762057966,False,False,0,5,3,0.329,0.3368145091297787,k_box=2.0,minimum attainable main-event rate_upper over the declared grid (descriptive; its cost is not a comparable cost),1024,optimal,0.0,0.0,0.2949,0.2951,0.30269550016243824,"diagnostic frontier point (training scenarios only); not a method, never a member"
0,SD-H0,0.01,SDS2_MAIN9,SD-S2,MAIN9,"SDS2_MAIN9:M3b[factory box k=1.5, Gamma selected]@alpha=0.01",M3b_budget_robust,M3b_budget_robust,entry,True,selected,gamma=4,optimal,,main_reference_plan_domain,cp_upper,0.4212,0.4214,0.42958818759246326,False,False,0,35,27,0.3063,0.313973140745574,"gamma=3 {""k_box"": 2.0}",minimum attainable main-event rate_upper over the declared grid (descriptive; its cost is not a comparable cost),1024,optimal,0.0,0.0,0.2949,0.2951,0.30269550016243824,"diagnostic frontier point (training scenarios only); not a method, never a member"
0,SD-H0,0.01,SDSRC12_MAIN9,SD-SRC12,MAIN9,SDSRC12_MAIN9:M0,M0_nominal,M0_nominal,entry,True,,,optimal,,main_reference_plan_domain,cp_upper,0.8741,0.8741,0.8795255661302405,False,False,0,1,1,0.8741,0.8795255661302405,,minimum attainable main-event rate_upper over the declared grid (descriptive; its cost is not a comparable cost),1024,frontier_no_feasible_solution_found_no_ration,0.0244140625,0.0244140625,,,,
0,SD-H0,0.01,SDSRC12_MAIN9,SD-SRC12,MAIN9,"SDSRC12_MAIN9:M1[relative,apply_to_dm=False]@alpha=0.01",M1_safety_margin,M1_safety_margin[apply_to_dm=False],sensitivity_line,False,not_met,,,"no value of the declared grid met the validation screen (candidate statuses: optimal, proven_infeasible); a grid without a solution is not a statement about the whole decision space",main_reference_plan_domain,cp_upper,,,,,False,0,5,4,0.4938,0.5020741984048191,k=0.075,minimum attainable main-event rate_upper over the declared grid (descriptive; its cost is not a comparable cost),1024,frontier_no_feasible_solution_found_no_ration,0.0244140625,0.0244140625,,,,
0,SD-H0,0.01,SDSRC12_MAIN9,SD-SRC12,MAIN9,"SDSRC12_MAIN9:M1[relative,apply_to_dm=True]@alpha=0.01",M1_safety_margin,M1_safety_margin[apply_to_dm=True],entry,False,not_met,,,"no value of the declared grid met the validation screen (candidate statuses: optimal, proven_infeasible); a grid without a solution is not a statement about the whole decision space",main_reference_plan_domain,cp_upper,,,,,False,0,5,2,0.7393,0.7465190310165186,k=0.025,minimum attainable main-event rate_upper over the declared grid (descriptive; its cost is not a comparable cost),1024,frontier_no_feasible_solution_found_no_ration,0.0244140625,0.0244140625,,,,
0,SD-H0,0.01,SDSRC12_MAIN9,SD-SRC12,MAIN9,SDSRC12_MAIN9:M2[N=1024]@alpha=0.01,M2_joint_chance_saa,M2_joint_chance_saa[N=1024],entry,False,not_met,,,"SAA over the N training scenarios proven infeasible for every alpha_train of the declared grid (training scenarios only; not a population, field or whole-space statement)",main_reference_plan_domain,cp_upper,,,,,False,0,4,0,,,,no scored grid candidate with a ration (not a whole-space statement),1024,frontier_no_feasible_solution_found_no_ration,0.0244140625,0.0244140625,,,,
0,SD-H0,0.01,SDSRC12_MAIN9,SD-SRC12,MAIN9,SDSRC12_MAIN9:M2[N=128]@alpha=0.01,M2_joint_chance_saa,M2_joint_chance_saa[N=128],entry,False,not_met,,,"no value of the declared grid met the validation screen (candidate statuses: optimal, proven_infeasible); a grid without a solution is not a statement about the whole decision space",main_reference_plan_domain,cp_upper,,,,,False,0,4,1,0.1949,0.20153106839760637,alpha_train=0.01,minimum attainable main-event rate_upper over the declared grid (descriptive; its cost is not a comparable cost),128,optimal,0.0078125,0.0078125,0.1947,0.1949,0.20153106839760637,"diagnostic frontier point (training scenarios only); not a method, never a member"
0,SD-H0,0.01,SDSRC12_MAIN9,SD-SRC12,MAIN9,SDSRC12_MAIN9:M2[N=512]@alpha=0.01,M2_joint_chance_saa,M2_joint_chance_saa[N=512],entry,False,not_met,,,"SAA over the N training scenarios proven infeasible for every alpha_train of the declared grid (training scenarios only; not a population, field or whole-space statement)",main_reference_plan_domain,cp_upper,,,,,False,0,4,0,,,,no scored grid candidate with a ration (not a whole-space statement),512,optimal,0.025390625,0.025390625,0.1108,0.111,0.11630107541238724,"diagnostic frontier point (training scenarios only); not a method, never a member"
0,SD-H0,0.01,SDSRC12_MAIN9,SD-SRC12,MAIN9,SDSRC12_MAIN9:M3a[factory box]@alpha=0.01,M3a_box_robust,M3a_box_robust,entry,False,not_met,,,no value of the declared grid met the validation screen (candidate statuses: proven_infeasible); a grid without a solution is not a statement about the whole decision space,main_reference_plan_domain,cp_upper,,,,,False,0,5,0,,,,no scored grid candidate with a ration (not a whole-space statement),1024,frontier_no_feasible_solution_found_no_ration,0.0244140625,0.0244140625,,,,
0,SD-H0,0.01,SDSRC12_MAIN9,SD-SRC12,MAIN9,SDSRC12_MAIN9:M3b[factory box]@alpha=0.01,M3b_budget_robust,M3b_budget_robust,entry,False,not_met,,,"no value of the declared grid met the validation screen (candidate statuses: optimal, proven_infeasible); a grid without a solution is not a statement about the whole decision space",main_reference_plan_domain,cp_upper,,,,,False,0,35,11,0.2457,0.25288540481252086,"gamma=4 {""k_box"": 1.0}",minimum attainable main-event rate_upper over the declared grid (descriptive; its cost is not a comparable cost),1024,frontier_no_feasible_solution_found_no_ration,0.0244140625,0.0244140625,,,,
0,SD-H0,0.01,SDSRC14_MAIN9,SD-SRC14,MAIN9,SDSRC14_MAIN9:M0,M0_nominal,M0_nominal,entry,True,,,optimal,,main_reference_plan_domain,cp_upper,0.8741,0.8741,0.8795255661302405,False,False,0,1,1,0.8741,0.8795255661302405,,minimum attainable main-event rate_upper over the declared grid (descriptive; its cost is not a comparable cost),1024,optimal,0.0,0.0,0.2339,0.2341,0.24117170606318092,"diagnostic frontier point (training scenarios only); not a method, never a member"
0,SD-H0,0.01,SDSRC14_MAIN9,SD-SRC14,MAIN9,"SDSRC14_MAIN9:M1[relative,apply_to_dm=False]@alpha=0.01",M1_safety_margin,M1_safety_margin[apply_to_dm=False],sensitivity_line,False,not_met,,,"no value of the declared grid met the validation screen (candidate statuses: optimal, proven_infeasible); a grid without a solution is not a statement about the whole decision space",main_reference_plan_domain,cp_upper,,,,,False,0,5,4,0.4938,0.5020741984048191,k=0.075,minimum attainable main-event rate_upper over the declared grid (descriptive; its cost is not a comparable cost),1024,optimal,0.0,0.0,0.2339,0.2341,0.24117170606318092,"diagnostic frontier point (training scenarios only); not a method, never a member"
0,SD-H0,0.01,SDSRC14_MAIN9,SD-SRC14,MAIN9,"SDSRC14_MAIN9:M1[relative,apply_to_dm=True]@alpha=0.01",M1_safety_margin,M1_safety_margin[apply_to_dm=True],entry,False,not_met,,,"no value of the declared grid met the validation screen (candidate statuses: optimal, proven_infeasible); a grid without a solution is not a statement about the whole decision space",main_reference_plan_domain,cp_upper,,,,,False,0,5,2,0.7393,0.7465190310165186,k=0.025,minimum attainable main-event rate_upper over the declared grid (descriptive; its cost is not a comparable cost),1024,optimal,0.0,0.0,0.2339,0.2341,0.24117170606318092,"diagnostic frontier point (training scenarios only); not a method, never a member"
0,SD-H0,0.01,SDSRC14_MAIN9,SD-SRC14,MAIN9,SDSRC14_MAIN9:M2[N=1024]@alpha=0.01,M2_joint_chance_saa,M2_joint_chance_saa[N=1024],entry,False,not_met,,,no value of the declared grid met the validation screen (candidate statuses: optimal); a grid without a solution is not a statement about the whole decision space,main_reference_plan_domain,cp_upper,,,,,False,0,4,4,0.1805,0.18694474599753844,alpha_train=0.005,minimum attainable main-event rate_upper over the declared grid (descriptive; its cost is not a comparable cost),1024,optimal,0.0,0.0,0.2339,0.2341,0.24117170606318092,"diagnostic frontier point (training scenarios only); not a method, never a member"
0,SD-H0,0.01,SDSRC14_MAIN9,SD-SRC14,MAIN9,SDSRC14_MAIN9:M2[N=128]@alpha=0.01,M2_joint_chance_saa,M2_joint_chance_saa[N=128],entry,False,not_met,,,no value of the declared grid met the validation screen (candidate statuses: optimal); a grid without a solution is not a statement about the whole decision space,main_reference_plan_domain,cp_upper,,,,,False,0,4,4,0.1889,0.19545516996698295,alpha_train=0.01,minimum attainable main-event rate_upper over the declared grid (descriptive; its cost is not a comparable cost),128,optimal,0.0,0.0,0.1908,0.191,0.19758201051250504,"diagnostic frontier point (training scenarios only); not a method, never a member"
0,SD-H0,0.01,SDSRC14_MAIN9,SD-SRC14,MAIN9,SDSRC14_MAIN9:M2[N=512]@alpha=0.01,M2_joint_chance_saa,M2_joint_chance_saa[N=512],entry,False,not_met,,,no value of the declared grid met the validation screen (candidate statuses: optimal); a grid without a solution is not a statement about the whole decision space,main_reference_plan_domain,cp_upper,,,,,False,0,4,4,0.2003,0.20699733906365306,alpha_train=0.0075,minimum attainable main-event rate_upper over the declared grid (descriptive; its cost is not a comparable cost),512,optimal,0.0,0.0,0.1943,0.1945,0.20112608349433353,"diagnostic frontier point (training scenarios only); not a method, never a member"
0,SD-H0,0.01,SDSRC14_MAIN9,SD-SRC14,MAIN9,SDSRC14_MAIN9:M3a[factory box]@alpha=0.01,M3a_box_robust,M3a_box_robust,entry,False,not_met,,,"no value of the declared grid met the validation screen (candidate statuses: optimal, proven_infeasible); a grid without a solution is not a statement about the whole decision space",main_reference_plan_domain,cp_upper,,,,,False,0,5,1,0.3193,0.3270566661650261,k_box=1.0,minimum attainable main-event rate_upper over the declared grid (descriptive; its cost is not a comparable cost),1024,optimal,0.0,0.0,0.2339,0.2341,0.24117170606318092,"diagnostic frontier point (training scenarios only); not a method, never a member"
0,SD-H0,0.01,SDSRC14_MAIN9,SD-SRC14,MAIN9,"SDSRC14_MAIN9:M3b[factory box k=1.5, Gamma selected]@alpha=0.01",M3b_budget_robust,M3b_budget_robust,entry,True,selected,gamma=4,optimal,,main_reference_plan_domain,cp_upper,0.2928,0.293,0.3005803427606303,False,False,0,35,19,0.2703,0.27770395887765686,"gamma=3 {""k_box"": 1.5}",minimum attainable main-event rate_upper over the declared grid (descriptive; its cost is not a comparable cost),1024,optimal,0.0,0.0,0.2339,0.2341,0.24117170606318092,"diagnostic frontier point (training scenarios only); not a method, never a member"
0,SD-S2,0.05,SD12MO_MAIN9,SD-12MO,MAIN9,SD12MO_MAIN9:M0,M0_nominal,M0_nominal,entry,True,,,optimal,,main_reference_plan_domain,cp_upper,0.8076,0.8076,0.8140670022100215,False,False,12,1,1,0.8076,0.8140670022100215,,minimum attainable main-event rate_upper over the declared grid (descriptive; its cost is not a comparable cost),1024,optimal,0.0,0.0,0.0053,0.0053,0.006658299210477352,"diagnostic frontier point (training scenarios only); not a method, never a member"
0,SD-S2,0.05,SD12MO_MAIN9,SD-12MO,MAIN9,"SD12MO_MAIN9:M1[relative,apply_to_dm=False]@alpha=0.05",M1_safety_margin,M1_safety_margin[apply_to_dm=False],sensitivity_line,False,not_met,,,"no value of the declared grid met the validation screen (candidate statuses: optimal, proven_infeasible); a grid without a solution is not a statement about the whole decision space",main_reference_plan_domain,cp_upper,,,,,False,12,5,4,0.0086,0.010280229578229742,k=0.075,minimum attainable main-event rate_upper over the declared grid (descriptive; its cost is not a comparable cost),1024,optimal,0.0,0.0,0.0053,0.0053,0.006658299210477352,"diagnostic frontier point (training scenarios only); not a method, never a member"
0,SD-S2,0.05,SD12MO_MAIN9,SD-12MO,MAIN9,"SD12MO_MAIN9:M1[relative,apply_to_dm=True]@alpha=0.05",M1_safety_margin,M1_safety_margin[apply_to_dm=True],entry,False,not_met,,,"no value of the declared grid met the validation screen (candidate statuses: optimal, proven_infeasible); a grid without a solution is not a statement about the whole decision space",main_reference_plan_domain,cp_upper,,,,,False,12,5,2,0.362,0.36998383265320317,k=0.025,minimum attainable main-event rate_upper over the declared grid (descriptive; its cost is not a comparable cost),1024,optimal,0.0,0.0,0.0053,0.0053,0.006658299210477352,"diagnostic frontier point (training scenarios only); not a method, never a member"
0,SD-S2,0.05,SD12MO_MAIN9,SD-12MO,MAIN9,SD12MO_MAIN9:M2[N=1024]@alpha=0.05,M2_joint_chance_saa,M2_joint_chance_saa[N=1024],entry,True,selected,alpha_train=0.0375,feasible_time_limit,,main_reference_plan_domain,cp_upper,0.0318,0.0318,0.0348392034084708,True,True,12,4,4,0.0057,0.0071019041630878505,alpha_train=0.0125,minimum attainable main-event rate_upper over the declared grid (descriptive; its cost is not a comparable cost),1024,optimal,0.0,0.0,0.0053,0.0053,0.006658299210477352,"diagnostic frontier point (training scenarios only); not a method, never a member"
0,SD-S2,0.05,SD12MO_MAIN9,SD-12MO,MAIN9,SD12MO_MAIN9:M2[N=128]@alpha=0.05,M2_joint_chance_saa,M2_joint_chance_saa[N=128],entry,False,not_met,,,no value of the declared grid met the validation screen (candidate statuses: optimal); a grid without a solution is not a statement about the whole decision space,main_reference_plan_domain,cp_upper,,,,,False,12,4,4,0.0326,0.03567385428706479,alpha_train=0.0125,minimum attainable main-event rate_upper over the declared grid (descriptive; its cost is not a comparable cost),128,optimal,0.0,0.0,0.0176,0.0176,0.01992024184005122,"diagnostic frontier point (training scenarios only); not a method, never a member"
0,SD-S2,0.05,SD12MO_MAIN9,SD-12MO,MAIN9,SD12MO_MAIN9:M2[N=512]@alpha=0.05,M2_joint_chance_saa,M2_joint_chance_saa[N=512],entry,True,selected,alpha_train=0.025,optimal,,main_reference_plan_domain,cp_upper,0.0169,0.0169,0.019177801963786174,True,True,12,4,4,0.0059,0.007323129192957677,alpha_train=0.0125,minimum attainable main-event rate_upper over the declared grid (descriptive; its cost is not a comparable cost),512,optimal,0.0,0.0,0.0062,0.0062,0.007654298246644336,"diagnostic frontier point (training scenarios only); not a method, never a member"
0,SD-S2,0.05,SD12MO_MAIN9,SD-12MO,MAIN9,SD12MO_MAIN9:M3a[factory box]@alpha=0.05,M3a_box_robust,M3a_box_robust,entry,False,not_met,,,"no value of the declared grid met the validation screen (candidate statuses: optimal, proven_infeasible); a grid without a solution is not a statement about the whole decision space",main_reference_plan_domain,cp_upper,,,,,False,12,5,1,0.2079,0.21468745414989496,k_box=1.0,minimum attainable main-event rate_upper over the declared grid (descriptive; its cost is not a comparable cost),1024,optimal,0.0,0.0,0.0053,0.0053,0.006658299210477352,"diagnostic frontier point (training scenarios only); not a method, never a member"
0,SD-S2,0.05,SD12MO_MAIN9,SD-12MO,MAIN9,"SD12MO_MAIN9:M3b[factory box k=3, Gamma selected]@alpha=0.05",M3b_budget_robust,M3b_budget_robust,entry,True,selected,gamma=1,optimal,,main_reference_plan_domain,cp_upper,0.0123,0.0123,0.014272472339310154,True,True,12,35,18,0.002,0.002904884868683747,"gamma=4 {""k_box"": 1.5}",minimum attainable main-event rate_upper over the declared grid (descriptive; its cost is not a comparable cost),1024,optimal,0.0,0.0,0.0053,0.0053,0.006658299210477352,"diagnostic frontier point (training scenarios only); not a method, never a member"
0,SD-S2,0.05,SDH0_MAIN9,SD-H0,MAIN9,SDH0_MAIN9:M0,M0_nominal,M0_nominal,entry,True,,,optimal,,main_reference_plan_domain,cp_upper,0.8076,0.8076,0.8140670022100215,False,False,12,1,1,0.8076,0.8140670022100215,,minimum attainable main-event rate_upper over the declared grid (descriptive; its cost is not a comparable cost),1024,frontier_no_feasible_solution_found_no_ration,0.044921875,0.1435546875,,,,
0,SD-S2,0.05,SDH0_MAIN9,SD-H0,MAIN9,"SDH0_MAIN9:M1[relative,apply_to_dm=False]@alpha=0.05",M1_safety_margin,M1_safety_margin[apply_to_dm=False],sensitivity_line,False,not_met,,,"no value of the declared grid met the validation screen (candidate statuses: optimal, proven_infeasible); a grid without a solution is not a statement about the whole decision space",main_reference_plan_domain,cp_upper,,,,,False,12,5,4,0.0086,0.010280229578229742,k=0.075,minimum attainable main-event rate_upper over the declared grid (descriptive; its cost is not a comparable cost),1024,frontier_no_feasible_solution_found_no_ration,0.044921875,0.1435546875,,,,
0,SD-S2,0.05,SDH0_MAIN9,SD-H0,MAIN9,"SDH0_MAIN9:M1[relative,apply_to_dm=True]@alpha=0.05",M1_safety_margin,M1_safety_margin[apply_to_dm=True],entry,False,not_met,,,"no value of the declared grid met the validation screen (candidate statuses: optimal, proven_infeasible); a grid without a solution is not a statement about the whole decision space",main_reference_plan_domain,cp_upper,,,,,False,12,5,2,0.362,0.36998383265320317,k=0.025,minimum attainable main-event rate_upper over the declared grid (descriptive; its cost is not a comparable cost),1024,frontier_no_feasible_solution_found_no_ration,0.044921875,0.1435546875,,,,
0,SD-S2,0.05,SDH0_MAIN9,SD-H0,MAIN9,SDH0_MAIN9:M2[N=1024]@alpha=0.05,M2_joint_chance_saa,M2_joint_chance_saa[N=1024],entry,False,not_met,,,"SAA over the N training scenarios proven infeasible for every alpha_train of the declared grid (training scenarios only; not a population, field or whole-space statement)",main_reference_plan_domain,cp_upper,,,,,False,12,4,0,,,,no scored grid candidate with a ration (not a whole-space statement),1024,frontier_no_feasible_solution_found_no_ration,0.044921875,0.1435546875,,,,
0,SD-S2,0.05,SDH0_MAIN9,SD-H0,MAIN9,SDH0_MAIN9:M2[N=128]@alpha=0.05,M2_joint_chance_saa,M2_joint_chance_saa[N=128],entry,False,not_met,,,"SAA over the N training scenarios proven infeasible for every alpha_train of the declared grid (training scenarios only; not a population, field or whole-space statement)",main_reference_plan_domain,cp_upper,,,,,False,12,4,0,,,,no scored grid candidate with a ration (not a whole-space statement),128,optimal,0.1015625,0.1015625,0.0004,0.0004,0.0009151160584710777,"diagnostic frontier point (training scenarios only); not a method, never a member"
0,SD-S2,0.05,SDH0_MAIN9,SD-H0,MAIN9,SDH0_MAIN9:M2[N=512]@alpha=0.05,M2_joint_chance_saa,M2_joint_chance_saa[N=512],entry,False,not_met,,,"SAA over the N training scenarios proven infeasible for every alpha_train of the declared grid (training scenarios only; not a population, field or whole-space statement)",main_reference_plan_domain,cp_upper,,,,,False,12,4,0,,,,no scored grid candidate with a ration (not a whole-space statement),512,frontier_no_feasible_solution_found_no_ration,0.04296875,0.126953125,,,,
0,SD-S2,0.05,SDH0_MAIN9,SD-H0,MAIN9,SDH0_MAIN9:M3a[factory box]@alpha=0.05,M3a_box_robust,M3a_box_robust,entry,False,not_met,,,no value of the declared grid met the validation screen (candidate statuses: proven_infeasible); a grid without a solution is not a statement about the whole decision space,main_reference_plan_domain,cp_upper,,,,,False,12,5,0,,,,no scored grid candidate with a ration (not a whole-space statement),1024,frontier_no_feasible_solution_found_no_ration,0.044921875,0.1435546875,,,,
0,SD-S2,0.05,SDH0_MAIN9,SD-H0,MAIN9,SDH0_MAIN9:M3b[factory box]@alpha=0.05,M3b_budget_robust,M3b_budget_robust,entry,False,not_met,,,"no value of the declared grid met the validation screen (candidate statuses: optimal, proven_infeasible); a grid without a solution is not a statement about the whole decision space",main_reference_plan_domain,cp_upper,,,,,False,12,35,7,0.0084,0.010062741097753729,"gamma=1 {""k_box"": 1.5}",minimum attainable main-event rate_upper over the declared grid (descriptive; its cost is not a comparable cost),1024,frontier_no_feasible_solution_found_no_ration,0.044921875,0.1435546875,,,,
0,SD-S2,0.05,SDS2_MAIN9,SD-S2,MAIN9,SDS2_MAIN9:M0,M0_nominal,M0_nominal,entry,True,,,optimal,,main_reference_plan_domain,cp_upper,0.8076,0.8076,0.8140670022100215,False,False,12,1,1,0.8076,0.8140670022100215,,minimum attainable main-event rate_upper over the declared grid (descriptive; its cost is not a comparable cost),1024,optimal,0.0,0.0,0.0053,0.0053,0.006658299210477352,"diagnostic frontier point (training scenarios only); not a method, never a member"
0,SD-S2,0.05,SDS2_MAIN9,SD-S2,MAIN9,"SDS2_MAIN9:M1[relative,apply_to_dm=False]@alpha=0.05",M1_safety_margin,M1_safety_margin[apply_to_dm=False],sensitivity_line,True,selected,k=0.075,optimal,,main_reference_plan_domain,cp_upper,0.0086,0.0086,0.010280229578229742,True,False,12,5,4,0.0086,0.010280229578229742,k=0.075,minimum attainable main-event rate_upper over the declared grid (descriptive; its cost is not a comparable cost),1024,optimal,0.0,0.0,0.0053,0.0053,0.006658299210477352,"diagnostic frontier point (training scenarios only); not a method, never a member"
0,SD-S2,0.05,SDS2_MAIN9,SD-S2,MAIN9,"SDS2_MAIN9:M1[relative,apply_to_dm=True]@alpha=0.05",M1_safety_margin,M1_safety_margin[apply_to_dm=True],entry,False,not_met,,,"no value of the declared grid met the validation screen (candidate statuses: optimal, proven_infeasible); a grid without a solution is not a statement about the whole decision space",main_reference_plan_domain,cp_upper,,,,,False,12,5,2,0.362,0.36998383265320317,k=0.025,minimum attainable main-event rate_upper over the declared grid (descriptive; its cost is not a comparable cost),1024,optimal,0.0,0.0,0.0053,0.0053,0.006658299210477352,"diagnostic frontier point (training scenarios only); not a method, never a member"
0,SD-S2,0.05,SDS2_MAIN9,SD-S2,MAIN9,SDS2_MAIN9:M2[N=1024]@alpha=0.05,M2_joint_chance_saa,M2_joint_chance_saa[N=1024],entry,True,selected,alpha_train=0.0375,feasible_time_limit,,main_reference_plan_domain,cp_upper,0.0318,0.0318,0.0348392034084708,True,True,12,4,4,0.0078,0.009408963080168291,alpha_train=0.0125,minimum attainable main-event rate_upper over the declared grid (descriptive; its cost is not a comparable cost),1024,optimal,0.0,0.0,0.0053,0.0053,0.006658299210477352,"diagnostic frontier point (training scenarios only); not a method, never a member"
0,SD-S2,0.05,SDS2_MAIN9,SD-S2,MAIN9,SDS2_MAIN9:M2[N=128]@alpha=0.05,M2_joint_chance_saa,M2_joint_chance_saa[N=128],entry,True,selected,alpha_train=0.0125,optimal,,main_reference_plan_domain,cp_upper,0.037,0.037,0.040256473753825434,True,True,12,4,4,0.037,0.040256473753825434,alpha_train=0.0125,minimum attainable main-event rate_upper over the declared grid (descriptive; its cost is not a comparable cost),128,optimal,0.0,0.0,0.0519,0.0519,0.055696532618584045,"diagnostic frontier point (training scenarios only); not a method, never a member"
0,SD-S2,0.05,SDS2_MAIN9,SD-S2,MAIN9,SDS2_MAIN9:M2[N=512]@alpha=0.05,M2_joint_chance_saa,M2_joint_chance_saa[N=512],entry,True,selected,alpha_train=0.025,optimal,,main_reference_plan_domain,cp_upper,0.0261,0.0261,0.028877085350540548,True,True,12,4,4,0.0072,0.008753037938647724,alpha_train=0.0125,minimum attainable main-event rate_upper over the declared grid (descriptive; its cost is not a comparable cost),512,optimal,0.0,0.0,0.0066,0.0066,0.008094696077845675,"diagnostic frontier point (training scenarios only); not a method, never a member"
0,SD-S2,0.05,SDS2_MAIN9,SD-S2,MAIN9,SDS2_MAIN9:M3a[factory box]@alpha=0.05,M3a_box_robust,M3a_box_robust,entry,True,selected,k_box=1.5,optimal,,main_reference_plan_domain,cp_upper,0.0045,0.0045,0.005765824972336223,True,True,12,5,3,0.0001,0.0004742976591654368,k_box=2.0,minimum attainable main-event rate_upper over the declared grid (descriptive; its cost is not a comparable cost),1024,optimal,0.0,0.0,0.0053,0.0053,0.006658299210477352,"diagnostic frontier point (training scenarios only); not a method, never a member"
0,SD-S2,0.05,SDS2_MAIN9,SD-S2,MAIN9,"SDS2_MAIN9:M3b[factory box k=1.5, Gamma selected]@alpha=0.05",M3b_budget_robust,M3b_budget_robust,entry,True,selected,gamma=3,optimal,,main_reference_plan_domain,cp_upper,0.0225,0.0225,0.025095114136157212,True,True,12,35,27,0.0,0.00029952835977661195,"gamma=3 {""k_box"": 2.5}",minimum attainable main-event rate_upper over the declared grid (descriptive; its cost is not a comparable cost),1024,optimal,0.0,0.0,0.0053,0.0053,0.006658299210477352,"diagnostic frontier point (training scenarios only); not a method, never a member"
0,SD-S2,0.05,SDSRC12_MAIN9,SD-SRC12,MAIN9,SDSRC12_MAIN9:M0,M0_nominal,M0_nominal,entry,True,,,optimal,,main_reference_plan_domain,cp_upper,0.8076,0.8076,0.8140670022100215,False,False,12,1,1,0.8076,0.8140670022100215,,minimum attainable main-event rate_upper over the declared grid (descriptive; its cost is not a comparable cost),1024,frontier_no_feasible_solution_found_no_ration,0.0244140625,0.0244140625,,,,
0,SD-S2,0.05,SDSRC12_MAIN9,SD-SRC12,MAIN9,"SDSRC12_MAIN9:M1[relative,apply_to_dm=False]@alpha=0.05",M1_safety_margin,M1_safety_margin[apply_to_dm=False],sensitivity_line,False,not_met,,,"no value of the declared grid met the validation screen (candidate statuses: optimal, proven_infeasible); a grid without a solution is not a statement about the whole decision space",main_reference_plan_domain,cp_upper,,,,,False,12,5,4,0.0086,0.010280229578229742,k=0.075,minimum attainable main-event rate_upper over the declared grid (descriptive; its cost is not a comparable cost),1024,frontier_no_feasible_solution_found_no_ration,0.0244140625,0.0244140625,,,,
0,SD-S2,0.05,SDSRC12_MAIN9,SD-SRC12,MAIN9,"SDSRC12_MAIN9:M1[relative,apply_to_dm=True]@alpha=0.05",M1_safety_margin,M1_safety_margin[apply_to_dm=True],entry,False,not_met,,,"no value of the declared grid met the validation screen (candidate statuses: optimal, proven_infeasible); a grid without a solution is not a statement about the whole decision space",main_reference_plan_domain,cp_upper,,,,,False,12,5,2,0.362,0.36998383265320317,k=0.025,minimum attainable main-event rate_upper over the declared grid (descriptive; its cost is not a comparable cost),1024,frontier_no_feasible_solution_found_no_ration,0.0244140625,0.0244140625,,,,
0,SD-S2,0.05,SDSRC12_MAIN9,SD-SRC12,MAIN9,SDSRC12_MAIN9:M2[N=1024]@alpha=0.05,M2_joint_chance_saa,M2_joint_chance_saa[N=1024],entry,True,selected,alpha_train=0.0375,feasible_time_limit,,main_reference_plan_domain,cp_upper,0.0,0.0,0.00029952835977661195,True,True,12,4,2,0.0,0.00029952835977661195,alpha_train=0.05,minimum attainable main-event rate_upper over the declared grid (descriptive; its cost is not a comparable cost),1024,frontier_no_feasible_solution_found_no_ration,0.0244140625,0.0244140625,,,,
0,SD-S2,0.05,SDSRC12_MAIN9,SD-SRC12,MAIN9,SDSRC12_MAIN9:M2[N=128]@alpha=0.05,M2_joint_chance_saa,M2_joint_chance_saa[N=128],entry,False,not_met,,,no value of the declared grid met the validation screen (candidate statuses: optimal); a grid without a solution is not a statement about the whole decision space,main_reference_plan_domain,cp_upper,,,,,False,12,4,4,0.0,0.00029952835977661195,alpha_train=0.0375,minimum attainable main-event rate_upper over the declared grid (descriptive; its cost is not a comparable cost),128,optimal,0.0078125,0.0078125,0.0001,0.0001,0.0004742976591654368,"diagnostic frontier point (training scenarios only); not a method, never a member"
0,SD-S2,0.05,SDSRC12_MAIN9,SD-SRC12,MAIN9,SDSRC12_MAIN9:M2[N=512]@alpha=0.05,M2_joint_chance_saa,M2_joint_chance_saa[N=512],entry,False,not_met,,,"no value of the declared grid met the validation screen (candidate statuses: optimal, proven_infeasible); a grid without a solution is not a statement about the whole decision space",main_reference_plan_domain,cp_upper,,,,,False,12,4,2,0.0,0.00029952835977661195,alpha_train=0.05,minimum attainable main-event rate_upper over the declared grid (descriptive; its cost is not a comparable cost),512,optimal,0.025390625,0.025390625,0.0,0.0,0.00029952835977661195,"diagnostic frontier point (training scenarios only); not a method, never a member"
0,SD-S2,0.05,SDSRC12_MAIN9,SD-SRC12,MAIN9,SDSRC12_MAIN9:M3a[factory box]@alpha=0.05,M3a_box_robust,M3a_box_robust,entry,False,not_met,,,no value of the declared grid met the validation screen (candidate statuses: proven_infeasible); a grid without a solution is not a statement about the whole decision space,main_reference_plan_domain,cp_upper,,,,,False,12,5,0,,,,no scored grid candidate with a ration (not a whole-space statement),1024,frontier_no_feasible_solution_found_no_ration,0.0244140625,0.0244140625,,,,
0,SD-S2,0.05,SDSRC12_MAIN9,SD-SRC12,MAIN9,SDSRC12_MAIN9:M3b[factory box]@alpha=0.05,M3b_budget_robust,M3b_budget_robust,entry,False,not_met,,,"no value of the declared grid met the validation screen (candidate statuses: optimal, proven_infeasible); a grid without a solution is not a statement about the whole decision space",main_reference_plan_domain,cp_upper,,,,,False,12,35,11,0.0,0.00029952835977661195,"gamma=4 {""k_box"": 1.0}",minimum attainable main-event rate_upper over the declared grid (descriptive; its cost is not a comparable cost),1024,frontier_no_feasible_solution_found_no_ration,0.0244140625,0.0244140625,,,,
0,SD-S2,0.05,SDSRC14_MAIN9,SD-SRC14,MAIN9,SDSRC14_MAIN9:M0,M0_nominal,M0_nominal,entry,True,,,optimal,,main_reference_plan_domain,cp_upper,0.8076,0.8076,0.8140670022100215,False,False,12,1,1,0.8076,0.8140670022100215,,minimum attainable main-event rate_upper over the declared grid (descriptive; its cost is not a comparable cost),1024,optimal,0.0,0.0,0.0001,0.0001,0.0004742976591654368,"diagnostic frontier point (training scenarios only); not a method, never a member"
0,SD-S2,0.05,SDSRC14_MAIN9,SD-SRC14,MAIN9,"SDSRC14_MAIN9:M1[relative,apply_to_dm=False]@alpha=0.05",M1_safety_margin,M1_safety_margin[apply_to_dm=False],sensitivity_line,False,not_met,,,"no value of the declared grid met the validation screen (candidate statuses: optimal, proven_infeasible); a grid without a solution is not a statement about the whole decision space",main_reference_plan_domain,cp_upper,,,,,False,12,5,4,0.0086,0.010280229578229742,k=0.075,minimum attainable main-event rate_upper over the declared grid (descriptive; its cost is not a comparable cost),1024,optimal,0.0,0.0,0.0001,0.0001,0.0004742976591654368,"diagnostic frontier point (training scenarios only); not a method, never a member"
0,SD-S2,0.05,SDSRC14_MAIN9,SD-SRC14,MAIN9,"SDSRC14_MAIN9:M1[relative,apply_to_dm=True]@alpha=0.05",M1_safety_margin,M1_safety_margin[apply_to_dm=True],entry,False,not_met,,,"no value of the declared grid met the validation screen (candidate statuses: optimal, proven_infeasible); a grid without a solution is not a statement about the whole decision space",main_reference_plan_domain,cp_upper,,,,,False,12,5,2,0.362,0.36998383265320317,k=0.025,minimum attainable main-event rate_upper over the declared grid (descriptive; its cost is not a comparable cost),1024,optimal,0.0,0.0,0.0001,0.0001,0.0004742976591654368,"diagnostic frontier point (training scenarios only); not a method, never a member"
0,SD-S2,0.05,SDSRC14_MAIN9,SD-SRC14,MAIN9,SDSRC14_MAIN9:M2[N=1024]@alpha=0.05,M2_joint_chance_saa,M2_joint_chance_saa[N=1024],entry,True,selected,alpha_train=0.025,feasible_time_limit,,main_reference_plan_domain,cp_upper,0.0001,0.0001,0.0004742976591654368,True,True,12,4,4,0.0,0.00029952835977661195,alpha_train=0.0375,minimum attainable main-event rate_upper over the declared grid (descriptive; its cost is not a comparable cost),1024,optimal,0.0,0.0,0.0001,0.0001,0.0004742976591654368,"diagnostic frontier point (training scenarios only); not a method, never a member"
0,SD-S2,0.05,SDSRC14_MAIN9,SD-SRC14,MAIN9,SDSRC14_MAIN9:M2[N=128]@alpha=0.05,M2_joint_chance_saa,M2_joint_chance_saa[N=128],entry,False,not_met,,,no value of the declared grid met the validation screen (candidate statuses: optimal); a grid without a solution is not a statement about the whole decision space,main_reference_plan_domain,cp_upper,,,,,False,12,4,4,0.0005,0.0010510137186384818,alpha_train=0.05,minimum attainable main-event rate_upper over the declared grid (descriptive; its cost is not a comparable cost),128,optimal,0.0,0.0,0.0004,0.0004,0.0009151160584710777,"diagnostic frontier point (training scenarios only); not a method, never a member"
0,SD-S2,0.05,SDSRC14_MAIN9,SD-SRC14,MAIN9,SDSRC14_MAIN9:M2[N=512]@alpha=0.05,M2_joint_chance_saa,M2_joint_chance_saa[N=512],entry,True,selected,alpha_train=0.025,optimal,,main_reference_plan_domain,cp_upper,0.0001,0.0001,0.0004742976591654368,True,True,12,4,4,0.0,0.00029952835977661195,alpha_train=0.0375,minimum attainable main-event rate_upper over the declared grid (descriptive; its cost is not a comparable cost),512,optimal,0.0,0.0,0.0,0.0,0.00029952835977661195,"diagnostic frontier point (training scenarios only); not a method, never a member"
0,SD-S2,0.05,SDSRC14_MAIN9,SD-SRC14,MAIN9,SDSRC14_MAIN9:M3a[factory box]@alpha=0.05,M3a_box_robust,M3a_box_robust,entry,False,not_met,,,"no value of the declared grid met the validation screen (candidate statuses: optimal, proven_infeasible); a grid without a solution is not a statement about the whole decision space",main_reference_plan_domain,cp_upper,,,,,False,12,5,1,0.0003,0.0007751813790100997,k_box=1.0,minimum attainable main-event rate_upper over the declared grid (descriptive; its cost is not a comparable cost),1024,optimal,0.0,0.0,0.0001,0.0001,0.0004742976591654368,"diagnostic frontier point (training scenarios only); not a method, never a member"
0,SD-S2,0.05,SDSRC14_MAIN9,SD-SRC14,MAIN9,"SDSRC14_MAIN9:M3b[factory box k=1, Gamma selected]@alpha=0.05",M3b_budget_robust,M3b_budget_robust,entry,True,selected,gamma=5,optimal,,main_reference_plan_domain,cp_upper,0.0006,0.0006,0.001183893646831579,True,True,12,35,19,0.0,0.00029952835977661195,"gamma=3 {""k_box"": 1.5}",minimum attainable main-event rate_upper over the declared grid (descriptive; its cost is not a comparable cost),1024,optimal,0.0,0.0,0.0001,0.0001,0.0004742976591654368,"diagnostic frontier point (training scenarios only); not a method, never a member"
0,SD-S2,0.1,SD12MO_MAIN9,SD-12MO,MAIN9,SD12MO_MAIN9:M0,M0_nominal,M0_nominal,entry,True,,,optimal,,main_reference_plan_domain,cp_upper,0.8076,0.8076,0.8140670022100215,False,False,16,1,1,0.8076,0.8140670022100215,,minimum attainable main-event rate_upper over the declared grid (descriptive; its cost is not a comparable cost),1024,optimal,0.0,0.0,0.0053,0.0053,0.006658299210477352,"diagnostic frontier point (training scenarios only); not a method, never a member"
0,SD-S2,0.1,SD12MO_MAIN9,SD-12MO,MAIN9,"SD12MO_MAIN9:M1[relative,apply_to_dm=False]@alpha=0.1",M1_safety_margin,M1_safety_margin[apply_to_dm=False],sensitivity_line,True,selected,k=0.075,optimal,,main_reference_plan_domain,cp_upper,0.0086,0.0086,0.010280229578229742,True,False,16,5,4,0.0086,0.010280229578229742,k=0.075,minimum attainable main-event rate_upper over the declared grid (descriptive; its cost is not a comparable cost),1024,optimal,0.0,0.0,0.0053,0.0053,0.006658299210477352,"diagnostic frontier point (training scenarios only); not a method, never a member"
0,SD-S2,0.1,SD12MO_MAIN9,SD-12MO,MAIN9,"SD12MO_MAIN9:M1[relative,apply_to_dm=True]@alpha=0.1",M1_safety_margin,M1_safety_margin[apply_to_dm=True],entry,False,not_met,,,"no value of the declared grid met the validation screen (candidate statuses: optimal, proven_infeasible); a grid without a solution is not a statement about the whole decision space",main_reference_plan_domain,cp_upper,,,,,False,16,5,2,0.362,0.36998383265320317,k=0.025,minimum attainable main-event rate_upper over the declared grid (descriptive; its cost is not a comparable cost),1024,optimal,0.0,0.0,0.0053,0.0053,0.006658299210477352,"diagnostic frontier point (training scenarios only); not a method, never a member"
0,SD-S2,0.1,SD12MO_MAIN9,SD-12MO,MAIN9,SD12MO_MAIN9:M2[N=1024]@alpha=0.1,M2_joint_chance_saa,M2_joint_chance_saa[N=1024],entry,True,selected,alpha_train=0.075,feasible_time_limit,,main_reference_plan_domain,cp_upper,0.059,0.059,0.06302178733218564,True,True,16,4,4,0.0169,0.019177801963786174,alpha_train=0.025,minimum attainable main-event rate_upper over the declared grid (descriptive; its cost is not a comparable cost),1024,optimal,0.0,0.0,0.0053,0.0053,0.006658299210477352,"diagnostic frontier point (training scenarios only); not a method, never a member"
0,SD-S2,0.1,SD12MO_MAIN9,SD-12MO,MAIN9,SD12MO_MAIN9:M2[N=128]@alpha=0.1,M2_joint_chance_saa,M2_joint_chance_saa[N=128],entry,True,selected,alpha_train=0.025,optimal,,main_reference_plan_domain,cp_upper,0.0426,0.0426,0.04607200398152725,True,True,16,4,4,0.0426,0.04607200398152725,alpha_train=0.025,minimum attainable main-event rate_upper over the declared grid (descriptive; its cost is not a comparable cost),128,optimal,0.0,0.0,0.0176,0.0176,0.01992024184005122,"diagnostic frontier point (training scenarios only); not a method, never a member"
0,SD-S2,0.1,SD12MO_MAIN9,SD-12MO,MAIN9,SD12MO_MAIN9:M2[N=512]@alpha=0.1,M2_joint_chance_saa,M2_joint_chance_saa[N=512],entry,True,selected,alpha_train=0.075,feasible_time_limit,,main_reference_plan_domain,cp_upper,0.0556,0.0556,0.05951607217452449,True,True,16,4,4,0.0169,0.019177801963786174,alpha_train=0.025,minimum attainable main-event rate_upper over the declared grid (descriptive; its cost is not a comparable cost),512,optimal,0.0,0.0,0.0062,0.0062,0.007654298246644336,"diagnostic frontier point (training scenarios only); not a method, never a member"
0,SD-S2,0.1,SD12MO_MAIN9,SD-12MO,MAIN9,SD12MO_MAIN9:M3a[factory box]@alpha=0.1,M3a_box_robust,M3a_box_robust,entry,False,not_met,,,"no value of the declared grid met the validation screen (candidate statuses: optimal, proven_infeasible); a grid without a solution is not a statement about the whole decision space",main_reference_plan_domain,cp_upper,,,,,False,16,5,1,0.2079,0.21468745414989496,k_box=1.0,minimum attainable main-event rate_upper over the declared grid (descriptive; its cost is not a comparable cost),1024,optimal,0.0,0.0,0.0053,0.0053,0.006658299210477352,"diagnostic frontier point (training scenarios only); not a method, never a member"
0,SD-S2,0.1,SD12MO_MAIN9,SD-12MO,MAIN9,"SD12MO_MAIN9:M3b[factory box k=1.5, Gamma selected]@alpha=0.1",M3b_budget_robust,M3b_budget_robust,entry,True,selected,gamma=2,optimal,,main_reference_plan_domain,cp_upper,0.0595,0.0595,0.06353702047943731,True,True,16,35,18,0.002,0.002904884868683747,"gamma=4 {""k_box"": 1.5}",minimum attainable main-event rate_upper over the declared grid (descriptive; its cost is not a comparable cost),1024,optimal,0.0,0.0,0.0053,0.0053,0.006658299210477352,"diagnostic frontier point (training scenarios only); not a method, never a member"
0,SD-S2,0.1,SDH0_MAIN9,SD-H0,MAIN9,SDH0_MAIN9:M0,M0_nominal,M0_nominal,entry,True,,,optimal,,main_reference_plan_domain,cp_upper,0.8076,0.8076,0.8140670022100215,False,False,16,1,1,0.8076,0.8140670022100215,,minimum attainable main-event rate_upper over the declared grid (descriptive; its cost is not a comparable cost),1024,frontier_no_feasible_solution_found_no_ration,0.044921875,0.1435546875,,,,
0,SD-S2,0.1,SDH0_MAIN9,SD-H0,MAIN9,"SDH0_MAIN9:M1[relative,apply_to_dm=False]@alpha=0.1",M1_safety_margin,M1_safety_margin[apply_to_dm=False],sensitivity_line,False,not_met,,,"no value of the declared grid met the validation screen (candidate statuses: optimal, proven_infeasible); a grid without a solution is not a statement about the whole decision space",main_reference_plan_domain,cp_upper,,,,,False,16,5,4,0.0086,0.010280229578229742,k=0.075,minimum attainable main-event rate_upper over the declared grid (descriptive; its cost is not a comparable cost),1024,frontier_no_feasible_solution_found_no_ration,0.044921875,0.1435546875,,,,
0,SD-S2,0.1,SDH0_MAIN9,SD-H0,MAIN9,"SDH0_MAIN9:M1[relative,apply_to_dm=True]@alpha=0.1",M1_safety_margin,M1_safety_margin[apply_to_dm=True],entry,False,not_met,,,"no value of the declared grid met the validation screen (candidate statuses: optimal, proven_infeasible); a grid without a solution is not a statement about the whole decision space",main_reference_plan_domain,cp_upper,,,,,False,16,5,2,0.362,0.36998383265320317,k=0.025,minimum attainable main-event rate_upper over the declared grid (descriptive; its cost is not a comparable cost),1024,frontier_no_feasible_solution_found_no_ration,0.044921875,0.1435546875,,,,
0,SD-S2,0.1,SDH0_MAIN9,SD-H0,MAIN9,SDH0_MAIN9:M2[N=1024]@alpha=0.1,M2_joint_chance_saa,M2_joint_chance_saa[N=1024],entry,False,not_met,,,"no value of the declared grid met the validation screen (candidate statuses: no_feasible_solution_found, proven_infeasible); a grid without a solution is not a statement about the whole decision space",main_reference_plan_domain,cp_upper,,,,,False,16,4,0,,,,no scored grid candidate with a ration (not a whole-space statement),1024,frontier_no_feasible_solution_found_no_ration,0.044921875,0.1435546875,,,,
0,SD-S2,0.1,SDH0_MAIN9,SD-H0,MAIN9,SDH0_MAIN9:M2[N=128]@alpha=0.1,M2_joint_chance_saa,M2_joint_chance_saa[N=128],entry,False,not_met,,,"SAA over the N training scenarios proven infeasible for every alpha_train of the declared grid (training scenarios only; not a population, field or whole-space statement)",main_reference_plan_domain,cp_upper,,,,,False,16,4,0,,,,no scored grid candidate with a ration (not a whole-space statement),128,optimal,0.1015625,0.1015625,0.0004,0.0004,0.0009151160584710777,"diagnostic frontier point (training scenarios only); not a method, never a member"
0,SD-S2,0.1,SDH0_MAIN9,SD-H0,MAIN9,SDH0_MAIN9:M2[N=512]@alpha=0.1,M2_joint_chance_saa,M2_joint_chance_saa[N=512],entry,False,not_met,,,"no value of the declared grid met the validation screen (candidate statuses: no_feasible_solution_found, proven_infeasible); a grid without a solution is not a statement about the whole decision space",main_reference_plan_domain,cp_upper,,,,,False,16,4,0,,,,no scored grid candidate with a ration (not a whole-space statement),512,frontier_no_feasible_solution_found_no_ration,0.04296875,0.126953125,,,,
0,SD-S2,0.1,SDH0_MAIN9,SD-H0,MAIN9,SDH0_MAIN9:M3a[factory box]@alpha=0.1,M3a_box_robust,M3a_box_robust,entry,False,not_met,,,no value of the declared grid met the validation screen (candidate statuses: proven_infeasible); a grid without a solution is not a statement about the whole decision space,main_reference_plan_domain,cp_upper,,,,,False,16,5,0,,,,no scored grid candidate with a ration (not a whole-space statement),1024,frontier_no_feasible_solution_found_no_ration,0.044921875,0.1435546875,,,,
0,SD-S2,0.1,SDH0_MAIN9,SD-H0,MAIN9,SDH0_MAIN9:M3b[factory box]@alpha=0.1,M3b_budget_robust,M3b_budget_robust,entry,False,not_met,,,"no value of the declared grid met the validation screen (candidate statuses: optimal, proven_infeasible); a grid without a solution is not a statement about the whole decision space",main_reference_plan_domain,cp_upper,,,,,False,16,35,7,0.0084,0.010062741097753729,"gamma=1 {""k_box"": 1.5}",minimum attainable main-event rate_upper over the declared grid (descriptive; its cost is not a comparable cost),1024,frontier_no_feasible_solution_found_no_ration,0.044921875,0.1435546875,,,,
0,SD-S2,0.1,SDS2_MAIN9,SD-S2,MAIN9,SDS2_MAIN9:M0,M0_nominal,M0_nominal,entry,True,,,optimal,,main_reference_plan_domain,cp_upper,0.8076,0.8076,0.8140670022100215,False,False,16,1,1,0.8076,0.8140670022100215,,minimum attainable main-event rate_upper over the declared grid (descriptive; its cost is not a comparable cost),1024,optimal,0.0,0.0,0.0053,0.0053,0.006658299210477352,"diagnostic frontier point (training scenarios only); not a method, never a member"
0,SD-S2,0.1,SDS2_MAIN9,SD-S2,MAIN9,"SDS2_MAIN9:M1[relative,apply_to_dm=False]@alpha=0.1",M1_safety_margin,M1_safety_margin[apply_to_dm=False],sensitivity_line,True,selected,k=0.075,optimal,,main_reference_plan_domain,cp_upper,0.0086,0.0086,0.010280229578229742,True,False,16,5,4,0.0086,0.010280229578229742,k=0.075,minimum attainable main-event rate_upper over the declared grid (descriptive; its cost is not a comparable cost),1024,optimal,0.0,0.0,0.0053,0.0053,0.006658299210477352,"diagnostic frontier point (training scenarios only); not a method, never a member"
0,SD-S2,0.1,SDS2_MAIN9,SD-S2,MAIN9,"SDS2_MAIN9:M1[relative,apply_to_dm=True]@alpha=0.1",M1_safety_margin,M1_safety_margin[apply_to_dm=True],entry,False,not_met,,,"no value of the declared grid met the validation screen (candidate statuses: optimal, proven_infeasible); a grid without a solution is not a statement about the whole decision space",main_reference_plan_domain,cp_upper,,,,,False,16,5,2,0.362,0.36998383265320317,k=0.025,minimum attainable main-event rate_upper over the declared grid (descriptive; its cost is not a comparable cost),1024,optimal,0.0,0.0,0.0053,0.0053,0.006658299210477352,"diagnostic frontier point (training scenarios only); not a method, never a member"
0,SD-S2,0.1,SDS2_MAIN9,SD-S2,MAIN9,SDS2_MAIN9:M2[N=1024]@alpha=0.1,M2_joint_chance_saa,M2_joint_chance_saa[N=1024],entry,True,selected,alpha_train=0.075,feasible_time_limit,,main_reference_plan_domain,cp_upper,0.0508,0.0508,0.05456002377874882,True,True,16,4,4,0.0235,0.026147145455158245,alpha_train=0.025,minimum attainable main-event rate_upper over the declared grid (descriptive; its cost is not a comparable cost),1024,optimal,0.0,0.0,0.0053,0.0053,0.006658299210477352,"diagnostic frontier point (training scenarios only); not a method, never a member"
0,SD-S2,0.1,SDS2_MAIN9,SD-S2,MAIN9,SDS2_MAIN9:M2[N=128]@alpha=0.1,M2_joint_chance_saa,M2_joint_chance_saa[N=128],entry,True,selected,alpha_train=0.025,optimal,,main_reference_plan_domain,cp_upper,0.0438,0.0438,0.047316047993253375,True,True,16,4,4,0.0438,0.047316047993253375,alpha_train=0.025,minimum attainable main-event rate_upper over the declared grid (descriptive; its cost is not a comparable cost),128,optimal,0.0,0.0,0.0519,0.0519,0.055696532618584045,"diagnostic frontier point (training scenarios only); not a method, never a member"
0,SD-S2,0.1,SDS2_MAIN9,SD-S2,MAIN9,SDS2_MAIN9:M2[N=512]@alpha=0.1,M2_joint_chance_saa,M2_joint_chance_saa[N=512],entry,True,selected,alpha_train=0.075,feasible_time_limit,,main_reference_plan_domain,cp_upper,0.0571,0.0571,0.06106317792851584,True,True,16,4,4,0.0261,0.028877085350540548,alpha_train=0.025,minimum attainable main-event rate_upper over the declared grid (descriptive; its cost is not a comparable cost),512,optimal,0.0,0.0,0.0066,0.0066,0.008094696077845675,"diagnostic frontier point (training scenarios only); not a method, never a member"
0,SD-S2,0.1,SDS2_MAIN9,SD-S2,MAIN9,SDS2_MAIN9:M3a[factory box]@alpha=0.1,M3a_box_robust,M3a_box_robust,entry,True,selected,k_box=1.5,optimal,,main_reference_plan_domain,cp_upper,0.0045,0.0045,0.005765824972336223,True,True,16,5,3,0.0001,0.0004742976591654368,k_box=2.0,minimum attainable main-event rate_upper over the declared grid (descriptive; its cost is not a comparable cost),1024,optimal,0.0,0.0,0.0053,0.0053,0.006658299210477352,"diagnostic frontier point (training scenarios only); not a method, never a member"
0,SD-S2,0.1,SDS2_MAIN9,SD-S2,MAIN9,"SDS2_MAIN9:M3b[factory box k=1.5, Gamma selected]@alpha=0.1",M3b_budget_robust,M3b_budget_robust,entry,True,selected,gamma=2,optimal,,main_reference_plan_domain,cp_upper,0.072,0.072,0.07639476426990516,True,True,16,35,27,0.0,0.00029952835977661195,"gamma=3 {""k_box"": 2.5}",minimum attainable main-event rate_upper over the declared grid (descriptive; its cost is not a comparable cost),1024,optimal,0.0,0.0,0.0053,0.0053,0.006658299210477352,"diagnostic frontier point (training scenarios only); not a method, never a member"
0,SD-S2,0.1,SDSRC12_MAIN9,SD-SRC12,MAIN9,SDSRC12_MAIN9:M0,M0_nominal,M0_nominal,entry,True,,,optimal,,main_reference_plan_domain,cp_upper,0.8076,0.8076,0.8140670022100215,False,False,16,1,1,0.8076,0.8140670022100215,,minimum attainable main-event rate_upper over the declared grid (descriptive; its cost is not a comparable cost),1024,frontier_no_feasible_solution_found_no_ration,0.0244140625,0.0244140625,,,,
0,SD-S2,0.1,SDSRC12_MAIN9,SD-SRC12,MAIN9,"SDSRC12_MAIN9:M1[relative,apply_to_dm=False]@alpha=0.1",M1_safety_margin,M1_safety_margin[apply_to_dm=False],sensitivity_line,False,not_met,,,"no value of the declared grid met the validation screen (candidate statuses: optimal, proven_infeasible); a grid without a solution is not a statement about the whole decision space",main_reference_plan_domain,cp_upper,,,,,False,16,5,4,0.0086,0.010280229578229742,k=0.075,minimum attainable main-event rate_upper over the declared grid (descriptive; its cost is not a comparable cost),1024,frontier_no_feasible_solution_found_no_ration,0.0244140625,0.0244140625,,,,
0,SD-S2,0.1,SDSRC12_MAIN9,SD-SRC12,MAIN9,"SDSRC12_MAIN9:M1[relative,apply_to_dm=True]@alpha=0.1",M1_safety_margin,M1_safety_margin[apply_to_dm=True],entry,False,not_met,,,"no value of the declared grid met the validation screen (candidate statuses: optimal, proven_infeasible); a grid without a solution is not a statement about the whole decision space",main_reference_plan_domain,cp_upper,,,,,False,16,5,2,0.362,0.36998383265320317,k=0.025,minimum attainable main-event rate_upper over the declared grid (descriptive; its cost is not a comparable cost),1024,frontier_no_feasible_solution_found_no_ration,0.0244140625,0.0244140625,,,,
0,SD-S2,0.1,SDSRC12_MAIN9,SD-SRC12,MAIN9,SDSRC12_MAIN9:M2[N=1024]@alpha=0.1,M2_joint_chance_saa,M2_joint_chance_saa[N=1024],entry,True,selected,alpha_train=0.075,feasible_time_limit,,main_reference_plan_domain,cp_upper,0.0,0.0,0.00029952835977661195,True,True,16,4,3,0.0,0.00029952835977661195,alpha_train=0.075,minimum attainable main-event rate_upper over the declared grid (descriptive; its cost is not a comparable cost),1024,frontier_no_feasible_solution_found_no_ration,0.0244140625,0.0244140625,,,,
0,SD-S2,0.1,SDSRC12_MAIN9,SD-SRC12,MAIN9,SDSRC12_MAIN9:M2[N=128]@alpha=0.1,M2_joint_chance_saa,M2_joint_chance_saa[N=128],entry,False,not_met,,,no value of the declared grid met the validation screen (candidate statuses: optimal); a grid without a solution is not a statement about the whole decision space,main_reference_plan_domain,cp_upper,,,,,False,16,4,4,0.0002,0.0006294441486871455,alpha_train=0.05,minimum attainable main-event rate_upper over the declared grid (descriptive; its cost is not a comparable cost),128,optimal,0.0078125,0.0078125,0.0001,0.0001,0.0004742976591654368,"diagnostic frontier point (training scenarios only); not a method, never a member"
0,SD-S2,0.1,SDSRC12_MAIN9,SD-SRC12,MAIN9,SDSRC12_MAIN9:M2[N=512]@alpha=0.1,M2_joint_chance_saa,M2_joint_chance_saa[N=512],entry,True,selected,alpha_train=0.05,optimal,,main_reference_plan_domain,cp_upper,0.0,0.0,0.00029952835977661195,True,True,16,4,3,0.0,0.00029952835977661195,alpha_train=0.05,minimum attainable main-event rate_upper over the declared grid (descriptive; its cost is not a comparable cost),512,optimal,0.025390625,0.025390625,0.0,0.0,0.00029952835977661195,"diagnostic frontier point (training scenarios only); not a method, never a member"
0,SD-S2,0.1,SDSRC12_MAIN9,SD-SRC12,MAIN9,SDSRC12_MAIN9:M3a[factory box]@alpha=0.1,M3a_box_robust,M3a_box_robust,entry,False,not_met,,,no value of the declared grid met the validation screen (candidate statuses: proven_infeasible); a grid without a solution is not a statement about the whole decision space,main_reference_plan_domain,cp_upper,,,,,False,16,5,0,,,,no scored grid candidate with a ration (not a whole-space statement),1024,frontier_no_feasible_solution_found_no_ration,0.0244140625,0.0244140625,,,,
0,SD-S2,0.1,SDSRC12_MAIN9,SD-SRC12,MAIN9,SDSRC12_MAIN9:M3b[factory box]@alpha=0.1,M3b_budget_robust,M3b_budget_robust,entry,False,not_met,,,"no value of the declared grid met the validation screen (candidate statuses: optimal, proven_infeasible); a grid without a solution is not a statement about the whole decision space",main_reference_plan_domain,cp_upper,,,,,False,16,35,11,0.0,0.00029952835977661195,"gamma=4 {""k_box"": 1.0}",minimum attainable main-event rate_upper over the declared grid (descriptive; its cost is not a comparable cost),1024,frontier_no_feasible_solution_found_no_ration,0.0244140625,0.0244140625,,,,
0,SD-S2,0.1,SDSRC14_MAIN9,SD-SRC14,MAIN9,SDSRC14_MAIN9:M0,M0_nominal,M0_nominal,entry,True,,,optimal,,main_reference_plan_domain,cp_upper,0.8076,0.8076,0.8140670022100215,False,False,16,1,1,0.8076,0.8140670022100215,,minimum attainable main-event rate_upper over the declared grid (descriptive; its cost is not a comparable cost),1024,optimal,0.0,0.0,0.0001,0.0001,0.0004742976591654368,"diagnostic frontier point (training scenarios only); not a method, never a member"
0,SD-S2,0.1,SDSRC14_MAIN9,SD-SRC14,MAIN9,"SDSRC14_MAIN9:M1[relative,apply_to_dm=False]@alpha=0.1",M1_safety_margin,M1_safety_margin[apply_to_dm=False],sensitivity_line,False,not_met,,,"no value of the declared grid met the validation screen (candidate statuses: optimal, proven_infeasible); a grid without a solution is not a statement about the whole decision space",main_reference_plan_domain,cp_upper,,,,,False,16,5,4,0.0086,0.010280229578229742,k=0.075,minimum attainable main-event rate_upper over the declared grid (descriptive; its cost is not a comparable cost),1024,optimal,0.0,0.0,0.0001,0.0001,0.0004742976591654368,"diagnostic frontier point (training scenarios only); not a method, never a member"
0,SD-S2,0.1,SDSRC14_MAIN9,SD-SRC14,MAIN9,"SDSRC14_MAIN9:M1[relative,apply_to_dm=True]@alpha=0.1",M1_safety_margin,M1_safety_margin[apply_to_dm=True],entry,False,not_met,,,"no value of the declared grid met the validation screen (candidate statuses: optimal, proven_infeasible); a grid without a solution is not a statement about the whole decision space",main_reference_plan_domain,cp_upper,,,,,False,16,5,2,0.362,0.36998383265320317,k=0.025,minimum attainable main-event rate_upper over the declared grid (descriptive; its cost is not a comparable cost),1024,optimal,0.0,0.0,0.0001,0.0001,0.0004742976591654368,"diagnostic frontier point (training scenarios only); not a method, never a member"
0,SD-S2,0.1,SDSRC14_MAIN9,SD-SRC14,MAIN9,SDSRC14_MAIN9:M2[N=1024]@alpha=0.1,M2_joint_chance_saa,M2_joint_chance_saa[N=1024],entry,True,selected,alpha_train=0.075,feasible_time_limit,,main_reference_plan_domain,cp_upper,0.0003,0.0003,0.0007751813790100997,True,True,16,4,4,0.0001,0.0004742976591654368,alpha_train=0.05,minimum attainable main-event rate_upper over the declared grid (descriptive; its cost is not a comparable cost),1024,optimal,0.0,0.0,0.0001,0.0001,0.0004742976591654368,"diagnostic frontier point (training scenarios only); not a method, never a member"
0,SD-S2,0.1,SDSRC14_MAIN9,SD-SRC14,MAIN9,SDSRC14_MAIN9:M2[N=128]@alpha=0.1,M2_joint_chance_saa,M2_joint_chance_saa[N=128],entry,True,selected,alpha_train=0.025,optimal,,main_reference_plan_domain,cp_upper,0.0005,0.0005,0.0010510137186384818,True,True,16,4,4,0.0005,0.0010510137186384818,alpha_train=0.05,minimum attainable main-event rate_upper over the declared grid (descriptive; its cost is not a comparable cost),128,optimal,0.0,0.0,0.0004,0.0004,0.0009151160584710777,"diagnostic frontier point (training scenarios only); not a method, never a member"
0,SD-S2,0.1,SDSRC14_MAIN9,SD-SRC14,MAIN9,SDSRC14_MAIN9:M2[N=512]@alpha=0.1,M2_joint_chance_saa,M2_joint_chance_saa[N=512],entry,True,selected,alpha_train=0.05,feasible_time_limit,,main_reference_plan_domain,cp_upper,0.0001,0.0001,0.0004742976591654368,True,True,16,4,4,0.0001,0.0004742976591654368,alpha_train=0.05,minimum attainable main-event rate_upper over the declared grid (descriptive; its cost is not a comparable cost),512,optimal,0.0,0.0,0.0,0.0,0.00029952835977661195,"diagnostic frontier point (training scenarios only); not a method, never a member"
0,SD-S2,0.1,SDSRC14_MAIN9,SD-SRC14,MAIN9,SDSRC14_MAIN9:M3a[factory box]@alpha=0.1,M3a_box_robust,M3a_box_robust,entry,True,selected,k_box=1.0,optimal,,main_reference_plan_domain,cp_upper,0.0003,0.0003,0.0007751813790100997,True,True,16,5,1,0.0003,0.0007751813790100997,k_box=1.0,minimum attainable main-event rate_upper over the declared grid (descriptive; its cost is not a comparable cost),1024,optimal,0.0,0.0,0.0001,0.0001,0.0004742976591654368,"diagnostic frontier point (training scenarios only); not a method, never a member"
0,SD-S2,0.1,SDSRC14_MAIN9,SD-SRC14,MAIN9,"SDSRC14_MAIN9:M3b[factory box k=1, Gamma selected]@alpha=0.1",M3b_budget_robust,M3b_budget_robust,entry,True,selected,gamma=4,optimal,,main_reference_plan_domain,cp_upper,0.0005,0.0005,0.0010510137186384818,True,True,16,35,19,0.0,0.00029952835977661195,"gamma=3 {""k_box"": 1.5}",minimum attainable main-event rate_upper over the declared grid (descriptive; its cost is not a comparable cost),1024,optimal,0.0,0.0,0.0001,0.0001,0.0004742976591654368,"diagnostic frontier point (training scenarios only); not a method, never a member"
0,SD-S2,0.01,SD12MO_MAIN9,SD-12MO,MAIN9,SD12MO_MAIN9:M0,M0_nominal,M0_nominal,entry,True,,,optimal,,main_reference_plan_domain,cp_upper,0.8076,0.8076,0.8140670022100215,False,False,3,1,1,0.8076,0.8140670022100215,,minimum attainable main-event rate_upper over the declared grid (descriptive; its cost is not a comparable cost),1024,optimal,0.0,0.0,0.0053,0.0053,0.006658299210477352,"diagnostic frontier point (training scenarios only); not a method, never a member"
0,SD-S2,0.01,SD12MO_MAIN9,SD-12MO,MAIN9,"SD12MO_MAIN9:M1[relative,apply_to_dm=False]@alpha=0.01",M1_safety_margin,M1_safety_margin[apply_to_dm=False],sensitivity_line,False,not_met,,,"no value of the declared grid met the validation screen (candidate statuses: optimal, proven_infeasible); a grid without a solution is not a statement about the whole decision space",main_reference_plan_domain,cp_upper,,,,,False,3,5,4,0.0086,0.010280229578229742,k=0.075,minimum attainable main-event rate_upper over the declared grid (descriptive; its cost is not a comparable cost),1024,optimal,0.0,0.0,0.0053,0.0053,0.006658299210477352,"diagnostic frontier point (training scenarios only); not a method, never a member"
0,SD-S2,0.01,SD12MO_MAIN9,SD-12MO,MAIN9,"SD12MO_MAIN9:M1[relative,apply_to_dm=True]@alpha=0.01",M1_safety_margin,M1_safety_margin[apply_to_dm=True],entry,False,not_met,,,"no value of the declared grid met the validation screen (candidate statuses: optimal, proven_infeasible); a grid without a solution is not a statement about the whole decision space",main_reference_plan_domain,cp_upper,,,,,False,3,5,2,0.362,0.36998383265320317,k=0.025,minimum attainable main-event rate_upper over the declared grid (descriptive; its cost is not a comparable cost),1024,optimal,0.0,0.0,0.0053,0.0053,0.006658299210477352,"diagnostic frontier point (training scenarios only); not a method, never a member"
0,SD-S2,0.01,SD12MO_MAIN9,SD-12MO,MAIN9,SD12MO_MAIN9:M2[N=1024]@alpha=0.01,M2_joint_chance_saa,M2_joint_chance_saa[N=1024],entry,False,not_met,,,no value of the declared grid met the validation screen (candidate statuses: optimal); a grid without a solution is not a statement about the whole decision space,main_reference_plan_domain,cp_upper,,,,,False,3,4,4,0.0052,0.0065471419610077,alpha_train=0.0025,minimum attainable main-event rate_upper over the declared grid (descriptive; its cost is not a comparable cost),1024,optimal,0.0,0.0,0.0053,0.0053,0.006658299210477352,"diagnostic frontier point (training scenarios only); not a method, never a member"
0,SD-S2,0.01,SD12MO_MAIN9,SD-12MO,MAIN9,SD12MO_MAIN9:M2[N=128]@alpha=0.01,M2_joint_chance_saa,M2_joint_chance_saa[N=128],entry,False,not_met,,,no value of the declared grid met the validation screen (candidate statuses: optimal); a grid without a solution is not a statement about the whole decision space,main_reference_plan_domain,cp_upper,,,,,False,3,4,4,0.0176,0.01992024184005122,alpha_train=0.0075,minimum attainable main-event rate_upper over the declared grid (descriptive; its cost is not a comparable cost),128,optimal,0.0,0.0,0.0176,0.0176,0.01992024184005122,"diagnostic frontier point (training scenarios only); not a method, never a member"
0,SD-S2,0.01,SD12MO_MAIN9,SD-12MO,MAIN9,SD12MO_MAIN9:M2[N=512]@alpha=0.01,M2_joint_chance_saa,M2_joint_chance_saa[N=512],entry,False,not_met,,,no value of the declared grid met the validation screen (candidate statuses: optimal); a grid without a solution is not a statement about the whole decision space,main_reference_plan_domain,cp_upper,,,,,False,3,4,4,0.0058,0.0072125627397637134,alpha_train=0.01,minimum attainable main-event rate_upper over the declared grid (descriptive; its cost is not a comparable cost),512,optimal,0.0,0.0,0.0062,0.0062,0.007654298246644336,"diagnostic frontier point (training scenarios only); not a method, never a member"
0,SD-S2,0.01,SD12MO_MAIN9,SD-12MO,MAIN9,SD12MO_MAIN9:M3a[factory box]@alpha=0.01,M3a_box_robust,M3a_box_robust,entry,False,not_met,,,"no value of the declared grid met the validation screen (candidate statuses: optimal, proven_infeasible); a grid without a solution is not a statement about the whole decision space",main_reference_plan_domain,cp_upper,,,,,False,3,5,1,0.2079,0.21468745414989496,k_box=1.0,minimum attainable main-event rate_upper over the declared grid (descriptive; its cost is not a comparable cost),1024,optimal,0.0,0.0,0.0053,0.0053,0.006658299210477352,"diagnostic frontier point (training scenarios only); not a method, never a member"
0,SD-S2,0.01,SD12MO_MAIN9,SD-12MO,MAIN9,SD12MO_MAIN9:M3b[factory box]@alpha=0.01,M3b_budget_robust,M3b_budget_robust,entry,False,not_met,,,no value of the declared grid met the validation screen (candidate statuses: optimal); a grid without a solution is not a statement about the whole decision space,main_reference_plan_domain,cp_upper,,,,,False,3,35,18,0.002,0.002904884868683747,"gamma=4 {""k_box"": 1.5}",minimum attainable main-event rate_upper over the declared grid (descriptive; its cost is not a comparable cost),1024,optimal,0.0,0.0,0.0053,0.0053,0.006658299210477352,"diagnostic frontier point (training scenarios only); not a method, never a member"
0,SD-S2,0.01,SDH0_MAIN9,SD-H0,MAIN9,SDH0_MAIN9:M0,M0_nominal,M0_nominal,entry,True,,,optimal,,main_reference_plan_domain,cp_upper,0.8076,0.8076,0.8140670022100215,False,False,3,1,1,0.8076,0.8140670022100215,,minimum attainable main-event rate_upper over the declared grid (descriptive; its cost is not a comparable cost),1024,frontier_no_feasible_solution_found_no_ration,0.044921875,0.1435546875,,,,
0,SD-S2,0.01,SDH0_MAIN9,SD-H0,MAIN9,"SDH0_MAIN9:M1[relative,apply_to_dm=False]@alpha=0.01",M1_safety_margin,M1_safety_margin[apply_to_dm=False],sensitivity_line,False,not_met,,,"no value of the declared grid met the validation screen (candidate statuses: optimal, proven_infeasible); a grid without a solution is not a statement about the whole decision space",main_reference_plan_domain,cp_upper,,,,,False,3,5,4,0.0086,0.010280229578229742,k=0.075,minimum attainable main-event rate_upper over the declared grid (descriptive; its cost is not a comparable cost),1024,frontier_no_feasible_solution_found_no_ration,0.044921875,0.1435546875,,,,
0,SD-S2,0.01,SDH0_MAIN9,SD-H0,MAIN9,"SDH0_MAIN9:M1[relative,apply_to_dm=True]@alpha=0.01",M1_safety_margin,M1_safety_margin[apply_to_dm=True],entry,False,not_met,,,"no value of the declared grid met the validation screen (candidate statuses: optimal, proven_infeasible); a grid without a solution is not a statement about the whole decision space",main_reference_plan_domain,cp_upper,,,,,False,3,5,2,0.362,0.36998383265320317,k=0.025,minimum attainable main-event rate_upper over the declared grid (descriptive; its cost is not a comparable cost),1024,frontier_no_feasible_solution_found_no_ration,0.044921875,0.1435546875,,,,
0,SD-S2,0.01,SDH0_MAIN9,SD-H0,MAIN9,SDH0_MAIN9:M2[N=1024]@alpha=0.01,M2_joint_chance_saa,M2_joint_chance_saa[N=1024],entry,False,not_met,,,"SAA over the N training scenarios proven infeasible for every alpha_train of the declared grid (training scenarios only; not a population, field or whole-space statement)",main_reference_plan_domain,cp_upper,,,,,False,3,4,0,,,,no scored grid candidate with a ration (not a whole-space statement),1024,frontier_no_feasible_solution_found_no_ration,0.044921875,0.1435546875,,,,
0,SD-S2,0.01,SDH0_MAIN9,SD-H0,MAIN9,SDH0_MAIN9:M2[N=128]@alpha=0.01,M2_joint_chance_saa,M2_joint_chance_saa[N=128],entry,False,not_met,,,"SAA over the N training scenarios proven infeasible for every alpha_train of the declared grid (training scenarios only; not a population, field or whole-space statement)",main_reference_plan_domain,cp_upper,,,,,False,3,4,0,,,,no scored grid candidate with a ration (not a whole-space statement),128,optimal,0.1015625,0.1015625,0.0004,0.0004,0.0009151160584710777,"diagnostic frontier point (training scenarios only); not a method, never a member"
0,SD-S2,0.01,SDH0_MAIN9,SD-H0,MAIN9,SDH0_MAIN9:M2[N=512]@alpha=0.01,M2_joint_chance_saa,M2_joint_chance_saa[N=512],entry,False,not_met,,,"SAA over the N training scenarios proven infeasible for every alpha_train of the declared grid (training scenarios only; not a population, field or whole-space statement)",main_reference_plan_domain,cp_upper,,,,,False,3,4,0,,,,no scored grid candidate with a ration (not a whole-space statement),512,frontier_no_feasible_solution_found_no_ration,0.04296875,0.126953125,,,,
0,SD-S2,0.01,SDH0_MAIN9,SD-H0,MAIN9,SDH0_MAIN9:M3a[factory box]@alpha=0.01,M3a_box_robust,M3a_box_robust,entry,False,not_met,,,no value of the declared grid met the validation screen (candidate statuses: proven_infeasible); a grid without a solution is not a statement about the whole decision space,main_reference_plan_domain,cp_upper,,,,,False,3,5,0,,,,no scored grid candidate with a ration (not a whole-space statement),1024,frontier_no_feasible_solution_found_no_ration,0.044921875,0.1435546875,,,,
0,SD-S2,0.01,SDH0_MAIN9,SD-H0,MAIN9,SDH0_MAIN9:M3b[factory box]@alpha=0.01,M3b_budget_robust,M3b_budget_robust,entry,False,not_met,,,"no value of the declared grid met the validation screen (candidate statuses: optimal, proven_infeasible); a grid without a solution is not a statement about the whole decision space",main_reference_plan_domain,cp_upper,,,,,False,3,35,7,0.0084,0.010062741097753729,"gamma=1 {""k_box"": 1.5}",minimum attainable main-event rate_upper over the declared grid (descriptive; its cost is not a comparable cost),1024,frontier_no_feasible_solution_found_no_ration,0.044921875,0.1435546875,,,,
0,SD-S2,0.01,SDS2_MAIN9,SD-S2,MAIN9,SDS2_MAIN9:M0,M0_nominal,M0_nominal,entry,True,,,optimal,,main_reference_plan_domain,cp_upper,0.8076,0.8076,0.8140670022100215,False,False,3,1,1,0.8076,0.8140670022100215,,minimum attainable main-event rate_upper over the declared grid (descriptive; its cost is not a comparable cost),1024,optimal,0.0,0.0,0.0053,0.0053,0.006658299210477352,"diagnostic frontier point (training scenarios only); not a method, never a member"
0,SD-S2,0.01,SDS2_MAIN9,SD-S2,MAIN9,"SDS2_MAIN9:M1[relative,apply_to_dm=False]@alpha=0.01",M1_safety_margin,M1_safety_margin[apply_to_dm=False],sensitivity_line,True,selected,k=0.075,optimal,,main_reference_plan_domain,cp_upper,0.0086,0.0086,0.010280229578229742,False,False,3,5,4,0.0086,0.010280229578229742,k=0.075,minimum attainable main-event rate_upper over the declared grid (descriptive; its cost is not a comparable cost),1024,optimal,0.0,0.0,0.0053,0.0053,0.006658299210477352,"diagnostic frontier point (training scenarios only); not a method, never a member"
0,SD-S2,0.01,SDS2_MAIN9,SD-S2,MAIN9,"SDS2_MAIN9:M1[relative,apply_to_dm=True]@alpha=0.01",M1_safety_margin,M1_safety_margin[apply_to_dm=True],entry,False,not_met,,,"no value of the declared grid met the validation screen (candidate statuses: optimal, proven_infeasible); a grid without a solution is not a statement about the whole decision space",main_reference_plan_domain,cp_upper,,,,,False,3,5,2,0.362,0.36998383265320317,k=0.025,minimum attainable main-event rate_upper over the declared grid (descriptive; its cost is not a comparable cost),1024,optimal,0.0,0.0,0.0053,0.0053,0.006658299210477352,"diagnostic frontier point (training scenarios only); not a method, never a member"
0,SD-S2,0.01,SDS2_MAIN9,SD-S2,MAIN9,SDS2_MAIN9:M2[N=1024]@alpha=0.01,M2_joint_chance_saa,M2_joint_chance_saa[N=1024],entry,False,not_met,,,no value of the declared grid met the validation screen (candidate statuses: optimal); a grid without a solution is not a statement about the whole decision space,main_reference_plan_domain,cp_upper,,,,,False,3,4,4,0.0056,0.00699115107361816,alpha_train=0.0075,minimum attainable main-event rate_upper over the declared grid (descriptive; its cost is not a comparable cost),1024,optimal,0.0,0.0,0.0053,0.0053,0.006658299210477352,"diagnostic frontier point (training scenarios only); not a method, never a member"
0,SD-S2,0.01,SDS2_MAIN9,SD-S2,MAIN9,SDS2_MAIN9:M2[N=128]@alpha=0.01,M2_joint_chance_saa,M2_joint_chance_saa[N=128],entry,False,not_met,,,no value of the declared grid met the validation screen (candidate statuses: optimal); a grid without a solution is not a statement about the whole decision space,main_reference_plan_domain,cp_upper,,,,,False,3,4,4,0.037,0.040256473753825434,alpha_train=0.01,minimum attainable main-event rate_upper over the declared grid (descriptive; its cost is not a comparable cost),128,optimal,0.0,0.0,0.0519,0.0519,0.055696532618584045,"diagnostic frontier point (training scenarios only); not a method, never a member"
0,SD-S2,0.01,SDS2_MAIN9,SD-S2,MAIN9,SDS2_MAIN9:M2[N=512]@alpha=0.01,M2_joint_chance_saa,M2_joint_chance_saa[N=512],entry,True,selected,alpha_train=0.0025,optimal,,main_reference_plan_domain,cp_upper,0.0054,0.0054,0.006769351264275904,True,True,3,4,4,0.0054,0.006769351264275904,alpha_train=0.0025,minimum attainable main-event rate_upper over the declared grid (descriptive; its cost is not a comparable cost),512,optimal,0.0,0.0,0.0066,0.0066,0.008094696077845675,"diagnostic frontier point (training scenarios only); not a method, never a member"
0,SD-S2,0.01,SDS2_MAIN9,SD-S2,MAIN9,SDS2_MAIN9:M3a[factory box]@alpha=0.01,M3a_box_robust,M3a_box_robust,entry,True,selected,k_box=1.5,optimal,,main_reference_plan_domain,cp_upper,0.0045,0.0045,0.005765824972336223,True,True,3,5,3,0.0001,0.0004742976591654368,k_box=2.0,minimum attainable main-event rate_upper over the declared grid (descriptive; its cost is not a comparable cost),1024,optimal,0.0,0.0,0.0053,0.0053,0.006658299210477352,"diagnostic frontier point (training scenarios only); not a method, never a member"
0,SD-S2,0.01,SDS2_MAIN9,SD-S2,MAIN9,"SDS2_MAIN9:M3b[factory box k=1.5, Gamma selected]@alpha=0.01",M3b_budget_robust,M3b_budget_robust,entry,True,selected,gamma=4,optimal,,main_reference_plan_domain,cp_upper,0.0092,0.0092,0.010931484621410723,False,False,3,35,27,0.0,0.00029952835977661195,"gamma=3 {""k_box"": 2.5}",minimum attainable main-event rate_upper over the declared grid (descriptive; its cost is not a comparable cost),1024,optimal,0.0,0.0,0.0053,0.0053,0.006658299210477352,"diagnostic frontier point (training scenarios only); not a method, never a member"
0,SD-S2,0.01,SDSRC12_MAIN9,SD-SRC12,MAIN9,SDSRC12_MAIN9:M0,M0_nominal,M0_nominal,entry,True,,,optimal,,main_reference_plan_domain,cp_upper,0.8076,0.8076,0.8140670022100215,False,False,3,1,1,0.8076,0.8140670022100215,,minimum attainable main-event rate_upper over the declared grid (descriptive; its cost is not a comparable cost),1024,frontier_no_feasible_solution_found_no_ration,0.0244140625,0.0244140625,,,,
0,SD-S2,0.01,SDSRC12_MAIN9,SD-SRC12,MAIN9,"SDSRC12_MAIN9:M1[relative,apply_to_dm=False]@alpha=0.01",M1_safety_margin,M1_safety_margin[apply_to_dm=False],sensitivity_line,False,not_met,,,"no value of the declared grid met the validation screen (candidate statuses: optimal, proven_infeasible); a grid without a solution is not a statement about the whole decision space",main_reference_plan_domain,cp_upper,,,,,False,3,5,4,0.0086,0.010280229578229742,k=0.075,minimum attainable main-event rate_upper over the declared grid (descriptive; its cost is not a comparable cost),1024,frontier_no_feasible_solution_found_no_ration,0.0244140625,0.0244140625,,,,
0,SD-S2,0.01,SDSRC12_MAIN9,SD-SRC12,MAIN9,"SDSRC12_MAIN9:M1[relative,apply_to_dm=True]@alpha=0.01",M1_safety_margin,M1_safety_margin[apply_to_dm=True],entry,False,not_met,,,"no value of the declared grid met the validation screen (candidate statuses: optimal, proven_infeasible); a grid without a solution is not a statement about the whole decision space",main_reference_plan_domain,cp_upper,,,,,False,3,5,2,0.362,0.36998383265320317,k=0.025,minimum attainable main-event rate_upper over the declared grid (descriptive; its cost is not a comparable cost),1024,frontier_no_feasible_solution_found_no_ration,0.0244140625,0.0244140625,,,,
0,SD-S2,0.01,SDSRC12_MAIN9,SD-SRC12,MAIN9,SDSRC12_MAIN9:M2[N=1024]@alpha=0.01,M2_joint_chance_saa,M2_joint_chance_saa[N=1024],entry,False,not_met,,,"SAA over the N training scenarios proven infeasible for every alpha_train of the declared grid (training scenarios only; not a population, field or whole-space statement)",main_reference_plan_domain,cp_upper,,,,,False,3,4,0,,,,no scored grid candidate with a ration (not a whole-space statement),1024,frontier_no_feasible_solution_found_no_ration,0.0244140625,0.0244140625,,,,
0,SD-S2,0.01,SDSRC12_MAIN9,SD-SRC12,MAIN9,SDSRC12_MAIN9:M2[N=128]@alpha=0.01,M2_joint_chance_saa,M2_joint_chance_saa[N=128],entry,False,not_met,,,"no value of the declared grid met the validation screen (candidate statuses: optimal, proven_infeasible); a grid without a solution is not a statement about the whole decision space",main_reference_plan_domain,cp_upper,,,,,False,3,4,1,0.0001,0.0004742976591654368,alpha_train=0.01,minimum attainable main-event rate_upper over the declared grid (descriptive; its cost is not a comparable cost),128,optimal,0.0078125,0.0078125,0.0001,0.0001,0.0004742976591654368,"diagnostic frontier point (training scenarios only); not a method, never a member"
0,SD-S2,0.01,SDSRC12_MAIN9,SD-SRC12,MAIN9,SDSRC12_MAIN9:M2[N=512]@alpha=0.01,M2_joint_chance_saa,M2_joint_chance_saa[N=512],entry,False,not_met,,,"SAA over the N training scenarios proven infeasible for every alpha_train of the declared grid (training scenarios only; not a population, field or whole-space statement)",main_reference_plan_domain,cp_upper,,,,,False,3,4,0,,,,no scored grid candidate with a ration (not a whole-space statement),512,optimal,0.025390625,0.025390625,0.0,0.0,0.00029952835977661195,"diagnostic frontier point (training scenarios only); not a method, never a member"
0,SD-S2,0.01,SDSRC12_MAIN9,SD-SRC12,MAIN9,SDSRC12_MAIN9:M3a[factory box]@alpha=0.01,M3a_box_robust,M3a_box_robust,entry,False,not_met,,,no value of the declared grid met the validation screen (candidate statuses: proven_infeasible); a grid without a solution is not a statement about the whole decision space,main_reference_plan_domain,cp_upper,,,,,False,3,5,0,,,,no scored grid candidate with a ration (not a whole-space statement),1024,frontier_no_feasible_solution_found_no_ration,0.0244140625,0.0244140625,,,,
0,SD-S2,0.01,SDSRC12_MAIN9,SD-SRC12,MAIN9,SDSRC12_MAIN9:M3b[factory box]@alpha=0.01,M3b_budget_robust,M3b_budget_robust,entry,False,not_met,,,"no value of the declared grid met the validation screen (candidate statuses: optimal, proven_infeasible); a grid without a solution is not a statement about the whole decision space",main_reference_plan_domain,cp_upper,,,,,False,3,35,11,0.0,0.00029952835977661195,"gamma=4 {""k_box"": 1.0}",minimum attainable main-event rate_upper over the declared grid (descriptive; its cost is not a comparable cost),1024,frontier_no_feasible_solution_found_no_ration,0.0244140625,0.0244140625,,,,
0,SD-S2,0.01,SDSRC14_MAIN9,SD-SRC14,MAIN9,SDSRC14_MAIN9:M0,M0_nominal,M0_nominal,entry,True,,,optimal,,main_reference_plan_domain,cp_upper,0.8076,0.8076,0.8140670022100215,False,False,3,1,1,0.8076,0.8140670022100215,,minimum attainable main-event rate_upper over the declared grid (descriptive; its cost is not a comparable cost),1024,optimal,0.0,0.0,0.0001,0.0001,0.0004742976591654368,"diagnostic frontier point (training scenarios only); not a method, never a member"
0,SD-S2,0.01,SDSRC14_MAIN9,SD-SRC14,MAIN9,"SDSRC14_MAIN9:M1[relative,apply_to_dm=False]@alpha=0.01",M1_safety_margin,M1_safety_margin[apply_to_dm=False],sensitivity_line,False,not_met,,,"no value of the declared grid met the validation screen (candidate statuses: optimal, proven_infeasible); a grid without a solution is not a statement about the whole decision space",main_reference_plan_domain,cp_upper,,,,,False,3,5,4,0.0086,0.010280229578229742,k=0.075,minimum attainable main-event rate_upper over the declared grid (descriptive; its cost is not a comparable cost),1024,optimal,0.0,0.0,0.0001,0.0001,0.0004742976591654368,"diagnostic frontier point (training scenarios only); not a method, never a member"
0,SD-S2,0.01,SDSRC14_MAIN9,SD-SRC14,MAIN9,"SDSRC14_MAIN9:M1[relative,apply_to_dm=True]@alpha=0.01",M1_safety_margin,M1_safety_margin[apply_to_dm=True],entry,False,not_met,,,"no value of the declared grid met the validation screen (candidate statuses: optimal, proven_infeasible); a grid without a solution is not a statement about the whole decision space",main_reference_plan_domain,cp_upper,,,,,False,3,5,2,0.362,0.36998383265320317,k=0.025,minimum attainable main-event rate_upper over the declared grid (descriptive; its cost is not a comparable cost),1024,optimal,0.0,0.0,0.0001,0.0001,0.0004742976591654368,"diagnostic frontier point (training scenarios only); not a method, never a member"
0,SD-S2,0.01,SDSRC14_MAIN9,SD-SRC14,MAIN9,SDSRC14_MAIN9:M2[N=1024]@alpha=0.01,M2_joint_chance_saa,M2_joint_chance_saa[N=1024],entry,False,not_met,,,no value of the declared grid met the validation screen (candidate statuses: optimal); a grid without a solution is not a statement about the whole decision space,main_reference_plan_domain,cp_upper,,,,,False,3,4,4,0.0,0.00029952835977661195,alpha_train=0.0025,minimum attainable main-event rate_upper over the declared grid (descriptive; its cost is not a comparable cost),1024,optimal,0.0,0.0,0.0001,0.0001,0.0004742976591654368,"diagnostic frontier point (training scenarios only); not a method, never a member"
0,SD-S2,0.01,SDSRC14_MAIN9,SD-SRC14,MAIN9,SDSRC14_MAIN9:M2[N=128]@alpha=0.01,M2_joint_chance_saa,M2_joint_chance_saa[N=128],entry,False,not_met,,,no value of the declared grid met the validation screen (candidate statuses: optimal); a grid without a solution is not a statement about the whole decision space,main_reference_plan_domain,cp_upper,,,,,False,3,4,4,0.0004,0.0009151160584710777,alpha_train=0.0075,minimum attainable main-event rate_upper over the declared grid (descriptive; its cost is not a comparable cost),128,optimal,0.0,0.0,0.0004,0.0004,0.0009151160584710777,"diagnostic frontier point (training scenarios only); not a method, never a member"
0,SD-S2,0.01,SDSRC14_MAIN9,SD-SRC14,MAIN9,SDSRC14_MAIN9:M2[N=512]@alpha=0.01,M2_joint_chance_saa,M2_joint_chance_saa[N=512],entry,False,not_met,,,no value of the declared grid met the validation screen (candidate statuses: optimal); a grid without a solution is not a statement about the whole decision space,main_reference_plan_domain,cp_upper,,,,,False,3,4,4,0.0,0.00029952835977661195,alpha_train=0.0075,minimum attainable main-event rate_upper over the declared grid (descriptive; its cost is not a comparable cost),512,optimal,0.0,0.0,0.0,0.0,0.00029952835977661195,"diagnostic frontier point (training scenarios only); not a method, never a member"
0,SD-S2,0.01,SDSRC14_MAIN9,SD-SRC14,MAIN9,SDSRC14_MAIN9:M3a[factory box]@alpha=0.01,M3a_box_robust,M3a_box_robust,entry,False,not_met,,,"no value of the declared grid met the validation screen (candidate statuses: optimal, proven_infeasible); a grid without a solution is not a statement about the whole decision space",main_reference_plan_domain,cp_upper,,,,,False,3,5,1,0.0003,0.0007751813790100997,k_box=1.0,minimum attainable main-event rate_upper over the declared grid (descriptive; its cost is not a comparable cost),1024,optimal,0.0,0.0,0.0001,0.0001,0.0004742976591654368,"diagnostic frontier point (training scenarios only); not a method, never a member"
0,SD-S2,0.01,SDSRC14_MAIN9,SD-SRC14,MAIN9,"SDSRC14_MAIN9:M3b[factory box k=1.5, Gamma selected]@alpha=0.01",M3b_budget_robust,M3b_budget_robust,entry,True,selected,gamma=4,optimal,,main_reference_plan_domain,cp_upper,0.0,0.0,0.00029952835977661195,True,True,3,35,19,0.0,0.00029952835977661195,"gamma=3 {""k_box"": 1.5}",minimum attainable main-event rate_upper over the declared grid (descriptive; its cost is not a comparable cost),1024,optimal,0.0,0.0,0.0001,0.0001,0.0004742976591654368,"diagnostic frontier point (training scenarios only); not a method, never a member"
0,SD-SRC14,0.05,SD12MO_MAIN9,SD-12MO,MAIN9,SD12MO_MAIN9:M0,M0_nominal,M0_nominal,entry,True,,,optimal,,main_reference_plan_domain,cp_upper,0.8741,0.8741,0.8795255661302405,False,False,4,1,1,0.8741,0.8795255661302405,,minimum attainable main-event rate_upper over the declared grid (descriptive; its cost is not a comparable cost),1024,optimal,0.0,0.0,0.2628,0.263,0.2703421843283294,"diagnostic frontier point (training scenarios only); not a method, never a member"
0,SD-SRC14,0.05,SD12MO_MAIN9,SD-12MO,MAIN9,"SD12MO_MAIN9:M1[relative,apply_to_dm=False]@alpha=0.05",M1_safety_margin,M1_safety_margin[apply_to_dm=False],sensitivity_line,False,not_met,,,"no value of the declared grid met the validation screen (candidate statuses: optimal, proven_infeasible); a grid without a solution is not a statement about the whole decision space",main_reference_plan_domain,cp_upper,,,,,False,4,5,4,0.2005,0.20719975727726397,k=0.075,minimum attainable main-event rate_upper over the declared grid (descriptive; its cost is not a comparable cost),1024,optimal,0.0,0.0,0.2628,0.263,0.2703421843283294,"diagnostic frontier point (training scenarios only); not a method, never a member"
0,SD-SRC14,0.05,SD12MO_MAIN9,SD-12MO,MAIN9,"SD12MO_MAIN9:M1[relative,apply_to_dm=True]@alpha=0.05",M1_safety_margin,M1_safety_margin[apply_to_dm=True],entry,False,not_met,,,"no value of the declared grid met the validation screen (candidate statuses: optimal, proven_infeasible); a grid without a solution is not a statement about the whole decision space",main_reference_plan_domain,cp_upper,,,,,False,4,5,2,0.7225,0.7298665342008623,k=0.025,minimum attainable main-event rate_upper over the declared grid (descriptive; its cost is not a comparable cost),1024,optimal,0.0,0.0,0.2628,0.263,0.2703421843283294,"diagnostic frontier point (training scenarios only); not a method, never a member"
0,SD-SRC14,0.05,SD12MO_MAIN9,SD-12MO,MAIN9,SD12MO_MAIN9:M2[N=1024]@alpha=0.05,M2_joint_chance_saa,M2_joint_chance_saa[N=1024],entry,True,selected,alpha_train=0.0375,feasible_time_limit,,main_reference_plan_domain,cp_upper,0.4027,0.4029,0.4110378633944301,False,False,4,4,4,0.2794,0.28687747060079927,alpha_train=0.0125,minimum attainable main-event rate_upper over the declared grid (descriptive; its cost is not a comparable cost),1024,optimal,0.0,0.0,0.2628,0.263,0.2703421843283294,"diagnostic frontier point (training scenarios only); not a method, never a member"
0,SD-SRC14,0.05,SD12MO_MAIN9,SD-12MO,MAIN9,SD12MO_MAIN9:M2[N=128]@alpha=0.05,M2_joint_chance_saa,M2_joint_chance_saa[N=128],entry,False,not_met,,,no value of the declared grid met the validation screen (candidate statuses: optimal); a grid without a solution is not a statement about the whole decision space,main_reference_plan_domain,cp_upper,,,,,False,4,4,4,0.3682,0.37621106541494326,alpha_train=0.0125,minimum attainable main-event rate_upper over the declared grid (descriptive; its cost is not a comparable cost),128,optimal,0.0,0.0,0.375,0.3752,0.38324012001267826,"diagnostic frontier point (training scenarios only); not a method, never a member"
0,SD-SRC14,0.05,SD12MO_MAIN9,SD-12MO,MAIN9,SD12MO_MAIN9:M2[N=512]@alpha=0.05,M2_joint_chance_saa,M2_joint_chance_saa[N=512],entry,True,selected,alpha_train=0.025,optimal,,main_reference_plan_domain,cp_upper,0.3577,0.3579,0.3658650427869182,False,False,4,4,4,0.2821,0.28959855174039306,alpha_train=0.0125,minimum attainable main-event rate_upper over the declared grid (descriptive; its cost is not a comparable cost),512,optimal,0.0,0.0,0.271,0.2712,0.2786114004507805,"diagnostic frontier point (training scenarios only); not a method, never a member"
0,SD-SRC14,0.05,SD12MO_MAIN9,SD-12MO,MAIN9,SD12MO_MAIN9:M3a[factory box]@alpha=0.05,M3a_box_robust,M3a_box_robust,entry,False,not_met,,,"no value of the declared grid met the validation screen (candidate statuses: optimal, proven_infeasible); a grid without a solution is not a statement about the whole decision space",main_reference_plan_domain,cp_upper,,,,,False,4,5,1,0.6977,0.7052608295910678,k_box=1.0,minimum attainable main-event rate_upper over the declared grid (descriptive; its cost is not a comparable cost),1024,optimal,0.0,0.0,0.2628,0.263,0.2703421843283294,"diagnostic frontier point (training scenarios only); not a method, never a member"
0,SD-SRC14,0.05,SD12MO_MAIN9,SD-12MO,MAIN9,"SD12MO_MAIN9:M3b[factory box k=3, Gamma selected]@alpha=0.05",M3b_budget_robust,M3b_budget_robust,entry,True,selected,gamma=1,optimal,,main_reference_plan_domain,cp_upper,0.2885,0.2887,0.2962487049210039,False,False,4,35,18,0.1377,0.14349598636647556,"gamma=4 {""k_box"": 1.5}",minimum attainable main-event rate_upper over the declared grid (descriptive; its cost is not a comparable cost),1024,optimal,0.0,0.0,0.2628,0.263,0.2703421843283294,"diagnostic frontier point (training scenarios only); not a method, never a member"
0,SD-SRC14,0.05,SDH0_MAIN9,SD-H0,MAIN9,SDH0_MAIN9:M0,M0_nominal,M0_nominal,entry,True,,,optimal,,main_reference_plan_domain,cp_upper,0.8741,0.8741,0.8795255661302405,False,False,4,1,1,0.8741,0.8795255661302405,,minimum attainable main-event rate_upper over the declared grid (descriptive; its cost is not a comparable cost),1024,frontier_no_feasible_solution_found_no_ration,0.044921875,0.1435546875,,,,
0,SD-SRC14,0.05,SDH0_MAIN9,SD-H0,MAIN9,"SDH0_MAIN9:M1[relative,apply_to_dm=False]@alpha=0.05",M1_safety_margin,M1_safety_margin[apply_to_dm=False],sensitivity_line,False,not_met,,,"no value of the declared grid met the validation screen (candidate statuses: optimal, proven_infeasible); a grid without a solution is not a statement about the whole decision space",main_reference_plan_domain,cp_upper,,,,,False,4,5,4,0.2005,0.20719975727726397,k=0.075,minimum attainable main-event rate_upper over the declared grid (descriptive; its cost is not a comparable cost),1024,frontier_no_feasible_solution_found_no_ration,0.044921875,0.1435546875,,,,
0,SD-SRC14,0.05,SDH0_MAIN9,SD-H0,MAIN9,"SDH0_MAIN9:M1[relative,apply_to_dm=True]@alpha=0.05",M1_safety_margin,M1_safety_margin[apply_to_dm=True],entry,False,not_met,,,"no value of the declared grid met the validation screen (candidate statuses: optimal, proven_infeasible); a grid without a solution is not a statement about the whole decision space",main_reference_plan_domain,cp_upper,,,,,False,4,5,2,0.7225,0.7298665342008623,k=0.025,minimum attainable main-event rate_upper over the declared grid (descriptive; its cost is not a comparable cost),1024,frontier_no_feasible_solution_found_no_ration,0.044921875,0.1435546875,,,,
0,SD-SRC14,0.05,SDH0_MAIN9,SD-H0,MAIN9,SDH0_MAIN9:M2[N=1024]@alpha=0.05,M2_joint_chance_saa,M2_joint_chance_saa[N=1024],entry,False,not_met,,,"SAA over the N training scenarios proven infeasible for every alpha_train of the declared grid (training scenarios only; not a population, field or whole-space statement)",main_reference_plan_domain,cp_upper,,,,,False,4,4,0,,,,no scored grid candidate with a ration (not a whole-space statement),1024,frontier_no_feasible_solution_found_no_ration,0.044921875,0.1435546875,,,,
0,SD-SRC14,0.05,SDH0_MAIN9,SD-H0,MAIN9,SDH0_MAIN9:M2[N=128]@alpha=0.05,M2_joint_chance_saa,M2_joint_chance_saa[N=128],entry,False,not_met,,,"SAA over the N training scenarios proven infeasible for every alpha_train of the declared grid (training scenarios only; not a population, field or whole-space statement)",main_reference_plan_domain,cp_upper,,,,,False,4,4,0,,,,no scored grid candidate with a ration (not a whole-space statement),128,optimal,0.1015625,0.1015625,0.076,0.0762,0.08070612379623242,"diagnostic frontier point (training scenarios only); not a method, never a member"
0,SD-SRC14,0.05,SDH0_MAIN9,SD-H0,MAIN9,SDH0_MAIN9:M2[N=512]@alpha=0.05,M2_joint_chance_saa,M2_joint_chance_saa[N=512],entry,False,not_met,,,"SAA over the N training scenarios proven infeasible for every alpha_train of the declared grid (training scenarios only; not a population, field or whole-space statement)",main_reference_plan_domain,cp_upper,,,,,False,4,4,0,,,,no scored grid candidate with a ration (not a whole-space statement),512,frontier_no_feasible_solution_found_no_ration,0.04296875,0.126953125,,,,
0,SD-SRC14,0.05,SDH0_MAIN9,SD-H0,MAIN9,SDH0_MAIN9:M3a[factory box]@alpha=0.05,M3a_box_robust,M3a_box_robust,entry,False,not_met,,,no value of the declared grid met the validation screen (candidate statuses: proven_infeasible); a grid without a solution is not a statement about the whole decision space,main_reference_plan_domain,cp_upper,,,,,False,4,5,0,,,,no scored grid candidate with a ration (not a whole-space statement),1024,frontier_no_feasible_solution_found_no_ration,0.044921875,0.1435546875,,,,
0,SD-SRC14,0.05,SDH0_MAIN9,SD-H0,MAIN9,SDH0_MAIN9:M3b[factory box]@alpha=0.05,M3b_budget_robust,M3b_budget_robust,entry,False,not_met,,,"no value of the declared grid met the validation screen (candidate statuses: optimal, proven_infeasible); a grid without a solution is not a statement about the whole decision space",main_reference_plan_domain,cp_upper,,,,,False,4,35,7,0.2673,0.2746788784470993,"gamma=1 {""k_box"": 1.5}",minimum attainable main-event rate_upper over the declared grid (descriptive; its cost is not a comparable cost),1024,frontier_no_feasible_solution_found_no_ration,0.044921875,0.1435546875,,,,
0,SD-SRC14,0.05,SDS2_MAIN9,SD-S2,MAIN9,SDS2_MAIN9:M0,M0_nominal,M0_nominal,entry,True,,,optimal,,main_reference_plan_domain,cp_upper,0.8741,0.8741,0.8795255661302405,False,False,4,1,1,0.8741,0.8795255661302405,,minimum attainable main-event rate_upper over the declared grid (descriptive; its cost is not a comparable cost),1024,optimal,0.0,0.0,0.2583,0.2585,0.26580282951242024,"diagnostic frontier point (training scenarios only); not a method, never a member"
0,SD-SRC14,0.05,SDS2_MAIN9,SD-S2,MAIN9,"SDS2_MAIN9:M1[relative,apply_to_dm=False]@alpha=0.05",M1_safety_margin,M1_safety_margin[apply_to_dm=False],sensitivity_line,True,selected,k=0.075,optimal,,main_reference_plan_domain,cp_upper,0.2003,0.2005,0.20719975727726397,False,False,4,5,4,0.2005,0.20719975727726397,k=0.075,minimum attainable main-event rate_upper over the declared grid (descriptive; its cost is not a comparable cost),1024,optimal,0.0,0.0,0.2583,0.2585,0.26580282951242024,"diagnostic frontier point (training scenarios only); not a method, never a member"
0,SD-SRC14,0.05,SDS2_MAIN9,SD-S2,MAIN9,"SDS2_MAIN9:M1[relative,apply_to_dm=True]@alpha=0.05",M1_safety_margin,M1_safety_margin[apply_to_dm=True],entry,False,not_met,,,"no value of the declared grid met the validation screen (candidate statuses: optimal, proven_infeasible); a grid without a solution is not a statement about the whole decision space",main_reference_plan_domain,cp_upper,,,,,False,4,5,2,0.7225,0.7298665342008623,k=0.025,minimum attainable main-event rate_upper over the declared grid (descriptive; its cost is not a comparable cost),1024,optimal,0.0,0.0,0.2583,0.2585,0.26580282951242024,"diagnostic frontier point (training scenarios only); not a method, never a member"
0,SD-SRC14,0.05,SDS2_MAIN9,SD-S2,MAIN9,SDS2_MAIN9:M2[N=1024]@alpha=0.05,M2_joint_chance_saa,M2_joint_chance_saa[N=1024],entry,True,selected,alpha_train=0.0375,feasible_time_limit,,main_reference_plan_domain,cp_upper,0.3448,0.345,0.3529018087062403,False,False,4,4,4,0.2849,0.29242006640827195,alpha_train=0.0125,minimum attainable main-event rate_upper over the declared grid (descriptive; its cost is not a comparable cost),1024,optimal,0.0,0.0,0.2583,0.2585,0.26580282951242024,"diagnostic frontier point (training scenarios only); not a method, never a member"
0,SD-SRC14,0.05,SDS2_MAIN9,SD-S2,MAIN9,SDS2_MAIN9:M2[N=128]@alpha=0.05,M2_joint_chance_saa,M2_joint_chance_saa[N=128],entry,True,selected,alpha_train=0.0125,optimal,,main_reference_plan_domain,cp_upper,0.3758,0.376,0.3840433271548615,False,False,4,4,4,0.376,0.3840433271548615,alpha_train=0.0125,minimum attainable main-event rate_upper over the declared grid (descriptive; its cost is not a comparable cost),128,optimal,0.0,0.0,0.3701,0.3703,0.3783199693497422,"diagnostic frontier point (training scenarios only); not a method, never a member"
0,SD-SRC14,0.05,SDS2_MAIN9,SD-S2,MAIN9,SDS2_MAIN9:M2[N=512]@alpha=0.05,M2_joint_chance_saa,M2_joint_chance_saa[N=512],entry,True,selected,alpha_train=0.025,optimal,,main_reference_plan_domain,cp_upper,0.3514,0.3516,0.3595349463773388,False,False,4,4,4,0.2806,0.28808688077276007,alpha_train=0.0125,minimum attainable main-event rate_upper over the declared grid (descriptive; its cost is not a comparable cost),512,optimal,0.0,0.0,0.2761,0.2763,0.2837528570940781,"diagnostic frontier point (training scenarios only); not a method, never a member"
0,SD-SRC14,0.05,SDS2_MAIN9,SD-S2,MAIN9,SDS2_MAIN9:M3a[factory box]@alpha=0.05,M3a_box_robust,M3a_box_robust,entry,True,selected,k_box=1.5,optimal,,main_reference_plan_domain,cp_upper,0.2421,0.2423,0.2494528127378684,False,False,4,5,3,0.0272,0.030029941686740055,k_box=2.0,minimum attainable main-event rate_upper over the declared grid (descriptive; its cost is not a comparable cost),1024,optimal,0.0,0.0,0.2583,0.2585,0.26580282951242024,"diagnostic frontier point (training scenarios only); not a method, never a member"
0,SD-SRC14,0.05,SDS2_MAIN9,SD-S2,MAIN9,"SDS2_MAIN9:M3b[factory box k=1.5, Gamma selected]@alpha=0.05",M3b_budget_robust,M3b_budget_robust,entry,True,selected,gamma=3,optimal,,main_reference_plan_domain,cp_upper,0.41,0.4102,0.41835913143464326,False,False,4,35,27,0.0272,0.030029941686740055,"gamma=6 {""k_box"": 2.0}",minimum attainable main-event rate_upper over the declared grid (descriptive; its cost is not a comparable cost),1024,optimal,0.0,0.0,0.2583,0.2585,0.26580282951242024,"diagnostic frontier point (training scenarios only); not a method, never a member"
0,SD-SRC14,0.05,SDSRC12_MAIN9,SD-SRC12,MAIN9,SDSRC12_MAIN9:M0,M0_nominal,M0_nominal,entry,True,,,optimal,,main_reference_plan_domain,cp_upper,0.8741,0.8741,0.8795255661302405,False,False,4,1,1,0.8741,0.8795255661302405,,minimum attainable main-event rate_upper over the declared grid (descriptive; its cost is not a comparable cost),1024,frontier_no_feasible_solution_found_no_ration,0.0244140625,0.0244140625,,,,
0,SD-SRC14,0.05,SDSRC12_MAIN9,SD-SRC12,MAIN9,"SDSRC12_MAIN9:M1[relative,apply_to_dm=False]@alpha=0.05",M1_safety_margin,M1_safety_margin[apply_to_dm=False],sensitivity_line,False,not_met,,,"no value of the declared grid met the validation screen (candidate statuses: optimal, proven_infeasible); a grid without a solution is not a statement about the whole decision space",main_reference_plan_domain,cp_upper,,,,,False,4,5,4,0.2005,0.20719975727726397,k=0.075,minimum attainable main-event rate_upper over the declared grid (descriptive; its cost is not a comparable cost),1024,frontier_no_feasible_solution_found_no_ration,0.0244140625,0.0244140625,,,,
0,SD-SRC14,0.05,SDSRC12_MAIN9,SD-SRC12,MAIN9,"SDSRC12_MAIN9:M1[relative,apply_to_dm=True]@alpha=0.05",M1_safety_margin,M1_safety_margin[apply_to_dm=True],entry,False,not_met,,,"no value of the declared grid met the validation screen (candidate statuses: optimal, proven_infeasible); a grid without a solution is not a statement about the whole decision space",main_reference_plan_domain,cp_upper,,,,,False,4,5,2,0.7225,0.7298665342008623,k=0.025,minimum attainable main-event rate_upper over the declared grid (descriptive; its cost is not a comparable cost),1024,frontier_no_feasible_solution_found_no_ration,0.0244140625,0.0244140625,,,,
0,SD-SRC14,0.05,SDSRC12_MAIN9,SD-SRC12,MAIN9,SDSRC12_MAIN9:M2[N=1024]@alpha=0.05,M2_joint_chance_saa,M2_joint_chance_saa[N=1024],entry,True,selected,alpha_train=0.0375,feasible_time_limit,,main_reference_plan_domain,cp_upper,0.01,0.0102,0.012013245665815506,True,True,4,4,2,0.0102,0.012013245665815506,alpha_train=0.0375,minimum attainable main-event rate_upper over the declared grid (descriptive; its cost is not a comparable cost),1024,frontier_no_feasible_solution_found_no_ration,0.0244140625,0.0244140625,,,,
0,SD-SRC14,0.05,SDSRC12_MAIN9,SD-SRC12,MAIN9,SDSRC12_MAIN9:M2[N=128]@alpha=0.05,M2_joint_chance_saa,M2_joint_chance_saa[N=128],entry,False,not_met,,,no value of the declared grid met the validation screen (candidate statuses: optimal); a grid without a solution is not a statement about the whole decision space,main_reference_plan_domain,cp_upper,,,,,False,4,4,4,0.0431,0.04659044116171433,alpha_train=0.0125,minimum attainable main-event rate_upper over the declared grid (descriptive; its cost is not a comparable cost),128,optimal,0.0078125,0.0078125,0.0429,0.0431,0.04659044116171433,"diagnostic frontier point (training scenarios only); not a method, never a member"
0,SD-SRC14,0.05,SDSRC12_MAIN9,SD-SRC12,MAIN9,SDSRC12_MAIN9:M2[N=512]@alpha=0.05,M2_joint_chance_saa,M2_joint_chance_saa[N=512],entry,False,not_met,,,"no value of the declared grid met the validation screen (candidate statuses: optimal, proven_infeasible); a grid without a solution is not a statement about the whole decision space",main_reference_plan_domain,cp_upper,,,,,False,4,4,2,0.0101,0.011905260158051512,alpha_train=0.0375,minimum attainable main-event rate_upper over the declared grid (descriptive; its cost is not a comparable cost),512,optimal,0.025390625,0.025390625,0.0062,0.0064,0.00787465657842059,"diagnostic frontier point (training scenarios only); not a method, never a member"
0,SD-SRC14,0.05,SDSRC12_MAIN9,SD-SRC12,MAIN9,SDSRC12_MAIN9:M3a[factory box]@alpha=0.05,M3a_box_robust,M3a_box_robust,entry,False,not_met,,,no value of the declared grid met the validation screen (candidate statuses: proven_infeasible); a grid without a solution is not a statement about the whole decision space,main_reference_plan_domain,cp_upper,,,,,False,4,5,0,,,,no scored grid candidate with a ration (not a whole-space statement),1024,frontier_no_feasible_solution_found_no_ration,0.0244140625,0.0244140625,,,,
0,SD-SRC14,0.05,SDSRC12_MAIN9,SD-SRC12,MAIN9,SDSRC12_MAIN9:M3b[factory box]@alpha=0.05,M3b_budget_robust,M3b_budget_robust,entry,False,not_met,,,"no value of the declared grid met the validation screen (candidate statuses: optimal, proven_infeasible); a grid without a solution is not a statement about the whole decision space",main_reference_plan_domain,cp_upper,,,,,False,4,35,11,0.0539,0.05776175617074923,"gamma=4 {""k_box"": 1.0}",minimum attainable main-event rate_upper over the declared grid (descriptive; its cost is not a comparable cost),1024,frontier_no_feasible_solution_found_no_ration,0.0244140625,0.0244140625,,,,
0,SD-SRC14,0.05,SDSRC14_MAIN9,SD-SRC14,MAIN9,SDSRC14_MAIN9:M0,M0_nominal,M0_nominal,entry,True,,,optimal,,main_reference_plan_domain,cp_upper,0.8741,0.8741,0.8795255661302405,False,False,4,1,1,0.8741,0.8795255661302405,,minimum attainable main-event rate_upper over the declared grid (descriptive; its cost is not a comparable cost),1024,optimal,0.0,0.0,0.0061,0.0063,0.0077645181929084,"diagnostic frontier point (training scenarios only); not a method, never a member"
0,SD-SRC14,0.05,SDSRC14_MAIN9,SD-SRC14,MAIN9,"SDSRC14_MAIN9:M1[relative,apply_to_dm=False]@alpha=0.05",M1_safety_margin,M1_safety_margin[apply_to_dm=False],sensitivity_line,False,not_met,,,"no value of the declared grid met the validation screen (candidate statuses: optimal, proven_infeasible); a grid without a solution is not a statement about the whole decision space",main_reference_plan_domain,cp_upper,,,,,False,4,5,4,0.2005,0.20719975727726397,k=0.075,minimum attainable main-event rate_upper over the declared grid (descriptive; its cost is not a comparable cost),1024,optimal,0.0,0.0,0.0061,0.0063,0.0077645181929084,"diagnostic frontier point (training scenarios only); not a method, never a member"
0,SD-SRC14,0.05,SDSRC14_MAIN9,SD-SRC14,MAIN9,"SDSRC14_MAIN9:M1[relative,apply_to_dm=True]@alpha=0.05",M1_safety_margin,M1_safety_margin[apply_to_dm=True],entry,False,not_met,,,"no value of the declared grid met the validation screen (candidate statuses: optimal, proven_infeasible); a grid without a solution is not a statement about the whole decision space",main_reference_plan_domain,cp_upper,,,,,False,4,5,2,0.7225,0.7298665342008623,k=0.025,minimum attainable main-event rate_upper over the declared grid (descriptive; its cost is not a comparable cost),1024,optimal,0.0,0.0,0.0061,0.0063,0.0077645181929084,"diagnostic frontier point (training scenarios only); not a method, never a member"
0,SD-SRC14,0.05,SDSRC14_MAIN9,SD-SRC14,MAIN9,SDSRC14_MAIN9:M2[N=1024]@alpha=0.05,M2_joint_chance_saa,M2_joint_chance_saa[N=1024],entry,True,selected,alpha_train=0.025,feasible_time_limit,,main_reference_plan_domain,cp_upper,0.0267,0.0269,0.029715643417472678,True,True,4,4,4,0.0133,0.015343335973774424,alpha_train=0.0125,minimum attainable main-event rate_upper over the declared grid (descriptive; its cost is not a comparable cost),1024,optimal,0.0,0.0,0.0061,0.0063,0.0077645181929084,"diagnostic frontier point (training scenarios only); not a method, never a member"
0,SD-SRC14,0.05,SDSRC14_MAIN9,SD-SRC14,MAIN9,SDSRC14_MAIN9:M2[N=128]@alpha=0.05,M2_joint_chance_saa,M2_joint_chance_saa[N=128],entry,False,not_met,,,no value of the declared grid met the validation screen (candidate statuses: optimal); a grid without a solution is not a statement about the whole decision space,main_reference_plan_domain,cp_upper,,,,,False,4,4,4,0.0579,0.06188799698339685,alpha_train=0.0125,minimum attainable main-event rate_upper over the declared grid (descriptive; its cost is not a comparable cost),128,optimal,0.0,0.0,0.0538,0.054,0.05786497929721806,"diagnostic frontier point (training scenarios only); not a method, never a member"
0,SD-SRC14,0.05,SDSRC14_MAIN9,SD-SRC14,MAIN9,SDSRC14_MAIN9:M2[N=512]@alpha=0.05,M2_joint_chance_saa,M2_joint_chance_saa[N=512],entry,True,selected,alpha_train=0.025,optimal,,main_reference_plan_domain,cp_upper,0.0316,0.0318,0.0348392034084708,True,True,4,4,4,0.018,0.02034409439164592,alpha_train=0.0125,minimum attainable main-event rate_upper over the declared grid (descriptive; its cost is not a comparable cost),512,optimal,0.0,0.0,0.0117,0.0119,0.013843294026811222,"diagnostic frontier point (training scenarios only); not a method, never a member"
0,SD-SRC14,0.05,SDSRC14_MAIN9,SD-SRC14,MAIN9,SDSRC14_MAIN9:M3a[factory box]@alpha=0.05,M3a_box_robust,M3a_box_robust,entry,False,not_met,,,"no value of the declared grid met the validation screen (candidate statuses: optimal, proven_infeasible); a grid without a solution is not a statement about the whole decision space",main_reference_plan_domain,cp_upper,,,,,False,4,5,1,0.054,0.05786497929721806,k_box=1.0,minimum attainable main-event rate_upper over the declared grid (descriptive; its cost is not a comparable cost),1024,optimal,0.0,0.0,0.0061,0.0063,0.0077645181929084,"diagnostic frontier point (training scenarios only); not a method, never a member"
0,SD-SRC14,0.05,SDSRC14_MAIN9,SD-SRC14,MAIN9,"SDSRC14_MAIN9:M3b[factory box k=1, Gamma selected]@alpha=0.05",M3b_budget_robust,M3b_budget_robust,entry,True,selected,gamma=5,optimal,,main_reference_plan_domain,cp_upper,0.0447,0.0449,0.04845581555175561,True,True,4,35,19,0.003,0.004066874992626077,"gamma=4 {""k_box"": 1.5}",minimum attainable main-event rate_upper over the declared grid (descriptive; its cost is not a comparable cost),1024,optimal,0.0,0.0,0.0061,0.0063,0.0077645181929084,"diagnostic frontier point (training scenarios only); not a method, never a member"
0,SD-SRC14,0.1,SD12MO_MAIN9,SD-12MO,MAIN9,SD12MO_MAIN9:M0,M0_nominal,M0_nominal,entry,True,,,optimal,,main_reference_plan_domain,cp_upper,0.8741,0.8741,0.8795255661302405,False,False,7,1,1,0.8741,0.8795255661302405,,minimum attainable main-event rate_upper over the declared grid (descriptive; its cost is not a comparable cost),1024,optimal,0.0,0.0,0.2628,0.263,0.2703421843283294,"diagnostic frontier point (training scenarios only); not a method, never a member"
0,SD-SRC14,0.1,SD12MO_MAIN9,SD-12MO,MAIN9,"SD12MO_MAIN9:M1[relative,apply_to_dm=False]@alpha=0.1",M1_safety_margin,M1_safety_margin[apply_to_dm=False],sensitivity_line,True,selected,k=0.075,optimal,,main_reference_plan_domain,cp_upper,0.2003,0.2005,0.20719975727726397,False,False,7,5,4,0.2005,0.20719975727726397,k=0.075,minimum attainable main-event rate_upper over the declared grid (descriptive; its cost is not a comparable cost),1024,optimal,0.0,0.0,0.2628,0.263,0.2703421843283294,"diagnostic frontier point (training scenarios only); not a method, never a member"
0,SD-SRC14,0.1,SD12MO_MAIN9,SD-12MO,MAIN9,"SD12MO_MAIN9:M1[relative,apply_to_dm=True]@alpha=0.1",M1_safety_margin,M1_safety_margin[apply_to_dm=True],entry,False,not_met,,,"no value of the declared grid met the validation screen (candidate statuses: optimal, proven_infeasible); a grid without a solution is not a statement about the whole decision space",main_reference_plan_domain,cp_upper,,,,,False,7,5,2,0.7225,0.7298665342008623,k=0.025,minimum attainable main-event rate_upper over the declared grid (descriptive; its cost is not a comparable cost),1024,optimal,0.0,0.0,0.2628,0.263,0.2703421843283294,"diagnostic frontier point (training scenarios only); not a method, never a member"
0,SD-SRC14,0.1,SD12MO_MAIN9,SD-12MO,MAIN9,SD12MO_MAIN9:M2[N=1024]@alpha=0.1,M2_joint_chance_saa,M2_joint_chance_saa[N=1024],entry,True,selected,alpha_train=0.075,feasible_time_limit,,main_reference_plan_domain,cp_upper,0.4584,0.4586,0.46685417506610727,False,False,7,4,4,0.3506,0.3585300317931651,alpha_train=0.025,minimum attainable main-event rate_upper over the declared grid (descriptive; its cost is not a comparable cost),1024,optimal,0.0,0.0,0.2628,0.263,0.2703421843283294,"diagnostic frontier point (training scenarios only); not a method, never a member"
0,SD-SRC14,0.1,SD12MO_MAIN9,SD-12MO,MAIN9,SD12MO_MAIN9:M2[N=128]@alpha=0.1,M2_joint_chance_saa,M2_joint_chance_saa[N=128],entry,True,selected,alpha_train=0.025,optimal,,main_reference_plan_domain,cp_upper,0.459,0.4592,0.4674548596994067,False,False,7,4,4,0.4592,0.4674548596994067,alpha_train=0.025,minimum attainable main-event rate_upper over the declared grid (descriptive; its cost is not a comparable cost),128,optimal,0.0,0.0,0.375,0.3752,0.38324012001267826,"diagnostic frontier point (training scenarios only); not a method, never a member"
0,SD-SRC14,0.1,SD12MO_MAIN9,SD-12MO,MAIN9,SD12MO_MAIN9:M2[N=512]@alpha=0.1,M2_joint_chance_saa,M2_joint_chance_saa[N=512],entry,True,selected,alpha_train=0.075,feasible_time_limit,,main_reference_plan_domain,cp_upper,0.4372,0.4374,0.4456222758203423,False,False,7,4,4,0.3579,0.3658650427869182,alpha_train=0.025,minimum attainable main-event rate_upper over the declared grid (descriptive; its cost is not a comparable cost),512,optimal,0.0,0.0,0.271,0.2712,0.2786114004507805,"diagnostic frontier point (training scenarios only); not a method, never a member"
0,SD-SRC14,0.1,SD12MO_MAIN9,SD-12MO,MAIN9,SD12MO_MAIN9:M3a[factory box]@alpha=0.1,M3a_box_robust,M3a_box_robust,entry,False,not_met,,,"no value of the declared grid met the validation screen (candidate statuses: optimal, proven_infeasible); a grid without a solution is not a statement about the whole decision space",main_reference_plan_domain,cp_upper,,,,,False,7,5,1,0.6977,0.7052608295910678,k_box=1.0,minimum attainable main-event rate_upper over the declared grid (descriptive; its cost is not a comparable cost),1024,optimal,0.0,0.0,0.2628,0.263,0.2703421843283294,"diagnostic frontier point (training scenarios only); not a method, never a member"
0,SD-SRC14,0.1,SD12MO_MAIN9,SD-12MO,MAIN9,"SD12MO_MAIN9:M3b[factory box k=1.5, Gamma selected]@alpha=0.1",M3b_budget_robust,M3b_budget_robust,entry,True,selected,gamma=2,optimal,,main_reference_plan_domain,cp_upper,0.4978,0.498,0.5062738604565098,False,False,7,35,18,0.1377,0.14349598636647556,"gamma=4 {""k_box"": 1.5}",minimum attainable main-event rate_upper over the declared grid (descriptive; its cost is not a comparable cost),1024,optimal,0.0,0.0,0.2628,0.263,0.2703421843283294,"diagnostic frontier point (training scenarios only); not a method, never a member"
0,SD-SRC14,0.1,SDH0_MAIN9,SD-H0,MAIN9,SDH0_MAIN9:M0,M0_nominal,M0_nominal,entry,True,,,optimal,,main_reference_plan_domain,cp_upper,0.8741,0.8741,0.8795255661302405,False,False,7,1,1,0.8741,0.8795255661302405,,minimum attainable main-event rate_upper over the declared grid (descriptive; its cost is not a comparable cost),1024,frontier_no_feasible_solution_found_no_ration,0.044921875,0.1435546875,,,,
0,SD-SRC14,0.1,SDH0_MAIN9,SD-H0,MAIN9,"SDH0_MAIN9:M1[relative,apply_to_dm=False]@alpha=0.1",M1_safety_margin,M1_safety_margin[apply_to_dm=False],sensitivity_line,False,not_met,,,"no value of the declared grid met the validation screen (candidate statuses: optimal, proven_infeasible); a grid without a solution is not a statement about the whole decision space",main_reference_plan_domain,cp_upper,,,,,False,7,5,4,0.2005,0.20719975727726397,k=0.075,minimum attainable main-event rate_upper over the declared grid (descriptive; its cost is not a comparable cost),1024,frontier_no_feasible_solution_found_no_ration,0.044921875,0.1435546875,,,,
0,SD-SRC14,0.1,SDH0_MAIN9,SD-H0,MAIN9,"SDH0_MAIN9:M1[relative,apply_to_dm=True]@alpha=0.1",M1_safety_margin,M1_safety_margin[apply_to_dm=True],entry,False,not_met,,,"no value of the declared grid met the validation screen (candidate statuses: optimal, proven_infeasible); a grid without a solution is not a statement about the whole decision space",main_reference_plan_domain,cp_upper,,,,,False,7,5,2,0.7225,0.7298665342008623,k=0.025,minimum attainable main-event rate_upper over the declared grid (descriptive; its cost is not a comparable cost),1024,frontier_no_feasible_solution_found_no_ration,0.044921875,0.1435546875,,,,
0,SD-SRC14,0.1,SDH0_MAIN9,SD-H0,MAIN9,SDH0_MAIN9:M2[N=1024]@alpha=0.1,M2_joint_chance_saa,M2_joint_chance_saa[N=1024],entry,False,not_met,,,"no value of the declared grid met the validation screen (candidate statuses: no_feasible_solution_found, proven_infeasible); a grid without a solution is not a statement about the whole decision space",main_reference_plan_domain,cp_upper,,,,,False,7,4,0,,,,no scored grid candidate with a ration (not a whole-space statement),1024,frontier_no_feasible_solution_found_no_ration,0.044921875,0.1435546875,,,,
0,SD-SRC14,0.1,SDH0_MAIN9,SD-H0,MAIN9,SDH0_MAIN9:M2[N=128]@alpha=0.1,M2_joint_chance_saa,M2_joint_chance_saa[N=128],entry,False,not_met,,,"SAA over the N training scenarios proven infeasible for every alpha_train of the declared grid (training scenarios only; not a population, field or whole-space statement)",main_reference_plan_domain,cp_upper,,,,,False,7,4,0,,,,no scored grid candidate with a ration (not a whole-space statement),128,optimal,0.1015625,0.1015625,0.076,0.0762,0.08070612379623242,"diagnostic frontier point (training scenarios only); not a method, never a member"
0,SD-SRC14,0.1,SDH0_MAIN9,SD-H0,MAIN9,SDH0_MAIN9:M2[N=512]@alpha=0.1,M2_joint_chance_saa,M2_joint_chance_saa[N=512],entry,False,not_met,,,"no value of the declared grid met the validation screen (candidate statuses: no_feasible_solution_found, proven_infeasible); a grid without a solution is not a statement about the whole decision space",main_reference_plan_domain,cp_upper,,,,,False,7,4,0,,,,no scored grid candidate with a ration (not a whole-space statement),512,frontier_no_feasible_solution_found_no_ration,0.04296875,0.126953125,,,,
0,SD-SRC14,0.1,SDH0_MAIN9,SD-H0,MAIN9,SDH0_MAIN9:M3a[factory box]@alpha=0.1,M3a_box_robust,M3a_box_robust,entry,False,not_met,,,no value of the declared grid met the validation screen (candidate statuses: proven_infeasible); a grid without a solution is not a statement about the whole decision space,main_reference_plan_domain,cp_upper,,,,,False,7,5,0,,,,no scored grid candidate with a ration (not a whole-space statement),1024,frontier_no_feasible_solution_found_no_ration,0.044921875,0.1435546875,,,,
0,SD-SRC14,0.1,SDH0_MAIN9,SD-H0,MAIN9,SDH0_MAIN9:M3b[factory box]@alpha=0.1,M3b_budget_robust,M3b_budget_robust,entry,False,not_met,,,"no value of the declared grid met the validation screen (candidate statuses: optimal, proven_infeasible); a grid without a solution is not a statement about the whole decision space",main_reference_plan_domain,cp_upper,,,,,False,7,35,7,0.2673,0.2746788784470993,"gamma=1 {""k_box"": 1.5}",minimum attainable main-event rate_upper over the declared grid (descriptive; its cost is not a comparable cost),1024,frontier_no_feasible_solution_found_no_ration,0.044921875,0.1435546875,,,,
0,SD-SRC14,0.1,SDS2_MAIN9,SD-S2,MAIN9,SDS2_MAIN9:M0,M0_nominal,M0_nominal,entry,True,,,optimal,,main_reference_plan_domain,cp_upper,0.8741,0.8741,0.8795255661302405,False,False,7,1,1,0.8741,0.8795255661302405,,minimum attainable main-event rate_upper over the declared grid (descriptive; its cost is not a comparable cost),1024,optimal,0.0,0.0,0.2583,0.2585,0.26580282951242024,"diagnostic frontier point (training scenarios only); not a method, never a member"
0,SD-SRC14,0.1,SDS2_MAIN9,SD-S2,MAIN9,"SDS2_MAIN9:M1[relative,apply_to_dm=False]@alpha=0.1",M1_safety_margin,M1_safety_margin[apply_to_dm=False],sensitivity_line,True,selected,k=0.075,optimal,,main_reference_plan_domain,cp_upper,0.2003,0.2005,0.20719975727726397,False,False,7,5,4,0.2005,0.20719975727726397,k=0.075,minimum attainable main-event rate_upper over the declared grid (descriptive; its cost is not a comparable cost),1024,optimal,0.0,0.0,0.2583,0.2585,0.26580282951242024,"diagnostic frontier point (training scenarios only); not a method, never a member"
0,SD-SRC14,0.1,SDS2_MAIN9,SD-S2,MAIN9,"SDS2_MAIN9:M1[relative,apply_to_dm=True]@alpha=0.1",M1_safety_margin,M1_safety_margin[apply_to_dm=True],entry,False,not_met,,,"no value of the declared grid met the validation screen (candidate statuses: optimal, proven_infeasible); a grid without a solution is not a statement about the whole decision space",main_reference_plan_domain,cp_upper,,,,,False,7,5,2,0.7225,0.7298665342008623,k=0.025,minimum attainable main-event rate_upper over the declared grid (descriptive; its cost is not a comparable cost),1024,optimal,0.0,0.0,0.2583,0.2585,0.26580282951242024,"diagnostic frontier point (training scenarios only); not a method, never a member"
0,SD-SRC14,0.1,SDS2_MAIN9,SD-S2,MAIN9,SDS2_MAIN9:M2[N=1024]@alpha=0.1,M2_joint_chance_saa,M2_joint_chance_saa[N=1024],entry,True,selected,alpha_train=0.075,feasible_time_limit,,main_reference_plan_domain,cp_upper,0.4034,0.4036,0.41173998302358567,False,False,7,4,4,0.3449,0.352801293856638,alpha_train=0.025,minimum attainable main-event rate_upper over the declared grid (descriptive; its cost is not a comparable cost),1024,optimal,0.0,0.0,0.2583,0.2585,0.26580282951242024,"diagnostic frontier point (training scenarios only); not a method, never a member"
0,SD-SRC14,0.1,SDS2_MAIN9,SD-S2,MAIN9,SDS2_MAIN9:M2[N=128]@alpha=0.1,M2_joint_chance_saa,M2_joint_chance_saa[N=128],entry,True,selected,alpha_train=0.025,optimal,,main_reference_plan_domain,cp_upper,0.4493,0.4495,0.45774232262087833,False,False,7,4,4,0.4274,0.43560198827369473,alpha_train=0.05,minimum attainable main-event rate_upper over the declared grid (descriptive; its cost is not a comparable cost),128,optimal,0.0,0.0,0.3701,0.3703,0.3783199693497422,"diagnostic frontier point (training scenarios only); not a method, never a member"
0,SD-SRC14,0.1,SDS2_MAIN9,SD-S2,MAIN9,SDS2_MAIN9:M2[N=512]@alpha=0.1,M2_joint_chance_saa,M2_joint_chance_saa[N=512],entry,True,selected,alpha_train=0.075,feasible_time_limit,,main_reference_plan_domain,cp_upper,0.4093,0.4095,0.41765717207855035,False,False,7,4,4,0.3516,0.3595349463773388,alpha_train=0.025,minimum attainable main-event rate_upper over the declared grid (descriptive; its cost is not a comparable cost),512,optimal,0.0,0.0,0.2761,0.2763,0.2837528570940781,"diagnostic frontier point (training scenarios only); not a method, never a member"
0,SD-SRC14,0.1,SDS2_MAIN9,SD-S2,MAIN9,SDS2_MAIN9:M3a[factory box]@alpha=0.1,M3a_box_robust,M3a_box_robust,entry,True,selected,k_box=1.5,optimal,,main_reference_plan_domain,cp_upper,0.2421,0.2423,0.2494528127378684,False,False,7,5,3,0.0272,0.030029941686740055,k_box=2.0,minimum attainable main-event rate_upper over the declared grid (descriptive; its cost is not a comparable cost),1024,optimal,0.0,0.0,0.2583,0.2585,0.26580282951242024,"diagnostic frontier point (training scenarios only); not a method, never a member"
0,SD-SRC14,0.1,SDS2_MAIN9,SD-S2,MAIN9,"SDS2_MAIN9:M3b[factory box k=1.5, Gamma selected]@alpha=0.1",M3b_budget_robust,M3b_budget_robust,entry,True,selected,gamma=2,optimal,,main_reference_plan_domain,cp_upper,0.4778,0.478,0.48627026931189843,False,False,7,35,27,0.0272,0.030029941686740055,"gamma=6 {""k_box"": 2.0}",minimum attainable main-event rate_upper over the declared grid (descriptive; its cost is not a comparable cost),1024,optimal,0.0,0.0,0.2583,0.2585,0.26580282951242024,"diagnostic frontier point (training scenarios only); not a method, never a member"
0,SD-SRC14,0.1,SDSRC12_MAIN9,SD-SRC12,MAIN9,SDSRC12_MAIN9:M0,M0_nominal,M0_nominal,entry,True,,,optimal,,main_reference_plan_domain,cp_upper,0.8741,0.8741,0.8795255661302405,False,False,7,1,1,0.8741,0.8795255661302405,,minimum attainable main-event rate_upper over the declared grid (descriptive; its cost is not a comparable cost),1024,frontier_no_feasible_solution_found_no_ration,0.0244140625,0.0244140625,,,,
0,SD-SRC14,0.1,SDSRC12_MAIN9,SD-SRC12,MAIN9,"SDSRC12_MAIN9:M1[relative,apply_to_dm=False]@alpha=0.1",M1_safety_margin,M1_safety_margin[apply_to_dm=False],sensitivity_line,False,not_met,,,"no value of the declared grid met the validation screen (candidate statuses: optimal, proven_infeasible); a grid without a solution is not a statement about the whole decision space",main_reference_plan_domain,cp_upper,,,,,False,7,5,4,0.2005,0.20719975727726397,k=0.075,minimum attainable main-event rate_upper over the declared grid (descriptive; its cost is not a comparable cost),1024,frontier_no_feasible_solution_found_no_ration,0.0244140625,0.0244140625,,,,
0,SD-SRC14,0.1,SDSRC12_MAIN9,SD-SRC12,MAIN9,"SDSRC12_MAIN9:M1[relative,apply_to_dm=True]@alpha=0.1",M1_safety_margin,M1_safety_margin[apply_to_dm=True],entry,False,not_met,,,"no value of the declared grid met the validation screen (candidate statuses: optimal, proven_infeasible); a grid without a solution is not a statement about the whole decision space",main_reference_plan_domain,cp_upper,,,,,False,7,5,2,0.7225,0.7298665342008623,k=0.025,minimum attainable main-event rate_upper over the declared grid (descriptive; its cost is not a comparable cost),1024,frontier_no_feasible_solution_found_no_ration,0.0244140625,0.0244140625,,,,
0,SD-SRC14,0.1,SDSRC12_MAIN9,SD-SRC12,MAIN9,SDSRC12_MAIN9:M2[N=1024]@alpha=0.1,M2_joint_chance_saa,M2_joint_chance_saa[N=1024],entry,True,selected,alpha_train=0.075,feasible_time_limit,,main_reference_plan_domain,cp_upper,0.0346,0.0348,0.037966777224753376,True,True,7,4,3,0.0157,0.017902839398062906,alpha_train=0.05,minimum attainable main-event rate_upper over the declared grid (descriptive; its cost is not a comparable cost),1024,frontier_no_feasible_solution_found_no_ration,0.0244140625,0.0244140625,,,,
0,SD-SRC14,0.1,SDSRC12_MAIN9,SD-SRC12,MAIN9,SDSRC12_MAIN9:M2[N=128]@alpha=0.1,M2_joint_chance_saa,M2_joint_chance_saa[N=128],entry,False,not_met,,,no value of the declared grid met the validation screen (candidate statuses: optimal); a grid without a solution is not a statement about the whole decision space,main_reference_plan_domain,cp_upper,,,,,False,7,4,4,0.0513,0.0550766759778427,alpha_train=0.05,minimum attainable main-event rate_upper over the declared grid (descriptive; its cost is not a comparable cost),128,optimal,0.0078125,0.0078125,0.0429,0.0431,0.04659044116171433,"diagnostic frontier point (training scenarios only); not a method, never a member"
0,SD-SRC14,0.1,SDSRC12_MAIN9,SD-SRC12,MAIN9,SDSRC12_MAIN9:M2[N=512]@alpha=0.1,M2_joint_chance_saa,M2_joint_chance_saa[N=512],entry,True,selected,alpha_train=0.05,optimal,,main_reference_plan_domain,cp_upper,0.0273,0.0275,0.030344154325820237,True,True,7,4,3,0.0275,0.030344154325820237,alpha_train=0.05,minimum attainable main-event rate_upper over the declared grid (descriptive; its cost is not a comparable cost),512,optimal,0.025390625,0.025390625,0.0062,0.0064,0.00787465657842059,"diagnostic frontier point (training scenarios only); not a method, never a member"
0,SD-SRC14,0.1,SDSRC12_MAIN9,SD-SRC12,MAIN9,SDSRC12_MAIN9:M3a[factory box]@alpha=0.1,M3a_box_robust,M3a_box_robust,entry,False,not_met,,,no value of the declared grid met the validation screen (candidate statuses: proven_infeasible); a grid without a solution is not a statement about the whole decision space,main_reference_plan_domain,cp_upper,,,,,False,7,5,0,,,,no scored grid candidate with a ration (not a whole-space statement),1024,frontier_no_feasible_solution_found_no_ration,0.0244140625,0.0244140625,,,,
0,SD-SRC14,0.1,SDSRC12_MAIN9,SD-SRC12,MAIN9,SDSRC12_MAIN9:M3b[factory box]@alpha=0.1,M3b_budget_robust,M3b_budget_robust,entry,False,not_met,,,"no value of the declared grid met the validation screen (candidate statuses: optimal, proven_infeasible); a grid without a solution is not a statement about the whole decision space",main_reference_plan_domain,cp_upper,,,,,False,7,35,11,0.0539,0.05776175617074923,"gamma=4 {""k_box"": 1.0}",minimum attainable main-event rate_upper over the declared grid (descriptive; its cost is not a comparable cost),1024,frontier_no_feasible_solution_found_no_ration,0.0244140625,0.0244140625,,,,
0,SD-SRC14,0.1,SDSRC14_MAIN9,SD-SRC14,MAIN9,SDSRC14_MAIN9:M0,M0_nominal,M0_nominal,entry,True,,,optimal,,main_reference_plan_domain,cp_upper,0.8741,0.8741,0.8795255661302405,False,False,7,1,1,0.8741,0.8795255661302405,,minimum attainable main-event rate_upper over the declared grid (descriptive; its cost is not a comparable cost),1024,optimal,0.0,0.0,0.0061,0.0063,0.0077645181929084,"diagnostic frontier point (training scenarios only); not a method, never a member"
0,SD-SRC14,0.1,SDSRC14_MAIN9,SD-SRC14,MAIN9,"SDSRC14_MAIN9:M1[relative,apply_to_dm=False]@alpha=0.1",M1_safety_margin,M1_safety_margin[apply_to_dm=False],sensitivity_line,False,not_met,,,"no value of the declared grid met the validation screen (candidate statuses: optimal, proven_infeasible); a grid without a solution is not a statement about the whole decision space",main_reference_plan_domain,cp_upper,,,,,False,7,5,4,0.2005,0.20719975727726397,k=0.075,minimum attainable main-event rate_upper over the declared grid (descriptive; its cost is not a comparable cost),1024,optimal,0.0,0.0,0.0061,0.0063,0.0077645181929084,"diagnostic frontier point (training scenarios only); not a method, never a member"
0,SD-SRC14,0.1,SDSRC14_MAIN9,SD-SRC14,MAIN9,"SDSRC14_MAIN9:M1[relative,apply_to_dm=True]@alpha=0.1",M1_safety_margin,M1_safety_margin[apply_to_dm=True],entry,False,not_met,,,"no value of the declared grid met the validation screen (candidate statuses: optimal, proven_infeasible); a grid without a solution is not a statement about the whole decision space",main_reference_plan_domain,cp_upper,,,,,False,7,5,2,0.7225,0.7298665342008623,k=0.025,minimum attainable main-event rate_upper over the declared grid (descriptive; its cost is not a comparable cost),1024,optimal,0.0,0.0,0.0061,0.0063,0.0077645181929084,"diagnostic frontier point (training scenarios only); not a method, never a member"
0,SD-SRC14,0.1,SDSRC14_MAIN9,SD-SRC14,MAIN9,SDSRC14_MAIN9:M2[N=1024]@alpha=0.1,M2_joint_chance_saa,M2_joint_chance_saa[N=1024],entry,True,selected,alpha_train=0.075,feasible_time_limit,,main_reference_plan_domain,cp_upper,0.0555,0.0557,0.0596192361149189,True,True,7,4,4,0.0269,0.029715643417472678,alpha_train=0.025,minimum attainable main-event rate_upper over the declared grid (descriptive; its cost is not a comparable cost),1024,optimal,0.0,0.0,0.0061,0.0063,0.0077645181929084,"diagnostic frontier point (training scenarios only); not a method, never a member"
0,SD-SRC14,0.1,SDSRC14_MAIN9,SD-SRC14,MAIN9,SDSRC14_MAIN9:M2[N=128]@alpha=0.1,M2_joint_chance_saa,M2_joint_chance_saa[N=128],entry,True,selected,alpha_train=0.025,optimal,,main_reference_plan_domain,cp_upper,0.061,0.0612,0.06528823876063487,True,True,7,4,4,0.0612,0.06528823876063487,alpha_train=0.025,minimum attainable main-event rate_upper over the declared grid (descriptive; its cost is not a comparable cost),128,optimal,0.0,0.0,0.0538,0.054,0.05786497929721806,"diagnostic frontier point (training scenarios only); not a method, never a member"
0,SD-SRC14,0.1,SDSRC14_MAIN9,SD-SRC14,MAIN9,SDSRC14_MAIN9:M2[N=512]@alpha=0.1,M2_joint_chance_saa,M2_joint_chance_saa[N=512],entry,True,selected,alpha_train=0.05,feasible_time_limit,,main_reference_plan_domain,cp_upper,0.0515,0.0517,0.055489928884955825,True,True,7,4,4,0.0318,0.0348392034084708,alpha_train=0.025,minimum attainable main-event rate_upper over the declared grid (descriptive; its cost is not a comparable cost),512,optimal,0.0,0.0,0.0117,0.0119,0.013843294026811222,"diagnostic frontier point (training scenarios only); not a method, never a member"
0,SD-SRC14,0.1,SDSRC14_MAIN9,SD-SRC14,MAIN9,SDSRC14_MAIN9:M3a[factory box]@alpha=0.1,M3a_box_robust,M3a_box_robust,entry,True,selected,k_box=1.0,optimal,,main_reference_plan_domain,cp_upper,0.0538,0.054,0.05786497929721806,True,True,7,5,1,0.054,0.05786497929721806,k_box=1.0,minimum attainable main-event rate_upper over the declared grid (descriptive; its cost is not a comparable cost),1024,optimal,0.0,0.0,0.0061,0.0063,0.0077645181929084,"diagnostic frontier point (training scenarios only); not a method, never a member"
0,SD-SRC14,0.1,SDSRC14_MAIN9,SD-SRC14,MAIN9,"SDSRC14_MAIN9:M3b[factory box k=1, Gamma selected]@alpha=0.1",M3b_budget_robust,M3b_budget_robust,entry,True,selected,gamma=4,optimal,,main_reference_plan_domain,cp_upper,0.08,0.0802,0.08480856769666804,True,True,7,35,19,0.003,0.004066874992626077,"gamma=4 {""k_box"": 1.5}",minimum attainable main-event rate_upper over the declared grid (descriptive; its cost is not a comparable cost),1024,optimal,0.0,0.0,0.0061,0.0063,0.0077645181929084,"diagnostic frontier point (training scenarios only); not a method, never a member"
0,SD-SRC14,0.01,SD12MO_MAIN9,SD-12MO,MAIN9,SD12MO_MAIN9:M0,M0_nominal,M0_nominal,entry,True,,,optimal,,main_reference_plan_domain,cp_upper,0.8741,0.8741,0.8795255661302405,False,False,1,1,1,0.8741,0.8795255661302405,,minimum attainable main-event rate_upper over the declared grid (descriptive; its cost is not a comparable cost),1024,optimal,0.0,0.0,0.2628,0.263,0.2703421843283294,"diagnostic frontier point (training scenarios only); not a method, never a member"
0,SD-SRC14,0.01,SD12MO_MAIN9,SD-12MO,MAIN9,"SD12MO_MAIN9:M1[relative,apply_to_dm=False]@alpha=0.01",M1_safety_margin,M1_safety_margin[apply_to_dm=False],sensitivity_line,False,not_met,,,"no value of the declared grid met the validation screen (candidate statuses: optimal, proven_infeasible); a grid without a solution is not a statement about the whole decision space",main_reference_plan_domain,cp_upper,,,,,False,1,5,4,0.2005,0.20719975727726397,k=0.075,minimum attainable main-event rate_upper over the declared grid (descriptive; its cost is not a comparable cost),1024,optimal,0.0,0.0,0.2628,0.263,0.2703421843283294,"diagnostic frontier point (training scenarios only); not a method, never a member"
0,SD-SRC14,0.01,SD12MO_MAIN9,SD-12MO,MAIN9,"SD12MO_MAIN9:M1[relative,apply_to_dm=True]@alpha=0.01",M1_safety_margin,M1_safety_margin[apply_to_dm=True],entry,False,not_met,,,"no value of the declared grid met the validation screen (candidate statuses: optimal, proven_infeasible); a grid without a solution is not a statement about the whole decision space",main_reference_plan_domain,cp_upper,,,,,False,1,5,2,0.7225,0.7298665342008623,k=0.025,minimum attainable main-event rate_upper over the declared grid (descriptive; its cost is not a comparable cost),1024,optimal,0.0,0.0,0.2628,0.263,0.2703421843283294,"diagnostic frontier point (training scenarios only); not a method, never a member"
0,SD-SRC14,0.01,SD12MO_MAIN9,SD-12MO,MAIN9,SD12MO_MAIN9:M2[N=1024]@alpha=0.01,M2_joint_chance_saa,M2_joint_chance_saa[N=1024],entry,False,not_met,,,no value of the declared grid met the validation screen (candidate statuses: optimal); a grid without a solution is not a statement about the whole decision space,main_reference_plan_domain,cp_upper,,,,,False,1,4,4,0.2593,0.2666098979369329,alpha_train=0.0025,minimum attainable main-event rate_upper over the declared grid (descriptive; its cost is not a comparable cost),1024,optimal,0.0,0.0,0.2628,0.263,0.2703421843283294,"diagnostic frontier point (training scenarios only); not a method, never a member"
0,SD-SRC14,0.01,SD12MO_MAIN9,SD-12MO,MAIN9,SD12MO_MAIN9:M2[N=128]@alpha=0.01,M2_joint_chance_saa,M2_joint_chance_saa[N=128],entry,False,not_met,,,no value of the declared grid met the validation screen (candidate statuses: optimal); a grid without a solution is not a statement about the whole decision space,main_reference_plan_domain,cp_upper,,,,,False,1,4,4,0.3682,0.37621106541494326,alpha_train=0.01,minimum attainable main-event rate_upper over the declared grid (descriptive; its cost is not a comparable cost),128,optimal,0.0,0.0,0.375,0.3752,0.38324012001267826,"diagnostic frontier point (training scenarios only); not a method, never a member"
0,SD-SRC14,0.01,SD12MO_MAIN9,SD-12MO,MAIN9,SD12MO_MAIN9:M2[N=512]@alpha=0.01,M2_joint_chance_saa,M2_joint_chance_saa[N=512],entry,False,not_met,,,no value of the declared grid met the validation screen (candidate statuses: optimal); a grid without a solution is not a statement about the whole decision space,main_reference_plan_domain,cp_upper,,,,,False,1,4,4,0.2774,0.28486164125152447,alpha_train=0.0025,minimum attainable main-event rate_upper over the declared grid (descriptive; its cost is not a comparable cost),512,optimal,0.0,0.0,0.271,0.2712,0.2786114004507805,"diagnostic frontier point (training scenarios only); not a method, never a member"
0,SD-SRC14,0.01,SD12MO_MAIN9,SD-12MO,MAIN9,SD12MO_MAIN9:M3a[factory box]@alpha=0.01,M3a_box_robust,M3a_box_robust,entry,False,not_met,,,"no value of the declared grid met the validation screen (candidate statuses: optimal, proven_infeasible); a grid without a solution is not a statement about the whole decision space",main_reference_plan_domain,cp_upper,,,,,False,1,5,1,0.6977,0.7052608295910678,k_box=1.0,minimum attainable main-event rate_upper over the declared grid (descriptive; its cost is not a comparable cost),1024,optimal,0.0,0.0,0.2628,0.263,0.2703421843283294,"diagnostic frontier point (training scenarios only); not a method, never a member"
0,SD-SRC14,0.01,SD12MO_MAIN9,SD-12MO,MAIN9,SD12MO_MAIN9:M3b[factory box]@alpha=0.01,M3b_budget_robust,M3b_budget_robust,entry,False,not_met,,,no value of the declared grid met the validation screen (candidate statuses: optimal); a grid without a solution is not a statement about the whole decision space,main_reference_plan_domain,cp_upper,,,,,False,1,35,18,0.1377,0.14349598636647556,"gamma=4 {""k_box"": 1.5}",minimum attainable main-event rate_upper over the declared grid (descriptive; its cost is not a comparable cost),1024,optimal,0.0,0.0,0.2628,0.263,0.2703421843283294,"diagnostic frontier point (training scenarios only); not a method, never a member"
0,SD-SRC14,0.01,SDH0_MAIN9,SD-H0,MAIN9,SDH0_MAIN9:M0,M0_nominal,M0_nominal,entry,True,,,optimal,,main_reference_plan_domain,cp_upper,0.8741,0.8741,0.8795255661302405,False,False,1,1,1,0.8741,0.8795255661302405,,minimum attainable main-event rate_upper over the declared grid (descriptive; its cost is not a comparable cost),1024,frontier_no_feasible_solution_found_no_ration,0.044921875,0.1435546875,,,,
0,SD-SRC14,0.01,SDH0_MAIN9,SD-H0,MAIN9,"SDH0_MAIN9:M1[relative,apply_to_dm=False]@alpha=0.01",M1_safety_margin,M1_safety_margin[apply_to_dm=False],sensitivity_line,False,not_met,,,"no value of the declared grid met the validation screen (candidate statuses: optimal, proven_infeasible); a grid without a solution is not a statement about the whole decision space",main_reference_plan_domain,cp_upper,,,,,False,1,5,4,0.2005,0.20719975727726397,k=0.075,minimum attainable main-event rate_upper over the declared grid (descriptive; its cost is not a comparable cost),1024,frontier_no_feasible_solution_found_no_ration,0.044921875,0.1435546875,,,,
0,SD-SRC14,0.01,SDH0_MAIN9,SD-H0,MAIN9,"SDH0_MAIN9:M1[relative,apply_to_dm=True]@alpha=0.01",M1_safety_margin,M1_safety_margin[apply_to_dm=True],entry,False,not_met,,,"no value of the declared grid met the validation screen (candidate statuses: optimal, proven_infeasible); a grid without a solution is not a statement about the whole decision space",main_reference_plan_domain,cp_upper,,,,,False,1,5,2,0.7225,0.7298665342008623,k=0.025,minimum attainable main-event rate_upper over the declared grid (descriptive; its cost is not a comparable cost),1024,frontier_no_feasible_solution_found_no_ration,0.044921875,0.1435546875,,,,
0,SD-SRC14,0.01,SDH0_MAIN9,SD-H0,MAIN9,SDH0_MAIN9:M2[N=1024]@alpha=0.01,M2_joint_chance_saa,M2_joint_chance_saa[N=1024],entry,False,not_met,,,"SAA over the N training scenarios proven infeasible for every alpha_train of the declared grid (training scenarios only; not a population, field or whole-space statement)",main_reference_plan_domain,cp_upper,,,,,False,1,4,0,,,,no scored grid candidate with a ration (not a whole-space statement),1024,frontier_no_feasible_solution_found_no_ration,0.044921875,0.1435546875,,,,
0,SD-SRC14,0.01,SDH0_MAIN9,SD-H0,MAIN9,SDH0_MAIN9:M2[N=128]@alpha=0.01,M2_joint_chance_saa,M2_joint_chance_saa[N=128],entry,False,not_met,,,"SAA over the N training scenarios proven infeasible for every alpha_train of the declared grid (training scenarios only; not a population, field or whole-space statement)",main_reference_plan_domain,cp_upper,,,,,False,1,4,0,,,,no scored grid candidate with a ration (not a whole-space statement),128,optimal,0.1015625,0.1015625,0.076,0.0762,0.08070612379623242,"diagnostic frontier point (training scenarios only); not a method, never a member"
0,SD-SRC14,0.01,SDH0_MAIN9,SD-H0,MAIN9,SDH0_MAIN9:M2[N=512]@alpha=0.01,M2_joint_chance_saa,M2_joint_chance_saa[N=512],entry,False,not_met,,,"SAA over the N training scenarios proven infeasible for every alpha_train of the declared grid (training scenarios only; not a population, field or whole-space statement)",main_reference_plan_domain,cp_upper,,,,,False,1,4,0,,,,no scored grid candidate with a ration (not a whole-space statement),512,frontier_no_feasible_solution_found_no_ration,0.04296875,0.126953125,,,,
0,SD-SRC14,0.01,SDH0_MAIN9,SD-H0,MAIN9,SDH0_MAIN9:M3a[factory box]@alpha=0.01,M3a_box_robust,M3a_box_robust,entry,False,not_met,,,no value of the declared grid met the validation screen (candidate statuses: proven_infeasible); a grid without a solution is not a statement about the whole decision space,main_reference_plan_domain,cp_upper,,,,,False,1,5,0,,,,no scored grid candidate with a ration (not a whole-space statement),1024,frontier_no_feasible_solution_found_no_ration,0.044921875,0.1435546875,,,,
0,SD-SRC14,0.01,SDH0_MAIN9,SD-H0,MAIN9,SDH0_MAIN9:M3b[factory box]@alpha=0.01,M3b_budget_robust,M3b_budget_robust,entry,False,not_met,,,"no value of the declared grid met the validation screen (candidate statuses: optimal, proven_infeasible); a grid without a solution is not a statement about the whole decision space",main_reference_plan_domain,cp_upper,,,,,False,1,35,7,0.2673,0.2746788784470993,"gamma=1 {""k_box"": 1.5}",minimum attainable main-event rate_upper over the declared grid (descriptive; its cost is not a comparable cost),1024,frontier_no_feasible_solution_found_no_ration,0.044921875,0.1435546875,,,,
0,SD-SRC14,0.01,SDS2_MAIN9,SD-S2,MAIN9,SDS2_MAIN9:M0,M0_nominal,M0_nominal,entry,True,,,optimal,,main_reference_plan_domain,cp_upper,0.8741,0.8741,0.8795255661302405,False,False,1,1,1,0.8741,0.8795255661302405,,minimum attainable main-event rate_upper over the declared grid (descriptive; its cost is not a comparable cost),1024,optimal,0.0,0.0,0.2583,0.2585,0.26580282951242024,"diagnostic frontier point (training scenarios only); not a method, never a member"
0,SD-SRC14,0.01,SDS2_MAIN9,SD-S2,MAIN9,"SDS2_MAIN9:M1[relative,apply_to_dm=False]@alpha=0.01",M1_safety_margin,M1_safety_margin[apply_to_dm=False],sensitivity_line,True,selected,k=0.075,optimal,,main_reference_plan_domain,cp_upper,0.2003,0.2005,0.20719975727726397,False,False,1,5,4,0.2005,0.20719975727726397,k=0.075,minimum attainable main-event rate_upper over the declared grid (descriptive; its cost is not a comparable cost),1024,optimal,0.0,0.0,0.2583,0.2585,0.26580282951242024,"diagnostic frontier point (training scenarios only); not a method, never a member"
0,SD-SRC14,0.01,SDS2_MAIN9,SD-S2,MAIN9,"SDS2_MAIN9:M1[relative,apply_to_dm=True]@alpha=0.01",M1_safety_margin,M1_safety_margin[apply_to_dm=True],entry,False,not_met,,,"no value of the declared grid met the validation screen (candidate statuses: optimal, proven_infeasible); a grid without a solution is not a statement about the whole decision space",main_reference_plan_domain,cp_upper,,,,,False,1,5,2,0.7225,0.7298665342008623,k=0.025,minimum attainable main-event rate_upper over the declared grid (descriptive; its cost is not a comparable cost),1024,optimal,0.0,0.0,0.2583,0.2585,0.26580282951242024,"diagnostic frontier point (training scenarios only); not a method, never a member"
0,SD-SRC14,0.01,SDS2_MAIN9,SD-S2,MAIN9,SDS2_MAIN9:M2[N=1024]@alpha=0.01,M2_joint_chance_saa,M2_joint_chance_saa[N=1024],entry,False,not_met,,,no value of the declared grid met the validation screen (candidate statuses: optimal); a grid without a solution is not a statement about the whole decision space,main_reference_plan_domain,cp_upper,,,,,False,1,4,4,0.2617,0.269030916065266,alpha_train=0.0025,minimum attainable main-event rate_upper over the declared grid (descriptive; its cost is not a comparable cost),1024,optimal,0.0,0.0,0.2583,0.2585,0.26580282951242024,"diagnostic frontier point (training scenarios only); not a method, never a member"
0,SD-SRC14,0.01,SDS2_MAIN9,SD-S2,MAIN9,SDS2_MAIN9:M2[N=128]@alpha=0.01,M2_joint_chance_saa,M2_joint_chance_saa[N=128],entry,False,not_met,,,no value of the declared grid met the validation screen (candidate statuses: optimal); a grid without a solution is not a statement about the whole decision space,main_reference_plan_domain,cp_upper,,,,,False,1,4,4,0.3703,0.3783199693497422,alpha_train=0.0075,minimum attainable main-event rate_upper over the declared grid (descriptive; its cost is not a comparable cost),128,optimal,0.0,0.0,0.3701,0.3703,0.3783199693497422,"diagnostic frontier point (training scenarios only); not a method, never a member"
0,SD-SRC14,0.01,SDS2_MAIN9,SD-S2,MAIN9,SDS2_MAIN9:M2[N=512]@alpha=0.01,M2_joint_chance_saa,M2_joint_chance_saa[N=512],entry,True,selected,alpha_train=0.0025,optimal,,main_reference_plan_domain,cp_upper,0.2499,0.2501,0.25732669993173324,False,False,1,4,4,0.2479,0.2551061759285925,alpha_train=0.01,minimum attainable main-event rate_upper over the declared grid (descriptive; its cost is not a comparable cost),512,optimal,0.0,0.0,0.2761,0.2763,0.2837528570940781,"diagnostic frontier point (training scenarios only); not a method, never a member"
0,SD-SRC14,0.01,SDS2_MAIN9,SD-S2,MAIN9,SDS2_MAIN9:M3a[factory box]@alpha=0.01,M3a_box_robust,M3a_box_robust,entry,True,selected,k_box=1.5,optimal,,main_reference_plan_domain,cp_upper,0.2421,0.2423,0.2494528127378684,False,False,1,5,3,0.0272,0.030029941686740055,k_box=2.0,minimum attainable main-event rate_upper over the declared grid (descriptive; its cost is not a comparable cost),1024,optimal,0.0,0.0,0.2583,0.2585,0.26580282951242024,"diagnostic frontier point (training scenarios only); not a method, never a member"
0,SD-SRC14,0.01,SDS2_MAIN9,SD-S2,MAIN9,"SDS2_MAIN9:M3b[factory box k=1.5, Gamma selected]@alpha=0.01",M3b_budget_robust,M3b_budget_robust,entry,True,selected,gamma=4,optimal,,main_reference_plan_domain,cp_upper,0.3085,0.3087,0.31638908741933314,False,False,1,35,27,0.0272,0.030029941686740055,"gamma=6 {""k_box"": 2.0}",minimum attainable main-event rate_upper over the declared grid (descriptive; its cost is not a comparable cost),1024,optimal,0.0,0.0,0.2583,0.2585,0.26580282951242024,"diagnostic frontier point (training scenarios only); not a method, never a member"
0,SD-SRC14,0.01,SDSRC12_MAIN9,SD-SRC12,MAIN9,SDSRC12_MAIN9:M0,M0_nominal,M0_nominal,entry,True,,,optimal,,main_reference_plan_domain,cp_upper,0.8741,0.8741,0.8795255661302405,False,False,1,1,1,0.8741,0.8795255661302405,,minimum attainable main-event rate_upper over the declared grid (descriptive; its cost is not a comparable cost),1024,frontier_no_feasible_solution_found_no_ration,0.0244140625,0.0244140625,,,,
0,SD-SRC14,0.01,SDSRC12_MAIN9,SD-SRC12,MAIN9,"SDSRC12_MAIN9:M1[relative,apply_to_dm=False]@alpha=0.01",M1_safety_margin,M1_safety_margin[apply_to_dm=False],sensitivity_line,False,not_met,,,"no value of the declared grid met the validation screen (candidate statuses: optimal, proven_infeasible); a grid without a solution is not a statement about the whole decision space",main_reference_plan_domain,cp_upper,,,,,False,1,5,4,0.2005,0.20719975727726397,k=0.075,minimum attainable main-event rate_upper over the declared grid (descriptive; its cost is not a comparable cost),1024,frontier_no_feasible_solution_found_no_ration,0.0244140625,0.0244140625,,,,
0,SD-SRC14,0.01,SDSRC12_MAIN9,SD-SRC12,MAIN9,"SDSRC12_MAIN9:M1[relative,apply_to_dm=True]@alpha=0.01",M1_safety_margin,M1_safety_margin[apply_to_dm=True],entry,False,not_met,,,"no value of the declared grid met the validation screen (candidate statuses: optimal, proven_infeasible); a grid without a solution is not a statement about the whole decision space",main_reference_plan_domain,cp_upper,,,,,False,1,5,2,0.7225,0.7298665342008623,k=0.025,minimum attainable main-event rate_upper over the declared grid (descriptive; its cost is not a comparable cost),1024,frontier_no_feasible_solution_found_no_ration,0.0244140625,0.0244140625,,,,
0,SD-SRC14,0.01,SDSRC12_MAIN9,SD-SRC12,MAIN9,SDSRC12_MAIN9:M2[N=1024]@alpha=0.01,M2_joint_chance_saa,M2_joint_chance_saa[N=1024],entry,False,not_met,,,"SAA over the N training scenarios proven infeasible for every alpha_train of the declared grid (training scenarios only; not a population, field or whole-space statement)",main_reference_plan_domain,cp_upper,,,,,False,1,4,0,,,,no scored grid candidate with a ration (not a whole-space statement),1024,frontier_no_feasible_solution_found_no_ration,0.0244140625,0.0244140625,,,,
0,SD-SRC14,0.01,SDSRC12_MAIN9,SD-SRC12,MAIN9,SDSRC12_MAIN9:M2[N=128]@alpha=0.01,M2_joint_chance_saa,M2_joint_chance_saa[N=128],entry,False,not_met,,,"no value of the declared grid met the validation screen (candidate statuses: optimal, proven_infeasible); a grid without a solution is not a statement about the whole decision space",main_reference_plan_domain,cp_upper,,,,,False,1,4,1,0.0431,0.04659044116171433,alpha_train=0.01,minimum attainable main-event rate_upper over the declared grid (descriptive; its cost is not a comparable cost),128,optimal,0.0078125,0.0078125,0.0429,0.0431,0.04659044116171433,"diagnostic frontier point (training scenarios only); not a method, never a member"
0,SD-SRC14,0.01,SDSRC12_MAIN9,SD-SRC12,MAIN9,SDSRC12_MAIN9:M2[N=512]@alpha=0.01,M2_joint_chance_saa,M2_joint_chance_saa[N=512],entry,False,not_met,,,"SAA over the N training scenarios proven infeasible for every alpha_train of the declared grid (training scenarios only; not a population, field or whole-space statement)",main_reference_plan_domain,cp_upper,,,,,False,1,4,0,,,,no scored grid candidate with a ration (not a whole-space statement),512,optimal,0.025390625,0.025390625,0.0062,0.0064,0.00787465657842059,"diagnostic frontier point (training scenarios only); not a method, never a member"
0,SD-SRC14,0.01,SDSRC12_MAIN9,SD-SRC12,MAIN9,SDSRC12_MAIN9:M3a[factory box]@alpha=0.01,M3a_box_robust,M3a_box_robust,entry,False,not_met,,,no value of the declared grid met the validation screen (candidate statuses: proven_infeasible); a grid without a solution is not a statement about the whole decision space,main_reference_plan_domain,cp_upper,,,,,False,1,5,0,,,,no scored grid candidate with a ration (not a whole-space statement),1024,frontier_no_feasible_solution_found_no_ration,0.0244140625,0.0244140625,,,,
0,SD-SRC14,0.01,SDSRC12_MAIN9,SD-SRC12,MAIN9,SDSRC12_MAIN9:M3b[factory box]@alpha=0.01,M3b_budget_robust,M3b_budget_robust,entry,False,not_met,,,"no value of the declared grid met the validation screen (candidate statuses: optimal, proven_infeasible); a grid without a solution is not a statement about the whole decision space",main_reference_plan_domain,cp_upper,,,,,False,1,35,11,0.0539,0.05776175617074923,"gamma=4 {""k_box"": 1.0}",minimum attainable main-event rate_upper over the declared grid (descriptive; its cost is not a comparable cost),1024,frontier_no_feasible_solution_found_no_ration,0.0244140625,0.0244140625,,,,
0,SD-SRC14,0.01,SDSRC14_MAIN9,SD-SRC14,MAIN9,SDSRC14_MAIN9:M0,M0_nominal,M0_nominal,entry,True,,,optimal,,main_reference_plan_domain,cp_upper,0.8741,0.8741,0.8795255661302405,False,False,1,1,1,0.8741,0.8795255661302405,,minimum attainable main-event rate_upper over the declared grid (descriptive; its cost is not a comparable cost),1024,optimal,0.0,0.0,0.0061,0.0063,0.0077645181929084,"diagnostic frontier point (training scenarios only); not a method, never a member"
0,SD-SRC14,0.01,SDSRC14_MAIN9,SD-SRC14,MAIN9,"SDSRC14_MAIN9:M1[relative,apply_to_dm=False]@alpha=0.01",M1_safety_margin,M1_safety_margin[apply_to_dm=False],sensitivity_line,False,not_met,,,"no value of the declared grid met the validation screen (candidate statuses: optimal, proven_infeasible); a grid without a solution is not a statement about the whole decision space",main_reference_plan_domain,cp_upper,,,,,False,1,5,4,0.2005,0.20719975727726397,k=0.075,minimum attainable main-event rate_upper over the declared grid (descriptive; its cost is not a comparable cost),1024,optimal,0.0,0.0,0.0061,0.0063,0.0077645181929084,"diagnostic frontier point (training scenarios only); not a method, never a member"
0,SD-SRC14,0.01,SDSRC14_MAIN9,SD-SRC14,MAIN9,"SDSRC14_MAIN9:M1[relative,apply_to_dm=True]@alpha=0.01",M1_safety_margin,M1_safety_margin[apply_to_dm=True],entry,False,not_met,,,"no value of the declared grid met the validation screen (candidate statuses: optimal, proven_infeasible); a grid without a solution is not a statement about the whole decision space",main_reference_plan_domain,cp_upper,,,,,False,1,5,2,0.7225,0.7298665342008623,k=0.025,minimum attainable main-event rate_upper over the declared grid (descriptive; its cost is not a comparable cost),1024,optimal,0.0,0.0,0.0061,0.0063,0.0077645181929084,"diagnostic frontier point (training scenarios only); not a method, never a member"
0,SD-SRC14,0.01,SDSRC14_MAIN9,SD-SRC14,MAIN9,SDSRC14_MAIN9:M2[N=1024]@alpha=0.01,M2_joint_chance_saa,M2_joint_chance_saa[N=1024],entry,False,not_met,,,no value of the declared grid met the validation screen (candidate statuses: optimal); a grid without a solution is not a statement about the whole decision space,main_reference_plan_domain,cp_upper,,,,,False,1,4,4,0.0092,0.010931484621410723,alpha_train=0.0025,minimum attainable main-event rate_upper over the declared grid (descriptive; its cost is not a comparable cost),1024,optimal,0.0,0.0,0.0061,0.0063,0.0077645181929084,"diagnostic frontier point (training scenarios only); not a method, never a member"
0,SD-SRC14,0.01,SDSRC14_MAIN9,SD-SRC14,MAIN9,SDSRC14_MAIN9:M2[N=128]@alpha=0.01,M2_joint_chance_saa,M2_joint_chance_saa[N=128],entry,False,not_met,,,no value of the declared grid met the validation screen (candidate statuses: optimal); a grid without a solution is not a statement about the whole decision space,main_reference_plan_domain,cp_upper,,,,,False,1,4,4,0.054,0.05786497929721806,alpha_train=0.0075,minimum attainable main-event rate_upper over the declared grid (descriptive; its cost is not a comparable cost),128,optimal,0.0,0.0,0.0538,0.054,0.05786497929721806,"diagnostic frontier point (training scenarios only); not a method, never a member"
0,SD-SRC14,0.01,SDSRC14_MAIN9,SD-SRC14,MAIN9,SDSRC14_MAIN9:M2[N=512]@alpha=0.01,M2_joint_chance_saa,M2_joint_chance_saa[N=512],entry,False,not_met,,,no value of the declared grid met the validation screen (candidate statuses: optimal); a grid without a solution is not a statement about the whole decision space,main_reference_plan_domain,cp_upper,,,,,False,1,4,4,0.011,0.012875732808519506,alpha_train=0.0025,minimum attainable main-event rate_upper over the declared grid (descriptive; its cost is not a comparable cost),512,optimal,0.0,0.0,0.0117,0.0119,0.013843294026811222,"diagnostic frontier point (training scenarios only); not a method, never a member"
0,SD-SRC14,0.01,SDSRC14_MAIN9,SD-SRC14,MAIN9,SDSRC14_MAIN9:M3a[factory box]@alpha=0.01,M3a_box_robust,M3a_box_robust,entry,False,not_met,,,"no value of the declared grid met the validation screen (candidate statuses: optimal, proven_infeasible); a grid without a solution is not a statement about the whole decision space",main_reference_plan_domain,cp_upper,,,,,False,1,5,1,0.054,0.05786497929721806,k_box=1.0,minimum attainable main-event rate_upper over the declared grid (descriptive; its cost is not a comparable cost),1024,optimal,0.0,0.0,0.0061,0.0063,0.0077645181929084,"diagnostic frontier point (training scenarios only); not a method, never a member"
0,SD-SRC14,0.01,SDSRC14_MAIN9,SD-SRC14,MAIN9,"SDSRC14_MAIN9:M3b[factory box k=1.5, Gamma selected]@alpha=0.01",M3b_budget_robust,M3b_budget_robust,entry,True,selected,gamma=4,optimal,,main_reference_plan_domain,cp_upper,0.0028,0.003,0.004066874992626077,True,True,1,35,19,0.003,0.004066874992626077,"gamma=4 {""k_box"": 1.5}",minimum attainable main-event rate_upper over the declared grid (descriptive; its cost is not a comparable cost),1024,optimal,0.0,0.0,0.0061,0.0063,0.0077645181929084,"diagnostic frontier point (training scenarios only); not a method, never a member"
0,SD-12MO,0.05,SD12MO_MAIN9,SD-12MO,MAIN9,SD12MO_MAIN9:M0,M0_nominal,M0_nominal,entry,True,,,optimal,,main_reference_plan_domain,cp_upper,0.8076,0.8076,0.8140670022100215,False,False,11,1,1,0.8076,0.8140670022100215,,minimum attainable main-event rate_upper over the declared grid (descriptive; its cost is not a comparable cost),1024,optimal,0.0,0.0,0.0061,0.0061,0.007543994794539046,"diagnostic frontier point (training scenarios only); not a method, never a member"
0,SD-12MO,0.05,SD12MO_MAIN9,SD-12MO,MAIN9,"SD12MO_MAIN9:M1[relative,apply_to_dm=False]@alpha=0.05",M1_safety_margin,M1_safety_margin[apply_to_dm=False],sensitivity_line,False,not_met,,,"no value of the declared grid met the validation screen (candidate statuses: optimal, proven_infeasible); a grid without a solution is not a statement about the whole decision space",main_reference_plan_domain,cp_upper,,,,,False,11,5,4,0.073,0.077421646593483,k=0.075,minimum attainable main-event rate_upper over the declared grid (descriptive; its cost is not a comparable cost),1024,optimal,0.0,0.0,0.0061,0.0061,0.007543994794539046,"diagnostic frontier point (training scenarios only); not a method, never a member"
0,SD-12MO,0.05,SD12MO_MAIN9,SD-12MO,MAIN9,"SD12MO_MAIN9:M1[relative,apply_to_dm=True]@alpha=0.05",M1_safety_margin,M1_safety_margin[apply_to_dm=True],entry,False,not_met,,,"no value of the declared grid met the validation screen (candidate statuses: optimal, proven_infeasible); a grid without a solution is not a statement about the whole decision space",main_reference_plan_domain,cp_upper,,,,,False,11,5,2,0.3675,0.3755080615586556,k=0.025,minimum attainable main-event rate_upper over the declared grid (descriptive; its cost is not a comparable cost),1024,optimal,0.0,0.0,0.0061,0.0061,0.007543994794539046,"diagnostic frontier point (training scenarios only); not a method, never a member"
0,SD-12MO,0.05,SD12MO_MAIN9,SD-12MO,MAIN9,SD12MO_MAIN9:M2[N=1024]@alpha=0.05,M2_joint_chance_saa,M2_joint_chance_saa[N=1024],entry,True,selected,alpha_train=0.0375,feasible_time_limit,,main_reference_plan_domain,cp_upper,0.0321,0.0321,0.03515225343885038,True,True,11,4,4,0.0063,0.0077645181929084,alpha_train=0.0125,minimum attainable main-event rate_upper over the declared grid (descriptive; its cost is not a comparable cost),1024,optimal,0.0,0.0,0.0061,0.0061,0.007543994794539046,"diagnostic frontier point (training scenarios only); not a method, never a member"
0,SD-12MO,0.05,SD12MO_MAIN9,SD-12MO,MAIN9,SD12MO_MAIN9:M2[N=128]@alpha=0.05,M2_joint_chance_saa,M2_joint_chance_saa[N=128],entry,False,not_met,,,no value of the declared grid met the validation screen (candidate statuses: optimal); a grid without a solution is not a statement about the whole decision space,main_reference_plan_domain,cp_upper,,,,,False,11,4,4,0.0335,0.036612277504833056,alpha_train=0.0125,minimum attainable main-event rate_upper over the declared grid (descriptive; its cost is not a comparable cost),128,optimal,0.0,0.0,0.0212,0.0212,0.0237255843508151,"diagnostic frontier point (training scenarios only); not a method, never a member"
0,SD-12MO,0.05,SD12MO_MAIN9,SD-12MO,MAIN9,SD12MO_MAIN9:M2[N=512]@alpha=0.05,M2_joint_chance_saa,M2_joint_chance_saa[N=512],entry,True,selected,alpha_train=0.025,optimal,,main_reference_plan_domain,cp_upper,0.0173,0.0173,0.019602164229733723,True,True,11,4,4,0.0065,0.00798471527353767,alpha_train=0.0125,minimum attainable main-event rate_upper over the declared grid (descriptive; its cost is not a comparable cost),512,optimal,0.0,0.0,0.0068,0.0068,0.008314430880455064,"diagnostic frontier point (training scenarios only); not a method, never a member"
0,SD-12MO,0.05,SD12MO_MAIN9,SD-12MO,MAIN9,SD12MO_MAIN9:M3a[factory box]@alpha=0.05,M3a_box_robust,M3a_box_robust,entry,False,not_met,,,"no value of the declared grid met the validation screen (candidate statuses: optimal, proven_infeasible); a grid without a solution is not a statement about the whole decision space",main_reference_plan_domain,cp_upper,,,,,False,11,5,1,0.2079,0.21468745414989496,k_box=1.0,minimum attainable main-event rate_upper over the declared grid (descriptive; its cost is not a comparable cost),1024,optimal,0.0,0.0,0.0061,0.0061,0.007543994794539046,"diagnostic frontier point (training scenarios only); not a method, never a member"
0,SD-12MO,0.05,SD12MO_MAIN9,SD-12MO,MAIN9,"SD12MO_MAIN9:M3b[factory box k=3, Gamma selected]@alpha=0.05",M3b_budget_robust,M3b_budget_robust,entry,True,selected,gamma=1,optimal,,main_reference_plan_domain,cp_upper,0.0132,0.0132,0.015236376857479597,True,True,11,35,18,0.0132,0.015236376857479597,"gamma=1 {""k_box"": 3.0}",minimum attainable main-event rate_upper over the declared grid (descriptive; its cost is not a comparable cost),1024,optimal,0.0,0.0,0.0061,0.0061,0.007543994794539046,"diagnostic frontier point (training scenarios only); not a method, never a member"
0,SD-12MO,0.05,SDH0_MAIN9,SD-H0,MAIN9,SDH0_MAIN9:M0,M0_nominal,M0_nominal,entry,True,,,optimal,,main_reference_plan_domain,cp_upper,0.8076,0.8076,0.8140670022100215,False,False,11,1,1,0.8076,0.8140670022100215,,minimum attainable main-event rate_upper over the declared grid (descriptive; its cost is not a comparable cost),1024,frontier_no_feasible_solution_found_no_ration,0.044921875,0.1435546875,,,,
0,SD-12MO,0.05,SDH0_MAIN9,SD-H0,MAIN9,"SDH0_MAIN9:M1[relative,apply_to_dm=False]@alpha=0.05",M1_safety_margin,M1_safety_margin[apply_to_dm=False],sensitivity_line,False,not_met,,,"no value of the declared grid met the validation screen (candidate statuses: optimal, proven_infeasible); a grid without a solution is not a statement about the whole decision space",main_reference_plan_domain,cp_upper,,,,,False,11,5,4,0.073,0.077421646593483,k=0.075,minimum attainable main-event rate_upper over the declared grid (descriptive; its cost is not a comparable cost),1024,frontier_no_feasible_solution_found_no_ration,0.044921875,0.1435546875,,,,
0,SD-12MO,0.05,SDH0_MAIN9,SD-H0,MAIN9,"SDH0_MAIN9:M1[relative,apply_to_dm=True]@alpha=0.05",M1_safety_margin,M1_safety_margin[apply_to_dm=True],entry,False,not_met,,,"no value of the declared grid met the validation screen (candidate statuses: optimal, proven_infeasible); a grid without a solution is not a statement about the whole decision space",main_reference_plan_domain,cp_upper,,,,,False,11,5,2,0.3675,0.3755080615586556,k=0.025,minimum attainable main-event rate_upper over the declared grid (descriptive; its cost is not a comparable cost),1024,frontier_no_feasible_solution_found_no_ration,0.044921875,0.1435546875,,,,
0,SD-12MO,0.05,SDH0_MAIN9,SD-H0,MAIN9,SDH0_MAIN9:M2[N=1024]@alpha=0.05,M2_joint_chance_saa,M2_joint_chance_saa[N=1024],entry,False,not_met,,,"SAA over the N training scenarios proven infeasible for every alpha_train of the declared grid (training scenarios only; not a population, field or whole-space statement)",main_reference_plan_domain,cp_upper,,,,,False,11,4,0,,,,no scored grid candidate with a ration (not a whole-space statement),1024,frontier_no_feasible_solution_found_no_ration,0.044921875,0.1435546875,,,,
0,SD-12MO,0.05,SDH0_MAIN9,SD-H0,MAIN9,SDH0_MAIN9:M2[N=128]@alpha=0.05,M2_joint_chance_saa,M2_joint_chance_saa[N=128],entry,False,not_met,,,"SAA over the N training scenarios proven infeasible for every alpha_train of the declared grid (training scenarios only; not a population, field or whole-space statement)",main_reference_plan_domain,cp_upper,,,,,False,11,4,0,,,,no scored grid candidate with a ration (not a whole-space statement),128,optimal,0.1015625,0.1015625,0.0005,0.0005,0.0010510137186384818,"diagnostic frontier point (training scenarios only); not a method, never a member"
0,SD-12MO,0.05,SDH0_MAIN9,SD-H0,MAIN9,SDH0_MAIN9:M2[N=512]@alpha=0.05,M2_joint_chance_saa,M2_joint_chance_saa[N=512],entry,False,not_met,,,"SAA over the N training scenarios proven infeasible for every alpha_train of the declared grid (training scenarios only; not a population, field or whole-space statement)",main_reference_plan_domain,cp_upper,,,,,False,11,4,0,,,,no scored grid candidate with a ration (not a whole-space statement),512,frontier_no_feasible_solution_found_no_ration,0.04296875,0.126953125,,,,
0,SD-12MO,0.05,SDH0_MAIN9,SD-H0,MAIN9,SDH0_MAIN9:M3a[factory box]@alpha=0.05,M3a_box_robust,M3a_box_robust,entry,False,not_met,,,no value of the declared grid met the validation screen (candidate statuses: proven_infeasible); a grid without a solution is not a statement about the whole decision space,main_reference_plan_domain,cp_upper,,,,,False,11,5,0,,,,no scored grid candidate with a ration (not a whole-space statement),1024,frontier_no_feasible_solution_found_no_ration,0.044921875,0.1435546875,,,,
0,SD-12MO,0.05,SDH0_MAIN9,SD-H0,MAIN9,SDH0_MAIN9:M3b[factory box]@alpha=0.05,M3b_budget_robust,M3b_budget_robust,entry,False,not_met,,,"no value of the declared grid met the validation screen (candidate statuses: optimal, proven_infeasible); a grid without a solution is not a statement about the whole decision space",main_reference_plan_domain,cp_upper,,,,,False,11,35,7,0.0096,0.011364710187575237,"gamma=1 {""k_box"": 1.5}",minimum attainable main-event rate_upper over the declared grid (descriptive; its cost is not a comparable cost),1024,frontier_no_feasible_solution_found_no_ration,0.044921875,0.1435546875,,,,
0,SD-12MO,0.05,SDS2_MAIN9,SD-S2,MAIN9,SDS2_MAIN9:M0,M0_nominal,M0_nominal,entry,True,,,optimal,,main_reference_plan_domain,cp_upper,0.8076,0.8076,0.8140670022100215,False,False,11,1,1,0.8076,0.8140670022100215,,minimum attainable main-event rate_upper over the declared grid (descriptive; its cost is not a comparable cost),1024,optimal,0.0,0.0,0.0056,0.0056,0.00699115107361816,"diagnostic frontier point (training scenarios only); not a method, never a member"
0,SD-12MO,0.05,SDS2_MAIN9,SD-S2,MAIN9,"SDS2_MAIN9:M1[relative,apply_to_dm=False]@alpha=0.05",M1_safety_margin,M1_safety_margin[apply_to_dm=False],sensitivity_line,True,selected,k=0.075,optimal,,main_reference_plan_domain,cp_upper,0.073,0.073,0.077421646593483,False,False,11,5,4,0.073,0.077421646593483,k=0.075,minimum attainable main-event rate_upper over the declared grid (descriptive; its cost is not a comparable cost),1024,optimal,0.0,0.0,0.0056,0.0056,0.00699115107361816,"diagnostic frontier point (training scenarios only); not a method, never a member"
0,SD-12MO,0.05,SDS2_MAIN9,SD-S2,MAIN9,"SDS2_MAIN9:M1[relative,apply_to_dm=True]@alpha=0.05",M1_safety_margin,M1_safety_margin[apply_to_dm=True],entry,False,not_met,,,"no value of the declared grid met the validation screen (candidate statuses: optimal, proven_infeasible); a grid without a solution is not a statement about the whole decision space",main_reference_plan_domain,cp_upper,,,,,False,11,5,2,0.3675,0.3755080615586556,k=0.025,minimum attainable main-event rate_upper over the declared grid (descriptive; its cost is not a comparable cost),1024,optimal,0.0,0.0,0.0056,0.0056,0.00699115107361816,"diagnostic frontier point (training scenarios only); not a method, never a member"
0,SD-12MO,0.05,SDS2_MAIN9,SD-S2,MAIN9,SDS2_MAIN9:M2[N=1024]@alpha=0.05,M2_joint_chance_saa,M2_joint_chance_saa[N=1024],entry,True,selected,alpha_train=0.0375,feasible_time_limit,,main_reference_plan_domain,cp_upper,0.0323,0.0323,0.035360915991172616,True,True,11,4,4,0.0084,0.010062741097753729,alpha_train=0.0125,minimum attainable main-event rate_upper over the declared grid (descriptive; its cost is not a comparable cost),1024,optimal,0.0,0.0,0.0056,0.0056,0.00699115107361816,"diagnostic frontier point (training scenarios only); not a method, never a member"
0,SD-12MO,0.05,SDS2_MAIN9,SD-S2,MAIN9,SDS2_MAIN9:M2[N=128]@alpha=0.05,M2_joint_chance_saa,M2_joint_chance_saa[N=128],entry,True,selected,alpha_train=0.0125,optimal,,main_reference_plan_domain,cp_upper,0.0385,0.0385,0.041815922260737076,True,True,11,4,4,0.0385,0.041815922260737076,alpha_train=0.0125,minimum attainable main-event rate_upper over the declared grid (descriptive; its cost is not a comparable cost),128,optimal,0.0,0.0,0.06,0.06,0.0640521761141087,"diagnostic frontier point (training scenarios only); not a method, never a member"
0,SD-12MO,0.05,SDS2_MAIN9,SD-S2,MAIN9,SDS2_MAIN9:M2[N=512]@alpha=0.05,M2_joint_chance_saa,M2_joint_chance_saa[N=512],entry,True,selected,alpha_train=0.025,optimal,,main_reference_plan_domain,cp_upper,0.0271,0.0271,0.029925185179415472,True,True,11,4,4,0.008,0.009627115812045468,alpha_train=0.0125,minimum attainable main-event rate_upper over the declared grid (descriptive; its cost is not a comparable cost),512,optimal,0.0,0.0,0.007,0.007,0.008533874102002235,"diagnostic frontier point (training scenarios only); not a method, never a member"
0,SD-12MO,0.05,SDS2_MAIN9,SD-S2,MAIN9,SDS2_MAIN9:M3a[factory box]@alpha=0.05,M3a_box_robust,M3a_box_robust,entry,True,selected,k_box=1.5,optimal,,main_reference_plan_domain,cp_upper,0.0162,0.0162,0.018434426987497563,True,True,11,5,3,0.0162,0.018434426987497563,k_box=1.5,minimum attainable main-event rate_upper over the declared grid (descriptive; its cost is not a comparable cost),1024,optimal,0.0,0.0,0.0056,0.0056,0.00699115107361816,"diagnostic frontier point (training scenarios only); not a method, never a member"
0,SD-12MO,0.05,SDS2_MAIN9,SD-S2,MAIN9,"SDS2_MAIN9:M3b[factory box k=1.5, Gamma selected]@alpha=0.05",M3b_budget_robust,M3b_budget_robust,entry,True,selected,gamma=3,optimal,,main_reference_plan_domain,cp_upper,0.0302,0.0302,0.03316842689431795,True,True,11,35,27,0.0053,0.006658299210477352,"gamma=3 {""k_box"": 2.0}",minimum attainable main-event rate_upper over the declared grid (descriptive; its cost is not a comparable cost),1024,optimal,0.0,0.0,0.0056,0.0056,0.00699115107361816,"diagnostic frontier point (training scenarios only); not a method, never a member"
0,SD-12MO,0.05,SDSRC12_MAIN9,SD-SRC12,MAIN9,SDSRC12_MAIN9:M0,M0_nominal,M0_nominal,entry,True,,,optimal,,main_reference_plan_domain,cp_upper,0.8076,0.8076,0.8140670022100215,False,False,11,1,1,0.8076,0.8140670022100215,,minimum attainable main-event rate_upper over the declared grid (descriptive; its cost is not a comparable cost),1024,frontier_no_feasible_solution_found_no_ration,0.0244140625,0.0244140625,,,,
0,SD-12MO,0.05,SDSRC12_MAIN9,SD-SRC12,MAIN9,"SDSRC12_MAIN9:M1[relative,apply_to_dm=False]@alpha=0.05",M1_safety_margin,M1_safety_margin[apply_to_dm=False],sensitivity_line,False,not_met,,,"no value of the declared grid met the validation screen (candidate statuses: optimal, proven_infeasible); a grid without a solution is not a statement about the whole decision space",main_reference_plan_domain,cp_upper,,,,,False,11,5,4,0.073,0.077421646593483,k=0.075,minimum attainable main-event rate_upper over the declared grid (descriptive; its cost is not a comparable cost),1024,frontier_no_feasible_solution_found_no_ration,0.0244140625,0.0244140625,,,,
0,SD-12MO,0.05,SDSRC12_MAIN9,SD-SRC12,MAIN9,"SDSRC12_MAIN9:M1[relative,apply_to_dm=True]@alpha=0.05",M1_safety_margin,M1_safety_margin[apply_to_dm=True],entry,False,not_met,,,"no value of the declared grid met the validation screen (candidate statuses: optimal, proven_infeasible); a grid without a solution is not a statement about the whole decision space",main_reference_plan_domain,cp_upper,,,,,False,11,5,2,0.3675,0.3755080615586556,k=0.025,minimum attainable main-event rate_upper over the declared grid (descriptive; its cost is not a comparable cost),1024,frontier_no_feasible_solution_found_no_ration,0.0244140625,0.0244140625,,,,
0,SD-12MO,0.05,SDSRC12_MAIN9,SD-SRC12,MAIN9,SDSRC12_MAIN9:M2[N=1024]@alpha=0.05,M2_joint_chance_saa,M2_joint_chance_saa[N=1024],entry,True,selected,alpha_train=0.0375,feasible_time_limit,,main_reference_plan_domain,cp_upper,0.0011,0.0011,0.0018200952643435183,True,True,11,4,2,0.0011,0.0018200952643435183,alpha_train=0.0375,minimum attainable main-event rate_upper over the declared grid (descriptive; its cost is not a comparable cost),1024,frontier_no_feasible_solution_found_no_ration,0.0244140625,0.0244140625,,,,
0,SD-12MO,0.05,SDSRC12_MAIN9,SD-SRC12,MAIN9,SDSRC12_MAIN9:M2[N=128]@alpha=0.05,M2_joint_chance_saa,M2_joint_chance_saa[N=128],entry,False,not_met,,,no value of the declared grid met the validation screen (candidate statuses: optimal); a grid without a solution is not a statement about the whole decision space,main_reference_plan_domain,cp_upper,,,,,False,11,4,4,0.0014,0.0021877855042221226,alpha_train=0.0125,minimum attainable main-event rate_upper over the declared grid (descriptive; its cost is not a comparable cost),128,optimal,0.0078125,0.0078125,0.0014,0.0014,0.0021877855042221226,"diagnostic frontier point (training scenarios only); not a method, never a member"
0,SD-12MO,0.05,SDSRC12_MAIN9,SD-SRC12,MAIN9,SDSRC12_MAIN9:M2[N=512]@alpha=0.05,M2_joint_chance_saa,M2_joint_chance_saa[N=512],entry,False,not_met,,,"no value of the declared grid met the validation screen (candidate statuses: optimal, proven_infeasible); a grid without a solution is not a statement about the whole decision space",main_reference_plan_domain,cp_upper,,,,,False,11,4,2,0.0018,0.0026680168913457572,alpha_train=0.0375,minimum attainable main-event rate_upper over the declared grid (descriptive; its cost is not a comparable cost),512,optimal,0.025390625,0.025390625,0.0009,0.0009,0.0015699951188064335,"diagnostic frontier point (training scenarios only); not a method, never a member"
0,SD-12MO,0.05,SDSRC12_MAIN9,SD-SRC12,MAIN9,SDSRC12_MAIN9:M3a[factory box]@alpha=0.05,M3a_box_robust,M3a_box_robust,entry,False,not_met,,,no value of the declared grid met the validation screen (candidate statuses: proven_infeasible); a grid without a solution is not a statement about the whole decision space,main_reference_plan_domain,cp_upper,,,,,False,11,5,0,,,,no scored grid candidate with a ration (not a whole-space statement),1024,frontier_no_feasible_solution_found_no_ration,0.0244140625,0.0244140625,,,,
0,SD-12MO,0.05,SDSRC12_MAIN9,SD-SRC12,MAIN9,SDSRC12_MAIN9:M3b[factory box]@alpha=0.05,M3b_budget_robust,M3b_budget_robust,entry,False,not_met,,,"no value of the declared grid met the validation screen (candidate statuses: optimal, proven_infeasible); a grid without a solution is not a statement about the whole decision space",main_reference_plan_domain,cp_upper,,,,,False,11,35,11,0.0031,0.004181495101715713,"gamma=4 {""k_box"": 1.0}",minimum attainable main-event rate_upper over the declared grid (descriptive; its cost is not a comparable cost),1024,frontier_no_feasible_solution_found_no_ration,0.0244140625,0.0244140625,,,,
0,SD-12MO,0.05,SDSRC14_MAIN9,SD-SRC14,MAIN9,SDSRC14_MAIN9:M0,M0_nominal,M0_nominal,entry,True,,,optimal,,main_reference_plan_domain,cp_upper,0.8076,0.8076,0.8140670022100215,False,False,11,1,1,0.8076,0.8140670022100215,,minimum attainable main-event rate_upper over the declared grid (descriptive; its cost is not a comparable cost),1024,optimal,0.0,0.0,0.0094,0.0094,0.01114818785667052,"diagnostic frontier point (training scenarios only); not a method, never a member"
0,SD-12MO,0.05,SDSRC14_MAIN9,SD-SRC14,MAIN9,"SDSRC14_MAIN9:M1[relative,apply_to_dm=False]@alpha=0.05",M1_safety_margin,M1_safety_margin[apply_to_dm=False],sensitivity_line,False,not_met,,,"no value of the declared grid met the validation screen (candidate statuses: optimal, proven_infeasible); a grid without a solution is not a statement about the whole decision space",main_reference_plan_domain,cp_upper,,,,,False,11,5,4,0.073,0.077421646593483,k=0.075,minimum attainable main-event rate_upper over the declared grid (descriptive; its cost is not a comparable cost),1024,optimal,0.0,0.0,0.0094,0.0094,0.01114818785667052,"diagnostic frontier point (training scenarios only); not a method, never a member"
0,SD-12MO,0.05,SDSRC14_MAIN9,SD-SRC14,MAIN9,"SDSRC14_MAIN9:M1[relative,apply_to_dm=True]@alpha=0.05",M1_safety_margin,M1_safety_margin[apply_to_dm=True],entry,False,not_met,,,"no value of the declared grid met the validation screen (candidate statuses: optimal, proven_infeasible); a grid without a solution is not a statement about the whole decision space",main_reference_plan_domain,cp_upper,,,,,False,11,5,2,0.3675,0.3755080615586556,k=0.025,minimum attainable main-event rate_upper over the declared grid (descriptive; its cost is not a comparable cost),1024,optimal,0.0,0.0,0.0094,0.0094,0.01114818785667052,"diagnostic frontier point (training scenarios only); not a method, never a member"
0,SD-12MO,0.05,SDSRC14_MAIN9,SD-SRC14,MAIN9,SDSRC14_MAIN9:M2[N=1024]@alpha=0.05,M2_joint_chance_saa,M2_joint_chance_saa[N=1024],entry,True,selected,alpha_train=0.025,feasible_time_limit,,main_reference_plan_domain,cp_upper,0.0073,0.0073,0.008862518669329364,True,True,11,4,4,0.0023,0.003256976390880396,alpha_train=0.0375,minimum attainable main-event rate_upper over the declared grid (descriptive; its cost is not a comparable cost),1024,optimal,0.0,0.0,0.0094,0.0094,0.01114818785667052,"diagnostic frontier point (training scenarios only); not a method, never a member"
0,SD-12MO,0.05,SDSRC14_MAIN9,SD-SRC14,MAIN9,SDSRC14_MAIN9:M2[N=128]@alpha=0.05,M2_joint_chance_saa,M2_joint_chance_saa[N=128],entry,False,not_met,,,no value of the declared grid met the validation screen (candidate statuses: optimal); a grid without a solution is not a statement about the whole decision space,main_reference_plan_domain,cp_upper,,,,,False,11,4,4,0.0059,0.007323129192957677,alpha_train=0.0375,minimum attainable main-event rate_upper over the declared grid (descriptive; its cost is not a comparable cost),128,optimal,0.0,0.0,0.0044,0.0044,0.005653704951913849,"diagnostic frontier point (training scenarios only); not a method, never a member"
0,SD-12MO,0.05,SDSRC14_MAIN9,SD-SRC14,MAIN9,SDSRC14_MAIN9:M2[N=512]@alpha=0.05,M2_joint_chance_saa,M2_joint_chance_saa[N=512],entry,True,selected,alpha_train=0.025,optimal,,main_reference_plan_domain,cp_upper,0.0074,0.0074,0.0089719337548342,True,True,11,4,4,0.0028,0.0038368954483227035,alpha_train=0.05,minimum attainable main-event rate_upper over the declared grid (descriptive; its cost is not a comparable cost),512,optimal,0.0,0.0,0.0056,0.0056,0.00699115107361816,"diagnostic frontier point (training scenarios only); not a method, never a member"
0,SD-12MO,0.05,SDSRC14_MAIN9,SD-SRC14,MAIN9,SDSRC14_MAIN9:M3a[factory box]@alpha=0.05,M3a_box_robust,M3a_box_robust,entry,False,not_met,,,"no value of the declared grid met the validation screen (candidate statuses: optimal, proven_infeasible); a grid without a solution is not a statement about the whole decision space",main_reference_plan_domain,cp_upper,,,,,False,11,5,1,0.0238,0.02646252186192461,k_box=1.0,minimum attainable main-event rate_upper over the declared grid (descriptive; its cost is not a comparable cost),1024,optimal,0.0,0.0,0.0094,0.0094,0.01114818785667052,"diagnostic frontier point (training scenarios only); not a method, never a member"
0,SD-12MO,0.05,SDSRC14_MAIN9,SD-SRC14,MAIN9,"SDSRC14_MAIN9:M3b[factory box k=1, Gamma selected]@alpha=0.05",M3b_budget_robust,M3b_budget_robust,entry,True,selected,gamma=5,optimal,,main_reference_plan_domain,cp_upper,0.0578,0.0578,0.0617849059594433,False,False,11,35,19,0.0064,0.00787465657842059,"gamma=1 {""k_box"": 2.5}",minimum attainable main-event rate_upper over the declared grid (descriptive; its cost is not a comparable cost),1024,optimal,0.0,0.0,0.0094,0.0094,0.01114818785667052,"diagnostic frontier point (training scenarios only); not a method, never a member"
0,SD-12MO,0.1,SD12MO_MAIN9,SD-12MO,MAIN9,SD12MO_MAIN9:M0,M0_nominal,M0_nominal,entry,True,,,optimal,,main_reference_plan_domain,cp_upper,0.8076,0.8076,0.8140670022100215,False,False,16,1,1,0.8076,0.8140670022100215,,minimum attainable main-event rate_upper over the declared grid (descriptive; its cost is not a comparable cost),1024,optimal,0.0,0.0,0.0061,0.0061,0.007543994794539046,"diagnostic frontier point (training scenarios only); not a method, never a member"
0,SD-12MO,0.1,SD12MO_MAIN9,SD-12MO,MAIN9,"SD12MO_MAIN9:M1[relative,apply_to_dm=False]@alpha=0.1",M1_safety_margin,M1_safety_margin[apply_to_dm=False],sensitivity_line,True,selected,k=0.075,optimal,,main_reference_plan_domain,cp_upper,0.073,0.073,0.077421646593483,True,False,16,5,4,0.073,0.077421646593483,k=0.075,minimum attainable main-event rate_upper over the declared grid (descriptive; its cost is not a comparable cost),1024,optimal,0.0,0.0,0.0061,0.0061,0.007543994794539046,"diagnostic frontier point (training scenarios only); not a method, never a member"
0,SD-12MO,0.1,SD12MO_MAIN9,SD-12MO,MAIN9,"SD12MO_MAIN9:M1[relative,apply_to_dm=True]@alpha=0.1",M1_safety_margin,M1_safety_margin[apply_to_dm=True],entry,False,not_met,,,"no value of the declared grid met the validation screen (candidate statuses: optimal, proven_infeasible); a grid without a solution is not a statement about the whole decision space",main_reference_plan_domain,cp_upper,,,,,False,16,5,2,0.3675,0.3755080615586556,k=0.025,minimum attainable main-event rate_upper over the declared grid (descriptive; its cost is not a comparable cost),1024,optimal,0.0,0.0,0.0061,0.0061,0.007543994794539046,"diagnostic frontier point (training scenarios only); not a method, never a member"
0,SD-12MO,0.1,SD12MO_MAIN9,SD-12MO,MAIN9,SD12MO_MAIN9:M2[N=1024]@alpha=0.1,M2_joint_chance_saa,M2_joint_chance_saa[N=1024],entry,True,selected,alpha_train=0.075,feasible_time_limit,,main_reference_plan_domain,cp_upper,0.0605,0.0605,0.06456725514081417,True,True,16,4,4,0.017,0.01928392073307218,alpha_train=0.025,minimum attainable main-event rate_upper over the declared grid (descriptive; its cost is not a comparable cost),1024,optimal,0.0,0.0,0.0061,0.0061,0.007543994794539046,"diagnostic frontier point (training scenarios only); not a method, never a member"
0,SD-12MO,0.1,SD12MO_MAIN9,SD-12MO,MAIN9,SD12MO_MAIN9:M2[N=128]@alpha=0.1,M2_joint_chance_saa,M2_joint_chance_saa[N=128],entry,True,selected,alpha_train=0.025,optimal,,main_reference_plan_domain,cp_upper,0.0431,0.0431,0.04659044116171433,True,True,16,4,4,0.0431,0.04659044116171433,alpha_train=0.025,minimum attainable main-event rate_upper over the declared grid (descriptive; its cost is not a comparable cost),128,optimal,0.0,0.0,0.0212,0.0212,0.0237255843508151,"diagnostic frontier point (training scenarios only); not a method, never a member"
0,SD-12MO,0.1,SD12MO_MAIN9,SD-12MO,MAIN9,SD12MO_MAIN9:M2[N=512]@alpha=0.1,M2_joint_chance_saa,M2_joint_chance_saa[N=512],entry,True,selected,alpha_train=0.075,feasible_time_limit,,main_reference_plan_domain,cp_upper,0.056,0.056,0.05992870755847766,True,True,16,4,4,0.0173,0.019602164229733723,alpha_train=0.025,minimum attainable main-event rate_upper over the declared grid (descriptive; its cost is not a comparable cost),512,optimal,0.0,0.0,0.0068,0.0068,0.008314430880455064,"diagnostic frontier point (training scenarios only); not a method, never a member"
0,SD-12MO,0.1,SD12MO_MAIN9,SD-12MO,MAIN9,SD12MO_MAIN9:M3a[factory box]@alpha=0.1,M3a_box_robust,M3a_box_robust,entry,False,not_met,,,"no value of the declared grid met the validation screen (candidate statuses: optimal, proven_infeasible); a grid without a solution is not a statement about the whole decision space",main_reference_plan_domain,cp_upper,,,,,False,16,5,1,0.2079,0.21468745414989496,k_box=1.0,minimum attainable main-event rate_upper over the declared grid (descriptive; its cost is not a comparable cost),1024,optimal,0.0,0.0,0.0061,0.0061,0.007543994794539046,"diagnostic frontier point (training scenarios only); not a method, never a member"
0,SD-12MO,0.1,SD12MO_MAIN9,SD-12MO,MAIN9,"SD12MO_MAIN9:M3b[factory box k=1.5, Gamma selected]@alpha=0.1",M3b_budget_robust,M3b_budget_robust,entry,True,selected,gamma=2,optimal,,main_reference_plan_domain,cp_upper,0.0618,0.0618,0.06590610839272736,True,True,16,35,18,0.0132,0.015236376857479597,"gamma=1 {""k_box"": 3.0}",minimum attainable main-event rate_upper over the declared grid (descriptive; its cost is not a comparable cost),1024,optimal,0.0,0.0,0.0061,0.0061,0.007543994794539046,"diagnostic frontier point (training scenarios only); not a method, never a member"
0,SD-12MO,0.1,SDH0_MAIN9,SD-H0,MAIN9,SDH0_MAIN9:M0,M0_nominal,M0_nominal,entry,True,,,optimal,,main_reference_plan_domain,cp_upper,0.8076,0.8076,0.8140670022100215,False,False,16,1,1,0.8076,0.8140670022100215,,minimum attainable main-event rate_upper over the declared grid (descriptive; its cost is not a comparable cost),1024,frontier_no_feasible_solution_found_no_ration,0.044921875,0.1435546875,,,,
0,SD-12MO,0.1,SDH0_MAIN9,SD-H0,MAIN9,"SDH0_MAIN9:M1[relative,apply_to_dm=False]@alpha=0.1",M1_safety_margin,M1_safety_margin[apply_to_dm=False],sensitivity_line,False,not_met,,,"no value of the declared grid met the validation screen (candidate statuses: optimal, proven_infeasible); a grid without a solution is not a statement about the whole decision space",main_reference_plan_domain,cp_upper,,,,,False,16,5,4,0.073,0.077421646593483,k=0.075,minimum attainable main-event rate_upper over the declared grid (descriptive; its cost is not a comparable cost),1024,frontier_no_feasible_solution_found_no_ration,0.044921875,0.1435546875,,,,
0,SD-12MO,0.1,SDH0_MAIN9,SD-H0,MAIN9,"SDH0_MAIN9:M1[relative,apply_to_dm=True]@alpha=0.1",M1_safety_margin,M1_safety_margin[apply_to_dm=True],entry,False,not_met,,,"no value of the declared grid met the validation screen (candidate statuses: optimal, proven_infeasible); a grid without a solution is not a statement about the whole decision space",main_reference_plan_domain,cp_upper,,,,,False,16,5,2,0.3675,0.3755080615586556,k=0.025,minimum attainable main-event rate_upper over the declared grid (descriptive; its cost is not a comparable cost),1024,frontier_no_feasible_solution_found_no_ration,0.044921875,0.1435546875,,,,
0,SD-12MO,0.1,SDH0_MAIN9,SD-H0,MAIN9,SDH0_MAIN9:M2[N=1024]@alpha=0.1,M2_joint_chance_saa,M2_joint_chance_saa[N=1024],entry,False,not_met,,,"no value of the declared grid met the validation screen (candidate statuses: no_feasible_solution_found, proven_infeasible); a grid without a solution is not a statement about the whole decision space",main_reference_plan_domain,cp_upper,,,,,False,16,4,0,,,,no scored grid candidate with a ration (not a whole-space statement),1024,frontier_no_feasible_solution_found_no_ration,0.044921875,0.1435546875,,,,
0,SD-12MO,0.1,SDH0_MAIN9,SD-H0,MAIN9,SDH0_MAIN9:M2[N=128]@alpha=0.1,M2_joint_chance_saa,M2_joint_chance_saa[N=128],entry,False,not_met,,,"SAA over the N training scenarios proven infeasible for every alpha_train of the declared grid (training scenarios only; not a population, field or whole-space statement)",main_reference_plan_domain,cp_upper,,,,,False,16,4,0,,,,no scored grid candidate with a ration (not a whole-space statement),128,optimal,0.1015625,0.1015625,0.0005,0.0005,0.0010510137186384818,"diagnostic frontier point (training scenarios only); not a method, never a member"
0,SD-12MO,0.1,SDH0_MAIN9,SD-H0,MAIN9,SDH0_MAIN9:M2[N=512]@alpha=0.1,M2_joint_chance_saa,M2_joint_chance_saa[N=512],entry,False,not_met,,,"no value of the declared grid met the validation screen (candidate statuses: no_feasible_solution_found, proven_infeasible); a grid without a solution is not a statement about the whole decision space",main_reference_plan_domain,cp_upper,,,,,False,16,4,0,,,,no scored grid candidate with a ration (not a whole-space statement),512,frontier_no_feasible_solution_found_no_ration,0.04296875,0.126953125,,,,
0,SD-12MO,0.1,SDH0_MAIN9,SD-H0,MAIN9,SDH0_MAIN9:M3a[factory box]@alpha=0.1,M3a_box_robust,M3a_box_robust,entry,False,not_met,,,no value of the declared grid met the validation screen (candidate statuses: proven_infeasible); a grid without a solution is not a statement about the whole decision space,main_reference_plan_domain,cp_upper,,,,,False,16,5,0,,,,no scored grid candidate with a ration (not a whole-space statement),1024,frontier_no_feasible_solution_found_no_ration,0.044921875,0.1435546875,,,,
0,SD-12MO,0.1,SDH0_MAIN9,SD-H0,MAIN9,SDH0_MAIN9:M3b[factory box]@alpha=0.1,M3b_budget_robust,M3b_budget_robust,entry,False,not_met,,,"no value of the declared grid met the validation screen (candidate statuses: optimal, proven_infeasible); a grid without a solution is not a statement about the whole decision space",main_reference_plan_domain,cp_upper,,,,,False,16,35,7,0.0096,0.011364710187575237,"gamma=1 {""k_box"": 1.5}",minimum attainable main-event rate_upper over the declared grid (descriptive; its cost is not a comparable cost),1024,frontier_no_feasible_solution_found_no_ration,0.044921875,0.1435546875,,,,
0,SD-12MO,0.1,SDS2_MAIN9,SD-S2,MAIN9,SDS2_MAIN9:M0,M0_nominal,M0_nominal,entry,True,,,optimal,,main_reference_plan_domain,cp_upper,0.8076,0.8076,0.8140670022100215,False,False,16,1,1,0.8076,0.8140670022100215,,minimum attainable main-event rate_upper over the declared grid (descriptive; its cost is not a comparable cost),1024,optimal,0.0,0.0,0.0056,0.0056,0.00699115107361816,"diagnostic frontier point (training scenarios only); not a method, never a member"
0,SD-12MO,0.1,SDS2_MAIN9,SD-S2,MAIN9,"SDS2_MAIN9:M1[relative,apply_to_dm=False]@alpha=0.1",M1_safety_margin,M1_safety_margin[apply_to_dm=False],sensitivity_line,True,selected,k=0.075,optimal,,main_reference_plan_domain,cp_upper,0.073,0.073,0.077421646593483,True,False,16,5,4,0.073,0.077421646593483,k=0.075,minimum attainable main-event rate_upper over the declared grid (descriptive; its cost is not a comparable cost),1024,optimal,0.0,0.0,0.0056,0.0056,0.00699115107361816,"diagnostic frontier point (training scenarios only); not a method, never a member"
0,SD-12MO,0.1,SDS2_MAIN9,SD-S2,MAIN9,"SDS2_MAIN9:M1[relative,apply_to_dm=True]@alpha=0.1",M1_safety_margin,M1_safety_margin[apply_to_dm=True],entry,False,not_met,,,"no value of the declared grid met the validation screen (candidate statuses: optimal, proven_infeasible); a grid without a solution is not a statement about the whole decision space",main_reference_plan_domain,cp_upper,,,,,False,16,5,2,0.3675,0.3755080615586556,k=0.025,minimum attainable main-event rate_upper over the declared grid (descriptive; its cost is not a comparable cost),1024,optimal,0.0,0.0,0.0056,0.0056,0.00699115107361816,"diagnostic frontier point (training scenarios only); not a method, never a member"
0,SD-12MO,0.1,SDS2_MAIN9,SD-S2,MAIN9,SDS2_MAIN9:M2[N=1024]@alpha=0.1,M2_joint_chance_saa,M2_joint_chance_saa[N=1024],entry,True,selected,alpha_train=0.075,feasible_time_limit,,main_reference_plan_domain,cp_upper,0.0542,0.0542,0.05807141489722432,True,True,16,4,4,0.0236,0.02625228259981584,alpha_train=0.025,minimum attainable main-event rate_upper over the declared grid (descriptive; its cost is not a comparable cost),1024,optimal,0.0,0.0,0.0056,0.0056,0.00699115107361816,"diagnostic frontier point (training scenarios only); not a method, never a member"
0,SD-12MO,0.1,SDS2_MAIN9,SD-S2,MAIN9,SDS2_MAIN9:M2[N=128]@alpha=0.1,M2_joint_chance_saa,M2_joint_chance_saa[N=128],entry,True,selected,alpha_train=0.025,optimal,,main_reference_plan_domain,cp_upper,0.0439,0.0439,0.047419686844817156,True,True,16,4,4,0.0439,0.047419686844817156,alpha_train=0.025,minimum attainable main-event rate_upper over the declared grid (descriptive; its cost is not a comparable cost),128,optimal,0.0,0.0,0.06,0.06,0.0640521761141087,"diagnostic frontier point (training scenarios only); not a method, never a member"
0,SD-12MO,0.1,SDS2_MAIN9,SD-S2,MAIN9,SDS2_MAIN9:M2[N=512]@alpha=0.1,M2_joint_chance_saa,M2_joint_chance_saa[N=512],entry,True,selected,alpha_train=0.075,feasible_time_limit,,main_reference_plan_domain,cp_upper,0.0599,0.0599,0.06394915114449017,True,True,16,4,4,0.0271,0.029925185179415472,alpha_train=0.025,minimum attainable main-event rate_upper over the declared grid (descriptive; its cost is not a comparable cost),512,optimal,0.0,0.0,0.007,0.007,0.008533874102002235,"diagnostic frontier point (training scenarios only); not a method, never a member"
0,SD-12MO,0.1,SDS2_MAIN9,SD-S2,MAIN9,SDS2_MAIN9:M3a[factory box]@alpha=0.1,M3a_box_robust,M3a_box_robust,entry,True,selected,k_box=1.5,optimal,,main_reference_plan_domain,cp_upper,0.0162,0.0162,0.018434426987497563,True,True,16,5,3,0.0162,0.018434426987497563,k_box=1.5,minimum attainable main-event rate_upper over the declared grid (descriptive; its cost is not a comparable cost),1024,optimal,0.0,0.0,0.0056,0.0056,0.00699115107361816,"diagnostic frontier point (training scenarios only); not a method, never a member"
0,SD-12MO,0.1,SDS2_MAIN9,SD-S2,MAIN9,"SDS2_MAIN9:M3b[factory box k=1.5, Gamma selected]@alpha=0.1",M3b_budget_robust,M3b_budget_robust,entry,True,selected,gamma=2,optimal,,main_reference_plan_domain,cp_upper,0.0743,0.0743,0.0787562455673937,True,True,16,35,27,0.0053,0.006658299210477352,"gamma=3 {""k_box"": 2.0}",minimum attainable main-event rate_upper over the declared grid (descriptive; its cost is not a comparable cost),1024,optimal,0.0,0.0,0.0056,0.0056,0.00699115107361816,"diagnostic frontier point (training scenarios only); not a method, never a member"
0,SD-12MO,0.1,SDSRC12_MAIN9,SD-SRC12,MAIN9,SDSRC12_MAIN9:M0,M0_nominal,M0_nominal,entry,True,,,optimal,,main_reference_plan_domain,cp_upper,0.8076,0.8076,0.8140670022100215,False,False,16,1,1,0.8076,0.8140670022100215,,minimum attainable main-event rate_upper over the declared grid (descriptive; its cost is not a comparable cost),1024,frontier_no_feasible_solution_found_no_ration,0.0244140625,0.0244140625,,,,
0,SD-12MO,0.1,SDSRC12_MAIN9,SD-SRC12,MAIN9,"SDSRC12_MAIN9:M1[relative,apply_to_dm=False]@alpha=0.1",M1_safety_margin,M1_safety_margin[apply_to_dm=False],sensitivity_line,False,not_met,,,"no value of the declared grid met the validation screen (candidate statuses: optimal, proven_infeasible); a grid without a solution is not a statement about the whole decision space",main_reference_plan_domain,cp_upper,,,,,False,16,5,4,0.073,0.077421646593483,k=0.075,minimum attainable main-event rate_upper over the declared grid (descriptive; its cost is not a comparable cost),1024,frontier_no_feasible_solution_found_no_ration,0.0244140625,0.0244140625,,,,
0,SD-12MO,0.1,SDSRC12_MAIN9,SD-SRC12,MAIN9,"SDSRC12_MAIN9:M1[relative,apply_to_dm=True]@alpha=0.1",M1_safety_margin,M1_safety_margin[apply_to_dm=True],entry,False,not_met,,,"no value of the declared grid met the validation screen (candidate statuses: optimal, proven_infeasible); a grid without a solution is not a statement about the whole decision space",main_reference_plan_domain,cp_upper,,,,,False,16,5,2,0.3675,0.3755080615586556,k=0.025,minimum attainable main-event rate_upper over the declared grid (descriptive; its cost is not a comparable cost),1024,frontier_no_feasible_solution_found_no_ration,0.0244140625,0.0244140625,,,,
0,SD-12MO,0.1,SDSRC12_MAIN9,SD-SRC12,MAIN9,SDSRC12_MAIN9:M2[N=1024]@alpha=0.1,M2_joint_chance_saa,M2_joint_chance_saa[N=1024],entry,True,selected,alpha_train=0.075,feasible_time_limit,,main_reference_plan_domain,cp_upper,0.0015,0.0015,0.002308777804199719,True,True,16,4,3,0.0015,0.002308777804199719,alpha_train=0.075,minimum attainable main-event rate_upper over the declared grid (descriptive; its cost is not a comparable cost),1024,frontier_no_feasible_solution_found_no_ration,0.0244140625,0.0244140625,,,,
0,SD-12MO,0.1,SDSRC12_MAIN9,SD-SRC12,MAIN9,SDSRC12_MAIN9:M2[N=128]@alpha=0.1,M2_joint_chance_saa,M2_joint_chance_saa[N=128],entry,False,not_met,,,no value of the declared grid met the validation screen (candidate statuses: optimal); a grid without a solution is not a statement about the whole decision space,main_reference_plan_domain,cp_upper,,,,,False,16,4,4,0.0022,0.0031400019060426844,alpha_train=0.05,minimum attainable main-event rate_upper over the declared grid (descriptive; its cost is not a comparable cost),128,optimal,0.0078125,0.0078125,0.0014,0.0014,0.0021877855042221226,"diagnostic frontier point (training scenarios only); not a method, never a member"
0,SD-12MO,0.1,SDSRC12_MAIN9,SD-SRC12,MAIN9,SDSRC12_MAIN9:M2[N=512]@alpha=0.1,M2_joint_chance_saa,M2_joint_chance_saa[N=512],entry,True,selected,alpha_train=0.05,optimal,,main_reference_plan_domain,cp_upper,0.0022,0.0022,0.0031400019060426844,True,True,16,4,3,0.0022,0.0031400019060426844,alpha_train=0.05,minimum attainable main-event rate_upper over the declared grid (descriptive; its cost is not a comparable cost),512,optimal,0.025390625,0.025390625,0.0009,0.0009,0.0015699951188064335,"diagnostic frontier point (training scenarios only); not a method, never a member"
0,SD-12MO,0.1,SDSRC12_MAIN9,SD-SRC12,MAIN9,SDSRC12_MAIN9:M3a[factory box]@alpha=0.1,M3a_box_robust,M3a_box_robust,entry,False,not_met,,,no value of the declared grid met the validation screen (candidate statuses: proven_infeasible); a grid without a solution is not a statement about the whole decision space,main_reference_plan_domain,cp_upper,,,,,False,16,5,0,,,,no scored grid candidate with a ration (not a whole-space statement),1024,frontier_no_feasible_solution_found_no_ration,0.0244140625,0.0244140625,,,,
0,SD-12MO,0.1,SDSRC12_MAIN9,SD-SRC12,MAIN9,SDSRC12_MAIN9:M3b[factory box]@alpha=0.1,M3b_budget_robust,M3b_budget_robust,entry,False,not_met,,,"no value of the declared grid met the validation screen (candidate statuses: optimal, proven_infeasible); a grid without a solution is not a statement about the whole decision space",main_reference_plan_domain,cp_upper,,,,,False,16,35,11,0.0031,0.004181495101715713,"gamma=4 {""k_box"": 1.0}",minimum attainable main-event rate_upper over the declared grid (descriptive; its cost is not a comparable cost),1024,frontier_no_feasible_solution_found_no_ration,0.0244140625,0.0244140625,,,,
0,SD-12MO,0.1,SDSRC14_MAIN9,SD-SRC14,MAIN9,SDSRC14_MAIN9:M0,M0_nominal,M0_nominal,entry,True,,,optimal,,main_reference_plan_domain,cp_upper,0.8076,0.8076,0.8140670022100215,False,False,16,1,1,0.8076,0.8140670022100215,,minimum attainable main-event rate_upper over the declared grid (descriptive; its cost is not a comparable cost),1024,optimal,0.0,0.0,0.0094,0.0094,0.01114818785667052,"diagnostic frontier point (training scenarios only); not a method, never a member"
0,SD-12MO,0.1,SDSRC14_MAIN9,SD-SRC14,MAIN9,"SDSRC14_MAIN9:M1[relative,apply_to_dm=False]@alpha=0.1",M1_safety_margin,M1_safety_margin[apply_to_dm=False],sensitivity_line,False,not_met,,,"no value of the declared grid met the validation screen (candidate statuses: optimal, proven_infeasible); a grid without a solution is not a statement about the whole decision space",main_reference_plan_domain,cp_upper,,,,,False,16,5,4,0.073,0.077421646593483,k=0.075,minimum attainable main-event rate_upper over the declared grid (descriptive; its cost is not a comparable cost),1024,optimal,0.0,0.0,0.0094,0.0094,0.01114818785667052,"diagnostic frontier point (training scenarios only); not a method, never a member"
0,SD-12MO,0.1,SDSRC14_MAIN9,SD-SRC14,MAIN9,"SDSRC14_MAIN9:M1[relative,apply_to_dm=True]@alpha=0.1",M1_safety_margin,M1_safety_margin[apply_to_dm=True],entry,False,not_met,,,"no value of the declared grid met the validation screen (candidate statuses: optimal, proven_infeasible); a grid without a solution is not a statement about the whole decision space",main_reference_plan_domain,cp_upper,,,,,False,16,5,2,0.3675,0.3755080615586556,k=0.025,minimum attainable main-event rate_upper over the declared grid (descriptive; its cost is not a comparable cost),1024,optimal,0.0,0.0,0.0094,0.0094,0.01114818785667052,"diagnostic frontier point (training scenarios only); not a method, never a member"
0,SD-12MO,0.1,SDSRC14_MAIN9,SD-SRC14,MAIN9,SDSRC14_MAIN9:M2[N=1024]@alpha=0.1,M2_joint_chance_saa,M2_joint_chance_saa[N=1024],entry,True,selected,alpha_train=0.075,feasible_time_limit,,main_reference_plan_domain,cp_upper,0.0021,0.0021,0.003022646902952879,True,True,16,4,4,0.0021,0.003022646902952879,alpha_train=0.075,minimum attainable main-event rate_upper over the declared grid (descriptive; its cost is not a comparable cost),1024,optimal,0.0,0.0,0.0094,0.0094,0.01114818785667052,"diagnostic frontier point (training scenarios only); not a method, never a member"
0,SD-12MO,0.1,SDSRC14_MAIN9,SD-SRC14,MAIN9,SDSRC14_MAIN9:M2[N=128]@alpha=0.1,M2_joint_chance_saa,M2_joint_chance_saa[N=128],entry,True,selected,alpha_train=0.025,optimal,,main_reference_plan_domain,cp_upper,0.0072,0.0072,0.008753037938647724,True,True,16,4,4,0.0072,0.008753037938647724,alpha_train=0.025,minimum attainable main-event rate_upper over the declared grid (descriptive; its cost is not a comparable cost),128,optimal,0.0,0.0,0.0044,0.0044,0.005653704951913849,"diagnostic frontier point (training scenarios only); not a method, never a member"
0,SD-12MO,0.1,SDSRC14_MAIN9,SD-SRC14,MAIN9,SDSRC14_MAIN9:M2[N=512]@alpha=0.1,M2_joint_chance_saa,M2_joint_chance_saa[N=512],entry,True,selected,alpha_train=0.05,feasible_time_limit,,main_reference_plan_domain,cp_upper,0.0028,0.0028,0.0038368954483227035,True,True,16,4,4,0.0023,0.003256976390880396,alpha_train=0.075,minimum attainable main-event rate_upper over the declared grid (descriptive; its cost is not a comparable cost),512,optimal,0.0,0.0,0.0056,0.0056,0.00699115107361816,"diagnostic frontier point (training scenarios only); not a method, never a member"
0,SD-12MO,0.1,SDSRC14_MAIN9,SD-SRC14,MAIN9,SDSRC14_MAIN9:M3a[factory box]@alpha=0.1,M3a_box_robust,M3a_box_robust,entry,True,selected,k_box=1.0,optimal,,main_reference_plan_domain,cp_upper,0.0238,0.0238,0.02646252186192461,True,True,16,5,1,0.0238,0.02646252186192461,k_box=1.0,minimum attainable main-event rate_upper over the declared grid (descriptive; its cost is not a comparable cost),1024,optimal,0.0,0.0,0.0094,0.0094,0.01114818785667052,"diagnostic frontier point (training scenarios only); not a method, never a member"
0,SD-12MO,0.1,SDSRC14_MAIN9,SD-SRC14,MAIN9,"SDSRC14_MAIN9:M3b[factory box k=1, Gamma selected]@alpha=0.1",M3b_budget_robust,M3b_budget_robust,entry,True,selected,gamma=4,optimal,,main_reference_plan_domain,cp_upper,0.0198,0.0198,0.022248110743996775,True,True,16,35,19,0.0064,0.00787465657842059,"gamma=1 {""k_box"": 2.5}",minimum attainable main-event rate_upper over the declared grid (descriptive; its cost is not a comparable cost),1024,optimal,0.0,0.0,0.0094,0.0094,0.01114818785667052,"diagnostic frontier point (training scenarios only); not a method, never a member"
0,SD-12MO,0.01,SD12MO_MAIN9,SD-12MO,MAIN9,SD12MO_MAIN9:M0,M0_nominal,M0_nominal,entry,True,,,optimal,,main_reference_plan_domain,cp_upper,0.8076,0.8076,0.8140670022100215,False,False,1,1,1,0.8076,0.8140670022100215,,minimum attainable main-event rate_upper over the declared grid (descriptive; its cost is not a comparable cost),1024,optimal,0.0,0.0,0.0061,0.0061,0.007543994794539046,"diagnostic frontier point (training scenarios only); not a method, never a member"
0,SD-12MO,0.01,SD12MO_MAIN9,SD-12MO,MAIN9,"SD12MO_MAIN9:M1[relative,apply_to_dm=False]@alpha=0.01",M1_safety_margin,M1_safety_margin[apply_to_dm=False],sensitivity_line,False,not_met,,,"no value of the declared grid met the validation screen (candidate statuses: optimal, proven_infeasible); a grid without a solution is not a statement about the whole decision space",main_reference_plan_domain,cp_upper,,,,,False,1,5,4,0.073,0.077421646593483,k=0.075,minimum attainable main-event rate_upper over the declared grid (descriptive; its cost is not a comparable cost),1024,optimal,0.0,0.0,0.0061,0.0061,0.007543994794539046,"diagnostic frontier point (training scenarios only); not a method, never a member"
0,SD-12MO,0.01,SD12MO_MAIN9,SD-12MO,MAIN9,"SD12MO_MAIN9:M1[relative,apply_to_dm=True]@alpha=0.01",M1_safety_margin,M1_safety_margin[apply_to_dm=True],entry,False,not_met,,,"no value of the declared grid met the validation screen (candidate statuses: optimal, proven_infeasible); a grid without a solution is not a statement about the whole decision space",main_reference_plan_domain,cp_upper,,,,,False,1,5,2,0.3675,0.3755080615586556,k=0.025,minimum attainable main-event rate_upper over the declared grid (descriptive; its cost is not a comparable cost),1024,optimal,0.0,0.0,0.0061,0.0061,0.007543994794539046,"diagnostic frontier point (training scenarios only); not a method, never a member"
0,SD-12MO,0.01,SD12MO_MAIN9,SD-12MO,MAIN9,SD12MO_MAIN9:M2[N=1024]@alpha=0.01,M2_joint_chance_saa,M2_joint_chance_saa[N=1024],entry,False,not_met,,,no value of the declared grid met the validation screen (candidate statuses: optimal); a grid without a solution is not a statement about the whole decision space,main_reference_plan_domain,cp_upper,,,,,False,1,4,4,0.0057,0.0071019041630878505,alpha_train=0.0025,minimum attainable main-event rate_upper over the declared grid (descriptive; its cost is not a comparable cost),1024,optimal,0.0,0.0,0.0061,0.0061,0.007543994794539046,"diagnostic frontier point (training scenarios only); not a method, never a member"
0,SD-12MO,0.01,SD12MO_MAIN9,SD-12MO,MAIN9,SD12MO_MAIN9:M2[N=128]@alpha=0.01,M2_joint_chance_saa,M2_joint_chance_saa[N=128],entry,False,not_met,,,no value of the declared grid met the validation screen (candidate statuses: optimal); a grid without a solution is not a statement about the whole decision space,main_reference_plan_domain,cp_upper,,,,,False,1,4,4,0.0212,0.0237255843508151,alpha_train=0.0075,minimum attainable main-event rate_upper over the declared grid (descriptive; its cost is not a comparable cost),128,optimal,0.0,0.0,0.0212,0.0212,0.0237255843508151,"diagnostic frontier point (training scenarios only); not a method, never a member"
0,SD-12MO,0.01,SD12MO_MAIN9,SD-12MO,MAIN9,SD12MO_MAIN9:M2[N=512]@alpha=0.01,M2_joint_chance_saa,M2_joint_chance_saa[N=512],entry,False,not_met,,,no value of the declared grid met the validation screen (candidate statuses: optimal); a grid without a solution is not a statement about the whole decision space,main_reference_plan_domain,cp_upper,,,,,False,1,4,4,0.0062,0.007654298246644336,alpha_train=0.005,minimum attainable main-event rate_upper over the declared grid (descriptive; its cost is not a comparable cost),512,optimal,0.0,0.0,0.0068,0.0068,0.008314430880455064,"diagnostic frontier point (training scenarios only); not a method, never a member"
0,SD-12MO,0.01,SD12MO_MAIN9,SD-12MO,MAIN9,SD12MO_MAIN9:M3a[factory box]@alpha=0.01,M3a_box_robust,M3a_box_robust,entry,False,not_met,,,"no value of the declared grid met the validation screen (candidate statuses: optimal, proven_infeasible); a grid without a solution is not a statement about the whole decision space",main_reference_plan_domain,cp_upper,,,,,False,1,5,1,0.2079,0.21468745414989496,k_box=1.0,minimum attainable main-event rate_upper over the declared grid (descriptive; its cost is not a comparable cost),1024,optimal,0.0,0.0,0.0061,0.0061,0.007543994794539046,"diagnostic frontier point (training scenarios only); not a method, never a member"
0,SD-12MO,0.01,SD12MO_MAIN9,SD-12MO,MAIN9,SD12MO_MAIN9:M3b[factory box]@alpha=0.01,M3b_budget_robust,M3b_budget_robust,entry,False,not_met,,,no value of the declared grid met the validation screen (candidate statuses: optimal); a grid without a solution is not a statement about the whole decision space,main_reference_plan_domain,cp_upper,,,,,False,1,35,18,0.0132,0.015236376857479597,"gamma=1 {""k_box"": 3.0}",minimum attainable main-event rate_upper over the declared grid (descriptive; its cost is not a comparable cost),1024,optimal,0.0,0.0,0.0061,0.0061,0.007543994794539046,"diagnostic frontier point (training scenarios only); not a method, never a member"
0,SD-12MO,0.01,SDH0_MAIN9,SD-H0,MAIN9,SDH0_MAIN9:M0,M0_nominal,M0_nominal,entry,True,,,optimal,,main_reference_plan_domain,cp_upper,0.8076,0.8076,0.8140670022100215,False,False,1,1,1,0.8076,0.8140670022100215,,minimum attainable main-event rate_upper over the declared grid (descriptive; its cost is not a comparable cost),1024,frontier_no_feasible_solution_found_no_ration,0.044921875,0.1435546875,,,,
0,SD-12MO,0.01,SDH0_MAIN9,SD-H0,MAIN9,"SDH0_MAIN9:M1[relative,apply_to_dm=False]@alpha=0.01",M1_safety_margin,M1_safety_margin[apply_to_dm=False],sensitivity_line,False,not_met,,,"no value of the declared grid met the validation screen (candidate statuses: optimal, proven_infeasible); a grid without a solution is not a statement about the whole decision space",main_reference_plan_domain,cp_upper,,,,,False,1,5,4,0.073,0.077421646593483,k=0.075,minimum attainable main-event rate_upper over the declared grid (descriptive; its cost is not a comparable cost),1024,frontier_no_feasible_solution_found_no_ration,0.044921875,0.1435546875,,,,
0,SD-12MO,0.01,SDH0_MAIN9,SD-H0,MAIN9,"SDH0_MAIN9:M1[relative,apply_to_dm=True]@alpha=0.01",M1_safety_margin,M1_safety_margin[apply_to_dm=True],entry,False,not_met,,,"no value of the declared grid met the validation screen (candidate statuses: optimal, proven_infeasible); a grid without a solution is not a statement about the whole decision space",main_reference_plan_domain,cp_upper,,,,,False,1,5,2,0.3675,0.3755080615586556,k=0.025,minimum attainable main-event rate_upper over the declared grid (descriptive; its cost is not a comparable cost),1024,frontier_no_feasible_solution_found_no_ration,0.044921875,0.1435546875,,,,
0,SD-12MO,0.01,SDH0_MAIN9,SD-H0,MAIN9,SDH0_MAIN9:M2[N=1024]@alpha=0.01,M2_joint_chance_saa,M2_joint_chance_saa[N=1024],entry,False,not_met,,,"SAA over the N training scenarios proven infeasible for every alpha_train of the declared grid (training scenarios only; not a population, field or whole-space statement)",main_reference_plan_domain,cp_upper,,,,,False,1,4,0,,,,no scored grid candidate with a ration (not a whole-space statement),1024,frontier_no_feasible_solution_found_no_ration,0.044921875,0.1435546875,,,,
0,SD-12MO,0.01,SDH0_MAIN9,SD-H0,MAIN9,SDH0_MAIN9:M2[N=128]@alpha=0.01,M2_joint_chance_saa,M2_joint_chance_saa[N=128],entry,False,not_met,,,"SAA over the N training scenarios proven infeasible for every alpha_train of the declared grid (training scenarios only; not a population, field or whole-space statement)",main_reference_plan_domain,cp_upper,,,,,False,1,4,0,,,,no scored grid candidate with a ration (not a whole-space statement),128,optimal,0.1015625,0.1015625,0.0005,0.0005,0.0010510137186384818,"diagnostic frontier point (training scenarios only); not a method, never a member"
0,SD-12MO,0.01,SDH0_MAIN9,SD-H0,MAIN9,SDH0_MAIN9:M2[N=512]@alpha=0.01,M2_joint_chance_saa,M2_joint_chance_saa[N=512],entry,False,not_met,,,"SAA over the N training scenarios proven infeasible for every alpha_train of the declared grid (training scenarios only; not a population, field or whole-space statement)",main_reference_plan_domain,cp_upper,,,,,False,1,4,0,,,,no scored grid candidate with a ration (not a whole-space statement),512,frontier_no_feasible_solution_found_no_ration,0.04296875,0.126953125,,,,
0,SD-12MO,0.01,SDH0_MAIN9,SD-H0,MAIN9,SDH0_MAIN9:M3a[factory box]@alpha=0.01,M3a_box_robust,M3a_box_robust,entry,False,not_met,,,no value of the declared grid met the validation screen (candidate statuses: proven_infeasible); a grid without a solution is not a statement about the whole decision space,main_reference_plan_domain,cp_upper,,,,,False,1,5,0,,,,no scored grid candidate with a ration (not a whole-space statement),1024,frontier_no_feasible_solution_found_no_ration,0.044921875,0.1435546875,,,,
0,SD-12MO,0.01,SDH0_MAIN9,SD-H0,MAIN9,SDH0_MAIN9:M3b[factory box]@alpha=0.01,M3b_budget_robust,M3b_budget_robust,entry,False,not_met,,,"no value of the declared grid met the validation screen (candidate statuses: optimal, proven_infeasible); a grid without a solution is not a statement about the whole decision space",main_reference_plan_domain,cp_upper,,,,,False,1,35,7,0.0096,0.011364710187575237,"gamma=1 {""k_box"": 1.5}",minimum attainable main-event rate_upper over the declared grid (descriptive; its cost is not a comparable cost),1024,frontier_no_feasible_solution_found_no_ration,0.044921875,0.1435546875,,,,
0,SD-12MO,0.01,SDS2_MAIN9,SD-S2,MAIN9,SDS2_MAIN9:M0,M0_nominal,M0_nominal,entry,True,,,optimal,,main_reference_plan_domain,cp_upper,0.8076,0.8076,0.8140670022100215,False,False,1,1,1,0.8076,0.8140670022100215,,minimum attainable main-event rate_upper over the declared grid (descriptive; its cost is not a comparable cost),1024,optimal,0.0,0.0,0.0056,0.0056,0.00699115107361816,"diagnostic frontier point (training scenarios only); not a method, never a member"
0,SD-12MO,0.01,SDS2_MAIN9,SD-S2,MAIN9,"SDS2_MAIN9:M1[relative,apply_to_dm=False]@alpha=0.01",M1_safety_margin,M1_safety_margin[apply_to_dm=False],sensitivity_line,True,selected,k=0.075,optimal,,main_reference_plan_domain,cp_upper,0.073,0.073,0.077421646593483,False,False,1,5,4,0.073,0.077421646593483,k=0.075,minimum attainable main-event rate_upper over the declared grid (descriptive; its cost is not a comparable cost),1024,optimal,0.0,0.0,0.0056,0.0056,0.00699115107361816,"diagnostic frontier point (training scenarios only); not a method, never a member"
0,SD-12MO,0.01,SDS2_MAIN9,SD-S2,MAIN9,"SDS2_MAIN9:M1[relative,apply_to_dm=True]@alpha=0.01",M1_safety_margin,M1_safety_margin[apply_to_dm=True],entry,False,not_met,,,"no value of the declared grid met the validation screen (candidate statuses: optimal, proven_infeasible); a grid without a solution is not a statement about the whole decision space",main_reference_plan_domain,cp_upper,,,,,False,1,5,2,0.3675,0.3755080615586556,k=0.025,minimum attainable main-event rate_upper over the declared grid (descriptive; its cost is not a comparable cost),1024,optimal,0.0,0.0,0.0056,0.0056,0.00699115107361816,"diagnostic frontier point (training scenarios only); not a method, never a member"
0,SD-12MO,0.01,SDS2_MAIN9,SD-S2,MAIN9,SDS2_MAIN9:M2[N=1024]@alpha=0.01,M2_joint_chance_saa,M2_joint_chance_saa[N=1024],entry,False,not_met,,,no value of the declared grid met the validation screen (candidate statuses: optimal); a grid without a solution is not a statement about the whole decision space,main_reference_plan_domain,cp_upper,,,,,False,1,4,4,0.0058,0.0072125627397637134,alpha_train=0.0075,minimum attainable main-event rate_upper over the declared grid (descriptive; its cost is not a comparable cost),1024,optimal,0.0,0.0,0.0056,0.0056,0.00699115107361816,"diagnostic frontier point (training scenarios only); not a method, never a member"
0,SD-12MO,0.01,SDS2_MAIN9,SD-S2,MAIN9,SDS2_MAIN9:M2[N=128]@alpha=0.01,M2_joint_chance_saa,M2_joint_chance_saa[N=128],entry,False,not_met,,,no value of the declared grid met the validation screen (candidate statuses: optimal); a grid without a solution is not a statement about the whole decision space,main_reference_plan_domain,cp_upper,,,,,False,1,4,4,0.0385,0.041815922260737076,alpha_train=0.01,minimum attainable main-event rate_upper over the declared grid (descriptive; its cost is not a comparable cost),128,optimal,0.0,0.0,0.06,0.06,0.0640521761141087,"diagnostic frontier point (training scenarios only); not a method, never a member"
0,SD-12MO,0.01,SDS2_MAIN9,SD-S2,MAIN9,SDS2_MAIN9:M2[N=512]@alpha=0.01,M2_joint_chance_saa,M2_joint_chance_saa[N=512],entry,True,selected,alpha_train=0.0025,optimal,,main_reference_plan_domain,cp_upper,0.0069,0.0069,0.008424188156133591,True,True,1,4,4,0.0069,0.008424188156133591,alpha_train=0.005,minimum attainable main-event rate_upper over the declared grid (descriptive; its cost is not a comparable cost),512,optimal,0.0,0.0,0.007,0.007,0.008533874102002235,"diagnostic frontier point (training scenarios only); not a method, never a member"
0,SD-12MO,0.01,SDS2_MAIN9,SD-S2,MAIN9,SDS2_MAIN9:M3a[factory box]@alpha=0.01,M3a_box_robust,M3a_box_robust,entry,True,selected,k_box=1.5,optimal,,main_reference_plan_domain,cp_upper,0.0162,0.0162,0.018434426987497563,False,False,1,5,3,0.0162,0.018434426987497563,k_box=1.5,minimum attainable main-event rate_upper over the declared grid (descriptive; its cost is not a comparable cost),1024,optimal,0.0,0.0,0.0056,0.0056,0.00699115107361816,"diagnostic frontier point (training scenarios only); not a method, never a member"
0,SD-12MO,0.01,SDS2_MAIN9,SD-S2,MAIN9,"SDS2_MAIN9:M3b[factory box k=1.5, Gamma selected]@alpha=0.01",M3b_budget_robust,M3b_budget_robust,entry,True,selected,gamma=4,optimal,,main_reference_plan_domain,cp_upper,0.0177,0.0177,0.020026231565695912,False,False,1,35,27,0.0053,0.006658299210477352,"gamma=3 {""k_box"": 2.0}",minimum attainable main-event rate_upper over the declared grid (descriptive; its cost is not a comparable cost),1024,optimal,0.0,0.0,0.0056,0.0056,0.00699115107361816,"diagnostic frontier point (training scenarios only); not a method, never a member"
0,SD-12MO,0.01,SDSRC12_MAIN9,SD-SRC12,MAIN9,SDSRC12_MAIN9:M0,M0_nominal,M0_nominal,entry,True,,,optimal,,main_reference_plan_domain,cp_upper,0.8076,0.8076,0.8140670022100215,False,False,1,1,1,0.8076,0.8140670022100215,,minimum attainable main-event rate_upper over the declared grid (descriptive; its cost is not a comparable cost),1024,frontier_no_feasible_solution_found_no_ration,0.0244140625,0.0244140625,,,,
0,SD-12MO,0.01,SDSRC12_MAIN9,SD-SRC12,MAIN9,"SDSRC12_MAIN9:M1[relative,apply_to_dm=False]@alpha=0.01",M1_safety_margin,M1_safety_margin[apply_to_dm=False],sensitivity_line,False,not_met,,,"no value of the declared grid met the validation screen (candidate statuses: optimal, proven_infeasible); a grid without a solution is not a statement about the whole decision space",main_reference_plan_domain,cp_upper,,,,,False,1,5,4,0.073,0.077421646593483,k=0.075,minimum attainable main-event rate_upper over the declared grid (descriptive; its cost is not a comparable cost),1024,frontier_no_feasible_solution_found_no_ration,0.0244140625,0.0244140625,,,,
0,SD-12MO,0.01,SDSRC12_MAIN9,SD-SRC12,MAIN9,"SDSRC12_MAIN9:M1[relative,apply_to_dm=True]@alpha=0.01",M1_safety_margin,M1_safety_margin[apply_to_dm=True],entry,False,not_met,,,"no value of the declared grid met the validation screen (candidate statuses: optimal, proven_infeasible); a grid without a solution is not a statement about the whole decision space",main_reference_plan_domain,cp_upper,,,,,False,1,5,2,0.3675,0.3755080615586556,k=0.025,minimum attainable main-event rate_upper over the declared grid (descriptive; its cost is not a comparable cost),1024,frontier_no_feasible_solution_found_no_ration,0.0244140625,0.0244140625,,,,
0,SD-12MO,0.01,SDSRC12_MAIN9,SD-SRC12,MAIN9,SDSRC12_MAIN9:M2[N=1024]@alpha=0.01,M2_joint_chance_saa,M2_joint_chance_saa[N=1024],entry,False,not_met,,,"SAA over the N training scenarios proven infeasible for every alpha_train of the declared grid (training scenarios only; not a population, field or whole-space statement)",main_reference_plan_domain,cp_upper,,,,,False,1,4,0,,,,no scored grid candidate with a ration (not a whole-space statement),1024,frontier_no_feasible_solution_found_no_ration,0.0244140625,0.0244140625,,,,
0,SD-12MO,0.01,SDSRC12_MAIN9,SD-SRC12,MAIN9,SDSRC12_MAIN9:M2[N=128]@alpha=0.01,M2_joint_chance_saa,M2_joint_chance_saa[N=128],entry,False,not_met,,,"no value of the declared grid met the validation screen (candidate statuses: optimal, proven_infeasible); a grid without a solution is not a statement about the whole decision space",main_reference_plan_domain,cp_upper,,,,,False,1,4,1,0.0014,0.0021877855042221226,alpha_train=0.01,minimum attainable main-event rate_upper over the declared grid (descriptive; its cost is not a comparable cost),128,optimal,0.0078125,0.0078125,0.0014,0.0014,0.0021877855042221226,"diagnostic frontier point (training scenarios only); not a method, never a member"
0,SD-12MO,0.01,SDSRC12_MAIN9,SD-SRC12,MAIN9,SDSRC12_MAIN9:M2[N=512]@alpha=0.01,M2_joint_chance_saa,M2_joint_chance_saa[N=512],entry,False,not_met,,,"SAA over the N training scenarios proven infeasible for every alpha_train of the declared grid (training scenarios only; not a population, field or whole-space statement)",main_reference_plan_domain,cp_upper,,,,,False,1,4,0,,,,no scored grid candidate with a ration (not a whole-space statement),512,optimal,0.025390625,0.025390625,0.0009,0.0009,0.0015699951188064335,"diagnostic frontier point (training scenarios only); not a method, never a member"
0,SD-12MO,0.01,SDSRC12_MAIN9,SD-SRC12,MAIN9,SDSRC12_MAIN9:M3a[factory box]@alpha=0.01,M3a_box_robust,M3a_box_robust,entry,False,not_met,,,no value of the declared grid met the validation screen (candidate statuses: proven_infeasible); a grid without a solution is not a statement about the whole decision space,main_reference_plan_domain,cp_upper,,,,,False,1,5,0,,,,no scored grid candidate with a ration (not a whole-space statement),1024,frontier_no_feasible_solution_found_no_ration,0.0244140625,0.0244140625,,,,
0,SD-12MO,0.01,SDSRC12_MAIN9,SD-SRC12,MAIN9,SDSRC12_MAIN9:M3b[factory box]@alpha=0.01,M3b_budget_robust,M3b_budget_robust,entry,False,not_met,,,"no value of the declared grid met the validation screen (candidate statuses: optimal, proven_infeasible); a grid without a solution is not a statement about the whole decision space",main_reference_plan_domain,cp_upper,,,,,False,1,35,11,0.0031,0.004181495101715713,"gamma=4 {""k_box"": 1.0}",minimum attainable main-event rate_upper over the declared grid (descriptive; its cost is not a comparable cost),1024,frontier_no_feasible_solution_found_no_ration,0.0244140625,0.0244140625,,,,
0,SD-12MO,0.01,SDSRC14_MAIN9,SD-SRC14,MAIN9,SDSRC14_MAIN9:M0,M0_nominal,M0_nominal,entry,True,,,optimal,,main_reference_plan_domain,cp_upper,0.8076,0.8076,0.8140670022100215,False,False,1,1,1,0.8076,0.8140670022100215,,minimum attainable main-event rate_upper over the declared grid (descriptive; its cost is not a comparable cost),1024,optimal,0.0,0.0,0.0094,0.0094,0.01114818785667052,"diagnostic frontier point (training scenarios only); not a method, never a member"
0,SD-12MO,0.01,SDSRC14_MAIN9,SD-SRC14,MAIN9,"SDSRC14_MAIN9:M1[relative,apply_to_dm=False]@alpha=0.01",M1_safety_margin,M1_safety_margin[apply_to_dm=False],sensitivity_line,False,not_met,,,"no value of the declared grid met the validation screen (candidate statuses: optimal, proven_infeasible); a grid without a solution is not a statement about the whole decision space",main_reference_plan_domain,cp_upper,,,,,False,1,5,4,0.073,0.077421646593483,k=0.075,minimum attainable main-event rate_upper over the declared grid (descriptive; its cost is not a comparable cost),1024,optimal,0.0,0.0,0.0094,0.0094,0.01114818785667052,"diagnostic frontier point (training scenarios only); not a method, never a member"
0,SD-12MO,0.01,SDSRC14_MAIN9,SD-SRC14,MAIN9,"SDSRC14_MAIN9:M1[relative,apply_to_dm=True]@alpha=0.01",M1_safety_margin,M1_safety_margin[apply_to_dm=True],entry,False,not_met,,,"no value of the declared grid met the validation screen (candidate statuses: optimal, proven_infeasible); a grid without a solution is not a statement about the whole decision space",main_reference_plan_domain,cp_upper,,,,,False,1,5,2,0.3675,0.3755080615586556,k=0.025,minimum attainable main-event rate_upper over the declared grid (descriptive; its cost is not a comparable cost),1024,optimal,0.0,0.0,0.0094,0.0094,0.01114818785667052,"diagnostic frontier point (training scenarios only); not a method, never a member"
0,SD-12MO,0.01,SDSRC14_MAIN9,SD-SRC14,MAIN9,SDSRC14_MAIN9:M2[N=1024]@alpha=0.01,M2_joint_chance_saa,M2_joint_chance_saa[N=1024],entry,False,not_met,,,no value of the declared grid met the validation screen (candidate statuses: optimal); a grid without a solution is not a statement about the whole decision space,main_reference_plan_domain,cp_upper,,,,,False,1,4,4,0.0056,0.00699115107361816,alpha_train=0.0025,minimum attainable main-event rate_upper over the declared grid (descriptive; its cost is not a comparable cost),1024,optimal,0.0,0.0,0.0094,0.0094,0.01114818785667052,"diagnostic frontier point (training scenarios only); not a method, never a member"
0,SD-12MO,0.01,SDSRC14_MAIN9,SD-SRC14,MAIN9,SDSRC14_MAIN9:M2[N=128]@alpha=0.01,M2_joint_chance_saa,M2_joint_chance_saa[N=128],entry,False,not_met,,,no value of the declared grid met the validation screen (candidate statuses: optimal); a grid without a solution is not a statement about the whole decision space,main_reference_plan_domain,cp_upper,,,,,False,1,4,4,0.0044,0.005653704951913849,alpha_train=0.0075,minimum attainable main-event rate_upper over the declared grid (descriptive; its cost is not a comparable cost),128,optimal,0.0,0.0,0.0044,0.0044,0.005653704951913849,"diagnostic frontier point (training scenarios only); not a method, never a member"
0,SD-12MO,0.01,SDSRC14_MAIN9,SD-SRC14,MAIN9,SDSRC14_MAIN9:M2[N=512]@alpha=0.01,M2_joint_chance_saa,M2_joint_chance_saa[N=512],entry,False,not_met,,,no value of the declared grid met the validation screen (candidate statuses: optimal); a grid without a solution is not a statement about the whole decision space,main_reference_plan_domain,cp_upper,,,,,False,1,4,4,0.007,0.008533874102002235,alpha_train=0.0075,minimum attainable main-event rate_upper over the declared grid (descriptive; its cost is not a comparable cost),512,optimal,0.0,0.0,0.0056,0.0056,0.00699115107361816,"diagnostic frontier point (training scenarios only); not a method, never a member"
0,SD-12MO,0.01,SDSRC14_MAIN9,SD-SRC14,MAIN9,SDSRC14_MAIN9:M3a[factory box]@alpha=0.01,M3a_box_robust,M3a_box_robust,entry,False,not_met,,,"no value of the declared grid met the validation screen (candidate statuses: optimal, proven_infeasible); a grid without a solution is not a statement about the whole decision space",main_reference_plan_domain,cp_upper,,,,,False,1,5,1,0.0238,0.02646252186192461,k_box=1.0,minimum attainable main-event rate_upper over the declared grid (descriptive; its cost is not a comparable cost),1024,optimal,0.0,0.0,0.0094,0.0094,0.01114818785667052,"diagnostic frontier point (training scenarios only); not a method, never a member"
0,SD-12MO,0.01,SDSRC14_MAIN9,SD-SRC14,MAIN9,"SDSRC14_MAIN9:M3b[factory box k=1.5, Gamma selected]@alpha=0.01",M3b_budget_robust,M3b_budget_robust,entry,True,selected,gamma=4,optimal,,main_reference_plan_domain,cp_upper,0.0238,0.0238,0.02646252186192461,False,False,1,35,19,0.0064,0.00787465657842059,"gamma=1 {""k_box"": 2.5}",minimum attainable main-event rate_upper over the declared grid (descriptive; its cost is not a comparable cost),1024,optimal,0.0,0.0,0.0094,0.0094,0.01114818785667052,"diagnostic frontier point (training scenarios only); not a method, never a member"
0,SD-SRC12,0.05,SD12MO_MAIN9,SD-12MO,MAIN9,SD12MO_MAIN9:M0,M0_nominal,M0_nominal,entry,True,,,optimal,,main_reference_plan_domain,cp_upper,0.8741,0.8741,0.8795255661302405,False,False,1,1,1,0.8741,0.8795255661302405,,minimum attainable main-event rate_upper over the declared grid (descriptive; its cost is not a comparable cost),1024,optimal,0.0,0.0,0.2923,0.2925,0.3000767055614139,"diagnostic frontier point (training scenarios only); not a method, never a member"
0,SD-SRC12,0.05,SD12MO_MAIN9,SD-12MO,MAIN9,"SD12MO_MAIN9:M1[relative,apply_to_dm=False]@alpha=0.05",M1_safety_margin,M1_safety_margin[apply_to_dm=False],sensitivity_line,False,not_met,,,"no value of the declared grid met the validation screen (candidate statuses: optimal, proven_infeasible); a grid without a solution is not a statement about the whole decision space",main_reference_plan_domain,cp_upper,,,,,False,1,5,4,0.3874,0.3954865271210444,k=0.075,minimum attainable main-event rate_upper over the declared grid (descriptive; its cost is not a comparable cost),1024,optimal,0.0,0.0,0.2923,0.2925,0.3000767055614139,"diagnostic frontier point (training scenarios only); not a method, never a member"
0,SD-SRC12,0.05,SD12MO_MAIN9,SD-12MO,MAIN9,"SD12MO_MAIN9:M1[relative,apply_to_dm=True]@alpha=0.05",M1_safety_margin,M1_safety_margin[apply_to_dm=True],entry,False,not_met,,,"no value of the declared grid met the validation screen (candidate statuses: optimal, proven_infeasible); a grid without a solution is not a statement about the whole decision space",main_reference_plan_domain,cp_upper,,,,,False,1,5,2,0.7361,0.7433481591760914,k=0.025,minimum attainable main-event rate_upper over the declared grid (descriptive; its cost is not a comparable cost),1024,optimal,0.0,0.0,0.2923,0.2925,0.3000767055614139,"diagnostic frontier point (training scenarios only); not a method, never a member"
0,SD-SRC12,0.05,SD12MO_MAIN9,SD-12MO,MAIN9,SD12MO_MAIN9:M2[N=1024]@alpha=0.05,M2_joint_chance_saa,M2_joint_chance_saa[N=1024],entry,True,selected,alpha_train=0.0375,feasible_time_limit,,main_reference_plan_domain,cp_upper,0.4064,0.4066,0.41474887412210076,False,False,1,4,4,0.283,0.29050550557921856,alpha_train=0.0125,minimum attainable main-event rate_upper over the declared grid (descriptive; its cost is not a comparable cost),1024,optimal,0.0,0.0,0.2923,0.2925,0.3000767055614139,"diagnostic frontier point (training scenarios only); not a method, never a member"
0,SD-SRC12,0.05,SD12MO_MAIN9,SD-12MO,MAIN9,SD12MO_MAIN9:M2[N=128]@alpha=0.05,M2_joint_chance_saa,M2_joint_chance_saa[N=128],entry,False,not_met,,,no value of the declared grid met the validation screen (candidate statuses: optimal); a grid without a solution is not a statement about the whole decision space,main_reference_plan_domain,cp_upper,,,,,False,1,4,4,0.3745,0.382537294749276,alpha_train=0.0125,minimum attainable main-event rate_upper over the declared grid (descriptive; its cost is not a comparable cost),128,optimal,0.0,0.0,0.4088,0.409,0.41715576216718203,"diagnostic frontier point (training scenarios only); not a method, never a member"
0,SD-SRC12,0.05,SD12MO_MAIN9,SD-12MO,MAIN9,SD12MO_MAIN9:M2[N=512]@alpha=0.05,M2_joint_chance_saa,M2_joint_chance_saa[N=512],entry,True,selected,alpha_train=0.025,optimal,,main_reference_plan_domain,cp_upper,0.365,0.3652,0.37319806507328046,False,False,1,4,4,0.2857,0.2932261489511351,alpha_train=0.0125,minimum attainable main-event rate_upper over the declared grid (descriptive; its cost is not a comparable cost),512,optimal,0.0,0.0,0.298,0.2982,0.3058175264963381,"diagnostic frontier point (training scenarios only); not a method, never a member"
0,SD-SRC12,0.05,SD12MO_MAIN9,SD-12MO,MAIN9,SD12MO_MAIN9:M3a[factory box]@alpha=0.05,M3a_box_robust,M3a_box_robust,entry,False,not_met,,,"no value of the declared grid met the validation screen (candidate statuses: optimal, proven_infeasible); a grid without a solution is not a statement about the whole decision space",main_reference_plan_domain,cp_upper,,,,,False,1,5,1,0.6977,0.7052608295910678,k_box=1.0,minimum attainable main-event rate_upper over the declared grid (descriptive; its cost is not a comparable cost),1024,optimal,0.0,0.0,0.2923,0.2925,0.3000767055614139,"diagnostic frontier point (training scenarios only); not a method, never a member"
0,SD-SRC12,0.05,SD12MO_MAIN9,SD-12MO,MAIN9,"SD12MO_MAIN9:M3b[factory box k=3, Gamma selected]@alpha=0.05",M3b_budget_robust,M3b_budget_robust,entry,True,selected,gamma=1,optimal,,main_reference_plan_domain,cp_upper,0.3119,0.3121,0.3198112677662393,False,False,1,35,18,0.2588,0.26610548384005905,"gamma=4 {""k_box"": 1.5}",minimum attainable main-event rate_upper over the declared grid (descriptive; its cost is not a comparable cost),1024,optimal,0.0,0.0,0.2923,0.2925,0.3000767055614139,"diagnostic frontier point (training scenarios only); not a method, never a member"
0,SD-SRC12,0.05,SDH0_MAIN9,SD-H0,MAIN9,SDH0_MAIN9:M0,M0_nominal,M0_nominal,entry,True,,,optimal,,main_reference_plan_domain,cp_upper,0.8741,0.8741,0.8795255661302405,False,False,1,1,1,0.8741,0.8795255661302405,,minimum attainable main-event rate_upper over the declared grid (descriptive; its cost is not a comparable cost),1024,frontier_no_feasible_solution_found_no_ration,0.044921875,0.1435546875,,,,
0,SD-SRC12,0.05,SDH0_MAIN9,SD-H0,MAIN9,"SDH0_MAIN9:M1[relative,apply_to_dm=False]@alpha=0.05",M1_safety_margin,M1_safety_margin[apply_to_dm=False],sensitivity_line,False,not_met,,,"no value of the declared grid met the validation screen (candidate statuses: optimal, proven_infeasible); a grid without a solution is not a statement about the whole decision space",main_reference_plan_domain,cp_upper,,,,,False,1,5,4,0.3874,0.3954865271210444,k=0.075,minimum attainable main-event rate_upper over the declared grid (descriptive; its cost is not a comparable cost),1024,frontier_no_feasible_solution_found_no_ration,0.044921875,0.1435546875,,,,
0,SD-SRC12,0.05,SDH0_MAIN9,SD-H0,MAIN9,"SDH0_MAIN9:M1[relative,apply_to_dm=True]@alpha=0.05",M1_safety_margin,M1_safety_margin[apply_to_dm=True],entry,False,not_met,,,"no value of the declared grid met the validation screen (candidate statuses: optimal, proven_infeasible); a grid without a solution is not a statement about the whole decision space",main_reference_plan_domain,cp_upper,,,,,False,1,5,2,0.7361,0.7433481591760914,k=0.025,minimum attainable main-event rate_upper over the declared grid (descriptive; its cost is not a comparable cost),1024,frontier_no_feasible_solution_found_no_ration,0.044921875,0.1435546875,,,,
0,SD-SRC12,0.05,SDH0_MAIN9,SD-H0,MAIN9,SDH0_MAIN9:M2[N=1024]@alpha=0.05,M2_joint_chance_saa,M2_joint_chance_saa[N=1024],entry,False,not_met,,,"SAA over the N training scenarios proven infeasible for every alpha_train of the declared grid (training scenarios only; not a population, field or whole-space statement)",main_reference_plan_domain,cp_upper,,,,,False,1,4,0,,,,no scored grid candidate with a ration (not a whole-space statement),1024,frontier_no_feasible_solution_found_no_ration,0.044921875,0.1435546875,,,,
0,SD-SRC12,0.05,SDH0_MAIN9,SD-H0,MAIN9,SDH0_MAIN9:M2[N=128]@alpha=0.05,M2_joint_chance_saa,M2_joint_chance_saa[N=128],entry,False,not_met,,,"SAA over the N training scenarios proven infeasible for every alpha_train of the declared grid (training scenarios only; not a population, field or whole-space statement)",main_reference_plan_domain,cp_upper,,,,,False,1,4,0,,,,no scored grid candidate with a ration (not a whole-space statement),128,optimal,0.1015625,0.1015625,0.0996,0.0998,0.10486677278962013,"diagnostic frontier point (training scenarios only); not a method, never a member"
0,SD-SRC12,0.05,SDH0_MAIN9,SD-H0,MAIN9,SDH0_MAIN9:M2[N=512]@alpha=0.05,M2_joint_chance_saa,M2_joint_chance_saa[N=512],entry,False,not_met,,,"SAA over the N training scenarios proven infeasible for every alpha_train of the declared grid (training scenarios only; not a population, field or whole-space statement)",main_reference_plan_domain,cp_upper,,,,,False,1,4,0,,,,no scored grid candidate with a ration (not a whole-space statement),512,frontier_no_feasible_solution_found_no_ration,0.04296875,0.126953125,,,,
0,SD-SRC12,0.05,SDH0_MAIN9,SD-H0,MAIN9,SDH0_MAIN9:M3a[factory box]@alpha=0.05,M3a_box_robust,M3a_box_robust,entry,False,not_met,,,no value of the declared grid met the validation screen (candidate statuses: proven_infeasible); a grid without a solution is not a statement about the whole decision space,main_reference_plan_domain,cp_upper,,,,,False,1,5,0,,,,no scored grid candidate with a ration (not a whole-space statement),1024,frontier_no_feasible_solution_found_no_ration,0.044921875,0.1435546875,,,,
0,SD-SRC12,0.05,SDH0_MAIN9,SD-H0,MAIN9,SDH0_MAIN9:M3b[factory box]@alpha=0.05,M3b_budget_robust,M3b_budget_robust,entry,False,not_met,,,"no value of the declared grid met the validation screen (candidate statuses: optimal, proven_infeasible); a grid without a solution is not a statement about the whole decision space",main_reference_plan_domain,cp_upper,,,,,False,1,35,7,0.3156,0.3233336015399866,"gamma=1 {""k_box"": 1.5}",minimum attainable main-event rate_upper over the declared grid (descriptive; its cost is not a comparable cost),1024,frontier_no_feasible_solution_found_no_ration,0.044921875,0.1435546875,,,,
0,SD-SRC12,0.05,SDS2_MAIN9,SD-S2,MAIN9,SDS2_MAIN9:M0,M0_nominal,M0_nominal,entry,True,,,optimal,,main_reference_plan_domain,cp_upper,0.8741,0.8741,0.8795255661302405,False,False,1,1,1,0.8741,0.8795255661302405,,minimum attainable main-event rate_upper over the declared grid (descriptive; its cost is not a comparable cost),1024,optimal,0.0,0.0,0.2658,0.266,0.2733678779754028,"diagnostic frontier point (training scenarios only); not a method, never a member"
0,SD-SRC12,0.05,SDS2_MAIN9,SD-S2,MAIN9,"SDS2_MAIN9:M1[relative,apply_to_dm=False]@alpha=0.05",M1_safety_margin,M1_safety_margin[apply_to_dm=False],sensitivity_line,True,selected,k=0.075,optimal,,main_reference_plan_domain,cp_upper,0.3872,0.3874,0.3954865271210444,False,False,1,5,4,0.3874,0.3954865271210444,k=0.075,minimum attainable main-event rate_upper over the declared grid (descriptive; its cost is not a comparable cost),1024,optimal,0.0,0.0,0.2658,0.266,0.2733678779754028,"diagnostic frontier point (training scenarios only); not a method, never a member"
0,SD-SRC12,0.05,SDS2_MAIN9,SD-S2,MAIN9,"SDS2_MAIN9:M1[relative,apply_to_dm=True]@alpha=0.05",M1_safety_margin,M1_safety_margin[apply_to_dm=True],entry,False,not_met,,,"no value of the declared grid met the validation screen (candidate statuses: optimal, proven_infeasible); a grid without a solution is not a statement about the whole decision space",main_reference_plan_domain,cp_upper,,,,,False,1,5,2,0.7361,0.7433481591760914,k=0.025,minimum attainable main-event rate_upper over the declared grid (descriptive; its cost is not a comparable cost),1024,optimal,0.0,0.0,0.2658,0.266,0.2733678779754028,"diagnostic frontier point (training scenarios only); not a method, never a member"
0,SD-SRC12,0.05,SDS2_MAIN9,SD-S2,MAIN9,SDS2_MAIN9:M2[N=1024]@alpha=0.05,M2_joint_chance_saa,M2_joint_chance_saa[N=1024],entry,True,selected,alpha_train=0.0375,feasible_time_limit,,main_reference_plan_domain,cp_upper,0.3503,0.3505,0.3584295382547974,False,False,1,4,4,0.2913,0.2988679317146104,alpha_train=0.0125,minimum attainable main-event rate_upper over the declared grid (descriptive; its cost is not a comparable cost),1024,optimal,0.0,0.0,0.2658,0.266,0.2733678779754028,"diagnostic frontier point (training scenarios only); not a method, never a member"
0,SD-SRC12,0.05,SDS2_MAIN9,SD-S2,MAIN9,SDS2_MAIN9:M2[N=128]@alpha=0.05,M2_joint_chance_saa,M2_joint_chance_saa[N=128],entry,True,selected,alpha_train=0.0125,optimal,,main_reference_plan_domain,cp_upper,0.3826,0.3828,0.3908696560618668,False,False,1,4,4,0.3828,0.3908696560618668,alpha_train=0.0125,minimum attainable main-event rate_upper over the declared grid (descriptive; its cost is not a comparable cost),128,optimal,0.0,0.0,0.3914,0.3916,0.3997012738705504,"diagnostic frontier point (training scenarios only); not a method, never a member"
0,SD-SRC12,0.05,SDS2_MAIN9,SD-S2,MAIN9,SDS2_MAIN9:M2[N=512]@alpha=0.05,M2_joint_chance_saa,M2_joint_chance_saa[N=512],entry,True,selected,alpha_train=0.025,optimal,,main_reference_plan_domain,cp_upper,0.355,0.3552,0.36315232670593206,False,False,1,4,4,0.2886,0.29614795948090783,alpha_train=0.0125,minimum attainable main-event rate_upper over the declared grid (descriptive; its cost is not a comparable cost),512,optimal,0.0,0.0,0.2833,0.2835,0.29100935307620646,"diagnostic frontier point (training scenarios only); not a method, never a member"
0,SD-SRC12,0.05,SDS2_MAIN9,SD-S2,MAIN9,SDS2_MAIN9:M3a[factory box]@alpha=0.05,M3a_box_robust,M3a_box_robust,entry,True,selected,k_box=1.5,optimal,,main_reference_plan_domain,cp_upper,0.3312,0.3314,0.33922824199948926,False,False,1,5,3,0.2111,0.2179243260646815,k_box=2.0,minimum attainable main-event rate_upper over the declared grid (descriptive; its cost is not a comparable cost),1024,optimal,0.0,0.0,0.2658,0.266,0.2733678779754028,"diagnostic frontier point (training scenarios only); not a method, never a member"
0,SD-SRC12,0.05,SDS2_MAIN9,SD-S2,MAIN9,"SDS2_MAIN9:M3b[factory box k=1.5, Gamma selected]@alpha=0.05",M3b_budget_robust,M3b_budget_robust,entry,True,selected,gamma=3,optimal,,main_reference_plan_domain,cp_upper,0.4535,0.4537,0.461948135777368,False,False,1,35,27,0.1819,0.18836349667908162,"gamma=3 {""k_box"": 2.0}",minimum attainable main-event rate_upper over the declared grid (descriptive; its cost is not a comparable cost),1024,optimal,0.0,0.0,0.2658,0.266,0.2733678779754028,"diagnostic frontier point (training scenarios only); not a method, never a member"
0,SD-SRC12,0.05,SDSRC12_MAIN9,SD-SRC12,MAIN9,SDSRC12_MAIN9:M0,M0_nominal,M0_nominal,entry,True,,,optimal,,main_reference_plan_domain,cp_upper,0.8741,0.8741,0.8795255661302405,False,False,1,1,1,0.8741,0.8795255661302405,,minimum attainable main-event rate_upper over the declared grid (descriptive; its cost is not a comparable cost),1024,frontier_no_feasible_solution_found_no_ration,0.0244140625,0.0244140625,,,,
0,SD-SRC12,0.05,SDSRC12_MAIN9,SD-SRC12,MAIN9,"SDSRC12_MAIN9:M1[relative,apply_to_dm=False]@alpha=0.05",M1_safety_margin,M1_safety_margin[apply_to_dm=False],sensitivity_line,False,not_met,,,"no value of the declared grid met the validation screen (candidate statuses: optimal, proven_infeasible); a grid without a solution is not a statement about the whole decision space",main_reference_plan_domain,cp_upper,,,,,False,1,5,4,0.3874,0.3954865271210444,k=0.075,minimum attainable main-event rate_upper over the declared grid (descriptive; its cost is not a comparable cost),1024,frontier_no_feasible_solution_found_no_ration,0.0244140625,0.0244140625,,,,
0,SD-SRC12,0.05,SDSRC12_MAIN9,SD-SRC12,MAIN9,"SDSRC12_MAIN9:M1[relative,apply_to_dm=True]@alpha=0.05",M1_safety_margin,M1_safety_margin[apply_to_dm=True],entry,False,not_met,,,"no value of the declared grid met the validation screen (candidate statuses: optimal, proven_infeasible); a grid without a solution is not a statement about the whole decision space",main_reference_plan_domain,cp_upper,,,,,False,1,5,2,0.7361,0.7433481591760914,k=0.025,minimum attainable main-event rate_upper over the declared grid (descriptive; its cost is not a comparable cost),1024,frontier_no_feasible_solution_found_no_ration,0.0244140625,0.0244140625,,,,
0,SD-SRC12,0.05,SDSRC12_MAIN9,SD-SRC12,MAIN9,SDSRC12_MAIN9:M2[N=1024]@alpha=0.05,M2_joint_chance_saa,M2_joint_chance_saa[N=1024],entry,True,selected,alpha_train=0.0375,feasible_time_limit,,main_reference_plan_domain,cp_upper,0.0252,0.0254,0.02814281748913582,True,True,1,4,2,0.0254,0.02814281748913582,alpha_train=0.0375,minimum attainable main-event rate_upper over the declared grid (descriptive; its cost is not a comparable cost),1024,frontier_no_feasible_solution_found_no_ration,0.0244140625,0.0244140625,,,,
0,SD-SRC12,0.05,SDSRC12_MAIN9,SD-SRC12,MAIN9,SDSRC12_MAIN9:M2[N=128]@alpha=0.05,M2_joint_chance_saa,M2_joint_chance_saa[N=128],entry,False,not_met,,,no value of the declared grid met the validation screen (candidate statuses: optimal); a grid without a solution is not a statement about the whole decision space,main_reference_plan_domain,cp_upper,,,,,False,1,4,4,0.0663,0.07053685198789711,alpha_train=0.05,minimum attainable main-event rate_upper over the declared grid (descriptive; its cost is not a comparable cost),128,optimal,0.0078125,0.0078125,0.0828,0.083,0.08767831288471123,"diagnostic frontier point (training scenarios only); not a method, never a member"
0,SD-SRC12,0.05,SDSRC12_MAIN9,SD-SRC12,MAIN9,SDSRC12_MAIN9:M2[N=512]@alpha=0.05,M2_joint_chance_saa,M2_joint_chance_saa[N=512],entry,False,not_met,,,"no value of the declared grid met the validation screen (candidate statuses: optimal, proven_infeasible); a grid without a solution is not a statement about the whole decision space",main_reference_plan_domain,cp_upper,,,,,False,1,4,2,0.0269,0.029715643417472678,alpha_train=0.0375,minimum attainable main-event rate_upper over the declared grid (descriptive; its cost is not a comparable cost),512,optimal,0.025390625,0.025390625,0.0187,0.0189,0.021296758650943704,"diagnostic frontier point (training scenarios only); not a method, never a member"
0,SD-SRC12,0.05,SDSRC12_MAIN9,SD-SRC12,MAIN9,SDSRC12_MAIN9:M3a[factory box]@alpha=0.05,M3a_box_robust,M3a_box_robust,entry,False,not_met,,,no value of the declared grid met the validation screen (candidate statuses: proven_infeasible); a grid without a solution is not a statement about the whole decision space,main_reference_plan_domain,cp_upper,,,,,False,1,5,0,,,,no scored grid candidate with a ration (not a whole-space statement),1024,frontier_no_feasible_solution_found_no_ration,0.0244140625,0.0244140625,,,,
0,SD-SRC12,0.05,SDSRC12_MAIN9,SD-SRC12,MAIN9,SDSRC12_MAIN9:M3b[factory box]@alpha=0.05,M3b_budget_robust,M3b_budget_robust,entry,False,not_met,,,"no value of the declared grid met the validation screen (candidate statuses: optimal, proven_infeasible); a grid without a solution is not a statement about the whole decision space",main_reference_plan_domain,cp_upper,,,,,False,1,35,11,0.1251,0.13067259481074128,"gamma=4 {""k_box"": 1.0}",minimum attainable main-event rate_upper over the declared grid (descriptive; its cost is not a comparable cost),1024,frontier_no_feasible_solution_found_no_ration,0.0244140625,0.0244140625,,,,
0,SD-SRC12,0.05,SDSRC14_MAIN9,SD-SRC14,MAIN9,SDSRC14_MAIN9:M0,M0_nominal,M0_nominal,entry,True,,,optimal,,main_reference_plan_domain,cp_upper,0.8741,0.8741,0.8795255661302405,False,False,1,1,1,0.8741,0.8795255661302405,,minimum attainable main-event rate_upper over the declared grid (descriptive; its cost is not a comparable cost),1024,optimal,0.0,0.0,0.1052,0.1054,0.1105861503519411,"diagnostic frontier point (training scenarios only); not a method, never a member"
0,SD-SRC12,0.05,SDSRC14_MAIN9,SD-SRC14,MAIN9,"SDSRC14_MAIN9:M1[relative,apply_to_dm=False]@alpha=0.05",M1_safety_margin,M1_safety_margin[apply_to_dm=False],sensitivity_line,False,not_met,,,"no value of the declared grid met the validation screen (candidate statuses: optimal, proven_infeasible); a grid without a solution is not a statement about the whole decision space",main_reference_plan_domain,cp_upper,,,,,False,1,5,4,0.3874,0.3954865271210444,k=0.075,minimum attainable main-event rate_upper over the declared grid (descriptive; its cost is not a comparable cost),1024,optimal,0.0,0.0,0.1052,0.1054,0.1105861503519411,"diagnostic frontier point (training scenarios only); not a method, never a member"
0,SD-SRC12,0.05,SDSRC14_MAIN9,SD-SRC14,MAIN9,"SDSRC14_MAIN9:M1[relative,apply_to_dm=True]@alpha=0.05",M1_safety_margin,M1_safety_margin[apply_to_dm=True],entry,False,not_met,,,"no value of the declared grid met the validation screen (candidate statuses: optimal, proven_infeasible); a grid without a solution is not a statement about the whole decision space",main_reference_plan_domain,cp_upper,,,,,False,1,5,2,0.7361,0.7433481591760914,k=0.025,minimum attainable main-event rate_upper over the declared grid (descriptive; its cost is not a comparable cost),1024,optimal,0.0,0.0,0.1052,0.1054,0.1105861503519411,"diagnostic frontier point (training scenarios only); not a method, never a member"
0,SD-SRC12,0.05,SDSRC14_MAIN9,SD-SRC14,MAIN9,SDSRC14_MAIN9:M2[N=1024]@alpha=0.05,M2_joint_chance_saa,M2_joint_chance_saa[N=1024],entry,True,selected,alpha_train=0.025,feasible_time_limit,,main_reference_plan_domain,cp_upper,0.0653,0.0655,0.06971401843209922,False,False,1,4,4,0.0537,0.057555299218297856,alpha_train=0.0375,minimum attainable main-event rate_upper over the declared grid (descriptive; its cost is not a comparable cost),1024,optimal,0.0,0.0,0.1052,0.1054,0.1105861503519411,"diagnostic frontier point (training scenarios only); not a method, never a member"
0,SD-SRC12,0.05,SDSRC14_MAIN9,SD-SRC14,MAIN9,SDSRC14_MAIN9:M2[N=128]@alpha=0.05,M2_joint_chance_saa,M2_joint_chance_saa[N=128],entry,False,not_met,,,no value of the declared grid met the validation screen (candidate statuses: optimal); a grid without a solution is not a statement about the whole decision space,main_reference_plan_domain,cp_upper,,,,,False,1,4,4,0.076,0.08050091130969923,alpha_train=0.0125,minimum attainable main-event rate_upper over the declared grid (descriptive; its cost is not a comparable cost),128,optimal,0.0,0.0,0.0729,0.0731,0.0775243219247419,"diagnostic frontier point (training scenarios only); not a method, never a member"
0,SD-SRC12,0.05,SDSRC14_MAIN9,SD-SRC14,MAIN9,SDSRC14_MAIN9:M2[N=512]@alpha=0.05,M2_joint_chance_saa,M2_joint_chance_saa[N=512],entry,True,selected,alpha_train=0.025,optimal,,main_reference_plan_domain,cp_upper,0.0716,0.0718,0.07618935942387442,False,False,1,4,4,0.0613,0.065391224444091,alpha_train=0.0375,minimum attainable main-event rate_upper over the declared grid (descriptive; its cost is not a comparable cost),512,optimal,0.0,0.0,0.069,0.0692,0.07351821411451369,"diagnostic frontier point (training scenarios only); not a method, never a member"
0,SD-SRC12,0.05,SDSRC14_MAIN9,SD-SRC14,MAIN9,SDSRC14_MAIN9:M3a[factory box]@alpha=0.05,M3a_box_robust,M3a_box_robust,entry,False,not_met,,,"no value of the declared grid met the validation screen (candidate statuses: optimal, proven_infeasible); a grid without a solution is not a statement about the whole decision space",main_reference_plan_domain,cp_upper,,,,,False,1,5,1,0.2164,0.22328403780227088,k_box=1.0,minimum attainable main-event rate_upper over the declared grid (descriptive; its cost is not a comparable cost),1024,optimal,0.0,0.0,0.1052,0.1054,0.1105861503519411,"diagnostic frontier point (training scenarios only); not a method, never a member"
0,SD-SRC12,0.05,SDSRC14_MAIN9,SD-SRC14,MAIN9,"SDSRC14_MAIN9:M3b[factory box k=1, Gamma selected]@alpha=0.05",M3b_budget_robust,M3b_budget_robust,entry,True,selected,gamma=5,optimal,,main_reference_plan_domain,cp_upper,0.2568,0.257,0.26428949165046123,False,False,1,35,19,0.1247,0.1302652196156196,"gamma=3 {""k_box"": 1.5}",minimum attainable main-event rate_upper over the declared grid (descriptive; its cost is not a comparable cost),1024,optimal,0.0,0.0,0.1052,0.1054,0.1105861503519411,"diagnostic frontier point (training scenarios only); not a method, never a member"
0,SD-SRC12,0.1,SD12MO_MAIN9,SD-12MO,MAIN9,SD12MO_MAIN9:M0,M0_nominal,M0_nominal,entry,True,,,optimal,,main_reference_plan_domain,cp_upper,0.8741,0.8741,0.8795255661302405,False,False,5,1,1,0.8741,0.8795255661302405,,minimum attainable main-event rate_upper over the declared grid (descriptive; its cost is not a comparable cost),1024,optimal,0.0,0.0,0.2923,0.2925,0.3000767055614139,"diagnostic frontier point (training scenarios only); not a method, never a member"
0,SD-SRC12,0.1,SD12MO_MAIN9,SD-12MO,MAIN9,"SD12MO_MAIN9:M1[relative,apply_to_dm=False]@alpha=0.1",M1_safety_margin,M1_safety_margin[apply_to_dm=False],sensitivity_line,True,selected,k=0.075,optimal,,main_reference_plan_domain,cp_upper,0.3872,0.3874,0.3954865271210444,False,False,5,5,4,0.3874,0.3954865271210444,k=0.075,minimum attainable main-event rate_upper over the declared grid (descriptive; its cost is not a comparable cost),1024,optimal,0.0,0.0,0.2923,0.2925,0.3000767055614139,"diagnostic frontier point (training scenarios only); not a method, never a member"
0,SD-SRC12,0.1,SD12MO_MAIN9,SD-12MO,MAIN9,"SD12MO_MAIN9:M1[relative,apply_to_dm=True]@alpha=0.1",M1_safety_margin,M1_safety_margin[apply_to_dm=True],entry,False,not_met,,,"no value of the declared grid met the validation screen (candidate statuses: optimal, proven_infeasible); a grid without a solution is not a statement about the whole decision space",main_reference_plan_domain,cp_upper,,,,,False,5,5,2,0.7361,0.7433481591760914,k=0.025,minimum attainable main-event rate_upper over the declared grid (descriptive; its cost is not a comparable cost),1024,optimal,0.0,0.0,0.2923,0.2925,0.3000767055614139,"diagnostic frontier point (training scenarios only); not a method, never a member"
0,SD-SRC12,0.1,SD12MO_MAIN9,SD-12MO,MAIN9,SD12MO_MAIN9:M2[N=1024]@alpha=0.1,M2_joint_chance_saa,M2_joint_chance_saa[N=1024],entry,True,selected,alpha_train=0.075,feasible_time_limit,,main_reference_plan_domain,cp_upper,0.4597,0.4599,0.4681556433229439,False,False,5,4,4,0.3565,0.36445848330726205,alpha_train=0.025,minimum attainable main-event rate_upper over the declared grid (descriptive; its cost is not a comparable cost),1024,optimal,0.0,0.0,0.2923,0.2925,0.3000767055614139,"diagnostic frontier point (training scenarios only); not a method, never a member"
0,SD-SRC12,0.1,SD12MO_MAIN9,SD-12MO,MAIN9,SD12MO_MAIN9:M2[N=128]@alpha=0.1,M2_joint_chance_saa,M2_joint_chance_saa[N=128],entry,True,selected,alpha_train=0.025,optimal,,main_reference_plan_domain,cp_upper,0.459,0.4592,0.4674548596994067,False,False,5,4,4,0.4592,0.4674548596994067,alpha_train=0.025,minimum attainable main-event rate_upper over the declared grid (descriptive; its cost is not a comparable cost),128,optimal,0.0,0.0,0.4088,0.409,0.41715576216718203,"diagnostic frontier point (training scenarios only); not a method, never a member"
0,SD-SRC12,0.1,SD12MO_MAIN9,SD-12MO,MAIN9,SD12MO_MAIN9:M2[N=512]@alpha=0.1,M2_joint_chance_saa,M2_joint_chance_saa[N=512],entry,True,selected,alpha_train=0.075,feasible_time_limit,,main_reference_plan_domain,cp_upper,0.4387,0.4389,0.4471250278241065,False,False,5,4,4,0.3652,0.37319806507328046,alpha_train=0.025,minimum attainable main-event rate_upper over the declared grid (descriptive; its cost is not a comparable cost),512,optimal,0.0,0.0,0.298,0.2982,0.3058175264963381,"diagnostic frontier point (training scenarios only); not a method, never a member"
0,SD-SRC12,0.1,SD12MO_MAIN9,SD-12MO,MAIN9,SD12MO_MAIN9:M3a[factory box]@alpha=0.1,M3a_box_robust,M3a_box_robust,entry,False,not_met,,,"no value of the declared grid met the validation screen (candidate statuses: optimal, proven_infeasible); a grid without a solution is not a statement about the whole decision space",main_reference_plan_domain,cp_upper,,,,,False,5,5,1,0.6977,0.7052608295910678,k_box=1.0,minimum attainable main-event rate_upper over the declared grid (descriptive; its cost is not a comparable cost),1024,optimal,0.0,0.0,0.2923,0.2925,0.3000767055614139,"diagnostic frontier point (training scenarios only); not a method, never a member"
0,SD-SRC12,0.1,SD12MO_MAIN9,SD-12MO,MAIN9,"SD12MO_MAIN9:M3b[factory box k=1.5, Gamma selected]@alpha=0.1",M3b_budget_robust,M3b_budget_robust,entry,True,selected,gamma=2,optimal,,main_reference_plan_domain,cp_upper,0.5026,0.5028,0.5110727637657587,False,False,5,35,18,0.2588,0.26610548384005905,"gamma=4 {""k_box"": 1.5}",minimum attainable main-event rate_upper over the declared grid (descriptive; its cost is not a comparable cost),1024,optimal,0.0,0.0,0.2923,0.2925,0.3000767055614139,"diagnostic frontier point (training scenarios only); not a method, never a member"
0,SD-SRC12,0.1,SDH0_MAIN9,SD-H0,MAIN9,SDH0_MAIN9:M0,M0_nominal,M0_nominal,entry,True,,,optimal,,main_reference_plan_domain,cp_upper,0.8741,0.8741,0.8795255661302405,False,False,5,1,1,0.8741,0.8795255661302405,,minimum attainable main-event rate_upper over the declared grid (descriptive; its cost is not a comparable cost),1024,frontier_no_feasible_solution_found_no_ration,0.044921875,0.1435546875,,,,
0,SD-SRC12,0.1,SDH0_MAIN9,SD-H0,MAIN9,"SDH0_MAIN9:M1[relative,apply_to_dm=False]@alpha=0.1",M1_safety_margin,M1_safety_margin[apply_to_dm=False],sensitivity_line,False,not_met,,,"no value of the declared grid met the validation screen (candidate statuses: optimal, proven_infeasible); a grid without a solution is not a statement about the whole decision space",main_reference_plan_domain,cp_upper,,,,,False,5,5,4,0.3874,0.3954865271210444,k=0.075,minimum attainable main-event rate_upper over the declared grid (descriptive; its cost is not a comparable cost),1024,frontier_no_feasible_solution_found_no_ration,0.044921875,0.1435546875,,,,
0,SD-SRC12,0.1,SDH0_MAIN9,SD-H0,MAIN9,"SDH0_MAIN9:M1[relative,apply_to_dm=True]@alpha=0.1",M1_safety_margin,M1_safety_margin[apply_to_dm=True],entry,False,not_met,,,"no value of the declared grid met the validation screen (candidate statuses: optimal, proven_infeasible); a grid without a solution is not a statement about the whole decision space",main_reference_plan_domain,cp_upper,,,,,False,5,5,2,0.7361,0.7433481591760914,k=0.025,minimum attainable main-event rate_upper over the declared grid (descriptive; its cost is not a comparable cost),1024,frontier_no_feasible_solution_found_no_ration,0.044921875,0.1435546875,,,,
0,SD-SRC12,0.1,SDH0_MAIN9,SD-H0,MAIN9,SDH0_MAIN9:M2[N=1024]@alpha=0.1,M2_joint_chance_saa,M2_joint_chance_saa[N=1024],entry,False,not_met,,,"no value of the declared grid met the validation screen (candidate statuses: no_feasible_solution_found, proven_infeasible); a grid without a solution is not a statement about the whole decision space",main_reference_plan_domain,cp_upper,,,,,False,5,4,0,,,,no scored grid candidate with a ration (not a whole-space statement),1024,frontier_no_feasible_solution_found_no_ration,0.044921875,0.1435546875,,,,
0,SD-SRC12,0.1,SDH0_MAIN9,SD-H0,MAIN9,SDH0_MAIN9:M2[N=128]@alpha=0.1,M2_joint_chance_saa,M2_joint_chance_saa[N=128],entry,False,not_met,,,"SAA over the N training scenarios proven infeasible for every alpha_train of the declared grid (training scenarios only; not a population, field or whole-space statement)",main_reference_plan_domain,cp_upper,,,,,False,5,4,0,,,,no scored grid candidate with a ration (not a whole-space statement),128,optimal,0.1015625,0.1015625,0.0996,0.0998,0.10486677278962013,"diagnostic frontier point (training scenarios only); not a method, never a member"
0,SD-SRC12,0.1,SDH0_MAIN9,SD-H0,MAIN9,SDH0_MAIN9:M2[N=512]@alpha=0.1,M2_joint_chance_saa,M2_joint_chance_saa[N=512],entry,False,not_met,,,"no value of the declared grid met the validation screen (candidate statuses: no_feasible_solution_found, proven_infeasible); a grid without a solution is not a statement about the whole decision space",main_reference_plan_domain,cp_upper,,,,,False,5,4,0,,,,no scored grid candidate with a ration (not a whole-space statement),512,frontier_no_feasible_solution_found_no_ration,0.04296875,0.126953125,,,,
0,SD-SRC12,0.1,SDH0_MAIN9,SD-H0,MAIN9,SDH0_MAIN9:M3a[factory box]@alpha=0.1,M3a_box_robust,M3a_box_robust,entry,False,not_met,,,no value of the declared grid met the validation screen (candidate statuses: proven_infeasible); a grid without a solution is not a statement about the whole decision space,main_reference_plan_domain,cp_upper,,,,,False,5,5,0,,,,no scored grid candidate with a ration (not a whole-space statement),1024,frontier_no_feasible_solution_found_no_ration,0.044921875,0.1435546875,,,,
0,SD-SRC12,0.1,SDH0_MAIN9,SD-H0,MAIN9,SDH0_MAIN9:M3b[factory box]@alpha=0.1,M3b_budget_robust,M3b_budget_robust,entry,False,not_met,,,"no value of the declared grid met the validation screen (candidate statuses: optimal, proven_infeasible); a grid without a solution is not a statement about the whole decision space",main_reference_plan_domain,cp_upper,,,,,False,5,35,7,0.3156,0.3233336015399866,"gamma=1 {""k_box"": 1.5}",minimum attainable main-event rate_upper over the declared grid (descriptive; its cost is not a comparable cost),1024,frontier_no_feasible_solution_found_no_ration,0.044921875,0.1435546875,,,,
0,SD-SRC12,0.1,SDS2_MAIN9,SD-S2,MAIN9,SDS2_MAIN9:M0,M0_nominal,M0_nominal,entry,True,,,optimal,,main_reference_plan_domain,cp_upper,0.8741,0.8741,0.8795255661302405,False,False,5,1,1,0.8741,0.8795255661302405,,minimum attainable main-event rate_upper over the declared grid (descriptive; its cost is not a comparable cost),1024,optimal,0.0,0.0,0.2658,0.266,0.2733678779754028,"diagnostic frontier point (training scenarios only); not a method, never a member"
0,SD-SRC12,0.1,SDS2_MAIN9,SD-S2,MAIN9,"SDS2_MAIN9:M1[relative,apply_to_dm=False]@alpha=0.1",M1_safety_margin,M1_safety_margin[apply_to_dm=False],sensitivity_line,True,selected,k=0.075,optimal,,main_reference_plan_domain,cp_upper,0.3872,0.3874,0.3954865271210444,False,False,5,5,4,0.3874,0.3954865271210444,k=0.075,minimum attainable main-event rate_upper over the declared grid (descriptive; its cost is not a comparable cost),1024,optimal,0.0,0.0,0.2658,0.266,0.2733678779754028,"diagnostic frontier point (training scenarios only); not a method, never a member"
0,SD-SRC12,0.1,SDS2_MAIN9,SD-S2,MAIN9,"SDS2_MAIN9:M1[relative,apply_to_dm=True]@alpha=0.1",M1_safety_margin,M1_safety_margin[apply_to_dm=True],entry,False,not_met,,,"no value of the declared grid met the validation screen (candidate statuses: optimal, proven_infeasible); a grid without a solution is not a statement about the whole decision space",main_reference_plan_domain,cp_upper,,,,,False,5,5,2,0.7361,0.7433481591760914,k=0.025,minimum attainable main-event rate_upper over the declared grid (descriptive; its cost is not a comparable cost),1024,optimal,0.0,0.0,0.2658,0.266,0.2733678779754028,"diagnostic frontier point (training scenarios only); not a method, never a member"
0,SD-SRC12,0.1,SDS2_MAIN9,SD-S2,MAIN9,SDS2_MAIN9:M2[N=1024]@alpha=0.1,M2_joint_chance_saa,M2_joint_chance_saa[N=1024],entry,True,selected,alpha_train=0.075,feasible_time_limit,,main_reference_plan_domain,cp_upper,0.4111,0.4113,0.41946217622674614,False,False,5,4,4,0.3488,0.356721090135555,alpha_train=0.025,minimum attainable main-event rate_upper over the declared grid (descriptive; its cost is not a comparable cost),1024,optimal,0.0,0.0,0.2658,0.266,0.2733678779754028,"diagnostic frontier point (training scenarios only); not a method, never a member"
0,SD-SRC12,0.1,SDS2_MAIN9,SD-S2,MAIN9,SDS2_MAIN9:M2[N=128]@alpha=0.1,M2_joint_chance_saa,M2_joint_chance_saa[N=128],entry,True,selected,alpha_train=0.025,optimal,,main_reference_plan_domain,cp_upper,0.4505,0.4507,0.4589440435767983,False,False,5,4,4,0.4363,0.44452020952951254,alpha_train=0.05,minimum attainable main-event rate_upper over the declared grid (descriptive; its cost is not a comparable cost),128,optimal,0.0,0.0,0.3914,0.3916,0.3997012738705504,"diagnostic frontier point (training scenarios only); not a method, never a member"
0,SD-SRC12,0.1,SDS2_MAIN9,SD-S2,MAIN9,SDS2_MAIN9:M2[N=512]@alpha=0.1,M2_joint_chance_saa,M2_joint_chance_saa[N=512],entry,True,selected,alpha_train=0.075,feasible_time_limit,,main_reference_plan_domain,cp_upper,0.4139,0.4141,0.4222697383276372,False,False,5,4,4,0.3552,0.36315232670593206,alpha_train=0.025,minimum attainable main-event rate_upper over the declared grid (descriptive; its cost is not a comparable cost),512,optimal,0.0,0.0,0.2833,0.2835,0.29100935307620646,"diagnostic frontier point (training scenarios only); not a method, never a member"
0,SD-SRC12,0.1,SDS2_MAIN9,SD-S2,MAIN9,SDS2_MAIN9:M3a[factory box]@alpha=0.1,M3a_box_robust,M3a_box_robust,entry,True,selected,k_box=1.5,optimal,,main_reference_plan_domain,cp_upper,0.3312,0.3314,0.33922824199948926,False,False,5,5,3,0.2111,0.2179243260646815,k_box=2.0,minimum attainable main-event rate_upper over the declared grid (descriptive; its cost is not a comparable cost),1024,optimal,0.0,0.0,0.2658,0.266,0.2733678779754028,"diagnostic frontier point (training scenarios only); not a method, never a member"
0,SD-SRC12,0.1,SDS2_MAIN9,SD-S2,MAIN9,"SDS2_MAIN9:M3b[factory box k=1.5, Gamma selected]@alpha=0.1",M3b_budget_robust,M3b_budget_robust,entry,True,selected,gamma=2,optimal,,main_reference_plan_domain,cp_upper,0.4851,0.4853,0.49357310639133645,False,False,5,35,27,0.1819,0.18836349667908162,"gamma=3 {""k_box"": 2.0}",minimum attainable main-event rate_upper over the declared grid (descriptive; its cost is not a comparable cost),1024,optimal,0.0,0.0,0.2658,0.266,0.2733678779754028,"diagnostic frontier point (training scenarios only); not a method, never a member"
0,SD-SRC12,0.1,SDSRC12_MAIN9,SD-SRC12,MAIN9,SDSRC12_MAIN9:M0,M0_nominal,M0_nominal,entry,True,,,optimal,,main_reference_plan_domain,cp_upper,0.8741,0.8741,0.8795255661302405,False,False,5,1,1,0.8741,0.8795255661302405,,minimum attainable main-event rate_upper over the declared grid (descriptive; its cost is not a comparable cost),1024,frontier_no_feasible_solution_found_no_ration,0.0244140625,0.0244140625,,,,
0,SD-SRC12,0.1,SDSRC12_MAIN9,SD-SRC12,MAIN9,"SDSRC12_MAIN9:M1[relative,apply_to_dm=False]@alpha=0.1",M1_safety_margin,M1_safety_margin[apply_to_dm=False],sensitivity_line,False,not_met,,,"no value of the declared grid met the validation screen (candidate statuses: optimal, proven_infeasible); a grid without a solution is not a statement about the whole decision space",main_reference_plan_domain,cp_upper,,,,,False,5,5,4,0.3874,0.3954865271210444,k=0.075,minimum attainable main-event rate_upper over the declared grid (descriptive; its cost is not a comparable cost),1024,frontier_no_feasible_solution_found_no_ration,0.0244140625,0.0244140625,,,,
0,SD-SRC12,0.1,SDSRC12_MAIN9,SD-SRC12,MAIN9,"SDSRC12_MAIN9:M1[relative,apply_to_dm=True]@alpha=0.1",M1_safety_margin,M1_safety_margin[apply_to_dm=True],entry,False,not_met,,,"no value of the declared grid met the validation screen (candidate statuses: optimal, proven_infeasible); a grid without a solution is not a statement about the whole decision space",main_reference_plan_domain,cp_upper,,,,,False,5,5,2,0.7361,0.7433481591760914,k=0.025,minimum attainable main-event rate_upper over the declared grid (descriptive; its cost is not a comparable cost),1024,frontier_no_feasible_solution_found_no_ration,0.0244140625,0.0244140625,,,,
0,SD-SRC12,0.1,SDSRC12_MAIN9,SD-SRC12,MAIN9,SDSRC12_MAIN9:M2[N=1024]@alpha=0.1,M2_joint_chance_saa,M2_joint_chance_saa[N=1024],entry,True,selected,alpha_train=0.075,feasible_time_limit,,main_reference_plan_domain,cp_upper,0.0522,0.0524,0.05621297634654845,True,True,5,4,3,0.0333,0.03640378904502012,alpha_train=0.05,minimum attainable main-event rate_upper over the declared grid (descriptive; its cost is not a comparable cost),1024,frontier_no_feasible_solution_found_no_ration,0.0244140625,0.0244140625,,,,
0,SD-SRC12,0.1,SDSRC12_MAIN9,SD-SRC12,MAIN9,SDSRC12_MAIN9:M2[N=128]@alpha=0.1,M2_joint_chance_saa,M2_joint_chance_saa[N=128],entry,False,not_met,,,no value of the declared grid met the validation screen (candidate statuses: optimal); a grid without a solution is not a statement about the whole decision space,main_reference_plan_domain,cp_upper,,,,,False,5,4,4,0.0663,0.07053685198789711,alpha_train=0.05,minimum attainable main-event rate_upper over the declared grid (descriptive; its cost is not a comparable cost),128,optimal,0.0078125,0.0078125,0.0828,0.083,0.08767831288471123,"diagnostic frontier point (training scenarios only); not a method, never a member"
0,SD-SRC12,0.1,SDSRC12_MAIN9,SD-SRC12,MAIN9,SDSRC12_MAIN9:M2[N=512]@alpha=0.1,M2_joint_chance_saa,M2_joint_chance_saa[N=512],entry,True,selected,alpha_train=0.05,optimal,,main_reference_plan_domain,cp_upper,0.0472,0.0474,0.05104414736723735,True,True,5,4,3,0.0474,0.05104414736723735,alpha_train=0.05,minimum attainable main-event rate_upper over the declared grid (descriptive; its cost is not a comparable cost),512,optimal,0.025390625,0.025390625,0.0187,0.0189,0.021296758650943704,"diagnostic frontier point (training scenarios only); not a method, never a member"
0,SD-SRC12,0.1,SDSRC12_MAIN9,SD-SRC12,MAIN9,SDSRC12_MAIN9:M3a[factory box]@alpha=0.1,M3a_box_robust,M3a_box_robust,entry,False,not_met,,,no value of the declared grid met the validation screen (candidate statuses: proven_infeasible); a grid without a solution is not a statement about the whole decision space,main_reference_plan_domain,cp_upper,,,,,False,5,5,0,,,,no scored grid candidate with a ration (not a whole-space statement),1024,frontier_no_feasible_solution_found_no_ration,0.0244140625,0.0244140625,,,,
0,SD-SRC12,0.1,SDSRC12_MAIN9,SD-SRC12,MAIN9,SDSRC12_MAIN9:M3b[factory box]@alpha=0.1,M3b_budget_robust,M3b_budget_robust,entry,False,not_met,,,"no value of the declared grid met the validation screen (candidate statuses: optimal, proven_infeasible); a grid without a solution is not a statement about the whole decision space",main_reference_plan_domain,cp_upper,,,,,False,5,35,11,0.1251,0.13067259481074128,"gamma=4 {""k_box"": 1.0}",minimum attainable main-event rate_upper over the declared grid (descriptive; its cost is not a comparable cost),1024,frontier_no_feasible_solution_found_no_ration,0.0244140625,0.0244140625,,,,
0,SD-SRC12,0.1,SDSRC14_MAIN9,SD-SRC14,MAIN9,SDSRC14_MAIN9:M0,M0_nominal,M0_nominal,entry,True,,,optimal,,main_reference_plan_domain,cp_upper,0.8741,0.8741,0.8795255661302405,False,False,5,1,1,0.8741,0.8795255661302405,,minimum attainable main-event rate_upper over the declared grid (descriptive; its cost is not a comparable cost),1024,optimal,0.0,0.0,0.1052,0.1054,0.1105861503519411,"diagnostic frontier point (training scenarios only); not a method, never a member"
0,SD-SRC12,0.1,SDSRC14_MAIN9,SD-SRC14,MAIN9,"SDSRC14_MAIN9:M1[relative,apply_to_dm=False]@alpha=0.1",M1_safety_margin,M1_safety_margin[apply_to_dm=False],sensitivity_line,False,not_met,,,"no value of the declared grid met the validation screen (candidate statuses: optimal, proven_infeasible); a grid without a solution is not a statement about the whole decision space",main_reference_plan_domain,cp_upper,,,,,False,5,5,4,0.3874,0.3954865271210444,k=0.075,minimum attainable main-event rate_upper over the declared grid (descriptive; its cost is not a comparable cost),1024,optimal,0.0,0.0,0.1052,0.1054,0.1105861503519411,"diagnostic frontier point (training scenarios only); not a method, never a member"
0,SD-SRC12,0.1,SDSRC14_MAIN9,SD-SRC14,MAIN9,"SDSRC14_MAIN9:M1[relative,apply_to_dm=True]@alpha=0.1",M1_safety_margin,M1_safety_margin[apply_to_dm=True],entry,False,not_met,,,"no value of the declared grid met the validation screen (candidate statuses: optimal, proven_infeasible); a grid without a solution is not a statement about the whole decision space",main_reference_plan_domain,cp_upper,,,,,False,5,5,2,0.7361,0.7433481591760914,k=0.025,minimum attainable main-event rate_upper over the declared grid (descriptive; its cost is not a comparable cost),1024,optimal,0.0,0.0,0.1052,0.1054,0.1105861503519411,"diagnostic frontier point (training scenarios only); not a method, never a member"
0,SD-SRC12,0.1,SDSRC14_MAIN9,SD-SRC14,MAIN9,SDSRC14_MAIN9:M2[N=1024]@alpha=0.1,M2_joint_chance_saa,M2_joint_chance_saa[N=1024],entry,True,selected,alpha_train=0.075,feasible_time_limit,,main_reference_plan_domain,cp_upper,0.0778,0.078,0.08255264420404135,True,True,5,4,4,0.0655,0.06971401843209922,alpha_train=0.025,minimum attainable main-event rate_upper over the declared grid (descriptive; its cost is not a comparable cost),1024,optimal,0.0,0.0,0.1052,0.1054,0.1105861503519411,"diagnostic frontier point (training scenarios only); not a method, never a member"
0,SD-SRC12,0.1,SDSRC14_MAIN9,SD-SRC14,MAIN9,SDSRC14_MAIN9:M2[N=128]@alpha=0.1,M2_joint_chance_saa,M2_joint_chance_saa[N=128],entry,True,selected,alpha_train=0.025,optimal,,main_reference_plan_domain,cp_upper,0.0853,0.0855,0.09023928722443521,True,True,5,4,4,0.0855,0.09023928722443521,alpha_train=0.025,minimum attainable main-event rate_upper over the declared grid (descriptive; its cost is not a comparable cost),128,optimal,0.0,0.0,0.0729,0.0731,0.0775243219247419,"diagnostic frontier point (training scenarios only); not a method, never a member"
0,SD-SRC12,0.1,SDSRC14_MAIN9,SD-SRC14,MAIN9,SDSRC14_MAIN9:M2[N=512]@alpha=0.1,M2_joint_chance_saa,M2_joint_chance_saa[N=512],entry,True,selected,alpha_train=0.05,feasible_time_limit,,main_reference_plan_domain,cp_upper,0.0673,0.0675,0.07177078336167883,True,True,5,4,4,0.0675,0.07177078336167883,alpha_train=0.05,minimum attainable main-event rate_upper over the declared grid (descriptive; its cost is not a comparable cost),512,optimal,0.0,0.0,0.069,0.0692,0.07351821411451369,"diagnostic frontier point (training scenarios only); not a method, never a member"
0,SD-SRC12,0.1,SDSRC14_MAIN9,SD-SRC14,MAIN9,SDSRC14_MAIN9:M3a[factory box]@alpha=0.1,M3a_box_robust,M3a_box_robust,entry,True,selected,k_box=1.0,optimal,,main_reference_plan_domain,cp_upper,0.2162,0.2164,0.22328403780227088,False,False,5,5,1,0.2164,0.22328403780227088,k_box=1.0,minimum attainable main-event rate_upper over the declared grid (descriptive; its cost is not a comparable cost),1024,optimal,0.0,0.0,0.1052,0.1054,0.1105861503519411,"diagnostic frontier point (training scenarios only); not a method, never a member"
0,SD-SRC12,0.1,SDSRC14_MAIN9,SD-SRC14,MAIN9,"SDSRC14_MAIN9:M3b[factory box k=1, Gamma selected]@alpha=0.1",M3b_budget_robust,M3b_budget_robust,entry,True,selected,gamma=4,optimal,,main_reference_plan_domain,cp_upper,0.2021,0.2023,0.2090214062776788,False,False,5,35,19,0.1247,0.1302652196156196,"gamma=3 {""k_box"": 1.5}",minimum attainable main-event rate_upper over the declared grid (descriptive; its cost is not a comparable cost),1024,optimal,0.0,0.0,0.1052,0.1054,0.1105861503519411,"diagnostic frontier point (training scenarios only); not a method, never a member"
0,SD-SRC12,0.01,SD12MO_MAIN9,SD-12MO,MAIN9,SD12MO_MAIN9:M0,M0_nominal,M0_nominal,entry,True,,,optimal,,main_reference_plan_domain,cp_upper,0.8741,0.8741,0.8795255661302405,False,False,0,1,1,0.8741,0.8795255661302405,,minimum attainable main-event rate_upper over the declared grid (descriptive; its cost is not a comparable cost),1024,optimal,0.0,0.0,0.2923,0.2925,0.3000767055614139,"diagnostic frontier point (training scenarios only); not a method, never a member"
0,SD-SRC12,0.01,SD12MO_MAIN9,SD-12MO,MAIN9,"SD12MO_MAIN9:M1[relative,apply_to_dm=False]@alpha=0.01",M1_safety_margin,M1_safety_margin[apply_to_dm=False],sensitivity_line,False,not_met,,,"no value of the declared grid met the validation screen (candidate statuses: optimal, proven_infeasible); a grid without a solution is not a statement about the whole decision space",main_reference_plan_domain,cp_upper,,,,,False,0,5,4,0.3874,0.3954865271210444,k=0.075,minimum attainable main-event rate_upper over the declared grid (descriptive; its cost is not a comparable cost),1024,optimal,0.0,0.0,0.2923,0.2925,0.3000767055614139,"diagnostic frontier point (training scenarios only); not a method, never a member"
0,SD-SRC12,0.01,SD12MO_MAIN9,SD-12MO,MAIN9,"SD12MO_MAIN9:M1[relative,apply_to_dm=True]@alpha=0.01",M1_safety_margin,M1_safety_margin[apply_to_dm=True],entry,False,not_met,,,"no value of the declared grid met the validation screen (candidate statuses: optimal, proven_infeasible); a grid without a solution is not a statement about the whole decision space",main_reference_plan_domain,cp_upper,,,,,False,0,5,2,0.7361,0.7433481591760914,k=0.025,minimum attainable main-event rate_upper over the declared grid (descriptive; its cost is not a comparable cost),1024,optimal,0.0,0.0,0.2923,0.2925,0.3000767055614139,"diagnostic frontier point (training scenarios only); not a method, never a member"
0,SD-SRC12,0.01,SD12MO_MAIN9,SD-12MO,MAIN9,SD12MO_MAIN9:M2[N=1024]@alpha=0.01,M2_joint_chance_saa,M2_joint_chance_saa[N=1024],entry,False,not_met,,,no value of the declared grid met the validation screen (candidate statuses: optimal); a grid without a solution is not a statement about the whole decision space,main_reference_plan_domain,cp_upper,,,,,False,0,4,4,0.2747,0.2821399807846192,alpha_train=0.0025,minimum attainable main-event rate_upper over the declared grid (descriptive; its cost is not a comparable cost),1024,optimal,0.0,0.0,0.2923,0.2925,0.3000767055614139,"diagnostic frontier point (training scenarios only); not a method, never a member"
0,SD-SRC12,0.01,SD12MO_MAIN9,SD-12MO,MAIN9,SD12MO_MAIN9:M2[N=128]@alpha=0.01,M2_joint_chance_saa,M2_joint_chance_saa[N=128],entry,False,not_met,,,no value of the declared grid met the validation screen (candidate statuses: optimal); a grid without a solution is not a statement about the whole decision space,main_reference_plan_domain,cp_upper,,,,,False,0,4,4,0.3745,0.382537294749276,alpha_train=0.01,minimum attainable main-event rate_upper over the declared grid (descriptive; its cost is not a comparable cost),128,optimal,0.0,0.0,0.4088,0.409,0.41715576216718203,"diagnostic frontier point (training scenarios only); not a method, never a member"
0,SD-SRC12,0.01,SD12MO_MAIN9,SD-12MO,MAIN9,SD12MO_MAIN9:M2[N=512]@alpha=0.01,M2_joint_chance_saa,M2_joint_chance_saa[N=512],entry,False,not_met,,,no value of the declared grid met the validation screen (candidate statuses: optimal); a grid without a solution is not a statement about the whole decision space,main_reference_plan_domain,cp_upper,,,,,False,0,4,4,0.2863,0.2938306921276328,alpha_train=0.01,minimum attainable main-event rate_upper over the declared grid (descriptive; its cost is not a comparable cost),512,optimal,0.0,0.0,0.298,0.2982,0.3058175264963381,"diagnostic frontier point (training scenarios only); not a method, never a member"
0,SD-SRC12,0.01,SD12MO_MAIN9,SD-12MO,MAIN9,SD12MO_MAIN9:M3a[factory box]@alpha=0.01,M3a_box_robust,M3a_box_robust,entry,False,not_met,,,"no value of the declared grid met the validation screen (candidate statuses: optimal, proven_infeasible); a grid without a solution is not a statement about the whole decision space",main_reference_plan_domain,cp_upper,,,,,False,0,5,1,0.6977,0.7052608295910678,k_box=1.0,minimum attainable main-event rate_upper over the declared grid (descriptive; its cost is not a comparable cost),1024,optimal,0.0,0.0,0.2923,0.2925,0.3000767055614139,"diagnostic frontier point (training scenarios only); not a method, never a member"
0,SD-SRC12,0.01,SD12MO_MAIN9,SD-12MO,MAIN9,SD12MO_MAIN9:M3b[factory box]@alpha=0.01,M3b_budget_robust,M3b_budget_robust,entry,False,not_met,,,no value of the declared grid met the validation screen (candidate statuses: optimal); a grid without a solution is not a statement about the whole decision space,main_reference_plan_domain,cp_upper,,,,,False,0,35,18,0.2588,0.26610548384005905,"gamma=4 {""k_box"": 1.5}",minimum attainable main-event rate_upper over the declared grid (descriptive; its cost is not a comparable cost),1024,optimal,0.0,0.0,0.2923,0.2925,0.3000767055614139,"diagnostic frontier point (training scenarios only); not a method, never a member"
0,SD-SRC12,0.01,SDH0_MAIN9,SD-H0,MAIN9,SDH0_MAIN9:M0,M0_nominal,M0_nominal,entry,True,,,optimal,,main_reference_plan_domain,cp_upper,0.8741,0.8741,0.8795255661302405,False,False,0,1,1,0.8741,0.8795255661302405,,minimum attainable main-event rate_upper over the declared grid (descriptive; its cost is not a comparable cost),1024,frontier_no_feasible_solution_found_no_ration,0.044921875,0.1435546875,,,,
0,SD-SRC12,0.01,SDH0_MAIN9,SD-H0,MAIN9,"SDH0_MAIN9:M1[relative,apply_to_dm=False]@alpha=0.01",M1_safety_margin,M1_safety_margin[apply_to_dm=False],sensitivity_line,False,not_met,,,"no value of the declared grid met the validation screen (candidate statuses: optimal, proven_infeasible); a grid without a solution is not a statement about the whole decision space",main_reference_plan_domain,cp_upper,,,,,False,0,5,4,0.3874,0.3954865271210444,k=0.075,minimum attainable main-event rate_upper over the declared grid (descriptive; its cost is not a comparable cost),1024,frontier_no_feasible_solution_found_no_ration,0.044921875,0.1435546875,,,,
0,SD-SRC12,0.01,SDH0_MAIN9,SD-H0,MAIN9,"SDH0_MAIN9:M1[relative,apply_to_dm=True]@alpha=0.01",M1_safety_margin,M1_safety_margin[apply_to_dm=True],entry,False,not_met,,,"no value of the declared grid met the validation screen (candidate statuses: optimal, proven_infeasible); a grid without a solution is not a statement about the whole decision space",main_reference_plan_domain,cp_upper,,,,,False,0,5,2,0.7361,0.7433481591760914,k=0.025,minimum attainable main-event rate_upper over the declared grid (descriptive; its cost is not a comparable cost),1024,frontier_no_feasible_solution_found_no_ration,0.044921875,0.1435546875,,,,
0,SD-SRC12,0.01,SDH0_MAIN9,SD-H0,MAIN9,SDH0_MAIN9:M2[N=1024]@alpha=0.01,M2_joint_chance_saa,M2_joint_chance_saa[N=1024],entry,False,not_met,,,"SAA over the N training scenarios proven infeasible for every alpha_train of the declared grid (training scenarios only; not a population, field or whole-space statement)",main_reference_plan_domain,cp_upper,,,,,False,0,4,0,,,,no scored grid candidate with a ration (not a whole-space statement),1024,frontier_no_feasible_solution_found_no_ration,0.044921875,0.1435546875,,,,
0,SD-SRC12,0.01,SDH0_MAIN9,SD-H0,MAIN9,SDH0_MAIN9:M2[N=128]@alpha=0.01,M2_joint_chance_saa,M2_joint_chance_saa[N=128],entry,False,not_met,,,"SAA over the N training scenarios proven infeasible for every alpha_train of the declared grid (training scenarios only; not a population, field or whole-space statement)",main_reference_plan_domain,cp_upper,,,,,False,0,4,0,,,,no scored grid candidate with a ration (not a whole-space statement),128,optimal,0.1015625,0.1015625,0.0996,0.0998,0.10486677278962013,"diagnostic frontier point (training scenarios only); not a method, never a member"
0,SD-SRC12,0.01,SDH0_MAIN9,SD-H0,MAIN9,SDH0_MAIN9:M2[N=512]@alpha=0.01,M2_joint_chance_saa,M2_joint_chance_saa[N=512],entry,False,not_met,,,"SAA over the N training scenarios proven infeasible for every alpha_train of the declared grid (training scenarios only; not a population, field or whole-space statement)",main_reference_plan_domain,cp_upper,,,,,False,0,4,0,,,,no scored grid candidate with a ration (not a whole-space statement),512,frontier_no_feasible_solution_found_no_ration,0.04296875,0.126953125,,,,
0,SD-SRC12,0.01,SDH0_MAIN9,SD-H0,MAIN9,SDH0_MAIN9:M3a[factory box]@alpha=0.01,M3a_box_robust,M3a_box_robust,entry,False,not_met,,,no value of the declared grid met the validation screen (candidate statuses: proven_infeasible); a grid without a solution is not a statement about the whole decision space,main_reference_plan_domain,cp_upper,,,,,False,0,5,0,,,,no scored grid candidate with a ration (not a whole-space statement),1024,frontier_no_feasible_solution_found_no_ration,0.044921875,0.1435546875,,,,
0,SD-SRC12,0.01,SDH0_MAIN9,SD-H0,MAIN9,SDH0_MAIN9:M3b[factory box]@alpha=0.01,M3b_budget_robust,M3b_budget_robust,entry,False,not_met,,,"no value of the declared grid met the validation screen (candidate statuses: optimal, proven_infeasible); a grid without a solution is not a statement about the whole decision space",main_reference_plan_domain,cp_upper,,,,,False,0,35,7,0.3156,0.3233336015399866,"gamma=1 {""k_box"": 1.5}",minimum attainable main-event rate_upper over the declared grid (descriptive; its cost is not a comparable cost),1024,frontier_no_feasible_solution_found_no_ration,0.044921875,0.1435546875,,,,
0,SD-SRC12,0.01,SDS2_MAIN9,SD-S2,MAIN9,SDS2_MAIN9:M0,M0_nominal,M0_nominal,entry,True,,,optimal,,main_reference_plan_domain,cp_upper,0.8741,0.8741,0.8795255661302405,False,False,0,1,1,0.8741,0.8795255661302405,,minimum attainable main-event rate_upper over the declared grid (descriptive; its cost is not a comparable cost),1024,optimal,0.0,0.0,0.2658,0.266,0.2733678779754028,"diagnostic frontier point (training scenarios only); not a method, never a member"
0,SD-SRC12,0.01,SDS2_MAIN9,SD-S2,MAIN9,"SDS2_MAIN9:M1[relative,apply_to_dm=False]@alpha=0.01",M1_safety_margin,M1_safety_margin[apply_to_dm=False],sensitivity_line,True,selected,k=0.075,optimal,,main_reference_plan_domain,cp_upper,0.3872,0.3874,0.3954865271210444,False,False,0,5,4,0.3874,0.3954865271210444,k=0.075,minimum attainable main-event rate_upper over the declared grid (descriptive; its cost is not a comparable cost),1024,optimal,0.0,0.0,0.2658,0.266,0.2733678779754028,"diagnostic frontier point (training scenarios only); not a method, never a member"
0,SD-SRC12,0.01,SDS2_MAIN9,SD-S2,MAIN9,"SDS2_MAIN9:M1[relative,apply_to_dm=True]@alpha=0.01",M1_safety_margin,M1_safety_margin[apply_to_dm=True],entry,False,not_met,,,"no value of the declared grid met the validation screen (candidate statuses: optimal, proven_infeasible); a grid without a solution is not a statement about the whole decision space",main_reference_plan_domain,cp_upper,,,,,False,0,5,2,0.7361,0.7433481591760914,k=0.025,minimum attainable main-event rate_upper over the declared grid (descriptive; its cost is not a comparable cost),1024,optimal,0.0,0.0,0.2658,0.266,0.2733678779754028,"diagnostic frontier point (training scenarios only); not a method, never a member"
0,SD-SRC12,0.01,SDS2_MAIN9,SD-S2,MAIN9,SDS2_MAIN9:M2[N=1024]@alpha=0.01,M2_joint_chance_saa,M2_joint_chance_saa[N=1024],entry,False,not_met,,,no value of the declared grid met the validation screen (candidate statuses: optimal); a grid without a solution is not a statement about the whole decision space,main_reference_plan_domain,cp_upper,,,,,False,0,4,4,0.2707,0.278107270928885,alpha_train=0.005,minimum attainable main-event rate_upper over the declared grid (descriptive; its cost is not a comparable cost),1024,optimal,0.0,0.0,0.2658,0.266,0.2733678779754028,"diagnostic frontier point (training scenarios only); not a method, never a member"
0,SD-SRC12,0.01,SDS2_MAIN9,SD-S2,MAIN9,SDS2_MAIN9:M2[N=128]@alpha=0.01,M2_joint_chance_saa,M2_joint_chance_saa[N=128],entry,False,not_met,,,no value of the declared grid met the validation screen (candidate statuses: optimal); a grid without a solution is not a statement about the whole decision space,main_reference_plan_domain,cp_upper,,,,,False,0,4,4,0.3828,0.3908696560618668,alpha_train=0.01,minimum attainable main-event rate_upper over the declared grid (descriptive; its cost is not a comparable cost),128,optimal,0.0,0.0,0.3914,0.3916,0.3997012738705504,"diagnostic frontier point (training scenarios only); not a method, never a member"
0,SD-SRC12,0.01,SDS2_MAIN9,SD-S2,MAIN9,SDS2_MAIN9:M2[N=512]@alpha=0.01,M2_joint_chance_saa,M2_joint_chance_saa[N=512],entry,True,selected,alpha_train=0.0025,optimal,,main_reference_plan_domain,cp_upper,0.2706,0.2708,0.2782080977697995,False,False,0,4,4,0.2641,0.2714516554164644,alpha_train=0.01,minimum attainable main-event rate_upper over the declared grid (descriptive; its cost is not a comparable cost),512,optimal,0.0,0.0,0.2833,0.2835,0.29100935307620646,"diagnostic frontier point (training scenarios only); not a method, never a member"
0,SD-SRC12,0.01,SDS2_MAIN9,SD-S2,MAIN9,SDS2_MAIN9:M3a[factory box]@alpha=0.01,M3a_box_robust,M3a_box_robust,entry,True,selected,k_box=1.5,optimal,,main_reference_plan_domain,cp_upper,0.3312,0.3314,0.33922824199948926,False,False,0,5,3,0.2111,0.2179243260646815,k_box=2.0,minimum attainable main-event rate_upper over the declared grid (descriptive; its cost is not a comparable cost),1024,optimal,0.0,0.0,0.2658,0.266,0.2733678779754028,"diagnostic frontier point (training scenarios only); not a method, never a member"
0,SD-SRC12,0.01,SDS2_MAIN9,SD-S2,MAIN9,"SDS2_MAIN9:M3b[factory box k=1.5, Gamma selected]@alpha=0.01",M3b_budget_robust,M3b_budget_robust,entry,True,selected,gamma=4,optimal,,main_reference_plan_domain,cp_upper,0.3775,0.3777,0.38575006550074165,False,False,0,35,27,0.1819,0.18836349667908162,"gamma=3 {""k_box"": 2.0}",minimum attainable main-event rate_upper over the declared grid (descriptive; its cost is not a comparable cost),1024,optimal,0.0,0.0,0.2658,0.266,0.2733678779754028,"diagnostic frontier point (training scenarios only); not a method, never a member"
0,SD-SRC12,0.01,SDSRC12_MAIN9,SD-SRC12,MAIN9,SDSRC12_MAIN9:M0,M0_nominal,M0_nominal,entry,True,,,optimal,,main_reference_plan_domain,cp_upper,0.8741,0.8741,0.8795255661302405,False,False,0,1,1,0.8741,0.8795255661302405,,minimum attainable main-event rate_upper over the declared grid (descriptive; its cost is not a comparable cost),1024,frontier_no_feasible_solution_found_no_ration,0.0244140625,0.0244140625,,,,
0,SD-SRC12,0.01,SDSRC12_MAIN9,SD-SRC12,MAIN9,"SDSRC12_MAIN9:M1[relative,apply_to_dm=False]@alpha=0.01",M1_safety_margin,M1_safety_margin[apply_to_dm=False],sensitivity_line,False,not_met,,,"no value of the declared grid met the validation screen (candidate statuses: optimal, proven_infeasible); a grid without a solution is not a statement about the whole decision space",main_reference_plan_domain,cp_upper,,,,,False,0,5,4,0.3874,0.3954865271210444,k=0.075,minimum attainable main-event rate_upper over the declared grid (descriptive; its cost is not a comparable cost),1024,frontier_no_feasible_solution_found_no_ration,0.0244140625,0.0244140625,,,,
0,SD-SRC12,0.01,SDSRC12_MAIN9,SD-SRC12,MAIN9,"SDSRC12_MAIN9:M1[relative,apply_to_dm=True]@alpha=0.01",M1_safety_margin,M1_safety_margin[apply_to_dm=True],entry,False,not_met,,,"no value of the declared grid met the validation screen (candidate statuses: optimal, proven_infeasible); a grid without a solution is not a statement about the whole decision space",main_reference_plan_domain,cp_upper,,,,,False,0,5,2,0.7361,0.7433481591760914,k=0.025,minimum attainable main-event rate_upper over the declared grid (descriptive; its cost is not a comparable cost),1024,frontier_no_feasible_solution_found_no_ration,0.0244140625,0.0244140625,,,,
0,SD-SRC12,0.01,SDSRC12_MAIN9,SD-SRC12,MAIN9,SDSRC12_MAIN9:M2[N=1024]@alpha=0.01,M2_joint_chance_saa,M2_joint_chance_saa[N=1024],entry,False,not_met,,,"SAA over the N training scenarios proven infeasible for every alpha_train of the declared grid (training scenarios only; not a population, field or whole-space statement)",main_reference_plan_domain,cp_upper,,,,,False,0,4,0,,,,no scored grid candidate with a ration (not a whole-space statement),1024,frontier_no_feasible_solution_found_no_ration,0.0244140625,0.0244140625,,,,
0,SD-SRC12,0.01,SDSRC12_MAIN9,SD-SRC12,MAIN9,SDSRC12_MAIN9:M2[N=128]@alpha=0.01,M2_joint_chance_saa,M2_joint_chance_saa[N=128],entry,False,not_met,,,"no value of the declared grid met the validation screen (candidate statuses: optimal, proven_infeasible); a grid without a solution is not a statement about the whole decision space",main_reference_plan_domain,cp_upper,,,,,False,0,4,1,0.083,0.08767831288471123,alpha_train=0.01,minimum attainable main-event rate_upper over the declared grid (descriptive; its cost is not a comparable cost),128,optimal,0.0078125,0.0078125,0.0828,0.083,0.08767831288471123,"diagnostic frontier point (training scenarios only); not a method, never a member"
0,SD-SRC12,0.01,SDSRC12_MAIN9,SD-SRC12,MAIN9,SDSRC12_MAIN9:M2[N=512]@alpha=0.01,M2_joint_chance_saa,M2_joint_chance_saa[N=512],entry,False,not_met,,,"SAA over the N training scenarios proven infeasible for every alpha_train of the declared grid (training scenarios only; not a population, field or whole-space statement)",main_reference_plan_domain,cp_upper,,,,,False,0,4,0,,,,no scored grid candidate with a ration (not a whole-space statement),512,optimal,0.025390625,0.025390625,0.0187,0.0189,0.021296758650943704,"diagnostic frontier point (training scenarios only); not a method, never a member"
0,SD-SRC12,0.01,SDSRC12_MAIN9,SD-SRC12,MAIN9,SDSRC12_MAIN9:M3a[factory box]@alpha=0.01,M3a_box_robust,M3a_box_robust,entry,False,not_met,,,no value of the declared grid met the validation screen (candidate statuses: proven_infeasible); a grid without a solution is not a statement about the whole decision space,main_reference_plan_domain,cp_upper,,,,,False,0,5,0,,,,no scored grid candidate with a ration (not a whole-space statement),1024,frontier_no_feasible_solution_found_no_ration,0.0244140625,0.0244140625,,,,
0,SD-SRC12,0.01,SDSRC12_MAIN9,SD-SRC12,MAIN9,SDSRC12_MAIN9:M3b[factory box]@alpha=0.01,M3b_budget_robust,M3b_budget_robust,entry,False,not_met,,,"no value of the declared grid met the validation screen (candidate statuses: optimal, proven_infeasible); a grid without a solution is not a statement about the whole decision space",main_reference_plan_domain,cp_upper,,,,,False,0,35,11,0.1251,0.13067259481074128,"gamma=4 {""k_box"": 1.0}",minimum attainable main-event rate_upper over the declared grid (descriptive; its cost is not a comparable cost),1024,frontier_no_feasible_solution_found_no_ration,0.0244140625,0.0244140625,,,,
0,SD-SRC12,0.01,SDSRC14_MAIN9,SD-SRC14,MAIN9,SDSRC14_MAIN9:M0,M0_nominal,M0_nominal,entry,True,,,optimal,,main_reference_plan_domain,cp_upper,0.8741,0.8741,0.8795255661302405,False,False,0,1,1,0.8741,0.8795255661302405,,minimum attainable main-event rate_upper over the declared grid (descriptive; its cost is not a comparable cost),1024,optimal,0.0,0.0,0.1052,0.1054,0.1105861503519411,"diagnostic frontier point (training scenarios only); not a method, never a member"
0,SD-SRC12,0.01,SDSRC14_MAIN9,SD-SRC14,MAIN9,"SDSRC14_MAIN9:M1[relative,apply_to_dm=False]@alpha=0.01",M1_safety_margin,M1_safety_margin[apply_to_dm=False],sensitivity_line,False,not_met,,,"no value of the declared grid met the validation screen (candidate statuses: optimal, proven_infeasible); a grid without a solution is not a statement about the whole decision space",main_reference_plan_domain,cp_upper,,,,,False,0,5,4,0.3874,0.3954865271210444,k=0.075,minimum attainable main-event rate_upper over the declared grid (descriptive; its cost is not a comparable cost),1024,optimal,0.0,0.0,0.1052,0.1054,0.1105861503519411,"diagnostic frontier point (training scenarios only); not a method, never a member"
0,SD-SRC12,0.01,SDSRC14_MAIN9,SD-SRC14,MAIN9,"SDSRC14_MAIN9:M1[relative,apply_to_dm=True]@alpha=0.01",M1_safety_margin,M1_safety_margin[apply_to_dm=True],entry,False,not_met,,,"no value of the declared grid met the validation screen (candidate statuses: optimal, proven_infeasible); a grid without a solution is not a statement about the whole decision space",main_reference_plan_domain,cp_upper,,,,,False,0,5,2,0.7361,0.7433481591760914,k=0.025,minimum attainable main-event rate_upper over the declared grid (descriptive; its cost is not a comparable cost),1024,optimal,0.0,0.0,0.1052,0.1054,0.1105861503519411,"diagnostic frontier point (training scenarios only); not a method, never a member"
0,SD-SRC12,0.01,SDSRC14_MAIN9,SD-SRC14,MAIN9,SDSRC14_MAIN9:M2[N=1024]@alpha=0.01,M2_joint_chance_saa,M2_joint_chance_saa[N=1024],entry,False,not_met,,,no value of the declared grid met the validation screen (candidate statuses: optimal); a grid without a solution is not a statement about the whole decision space,main_reference_plan_domain,cp_upper,,,,,False,0,4,4,0.0573,0.061269402242422076,alpha_train=0.005,minimum attainable main-event rate_upper over the declared grid (descriptive; its cost is not a comparable cost),1024,optimal,0.0,0.0,0.1052,0.1054,0.1105861503519411,"diagnostic frontier point (training scenarios only); not a method, never a member"
0,SD-SRC12,0.01,SDSRC14_MAIN9,SD-SRC14,MAIN9,SDSRC14_MAIN9:M2[N=128]@alpha=0.01,M2_joint_chance_saa,M2_joint_chance_saa[N=128],entry,False,not_met,,,no value of the declared grid met the validation screen (candidate statuses: optimal); a grid without a solution is not a statement about the whole decision space,main_reference_plan_domain,cp_upper,,,,,False,0,4,4,0.0731,0.0775243219247419,alpha_train=0.0075,minimum attainable main-event rate_upper over the declared grid (descriptive; its cost is not a comparable cost),128,optimal,0.0,0.0,0.0729,0.0731,0.0775243219247419,"diagnostic frontier point (training scenarios only); not a method, never a member"
0,SD-SRC12,0.01,SDSRC14_MAIN9,SD-SRC14,MAIN9,SDSRC14_MAIN9:M2[N=512]@alpha=0.01,M2_joint_chance_saa,M2_joint_chance_saa[N=512],entry,False,not_met,,,no value of the declared grid met the validation screen (candidate statuses: optimal); a grid without a solution is not a statement about the whole decision space,main_reference_plan_domain,cp_upper,,,,,False,0,4,4,0.0672,0.07146233597830295,alpha_train=0.0075,minimum attainable main-event rate_upper over the declared grid (descriptive; its cost is not a comparable cost),512,optimal,0.0,0.0,0.069,0.0692,0.07351821411451369,"diagnostic frontier point (training scenarios only); not a method, never a member"
0,SD-SRC12,0.01,SDSRC14_MAIN9,SD-SRC14,MAIN9,SDSRC14_MAIN9:M3a[factory box]@alpha=0.01,M3a_box_robust,M3a_box_robust,entry,False,not_met,,,"no value of the declared grid met the validation screen (candidate statuses: optimal, proven_infeasible); a grid without a solution is not a statement about the whole decision space",main_reference_plan_domain,cp_upper,,,,,False,0,5,1,0.2164,0.22328403780227088,k_box=1.0,minimum attainable main-event rate_upper over the declared grid (descriptive; its cost is not a comparable cost),1024,optimal,0.0,0.0,0.1052,0.1054,0.1105861503519411,"diagnostic frontier point (training scenarios only); not a method, never a member"
0,SD-SRC12,0.01,SDSRC14_MAIN9,SD-SRC14,MAIN9,"SDSRC14_MAIN9:M3b[factory box k=1.5, Gamma selected]@alpha=0.01",M3b_budget_robust,M3b_budget_robust,entry,True,selected,gamma=4,optimal,,main_reference_plan_domain,cp_upper,0.173,0.1732,0.17954465070925962,False,False,0,35,19,0.1247,0.1302652196156196,"gamma=3 {""k_box"": 1.5}",minimum attainable main-event rate_upper over the declared grid (descriptive; its cost is not a comparable cost),1024,optimal,0.0,0.0,0.1052,0.1054,0.1105861503519411,"diagnostic frontier point (training scenarios only); not a method, never a member"
