family,case,scenario,training_rep_id,policy,fMCP_multiplier,n_total,failure_count,failure_rate,known_failure_count,event_unknown_count,baseline_failure_count,sensitivity_only_failure_count,baseline_only_failure_count,diagnostic_upper,original_baseline_upper,n_NEL_defined,n_NEL_unknown,NEL_violation_count,NEL_violation_rate_total,NEL_positive_deficit_count,NEL_positive_frequency_defined,NEL_normalized_mean_defined,NEL_normalized_mean_violations,NEL_normalized_P95_violations,NEL_normalized_max_defined,NEL_normalized_P95_defined,NEL_top_ceil5pct_mean,top_count,top_contains_all_positive,top_rescaled_mean_error,positive_frequency_times_conditional_mean_error,scope,empirical_le_1pct,diagnostic_upper_le_1pct,empirical_le_2pct,diagnostic_upper_le_2pct,empirical_le_5pct,diagnostic_upper_le_5pct,empirical_le_10pct,diagnostic_upper_le_10pct,empirical_le_20pct,diagnostic_upper_le_20pct
coverage_formal,A,C0,0,Q2_safe_delta,0.8,20000,295,0.01475,295,0,428,0,133,0.01887307481202394,0.02627130033236738,20000,0,270,0.0135,270,0.0135,0.00015294943194819525,0.011329587551718168,0.035274173353554664,0.07128798648306886,0.0,0.003058988638963905,1000,True,4.336808689942018e-19,2.710505431213761e-20,posthoc_fixed_action_hypothetical_fMCP_diagnostic_not_new_certificate,False,False,True,True,True,True,True,True,True,True
coverage_formal,A,C0,0,Q2_safe_delta,0.9,20000,351,0.01755,351,0,428,0,77,0.022006239893344305,0.02627130033236738,20000,0,330,0.0165,330,0.0165,0.0001844348708385426,0.011177870959911676,0.035225911124020855,0.0732140550302907,0.0,0.003688697416770853,1000,True,8.673617379884035e-19,5.421010862427522e-20,posthoc_fixed_action_hypothetical_fMCP_diagnostic_not_new_certificate,False,False,True,False,True,True,True,True,True,True
coverage_formal,A,C0,0,Q2_safe_delta,1.0,20000,428,0.0214,428,0,428,0,0,0.02627130033236738,0.02627130033236738,20000,0,407,0.02035,407,0.02035,0.0002235132878813544,0.010983453949943704,0.03352956715968906,0.07514012357751253,0.0,0.004470265757627089,1000,True,8.673617379884035e-19,0.0,posthoc_fixed_action_hypothetical_fMCP_diagnostic_not_new_certificate,False,False,False,False,True,True,True,True,True,True
coverage_formal,A,C0,0,Q2_safe_delta,1.1,20000,526,0.0263,526,0,428,98,0,0.03164526655628639,0.02627130033236738,20000,0,506,0.0253,506,0.0253,0.0002723840318856929,0.010766167268209207,0.03453680836580059,0.07706619212473437,0.0,0.005447680637713857,1000,True,8.673617379884035e-19,0.0,posthoc_fixed_action_hypothetical_fMCP_diagnostic_not_new_certificate,False,False,False,False,True,True,True,True,True,True
coverage_formal,A,C0,0,Q2_safe_delta,1.2,20000,611,0.03055,611,0,428,183,0,0.036268687983690914,0.02627130033236738,20000,0,592,0.0296,592,0.0296,0.00033093617021085793,0.011180276020637092,0.03487423983387552,0.07899226067195621,0.0,0.00661872340421716,1000,True,8.673617379884035e-19,0.0,posthoc_fixed_action_hypothetical_fMCP_diagnostic_not_new_certificate,False,False,False,False,True,True,True,True,True,True
coverage_formal,A,C0,0,Q3_delta,0.8,20000,376,0.0188,371,5,518,0,142,0.023395874990213505,0.031208471246234694,19995,5,326,0.0163,326,0.01630407601900475,0.00019852362788060527,0.01217631883273835,0.04072809498129658,0.0754757651529954,0.0,0.0039694799394727025,1000,True,0.0,2.710505431213761e-20,posthoc_fixed_action_hypothetical_fMCP_diagnostic_not_new_certificate,False,False,True,False,True,True,True,True,True,True
coverage_formal,A,C0,0,Q3_delta,0.9,20000,443,0.02215,438,5,518,0,75,0.02709738397962166,0.031208471246234694,19995,5,397,0.01985,397,0.019854963740935233,0.00023675637193321507,0.011924291326963817,0.03786273402710716,0.07738717699360426,0.0,0.004733943656804636,1000,True,0.0,0.0,posthoc_fixed_action_hypothetical_fMCP_diagnostic_not_new_certificate,False,False,False,False,True,True,True,True,True,True
coverage_formal,A,C0,0,Q3_delta,1.0,20000,518,0.0259,513,5,518,0,0,0.031208471246234694,0.031208471246234694,19995,5,475,0.02375,475,0.023755938984746188,0.00028312014037301685,0.011917867803702045,0.03825004318674728,0.07929858883421315,0.0,0.005660987206758472,1000,True,8.673617379884035e-19,0.0,posthoc_fixed_action_hypothetical_fMCP_diagnostic_not_new_certificate,False,False,False,False,True,True,True,True,True,True
coverage_formal,A,C0,0,Q3_delta,1.1,20000,629,0.03145,624,5,518,111,0,0.037244023674568486,0.031208471246234694,19995,5,586,0.0293,586,0.029307326831707926,0.00033938650955175377,0.011580261533254806,0.035371144058409805,0.08121000067482202,0.0,0.006786033258487317,1000,True,0.0,0.0,posthoc_fixed_action_hypothetical_fMCP_diagnostic_not_new_certificate,False,False,False,False,True,True,True,True,True,True
coverage_formal,A,C0,0,Q3_delta,1.2,20000,731,0.03655,726,5,518,213,0,0.042749851616592296,0.031208471246234694,19995,5,691,0.03455,691,0.03455863965991498,0.00040774841558763905,0.01179874033238038,0.03655084089597475,0.08312141251543088,0.0,0.008152929569674842,1000,True,1.734723475976807e-18,0.0,posthoc_fixed_action_hypothetical_fMCP_diagnostic_not_new_certificate,False,False,False,False,True,True,True,True,True,True
coverage_formal,A,C0,1,Q2_safe_delta,0.8,20000,271,0.01355,271,0,407,0,136,0.017520165888632564,0.025112344568333455,20000,0,247,0.01235,247,0.01235,0.0001160638848243141,0.009397885410875637,0.030866193101835054,0.052078353556157524,0.0,0.0023212776964862823,1000,True,4.336808689942018e-19,2.710505431213761e-20,posthoc_fixed_action_hypothetical_fMCP_diagnostic_not_new_certificate,False,False,True,True,True,True,True,True,True,True
coverage_formal,A,C0,1,Q2_safe_delta,0.9,20000,336,0.0168,336,0,407,0,71,0.021169923109654713,0.025112344568333455,20000,0,314,0.0157,314,0.0157,0.00014566040473103993,0.009277732785416555,0.030583467402704855,0.054085405842983096,0.0,0.0029132080946207986,1000,True,0.0,2.710505431213761e-20,posthoc_fixed_action_hypothetical_fMCP_diagnostic_not_new_certificate,False,False,True,False,True,True,True,True,True,True
coverage_formal,A,C0,1,Q2_safe_delta,1.0,20000,407,0.02035,407,0,407,0,0,0.025112344568333455,0.025112344568333455,20000,0,386,0.0193,386,0.0193,0.00018278023735368668,0.009470478619362005,0.030765753197937735,0.056092458129808676,0.0,0.0036556047470737334,1000,True,0.0,2.710505431213761e-20,posthoc_fixed_action_hypothetical_fMCP_diagnostic_not_new_certificate,False,False,False,False,True,True,True,True,True,True
coverage_formal,A,C0,1,Q2_safe_delta,1.1,20000,495,0.02475,495,0,407,88,0,0.029950931421758104,0.025112344568333455,20000,0,475,0.02375,475,0.02375,0.00022846138201999588,0.009619426611368246,0.0279280366372842,0.05809951041663426,0.0,0.004569227640399917,1000,True,8.673617379884035e-19,2.710505431213761e-20,posthoc_fixed_action_hypothetical_fMCP_diagnostic_not_new_certificate,False,False,False,False,True,True,True,True,True,True
coverage_formal,A,C0,1,Q2_safe_delta,1.2,20000,596,0.0298,596,0,407,189,0,0.03545496628492621,0.025112344568333455,20000,0,578,0.0289,578,0.0289,0.0002854151220423372,0.009875955780011667,0.02763755195448284,0.06010656270345984,0.0,0.005708302440846743,1000,True,8.673617379884035e-19,5.421010862427522e-20,posthoc_fixed_action_hypothetical_fMCP_diagnostic_not_new_certificate,False,False,False,False,True,True,True,True,True,True
coverage_formal,A,C0,1,Q3_delta,0.8,20000,369,0.01845,365,4,516,0,147,0.023007286019989442,0.031099224211205312,19996,4,313,0.01565,313,0.015653130626125226,0.00015108339781961426,0.00965196045623325,0.03012669038512922,0.11679797443794722,0.0,0.003021063622801007,1000,True,4.336808689942018e-19,2.710505431213761e-20,posthoc_fixed_action_hypothetical_fMCP_diagnostic_not_new_certificate,False,False,True,False,True,True,True,True,True,True
coverage_formal,A,C0,1,Q3_delta,0.9,20000,436,0.0218,432,4,516,0,80,0.026712053011183515,0.031099224211205312,19996,4,381,0.01905,381,0.01905381076215243,0.0001879340000348285,0.009863328778730788,0.030460332528356438,0.11860014790549209,0.0,0.003757928264696431,1000,True,0.0,5.421010862427522e-20,posthoc_fixed_action_hypothetical_fMCP_diagnostic_not_new_certificate,False,False,False,False,True,True,True,True,True,True
coverage_formal,A,C0,1,Q3_delta,1.0,20000,516,0.0258,512,4,516,0,0,0.031099224211205312,0.031099224211205312,19996,4,463,0.02315,463,0.02315463092618524,0.00023268114038620975,0.010049010978753025,0.03085266324843964,0.12040232137303694,0.0,0.004652692083162651,1000,True,8.673617379884035e-19,2.710505431213761e-20,posthoc_fixed_action_hypothetical_fMCP_diagnostic_not_new_certificate,False,False,False,False,True,True,True,True,True,True
coverage_formal,A,C0,1,Q3_delta,1.1,20000,620,0.031,616,4,516,104,0,0.03675650707152508,0.031099224211205312,19996,4,571,0.02855,571,0.028555711142228445,0.0002874730826945444,0.010067095904658686,0.028652784505611123,0.12220449484058181,0.0,0.00574831176156011,1000,True,0.0,0.0,posthoc_fixed_action_hypothetical_fMCP_diagnostic_not_new_certificate,False,False,False,False,True,True,True,True,True,True
coverage_formal,A,C0,1,Q3_delta,1.2,20000,746,0.0373,742,4,516,230,0,0.043556787026757166,0.031099224211205312,19996,4,702,0.0351,702,0.035107021404280854,0.000355747426497766,0.010133227265312435,0.02927425683189238,0.12400666830812668,0.0,0.007113525540249329,1000,True,8.673617379884035e-19,0.0,posthoc_fixed_action_hypothetical_fMCP_diagnostic_not_new_certificate,False,False,False,False,True,True,True,True,True,True
coverage_formal,A,C0,2,Q2_safe_delta,0.8,20000,297,0.01485,297,0,431,0,134,0.018985518831701832,0.026436630022705694,20000,0,280,0.014,280,0.014,0.00014278469394983815,0.010198906710702725,0.029917644072963205,0.09236637879733584,0.0,0.0028556938789967624,1000,True,4.336808689942018e-19,0.0,posthoc_fixed_action_hypothetical_fMCP_diagnostic_not_new_certificate,False,False,True,True,True,True,True,True,True,True
coverage_formal,A,C0,2,Q2_safe_delta,0.9,20000,355,0.01775,355,0,431,0,76,0.022228927212882003,0.026436630022705694,20000,0,339,0.01695,339,0.01695,0.00017566395906068384,0.010363655401810258,0.02967806188916013,0.0942268712924221,0.0,0.003513279181213677,1000,True,0.0,2.710505431213761e-20,posthoc_fixed_action_hypothetical_fMCP_diagnostic_not_new_certificate,False,False,True,False,True,True,True,True,True,True
coverage_formal,A,C0,2,Q2_safe_delta,1.0,20000,431,0.02155,431,0,431,0,0,0.026436630022705694,0.026436630022705694,20000,0,417,0.02085,417,0.02085,0.00021577645149096006,0.010348990479182734,0.03103413646881101,0.09608736378750839,0.0,0.004315529029819201,1000,True,0.0,5.421010862427522e-20,posthoc_fixed_action_hypothetical_fMCP_diagnostic_not_new_certificate,False,False,False,False,True,True,True,True,True,True
coverage_formal,A,C0,2,Q2_safe_delta,1.1,20000,527,0.02635,527,0,431,96,0,0.03169984449745052,0.026436630022705694,20000,0,514,0.0257,514,0.0257,0.0002653382016822999,0.010324443645225674,0.031729599425853024,0.09794785628259467,0.0,0.005306764033645997,1000,True,8.673617379884035e-19,5.421010862427522e-20,posthoc_fixed_action_hypothetical_fMCP_diagnostic_not_new_certificate,False,False,False,False,True,True,True,True,True,True
coverage_formal,A,C0,2,Q2_safe_delta,1.2,20000,635,0.03175,635,0,431,204,0,0.03756886979007158,0.026436630022705694,20000,0,622,0.0311,622,0.0311,0.00032639436225231054,0.010494995570813844,0.032157279832627915,0.09980834877768095,0.0,0.00652788724504621,1000,True,0.0,0.0,posthoc_fixed_action_hypothetical_fMCP_diagnostic_not_new_certificate,False,False,False,False,True,True,True,True,True,True
coverage_formal,A,C0,2,Q3_delta,0.8,20000,365,0.01825,356,9,547,0,182,0.022785060813139055,0.03279042746193045,19991,9,326,0.0163,326,0.016307338302236005,0.00020167275900151503,0.012366994249077567,0.04331505930196466,0.09236637879733584,0.0,0.004031640125199287,1000,True,0.0,2.710505431213761e-20,posthoc_fixed_action_hypothetical_fMCP_diagnostic_not_new_certificate,False,False,True,False,True,True,True,True,True,True
coverage_formal,A,C0,2,Q3_delta,0.9,20000,440,0.022,431,9,547,0,107,0.02693227907965466,0.03279042746193045,19991,9,404,0.0202,404,0.020209094092341555,0.00024039527801468865,0.011895400997009014,0.0395922207851352,0.0942268712924221,0.0,0.004805742002791642,1000,True,8.673617379884035e-19,5.421010862427522e-20,posthoc_fixed_action_hypothetical_fMCP_diagnostic_not_new_certificate,False,False,False,False,True,True,True,True,True,True
coverage_formal,A,C0,2,Q3_delta,1.0,20000,547,0.02735,538,9,547,0,0,0.03279042746193045,0.03279042746193045,19991,9,514,0.0257,514,0.025711570206592968,0.000289207560105347,0.011248148509856016,0.036108303521658704,0.09608736378750839,0.0,0.005781548334065993,1000,True,8.673617379884035e-19,0.0,posthoc_fixed_action_hypothetical_fMCP_diagnostic_not_new_certificate,False,False,False,False,True,True,True,True,True,True
coverage_formal,A,C0,2,Q3_delta,1.1,20000,660,0.033,651,9,547,113,0,0.03892101716578201,0.03279042746193045,19991,9,629,0.03145,629,0.03146415887149217,0.00035048090956191127,0.011139052246505833,0.03349558770095582,0.09794785628259467,0.0,0.00700646386305217,1000,True,1.734723475976807e-18,0.0,posthoc_fixed_action_hypothetical_fMCP_diagnostic_not_new_certificate,False,False,False,False,True,True,True,True,True,True
coverage_formal,A,C0,2,Q3_delta,1.2,20000,819,0.04095,810,9,547,272,0,0.04747501172890207,0.03279042746193045,19991,9,789,0.03945,789,0.0394677604922215,0.0004259116560624181,0.010791381389535868,0.03208556124753785,0.09980834877768095,0.0,0.0085143999163438,1000,True,0.0,5.421010862427522e-20,posthoc_fixed_action_hypothetical_fMCP_diagnostic_not_new_certificate,False,False,False,False,True,True,True,True,True,True
coverage_formal,A,C1_Table6_matched,0,Q2_safe_delta,0.8,20000,276,0.0138,276,0,409,0,133,0.017802587063341927,0.025222848775531475,20000,0,252,0.0126,252,0.0126,0.00012125995370883746,0.009623805849907735,0.03445445879793889,0.06534543456821855,0.0,0.002425199074176749,1000,True,4.336808689942018e-19,0.0,posthoc_fixed_action_hypothetical_fMCP_diagnostic_not_new_certificate,False,False,True,True,True,True,True,True,True,True
coverage_formal,A,C1_Table6_matched,0,Q2_safe_delta,0.9,20000,329,0.01645,329,0,409,0,80,0.02077894692243556,0.025222848775531475,20000,0,311,0.01555,311,0.01555,0.00015084491019099844,0.00970063731131823,0.03129012995493279,0.06728870237280331,0.0,0.003016898203819969,1000,True,4.336808689942018e-19,2.710505431213761e-20,posthoc_fixed_action_hypothetical_fMCP_diagnostic_not_new_certificate,False,False,True,False,True,True,True,True,True,True
coverage_formal,A,C1_Table6_matched,0,Q2_safe_delta,1.0,20000,409,0.02045,409,0,409,0,0,0.025222848775531475,0.025222848775531475,20000,0,391,0.01955,391,0.01955,0.00018849633829727557,0.009641756434643252,0.03110465239918553,0.06923197017738807,0.0,0.0037699267659455113,1000,True,4.336808689942018e-19,0.0,posthoc_fixed_action_hypothetical_fMCP_diagnostic_not_new_certificate,False,False,False,False,True,True,True,True,True,True
coverage_formal,A,C1_Table6_matched,0,Q2_safe_delta,1.1,20000,488,0.0244,488,0,409,79,0,0.02956766636077693,0.025222848775531475,20000,0,474,0.0237,474,0.0237,0.00023430751389877838,0.009886392991509636,0.02985402538813718,0.07117523798197282,0.0,0.004686150277975567,1000,True,8.673617379884035e-19,2.710505431213761e-20,posthoc_fixed_action_hypothetical_fMCP_diagnostic_not_new_certificate,False,False,False,False,True,True,True,True,True,True
coverage_formal,A,C1_Table6_matched,0,Q2_safe_delta,1.2,20000,597,0.02985,597,0,409,188,0,0.0355092417225447,0.025222848775531475,20000,0,584,0.0292,584,0.0292,0.00029061054643106523,0.009952415973666617,0.028855026645487357,0.07311850578655758,0.0,0.005812210928621305,1000,True,0.0,0.0,posthoc_fixed_action_hypothetical_fMCP_diagnostic_not_new_certificate,False,False,False,False,True,True,True,True,True,True
coverage_formal,A,C1_Table6_matched,0,Q3_delta,0.8,20000,352,0.0176,345,7,506,0,154,0.022061924477436923,0.0305526943019955,19993,7,297,0.01485,297,0.014855199319761916,0.00015095188289371696,0.01016155217068715,0.03130901157805367,0.11359948068421094,0.0,0.0030179809946940827,1000,True,0.0,0.0,posthoc_fixed_action_hypothetical_fMCP_diagnostic_not_new_certificate,False,False,True,False,True,True,True,True,True,True
coverage_formal,A,C1_Table6_matched,0,Q3_delta,0.9,20000,411,0.02055,404,7,506,0,95,0.025333325608035716,0.0305526943019955,19993,7,360,0.018,360,0.01800630220577202,0.0001858078720977341,0.010319046630138884,0.03143824850093426,0.11540757069197657,0.0,0.0037148567868499987,1000,True,8.673617379884035e-19,0.0,posthoc_fixed_action_hypothetical_fMCP_diagnostic_not_new_certificate,False,False,False,False,True,True,True,True,True,True
coverage_formal,A,C1_Table6_matched,0,Q3_delta,1.0,20000,506,0.0253,499,7,506,0,0,0.0305526943019955,0.0305526943019955,19993,7,458,0.0229,458,0.02290801780623218,0.00022922099050068446,0.01000614686262049,0.028499135349888363,0.11721566069974221,0.0,0.004582815263080184,1000,True,0.0,2.710505431213761e-20,posthoc_fixed_action_hypothetical_fMCP_diagnostic_not_new_certificate,False,False,False,False,True,True,True,True,True,True
coverage_formal,A,C1_Table6_matched,0,Q3_delta,1.1,20000,605,0.03025,598,7,506,99,0,0.0359433040232187,0.0305526943019955,19993,7,557,0.02785,557,0.027859750912819486,0.00028309758160780603,0.010161525940906404,0.028082707649552768,0.11902375070750784,0.0,0.005659969949084866,1000,True,8.673617379884035e-19,5.421010862427522e-20,posthoc_fixed_action_hypothetical_fMCP_diagnostic_not_new_certificate,False,False,False,False,True,True,True,True,True,True
coverage_formal,A,C1_Table6_matched,0,Q3_delta,1.2,20000,739,0.03695,732,7,506,233,0,0.04318029836698732,0.0305526943019955,19993,7,692,0.0346,692,0.034612114239984,0.0003502891374601448,0.010120420123180167,0.028354985633339023,0.12083184071527348,0.0,0.007003330725240676,1000,True,8.673617379884035e-19,5.421010862427522e-20,posthoc_fixed_action_hypothetical_fMCP_diagnostic_not_new_certificate,False,False,False,False,True,True,True,True,True,True
coverage_formal,A,C1_Table6_matched,1,Q2_safe_delta,0.8,20000,271,0.01355,271,0,396,0,125,0.017520165888632564,0.024504073178322754,20000,0,253,0.01265,253,0.01265,0.000129567728605359,0.010242508190146956,0.03368427978721051,0.07593019683060069,0.0,0.0025913545721071795,1000,True,4.336808689942018e-19,0.0,posthoc_fixed_action_hypothetical_fMCP_diagnostic_not_new_certificate,False,False,True,True,True,True,True,True,True,True
coverage_formal,A,C1_Table6_matched,1,Q2_safe_delta,0.9,20000,334,0.0167,334,0,396,0,62,0.021058261876604926,0.024504073178322754,20000,0,316,0.0158,316,0.0158,0.00015942159540242021,0.010089974392558243,0.030812364045881193,0.07788941335755832,0.0,0.003188431908048405,1000,True,8.673617379884035e-19,2.710505431213761e-20,posthoc_fixed_action_hypothetical_fMCP_diagnostic_not_new_certificate,False,False,True,False,True,True,True,True,True,True
coverage_formal,A,C1_Table6_matched,1,Q2_safe_delta,1.0,20000,396,0.0198,396,0,396,0,0,0.024504073178322754,0.024504073178322754,20000,0,381,0.01905,381,0.01905,0.00019610100562434036,0.010294016043272462,0.030299419464875386,0.07984862988451594,0.0,0.003922020112486807,1000,True,0.0,5.421010862427522e-20,posthoc_fixed_action_hypothetical_fMCP_diagnostic_not_new_certificate,False,False,True,False,True,True,True,True,True,True
coverage_formal,A,C1_Table6_matched,1,Q2_safe_delta,1.1,20000,479,0.02395,479,0,396,83,0,0.029074515481942845,0.024504073178322754,20000,0,466,0.0233,466,0.0233,0.00024134049155051507,0.01035796101075172,0.029596458243342512,0.08180784641147357,0.0,0.004826809831010301,1000,True,8.673617379884035e-19,0.0,posthoc_fixed_action_hypothetical_fMCP_diagnostic_not_new_certificate,False,False,False,False,True,True,True,True,True,True
coverage_formal,A,C1_Table6_matched,1,Q2_safe_delta,1.2,20000,587,0.02935,587,0,396,191,0,0.03496630825127399,0.024504073178322754,20000,0,575,0.02875,575,0.02875,0.0002967401845683283,0.010321397724115767,0.029572494210107055,0.08376706293843118,0.0,0.005934803691366565,1000,True,8.673617379884035e-19,0.0,posthoc_fixed_action_hypothetical_fMCP_diagnostic_not_new_certificate,False,False,False,False,True,True,True,True,True,True
coverage_formal,A,C1_Table6_matched,1,Q3_delta,0.8,20000,388,0.0194,382,6,523,0,135,0.02406115060938744,0.031481504235371556,19994,6,320,0.016,320,0.01600480144043213,0.00015462130686912974,0.009660932529816812,0.03144891739407243,0.06264965541518468,0.0,0.0030914984095413807,1000,True,8.673617379884035e-19,0.0,posthoc_fixed_action_hypothetical_fMCP_diagnostic_not_new_certificate,False,False,True,False,True,True,True,True,True,True
coverage_formal,A,C1_Table6_matched,1,Q3_delta,0.9,20000,458,0.0229,452,6,523,0,65,0.027922096993368905,0.031481504235371556,19994,6,393,0.01965,393,0.01965589676903071,0.00019268832705245857,0.009803079926429661,0.028919485383434942,0.06466343677929816,0.0,0.0038526104110868575,1000,True,8.673617379884035e-19,2.710505431213761e-20,posthoc_fixed_action_hypothetical_fMCP_diagnostic_not_new_certificate,False,False,False,False,True,True,True,True,True,True
coverage_formal,A,C1_Table6_matched,1,Q3_delta,1.0,20000,523,0.02615,517,6,523,0,0,0.031481504235371556,0.031481504235371556,19994,6,460,0.023,460,0.023006902070621185,0.00023779965360108514,0.010336013639348034,0.028925504724623522,0.06667721814341164,0.0,0.004754566274100097,1000,True,8.673617379884035e-19,2.710505431213761e-20,posthoc_fixed_action_hypothetical_fMCP_diagnostic_not_new_certificate,False,False,False,False,True,True,True,True,True,True
coverage_formal,A,C1_Table6_matched,1,Q3_delta,1.1,20000,606,0.0303,600,6,523,83,0,0.03599754430210509,0.031481504235371556,19994,6,550,0.0275,550,0.027508252475742723,0.00029170874144164306,0.010604408320698568,0.02970440833352138,0.06869099950752511,0.0,0.005832424576384211,1000,True,0.0,5.421010862427522e-20,posthoc_fixed_action_hypothetical_fMCP_diagnostic_not_new_certificate,False,False,False,False,True,True,True,True,True,True
coverage_formal,A,C1_Table6_matched,1,Q3_delta,1.2,20000,738,0.0369,732,6,523,215,0,0.043126502725742845,0.031481504235371556,19994,6,685,0.03425,685,0.03426027808342503,0.00035813107365402925,0.010453244798012644,0.030712836508775508,0.07070478087163859,0.0,0.007160472686638661,1000,True,0.0,5.421010862427522e-20,posthoc_fixed_action_hypothetical_fMCP_diagnostic_not_new_certificate,False,False,False,False,True,True,True,True,True,True
coverage_formal,A,C1_Table6_matched,2,Q2_safe_delta,0.8,20000,266,0.0133,266,0,405,0,139,0.017237431692441657,0.025001812789411663,20000,0,247,0.01235,247,0.01235,0.00012251137776818347,0.009919949616856962,0.031129122822244535,0.048117206823933494,0.0,0.0024502275553636692,1000,True,0.0,2.710505431213761e-20,posthoc_fixed_action_hypothetical_fMCP_diagnostic_not_new_certificate,False,False,True,True,True,True,True,True,True,True
coverage_formal,A,C1_Table6_matched,2,Q2_safe_delta,0.9,20000,326,0.0163,326,0,405,0,79,0.020611245300043966,0.025001812789411663,20000,0,307,0.01535,307,0.01535,0.00015159315821787969,0.009875775779666428,0.03093401029261042,0.05016065736751799,0.0,0.0030318631643575936,1000,True,0.0,0.0,posthoc_fixed_action_hypothetical_fMCP_diagnostic_not_new_certificate,False,False,True,False,True,True,True,True,True,True
coverage_formal,A,C1_Table6_matched,2,Q2_safe_delta,1.0,20000,405,0.02025,405,0,405,0,0,0.025001812789411663,0.025001812789411663,20000,0,387,0.01935,387,0.01935,0.00018854152616787142,0.009743748122370614,0.03098390548822598,0.052204107911102485,0.0,0.0037708305233574283,1000,True,0.0,5.421010862427522e-20,posthoc_fixed_action_hypothetical_fMCP_diagnostic_not_new_certificate,False,False,False,False,True,True,True,True,True,True
coverage_formal,A,C1_Table6_matched,2,Q2_safe_delta,1.1,20000,487,0.02435,487,0,405,82,0,0.02951289318308668,0.025001812789411663,20000,0,469,0.02345,469,0.02345,0.00023422264780885075,0.009988172614449925,0.031152488052856277,0.054247558454686984,0.0,0.0046844529561770164,1000,True,1.734723475976807e-18,2.710505431213761e-20,posthoc_fixed_action_hypothetical_fMCP_diagnostic_not_new_certificate,False,False,False,False,True,True,True,True,True,True
coverage_formal,A,C1_Table6_matched,2,Q2_safe_delta,1.2,20000,600,0.03,600,0,405,195,0,0.03567204440721303,0.025001812789411663,20000,0,585,0.02925,585,0.02925,0.00029063335876997883,0.009936183205811243,0.03091954742616796,0.056291008998271476,0.0,0.005812667175399578,1000,True,1.734723475976807e-18,0.0,posthoc_fixed_action_hypothetical_fMCP_diagnostic_not_new_certificate,False,False,False,False,True,True,True,True,True,True
coverage_formal,A,C1_Table6_matched,2,Q3_delta,0.8,20000,354,0.0177,340,14,511,0,157,0.022173268101931647,0.03082602106702986,19986,14,307,0.01535,307,0.015360752526768738,0.00017345387084581737,0.011292016490959303,0.0364751976810835,0.1009594903322816,0.0,0.0034666490627245057,1000,True,4.336808689942018e-19,0.0,posthoc_fixed_action_hypothetical_fMCP_diagnostic_not_new_certificate,False,False,True,False,True,True,True,True,True,True
coverage_formal,A,C1_Table6_matched,2,Q3_delta,0.9,20000,431,0.02155,417,14,511,0,80,0.026436630022705694,0.03082602106702986,19986,14,385,0.01925,385,0.019263484439107376,0.00020929621004305972,0.010864919620572967,0.037136056929611146,0.10280074154743703,0.0,0.004182994053920593,1000,True,8.673617379884035e-19,5.421010862427522e-20,posthoc_fixed_action_hypothetical_fMCP_diagnostic_not_new_certificate,False,False,False,False,True,True,True,True,True,True
coverage_formal,A,C1_Table6_matched,2,Q3_delta,1.0,20000,511,0.02555,497,14,511,0,0,0.03082602106702986,0.03082602106702986,19986,14,467,0.02335,467,0.02336635644951466,0.00025454133494391576,0.010893497045372805,0.03591317046072991,0.10464199276259245,0.0,0.005087263120189101,1000,True,0.0,5.421010862427522e-20,posthoc_fixed_action_hypothetical_fMCP_diagnostic_not_new_certificate,False,False,False,False,True,True,True,True,True,True
coverage_formal,A,C1_Table6_matched,2,Q3_delta,1.1,20000,627,0.03135,613,14,511,116,0,0.0371357124689386,0.03082602106702986,19986,14,583,0.02915,583,0.029170419293505452,0.0003102515945112085,0.010635829104461427,0.03371737906005876,0.10648324397774786,0.0,0.006200688367901013,1000,True,0.0,5.421010862427522e-20,posthoc_fixed_action_hypothetical_fMCP_diagnostic_not_new_certificate,False,False,False,False,True,True,True,True,True,True
coverage_formal,A,C1_Table6_matched,2,Q3_delta,1.2,20000,764,0.0382,750,14,511,253,0,0.04452426193135252,0.03082602106702986,19986,14,721,0.03605,721,0.03607525267687381,0.0003797177809789622,0.010525713690215724,0.03244472517248016,0.10832449519290328,0.0,0.007589039570645537,1000,True,1.734723475976807e-18,1.0842021724855044e-19,posthoc_fixed_action_hypothetical_fMCP_diagnostic_not_new_certificate,False,False,False,False,True,True,True,True,True,True
coverage_formal,A,C2_Corn4D_author,0,Q2_safe_delta,0.8,20000,234,0.0117,234,0,353,0,119,0.015419904498657582,0.022117600535166673,20000,0,209,0.01045,209,0.01045,0.00011442844084005726,0.010950090032541365,0.029977966392648124,0.07077406029735764,0.0,0.0022885688168011445,1000,True,8.673617379884035e-19,1.3552527156068805e-20,posthoc_fixed_action_hypothetical_fMCP_diagnostic_not_new_certificate,False,False,True,True,True,True,True,True,True,True
coverage_formal,A,C2_Corn4D_author,0,Q2_safe_delta,0.9,20000,282,0.0141,282,0,353,0,71,0.018141090953281223,0.022117600535166673,20000,0,257,0.01285,257,0.01285,0.00013872598779006534,0.01079579671518018,0.029576757047641417,0.07271137978363879,0.0,0.002774519755801307,1000,True,0.0,2.710505431213761e-20,posthoc_fixed_action_hypothetical_fMCP_diagnostic_not_new_certificate,False,False,True,True,True,True,True,True,True,True
coverage_formal,A,C2_Corn4D_author,0,Q2_safe_delta,1.0,20000,353,0.01765,353,0,353,0,0,0.022117600535166673,0.022117600535166673,20000,0,330,0.0165,330,0.0165,0.00016976640340661387,0.010288872933734174,0.02961308025542046,0.07464869926991995,0.0,0.003395328068132277,1000,True,4.336808689942018e-19,0.0,posthoc_fixed_action_hypothetical_fMCP_diagnostic_not_new_certificate,False,False,True,False,True,True,True,True,True,True
coverage_formal,A,C2_Corn4D_author,0,Q2_safe_delta,1.1,20000,443,0.02215,443,0,353,90,0,0.02709738397962166,0.022117600535166673,20000,0,420,0.021,420,0.021,0.00021002246303852284,0.010001069668501087,0.030645043289171354,0.07658601875620111,0.0,0.004200449260770457,1000,True,0.0,0.0,posthoc_fixed_action_hypothetical_fMCP_diagnostic_not_new_certificate,False,False,False,False,True,True,True,True,True,True
coverage_formal,A,C2_Corn4D_author,0,Q2_safe_delta,1.2,20000,540,0.027,540,0,353,187,0,0.03240893219008975,0.022117600535166673,20000,0,519,0.02595,519,0.02595,0.000259580060520255,0.010003085183824855,0.03150298856898301,0.07852333824248225,0.0,0.005191601210405099,1000,True,8.673617379884035e-19,5.421010862427522e-20,posthoc_fixed_action_hypothetical_fMCP_diagnostic_not_new_certificate,False,False,False,False,True,True,True,True,True,True
coverage_formal,A,C2_Corn4D_author,0,Q3_delta,0.8,20000,303,0.01515,295,8,430,0,127,0.019322589993748352,0.026381526493627353,19991,9,257,0.01285,257,0.012855785103296484,0.0001347030191513075,0.010478007999431084,0.03246742703418189,0.07533917560948455,0.0,0.002692848055853789,1000,True,4.336808689942018e-19,2.710505431213761e-20,posthoc_fixed_action_hypothetical_fMCP_diagnostic_not_new_certificate,False,False,True,True,True,True,True,True,True,True
coverage_formal,A,C2_Corn4D_author,0,Q3_delta,0.9,20000,353,0.01765,345,8,430,0,77,0.022117600535166673,0.026381526493627353,19991,9,307,0.01535,307,0.015356910609774399,0.00016472638330850424,0.010726531363909799,0.032744816949941295,0.07726855151631548,0.0,0.0032930451287203084,1000,True,4.336808689942018e-19,2.710505431213761e-20,posthoc_fixed_action_hypothetical_fMCP_diagnostic_not_new_certificate,False,False,True,False,True,True,True,True,True,True
coverage_formal,A,C2_Corn4D_author,0,Q3_delta,1.0,20000,430,0.0215,422,8,430,0,0,0.026381526493627353,0.026381526493627353,19991,9,385,0.01925,385,0.019258666399879946,0.00020109228174906716,0.010441651440118447,0.03247965830968586,0.07919792742314641,0.0,0.004020035804445602,1000,True,8.673617379884035e-19,2.710505431213761e-20,posthoc_fixed_action_hypothetical_fMCP_diagnostic_not_new_certificate,False,False,False,False,True,True,True,True,True,True
coverage_formal,A,C2_Corn4D_author,0,Q3_delta,1.1,20000,520,0.026,512,8,430,90,0,0.03131769889031496,0.026381526493627353,19991,9,478,0.0239,478,0.023910759841928867,0.00024719813534600417,0.01033836385711709,0.03242045674453245,0.08112730332997733,0.0,0.00494173792370197,1000,True,8.673617379884035e-19,0.0,posthoc_fixed_action_hypothetical_fMCP_diagnostic_not_new_certificate,False,False,False,False,True,True,True,True,True,True
coverage_formal,A,C2_Corn4D_author,0,Q3_delta,1.2,20000,636,0.0318,628,8,430,206,0,0.037622998136121924,0.026381526493627353,19991,9,595,0.02975,595,0.02976339352708719,0.0003046548462353444,0.010235890808555916,0.032524762667961477,0.08305667923680825,0.0,0.006090355031090769,1000,True,8.673617379884035e-19,0.0,posthoc_fixed_action_hypothetical_fMCP_diagnostic_not_new_certificate,False,False,False,False,True,True,True,True,True,True
coverage_formal,A,C2_Corn4D_author,1,Q2_safe_delta,0.8,20000,232,0.0116,232,0,359,0,127,0.015305811389899653,0.022451479792999184,20000,0,210,0.0105,210,0.0105,0.0001095135827818952,0.010429865026847162,0.029600691315056944,0.09502770859309669,0.0,0.002190271655637904,1000,True,0.0,0.0,posthoc_fixed_action_hypothetical_fMCP_diagnostic_not_new_certificate,False,False,True,True,True,True,True,True,True,True
coverage_formal,A,C2_Corn4D_author,1,Q2_safe_delta,0.9,20000,292,0.0146,292,0,359,0,67,0.01870432575993864,0.022451479792999184,20000,0,271,0.01355,271,0.01355,0.00013494978544312082,0.009959393759639914,0.02816130529282191,0.09691726596237807,0.0,0.0026989957088624167,1000,True,4.336808689942018e-19,0.0,posthoc_fixed_action_hypothetical_fMCP_diagnostic_not_new_certificate,False,False,True,True,True,True,True,True,True,True
coverage_formal,A,C2_Corn4D_author,1,Q2_safe_delta,1.0,20000,359,0.01795,359,0,359,0,0,0.022451479792999184,0.022451479792999184,20000,0,340,0.017,340,0.017,0.00016742005333938805,0.009848238431728709,0.02868143309087729,0.09880682333165947,0.0,0.003348401066787761,1000,True,0.0,2.710505431213761e-20,posthoc_fixed_action_hypothetical_fMCP_diagnostic_not_new_certificate,False,False,True,False,True,True,True,True,True,True
coverage_formal,A,C2_Corn4D_author,1,Q2_safe_delta,1.1,20000,438,0.0219,438,0,359,79,0,0.02682217842832877,0.022451479792999184,20000,0,419,0.02095,419,0.02095,0.00020777565312045078,0.009917692273052543,0.029928423326682992,0.10069638070094088,0.0,0.004155513062409015,1000,True,8.673617379884035e-19,0.0,posthoc_fixed_action_hypothetical_fMCP_diagnostic_not_new_certificate,False,False,False,False,True,True,True,True,True,True
coverage_formal,A,C2_Corn4D_author,1,Q2_safe_delta,1.2,20000,541,0.02705,541,0,359,182,0,0.03246344510638251,0.022451479792999184,20000,0,524,0.0262,524,0.0262,0.0002576458528468717,0.009833811177361516,0.03079847141008437,0.10258593807022225,0.0,0.005152917056937435,1000,True,8.673617379884035e-19,0.0,posthoc_fixed_action_hypothetical_fMCP_diagnostic_not_new_certificate,False,False,False,False,True,True,True,True,True,True
coverage_formal,A,C2_Corn4D_author,1,Q3_delta,0.8,20000,325,0.01625,318,7,444,0,119,0.020555325731254098,0.027152406740183675,19993,7,259,0.01295,259,0.012954534086930425,0.00012050352793187162,0.009302034880084593,0.028171567322811574,0.08713035838295573,0.0,0.0024092270339419086,1000,True,4.336808689942018e-19,0.0,posthoc_fixed_action_hypothetical_fMCP_diagnostic_not_new_certificate,False,False,True,False,True,True,True,True,True,True
coverage_formal,A,C2_Corn4D_author,1,Q3_delta,0.9,20000,381,0.01905,374,7,444,0,63,0.023673205699484556,0.027152406740183675,19993,7,317,0.01585,317,0.015855549442304807,0.00015088591513544633,0.00951628423123968,0.027685551402661875,0.08901027090409498,0.0,0.0030166621013029793,1000,True,8.673617379884035e-19,0.0,posthoc_fixed_action_hypothetical_fMCP_diagnostic_not_new_certificate,False,False,True,False,True,True,True,True,True,True
coverage_formal,A,C2_Corn4D_author,1,Q3_delta,1.0,20000,444,0.0222,437,7,444,0,0,0.027152406740183675,0.027152406740183675,19993,7,385,0.01925,385,0.01925673985895063,0.0001879359121141459,0.009759487508826284,0.028411739629381268,0.09089018342523425,0.0,0.0037574026908981186,1000,True,0.0,0.0,posthoc_fixed_action_hypothetical_fMCP_diagnostic_not_new_certificate,False,False,False,False,True,True,True,True,True,True
coverage_formal,A,C2_Corn4D_author,1,Q3_delta,1.1,20000,548,0.0274,541,7,444,104,0,0.03284490877675089,0.027152406740183675,19993,7,490,0.0245,490,0.024508578002300805,0.00023443328247823415,0.009565356360382317,0.028425476579807443,0.09277009594637352,0.0,0.004687024616587335,1000,True,0.0,0.0,posthoc_fixed_action_hypothetical_fMCP_diagnostic_not_new_certificate,False,False,False,False,True,True,True,True,True,True
coverage_formal,A,C2_Corn4D_author,1,Q3_delta,1.2,20000,673,0.03365,666,7,444,229,0,0.03962328357278081,0.027152406740183675,19993,7,617,0.03085,617,0.030860801280448158,0.0002930998276886755,0.009497479505639693,0.027200771656634412,0.09465000846751279,0.0,0.005859944854979691,1000,True,1.734723475976807e-18,5.421010862427522e-20,posthoc_fixed_action_hypothetical_fMCP_diagnostic_not_new_certificate,False,False,False,False,True,True,True,True,True,True
coverage_formal,A,C2_Corn4D_author,2,Q2_safe_delta,0.8,20000,257,0.01285,257,0,397,0,140,0.01672769330728104,0.024559405930409766,20000,0,237,0.01185,237,0.01185,0.00011830612415086121,0.009983639168849052,0.03207942077399345,0.059467369498643875,0.0,0.0023661224830172243,1000,True,0.0,4.0657581468206416e-20,posthoc_fixed_action_hypothetical_fMCP_diagnostic_not_new_certificate,False,False,True,True,True,True,True,True,True,True
coverage_formal,A,C2_Corn4D_author,2,Q2_safe_delta,0.9,20000,317,0.01585,317,0,397,0,80,0.020107620405043387,0.024559405930409766,20000,0,298,0.0149,298,0.0149,0.00014636165140195784,0.009822929624292473,0.03052471283415559,0.0614250115949055,0.0,0.0029272330280391574,1000,True,8.673617379884035e-19,0.0,posthoc_fixed_action_hypothetical_fMCP_diagnostic_not_new_certificate,False,False,True,False,True,True,True,True,True,True
coverage_formal,A,C2_Corn4D_author,2,Q2_safe_delta,1.0,20000,397,0.01985,397,0,397,0,0,0.024559405930409766,0.024559405930409766,20000,0,378,0.0189,378,0.0189,0.00018213512844489515,0.009636779282798684,0.02866251662598209,0.06338265369116713,0.0,0.0036427025688979026,1000,True,4.336808689942018e-19,2.710505431213761e-20,posthoc_fixed_action_hypothetical_fMCP_diagnostic_not_new_certificate,False,False,True,False,True,True,True,True,True,True
coverage_formal,A,C2_Corn4D_author,2,Q2_safe_delta,1.1,20000,481,0.02405,481,0,397,84,0,0.02918414217982115,0.024559405930409766,20000,0,463,0.02315,463,0.02315,0.00022676371769354383,0.009795408971643365,0.02867639936035583,0.06534029578742875,0.0,0.004535274353870878,1000,True,8.673617379884035e-19,8.131516293641283e-20,posthoc_fixed_action_hypothetical_fMCP_diagnostic_not_new_certificate,False,False,False,False,True,True,True,True,True,True
coverage_formal,A,C2_Corn4D_author,2,Q2_safe_delta,1.2,20000,588,0.0294,588,0,397,191,0,0.03502061962529004,0.024559405930409766,20000,0,571,0.02855,571,0.02855,0.000281772303974343,0.009869432713637232,0.028929759141047857,0.06729793788369039,0.0,0.00563544607948686,1000,True,0.0,5.421010862427522e-20,posthoc_fixed_action_hypothetical_fMCP_diagnostic_not_new_certificate,False,False,False,False,True,True,True,True,True,True
coverage_formal,A,C2_Corn4D_author,2,Q3_delta,0.8,20000,336,0.0168,324,12,489,0,153,0.021169923109654713,0.029622434250625624,19988,12,298,0.0149,298,0.014908945367220332,0.00016778613643564746,0.011254058037166852,0.03953886513017045,0.0895676109961817,0.0,0.003353709295075722,1000,True,8.673617379884035e-19,2.710505431213761e-20,posthoc_fixed_action_hypothetical_fMCP_diagnostic_not_new_certificate,False,False,True,False,True,True,True,True,True,True
coverage_formal,A,C2_Corn4D_author,2,Q3_delta,0.9,20000,400,0.02,388,12,489,0,89,0.024725361400883883,0.029622434250625624,19988,12,362,0.0181,362,0.018110866519911947,0.00020269803132928388,0.011192066989529627,0.039221842997851954,0.09144081259730433,0.0,0.004051528250209725,1000,True,8.673617379884035e-19,8.131516293641283e-20,posthoc_fixed_action_hypothetical_fMCP_diagnostic_not_new_certificate,False,False,True,False,True,True,True,True,True,True
coverage_formal,A,C2_Corn4D_author,2,Q3_delta,1.0,20000,489,0.02445,477,12,489,0,0,0.029622434250625624,0.029622434250625624,19988,12,454,0.0227,454,0.022713628176906142,0.00024615358568003663,0.010837264032098176,0.035733084856189166,0.09331401419842696,0.0,0.0049201178705725705,1000,True,1.734723475976807e-18,5.421010862427522e-20,posthoc_fixed_action_hypothetical_fMCP_diagnostic_not_new_certificate,False,False,False,False,True,True,True,True,True,True
coverage_formal,A,C2_Corn4D_author,2,Q3_delta,1.1,20000,612,0.0306,600,12,489,123,0,0.03632290524139638,0.029622434250625624,19988,12,577,0.02885,577,0.02886732039223534,0.00030034837705161875,0.010404442565871327,0.03379093144826713,0.09518721579954958,0.0,0.006003363360507755,1000,True,0.0,0.0,posthoc_fixed_action_hypothetical_fMCP_diagnostic_not_new_certificate,False,False,False,False,True,True,True,True,True,True
coverage_formal,A,C2_Corn4D_author,2,Q3_delta,1.2,20000,718,0.0359,706,12,489,229,0,0.04204997247957449,0.029622434250625624,19988,12,685,0.03425,685,0.034270562337402444,0.00036772798232329626,0.010730141475442403,0.033106639780232094,0.09706041740067223,0.0,0.007350146910678046,1000,True,8.673617379884035e-19,5.421010862427522e-20,posthoc_fixed_action_hypothetical_fMCP_diagnostic_not_new_certificate,False,False,False,False,True,True,True,True,True,True
coverage_formal,C,C0,0,Q2_safe_delta,0.8,20000,88,0.0044,88,0,137,0,49,0.006841022941164364,0.009794499539603803,20000,0,78,0.0039,78,0.0039,4.7890648806641846e-05,0.012279653540164578,0.04438349032693503,0.07478226225055018,0.0,0.0009578129761328369,1000,True,0.0,6.776263578034403e-21,posthoc_fixed_action_hypothetical_fMCP_diagnostic_not_new_certificate,True,True,True,True,True,True,True,True,True,True
coverage_formal,C,C0,0,Q2_safe_delta,0.9,20000,110,0.0055,110,0,137,0,27,0.008181003891269254,0.009794499539603803,20000,0,100,0.005,100,0.005,5.7243323868261786e-05,0.011448664773652356,0.03584822193054878,0.07665050405781193,0.0,0.0011448664773652357,1000,True,0.0,0.0,posthoc_fixed_action_hypothetical_fMCP_diagnostic_not_new_certificate,True,True,True,True,True,True,True,True,True,True
coverage_formal,C,C0,0,Q2_safe_delta,1.0,20000,137,0.00685,137,0,137,0,0,0.009794499539603803,0.009794499539603803,20000,0,128,0.0064,128,0.0064,6.92672698475286e-05,0.010823010913676344,0.031192192681788498,0.07851874586507367,0.0,0.001385345396950572,1000,True,2.168404344971009e-19,0.0,posthoc_fixed_action_hypothetical_fMCP_diagnostic_not_new_certificate,True,True,True,True,True,True,True,True,True,True
coverage_formal,C,C0,0,Q2_safe_delta,1.1,20000,169,0.00845,169,0,137,32,0,0.01167463311969019,0.009794499539603803,20000,0,161,0.00805,161,0.00805,8.450405210242191e-05,0.010497397776698374,0.032234719793316643,0.0803869876723354,0.0,0.001690081042048438,1000,True,0.0,0.0,posthoc_fixed_action_hypothetical_fMCP_diagnostic_not_new_certificate,True,False,True,True,True,True,True,True,True,True
coverage_formal,C,C0,0,Q2_safe_delta,1.2,20000,228,0.0114,228,0,137,91,0,0.015077435522703997,0.009794499539603803,20000,0,221,0.01105,221,0.01105,0.00010485182587639366,0.009488853020488115,0.028819413392418523,0.08225522947959714,0.0,0.002097036517527873,1000,True,0.0,2.710505431213761e-20,posthoc_fixed_action_hypothetical_fMCP_diagnostic_not_new_certificate,False,False,True,True,True,True,True,True,True,True
coverage_formal,C,C0,0,Q3_delta,0.8,20000,139,0.00695,135,4,209,0,70,0.009912924423152062,0.01398900201318671,19996,4,104,0.0052,104,0.005201040208041608,6.109182723833437e-05,0.01174607862940129,0.036929383396871254,0.09921903793402201,0.0,0.0012215921774577341,1000,True,2.168404344971009e-19,0.0,posthoc_fixed_action_hypothetical_fMCP_diagnostic_not_new_certificate,True,True,True,True,True,True,True,True,True,True
coverage_formal,C,C0,0,Q3_delta,0.9,20000,167,0.00835,163,4,209,0,42,0.011557962262360525,0.01398900201318671,19996,4,133,0.00665,133,0.00665133026605321,7.36522777683001e-05,0.011073315385375404,0.033212890556293444,0.10103365324262126,0.0,0.001472750946254929,1000,True,0.0,1.3552527156068805e-20,posthoc_fixed_action_hypothetical_fMCP_diagnostic_not_new_certificate,True,False,True,True,True,True,True,True,True,True
coverage_formal,C,C0,0,Q3_delta,1.0,20000,209,0.01045,205,4,209,0,0,0.01398900201318671,0.01398900201318671,19996,4,177,0.00885,177,0.008851770354070814,9.022056508669556e-05,0.010192375251263076,0.031053803059076974,0.10284826855122052,0.0,0.0018040504194735646,1000,True,2.168404344971009e-19,0.0,posthoc_fixed_action_hypothetical_fMCP_diagnostic_not_new_certificate,False,False,True,True,True,True,True,True,True,True
coverage_formal,C,C0,0,Q3_delta,1.1,20000,260,0.013,256,4,209,51,0,0.016897725197530473,0.01398900201318671,19996,4,230,0.0115,230,0.011502300460092018,0.00011177826571269235,0.009717905222569549,0.02897820761469831,0.10466288385981977,0.0,0.002235118201190996,1000,True,0.0,1.3552527156068805e-20,posthoc_fixed_action_hypothetical_fMCP_diagnostic_not_new_certificate,False,False,True,True,True,True,True,True,True,True
coverage_formal,C,C0,0,Q3_delta,1.2,20000,336,0.0168,332,4,209,127,0,0.021169923109654713,0.01398900201318671,19996,4,306,0.0153,306,0.015303060612122424,0.0001399428996436202,0.009144765428999443,0.028588077203836663,0.10647749916841902,0.0,0.0027982982212738294,1000,True,0.0,0.0,posthoc_fixed_action_hypothetical_fMCP_diagnostic_not_new_certificate,False,False,True,False,True,True,True,True,True,True
coverage_formal,C,C0,1,Q2_safe_delta,0.8,20000,109,0.00545,109,0,165,0,56,0.008120650024870562,0.011441189226729362,20000,0,96,0.0048,96,0.0048,4.699692284966298e-05,0.009791025593679788,0.026961759239612016,0.04130013732174058,0.0,0.0009399384569932596,1000,True,0.0,6.776263578034403e-21,posthoc_fixed_action_hypothetical_fMCP_diagnostic_not_new_certificate,True,True,True,True,True,True,True,True,True,True
coverage_formal,C,C0,1,Q2_safe_delta,0.9,20000,133,0.00665,133,0,165,0,32,0.00955723635206106,0.011441189226729362,20000,0,121,0.00605,121,0.00605,5.8509474536187267e-05,0.009670987526642524,0.024989075005639245,0.04328568627363787,0.0,0.0011701894907237454,1000,True,0.0,0.0,posthoc_fixed_action_hypothetical_fMCP_diagnostic_not_new_certificate,True,True,True,True,True,True,True,True,True,True
coverage_formal,C,C0,1,Q2_safe_delta,1.0,20000,165,0.00825,165,0,165,0,0,0.011441189226729362,0.011441189226729362,20000,0,154,0.0077,154,0.0077,7.305265211695658e-05,0.00948735741778657,0.024780144194321382,0.04527123522553517,0.0,0.0014610530423391315,1000,True,0.0,1.3552527156068805e-20,posthoc_fixed_action_hypothetical_fMCP_diagnostic_not_new_certificate,True,False,True,True,True,True,True,True,True,True
coverage_formal,C,C0,1,Q2_safe_delta,1.1,20000,208,0.0104,208,0,165,43,0,0.013931539864579059,0.011441189226729362,20000,0,199,0.00995,199,0.00995,9.171969818224916e-05,0.009218060118819012,0.026526753668740945,0.04725678417743246,0.0,0.0018343939636449834,1000,True,0.0,1.3552527156068805e-20,posthoc_fixed_action_hypothetical_fMCP_diagnostic_not_new_certificate,False,False,True,True,True,True,True,True,True,True
coverage_formal,C,C0,1,Q2_safe_delta,1.2,20000,287,0.01435,287,0,165,122,0,0.018422852204902005,0.011441189226729362,20000,0,278,0.0139,278,0.0139,0.00011695203040322557,0.008413815136922702,0.02581496363167268,0.049242333129329754,0.0,0.0023390406080645116,1000,True,4.336808689942018e-19,1.3552527156068805e-20,posthoc_fixed_action_hypothetical_fMCP_diagnostic_not_new_certificate,False,False,True,True,True,True,True,True,True,True
coverage_formal,C,C0,1,Q3_delta,0.8,20000,214,0.0107,214,0,308,0,94,0.014276040017534564,0.01960318994013873,20000,0,165,0.00825,165,0.00825,9.765306751111852e-05,0.011836735455893156,0.036389192729203136,0.0849512092852353,0.0,0.0019530613502223705,1000,True,2.168404344971009e-19,2.710505431213761e-20,posthoc_fixed_action_hypothetical_fMCP_diagnostic_not_new_certificate,False,False,True,True,True,True,True,True,True,True
coverage_formal,C,C0,1,Q3_delta,0.9,20000,258,0.0129,258,0,308,0,50,0.016784384037197446,0.01960318994013873,20000,0,210,0.0105,210,0.0105,0.00011769161339743359,0.011208725085469867,0.03324288575478939,0.08682114669034259,0.0,0.002353832267948672,1000,True,4.336808689942018e-19,1.3552527156068805e-20,posthoc_fixed_action_hypothetical_fMCP_diagnostic_not_new_certificate,False,False,True,True,True,True,True,True,True,True
coverage_formal,C,C0,1,Q3_delta,1.0,20000,308,0.0154,308,0,308,0,0,0.01960318994013873,0.01960318994013873,20000,0,264,0.0132,264,0.0132,0.00014260230956502525,0.01080320527007767,0.03180669502478563,0.08869108409544989,0.0,0.0028520461913005054,1000,True,4.336808689942018e-19,0.0,posthoc_fixed_action_hypothetical_fMCP_diagnostic_not_new_certificate,False,False,True,True,True,True,True,True,True,True
coverage_formal,C,C0,1,Q3_delta,1.1,20000,376,0.0188,376,0,308,68,0,0.023395874990213505,0.01960318994013873,20000,0,334,0.0167,334,0.0167,0.00017429711130493498,0.010436952772750597,0.032432819519504,0.0905610215005572,0.0,0.0034859422260986993,1000,True,4.336808689942018e-19,2.710505431213761e-20,posthoc_fixed_action_hypothetical_fMCP_diagnostic_not_new_certificate,False,False,True,False,True,True,True,True,True,True
coverage_formal,C,C0,1,Q3_delta,1.2,20000,466,0.0233,466,0,308,158,0,0.028361406180245637,0.01960318994013873,20000,0,424,0.0212,424,0.0212,0.00021497400354490321,0.010140283186080339,0.03288550413261247,0.0924309589056645,0.0,0.004299480070898064,1000,True,0.0,2.710505431213761e-20,posthoc_fixed_action_hypothetical_fMCP_diagnostic_not_new_certificate,False,False,False,False,True,True,True,True,True,True
coverage_formal,C,C0,2,Q2_safe_delta,0.8,20000,80,0.004,80,0,130,0,50,0.006346399397324019,0.009378915140758254,20000,0,69,0.00345,69,0.00345,3.396900757504391e-05,0.00984608915218664,0.027874112007092722,0.06311710835201141,0.0,0.0006793801515008782,1000,True,0.0,0.0,posthoc_fixed_action_hypothetical_fMCP_diagnostic_not_new_certificate,True,True,True,True,True,True,True,True,True,True
coverage_formal,C,C0,2,Q2_safe_delta,0.9,20000,99,0.00495,99,0,130,0,31,0.007514364085814997,0.009378915140758254,20000,0,89,0.00445,89,0.00445,4.2270925304692866e-05,0.00949908433813323,0.028200376593656484,0.0650565950260358,0.0,0.0008454185060938573,1000,True,0.0,6.776263578034403e-21,posthoc_fixed_action_hypothetical_fMCP_diagnostic_not_new_certificate,True,True,True,True,True,True,True,True,True,True
coverage_formal,C,C0,2,Q2_safe_delta,1.0,20000,130,0.0065,130,0,130,0,0,0.009378915140758254,0.009378915140758254,20000,0,121,0.00605,121,0.00605,5.333962326171913e-05,0.008816466654829607,0.0277585321692102,0.06699608170006018,0.0,0.0010667924652343825,1000,True,2.168404344971009e-19,6.776263578034403e-21,posthoc_fixed_action_hypothetical_fMCP_diagnostic_not_new_certificate,True,True,True,True,True,True,True,True,True,True
coverage_formal,C,C0,2,Q2_safe_delta,1.1,20000,181,0.00905,181,0,130,51,0,0.012372608576338139,0.009378915140758254,20000,0,173,0.00865,173,0.00865,6.912332909057976e-05,0.007991136311049682,0.028548866275087424,0.06893556837408454,0.0,0.0013824665818115952,1000,True,0.0,1.3552527156068805e-20,posthoc_fixed_action_hypothetical_fMCP_diagnostic_not_new_certificate,True,False,True,True,True,True,True,True,True,True
coverage_formal,C,C0,2,Q2_safe_delta,1.2,20000,231,0.01155,231,0,130,101,0,0.015248741280353985,0.009378915140758254,20000,0,225,0.01125,225,0.01125,9.044251787884072e-05,0.00803933492256362,0.027020280510077637,0.07087505504810893,0.0,0.0018088503575768144,1000,True,0.0,0.0,posthoc_fixed_action_hypothetical_fMCP_diagnostic_not_new_certificate,False,False,True,True,True,True,True,True,True,True
coverage_formal,C,C0,2,Q3_delta,0.8,20000,161,0.00805,152,9,239,0,78,0.011207329241278314,0.01570486702405138,19991,9,104,0.0052,104,0.005202341053474063,5.115991942239614e-05,0.009834018742049243,0.033862548042236054,0.10664319972993384,0.0,0.0010227379491731213,1000,True,2.168404344971009e-19,0.0,posthoc_fixed_action_hypothetical_fMCP_diagnostic_not_new_certificate,True,False,True,True,True,True,True,True,True,True
coverage_formal,C,C0,2,Q3_delta,0.9,20000,187,0.00935,178,9,239,0,52,0.012720350060619523,0.01570486702405138,19991,9,131,0.00655,131,0.006552948826972138,6.328184936518045e-05,0.009657003440147496,0.027742090474573742,0.10846098825208143,0.0,0.001265067450659322,1000,True,2.168404344971009e-19,1.3552527156068805e-20,posthoc_fixed_action_hypothetical_fMCP_diagnostic_not_new_certificate,True,False,True,True,True,True,True,True,True,True
coverage_formal,C,C0,2,Q3_delta,1.0,20000,239,0.01195,230,9,239,0,0,0.01570486702405138,0.01570486702405138,19991,9,184,0.0092,184,0.009204141863838727,8.011710580764252e-05,0.008704462294568376,0.024031009329025164,0.11027877677422901,0.0,0.0016016210622005816,1000,True,0.0,2.710505431213761e-20,posthoc_fixed_action_hypothetical_fMCP_diagnostic_not_new_certificate,False,False,True,True,True,True,True,True,True,True
coverage_formal,C,C0,2,Q3_delta,1.1,20000,302,0.0151,293,9,239,63,0,0.019266438333503902,0.01570486702405138,19991,9,252,0.0126,252,0.012605672552648692,0.0001031294037374331,0.008181190119504068,0.02234920757260029,0.1120965652963766,0.0,0.002061659910115025,1000,True,0.0,0.0,posthoc_fixed_action_hypothetical_fMCP_diagnostic_not_new_certificate,False,False,True,True,True,True,True,True,True,True
coverage_formal,C,C0,2,Q3_delta,1.2,20000,371,0.01855,362,9,239,132,0,0.023118350755463216,0.01570486702405138,19991,9,322,0.0161,322,0.016107248261717774,0.0001334649684974694,0.008286019208797858,0.02298157465628663,0.11391435381852417,0.0,0.0026680981852329104,1000,True,0.0,2.710505431213761e-20,posthoc_fixed_action_hypothetical_fMCP_diagnostic_not_new_certificate,False,False,True,False,True,True,True,True,True,True
coverage_formal,C,C1_Table6_matched,0,Q2_safe_delta,0.8,20000,85,0.00425,85,0,131,0,46,0.0066560632607427965,0.00943839194200371,20000,0,74,0.0037,74,0.0037,3.240997618345717e-05,0.008759453022555992,0.029944601922365477,0.05197893419106016,0.0,0.0006481995236691434,1000,True,1.0842021724855044e-19,0.0,posthoc_fixed_action_hypothetical_fMCP_diagnostic_not_new_certificate,True,True,True,True,True,True,True,True,True,True
coverage_formal,C,C1_Table6_matched,0,Q2_safe_delta,0.9,20000,103,0.00515,103,0,131,0,28,0.0077574976368895215,0.00943839194200371,20000,0,92,0.0046,92,0.0046,4.100688163127545e-05,0.00891453948505988,0.02796205977174998,0.05392788826017745,0.0,0.000820137632625509,1000,True,0.0,0.0,posthoc_fixed_action_hypothetical_fMCP_diagnostic_not_new_certificate,True,True,True,True,True,True,True,True,True,True
coverage_formal,C,C1_Table6_matched,0,Q2_safe_delta,1.0,20000,131,0.00655,131,0,131,0,0,0.00943839194200371,0.00943839194200371,20000,0,120,0.006,120,0.006,5.2218249422311256e-05,0.00870304157038521,0.026274076083017402,0.05587684232929473,0.0,0.0010443649884462251,1000,True,0.0,0.0,posthoc_fixed_action_hypothetical_fMCP_diagnostic_not_new_certificate,True,True,True,True,True,True,True,True,True,True
coverage_formal,C,C1_Table6_matched,0,Q2_safe_delta,1.1,20000,159,0.00795,159,0,131,28,0,0.011090238460055362,0.00943839194200371,20000,0,149,0.00745,149,0.00745,6.623037474828458e-05,0.008889983187689207,0.025948160278897018,0.05782579639841202,0.0,0.001324607494965692,1000,True,4.336808689942018e-19,1.3552527156068805e-20,posthoc_fixed_action_hypothetical_fMCP_diagnostic_not_new_certificate,True,False,True,True,True,True,True,True,True,True
coverage_formal,C,C1_Table6_matched,0,Q2_safe_delta,1.2,20000,201,0.01005,201,0,131,70,0,0.013528779820565552,0.00943839194200371,20000,0,191,0.00955,191,0.00955,8.415917224141973e-05,0.008812478768735052,0.025279261068108086,0.0597747504675293,0.0,0.0016831834448283946,1000,True,0.0,1.3552527156068805e-20,posthoc_fixed_action_hypothetical_fMCP_diagnostic_not_new_certificate,False,False,True,True,True,True,True,True,True,True
coverage_formal,C,C1_Table6_matched,0,Q3_delta,0.8,20000,153,0.00765,141,12,211,0,58,0.010738298698411591,0.014103871381325093,19988,12,91,0.00455,91,0.00455273163898339,4.3281816044184904e-05,0.009506779550452392,0.032456522602783734,0.05359719022251857,0.0,0.0008651169390911679,1000,True,0.0,1.3552527156068805e-20,posthoc_fixed_action_hypothetical_fMCP_diagnostic_not_new_certificate,True,False,True,True,True,True,True,True,True,True
coverage_formal,C,C1_Table6_matched,0,Q3_delta,0.9,20000,178,0.0089,166,12,211,0,33,0.012198433998684982,0.014103871381325093,19988,12,117,0.00585,117,0.005853512107264359,5.421075178372288e-05,0.00926123509959874,0.0336152111528657,0.055596460388930555,0.0,0.0010835645066530528,1000,True,0.0,1.3552527156068805e-20,posthoc_fixed_action_hypothetical_fMCP_diagnostic_not_new_certificate,True,False,True,True,True,True,True,True,True,True
coverage_formal,C,C1_Table6_matched,0,Q3_delta,1.0,20000,211,0.01055,199,12,211,0,0,0.014103871381325093,0.014103871381325093,19988,12,153,0.00765,153,0.007654592755653392,6.815346153202333e-05,0.008903603850340407,0.031287109459101944,0.057595730555342554,0.0,0.0013622513891020822,1000,True,0.0,0.0,posthoc_fixed_action_hypothetical_fMCP_diagnostic_not_new_certificate,False,False,True,True,True,True,True,True,True,True
coverage_formal,C,C1_Table6_matched,0,Q3_delta,1.1,20000,249,0.01245,237,12,211,38,0,0.0162736735417261,0.014103871381325093,19988,12,191,0.00955,191,0.009555733440064038,8.650340603864519e-05,0.009052513507332147,0.02748897233975063,0.059595000721754554,0.0,0.0017290300799004399,1000,True,2.168404344971009e-19,1.3552527156068805e-20,posthoc_fixed_action_hypothetical_fMCP_diagnostic_not_new_certificate,False,False,True,True,True,True,True,True,True,True
coverage_formal,C,C1_Table6_matched,0,Q3_delta,1.2,20000,304,0.0152,292,12,211,93,0,0.019378731029002682,0.014103871381325093,19988,12,248,0.0124,248,0.012407444466680007,0.00010959638285555428,0.008833114921438786,0.024898972404907075,0.06159427088816654,0.0,0.0021906125005168187,1000,True,0.0,1.3552527156068805e-20,posthoc_fixed_action_hypothetical_fMCP_diagnostic_not_new_certificate,False,False,True,True,True,True,True,True,True,True
coverage_formal,C,C1_Table6_matched,1,Q2_safe_delta,0.8,20000,89,0.00445,89,0,151,0,62,0.00690254345915088,0.010620755851950688,20000,0,77,0.00385,77,0.00385,3.456322658289832e-05,0.008977461450103462,0.028890590487606293,0.038229235247869614,0.0,0.0006912645316579664,1000,True,0.0,1.3552527156068805e-20,posthoc_fixed_action_hypothetical_fMCP_diagnostic_not_new_certificate,True,True,True,True,True,True,True,True,True,True
coverage_formal,C,C1_Table6_matched,1,Q2_safe_delta,0.9,20000,117,0.00585,117,0,151,0,34,0.008602191933223856,0.010620755851950688,20000,0,106,0.0053,106,0.0053,4.433473690650812e-05,0.008365044699341155,0.028242065396552392,0.04022974874230557,0.0,0.0008866947381301624,1000,True,0.0,0.0,posthoc_fixed_action_hypothetical_fMCP_diagnostic_not_new_certificate,True,True,True,True,True,True,True,True,True,True
coverage_formal,C,C1_Table6_matched,1,Q2_safe_delta,1.0,20000,151,0.00755,151,0,151,0,0,0.010620755851950688,0.010620755851950688,20000,0,141,0.00705,141,0.00705,5.757188100363829e-05,0.008166224255835219,0.027665173558351536,0.04223026223674152,0.0,0.001151437620072766,1000,True,2.168404344971009e-19,6.776263578034403e-21,posthoc_fixed_action_hypothetical_fMCP_diagnostic_not_new_certificate,True,False,True,True,True,True,True,True,True,True
coverage_formal,C,C1_Table6_matched,1,Q2_safe_delta,1.1,20000,192,0.0096,192,0,151,41,0,0.013009538332143121,0.010620755851950688,20000,0,183,0.00915,183,0.00915,7.481426191599771e-05,0.008176422067322154,0.028244119877703353,0.04423077573117749,0.0,0.001496285238319954,1000,True,2.168404344971009e-19,0.0,posthoc_fixed_action_hypothetical_fMCP_diagnostic_not_new_certificate,True,False,True,True,True,True,True,True,True,True
coverage_formal,C,C1_Table6_matched,1,Q2_safe_delta,1.2,20000,235,0.01175,235,0,151,84,0,0.015476927695525819,0.010620755851950688,20000,0,226,0.0113,226,0.0113,9.654326803465102e-05,0.00854365203846469,0.029868823162382027,0.04623128922561344,0.0,0.0019308653606930203,1000,True,2.168404344971009e-19,2.710505431213761e-20,posthoc_fixed_action_hypothetical_fMCP_diagnostic_not_new_certificate,False,False,True,True,True,True,True,True,True,True
coverage_formal,C,C1_Table6_matched,1,Q3_delta,0.8,20000,178,0.0089,178,0,273,0,95,0.012198433998684982,0.01763317144752276,20000,0,130,0.0065,130,0.0065,7.053815377365437e-05,0.010852023657485287,0.030820484289868996,0.07512768195624579,0.0,0.0014107630754730874,1000,True,0.0,0.0,posthoc_fixed_action_hypothetical_fMCP_diagnostic_not_new_certificate,True,False,True,True,True,True,True,True,True,True
coverage_formal,C,C1_Table6_matched,1,Q3_delta,0.9,20000,216,0.0108,216,0,273,0,57,0.014390730279708452,0.01763317144752276,20000,0,170,0.0085,170,0.0085,8.619292908453506e-05,0.010140344598180596,0.03244202388528913,0.07699412123591655,0.0,0.001723858581690701,1000,True,2.168404344971009e-19,1.3552527156068805e-20,posthoc_fixed_action_hypothetical_fMCP_diagnostic_not_new_certificate,False,False,True,True,True,True,True,True,True,True
coverage_formal,C,C1_Table6_matched,1,Q3_delta,1.0,20000,273,0.01365,273,0,273,0,0,0.01763317144752276,0.01763317144752276,20000,0,229,0.01145,229,0.01145,0.0001070952311588365,0.009353295297714979,0.029405297210407823,0.07886056051558732,0.0,0.0021419046231767294,1000,True,4.336808689942018e-19,0.0,posthoc_fixed_action_hypothetical_fMCP_diagnostic_not_new_certificate,False,False,True,True,True,True,True,True,True,True
coverage_formal,C,C1_Table6_matched,1,Q3_delta,1.1,20000,334,0.0167,334,0,273,61,0,0.021058261876604926,0.01763317144752276,20000,0,291,0.01455,291,0.01455,0.00013470618747014193,0.009258157214442743,0.028194665264555063,0.08072699979525809,0.0,0.002694123749402839,1000,True,4.336808689942018e-19,2.710505431213761e-20,posthoc_fixed_action_hypothetical_fMCP_diagnostic_not_new_certificate,False,False,True,False,True,True,True,True,True,True
coverage_formal,C,C1_Table6_matched,1,Q3_delta,1.2,20000,420,0.021,420,0,273,147,0,0.02583013775728043,0.01763317144752276,20000,0,379,0.01895,379,0.01895,0.00017039999310182235,0.00899208406869775,0.02781681869508574,0.08259343907492886,0.0,0.003407999862036447,1000,True,0.0,2.710505431213761e-20,posthoc_fixed_action_hypothetical_fMCP_diagnostic_not_new_certificate,False,False,False,False,True,True,True,True,True,True
coverage_formal,C,C1_Table6_matched,2,Q2_safe_delta,0.8,20000,78,0.0039,78,0,122,0,44,0.00622201486260699,0.008901734036029639,20000,0,67,0.00335,67,0.00335,3.900740312870544e-05,0.011644000933941924,0.031219537018998517,0.07578062693307973,0.0,0.0007801480625741088,1000,True,0.0,6.776263578034403e-21,posthoc_fixed_action_hypothetical_fMCP_diagnostic_not_new_certificate,True,True,True,True,True,True,True,True,True,True
coverage_formal,C,C1_Table6_matched,2,Q2_safe_delta,0.9,20000,99,0.00495,99,0,122,0,23,0.007514364085814997,0.008901734036029639,20000,0,88,0.0044,88,0.0044,4.703217182680048e-05,0.010689129960636473,0.03189770161909843,0.07769121766957966,0.0,0.0009406434365360097,1000,True,1.0842021724855044e-19,6.776263578034403e-21,posthoc_fixed_action_hypothetical_fMCP_diagnostic_not_new_certificate,True,True,True,True,True,True,True,True,True,True
coverage_formal,C,C1_Table6_matched,2,Q2_safe_delta,1.0,20000,122,0.0061,122,0,122,0,0,0.008901734036029639,0.008901734036029639,20000,0,111,0.00555,111,0.00555,5.7304099234124606e-05,0.010325062925067498,0.03096655834746033,0.07960180840607961,0.0,0.0011460819846824922,1000,True,0.0,6.776263578034403e-21,posthoc_fixed_action_hypothetical_fMCP_diagnostic_not_new_certificate,True,True,True,True,True,True,True,True,True,True
coverage_formal,C,C1_Table6_matched,2,Q2_safe_delta,1.1,20000,163,0.00815,163,0,122,41,0,0.011324312181910951,0.008901734036029639,20000,0,154,0.0077,154,0.0077,7.135175446090209e-05,0.009266461618298973,0.027563741386431685,0.08151239914257956,0.0,0.0014270350892180421,1000,True,2.168404344971009e-19,0.0,posthoc_fixed_action_hypothetical_fMCP_diagnostic_not_new_certificate,True,False,True,True,True,True,True,True,True,True
coverage_formal,C,C1_Table6_matched,2,Q2_safe_delta,1.2,20000,220,0.011,220,0,122,98,0,0.014619901945711496,0.008901734036029639,20000,0,212,0.0106,212,0.0106,9.070448975274952e-05,0.008557027335165047,0.02702835064551915,0.08342298987907949,0.0,0.0018140897950549904,1000,True,0.0,2.710505431213761e-20,posthoc_fixed_action_hypothetical_fMCP_diagnostic_not_new_certificate,False,False,True,True,True,True,True,True,True,True
coverage_formal,C,C1_Table6_matched,2,Q3_delta,0.8,20000,145,0.00725,137,8,216,0,71,0.010267406636954215,0.014390730279708452,19992,8,101,0.00505,101,0.005052020808323329,6.0422879034145155e-05,0.011960140570798312,0.04974715599699555,0.120425217476466,0.0,0.00120797419765063,1000,True,0.0,2.0328790734103208e-20,posthoc_fixed_action_hypothetical_fMCP_diagnostic_not_new_certificate,True,False,True,True,True,True,True,True,True,True
coverage_formal,C,C1_Table6_matched,2,Q3_delta,0.9,20000,171,0.00855,163,8,216,0,45,0.01179120357614403,0.014390730279708452,19992,8,127,0.00635,127,0.0063525410164065625,7.23201266183552e-05,0.01138444071932407,0.04416855738288006,0.12223660054147716,0.0,0.0014458239713541572,1000,True,0.0,1.3552527156068805e-20,posthoc_fixed_action_hypothetical_fMCP_diagnostic_not_new_certificate,True,False,True,True,True,True,True,True,True,True
coverage_formal,C,C1_Table6_matched,2,Q3_delta,1.0,20000,216,0.0108,208,8,216,0,0,0.014390730279708452,0.014390730279708452,19992,8,174,0.0087,174,0.008703481392557022,8.800363965191106e-05,0.010111314735178192,0.034712793891897735,0.12404798360648833,0.0,0.0017593687639210055,1000,True,4.336808689942018e-19,2.710505431213761e-20,posthoc_fixed_action_hypothetical_fMCP_diagnostic_not_new_certificate,False,False,True,True,True,True,True,True,True,True
coverage_formal,C,C1_Table6_matched,2,Q3_delta,1.1,20000,251,0.01255,243,8,216,35,0,0.01638726192420271,0.014390730279708452,19992,8,211,0.01055,211,0.01055422168867547,0.00010802203140299632,0.010234959487245038,0.032273991687849765,0.1258593666714995,0.0,0.0021595764518087023,1000,True,4.336808689942018e-19,2.710505431213761e-20,posthoc_fixed_action_hypothetical_fMCP_diagnostic_not_new_certificate,False,False,True,True,True,True,True,True,True,True
coverage_formal,C,C1_Table6_matched,2,Q3_delta,1.2,20000,318,0.0159,310,8,216,102,0,0.020163617894776095,0.014390730279708452,19992,8,282,0.0141,282,0.014105642256902761,0.00013411273996003474,0.00950773722440076,0.029144417637130056,0.12767074973651063,0.0,0.0026811818972810146,1000,True,0.0,0.0,posthoc_fixed_action_hypothetical_fMCP_diagnostic_not_new_certificate,False,False,True,False,True,True,True,True,True,True
coverage_formal,C,C2_Corn4D_author,0,Q2_safe_delta,0.8,20000,78,0.0039,78,0,133,0,55,0.00622201486260699,0.00955723635206106,20000,0,69,0.00345,69,0.00345,3.645908769017248e-05,0.010567851504397818,0.02820977862276256,0.05227555008966605,0.0,0.0007291817538034496,1000,True,1.0842021724855044e-19,6.776263578034403e-21,posthoc_fixed_action_hypothetical_fMCP_diagnostic_not_new_certificate,True,True,True,True,True,True,True,True,True,True
coverage_formal,C,C2_Corn4D_author,0,Q2_safe_delta,0.9,20000,102,0.0051,102,0,133,0,31,0.007696794235572435,0.00955723635206106,20000,0,95,0.00475,95,0.00475,4.485692767568612e-05,0.009443563721197076,0.029922653921458882,0.05422788958350718,0.0,0.0008971385535137224,1000,True,0.0,6.776263578034403e-21,posthoc_fixed_action_hypothetical_fMCP_diagnostic_not_new_certificate,True,True,True,True,True,True,True,True,True,True
coverage_formal,C,C2_Corn4D_author,0,Q2_safe_delta,1.0,20000,133,0.00665,133,0,133,0,0,0.00955723635206106,0.00955723635206106,20000,0,127,0.00635,127,0.00635,5.673605107600637e-05,0.008934811193071867,0.030568467186470397,0.05618022907734833,0.0,0.0011347210215201273,1000,True,0.0,1.3552527156068805e-20,posthoc_fixed_action_hypothetical_fMCP_diagnostic_not_new_certificate,True,True,True,True,True,True,True,True,True,True
coverage_formal,C,C2_Corn4D_author,0,Q2_safe_delta,1.1,20000,171,0.00855,171,0,133,38,0,0.01179120357614403,0.00955723635206106,20000,0,167,0.00835,167,0.00835,7.217724033866868e-05,0.008643980878882475,0.02990897156357955,0.05813256857118947,0.0,0.0014435448067733733,1000,True,2.168404344971009e-19,2.710505431213761e-20,posthoc_fixed_action_hypothetical_fMCP_diagnostic_not_new_certificate,True,False,True,True,True,True,True,True,True,True
coverage_formal,C,C2_Corn4D_author,0,Q2_safe_delta,1.2,20000,228,0.0114,228,0,133,95,0,0.015077435522703997,0.00955723635206106,20000,0,224,0.0112,224,0.0112,9.305360922070427e-05,0.00830835796613431,0.02973480858156508,0.060084908065030605,0.0,0.0018610721844140856,1000,True,2.168404344971009e-19,0.0,posthoc_fixed_action_hypothetical_fMCP_diagnostic_not_new_certificate,False,False,True,True,True,True,True,True,True,True
coverage_formal,C,C2_Corn4D_author,0,Q3_delta,0.8,20000,138,0.0069,132,6,206,0,68,0.009853728899235666,0.013816559987536512,19994,6,100,0.005,100,0.00500150045013504,5.650935076433288e-05,0.011298479591820716,0.03411321484306839,0.07118977667254031,0.0,0.0011298479591820717,1000,True,0.0,6.776263578034403e-21,posthoc_fixed_action_hypothetical_fMCP_diagnostic_not_new_certificate,True,True,True,True,True,True,True,True,True,True
coverage_formal,C,C2_Corn4D_author,0,Q3_delta,0.9,20000,167,0.00835,161,6,206,0,39,0.011557962262360525,0.013816559987536512,19994,6,131,0.00655,131,0.006551965589676903,6.852841078257188e-05,0.010459214085394979,0.03460167443311131,0.0731049980404499,0.0,0.0013701570451867423,1000,True,2.168404344971009e-19,0.0,posthoc_fixed_action_hypothetical_fMCP_diagnostic_not_new_certificate,True,False,True,True,True,True,True,True,True,True
coverage_formal,C,C2_Corn4D_author,0,Q3_delta,1.0,20000,206,0.0103,200,6,206,0,0,0.013816559987536512,0.013816559987536512,19994,6,171,0.00855,171,0.00855256576973092,8.469661127585165e-05,0.0099030645956104,0.03544941665813076,0.07502021940835947,0.0,0.001693424045849378,1000,True,0.0,2.710505431213761e-20,posthoc_fixed_action_hypothetical_fMCP_diagnostic_not_new_certificate,False,False,True,True,True,True,True,True,True,True
coverage_formal,C,C2_Corn4D_author,0,Q3_delta,1.1,20000,248,0.0124,242,6,206,42,0,0.016216858121264943,0.013816559987536512,19994,6,216,0.0108,216,0.010803240972291687,0.00010477770839046974,0.0096987291738845,0.036199768425352406,0.07693544077626906,0.0,0.0020949255015590518,1000,True,0.0,0.0,posthoc_fixed_action_hypothetical_fMCP_diagnostic_not_new_certificate,False,False,True,True,True,True,True,True,True,True
coverage_formal,C,C2_Corn4D_author,0,Q3_delta,1.2,20000,302,0.0151,296,6,206,96,0,0.019266438333503902,0.013816559987536512,19994,6,271,0.01355,271,0.01355406621986596,0.00013068859725380827,0.00964202145200237,0.03585523877027791,0.07885066214417863,0.0,0.002612987813492642,1000,True,4.336808689942018e-19,0.0,posthoc_fixed_action_hypothetical_fMCP_diagnostic_not_new_certificate,False,False,True,True,True,True,True,True,True,True
coverage_formal,C,C2_Corn4D_author,1,Q2_safe_delta,0.8,20000,75,0.00375,75,0,128,0,53,0.006034846795671957,0.009259850271679982,20000,0,60,0.003,60,0.003,2.637925783993923e-05,0.00879308594664641,0.027550087058957413,0.045443350653586886,0.0,0.0005275851567987846,1000,True,0.0,0.0,posthoc_fixed_action_hypothetical_fMCP_diagnostic_not_new_certificate,True,True,True,True,True,True,True,True,True,True
coverage_formal,C,C2_Corn4D_author,1,Q2_safe_delta,0.9,20000,104,0.0052,104,0,128,0,24,0.00781814898361089,0.009259850271679982,20000,0,89,0.00445,89,0.00445,3.404496444511866e-05,0.007650553807891834,0.025845934408700852,0.047419724769696185,0.0,0.0006808992889023733,1000,True,1.0842021724855044e-19,6.776263578034403e-21,posthoc_fixed_action_hypothetical_fMCP_diagnostic_not_new_certificate,True,True,True,True,True,True,True,True,True,True
coverage_formal,C,C2_Corn4D_author,1,Q2_safe_delta,1.0,20000,128,0.0064,128,0,128,0,0,0.009259850271679982,0.009259850271679982,20000,0,113,0.00565,113,0.00565,4.45616357039439e-05,0.007887015168839627,0.02726871974397648,0.04939609888580549,0.0,0.000891232714078878,1000,True,0.0,1.3552527156068805e-20,posthoc_fixed_action_hypothetical_fMCP_diagnostic_not_new_certificate,True,True,True,True,True,True,True,True,True,True
coverage_formal,C,C2_Corn4D_author,1,Q2_safe_delta,1.1,20000,153,0.00765,153,0,128,25,0,0.010738298698411591,0.009259850271679982,20000,0,138,0.0069,138,0.0069,5.799219309566031e-05,0.008404665666037725,0.028735698326902422,0.05137247300191479,0.0,0.0011598438619132062,1000,True,0.0,0.0,posthoc_fixed_action_hypothetical_fMCP_diagnostic_not_new_certificate,True,False,True,True,True,True,True,True,True,True
coverage_formal,C,C2_Corn4D_author,1,Q2_safe_delta,1.2,20000,199,0.00995,199,0,128,71,0,0.013413532660895365,0.009259850271679982,20000,0,185,0.00925,185,0.00925,7.468230119942873e-05,0.008073762291830133,0.0272161676486559,0.053348847118024095,0.0,0.0014936460239885747,1000,True,0.0,1.3552527156068805e-20,posthoc_fixed_action_hypothetical_fMCP_diagnostic_not_new_certificate,True,False,True,True,True,True,True,True,True,True
coverage_formal,C,C2_Corn4D_author,1,Q3_delta,0.8,20000,163,0.00815,163,0,250,0,87,0.011324312181910951,0.016330474781568776,20000,0,131,0.00655,131,0.00655,6.236378865673618e-05,0.009521189107898653,0.028870243713688914,0.06452730441571745,0.0,0.0012472757731347235,1000,True,0.0,0.0,posthoc_fixed_action_hypothetical_fMCP_diagnostic_not_new_certificate,True,False,True,True,True,True,True,True,True,True
coverage_formal,C,C2_Corn4D_author,1,Q3_delta,0.9,20000,194,0.0097,194,0,250,0,56,0.013125066926278028,0.016330474781568776,20000,0,162,0.0081,162,0.0081,7.770940541500049e-05,0.009593753754938329,0.0299657051148898,0.06642237130727008,0.0,0.0015541881083000093,1000,True,4.336808689942018e-19,2.710505431213761e-20,posthoc_fixed_action_hypothetical_fMCP_diagnostic_not_new_certificate,True,False,True,True,True,True,True,True,True,True
coverage_formal,C,C2_Corn4D_author,1,Q3_delta,1.0,20000,250,0.0125,250,0,250,0,0,0.016330474781568776,0.016330474781568776,20000,0,219,0.01095,219,0.01095,9.804128220998188e-05,0.008953541754336245,0.02895162132597671,0.06831743819882272,0.0,0.001960825644199638,1000,True,4.336808689942018e-19,0.0,posthoc_fixed_action_hypothetical_fMCP_diagnostic_not_new_certificate,False,False,True,True,True,True,True,True,True,True
coverage_formal,C,C2_Corn4D_author,1,Q3_delta,1.1,20000,310,0.0155,310,0,250,60,0,0.01971535696030107,0.016330474781568776,20000,0,281,0.01405,281,0.01405,0.0001242498611997786,0.008843406491087445,0.029567724145801683,0.07021250509037535,0.0,0.0024849972239955717,1000,True,0.0,0.0,posthoc_fixed_action_hypothetical_fMCP_diagnostic_not_new_certificate,False,False,True,True,True,True,True,True,True,True
coverage_formal,C,C2_Corn4D_author,1,Q3_delta,1.2,20000,383,0.01915,383,0,250,133,0,0.023784084630990014,0.016330474781568776,20000,0,355,0.01775,355,0.01775,0.00015784560340829898,0.008892710051171773,0.030566182117277692,0.07210757198192799,0.0,0.00315691206816598,1000,True,0.0,2.710505431213761e-20,posthoc_fixed_action_hypothetical_fMCP_diagnostic_not_new_certificate,False,False,True,False,True,True,True,True,True,True
coverage_formal,C,C2_Corn4D_author,2,Q2_safe_delta,0.8,20000,63,0.00315,63,0,104,0,41,0.005278218540069432,0.00781814898361089,20000,0,53,0.00265,53,0.00265,2.337728263016341e-05,0.008821616086854117,0.03474503094263141,0.05064363047146201,0.0,0.0004675456526032682,1000,True,0.0,0.0,posthoc_fixed_action_hypothetical_fMCP_diagnostic_not_new_certificate,True,True,True,True,True,True,True,True,True,True
coverage_formal,C,C2_Corn4D_author,2,Q2_safe_delta,0.9,20000,77,0.00385,77,0,104,0,27,0.006159705839399877,0.00781814898361089,20000,0,68,0.0034,68,0.0034,2.9791216759840976e-05,0.008762122576423817,0.035255237970821945,0.052656334402198766,0.0,0.0005958243351968196,1000,True,1.0842021724855044e-19,0.0,posthoc_fixed_action_hypothetical_fMCP_diagnostic_not_new_certificate,True,True,True,True,True,True,True,True,True,True
coverage_formal,C,C2_Corn4D_author,2,Q2_safe_delta,1.0,20000,104,0.0052,104,0,104,0,0,0.00781814898361089,0.00781814898361089,20000,0,95,0.00475,95,0.00475,3.8159629838745054e-05,0.008033606281841063,0.027326189959916564,0.05466903833293553,0.0,0.0007631925967749012,1000,True,1.0842021724855044e-19,6.776263578034403e-21,posthoc_fixed_action_hypothetical_fMCP_diagnostic_not_new_certificate,True,True,True,True,True,True,True,True,True,True
coverage_formal,C,C2_Corn4D_author,2,Q2_safe_delta,1.1,20000,132,0.0066,132,0,104,28,0,0.009497832210090372,0.00781814898361089,20000,0,123,0.00615,123,0.00615,4.9761993390657955e-05,0.008091381039131375,0.02409852903934307,0.0566817422636723,0.0,0.0009952398678131592,1000,True,0.0,0.0,posthoc_fixed_action_hypothetical_fMCP_diagnostic_not_new_certificate,True,True,True,True,True,True,True,True,True,True
coverage_formal,C,C2_Corn4D_author,2,Q2_safe_delta,1.2,20000,179,0.00895,179,0,104,75,0,0.012256515188649062,0.00781814898361089,20000,0,171,0.00855,171,0.00855,6.516897971104829e-05,0.0076221028901810855,0.022091617981488003,0.05869444619440906,0.0,0.0013033795942209655,1000,True,2.168404344971009e-19,0.0,posthoc_fixed_action_hypothetical_fMCP_diagnostic_not_new_certificate,True,False,True,True,True,True,True,True,True,True
coverage_formal,C,C2_Corn4D_author,2,Q3_delta,0.8,20000,124,0.0062,113,11,185,0,61,0.009021263339668982,0.01260452457380167,19988,12,75,0.00375,75,0.0037522513508104864,3.9300232948332654e-05,0.010473774082283643,0.037244024165946236,0.07988336026067505,0.0,0.0007855330561712732,1000,True,1.0842021724855044e-19,6.776263578034403e-21,posthoc_fixed_action_hypothetical_fMCP_diagnostic_not_new_certificate,True,True,True,True,True,True,True,True,True,True
coverage_formal,C,C2_Corn4D_author,2,Q3_delta,0.9,20000,147,0.00735,136,11,185,0,38,0.010385312213444773,0.01260452457380167,19988,12,99,0.00495,99,0.004952971783069842,4.8366709265336774e-05,0.00976518974540961,0.0329186818193603,0.0818052854298666,0.0,0.0009667537847955515,1000,True,0.0,0.0,posthoc_fixed_action_hypothetical_fMCP_diagnostic_not_new_certificate,True,False,True,True,True,True,True,True,True,True
coverage_formal,C,C2_Corn4D_author,2,Q3_delta,1.0,20000,185,0.00925,174,11,185,0,0,0.01260452457380167,0.01260452457380167,19988,12,138,0.0069,138,0.006904142485491295,6.08526472131711e-05,0.008813932699252635,0.03167301844129472,0.08372721059905816,0.0,0.001216322712496864,1000,True,0.0,1.3552527156068805e-20,posthoc_fixed_action_hypothetical_fMCP_diagnostic_not_new_certificate,True,False,True,True,True,True,True,True,True,True
coverage_formal,C,C2_Corn4D_author,2,Q3_delta,1.1,20000,240,0.012,229,11,185,55,0,0.015761813965201384,0.01260452457380167,19988,12,193,0.00965,193,0.009655793476085651,7.896346663486112e-05,0.008177833010868414,0.026734753819447593,0.08564913576824972,0.0,0.0015783217710976039,1000,True,2.168404344971009e-19,0.0,posthoc_fixed_action_hypothetical_fMCP_diagnostic_not_new_certificate,False,False,True,True,True,True,True,True,True,True
coverage_formal,C,C2_Corn4D_author,2,Q3_delta,1.2,20000,295,0.01475,284,11,185,110,0,0.01887307481202394,0.01260452457380167,19988,12,251,0.01255,251,0.012557534520712427,0.00010267931833587843,0.008176710019512104,0.02654902844556966,0.08757106093744126,0.0,0.0020523542148975383,1000,True,0.0,1.3552527156068805e-20,posthoc_fixed_action_hypothetical_fMCP_diagnostic_not_new_certificate,False,False,True,True,True,True,True,True,True,True
measurement_formal,A,C0,0,Q3_ideal_delta,0.8,20000,329,0.01645,323,6,472,0,143,0.02077894692243556,0.028690650012833746,19994,6,284,0.0142,284,0.014204261278383515,0.00014734912500987828,0.010373585934674318,0.0315724633162361,0.08179913928548284,0.0,0.002946098405447506,1000,True,0.0,0.0,posthoc_fixed_action_hypothetical_fMCP_diagnostic_not_new_certificate,False,False,True,False,True,True,True,True,True,True
measurement_formal,A,C0,0,Q3_ideal_delta,0.9,20000,394,0.0197,388,6,472,0,78,0.0243933861228676,0.028690650012833746,19994,6,350,0.0175,350,0.01750525157547264,0.0001808192617613189,0.010329429484730885,0.032905116635874886,0.08373623895715218,0.0,0.00361530031965581,1000,True,0.0,2.710505431213761e-20,posthoc_fixed_action_hypothetical_fMCP_diagnostic_not_new_certificate,False,False,True,False,True,True,True,True,True,True
measurement_formal,A,C0,0,Q3_ideal_delta,1.0,20000,472,0.0236,466,6,472,0,0,0.028690650012833746,0.028690650012833746,19994,6,431,0.02155,431,0.021556466940082026,0.00022239692900705082,0.010316947096443095,0.033032225086992106,0.08567333862882154,0.0,0.0044466041985669735,1000,True,8.673617379884035e-19,0.0,posthoc_fixed_action_hypothetical_fMCP_diagnostic_not_new_certificate,False,False,False,False,True,True,True,True,True,True
measurement_formal,A,C0,0,Q3_ideal_delta,1.1,20000,579,0.02895,573,6,472,107,0,0.03453167089298267,0.028690650012833746,19994,6,539,0.02695,539,0.026958087426227868,0.0002742587622980373,0.010173524477526823,0.031004431857567138,0.0876104383004909,0.0,0.005483529693386957,1000,True,0.0,0.0,posthoc_fixed_action_hypothetical_fMCP_diagnostic_not_new_certificate,False,False,False,False,True,True,True,True,True,True
measurement_formal,A,C0,0,Q3_ideal_delta,1.2,20000,709,0.03545,703,6,472,237,0,0.04156514248705549,0.028690650012833746,19994,6,669,0.03345,669,0.033460038011403424,0.00033893684247035283,0.01012960123819467,0.030074404438107032,0.08954753797216025,0.0,0.006776703228352234,1000,True,0.0,5.421010862427522e-20,posthoc_fixed_action_hypothetical_fMCP_diagnostic_not_new_certificate,False,False,False,False,True,True,True,True,True,True
measurement_formal,A,C0,0,Q3_raw_noise_0p1,0.8,20000,362,0.0181,356,6,513,0,151,0.022618307128387607,0.03093531706081192,19994,6,285,0.01425,285,0.014254276282884866,0.0001502283778433017,0.010539179602101666,0.03205105511036984,0.08179913928548284,0.0,0.0030036661865989744,1000,True,4.336808689942018e-19,5.421010862427522e-20,posthoc_fixed_action_hypothetical_fMCP_diagnostic_not_new_certificate,False,False,True,False,True,True,True,True,True,True
measurement_formal,A,C0,0,Q3_raw_noise_0p1,0.9,20000,421,0.02105,415,6,513,0,92,0.025885305882094718,0.03093531706081192,19994,6,346,0.0173,346,0.01730519155746724,0.00018358210741336697,0.010608499004690346,0.0324371480569764,0.08373623895715218,0.0,0.0036705406556228597,1000,True,4.336808689942018e-19,2.710505431213761e-20,posthoc_fixed_action_hypothetical_fMCP_diagnostic_not_new_certificate,False,False,False,False,True,True,True,True,True,True
measurement_formal,A,C0,0,Q3_raw_noise_0p1,1.0,20000,513,0.02565,507,6,513,0,0,0.03093531706081192,0.03093531706081192,19994,6,440,0.022,440,0.02200660198059418,0.00022545900761153376,0.010245062268602285,0.03325158187928785,0.08567333862882154,0.0,0.004507827398185006,1000,True,0.0,0.0,posthoc_fixed_action_hypothetical_fMCP_diagnostic_not_new_certificate,False,False,False,False,True,True,True,True,True,True
measurement_formal,A,C0,0,Q3_raw_noise_0p1,1.1,20000,612,0.0306,606,6,513,99,0,0.03632290524139638,0.03093531706081192,19994,6,542,0.0271,542,0.02710813243973192,0.00027773955673671374,0.010245617522866889,0.03207025089475565,0.0876104383004909,0.0,0.005553124697393854,1000,True,8.673617379884035e-19,0.0,posthoc_fixed_action_hypothetical_fMCP_diagnostic_not_new_certificate,False,False,False,False,True,True,True,True,True,True
measurement_formal,A,C0,0,Q3_raw_noise_0p1,1.2,20000,737,0.03685,731,6,513,224,0,0.04307270418087522,0.03093531706081192,19994,6,669,0.03345,669,0.033460038011403424,0.0003427150390485668,0.010242517923373757,0.03173036746264419,0.08954753797216025,0.0,0.006852244490737044,1000,True,0.0,0.0,posthoc_fixed_action_hypothetical_fMCP_diagnostic_not_new_certificate,False,False,False,False,True,True,True,True,True,True
measurement_formal,A,C0,0,Q3_raw_noise_0p5,0.8,20000,1159,0.05795,1153,6,1311,0,152,0.0655702549344429,0.07359713740474863,19994,6,377,0.01885,377,0.0188556566970091,0.00021077284743604063,0.011178228943332086,0.03540258434145232,0.0714442702615757,0.0,0.004214192311636196,1000,True,0.0,0.0,posthoc_fixed_action_hypothetical_fMCP_diagnostic_not_new_certificate,False,False,False,False,False,False,True,True,True,True
measurement_formal,A,C0,0,Q3_raw_noise_0p5,0.9,20000,1224,0.0612,1218,6,1311,0,87,0.06900677356222891,0.07359713740474863,19994,6,447,0.02235,447,0.02235670701210363,0.000254523409740599,0.011384655602580621,0.035532604965702874,0.07340250154707859,0.0,0.005088941054353538,1000,True,8.673617379884035e-19,5.421010862427522e-20,posthoc_fixed_action_hypothetical_fMCP_diagnostic_not_new_certificate,False,False,False,False,False,False,True,True,True,True
measurement_formal,A,C0,0,Q3_raw_noise_0p5,1.0,20000,1311,0.06555,1305,6,1311,0,0,0.07359713740474863,0.07359713740474863,19994,6,540,0.027,540,0.02700810243072922,0.00030729191368715817,0.011377767633816739,0.035664997098121806,0.07536073283258149,0.0,0.00614399452226104,1000,True,8.673617379884035e-19,5.421010862427522e-20,posthoc_fixed_action_hypothetical_fMCP_diagnostic_not_new_certificate,False,False,False,False,False,False,True,True,True,True
measurement_formal,A,C0,0,Q3_raw_noise_0p5,1.1,20000,1407,0.07035,1401,6,1311,96,0,0.07865109896439891,0.07359713740474863,19994,6,647,0.03235,647,0.03235970791237371,0.0003702275088190624,0.011441002799580114,0.03638455041781597,0.07731896411808438,0.0,0.007402328811328333,1000,True,0.0,5.421010862427522e-20,posthoc_fixed_action_hypothetical_fMCP_diagnostic_not_new_certificate,False,False,False,False,False,False,True,True,True,True
measurement_formal,A,C0,0,Q3_raw_noise_0p5,1.2,20000,1530,0.0765,1524,6,1311,219,0,0.08511090912718354,0.07359713740474863,19994,6,778,0.0389,778,0.03891167350205062,0.00044626351665049725,0.011468628215822676,0.03578424999380337,0.07927719540358728,0.0,0.008922592751910041,1000,True,0.0,0.0,posthoc_fixed_action_hypothetical_fMCP_diagnostic_not_new_certificate,False,False,False,False,False,False,True,True,True,True
measurement_formal,A,C0,0,Q3_postmean_0p1,0.8,20000,369,0.01845,363,6,521,0,152,0.023007286019989442,0.03137230547468212,19994,6,278,0.0139,278,0.013904171251375413,0.00014485613721862187,0.010418178444421314,0.03147564413965567,0.08179913928548284,0.0,0.0028962536075491253,1000,True,4.336808689942018e-19,0.0,posthoc_fixed_action_hypothetical_fMCP_diagnostic_not_new_certificate,False,False,True,False,True,True,True,True,True,True
measurement_formal,A,C0,0,Q3_postmean_0p1,0.9,20000,428,0.0214,422,6,521,0,93,0.02627130033236738,0.03137230547468212,19994,6,339,0.01695,339,0.01695508652595779,0.00017741964592146974,0.010464095576855062,0.03227422408503563,0.08373623895715218,0.0,0.003547328400553866,1000,True,0.0,0.0,posthoc_fixed_action_hypothetical_fMCP_diagnostic_not_new_certificate,False,False,False,False,True,True,True,True,True,True
measurement_formal,A,C0,0,Q3_postmean_0p1,1.0,20000,521,0.02605,515,6,521,0,0,0.03137230547468212,0.03137230547468212,19994,6,434,0.0217,434,0.021706511953586076,0.00021866864793996745,0.01007387314956615,0.03296909107218955,0.08567333862882154,0.0,0.004372060946911709,1000,True,0.0,0.0,posthoc_fixed_action_hypothetical_fMCP_diagnostic_not_new_certificate,False,False,False,False,True,True,True,True,True,True
measurement_formal,A,C0,0,Q3_postmean_0p1,1.1,20000,618,0.0309,612,6,521,97,0,0.03664812919478093,0.03137230547468212,19994,6,535,0.02675,535,0.026758027408222466,0.0002702594767376315,0.010100127061480755,0.03125521280749384,0.0876104383004909,0.0,0.0054035679778922045,1000,True,8.673617379884035e-19,0.0,posthoc_fixed_action_hypothetical_fMCP_diagnostic_not_new_certificate,False,False,False,False,True,True,True,True,True,True
measurement_formal,A,C0,0,Q3_postmean_0p1,1.2,20000,744,0.0372,738,6,521,223,0,0.043449233216069055,0.03137230547468212,19994,6,664,0.0332,664,0.03320996298889667,0.0003346732401061981,0.01007749512452308,0.031579157609025306,0.08954753797216025,0.0,0.006691456762683325,1000,True,8.673617379884035e-19,0.0,posthoc_fixed_action_hypothetical_fMCP_diagnostic_not_new_certificate,False,False,False,False,True,True,True,True,True,True
measurement_formal,A,C0,0,Q3_postmean_0p5,0.8,20000,1961,0.09805,1956,5,2081,0,120,0.10763217228670192,0.11387605333616373,19994,6,287,0.01435,287,0.014354306291887567,0.00013083586987542846,0.009114746976617828,0.028795455746829172,0.054737511024597334,0.0,0.0026159323822893166,1000,True,0.0,0.0,posthoc_fixed_action_hypothetical_fMCP_diagnostic_not_new_certificate,False,False,False,False,False,False,True,False,True,True
measurement_formal,A,C0,0,Q3_postmean_0p5,0.9,20000,2010,0.1005,2005,5,2081,0,71,0.11018299887747603,0.11387605333616373,19994,6,342,0.0171,342,0.01710513153946184,0.00016433078419504415,0.009607104383613197,0.028337112078056146,0.056754422005136,0.0,0.003285629699195713,1000,True,4.336808689942018e-19,2.710505431213761e-20,posthoc_fixed_action_hypothetical_fMCP_diagnostic_not_new_certificate,False,False,False,False,False,False,False,False,True,True
measurement_formal,A,C0,0,Q3_postmean_0p5,1.0,20000,2081,0.10405,2076,5,2081,0,0,0.11387605333616373,0.11387605333616373,19994,6,425,0.02125,425,0.021256376913073922,0.00020531331762066506,0.009658904641194298,0.028890345661148575,0.05877133298567467,0.0,0.004105034472507577,1000,True,0.0,0.0,posthoc_fixed_action_hypothetical_fMCP_diagnostic_not_new_certificate,False,False,False,False,False,False,False,False,True,True
measurement_formal,A,C0,0,Q3_postmean_0p5,1.1,20000,2158,0.1079,2153,5,2081,77,0,0.11787729806344678,0.11387605333616373,19994,6,515,0.02575,515,0.025757727318195457,0.00025540432894836316,0.009915639132026354,0.029378260764177752,0.060788243966213344,0.0,0.005106554152993572,1000,True,8.673617379884035e-19,5.421010862427522e-20,posthoc_fixed_action_hypothetical_fMCP_diagnostic_not_new_certificate,False,False,False,False,False,False,False,False,True,True
measurement_formal,A,C0,0,Q3_postmean_0p5,1.2,20000,2280,0.114,2275,5,2081,199,0,0.12420907582636884,0.11387605333616373,19994,6,656,0.0328,656,0.032809842952885866,0.0003178538016605421,0.009687757485367193,0.02931484501170023,0.06280515494675201,0.0,0.0063551689104008775,1000,True,8.673617379884035e-19,0.0,posthoc_fixed_action_hypothetical_fMCP_diagnostic_not_new_certificate,False,False,False,False,False,False,False,False,True,True
measurement_formal,A,C0,0,Q3_postUA_0p1,0.8,20000,350,0.0175,344,6,500,0,150,0.0219505467472404,0.030224536490971617,19994,6,295,0.01475,295,0.01475442632789837,0.00015359703518169602,0.0104102343099079,0.032552127691472005,0.08179913928548284,0.0,0.00307101912142283,1000,True,0.0,2.710505431213761e-20,posthoc_fixed_action_hypothetical_fMCP_diagnostic_not_new_certificate,False,False,True,False,True,True,True,True,True,True
measurement_formal,A,C0,0,Q3_postUA_0p1,0.9,20000,412,0.0206,406,6,500,0,88,0.025388553819698744,0.030224536490971617,19994,6,359,0.01795,359,0.017955386615984795,0.00018825520725296467,0.01048460895213308,0.03257555406452828,0.08373623895715218,0.0,0.0037639746138157758,1000,True,0.0,0.0,posthoc_fixed_action_hypothetical_fMCP_diagnostic_not_new_certificate,False,False,False,False,True,True,True,True,True,True
measurement_formal,A,C0,0,Q3_postUA_0p1,1.0,20000,500,0.025,494,6,500,0,0,0.030224536490971617,0.030224536490971617,19994,6,448,0.0224,448,0.02240672201660498,0.00023139828689299844,0.010327181580666542,0.03335850279473548,0.08567333862882154,0.0,0.004626577348138611,1000,True,0.0,0.0,posthoc_fixed_action_hypothetical_fMCP_diagnostic_not_new_certificate,False,False,False,False,True,True,True,True,True,True
measurement_formal,A,C0,0,Q3_postUA_0p1,1.1,20000,600,0.03,594,6,500,100,0,0.03567204440721303,0.030224536490971617,19994,6,551,0.02755,551,0.027558267480244075,0.0002844488473267449,0.010321724597914589,0.03214410532695202,0.0876104383004909,0.0,0.0056872702534509385,1000,True,8.673617379884035e-19,0.0,posthoc_fixed_action_hypothetical_fMCP_diagnostic_not_new_certificate,False,False,False,False,True,True,True,True,True,True
measurement_formal,A,C0,0,Q3_postUA_0p1,1.2,20000,732,0.0366,726,6,500,232,0,0.04280366770298914,0.030224536490971617,19994,6,683,0.03415,683,0.03416024807442233,0.0003506377051588489,0.010264495281033714,0.03179100953539755,0.08954753797216025,0.0,0.007010650276946025,1000,True,8.673617379884035e-19,1.0842021724855044e-19,posthoc_fixed_action_hypothetical_fMCP_diagnostic_not_new_certificate,False,False,False,False,True,True,True,True,True,True
measurement_formal,A,C0,0,Q3_postUA_0p5,0.8,20000,622,0.0311,616,6,839,0,217,0.03686487001164418,0.04854609617707294,19994,6,484,0.0242,484,0.024207262178653596,0.0002619804578945702,0.010822391064347184,0.03210562358327236,0.08179913928548284,0.0,0.005238037275144037,1000,True,0.0,0.0,posthoc_fixed_action_hypothetical_fMCP_diagnostic_not_new_certificate,False,False,False,False,True,True,True,True,True,True
measurement_formal,A,C0,0,Q3_postUA_0p5,0.9,20000,727,0.03635,721,6,839,0,112,0.04253455777548761,0.04854609617707294,19994,6,592,0.0296,592,0.02960888266479944,0.00031898276323732603,0.01077321177055253,0.03320687273668085,0.08373623895715218,0.0,0.006377741368167096,1000,True,8.673617379884035e-19,5.421010862427522e-20,posthoc_fixed_action_hypothetical_fMCP_diagnostic_not_new_certificate,False,False,False,False,True,True,True,True,True,True
measurement_formal,A,C0,0,Q3_postUA_0p5,1.0,20000,839,0.04195,833,6,839,0,0,0.04854609617707294,0.04854609617707294,19994,6,706,0.0353,706,0.03531059317795339,0.0003880310257632849,0.010989082619137561,0.03417088588221991,0.08567333862882154,0.0,0.007758292329111118,1000,True,8.673617379884035e-19,5.421010862427522e-20,posthoc_fixed_action_hypothetical_fMCP_diagnostic_not_new_certificate,False,False,False,False,True,True,True,True,True,True
measurement_formal,A,C0,0,Q3_postUA_0p5,1.1,20000,956,0.0478,950,6,839,117,0,0.05479356328694679,0.04854609617707294,19994,6,823,0.04115,823,0.041162348704611385,0.0004694901266687247,0.011405814814841412,0.03476599693674313,0.0876104383004909,0.0,0.00938698559261448,1000,True,1.734723475976807e-18,0.0,posthoc_fixed_action_hypothetical_fMCP_diagnostic_not_new_certificate,False,False,False,False,True,False,True,True,True,True
measurement_formal,A,C0,0,Q3_postUA_0p5,1.2,20000,1104,0.0552,1098,6,839,265,0,0.06265740913421147,0.04854609617707294,19994,6,975,0.04875,975,0.04876462938881664,0.0005654270729127636,0.01159502450853107,0.03410390697367312,0.08954753797216025,0.0,0.011305148895817796,1000,True,1.734723475976807e-18,1.0842021724855044e-19,posthoc_fixed_action_hypothetical_fMCP_diagnostic_not_new_certificate,False,False,False,False,False,False,True,True,True,True
measurement_formal,A,C0,0,Q2_ideal_delta,0.8,20000,282,0.0141,282,0,398,0,116,0.018141090953281223,0.024614731534043463,20000,0,254,0.0127,254,0.0127,0.00012162731664483385,0.009576954066522352,0.030320014019414563,0.08942195871644017,0.0,0.002432546332896677,1000,True,0.0,1.3552527156068805e-20,posthoc_fixed_action_hypothetical_fMCP_diagnostic_not_new_certificate,False,False,True,True,True,True,True,True,True,True
measurement_formal,A,C0,0,Q2_ideal_delta,0.9,20000,331,0.01655,331,0,398,0,67,0.02089070085810899,0.024614731534043463,20000,0,306,0.0153,306,0.0153,0.00015157030842303642,0.009906556106080813,0.029946981152205582,0.09132163684695563,0.0,0.003031406168460729,1000,True,4.336808689942018e-19,0.0,posthoc_fixed_action_hypothetical_fMCP_diagnostic_not_new_certificate,False,False,True,False,True,True,True,True,True,True
measurement_formal,A,C0,0,Q2_ideal_delta,1.0,20000,398,0.0199,398,0,398,0,0,0.024614731534043463,0.024614731534043463,20000,0,375,0.01875,375,0.01875,0.0001874429028170322,0.009996954816908385,0.031227675854548245,0.09322131497747112,0.0,0.0037488580563406443,1000,True,4.336808689942018e-19,2.710505431213761e-20,posthoc_fixed_action_hypothetical_fMCP_diagnostic_not_new_certificate,False,False,True,False,True,True,True,True,True,True
measurement_formal,A,C0,0,Q2_ideal_delta,1.1,20000,503,0.02515,503,0,398,105,0,0.030388638165090954,0.024614731534043463,20000,0,481,0.02405,481,0.02405,0.0002326607520089492,0.009674043742575852,0.029242428213322923,0.09512099310798659,0.0,0.004653215040178985,1000,True,8.673617379884035e-19,0.0,posthoc_fixed_action_hypothetical_fMCP_diagnostic_not_new_certificate,False,False,False,False,True,True,True,True,True,True
measurement_formal,A,C0,0,Q2_ideal_delta,1.2,20000,618,0.0309,618,0,398,220,0,0.03664812919478093,0.024614731534043463,20000,0,597,0.02985,597,0.02985,0.0002903105340744551,0.009725646032645061,0.02905428200777735,0.09702067123850207,0.0,0.005806210681489101,1000,True,0.0,0.0,posthoc_fixed_action_hypothetical_fMCP_diagnostic_not_new_certificate,False,False,False,False,True,True,True,True,True,True
measurement_formal,A,C0,0,Q2_postUA_0p1,0.8,20000,299,0.01495,298,1,437,0,138,0.019097919083351383,0.02676711882582475,19999,1,270,0.0135,270,0.013500675033751687,0.00013087218065530588,0.009693750892316527,0.03094658759031235,0.08942195871644017,0.0,0.002617312740925462,1000,True,0.0,0.0,posthoc_fixed_action_hypothetical_fMCP_diagnostic_not_new_certificate,False,False,True,True,True,True,True,True,True,True
measurement_formal,A,C0,0,Q2_postUA_0p1,0.9,20000,355,0.01775,354,1,437,0,82,0.022228927212882003,0.02676711882582475,19999,1,329,0.01645,329,0.016450822541127057,0.0001628938019952158,0.009901863665964501,0.03003426313332027,0.09132163684695563,0.0,0.003257713146102321,1000,True,4.336808689942018e-19,2.710505431213761e-20,posthoc_fixed_action_hypothetical_fMCP_diagnostic_not_new_certificate,False,False,True,False,True,True,True,True,True,True
measurement_formal,A,C0,0,Q2_postUA_0p1,1.0,20000,437,0.02185,436,1,437,0,0,0.02676711882582475,0.02676711882582475,19999,1,411,0.02055,411,0.020551027551377568,0.00020166395332151958,0.009812840395321338,0.030992861118264436,0.09322131497747112,0.0,0.00403307740247707,1000,True,0.0,2.710505431213761e-20,posthoc_fixed_action_hypothetical_fMCP_diagnostic_not_new_certificate,False,False,False,False,True,True,True,True,True,True
measurement_formal,A,C0,0,Q2_postUA_0p1,1.1,20000,533,0.02665,532,1,437,96,0,0.03202721331606061,0.02676711882582475,19999,1,508,0.0254,508,0.025401270063503175,0.0002504366362897568,0.0098592171046434,0.031735946859190706,0.09512099310798659,0.0,0.005008482289158846,1000,True,0.0,0.0,posthoc_fixed_action_hypothetical_fMCP_diagnostic_not_new_certificate,False,False,False,False,True,True,True,True,True,True
measurement_formal,A,C0,0,Q2_postUA_0p1,1.2,20000,645,0.03225,644,1,437,208,0,0.038109992272785886,0.02676711882582475,19999,1,620,0.031,620,0.031001550077503874,0.0003107570103061931,0.010023918466312186,0.030151796285623887,0.09702067123850207,0.0,0.006214829449113555,1000,True,8.673617379884035e-19,5.421010862427522e-20,posthoc_fixed_action_hypothetical_fMCP_diagnostic_not_new_certificate,False,False,False,False,True,True,True,True,True,True
measurement_formal,A,C0,0,Q2_postUA_0p5,0.8,20000,521,0.02605,515,6,731,0,210,0.03137230547468212,0.042749851616592296,19994,6,416,0.0208,416,0.02080624187256177,0.00022254449920715126,0.010696044993143706,0.031417032525477236,0.06147597113973161,0.0,0.004449554717147782,1000,True,8.673617379884035e-19,2.710505431213761e-20,posthoc_fixed_action_hypothetical_fMCP_diagnostic_not_new_certificate,False,False,False,False,True,True,True,True,True,True
measurement_formal,A,C0,0,Q2_postUA_0p5,0.9,20000,629,0.03145,623,6,731,0,102,0.037244023674568486,0.042749851616592296,19994,6,526,0.0263,526,0.026307892367710313,0.0002723159683917956,0.010351113064687379,0.03233045702345469,0.06347928841365467,0.0,0.005444685472025561,1000,True,0.0,0.0,posthoc_fixed_action_hypothetical_fMCP_diagnostic_not_new_certificate,False,False,False,False,True,True,True,True,True,True
measurement_formal,A,C0,0,Q2_postUA_0p5,1.0,20000,731,0.03655,725,6,731,0,0,0.042749851616592296,0.042749851616592296,19994,6,629,0.03145,629,0.031459437831349406,0.00033324347697693093,0.010592798217292141,0.032491702772800925,0.06548260568757774,0.0,0.006662870078676758,1000,True,1.734723475976807e-18,0.0,posthoc_fixed_action_hypothetical_fMCP_diagnostic_not_new_certificate,False,False,False,False,True,True,True,True,True,True
measurement_formal,A,C0,0,Q2_postUA_0p5,1.1,20000,839,0.04195,833,6,731,108,0,0.04854609617707294,0.042749851616592296,19994,6,740,0.037,740,0.0370111033309993,0.0004061018792427778,0.010972433748081213,0.03215365482625622,0.06748592296150081,0.0,0.008119600973580098,1000,True,1.734723475976807e-18,5.421010862427522e-20,posthoc_fixed_action_hypothetical_fMCP_diagnostic_not_new_certificate,False,False,False,False,True,True,True,True,True,True
measurement_formal,A,C0,0,Q2_postUA_0p5,1.2,20000,1012,0.0506,1006,6,731,281,0,0.0577737642493797,0.042749851616592296,19994,6,915,0.04575,915,0.04576372911873562,0.0004941920265606866,0.010798770906070346,0.031659065844129176,0.06948924023542387,0.0,0.009880875379054369,1000,True,1.734723475976807e-18,0.0,posthoc_fixed_action_hypothetical_fMCP_diagnostic_not_new_certificate,False,False,False,False,False,False,True,True,True,True
measurement_formal,A,C0,1,Q3_ideal_delta,0.8,20000,339,0.01695,330,9,496,0,157,0.02133734659364014,0.03000566273342157,19991,9,278,0.0139,278,0.013906257816017207,0.00015584140497954113,0.011206566643690673,0.03073021624872854,0.08996021600194314,0.0,0.0031154255269460075,1000,True,8.673617379884035e-19,0.0,posthoc_fixed_action_hypothetical_fMCP_diagnostic_not_new_certificate,False,False,True,False,True,True,True,True,True,True
measurement_formal,A,C0,1,Q3_ideal_delta,0.9,20000,410,0.0205,401,9,496,0,86,0.025278090601399208,0.03000566273342157,19991,9,350,0.0175,350,0.017507878545345405,0.00018908518970748282,0.010800005792692257,0.031179562789205827,0.09185584191439466,0.0,0.0037800020274422895,1000,True,4.336808689942018e-19,5.421010862427522e-20,posthoc_fixed_action_hypothetical_fMCP_diagnostic_not_new_certificate,False,False,False,False,True,True,True,True,True,True
measurement_formal,A,C0,1,Q3_ideal_delta,1.0,20000,496,0.0248,487,9,496,0,0,0.03000566273342157,0.03000566273342157,19991,9,438,0.0219,438,0.021909859436746535,0.0002310710501123337,0.010546441467570007,0.03174562312823312,0.09375146782684618,0.0,0.004619341362795663,1000,True,0.0,0.0,posthoc_fixed_action_hypothetical_fMCP_diagnostic_not_new_certificate,False,False,False,False,True,True,True,True,True,True
measurement_formal,A,C0,1,Q3_ideal_delta,1.1,20000,589,0.02945,580,9,496,93,0,0.03507492696705433,0.03000566273342157,19991,9,531,0.02655,531,0.026561952878795456,0.00028304177328267107,0.010655909773434795,0.03251159704859864,0.09564709373929771,0.0,0.005658288089693877,1000,True,0.0,5.421010862427522e-20,posthoc_fixed_action_hypothetical_fMCP_diagnostic_not_new_certificate,False,False,False,False,True,True,True,True,True,True
measurement_formal,A,C0,1,Q3_ideal_delta,1.2,20000,693,0.03465,684,9,496,197,0,0.04070260426616431,0.03000566273342157,19991,9,638,0.0319,638,0.0319143614626582,0.00034516793755607836,0.010815442381949156,0.033428655122705805,0.09754271965174922,0.0,0.006900252239683561,1000,True,8.673617379884035e-19,0.0,posthoc_fixed_action_hypothetical_fMCP_diagnostic_not_new_certificate,False,False,False,False,True,True,True,True,True,True
measurement_formal,A,C0,1,Q3_raw_noise_0p1,0.8,20000,362,0.0181,353,9,522,0,160,0.022618307128387607,0.03142690725190224,19991,9,277,0.01385,277,0.01385623530588765,0.000159820578676773,0.011534199235838876,0.03092845680203762,0.09300910978304952,0.0,0.0031949731883273687,1000,True,4.336808689942018e-19,0.0,posthoc_fixed_action_hypothetical_fMCP_diagnostic_not_new_certificate,False,False,True,False,True,True,True,True,True,True
measurement_formal,A,C0,1,Q3_raw_noise_0p1,0.9,20000,427,0.02135,418,9,522,0,95,0.026216177656695996,0.03142690725190224,19991,9,342,0.0171,342,0.01710769846430894,0.00019264322689683077,0.011260616224837846,0.032146889247759235,0.0949038522729353,0.0,0.0038511307488945435,1000,True,4.336808689942018e-19,2.710505431213761e-20,posthoc_fixed_action_hypothetical_fMCP_diagnostic_not_new_certificate,False,False,False,False,True,True,True,True,True,True
measurement_formal,A,C0,1,Q3_raw_noise_0p1,1.0,20000,522,0.0261,513,9,522,0,0,0.03142690725190224,0.03142690725190224,19991,9,440,0.022,440,0.022009904457005652,0.0002341010670918096,0.010636169164164468,0.0324969732034372,0.09679859476282104,0.0,0.004679914432232366,1000,True,0.0,0.0,posthoc_fixed_action_hypothetical_fMCP_diagnostic_not_new_certificate,False,False,False,False,True,True,True,True,True,True
measurement_formal,A,C0,1,Q3_raw_noise_0p1,1.1,20000,609,0.03045,600,9,522,87,0,0.036160242016967006,0.03142690725190224,19991,9,529,0.02645,529,0.026461907858536343,0.00028630575657905753,0.01081954325098665,0.03348342145085611,0.09869333725270678,0.0,0.005723538379771939,1000,True,0.0,5.421010862427522e-20,posthoc_fixed_action_hypothetical_fMCP_diagnostic_not_new_certificate,False,False,False,False,True,True,True,True,True,True
measurement_formal,A,C0,1,Q3_raw_noise_0p1,1.2,20000,713,0.03565,704,9,522,191,0,0.04178065297732117,0.03142690725190224,19991,9,638,0.0319,638,0.0319143614626582,0.00034842819400420806,0.010917598787363827,0.03378952716846441,0.10058807974259255,0.0,0.006965428026338122,1000,True,1.734723475976807e-18,5.421010862427522e-20,posthoc_fixed_action_hypothetical_fMCP_diagnostic_not_new_certificate,False,False,False,False,True,True,True,True,True,True
measurement_formal,A,C0,1,Q3_raw_noise_0p5,0.8,20000,1172,0.0586,1163,9,1338,0,166,0.06625805903891899,0.07501971133758997,19991,9,368,0.0184,368,0.018408283727677454,0.00021745604758884526,0.011812945237360343,0.031376155346374474,0.09300910978304952,0.0,0.0043471638473486065,1000,True,8.673617379884035e-19,2.710505431213761e-20,posthoc_fixed_action_hypothetical_fMCP_diagnostic_not_new_certificate,False,False,False,False,False,False,True,True,True,True
measurement_formal,A,C0,1,Q3_raw_noise_0p5,0.9,20000,1245,0.06225,1236,9,1338,0,93,0.07011573398098347,0.07501971133758997,19991,9,443,0.02215,443,0.022159971987394327,0.00026073850867712684,0.011766193063125154,0.03257138249316709,0.0949038522729353,0.0,0.0052124235269644425,1000,True,0.0,0.0,posthoc_fixed_action_hypothetical_fMCP_diagnostic_not_new_certificate,False,False,False,False,False,False,True,True,True,True
measurement_formal,A,C0,1,Q3_raw_noise_0p5,1.0,20000,1338,0.0669,1329,9,1338,0,0,0.07501971133758997,0.07501971133758997,19991,9,548,0.0274,548,0.027412335550997948,0.00031336998099201015,0.011431714032867288,0.033386654673864515,0.09679859476282104,0.0,0.006264579290011275,1000,True,0.0,5.421010862427522e-20,posthoc_fixed_action_hypothetical_fMCP_diagnostic_not_new_certificate,False,False,False,False,False,False,True,True,True,True
measurement_formal,A,C0,1,Q3_raw_noise_0p5,1.1,20000,1419,0.07095,1410,9,1338,81,0,0.0792820675699104,0.07501971133758997,19991,9,636,0.0318,636,0.03181431644239908,0.0003762827926483856,0.011827467465147604,0.034748226015194075,0.09869333725270678,0.0,0.007522269307833877,1000,True,8.673617379884035e-19,5.421010862427522e-20,posthoc_fixed_action_hypothetical_fMCP_diagnostic_not_new_certificate,False,False,False,False,False,False,True,True,True,True
measurement_formal,A,C0,1,Q3_raw_noise_0p5,1.2,20000,1565,0.07825,1556,9,1338,227,0,0.08694611722286688,0.07501971133758997,19991,9,795,0.03975,795,0.03976789555299885,0.0004527147677538986,0.011383925688261872,0.03523629391998607,0.10058807974259255,0.0,0.009050220922168188,1000,True,1.734723475976807e-18,1.0842021724855044e-19,posthoc_fixed_action_hypothetical_fMCP_diagnostic_not_new_certificate,False,False,False,False,False,False,True,True,True,True
measurement_formal,A,C0,1,Q3_postmean_0p1,0.8,20000,365,0.01825,356,9,523,0,158,0.022785060813139055,0.031481504235371556,19991,9,274,0.0137,274,0.013706167775498974,0.0001590343015511563,0.011603119424486007,0.030961661456444776,0.09300910978304952,0.0,0.0031792547223091655,1000,True,0.0,2.710505431213761e-20,posthoc_fixed_action_hypothetical_fMCP_diagnostic_not_new_certificate,False,False,True,False,True,True,True,True,True,True
measurement_formal,A,C0,1,Q3_postmean_0p1,0.9,20000,432,0.0216,423,9,523,0,91,0.026491727212867428,0.031481504235371556,19991,9,343,0.01715,343,0.017157720974438496,0.0001917855273715151,0.011177797311031946,0.03211923239331264,0.0949038522729353,0.0,0.003833984477683958,1000,True,4.336808689942018e-19,2.710505431213761e-20,posthoc_fixed_action_hypothetical_fMCP_diagnostic_not_new_certificate,False,False,False,False,True,True,True,True,True,True
measurement_formal,A,C0,1,Q3_postmean_0p1,1.0,20000,523,0.02615,514,9,523,0,0,0.031481504235371556,0.031481504235371556,19991,9,437,0.02185,437,0.021859836926616978,0.0002332051646094804,0.010668202392924766,0.03251753146610989,0.09679859476282104,0.0,0.004662004445708122,1000,True,0.0,0.0,posthoc_fixed_action_hypothetical_fMCP_diagnostic_not_new_certificate,False,False,False,False,True,True,True,True,True,True
measurement_formal,A,C0,1,Q3_postmean_0p1,1.1,20000,609,0.03045,600,9,523,86,0,0.036160242016967006,0.031481504235371556,19991,9,525,0.02625,525,0.026261817818018108,0.000285032972566023,0.010853512675366408,0.033525515479243984,0.09869333725270678,0.0,0.005698094154567366,1000,True,0.0,1.0842021724855044e-19,posthoc_fixed_action_hypothetical_fMCP_diagnostic_not_new_certificate,False,False,False,False,True,True,True,True,True,True
measurement_formal,A,C0,1,Q3_postmean_0p1,1.2,20000,713,0.03565,704,9,523,190,0,0.04178065297732117,0.031481504235371556,19991,9,634,0.0317,634,0.031714271422139964,0.00034678387757666366,0.010934631698162592,0.03350349272154385,0.10058807974259255,0.0,0.006932556496635082,1000,True,8.673617379884035e-19,0.0,posthoc_fixed_action_hypothetical_fMCP_diagnostic_not_new_certificate,False,False,False,False,True,True,True,True,True,True
measurement_formal,A,C0,1,Q3_postmean_0p5,0.8,20000,1986,0.0993,1978,8,2121,0,135,0.10893383311187478,0.11595511658670868,19991,9,263,0.01315,263,0.013155920164073832,0.00012759174268188103,0.009698427862941002,0.02798742058428787,0.0587695562414751,0.0,0.0025506865279534834,1000,True,4.336808689942018e-19,0.0,posthoc_fixed_action_hypothetical_fMCP_diagnostic_not_new_certificate,False,False,False,False,False,False,True,False,True,True
measurement_formal,A,C0,1,Q3_postmean_0p5,0.9,20000,2054,0.1027,2046,8,2121,0,67,0.11247206782614234,0.11595511658670868,19991,9,342,0.0171,342,0.01710769846430894,0.00016006701019465107,0.00935643158129026,0.029324795379057446,0.060707678798121965,0.0,0.00319989960080127,1000,True,4.336808689942018e-19,0.0,posthoc_fixed_action_hypothetical_fMCP_diagnostic_not_new_certificate,False,False,False,False,False,False,False,False,True,True
measurement_formal,A,C0,1,Q3_postmean_0p5,1.0,20000,2121,0.10605,2113,8,2121,0,0,0.11595511658670868,0.11595511658670868,19991,9,428,0.0214,428,0.021409634335450952,0.00020137787983381516,0.009405946719060278,0.029670902230080266,0.06264580135476883,0.0,0.004025745195757799,1000,True,0.0,0.0,posthoc_fixed_action_hypothetical_fMCP_diagnostic_not_new_certificate,False,False,False,False,False,False,False,False,True,True
measurement_formal,A,C0,1,Q3_postmean_0p5,1.1,20000,2195,0.10975,2187,8,2121,74,0,0.1197985858053389,0.11595511658670868,19991,9,517,0.02585,517,0.025861637736981642,0.0002521457125218521,0.009749796787281132,0.029230341093195836,0.0645839239114157,0.0,0.005040644939024346,1000,True,0.0,0.0,posthoc_fixed_action_hypothetical_fMCP_diagnostic_not_new_certificate,False,False,False,False,False,False,False,False,True,True
measurement_formal,A,C0,1,Q3_postmean_0p5,1.2,20000,2314,0.1157,2306,8,2121,193,0,0.125972030837217,0.11595511658670868,19991,9,657,0.03285,657,0.032864789155119804,0.0003148727247859905,0.00958085333515485,0.027938724165122872,0.06652204646806256,0.0,0.006294620641196738,1000,True,1.734723475976807e-18,5.421010862427522e-20,posthoc_fixed_action_hypothetical_fMCP_diagnostic_not_new_certificate,False,False,False,False,False,False,False,False,True,True
measurement_formal,A,C0,1,Q3_postUA_0p1,0.8,20000,357,0.01785,348,9,520,0,163,0.022340220206714577,0.03131769889031496,19991,9,291,0.01455,291,0.014556550447701466,0.00016620083555081704,0.011417597606516781,0.03099486611085195,0.09300910978304952,0.0,0.0033225209034963834,1000,True,0.0,0.0,posthoc_fixed_action_hypothetical_fMCP_diagnostic_not_new_certificate,False,False,True,False,True,True,True,True,True,True
measurement_formal,A,C0,1,Q3_postUA_0p1,0.9,20000,422,0.0211,413,9,520,0,98,0.02594046744668261,0.03131769889031496,19991,9,356,0.0178,356,0.017808013606122754,0.0002005188573565022,0.01126003504891527,0.03175969328550695,0.0949038522729353,0.0,0.004008572477413835,1000,True,0.0,0.0,posthoc_fixed_action_hypothetical_fMCP_diagnostic_not_new_certificate,False,False,False,False,True,True,True,True,True,True
measurement_formal,A,C0,1,Q3_postUA_0p1,1.0,20000,520,0.026,511,9,520,0,0,0.03131769889031496,0.03131769889031496,19991,9,457,0.02285,457,0.022860287129208144,0.00024378727096562597,0.010664226113509473,0.03266968098201195,0.09679859476282104,0.0,0.004873551333873829,1000,True,0.0,2.710505431213761e-20,posthoc_fixed_action_hypothetical_fMCP_diagnostic_not_new_certificate,False,False,False,False,True,True,True,True,True,True
measurement_formal,A,C0,1,Q3_postUA_0p1,1.1,20000,610,0.0305,601,9,520,90,0,0.036214466911902,0.03131769889031496,19991,9,548,0.0274,548,0.027412335550997948,0.00029754256482313133,0.010854331046312442,0.033706122668756604,0.09869333725270678,0.0,0.005948173413379218,1000,True,0.0,5.421010862427522e-20,posthoc_fixed_action_hypothetical_fMCP_diagnostic_not_new_certificate,False,False,False,False,True,True,True,True,True,True
measurement_formal,A,C0,1,Q3_postUA_0p1,1.2,20000,723,0.03615,714,9,520,203,0,0.042319216460625836,0.03131769889031496,19991,9,665,0.03325,665,0.033264969236156273,0.0003620265485224551,0.01088311688949233,0.033975046921484696,0.10058807974259255,0.0,0.0072372727315124005,1000,True,8.673617379884035e-19,5.421010862427522e-20,posthoc_fixed_action_hypothetical_fMCP_diagnostic_not_new_certificate,False,False,False,False,True,True,True,True,True,True
measurement_formal,A,C0,1,Q3_postUA_0p5,0.8,20000,616,0.0308,607,9,832,0,216,0.03653973631135447,0.04817132823282934,19991,9,460,0.023,460,0.02301035465959682,0.0002632392459478903,0.01144003427335712,0.03280343133935143,0.07296130389316248,0.0,0.005262415765744275,1000,True,0.0,5.421010862427522e-20,posthoc_fixed_action_hypothetical_fMCP_diagnostic_not_new_certificate,False,False,False,False,True,True,True,True,True,True
measurement_formal,A,C0,1,Q3_postUA_0p5,0.9,20000,718,0.0359,709,9,832,0,114,0.04204997247957449,0.04817132823282934,19991,9,567,0.02835,567,0.028362763243459557,0.00031785586594622155,0.011206801792118016,0.03204069170767093,0.07491258977701211,0.0,0.0063542566161309145,1000,True,0.0,0.0,posthoc_fixed_action_hypothetical_fMCP_diagnostic_not_new_certificate,False,False,False,False,True,True,True,True,True,True
measurement_formal,A,C0,1,Q3_postUA_0p5,1.0,20000,832,0.0416,823,9,832,0,0,0.04817132823282934,0.04817132823282934,19991,9,686,0.0343,686,0.03431544194887699,0.00038409560147569346,0.011193083336881323,0.03297304921621213,0.07686387566086174,0.0,0.007678455169100588,1000,True,8.673617379884035e-19,5.421010862427522e-20,posthoc_fixed_action_hypothetical_fMCP_diagnostic_not_new_certificate,False,False,False,False,True,True,True,True,True,True
measurement_formal,A,C0,1,Q3_postUA_0p5,1.1,20000,968,0.0484,959,9,832,136,0,0.05543268984887994,0.04817132823282934,19991,9,824,0.0412,824,0.04121854834675604,0.000464270453324562,0.011263629408266163,0.03354893346685876,0.07881516154471137,0.0,0.009281230632411317,1000,True,1.734723475976807e-18,0.0,posthoc_fixed_action_hypothetical_fMCP_diagnostic_not_new_certificate,False,False,False,False,True,False,True,True,True,True
measurement_formal,A,C0,1,Q3_postUA_0p5,1.2,20000,1142,0.0571,1133,9,832,310,0,0.06467042878924469,0.04817132823282934,19991,9,1002,0.0501,1002,0.050122555149817415,0.0005618649675325352,0.011209822920102705,0.033821870451013064,0.080766447428561,9.439063270081474e-06,0.01123223219577877,1000,False,1.037016414233427e-08,1.0842021724855044e-19,posthoc_fixed_action_hypothetical_fMCP_diagnostic_not_new_certificate,False,False,False,False,False,False,True,True,True,True
measurement_formal,A,C0,1,Q2_ideal_delta,0.8,20000,253,0.01265,253,0,383,0,130,0.016500794247379633,0.023784084630990014,20000,0,233,0.01165,233,0.01165,0.00012691173276627106,0.010893710967061895,0.03462395076945386,0.05203286269664988,0.0,0.002538234655325421,1000,True,0.0,2.710505431213761e-20,posthoc_fixed_action_hypothetical_fMCP_diagnostic_not_new_certificate,False,False,True,True,True,True,True,True,True,True
measurement_formal,A,C0,1,Q2_ideal_delta,0.9,20000,309,0.01545,309,0,383,0,74,0.019659278611858393,0.023784084630990014,20000,0,289,0.01445,289,0.01445,0.00015476573526933683,0.010710431506528497,0.03367027289927655,0.05401711704043485,0.0,0.0030953147053867365,1000,True,0.0,5.421010862427522e-20,posthoc_fixed_action_hypothetical_fMCP_diagnostic_not_new_certificate,False,False,True,True,True,True,True,True,True,True
measurement_formal,A,C0,1,Q2_ideal_delta,1.0,20000,383,0.01915,383,0,383,0,0,0.023784084630990014,0.023784084630990014,20000,0,365,0.01825,365,0.01825,0.0001898873295764727,0.010404785182272476,0.03271684280303814,0.05600137138421982,0.0,0.0037977465915294533,1000,True,4.336808689942018e-19,0.0,posthoc_fixed_action_hypothetical_fMCP_diagnostic_not_new_certificate,False,False,True,False,True,True,True,True,True,True
measurement_formal,A,C0,1,Q2_ideal_delta,1.1,20000,464,0.0232,464,0,383,81,0,0.028251613176649464,0.023784084630990014,20000,0,448,0.0224,448,0.0224,0.0002329444245280727,0.010399304666431812,0.033210372793075905,0.057985625728004794,0.0,0.004658888490561454,1000,True,0.0,1.0842021724855044e-19,posthoc_fixed_action_hypothetical_fMCP_diagnostic_not_new_certificate,False,False,False,False,True,True,True,True,True,True
measurement_formal,A,C0,1,Q2_ideal_delta,1.2,20000,556,0.0278,556,0,383,173,0,0.03328059948503944,0.023784084630990014,20000,0,540,0.027,540,0.027,0.00028551868085731786,0.010574765957678438,0.031995843945437155,0.05996988007178976,0.0,0.005710373617146358,1000,True,8.673617379884035e-19,5.421010862427522e-20,posthoc_fixed_action_hypothetical_fMCP_diagnostic_not_new_certificate,False,False,False,False,True,True,True,True,True,True
measurement_formal,A,C0,1,Q2_postUA_0p1,0.8,20000,275,0.01375,275,0,401,0,126,0.017746127466037542,0.02478066571615027,20000,0,244,0.0122,244,0.0122,0.00013472752700488774,0.011043239918433425,0.034208735285371744,0.05203286269664988,0.0,0.002694550540097755,1000,True,4.336808689942018e-19,5.421010862427522e-20,posthoc_fixed_action_hypothetical_fMCP_diagnostic_not_new_certificate,False,False,True,True,True,True,True,True,True,True
measurement_formal,A,C0,1,Q2_postUA_0p1,0.9,20000,329,0.01645,329,0,401,0,72,0.02077894692243556,0.02478066571615027,20000,0,299,0.01495,299,0.01495,0.00016373756987471557,0.010952345811017764,0.033656731944488184,0.05401711704043485,0.0,0.003274751397494312,1000,True,8.673617379884035e-19,0.0,posthoc_fixed_action_hypothetical_fMCP_diagnostic_not_new_certificate,False,False,True,False,True,True,True,True,True,True
measurement_formal,A,C0,1,Q2_postUA_0p1,1.0,20000,401,0.02005,401,0,401,0,0,0.02478066571615027,0.02478066571615027,20000,0,374,0.0187,374,0.0187,0.0002000223826471961,0.01069638409878054,0.03266640496403403,0.05600137138421982,0.0,0.004000447652943923,1000,True,8.673617379884035e-19,2.710505431213761e-20,posthoc_fixed_action_hypothetical_fMCP_diagnostic_not_new_certificate,False,False,False,False,True,True,True,True,True,True
measurement_formal,A,C0,1,Q2_postUA_0p1,1.1,20000,497,0.02485,497,0,401,96,0,0.030060388881079855,0.02478066571615027,20000,0,472,0.0236,472,0.0236,0.00024474712296473103,0.010370640803590297,0.03379763080880108,0.057985625728004794,0.0,0.00489494245929462,1000,True,8.673617379884035e-19,0.0,posthoc_fixed_action_hypothetical_fMCP_diagnostic_not_new_certificate,False,False,False,False,True,True,True,True,True,True
measurement_formal,A,C0,1,Q2_postUA_0p1,1.2,20000,607,0.03035,607,0,401,206,0,0.03605178072122382,0.02478066571615027,20000,0,582,0.0291,582,0.0291,0.0003005937370714003,0.010329681686302416,0.032851376713327315,0.05996988007178976,0.0,0.006011874741428007,1000,True,8.673617379884035e-19,0.0,posthoc_fixed_action_hypothetical_fMCP_diagnostic_not_new_certificate,False,False,False,False,True,True,True,True,True,True
measurement_formal,A,C0,1,Q2_postUA_0p5,0.8,20000,514,0.0257,505,9,722,0,208,0.030989957675727004,0.04226537366986483,19991,9,405,0.02025,405,0.020259116602471112,0.0002228270656504318,0.010998853998562427,0.03124644198709587,0.06079288678375317,0.0,0.004454535869417783,1000,True,1.734723475976807e-18,2.710505431213761e-20,posthoc_fixed_action_hypothetical_fMCP_diagnostic_not_new_certificate,False,False,False,False,True,True,True,True,True,True
measurement_formal,A,C0,1,Q2_postUA_0p5,0.9,20000,608,0.0304,599,9,722,0,114,0.03610601328978652,0.04226537366986483,19991,9,500,0.025,500,0.02501125506477915,0.0002711142144737617,0.01083968852308994,0.03094876536111205,0.06278513018099503,0.0,0.00541984426154497,1000,True,0.0,0.0,posthoc_fixed_action_hypothetical_fMCP_diagnostic_not_new_certificate,False,False,False,False,True,True,True,True,True,True
measurement_formal,A,C0,1,Q2_postUA_0p5,1.0,20000,722,0.0361,713,9,722,0,0,0.04226537366986483,0.04226537366986483,19991,9,620,0.031,620,0.031013956280326146,0.0003301305144943106,0.010644579218154458,0.03169119234907893,0.0647773735782369,0.0,0.006599639115255764,1000,True,1.734723475976807e-18,5.421010862427522e-20,posthoc_fixed_action_hypothetical_fMCP_diagnostic_not_new_certificate,False,False,False,False,True,True,True,True,True,True
measurement_formal,A,C0,1,Q2_postUA_0p5,1.1,20000,860,0.043,851,9,722,138,0,0.04966969545644494,0.04226537366986483,19991,9,761,0.03805,761,0.03806713020859387,0.00040375261310076374,0.01060633178514766,0.03174050340711394,0.06676961697547876,0.0,0.00807141848849737,1000,True,1.734723475976807e-18,1.0842021724855044e-19,posthoc_fixed_action_hypothetical_fMCP_diagnostic_not_new_certificate,False,False,False,False,True,True,True,True,True,True
measurement_formal,A,C0,1,Q2_postUA_0p5,1.2,20000,1014,0.0507,1005,9,722,292,0,0.05788008994707187,0.04226537366986483,19991,9,916,0.0458,916,0.0458206192786754,0.0004932227067298648,0.010764208657463678,0.032253699932595484,0.06876186037272063,0.0,0.009860015130236727,1000,True,0.0,1.0842021724855044e-19,posthoc_fixed_action_hypothetical_fMCP_diagnostic_not_new_certificate,False,False,False,False,False,False,True,True,True,True
measurement_formal,A,C0,2,Q3_ideal_delta,0.8,20000,312,0.0156,307,5,494,0,182,0.019827482882486876,0.029896194930881158,19995,5,269,0.01345,269,0.013453363340835208,0.0001541556126240335,0.01145851849225855,0.03946257162957058,0.11131496911060308,0.0,0.0030823414744175505,1000,True,4.336808689942018e-19,0.0,posthoc_fixed_action_hypothetical_fMCP_diagnostic_not_new_certificate,False,False,True,True,True,True,True,True,True,True
measurement_formal,A,C0,2,Q3_ideal_delta,0.9,20000,395,0.01975,390,5,494,0,99,0.024448733251343675,0.029896194930881158,19995,5,352,0.0176,352,0.017604401100275068,0.0001868679594855602,0.01061484332361868,0.03471188895241187,0.11313156959649782,0.0,0.003736424849913776,1000,True,0.0,5.421010862427522e-20,posthoc_fixed_action_hypothetical_fMCP_diagnostic_not_new_certificate,False,False,True,False,True,True,True,True,True,True
measurement_formal,A,C0,2,Q3_ideal_delta,1.0,20000,494,0.0247,489,5,494,0,0,0.029896194930881158,0.029896194930881158,19995,5,452,0.0226,452,0.022605651412853214,0.0002298189543384029,0.010166438035390189,0.0325897283332797,0.11494817008239255,0.0,0.004595229991996365,1000,True,8.673617379884035e-19,0.0,posthoc_fixed_action_hypothetical_fMCP_diagnostic_not_new_certificate,False,False,False,False,True,True,True,True,True,True
measurement_formal,A,C0,2,Q3_ideal_delta,1.1,20000,623,0.03115,618,5,494,129,0,0.03691904590220948,0.029896194930881158,19995,5,584,0.0292,584,0.029207301825456364,0.000285554100647258,0.009776805209660826,0.03121304647808678,0.1167647705682873,0.0,0.005709654242441923,1000,True,8.673617379884035e-19,5.421010862427522e-20,posthoc_fixed_action_hypothetical_fMCP_diagnostic_not_new_certificate,False,False,False,False,True,True,True,True,True,True
measurement_formal,A,C0,2,Q3_ideal_delta,1.2,20000,739,0.03695,734,5,494,245,0,0.04318029836698732,0.029896194930881158,19995,5,702,0.0351,702,0.03510877719429858,0.00035432106509650246,0.010092093584906791,0.031125986093306853,0.11858137105418204,0.0,0.007084649696604568,1000,True,8.673617379884035e-19,5.421010862427522e-20,posthoc_fixed_action_hypothetical_fMCP_diagnostic_not_new_certificate,False,False,False,False,True,True,True,True,True,True
measurement_formal,A,C0,2,Q3_raw_noise_0p1,0.8,20000,340,0.017,335,5,520,0,180,0.02139313634882841,0.03131769889031496,19995,5,262,0.0131,262,0.013103275818954738,0.0001475195014725801,0.011258215389100148,0.040766945100515886,0.08854368992312832,0.0,0.0029496524319442396,1000,True,4.336808689942018e-19,2.710505431213761e-20,posthoc_fixed_action_hypothetical_fMCP_diagnostic_not_new_certificate,False,False,True,False,True,True,True,True,True,True
measurement_formal,A,C0,2,Q3_raw_noise_0p1,0.9,20000,424,0.0212,419,5,520,0,96,0.02605077098591549,0.03131769889031496,19995,5,348,0.0174,348,0.017404351087771944,0.000179496631955293,0.01031331941363817,0.03798023853401296,0.09048476962274071,0.0,0.0035890351559460833,1000,True,4.336808689942018e-19,0.0,posthoc_fixed_action_hypothetical_fMCP_diagnostic_not_new_certificate,False,False,False,False,True,True,True,True,True,True
measurement_formal,A,C0,2,Q3_raw_noise_0p1,1.0,20000,520,0.026,515,5,520,0,0,0.03131769889031496,0.03131769889031496,19995,5,448,0.0224,448,0.022405601400350087,0.0002220365976823482,0.009909870023791411,0.03483250892212754,0.09242584932235312,0.0,0.004439621770658552,1000,True,0.0,0.0,posthoc_fixed_action_hypothetical_fMCP_diagnostic_not_new_certificate,False,False,False,False,True,True,True,True,True,True
measurement_formal,A,C0,2,Q3_raw_noise_0p1,1.1,20000,644,0.0322,639,5,520,124,0,0.03805589602554824,0.03131769889031496,19995,5,576,0.0288,576,0.028807201800450113,0.0002772870086793673,0.00962561412941658,0.03129661868618731,0.09436692902196553,0.0,0.005544353738543949,1000,True,8.673617379884035e-19,0.0,posthoc_fixed_action_hypothetical_fMCP_diagnostic_not_new_certificate,False,False,False,False,True,True,True,True,True,True
measurement_formal,A,C0,2,Q3_raw_noise_0p1,1.2,20000,773,0.03865,768,5,520,253,0,0.04500766179569944,0.03131769889031496,19995,5,707,0.03535,707,0.03535883970992748,0.0003464125897015073,0.009797057611148003,0.030430022394868677,0.09630800872157792,0.0,0.00692651973108164,1000,True,8.673617379884035e-19,0.0,posthoc_fixed_action_hypothetical_fMCP_diagnostic_not_new_certificate,False,False,False,False,True,True,True,True,True,True
measurement_formal,A,C0,2,Q3_raw_noise_0p5,0.8,20000,1066,0.0533,1061,5,1244,0,178,0.06064202761815826,0.07006294026793299,19995,5,352,0.0176,352,0.017604401100275068,0.00020301856897951608,0.011532262178254045,0.03866010540983213,0.09634200348536497,0.0,0.004059356286745425,1000,True,8.673617379884035e-19,2.710505431213761e-20,posthoc_fixed_action_hypothetical_fMCP_diagnostic_not_new_certificate,False,False,False,False,False,False,True,True,True,True
measurement_formal,A,C0,2,Q3_raw_noise_0p5,0.9,20000,1150,0.0575,1145,5,1244,0,94,0.06509393193934883,0.07006294026793299,19995,5,443,0.02215,443,0.02215553888472118,0.000244879457031662,0.011052742084307185,0.0369799994288677,0.09822331430893955,0.0,0.004896364743348083,1000,True,8.673617379884035e-19,5.421010862427522e-20,posthoc_fixed_action_hypothetical_fMCP_diagnostic_not_new_certificate,False,False,False,False,False,False,True,True,True,True
measurement_formal,A,C0,2,Q3_raw_noise_0p5,1.0,20000,1244,0.0622,1239,5,1244,0,0,0.07006294026793299,0.07006294026793299,19995,5,542,0.0271,542,0.027106776694173544,0.00029757427489761346,0.010977855399590002,0.033777738129618054,0.10010462513251413,0.0,0.00594999762657778,1000,True,8.673617379884035e-19,0.0,posthoc_fixed_action_hypothetical_fMCP_diagnostic_not_new_certificate,False,False,False,False,False,False,True,True,True,True
measurement_formal,A,C0,2,Q3_raw_noise_0p5,1.1,20000,1372,0.0686,1367,5,1244,128,0,0.07680980837802921,0.07006294026793299,19995,5,682,0.0341,682,0.034108527131782945,0.00036329215377828603,0.01065106541759066,0.031245569559874533,0.1019859359560887,0.0,0.0072640266147968304,1000,True,8.673617379884035e-19,0.0,posthoc_fixed_action_hypothetical_fMCP_diagnostic_not_new_certificate,False,False,False,False,False,False,True,True,True,True
measurement_formal,A,C0,2,Q3_raw_noise_0p5,1.2,20000,1516,0.0758,1511,5,1244,272,0,0.08437647215417377,0.07006294026793299,19995,5,838,0.0419,838,0.04191047761940485,0.00044438174739462854,0.010603118185149878,0.03260961406784232,0.10386724677966329,0.0,0.008885413039155599,1000,True,0.0,0.0,posthoc_fixed_action_hypothetical_fMCP_diagnostic_not_new_certificate,False,False,False,False,False,False,True,True,True,True
measurement_formal,A,C0,2,Q3_postmean_0p1,0.8,20000,344,0.0172,339,5,525,0,181,0.02161620603988674,0.03159068387432534,19995,5,259,0.01295,259,0.012953238309577394,0.00014560847990972102,0.01124108708801109,0.03820436430647764,0.08854368992312832,0.0,0.0029114415557948714,1000,True,4.336808689942018e-19,2.710505431213761e-20,posthoc_fixed_action_hypothetical_fMCP_diagnostic_not_new_certificate,False,False,True,False,True,True,True,True,True,True
measurement_formal,A,C0,2,Q3_postmean_0p1,0.9,20000,427,0.02135,422,5,525,0,98,0.026216177656695996,0.03159068387432534,19995,5,344,0.0172,344,0.017204301075268817,0.00017722974279873264,0.010301478800176336,0.03643543430948435,0.09048476962274071,0.0,0.0035437087072606593,1000,True,0.0,2.710505431213761e-20,posthoc_fixed_action_hypothetical_fMCP_diagnostic_not_new_certificate,False,False,False,False,True,True,True,True,True,True
measurement_formal,A,C0,2,Q3_postmean_0p1,1.0,20000,525,0.02625,520,5,525,0,0,0.03159068387432534,0.03159068387432534,19995,5,446,0.0223,446,0.022305576394098525,0.00021937628713429978,0.009835042289798932,0.03377621265894851,0.09242584932235312,0.0,0.004386428861250324,1000,True,0.0,2.710505431213761e-20,posthoc_fixed_action_hypothetical_fMCP_diagnostic_not_new_certificate,False,False,False,False,True,True,True,True,True,True
measurement_formal,A,C0,2,Q3_postmean_0p1,1.1,20000,652,0.0326,647,5,525,127,0,0.03848856770107823,0.03159068387432534,19995,5,577,0.02885,577,0.028857214303575893,0.0002745450258073203,0.009513912982699081,0.031069430995640836,0.09436692902196553,0.0,0.00548952779101737,1000,True,0.0,0.0,posthoc_fixed_action_hypothetical_fMCP_diagnostic_not_new_certificate,False,False,False,False,True,True,True,True,True,True
measurement_formal,A,C0,2,Q3_postmean_0p1,1.2,20000,781,0.03905,776,5,525,256,0,0.0454371657233451,0.03159068387432534,19995,5,708,0.0354,708,0.03540885221305326,0.00034379895952223004,0.009709407055998574,0.029832051863402813,0.09630800872157792,0.0,0.006874260195646991,1000,True,8.673617379884035e-19,0.0,posthoc_fixed_action_hypothetical_fMCP_diagnostic_not_new_certificate,False,False,False,False,True,True,True,True,True,True
measurement_formal,A,C0,2,Q3_postmean_0p5,0.8,20000,1935,0.09675,1930,5,2100,0,165,0.10627795348614548,0.11486374332687638,19995,5,268,0.0134,268,0.013403350837709428,0.0001206362211271353,0.009000452393421905,0.02766111473308789,0.07366561055216152,0.0,0.00241212124143707,1000,True,0.0,2.710505431213761e-20,posthoc_fixed_action_hypothetical_fMCP_diagnostic_not_new_certificate,False,False,False,False,False,False,True,False,True,True
measurement_formal,A,C0,2,Q3_postmean_0p5,0.9,20000,2014,0.1007,2009,5,2100,0,86,0.11039115283024391,0.11486374332687638,19995,5,354,0.0177,354,0.01770442610652663,0.00015359590331833097,0.008675565217090472,0.026973207436328042,0.07558241018032612,0.0,0.0030711500868500275,1000,True,4.336808689942018e-19,5.421010862427522e-20,posthoc_fixed_action_hypothetical_fMCP_diagnostic_not_new_certificate,False,False,False,False,False,False,False,False,True,True
measurement_formal,A,C0,2,Q3_postmean_0p5,1.0,20000,2100,0.105,2095,5,2100,0,0,0.11486374332687638,0.11486374332687638,19995,5,453,0.02265,453,0.022655663915978994,0.00019717114364785446,0.008702951472933443,0.02717368080056966,0.07749920980849073,0.0,0.003942437017238849,1000,True,8.673617379884035e-19,2.710505431213761e-20,posthoc_fixed_action_hypothetical_fMCP_diagnostic_not_new_certificate,False,False,False,False,False,False,False,False,True,True
measurement_formal,A,C0,2,Q3_postmean_0p5,1.1,20000,2210,0.1105,2205,5,2100,110,0,0.12057723617847334,0.11486374332687638,19995,5,580,0.029,580,0.029007251812953237,0.00025300134966671066,0.008722003425148069,0.025480068389999014,0.07941600943665535,0.0,0.005058761986585879,1000,True,8.673617379884035e-19,0.0,posthoc_fixed_action_hypothetical_fMCP_diagnostic_not_new_certificate,False,False,False,False,False,False,False,False,True,True
measurement_formal,A,C0,2,Q3_postmean_0p5,1.2,20000,2337,0.11685,2332,5,2100,237,0,0.1271642267190134,0.11486374332687638,19995,5,730,0.0365,730,0.03650912728182046,0.0003238697137201016,0.008870924555936207,0.02529499657625604,0.08133280906481995,0.0,0.006475774925833432,1000,True,0.0,5.421010862427522e-20,posthoc_fixed_action_hypothetical_fMCP_diagnostic_not_new_certificate,False,False,False,False,False,False,False,False,True,True
measurement_formal,A,C0,2,Q3_postUA_0p1,0.8,20000,321,0.01605,316,5,514,0,193,0.020331551163593715,0.030989957675727004,19995,5,269,0.01345,269,0.013453363340835208,0.00014900579760282324,0.011075728338544425,0.03771297684949738,0.08854368992312832,0.0,0.0029793709230684505,1000,True,4.336808689942018e-19,2.710505431213761e-20,posthoc_fixed_action_hypothetical_fMCP_diagnostic_not_new_certificate,False,False,True,False,True,True,True,True,True,True
measurement_formal,A,C0,2,Q3_postUA_0p1,0.9,20000,414,0.0207,409,5,514,0,100,0.025498989954406984,0.030989957675727004,19995,5,363,0.01815,363,0.018154538634658664,0.00018220065906581832,0.010036094154327926,0.036154574888500705,0.09048476962274071,0.0,0.003643102178021037,1000,True,0.0,0.0,posthoc_fixed_action_hypothetical_fMCP_diagnostic_not_new_certificate,False,False,False,False,True,True,True,True,True,True
measurement_formal,A,C0,2,Q3_postUA_0p1,1.0,20000,514,0.0257,509,5,514,0,0,0.030989957675727004,0.030989957675727004,19995,5,465,0.02325,465,0.023255813953488372,0.0002263638082225414,0.00973364375356928,0.033142972971749673,0.09242584932235312,0.0,0.004526144345409716,1000,True,0.0,0.0,posthoc_fixed_action_hypothetical_fMCP_diagnostic_not_new_certificate,False,False,False,False,True,True,True,True,True,True
measurement_formal,A,C0,2,Q3_postUA_0p1,1.1,20000,635,0.03175,630,5,514,121,0,0.03756886979007158,0.030989957675727004,19995,5,588,0.0294,588,0.029407351837959488,0.00028295247382238643,0.00962182774503166,0.030948645809470165,0.09436692902196553,0.0,0.005657634714078617,1000,True,0.0,0.0,posthoc_fixed_action_hypothetical_fMCP_diagnostic_not_new_certificate,False,False,False,False,True,True,True,True,True,True
measurement_formal,A,C0,2,Q3_postUA_0p1,1.2,20000,770,0.0385,765,5,514,256,0,0.04484655313893255,0.030989957675727004,19995,5,725,0.03625,725,0.03625906476619155,0.0003533880407015971,0.00974619844665991,0.029619428655134363,0.09630800872157792,0.0,0.007065993873828435,1000,True,8.673617379884035e-19,5.421010862427522e-20,posthoc_fixed_action_hypothetical_fMCP_diagnostic_not_new_certificate,False,False,False,False,True,True,True,True,True,True
measurement_formal,A,C0,2,Q3_postUA_0p5,0.8,20000,585,0.02925,580,5,840,0,255,0.034857673366571924,0.048599624760364384,19995,5,462,0.0231,462,0.023105776444111027,0.0002468431679396838,0.01068317996310385,0.035043021369062635,0.09634200348536497,0.0,0.004935629142953977,1000,True,8.673617379884035e-19,0.0,posthoc_fixed_action_hypothetical_fMCP_diagnostic_not_new_certificate,False,False,False,False,True,True,True,True,True,True
measurement_formal,A,C0,2,Q3_postUA_0p5,0.9,20000,691,0.03455,686,5,840,0,149,0.040594730311549414,0.048599624760364384,19995,5,569,0.02845,569,0.02845711427856964,0.00030135627318337557,0.010589839511953593,0.03247002377371583,0.09822331430893955,0.0,0.0060256186823015945,1000,True,0.0,5.421010862427522e-20,posthoc_fixed_action_hypothetical_fMCP_diagnostic_not_new_certificate,False,False,False,False,True,True,True,True,True,True
measurement_formal,A,C0,2,Q3_postUA_0p5,1.0,20000,840,0.042,835,5,840,0,0,0.048599624760364384,0.048599624760364384,19995,5,719,0.03595,719,0.03595898974743686,0.0003699998919287826,0.010289496299187772,0.029469599838092636,0.10010462513251413,0.0,0.007398147839116009,1000,True,8.673617379884035e-19,0.0,posthoc_fixed_action_hypothetical_fMCP_diagnostic_not_new_certificate,False,False,False,False,True,True,True,True,True,True
measurement_formal,A,C0,2,Q3_postUA_0p5,1.1,20000,993,0.04965,988,5,840,153,0,0.05676329825445758,0.048599624760364384,19995,5,874,0.0437,874,0.04371092773193298,0.0004550652951411648,0.010410790133120813,0.030648531494314533,0.1019859359560887,0.0,0.00909903057634759,1000,True,0.0,0.0,posthoc_fixed_action_hypothetical_fMCP_diagnostic_not_new_certificate,False,False,False,False,True,False,True,True,True,True
measurement_formal,A,C0,2,Q3_postUA_0p5,1.2,20000,1190,0.0595,1185,5,840,350,0,0.06720998461855572,0.048599624760364384,19995,5,1074,0.0537,1074,0.053713428357089275,0.0005593871980368099,0.010414289594735582,0.03081480105136736,0.10386724677966329,0.0008020676714402175,0.01115735523703921,1000,False,2.759178770680472e-05,1.0842021724855044e-19,posthoc_fixed_action_hypothetical_fMCP_diagnostic_not_new_certificate,False,False,False,False,False,False,True,True,True,True
measurement_formal,A,C0,2,Q2_ideal_delta,0.8,20000,236,0.0118,236,0,361,0,125,0.015533935450754396,0.02256270624425642,20000,0,220,0.011,220,0.011,0.00010220855664313945,0.009291686967558133,0.029613603262566564,0.06508048924881861,0.0,0.00204417113286279,1000,True,8.673617379884035e-19,0.0,posthoc_fixed_action_hypothetical_fMCP_diagnostic_not_new_certificate,False,False,True,True,True,True,True,True,True,True
measurement_formal,A,C0,2,Q2_ideal_delta,0.9,20000,291,0.01455,291,0,361,0,70,0.01864805371398566,0.02256270624425642,20000,0,275,0.01375,275,0.01375,0.00012849611349521014,0.009345171890560737,0.028134677268411103,0.06705666134961016,0.0,0.002569922269904202,1000,True,8.673617379884035e-19,0.0,posthoc_fixed_action_hypothetical_fMCP_diagnostic_not_new_certificate,False,False,True,True,True,True,True,True,True,True
measurement_formal,A,C0,2,Q2_ideal_delta,1.0,20000,361,0.01805,361,0,361,0,0,0.02256270624425642,0.02256270624425642,20000,0,345,0.01725,345,0.01725,0.00016141672679813955,0.0093574914085878,0.02917557595877439,0.0690328334504017,0.0,0.003228334535962791,1000,True,0.0,0.0,posthoc_fixed_action_hypothetical_fMCP_diagnostic_not_new_certificate,False,False,True,False,True,True,True,True,True,True
measurement_formal,A,C0,2,Q2_ideal_delta,1.1,20000,459,0.02295,459,0,361,98,0,0.027977030751737082,0.02256270624425642,20000,0,445,0.02225,445,0.02225,0.00020342751606190125,0.009142809710647244,0.028719104426868362,0.07100900555119327,0.0,0.004068550321238023,1000,True,1.734723475976807e-18,8.131516293641283e-20,posthoc_fixed_action_hypothetical_fMCP_diagnostic_not_new_certificate,False,False,False,False,True,True,True,True,True,True
measurement_formal,A,C0,2,Q2_ideal_delta,1.2,20000,566,0.0283,566,0,361,205,0,0.033824819910888024,0.02256270624425642,20000,0,552,0.0276,552,0.0276,0.00025685864979240825,0.009306472818565517,0.028343116405608958,0.07298517765198483,0.0,0.005137172995848165,1000,True,0.0,0.0,posthoc_fixed_action_hypothetical_fMCP_diagnostic_not_new_certificate,False,False,False,False,True,True,True,True,True,True
measurement_formal,A,C0,2,Q2_postUA_0p1,0.8,20000,249,0.01245,248,1,397,0,148,0.0162736735417261,0.024559405930409766,19999,1,226,0.0113,226,0.011300565028251412,0.00010484232593293736,0.00927761803687086,0.029589092815327747,0.059173598920304854,0.0,0.0020967416763328145,1000,True,4.336808689942018e-19,0.0,posthoc_fixed_action_hypothetical_fMCP_diagnostic_not_new_certificate,False,False,True,True,True,True,True,True,True,True
measurement_formal,A,C0,2,Q2_postUA_0p1,0.9,20000,313,0.01565,312,1,397,0,84,0.01988353055282621,0.024559405930409766,19999,1,290,0.0145,290,0.014500725036251813,0.00013229369100943702,0.009123246643095623,0.028761526856077777,0.061141369927239904,0.0,0.0026457415264977305,1000,True,4.336808689942018e-19,0.0,posthoc_fixed_action_hypothetical_fMCP_diagnostic_not_new_certificate,False,False,True,True,True,True,True,True,True,True
measurement_formal,A,C0,2,Q2_postUA_0p1,1.0,20000,397,0.01985,396,1,397,0,0,0.024559405930409766,0.024559405930409766,19999,1,374,0.0187,374,0.018700935046752337,0.000167668724816206,0.008965793656682632,0.028823352584446994,0.06310914093417497,0.0,0.003353206827599304,1000,True,4.336808689942018e-19,2.710505431213761e-20,posthoc_fixed_action_hypothetical_fMCP_diagnostic_not_new_certificate,False,False,True,False,True,True,True,True,True,True
measurement_formal,A,C0,2,Q2_postUA_0p1,1.1,20000,493,0.02465,492,1,397,96,0,0.02984145324550608,0.024559405930409766,19999,1,471,0.02355,471,0.023551177558877943,0.00021267225833840266,0.009030217610424022,0.029050944262773624,0.06507691194111004,0.0,0.0042532324945097144,1000,True,0.0,2.710505431213761e-20,posthoc_fixed_action_hypothetical_fMCP_diagnostic_not_new_certificate,False,False,False,False,True,True,True,True,True,True
measurement_formal,A,C0,2,Q2_postUA_0p1,1.2,20000,614,0.0307,613,1,397,217,0,0.03643132835062384,0.024559405930409766,19999,1,593,0.02965,593,0.029651482574128706,0.0002696139710160481,0.00909276527209097,0.02879984302866863,0.0670446829480451,0.0,0.005392009806349946,1000,True,0.0,0.0,posthoc_fixed_action_hypothetical_fMCP_diagnostic_not_new_certificate,False,False,False,False,True,True,True,True,True,True
measurement_formal,A,C0,2,Q2_postUA_0p5,0.8,20000,502,0.0251,497,5,699,0,197,0.03033394268630195,0.041026150040498414,19995,5,404,0.0202,404,0.020205051262815705,0.00019181078163989636,0.009493209353687445,0.02874987187014766,0.059173598920304854,0.0,0.003835256578889727,1000,True,8.673617379884035e-19,0.0,posthoc_fixed_action_hypothetical_fMCP_diagnostic_not_new_certificate,False,False,False,False,True,True,True,True,True,True
measurement_formal,A,C0,2,Q2_postUA_0p5,0.9,20000,586,0.0293,581,5,699,0,113,0.03491199283503806,0.041026150040498414,19995,5,490,0.0245,490,0.024506126531632907,0.00023982788851864033,0.009786446185571866,0.028951386233916302,0.061141369927239904,0.0,0.004795358630930213,1000,True,8.673617379884035e-19,2.710505431213761e-20,posthoc_fixed_action_hypothetical_fMCP_diagnostic_not_new_certificate,False,False,False,False,True,True,True,True,True,True
measurement_formal,A,C0,2,Q2_postUA_0p5,1.0,20000,699,0.03495,694,5,699,0,0,0.041026150040498414,0.041026150040498414,19995,5,604,0.0302,604,0.030207551887971994,0.00029783903959002065,0.009859754299010702,0.029421953083811375,0.06310914093417497,0.0,0.005955291596602463,1000,True,0.0,5.421010862427522e-20,posthoc_fixed_action_hypothetical_fMCP_diagnostic_not_new_certificate,False,False,False,False,True,True,True,True,True,True
measurement_formal,A,C0,2,Q2_postUA_0p5,1.1,20000,855,0.04275,850,5,699,156,0,0.04940226643971819,0.041026150040498414,19995,5,763,0.03815,763,0.03815953988497124,0.0003707113270757689,0.009714774554233288,0.02904969199502868,0.06507691194111004,0.0,0.007412372984879999,1000,True,0.0,0.0,posthoc_fixed_action_hypothetical_fMCP_diagnostic_not_new_certificate,False,False,False,False,True,True,True,True,True,True
measurement_formal,A,C0,2,Q2_postUA_0p5,1.2,20000,1021,0.05105,1016,5,699,322,0,0.05825217193855867,0.041026150040498414,19995,5,932,0.0466,932,0.04661165291322831,0.0004618048376154073,0.009907497562360586,0.029282219666286163,0.0670446829480451,0.0,0.009233787728120068,1000,True,1.734723475976807e-18,5.421010862427522e-20,posthoc_fixed_action_hypothetical_fMCP_diagnostic_not_new_certificate,False,False,False,False,False,False,True,True,True,True
measurement_formal,C,C0,0,Q3_ideal_delta,0.8,20000,147,0.00735,136,11,209,0,62,0.010385312213444773,0.01398900201318671,19989,11,93,0.00465,93,0.004652558907399069,6.312201081716629e-05,0.013567159937896095,0.043852359401086324,0.05574338671020494,0.0,0.001261745874224337,1000,True,2.168404344971009e-19,1.3552527156068805e-20,posthoc_fixed_action_hypothetical_fMCP_diagnostic_not_new_certificate,True,False,True,True,True,True,True,True,True,True
measurement_formal,C,C0,0,Q3_ideal_delta,0.9,20000,176,0.0088,165,11,209,0,33,0.01208220167045089,0.01398900201318671,19989,11,123,0.00615,123,0.006153384361398769,7.443168612466092e-05,0.012096056698746723,0.04095518245433009,0.05774422213991786,0.0,0.001487814973945847,1000,True,2.168404344971009e-19,1.3552527156068805e-20,posthoc_fixed_action_hypothetical_fMCP_diagnostic_not_new_certificate,True,False,True,True,True,True,True,True,True,True
measurement_formal,C,C0,0,Q3_ideal_delta,1.0,20000,209,0.01045,198,11,209,0,0,0.01398900201318671,0.01398900201318671,19989,11,158,0.0079,158,0.007904347391065086,8.916636254908097e-05,0.011280673550592275,0.03858762988061772,0.05974505756963078,0.0,0.0017823464209935794,1000,True,2.168404344971009e-19,1.3552527156068805e-20,posthoc_fixed_action_hypothetical_fMCP_diagnostic_not_new_certificate,False,False,True,True,True,True,True,True,True,True
measurement_formal,C,C0,0,Q3_ideal_delta,1.1,20000,258,0.0129,247,11,209,49,0,0.016784384037197446,0.01398900201318671,19989,11,213,0.01065,213,0.010655860723397869,0.0001084838010802418,0.010180669952079594,0.037940028947937104,0.061745892999343695,0.0,0.002168482699792954,1000,True,4.336808689942018e-19,1.3552527156068805e-20,posthoc_fixed_action_hypothetical_fMCP_diagnostic_not_new_certificate,False,False,True,True,True,True,True,True,True,True
measurement_formal,C,C0,0,Q3_ideal_delta,1.2,20000,323,0.01615,312,11,209,114,0,0.020443457793358072,0.01398900201318671,19989,11,279,0.01395,279,0.013957676722197209,0.00013465802949315438,0.00964759624207406,0.037084436019924824,0.06374672842905661,0.0,0.002691679351538663,1000,True,0.0,0.0,posthoc_fixed_action_hypothetical_fMCP_diagnostic_not_new_certificate,False,False,True,False,True,True,True,True,True,True
measurement_formal,C,C0,0,Q3_raw_noise_0p1,0.8,20000,168,0.0084,157,11,230,0,62,0.011616310350996872,0.015191655333825323,19989,11,97,0.00485,97,0.004852668967932363,6.988852385887156e-05,0.014402079416649312,0.04772090397586486,0.08464140463209588,0.0,0.0013970017034149835,1000,True,0.0,1.3552527156068805e-20,posthoc_fixed_action_hypothetical_fMCP_diagnostic_not_new_certificate,True,False,True,True,True,True,True,True,True,True
measurement_formal,C,C0,0,Q3_raw_noise_0p1,0.9,20000,195,0.00975,184,11,230,0,35,0.013182800423161223,0.015191655333825323,19989,11,128,0.0064,128,0.006403521937065386,8.179536825204287e-05,0.01277349699992254,0.04056674295350173,0.08656291863057608,0.0,0.0016350076159900853,1000,True,2.168404344971009e-19,0.0,posthoc_fixed_action_hypothetical_fMCP_diagnostic_not_new_certificate,True,False,True,True,True,True,True,True,True,True
measurement_formal,C,C0,0,Q3_raw_noise_0p1,1.0,20000,230,0.0115,219,11,230,0,0,0.015191655333825323,0.015191655333825323,19989,11,164,0.0082,164,0.008204512481865026,9.709114633819016e-05,0.011833871488744409,0.03799511805092829,0.08848443262905628,0.0,0.0019407549241540834,1000,True,2.168404344971009e-19,0.0,posthoc_fixed_action_hypothetical_fMCP_diagnostic_not_new_certificate,False,False,True,True,True,True,True,True,True,True
measurement_formal,C,C0,0,Q3_raw_noise_0p1,1.1,20000,282,0.0141,271,11,230,52,0,0.018141090953281223,0.015191655333825323,19989,11,220,0.011,220,0.011006053329331132,0.00011720119998274375,0.010648794483886658,0.03749299564771991,0.0904059466275365,0.0,0.0023427347864550647,1000,True,4.336808689942018e-19,1.3552527156068805e-20,posthoc_fixed_action_hypothetical_fMCP_diagnostic_not_new_certificate,False,False,True,True,True,True,True,True,True,True
measurement_formal,C,C0,0,Q3_raw_noise_0p1,1.2,20000,344,0.0172,333,11,230,114,0,0.02161620603988674,0.015191655333825323,19989,11,287,0.01435,287,0.014357896843263796,0.00014415465413673023,0.010040095406059582,0.03700506280118229,0.0923274606260167,0.0,0.0028815073815391,1000,True,8.673617379884035e-19,2.710505431213761e-20,posthoc_fixed_action_hypothetical_fMCP_diagnostic_not_new_certificate,False,False,True,False,True,True,True,True,True,True
measurement_formal,C,C0,0,Q3_raw_noise_0p5,0.8,20000,822,0.0411,811,11,899,0,77,0.047635737310201196,0.051753678093859015,19989,11,143,0.00715,143,0.007153934664065236,9.781506114997062e-05,0.013672903897389947,0.04621834855063221,0.08464140463209588,0.0,0.001955225257326763,1000,True,0.0,1.3552527156068805e-20,posthoc_fixed_action_hypothetical_fMCP_diagnostic_not_new_certificate,False,False,False,False,True,True,True,True,True,True
measurement_formal,C,C0,0,Q3_raw_noise_0p5,0.9,20000,860,0.043,849,11,899,0,39,0.04966969545644494,0.051753678093859015,19989,11,183,0.00915,183,0.00915503526939817,0.00011490552689314989,0.012551074191623896,0.03977333265630548,0.08656291863057608,0.0,0.002296846577067173,1000,True,0.0,0.0,posthoc_fixed_action_hypothetical_fMCP_diagnostic_not_new_certificate,False,False,False,False,True,True,True,True,True,True
measurement_formal,C,C0,0,Q3_raw_noise_0p5,1.0,20000,899,0.04495,888,11,899,0,0,0.051753678093859015,0.051753678093859015,19989,11,223,0.01115,223,0.011156135874731103,0.0001363197937864455,0.012219266179359905,0.040240240836068315,0.08848443262905628,0.0,0.0027248963579972587,1000,True,4.336808689942018e-19,0.0,posthoc_fixed_action_hypothetical_fMCP_diagnostic_not_new_certificate,False,False,False,False,True,False,True,True,True,True
measurement_formal,C,C0,0,Q3_raw_noise_0p5,1.1,20000,959,0.04795,948,11,899,60,0,0.054953371792775055,0.051753678093859015,19989,11,284,0.0142,284,0.014207814297863825,0.000162873984811716,0.011463690430990813,0.03735015603462941,0.0904059466275365,0.0,0.003255688082401391,1000,True,0.0,0.0,posthoc_fixed_action_hypothetical_fMCP_diagnostic_not_new_certificate,False,False,False,False,True,False,True,True,True,True
measurement_formal,C,C0,0,Q3_raw_noise_0p5,1.2,20000,1015,0.05075,1004,11,899,116,0,0.057933250028668316,0.051753678093859015,19989,11,346,0.0173,346,0.01730952023612987,0.00019606048425663454,0.011326742831808867,0.03785894090752453,0.0923274606260167,0.0,0.003919053019805868,1000,True,0.0,0.0,posthoc_fixed_action_hypothetical_fMCP_diagnostic_not_new_certificate,False,False,False,False,False,False,True,True,True,True
measurement_formal,C,C0,0,Q3_postmean_0p1,0.8,20000,176,0.0088,165,11,238,0,62,0.01208220167045089,0.015647905020271895,19989,11,96,0.0048,96,0.0048026414527990394,6.649559246719131e-05,0.013845629144027989,0.04786582420787823,0.08464140463209588,0.0,0.0013291803978266869,1000,True,2.168404344971009e-19,0.0,posthoc_fixed_action_hypothetical_fMCP_diagnostic_not_new_certificate,True,False,True,True,True,True,True,True,True,True
measurement_formal,C,C0,0,Q3_postmean_0p1,0.9,20000,203,0.01015,192,11,238,0,35,0.013643949222896934,0.015647905020271895,19989,11,127,0.00635,127,0.0063534944219320625,7.831457648336206e-05,0.012326221018314362,0.040644430853667396,0.08656291863057608,0.0,0.0015654300693259242,1000,True,2.168404344971009e-19,1.3552527156068805e-20,posthoc_fixed_action_hypothetical_fMCP_diagnostic_not_new_certificate,False,False,True,True,True,True,True,True,True,True
measurement_formal,C,C0,0,Q3_postmean_0p1,1.0,20000,238,0.0119,227,11,238,0,0,0.015647905020271895,0.015647905020271895,19989,11,163,0.00815,163,0.008154484966731702,9.352249419250878e-05,0.011468841327693607,0.03801749262279383,0.08848443262905628,0.0,0.0018694211364140578,1000,True,2.168404344971009e-19,1.3552527156068805e-20,posthoc_fixed_action_hypothetical_fMCP_diagnostic_not_new_certificate,False,False,True,True,True,True,True,True,True,True
measurement_formal,C,C0,0,Q3_postmean_0p1,1.1,20000,290,0.0145,279,11,238,52,0,0.018591770392949132,0.015647905020271895,19989,11,219,0.01095,219,0.01095602581419781,0.0001135883755996579,0.010367662282472887,0.03755685754775095,0.0904059466275365,0.0,0.002270518039861561,1000,True,8.673617379884035e-19,2.710505431213761e-20,posthoc_fixed_action_hypothetical_fMCP_diagnostic_not_new_certificate,False,False,True,True,True,True,True,True,True,True
measurement_formal,C,C0,0,Q3_postmean_0p1,1.2,20000,351,0.01755,340,11,238,113,0,0.022006239893344305,0.015647905020271895,19989,11,285,0.01425,285,0.014257841812997149,0.00014036859203754636,0.009845009776275488,0.035638866597052885,0.0923274606260167,0.0,0.0028058277862385143,1000,True,0.0,0.0,posthoc_fixed_action_hypothetical_fMCP_diagnostic_not_new_certificate,False,False,True,False,True,True,True,True,True,True
measurement_formal,C,C0,0,Q3_postmean_0p5,0.8,20000,1633,0.08165,1622,11,1687,0,54,0.09050817400226142,0.09333372628054919,19989,11,82,0.0041,82,0.004102256240932513,4.4569288158288314e-05,0.01086457928043933,0.033396442523703454,0.08464140463209588,0.0,0.0008908955009960249,1000,True,2.168404344971009e-19,0.0,posthoc_fixed_action_hypothetical_fMCP_diagnostic_not_new_certificate,False,False,False,False,False,False,True,True,True,True
measurement_formal,C,C0,0,Q3_postmean_0p5,0.9,20000,1660,0.083,1649,11,1687,0,27,0.09192128846664141,0.09333372628054919,19989,11,115,0.00575,115,0.005753164240332183,5.487746198819816e-05,0.009538657284192113,0.03150225940699528,0.08656291863057608,0.0,0.001096945587682093,1000,True,0.0,0.0,posthoc_fixed_action_hypothetical_fMCP_diagnostic_not_new_certificate,False,False,False,False,False,False,True,True,True,True
measurement_formal,C,C0,0,Q3_postmean_0p5,1.0,20000,1687,0.08435,1676,11,1687,0,0,0.09333372628054919,0.09333372628054919,19989,11,146,0.0073,146,0.007304017209465206,6.876149606713682e-05,0.009414202362232862,0.029982240930338043,0.08848443262905628,0.0,0.0013744735448859978,1000,True,0.0,0.0,posthoc_fixed_action_hypothetical_fMCP_diagnostic_not_new_certificate,False,False,False,False,False,False,True,True,True,True
measurement_formal,C,C0,0,Q3_postmean_0p5,1.1,20000,1736,0.0868,1725,11,1687,49,0,0.0958953584403679,0.09333372628054919,19989,11,201,0.01005,201,0.010055530541797988,8.747468764678886e-05,0.008699161847620212,0.02673212596366644,0.0904059466275365,0.0,0.0017485315313716626,1000,True,0.0,0.0,posthoc_fixed_action_hypothetical_fMCP_diagnostic_not_new_certificate,False,False,False,False,False,False,True,True,True,True
measurement_formal,C,C0,0,Q3_postmean_0p5,1.2,20000,1783,0.08915,1772,11,1687,96,0,0.09835046251944561,0.09333372628054919,19989,11,256,0.0128,256,0.012807043874130772,0.00011181238013433248,0.00873053775978583,0.02648007532701685,0.0923274606260167,0.0,0.0022350176665051724,1000,True,4.336808689942018e-19,2.710505431213761e-20,posthoc_fixed_action_hypothetical_fMCP_diagnostic_not_new_certificate,False,False,False,False,False,False,True,True,True,True
measurement_formal,C,C0,0,Q3_postUA_0p1,0.8,20000,156,0.0078,145,11,224,0,68,0.010914395682897537,0.014848801315872013,19989,11,105,0.00525,105,0.005252889088998949,7.466690114020708e-05,0.01421444463706285,0.04526826622350959,0.08464140463209588,0.0,0.0014925166868915995,1000,True,0.0,1.3552527156068805e-20,posthoc_fixed_action_hypothetical_fMCP_diagnostic_not_new_certificate,True,False,True,True,True,True,True,True,True,True
measurement_formal,C,C0,0,Q3_postUA_0p1,0.9,20000,186,0.0093,175,11,224,0,38,0.012662448213531654,0.014848801315872013,19989,11,137,0.00685,137,0.0068537695732652955,8.737274655169873e-05,0.012748130151984715,0.039604918563560784,0.08656291863057608,0.0,0.0017464938308219059,1000,True,2.168404344971009e-19,1.3552527156068805e-20,posthoc_fixed_action_hypothetical_fMCP_diagnostic_not_new_certificate,True,False,True,True,True,True,True,True,True,True
measurement_formal,C,C0,0,Q3_postUA_0p1,1.0,20000,224,0.0112,213,11,224,0,0,0.014848801315872013,0.014848801315872013,19989,11,176,0.0088,176,0.008804842663464907,0.0001037442903112203,0.011782639880857853,0.03772662318854191,0.08848443262905628,0.0,0.0020737446190309825,1000,True,0.0,1.3552527156068805e-20,posthoc_fixed_action_hypothetical_fMCP_diagnostic_not_new_certificate,False,False,True,True,True,True,True,True,True,True
measurement_formal,C,C0,0,Q3_postUA_0p1,1.1,20000,282,0.0141,271,11,224,58,0,0.018141090953281223,0.014848801315872013,19989,11,236,0.0118,236,0.011806493571464306,0.0001256604307919923,0.010643331996191243,0.03717725112230682,0.0904059466275365,0.0,0.0025118263511011334,1000,True,4.336808689942018e-19,2.710505431213761e-20,posthoc_fixed_action_hypothetical_fMCP_diagnostic_not_new_certificate,False,False,True,True,True,True,True,True,True,True
measurement_formal,C,C0,0,Q3_postUA_0p1,1.2,20000,347,0.01735,336,11,224,123,0,0.021783415576568495,0.014848801315872013,19989,11,304,0.0152,304,0.015208364600530292,0.0001543695815142764,0.010150307779239707,0.036440397296320086,0.0923274606260167,0.0,0.0030856935648888705,1000,True,4.336808689942018e-19,0.0,posthoc_fixed_action_hypothetical_fMCP_diagnostic_not_new_certificate,False,False,True,False,True,True,True,True,True,True
measurement_formal,C,C0,0,Q3_postUA_0p5,0.8,20000,315,0.01575,304,11,429,0,114,0.01999559555062474,0.02632641660407526,19989,11,177,0.00885,177,0.008854870178598229,0.00011295558935105104,0.012756323590611069,0.04772090397586486,0.08464140463209588,0.0,0.002257869275538159,1000,True,0.0,0.0,posthoc_fixed_action_hypothetical_fMCP_diagnostic_not_new_certificate,False,False,True,True,True,True,True,True,True,True
measurement_formal,C,C0,0,Q3_postUA_0p5,0.9,20000,371,0.01855,360,11,429,0,58,0.023118350755463216,0.02632641660407526,19989,11,234,0.0117,234,0.01170643854119766,0.00013429942534128454,0.011472270141653577,0.03964100729772036,0.08656291863057608,0.0,0.0026845112131469377,1000,True,8.673617379884035e-19,2.710505431213761e-20,posthoc_fixed_action_hypothetical_fMCP_diagnostic_not_new_certificate,False,False,True,False,True,True,True,True,True,True
measurement_formal,C,C0,0,Q3_postUA_0p5,1.0,20000,429,0.02145,418,11,429,0,0,0.02632641660407526,0.02632641660407526,19989,11,292,0.0146,292,0.014608034418930412,0.0001619354665614546,0.011085370003756562,0.037294429302639355,0.08848443262905628,0.0,0.0032369280410969163,1000,True,0.0,0.0,posthoc_fixed_action_hypothetical_fMCP_diagnostic_not_new_certificate,False,False,False,False,True,True,True,True,True,True
measurement_formal,C,C0,0,Q3_postUA_0p5,1.1,20000,502,0.0251,491,11,429,73,0,0.03033394268630195,0.02632641660407526,19989,11,366,0.0183,366,0.01831007053879634,0.00019657433220320083,0.010735858815327272,0.035495703926467066,0.0904059466275365,0.0,0.003929324326409781,1000,True,8.673617379884035e-19,2.710505431213761e-20,posthoc_fixed_action_hypothetical_fMCP_diagnostic_not_new_certificate,False,False,False,False,True,True,True,True,True,True
measurement_formal,C,C0,0,Q3_postUA_0p5,1.2,20000,611,0.03055,600,11,429,182,0,0.036268687983690914,0.02632641660407526,19989,11,479,0.02395,479,0.023963179748861873,0.0002414482975669712,0.010075803799720642,0.032295009824633764,0.0923274606260167,0.0,0.004826310020066188,1000,True,0.0,2.710505431213761e-20,posthoc_fixed_action_hypothetical_fMCP_diagnostic_not_new_certificate,False,False,False,False,True,True,True,True,True,True
measurement_formal,C,C0,0,Q2_ideal_delta,0.8,20000,81,0.00405,81,0,125,0,44,0.006408477765123463,0.009080968336546159,20000,0,69,0.00345,69,0.00345,3.819574074777634e-05,0.011071229202254014,0.036598245169764475,0.04413369323820818,0.0,0.0007639148149555269,1000,True,1.0842021724855044e-19,6.776263578034403e-21,posthoc_fixed_action_hypothetical_fMCP_diagnostic_not_new_certificate,True,True,True,True,True,True,True,True,True,True
measurement_formal,C,C0,0,Q2_ideal_delta,0.9,20000,101,0.00505,101,0,125,0,24,0.007636038027098068,0.009080968336546159,20000,0,89,0.00445,89,0.00445,4.660708829243157e-05,0.010473502987063276,0.03609787892811987,0.04609385340192624,0.0,0.0009321417658486314,1000,True,0.0,6.776263578034403e-21,posthoc_fixed_action_hypothetical_fMCP_diagnostic_not_new_certificate,True,True,True,True,True,True,True,True,True,True
measurement_formal,C,C0,0,Q2_ideal_delta,1.0,20000,125,0.00625,125,0,125,0,0,0.009080968336546159,0.009080968336546159,20000,0,113,0.00565,113,0.00565,5.739821323276859e-05,0.010158975793410373,0.03582925404081346,0.04805401356564431,0.0,0.001147964264655372,1000,True,2.168404344971009e-19,1.3552527156068805e-20,posthoc_fixed_action_hypothetical_fMCP_diagnostic_not_new_certificate,True,True,True,True,True,True,True,True,True,True
measurement_formal,C,C0,0,Q2_ideal_delta,1.1,20000,162,0.0081,162,0,125,37,0,0.011265834068727922,0.009080968336546159,20000,0,151,0.00755,151,0.00755,7.115496474368887e-05,0.009424498641548195,0.03575851355130984,0.05001417372936238,0.0,0.0014230992948737772,1000,True,2.168404344971009e-19,0.0,posthoc_fixed_action_hypothetical_fMCP_diagnostic_not_new_certificate,True,False,True,True,True,True,True,True,True,True
measurement_formal,C,C0,0,Q2_ideal_delta,1.2,20000,215,0.01075,215,0,125,90,0,0.014333393950137902,0.009080968336546159,20000,0,205,0.01025,205,0.01025,9.032258961849913e-05,0.008811959962780403,0.028776311279525377,0.05197433389308044,0.0,0.0018064517923699825,1000,True,2.168404344971009e-19,0.0,posthoc_fixed_action_hypothetical_fMCP_diagnostic_not_new_certificate,False,False,True,True,True,True,True,True,True,True
measurement_formal,C,C0,0,Q2_postUA_0p1,0.8,20000,89,0.00445,87,2,133,0,44,0.00690254345915088,0.00955723635206106,19998,2,75,0.00375,75,0.0037503750375037503,4.4564833032246796e-05,0.011882767079718285,0.04041401810583688,0.05003962768807825,0.0,0.0008912075309788714,1000,True,1.0842021724855044e-19,6.776263578034403e-21,posthoc_fixed_action_hypothetical_fMCP_diagnostic_not_new_certificate,True,True,True,True,True,True,True,True,True,True
measurement_formal,C,C0,0,Q2_postUA_0p1,0.9,20000,107,0.00535,105,2,133,0,26,0.007999797958492205,0.00955723635206106,19998,2,93,0.00465,93,0.00465046504650465,5.345340482716326e-05,0.011494206341221622,0.04059103112704842,0.05197025130625515,0.0,0.0010689611897336108,1000,True,2.168404344971009e-19,0.0,posthoc_fixed_action_hypothetical_fMCP_diagnostic_not_new_certificate,True,True,True,True,True,True,True,True,True,True
measurement_formal,C,C0,0,Q2_postUA_0p1,1.0,20000,133,0.00665,131,2,133,0,0,0.00955723635206106,0.00955723635206106,19998,2,120,0.006,120,0.006000600060006,6.463702174900774e-05,0.01077175967447214,0.04158485046045398,0.05390087492443204,0.0,0.001292611160936657,1000,True,0.0,1.3552527156068805e-20,posthoc_fixed_action_hypothetical_fMCP_diagnostic_not_new_certificate,True,True,True,True,True,True,True,True,True,True
measurement_formal,C,C0,0,Q2_postUA_0p1,1.1,20000,175,0.00875,173,2,133,42,0,0.012024050141689929,0.00955723635206106,19998,2,163,0.00815,163,0.008150815081508151,7.95762105145317e-05,0.00976297581515095,0.039834870697874475,0.05583149854260894,0.0,0.001591365057869605,1000,True,0.0,1.3552527156068805e-20,posthoc_fixed_action_hypothetical_fMCP_diagnostic_not_new_certificate,True,False,True,True,True,True,True,True,True,True
measurement_formal,C,C0,0,Q2_postUA_0p1,1.2,20000,221,0.01105,219,2,133,88,0,0.014677152031913413,0.00955723635206106,19998,2,211,0.01055,211,0.010551055105510552,9.954087807338653e-05,0.009434210804320301,0.03264385243744589,0.057762122160785835,0.0,0.001990618479711584,1000,True,0.0,0.0,posthoc_fixed_action_hypothetical_fMCP_diagnostic_not_new_certificate,False,False,True,True,True,True,True,True,True,True
measurement_formal,C,C0,0,Q2_postUA_0p5,0.8,20000,228,0.0114,217,11,322,0,94,0.015077435522703997,0.02038750933698604,19989,11,155,0.00775,155,0.0077542648456651155,8.145058217754326e-05,0.010503972175141367,0.032818841047932965,0.06155427783988733,0.0,0.001628115687146912,1000,True,4.336808689942018e-19,2.710505431213761e-20,posthoc_fixed_action_hypothetical_fMCP_diagnostic_not_new_certificate,False,False,True,True,True,True,True,True,True,True
measurement_formal,C,C0,0,Q2_postUA_0p5,0.9,20000,272,0.0136,261,11,322,0,50,0.017576674894063646,0.02038750933698604,19989,11,200,0.01,200,0.010005503026664666,9.976060658608607e-05,0.009970573825246371,0.02815197193757936,0.06348813982246924,0.0,0.0019941147650492743,1000,True,0.0,0.0,posthoc_fixed_action_hypothetical_fMCP_diagnostic_not_new_certificate,False,False,True,True,True,True,True,True,True,True
measurement_formal,C,C0,0,Q2_postUA_0p5,1.0,20000,322,0.0161,311,11,322,0,0,0.02038750933698604,0.02038750933698604,19989,11,251,0.01255,251,0.012556906298464156,0.00012372279987464245,0.00985296831352282,0.027207268129742754,0.06542200180505114,0.0,0.0024730950466942277,1000,True,4.336808689942018e-19,0.0,posthoc_fixed_action_hypothetical_fMCP_diagnostic_not_new_certificate,False,False,True,False,True,True,True,True,True,True
measurement_formal,C,C0,0,Q2_postUA_0p5,1.1,20000,396,0.0198,385,11,322,74,0,0.024504073178322754,0.02038750933698604,19989,11,326,0.0163,326,0.016308969933463403,0.0001541455054658892,0.00945157824772288,0.025957300542943214,0.06735586378763306,0.0,0.00308121450875766,1000,True,4.336808689942018e-19,2.710505431213761e-20,posthoc_fixed_action_hypothetical_fMCP_diagnostic_not_new_certificate,False,False,True,False,True,True,True,True,True,True
measurement_formal,C,C0,0,Q2_postUA_0p5,1.2,20000,469,0.02345,458,11,322,147,0,0.028526053310853734,0.02038750933698604,19989,11,400,0.02,400,0.020011006053329332,0.00019297541625774514,0.009643463988940167,0.026950729769112107,0.06928972577021497,0.0,0.0038573855955760673,1000,True,4.336808689942018e-19,2.710505431213761e-20,posthoc_fixed_action_hypothetical_fMCP_diagnostic_not_new_certificate,False,False,False,False,True,True,True,True,True,True
measurement_formal,C,C0,1,Q3_ideal_delta,0.8,20000,173,0.00865,173,0,240,0,67,0.011907675357850072,0.015761813965201384,20000,0,127,0.00635,127,0.00635,7.218176139008068e-05,0.011367206518122943,0.03328151037733963,0.059226945067417006,0.0,0.001443635227801614,1000,True,2.168404344971009e-19,0.0,posthoc_fixed_action_hypothetical_fMCP_diagnostic_not_new_certificate,True,False,True,True,True,True,True,True,True,True
measurement_formal,C,C0,1,Q3_ideal_delta,0.9,20000,201,0.01005,201,0,240,0,39,0.013528779820565552,0.015761813965201384,20000,0,157,0.00785,157,0.00785,8.70517283114747e-05,0.011089392141589136,0.03322577986695196,0.06120245871705329,0.0,0.0017410345662294943,1000,True,2.168404344971009e-19,1.3552527156068805e-20,posthoc_fixed_action_hypothetical_fMCP_diagnostic_not_new_certificate,False,False,True,True,True,True,True,True,True,True
measurement_formal,C,C0,1,Q3_ideal_delta,1.0,20000,240,0.012,240,0,240,0,0,0.015761813965201384,0.015761813965201384,20000,0,196,0.0098,196,0.0098,0.00010560925693654894,0.01077645478944377,0.034491960056649854,0.06317797236668958,0.0,0.002112185138730979,1000,True,0.0,0.0,posthoc_fixed_action_hypothetical_fMCP_diagnostic_not_new_certificate,False,False,True,True,True,True,True,True,True,True
measurement_formal,C,C0,1,Q3_ideal_delta,1.1,20000,301,0.01505,301,0,240,61,0,0.01921027599653532,0.015761813965201384,20000,0,258,0.0129,258,0.0129,0.00012980349622547326,0.010062286529106455,0.035225217466235255,0.06515348601632587,0.0,0.0025960699245094654,1000,True,4.336808689942018e-19,0.0,posthoc_fixed_action_hypothetical_fMCP_diagnostic_not_new_certificate,False,False,True,True,True,True,True,True,True,True
measurement_formal,C,C0,1,Q3_ideal_delta,1.2,20000,386,0.0193,386,0,240,146,0,0.02395034659256156,0.015761813965201384,20000,0,346,0.0173,346,0.0173,0.00016215359057821237,0.009373039917815743,0.03281461357443456,0.06712899966596216,0.0,0.003243071811564247,1000,True,4.336808689942018e-19,2.710505431213761e-20,posthoc_fixed_action_hypothetical_fMCP_diagnostic_not_new_certificate,False,False,True,False,True,True,True,True,True,True
measurement_formal,C,C0,1,Q3_raw_noise_0p1,0.8,20000,206,0.0103,203,3,282,0,76,0.013816559987536512,0.018141090953281223,19997,3,140,0.007,140,0.007001050157523629,7.707407887743631e-05,0.011008931109372101,0.03362454580076148,0.059226945067417006,0.0,0.0015412503553120943,1000,True,4.336808689942018e-19,1.3552527156068805e-20,posthoc_fixed_action_hypothetical_fMCP_diagnostic_not_new_certificate,False,False,True,True,True,True,True,True,True,True
measurement_formal,C,C0,1,Q3_raw_noise_0p1,0.9,20000,239,0.01195,236,3,282,0,43,0.01570486702405138,0.018141090953281223,19997,3,174,0.0087,174,0.008701305195779366,9.34297433915699e-05,0.010737440106903582,0.03282389483066097,0.06120245871705329,0.0,0.0018683145786012232,1000,True,2.168404344971009e-19,1.3552527156068805e-20,posthoc_fixed_action_hypothetical_fMCP_diagnostic_not_new_certificate,False,False,True,True,True,True,True,True,True,True
measurement_formal,C,C0,1,Q3_raw_noise_0p1,1.0,20000,282,0.0141,279,3,282,0,0,0.018141090953281223,0.018141090953281223,19997,3,217,0.01085,217,0.010851627744161624,0.00011397122159799745,0.01050268441610671,0.034294782618175396,0.06317797236668958,0.0,0.002279082518295155,1000,True,0.0,4.0657581468206416e-20,posthoc_fixed_action_hypothetical_fMCP_diagnostic_not_new_certificate,False,False,True,True,True,True,True,True,True,True
measurement_formal,C,C0,1,Q3_raw_noise_0p1,1.1,20000,338,0.0169,335,3,282,56,0,0.021281547828191163,0.018141090953281223,19997,3,275,0.01375,275,0.013752062809421413,0.00014024497215195863,0.010198104393173518,0.03393038930870227,0.06515348601632587,0.0,0.0028044787081227167,1000,True,0.0,2.710505431213761e-20,posthoc_fixed_action_hypothetical_fMCP_diagnostic_not_new_certificate,False,False,True,False,True,True,True,True,True,True
measurement_formal,C,C0,1,Q3_raw_noise_0p1,1.2,20000,428,0.0214,425,3,282,146,0,0.02627130033236738,0.018141090953281223,19997,3,368,0.0184,368,0.018402760414062108,0.00017443155862254567,0.00947855401569306,0.032747385485059635,0.06712899966596216,0.0,0.003488107877775046,1000,True,4.336808689942018e-19,0.0,posthoc_fixed_action_hypothetical_fMCP_diagnostic_not_new_certificate,False,False,False,False,True,True,True,True,True,True
measurement_formal,C,C0,1,Q3_raw_noise_0p5,0.8,20000,704,0.0352,699,5,803,0,99,0.04129568511147254,0.04661742567232261,19995,5,180,0.009,180,0.00900225056264066,0.00010943405457421049,0.012156299562285216,0.036238112722257035,0.06673968950613994,0.0,0.0021881339212113395,1000,True,8.673617379884035e-19,0.0,posthoc_fixed_action_hypothetical_fMCP_diagnostic_not_new_certificate,False,False,False,False,True,True,True,True,True,True
measurement_formal,C,C0,1,Q3_raw_noise_0p5,0.9,20000,752,0.0376,747,5,803,0,51,0.04387938002014905,0.04661742567232261,19995,5,231,0.01155,231,0.011552888222055514,0.0001308683584430803,0.011327761156144547,0.03395231454740613,0.06867117882472541,0.0,0.0026167128270693906,1000,True,4.336808689942018e-19,2.710505431213761e-20,posthoc_fixed_action_hypothetical_fMCP_diagnostic_not_new_certificate,False,False,False,False,True,True,True,True,True,True
measurement_formal,C,C0,1,Q3_raw_noise_0p5,1.0,20000,803,0.04015,798,5,803,0,0,0.04661742567232261,0.04661742567232261,19995,5,282,0.0141,282,0.014103525881470368,0.00015794133638503618,0.011198712840492194,0.03496041947132743,0.0706026681433109,0.0,0.0031580370210187985,1000,True,0.0,2.710505431213761e-20,posthoc_fixed_action_hypothetical_fMCP_diagnostic_not_new_certificate,False,False,False,False,True,True,True,True,True,True
measurement_formal,C,C0,1,Q3_raw_noise_0p5,1.1,20000,867,0.04335,862,5,803,64,0,0.05004399826819857,0.04661742567232261,19995,5,352,0.0176,352,0.017604401100275068,0.0001919321517118962,0.010902509583748195,0.035036102080890835,0.07253415746189638,0.0,0.003837683373479364,1000,True,8.673617379884035e-19,0.0,posthoc_fixed_action_hypothetical_fMCP_diagnostic_not_new_certificate,False,False,False,False,True,False,True,True,True,True
measurement_formal,C,C0,1,Q3_raw_noise_0p5,1.2,20000,970,0.0485,965,5,803,167,0,0.05553918323244368,0.04661742567232261,19995,5,460,0.023,460,0.023005751437859465,0.00023524241709860092,0.010225374195405491,0.034498867232078276,0.07446564678048184,0.0,0.004703672129886527,1000,True,8.673617379884035e-19,2.710505431213761e-20,posthoc_fixed_action_hypothetical_fMCP_diagnostic_not_new_certificate,False,False,False,False,True,False,True,True,True,True
measurement_formal,C,C0,1,Q3_postmean_0p1,0.8,20000,214,0.0107,211,3,288,0,74,0.014276040017534564,0.018479169696344565,19997,3,141,0.00705,141,0.007051057658648797,7.665347459054232e-05,0.010871202350262942,0.03354767194620987,0.059226945067417006,0.0,0.0015328395313870748,1000,True,0.0,0.0,posthoc_fixed_action_hypothetical_fMCP_diagnostic_not_new_certificate,False,False,True,True,True,True,True,True,True,True
measurement_formal,C,C0,1,Q3_postmean_0p1,0.9,20000,245,0.01225,242,3,288,0,43,0.016046325929483667,0.018479169696344565,19997,3,173,0.00865,173,0.008651297694654198,9.29868322559478e-05,0.010748310315735194,0.032832203182794936,0.06120245871705329,0.0,0.0018594576846221883,1000,True,2.168404344971009e-19,1.3552527156068805e-20,posthoc_fixed_action_hypothetical_fMCP_diagnostic_not_new_certificate,False,False,True,True,True,True,True,True,True,True
measurement_formal,C,C0,1,Q3_postmean_0p1,1.0,20000,288,0.0144,285,3,288,0,0,0.018479169696344565,0.018479169696344565,19997,3,216,0.0108,216,0.010801620243036455,0.00011342646176035029,0.010500874795470946,0.03430121317909431,0.06317797236668958,0.0,0.0022681889558217247,1000,True,0.0,1.3552527156068805e-20,posthoc_fixed_action_hypothetical_fMCP_diagnostic_not_new_certificate,False,False,True,True,True,True,True,True,True,True
measurement_formal,C,C0,1,Q3_postmean_0p1,1.1,20000,343,0.01715,340,3,288,55,0,0.021560451939985608,0.018479169696344565,19997,3,273,0.01365,273,0.013652047807171075,0.00013950353606388832,0.010218506266188917,0.03409971309353485,0.06515348601632587,0.0,0.0027896522106695743,1000,True,4.336808689942018e-19,2.710505431213761e-20,posthoc_fixed_action_hypothetical_fMCP_diagnostic_not_new_certificate,False,False,True,False,True,True,True,True,True,True
measurement_formal,C,C0,1,Q3_postmean_0p1,1.2,20000,431,0.02155,428,3,288,143,0,0.026436630022705694,0.018479169696344565,19997,3,365,0.01825,365,0.018252737910686604,0.0001734407585056394,0.00950217766530759,0.03214719003643779,0.06712899966596216,0.0,0.0034682948478372702,1000,True,8.673617379884035e-19,0.0,posthoc_fixed_action_hypothetical_fMCP_diagnostic_not_new_certificate,False,False,False,False,True,True,True,True,True,True
measurement_formal,C,C0,1,Q3_postmean_0p5,0.8,20000,1213,0.06065,1205,8,1283,0,70,0.0684256415380436,0.07212088559974705,19992,8,148,0.0074,148,0.007402961184473789,7.092423263979388e-05,0.009580522019829453,0.03007933352816377,0.046418228412507596,0.0,0.001417917258934759,1000,True,4.336808689942018e-19,1.3552527156068805e-20,posthoc_fixed_action_hypothetical_fMCP_diagnostic_not_new_certificate,False,False,False,False,False,False,True,True,True,True
measurement_formal,C,C0,1,Q3_postmean_0p5,0.9,20000,1241,0.06205,1233,8,1283,0,42,0.06990455082665452,0.07212088559974705,19992,8,178,0.0089,178,0.008903561424569828,8.816905079376523e-05,0.009902672266679518,0.03165750579367011,0.04845543260341047,0.0,0.0017626756634689545,1000,True,2.168404344971009e-19,1.3552527156068805e-20,posthoc_fixed_action_hypothetical_fMCP_diagnostic_not_new_certificate,False,False,False,False,False,False,True,True,True,True
measurement_formal,C,C0,1,Q3_postmean_0p5,1.0,20000,1283,0.06415,1275,8,1283,0,0,0.07212088559974705,0.07212088559974705,19992,8,223,0.01115,223,0.011154461784713885,0.00010977958185092216,0.009841764127191191,0.03063856036536589,0.05049263679431334,0.0,0.0021947134003636355,1000,True,4.336808689942018e-19,1.3552527156068805e-20,posthoc_fixed_action_hypothetical_fMCP_diagnostic_not_new_certificate,False,False,False,False,False,False,True,True,True,True
measurement_formal,C,C0,1,Q3_postmean_0p5,1.1,20000,1335,0.06675,1327,8,1283,52,0,0.07486169300758665,0.07212088559974705,19992,8,286,0.0143,286,0.014305722288915567,0.00013695169156091865,0.009573210551349251,0.026925259956092688,0.052529840985216215,0.0,0.002737938217685886,1000,True,0.0,2.710505431213761e-20,posthoc_fixed_action_hypothetical_fMCP_diagnostic_not_new_certificate,False,False,False,False,False,False,True,True,True,True
measurement_formal,C,C0,1,Q3_postmean_0p5,1.2,20000,1426,0.0713,1418,8,1283,143,0,0.07965005590415573,0.07212088559974705,19992,8,388,0.0194,388,0.019407763105242098,0.00017301172215244213,0.0089145627558547,0.0254700062367455,0.05456704517611908,0.0,0.003458850349271623,1000,True,0.0,2.710505431213761e-20,posthoc_fixed_action_hypothetical_fMCP_diagnostic_not_new_certificate,False,False,False,False,False,False,True,True,True,True
measurement_formal,C,C0,1,Q3_postUA_0p1,0.8,20000,191,0.00955,188,3,270,0,79,0.012951742919708782,0.017463644363585943,19997,3,144,0.0072,144,0.007201080162024304,7.934371397666551e-05,0.011018307280495698,0.03314557115796717,0.059226945067417006,0.0,0.0015866362483913808,1000,True,6.505213034913027e-19,1.3552527156068805e-20,posthoc_fixed_action_hypothetical_fMCP_diagnostic_not_new_certificate,True,False,True,True,True,True,True,True,True,True
measurement_formal,C,C0,1,Q3_postUA_0p1,0.9,20000,227,0.01135,224,3,270,0,43,0.01502030145178797,0.017463644363585943,19997,3,181,0.00905,181,0.009051357703655548,9.63609756553779e-05,0.010646024476135867,0.032839857015443466,0.06120245871705329,0.0,0.0019269304301805915,1000,True,4.336808689942018e-19,0.0,posthoc_fixed_action_hypothetical_fMCP_diagnostic_not_new_certificate,False,False,True,True,True,True,True,True,True,True
measurement_formal,C,C0,1,Q3_postUA_0p1,1.0,20000,270,0.0135,267,3,270,0,0,0.017463644363585943,0.017463644363585943,19997,3,224,0.0112,224,0.011201680252037806,0.00011764997061159489,0.010502885992500282,0.03437837991012124,0.06317797236668958,0.0,0.0023526464623200628,1000,True,4.336808689942018e-19,0.0,posthoc_fixed_action_hypothetical_fMCP_diagnostic_not_new_certificate,False,False,True,True,True,True,True,True,True,True
measurement_formal,C,C0,1,Q3_postUA_0p1,1.1,20000,323,0.01615,320,3,270,53,0,0.020443457793358072,0.017463644363585943,19997,3,278,0.0139,278,0.01390208531279692,0.00014457145829914234,0.010399264214417087,0.035225217466235255,0.06515348601632587,0.0,0.0028909954516079498,1000,True,4.336808689942018e-19,5.421010862427522e-20,posthoc_fixed_action_hypothetical_fMCP_diagnostic_not_new_certificate,False,False,True,False,True,True,True,True,True,True
measurement_formal,C,C0,1,Q3_postUA_0p1,1.2,20000,420,0.021,417,3,270,150,0,0.02583013775728043,0.017463644363585943,19997,3,377,0.01885,377,0.018852827924188627,0.00017950446446695078,0.009521354843357066,0.03321802223035199,0.06712899966596216,0.0,0.003589550775945614,1000,True,4.336808689942018e-19,5.421010862427522e-20,posthoc_fixed_action_hypothetical_fMCP_diagnostic_not_new_certificate,False,False,False,False,True,True,True,True,True,True
measurement_formal,C,C0,1,Q3_postUA_0p5,0.8,20000,366,0.0183,358,8,478,0,112,0.022840629161510285,0.029019693991277243,19992,8,228,0.0114,228,0.011404561824729893,0.00012552941460258068,0.011006947617257864,0.03426199931401984,0.07110239197448338,0.0,0.002509584056734793,1000,True,0.0,0.0,posthoc_fixed_action_hypothetical_fMCP_diagnostic_not_new_certificate,False,False,True,False,True,True,True,True,True,True
measurement_formal,C,C0,1,Q3_postUA_0p5,0.9,20000,412,0.0206,404,8,478,0,66,0.025388553819698744,0.029019693991277243,19992,8,274,0.0137,274,0.013705482192877151,0.00015188972174708795,0.011082406267035702,0.032872073252979146,0.07303647806893211,0.0,0.0030365793171677822,1000,True,4.336808689942018e-19,0.0,posthoc_fixed_action_hypothetical_fMCP_diagnostic_not_new_certificate,False,False,False,False,True,True,True,True,True,True
measurement_formal,C,C0,1,Q3_postUA_0p5,1.0,20000,478,0.0239,470,8,478,0,0,0.029019693991277243,0.029019693991277243,19992,8,340,0.017,340,0.017006802721088437,0.00018404495493538022,0.010821843350200356,0.03297428058729477,0.07497056416338084,0.0,0.003679426739068121,1000,True,4.336808689942018e-19,0.0,posthoc_fixed_action_hypothetical_fMCP_diagnostic_not_new_certificate,False,False,False,False,True,True,True,True,True,True
measurement_formal,C,C0,1,Q3_postUA_0p5,1.1,20000,552,0.0276,544,8,478,74,0,0.03306278948828217,0.029019693991277243,19992,8,415,0.02075,415,0.020758303321328532,0.0002242136217784452,0.01080115355805946,0.033257601402579495,0.07690465025782957,0.0,0.004482478726594677,1000,True,0.0,2.710505431213761e-20,posthoc_fixed_action_hypothetical_fMCP_diagnostic_not_new_certificate,False,False,False,False,True,True,True,True,True,True
measurement_formal,C,C0,1,Q3_postUA_0p5,1.2,20000,672,0.0336,664,8,478,194,0,0.03956928318025102,0.029019693991277243,19992,8,538,0.0269,538,0.026910764305722288,0.0002749622223662039,0.010217555296552319,0.03224424877294051,0.0788387363522783,0.0,0.005497044749545148,1000,True,8.673617379884035e-19,5.421010862427522e-20,posthoc_fixed_action_hypothetical_fMCP_diagnostic_not_new_certificate,False,False,False,False,True,True,True,True,True,True
measurement_formal,C,C0,1,Q2_ideal_delta,0.8,20000,96,0.0048,96,0,151,0,55,0.007331437213544061,0.010620755851950688,20000,0,82,0.0041,82,0.0041,3.934007268654666e-05,0.009595139679645526,0.027193239206789767,0.041100106996205435,0.0,0.0007868014537309331,1000,True,1.0842021724855044e-19,0.0,posthoc_fixed_action_hypothetical_fMCP_diagnostic_not_new_certificate,True,True,True,True,True,True,True,True,True,True
measurement_formal,C,C0,1,Q2_ideal_delta,0.9,20000,117,0.00585,117,0,151,0,34,0.008602191933223856,0.010620755851950688,20000,0,104,0.0052,104,0.0052,4.908994486371044e-05,0.009440374012252008,0.029115948565304847,0.04306688450211631,0.0,0.0009817988972742088,1000,True,0.0,0.0,posthoc_fixed_action_hypothetical_fMCP_diagnostic_not_new_certificate,True,True,True,True,True,True,True,True,True,True
measurement_formal,C,C0,1,Q2_ideal_delta,1.0,20000,151,0.00755,151,0,151,0,0,0.010620755851950688,0.010620755851950688,20000,0,138,0.0069,138,0.0069,6.219220628881466e-05,0.009013363230262994,0.029942630644336544,0.04503366200802718,0.0,0.001243844125776293,1000,True,2.168404344971009e-19,0.0,posthoc_fixed_action_hypothetical_fMCP_diagnostic_not_new_certificate,True,False,True,True,True,True,True,True,True,True
measurement_formal,C,C0,1,Q2_ideal_delta,1.1,20000,186,0.0093,186,0,151,35,0,0.012662448213531654,0.010620755851950688,20000,0,174,0.0087,174,0.0087,7.861984500260807e-05,0.009036763793403227,0.03049001895450796,0.04700043951393805,0.0,0.0015723969000521617,1000,True,2.168404344971009e-19,1.3552527156068805e-20,posthoc_fixed_action_hypothetical_fMCP_diagnostic_not_new_certificate,True,False,True,True,True,True,True,True,True,True
measurement_formal,C,C0,1,Q2_ideal_delta,1.2,20000,233,0.01165,233,0,151,82,0,0.015362865762882996,0.010620755851950688,20000,0,222,0.0111,222,0.0111,9.971408807960573e-05,0.008983251178342859,0.028839593444234705,0.04896721701984892,0.0,0.0019942817615921146,1000,True,0.0,1.3552527156068805e-20,posthoc_fixed_action_hypothetical_fMCP_diagnostic_not_new_certificate,False,False,True,True,True,True,True,True,True,True
measurement_formal,C,C0,1,Q2_postUA_0p1,0.8,20000,115,0.00575,112,3,166,0,51,0.008482076721334386,0.011499588629983891,19997,3,96,0.0048,96,0.004800720108016202,4.410307151326372e-05,0.00918676167761182,0.026800987384178587,0.04188703810816525,0.0,0.0008819291210507347,1000,True,0.0,6.776263578034403e-21,posthoc_fixed_action_hypothetical_fMCP_diagnostic_not_new_certificate,True,True,True,True,True,True,True,True,True,True
measurement_formal,C,C0,1,Q2_postUA_0p1,0.9,20000,138,0.0069,135,3,166,0,28,0.009853728899235666,0.011499588629983891,19997,3,119,0.00595,119,0.005950892633895084,5.540928872381378e-05,0.009311088626975663,0.027812585781457524,0.043850368819500316,0.0,0.001108019546610104,1000,True,2.168404344971009e-19,2.0328790734103208e-20,posthoc_fixed_action_hypothetical_fMCP_diagnostic_not_new_certificate,True,True,True,True,True,True,True,True,True,True
measurement_formal,C,C0,1,Q2_postUA_0p1,1.0,20000,166,0.0083,163,3,166,0,0,0.011499588629983891,0.011499588629983891,19997,3,147,0.00735,147,0.00735110266539981,6.964082062181273e-05,0.009473520339961832,0.027664001407415355,0.04581369953083538,0.0,0.0013926074899743893,1000,True,0.0,0.0,posthoc_fixed_action_hypothetical_fMCP_diagnostic_not_new_certificate,True,False,True,True,True,True,True,True,True,True
measurement_formal,C,C0,1,Q2_postUA_0p1,1.1,20000,205,0.01025,202,3,166,39,0,0.013759041994107763,0.011499588629983891,19997,3,187,0.00935,187,0.009351402710406562,8.73187642066189e-05,0.00933750442695058,0.028120554670956845,0.047777030242170455,0.0,0.0017461133278397585,1000,True,2.168404344971009e-19,2.710505431213761e-20,posthoc_fixed_action_hypothetical_fMCP_diagnostic_not_new_certificate,False,False,True,True,True,True,True,True,True,True
measurement_formal,C,C0,1,Q2_postUA_0p1,1.2,20000,256,0.0128,253,3,166,90,0,0.016670989041600963,0.011499588629983891,19997,3,239,0.01195,239,0.011951792768915337,0.00011007289896015348,0.009209739583707905,0.02633139011476318,0.049740360953505515,0.0,0.002201127760506189,1000,True,0.0,0.0,posthoc_fixed_action_hypothetical_fMCP_diagnostic_not_new_certificate,False,False,True,True,True,True,True,True,True,True
measurement_formal,C,C0,1,Q2_postUA_0p5,0.8,20000,242,0.0121,234,8,335,0,93,0.015875663027908694,0.021114097077415208,19992,8,166,0.0083,166,0.008303321328531413,8.260500086376017e-05,0.009948428778724658,0.030700253521757686,0.06457380362299847,0.0,0.0016514391772682936,1000,True,2.168404344971009e-19,0.0,posthoc_fixed_action_hypothetical_fMCP_diagnostic_not_new_certificate,False,False,True,True,True,True,True,True,True,True
measurement_formal,C,C0,1,Q2_postUA_0p5,0.9,20000,277,0.01385,269,8,335,0,58,0.01785903447318695,0.021114097077415208,19992,8,201,0.01005,201,0.010054021608643457,0.00010213141930741908,0.010158265347233447,0.03173898560867464,0.066530796230172,0.0,0.0020418113347939223,1000,True,0.0,1.3552527156068805e-20,posthoc_fixed_action_hypothetical_fMCP_diagnostic_not_new_certificate,False,False,True,True,True,True,True,True,True,True
measurement_formal,C,C0,1,Q2_postUA_0p5,1.0,20000,335,0.01675,327,8,335,0,0,0.021114097077415208,0.021114097077415208,19992,8,259,0.01295,259,0.012955182072829132,0.00012678127468660725,0.009786143797431089,0.029924581871512604,0.06848778883734552,0.0,0.002534611243534652,1000,True,0.0,0.0,posthoc_fixed_action_hypothetical_fMCP_diagnostic_not_new_certificate,False,False,True,False,True,True,True,True,True,True
measurement_formal,C,C0,1,Q2_postUA_0p5,1.1,20000,410,0.0205,402,8,335,75,0,0.025278090601399208,0.021114097077415208,19992,8,335,0.01675,335,0.01675670268107243,0.00015816816821569203,0.009439098564083927,0.030269015980613996,0.07044478144451904,0.0,0.003162098018968115,1000,True,0.0,2.710505431213761e-20,posthoc_fixed_action_hypothetical_fMCP_diagnostic_not_new_certificate,False,False,False,False,True,True,True,True,True,True
measurement_formal,C,C0,1,Q2_postUA_0p5,1.2,20000,516,0.0258,508,8,335,181,0,0.031099224211205312,0.021114097077415208,19992,8,442,0.0221,442,0.022108843537414966,0.00019964715790013528,0.009030194526559964,0.028590580163945646,0.07240177405169256,0.0,0.003991345980739504,1000,True,8.673617379884035e-19,0.0,posthoc_fixed_action_hypothetical_fMCP_diagnostic_not_new_certificate,False,False,False,False,True,True,True,True,True,True
measurement_formal,C,C0,2,Q3_ideal_delta,0.8,20000,149,0.00745,141,8,221,0,72,0.010503094474471722,0.014677152031913413,19992,8,113,0.00565,113,0.0056522609043617444,7.033506890203072e-05,0.012443705287516796,0.04735500993517768,0.07116375745780426,0.0,0.0014061386974893982,1000,True,2.168404344971009e-19,1.3552527156068805e-20,posthoc_fixed_action_hypothetical_fMCP_diagnostic_not_new_certificate,True,False,True,True,True,True,True,True,True,True
measurement_formal,C,C0,2,Q3_ideal_delta,0.9,20000,175,0.00875,167,8,221,0,46,0.012024050141689929,0.014677152031913413,19992,8,139,0.00695,139,0.006952781112444978,8.376955378707631e-05,0.01204835193749086,0.03974103288036033,0.07308897814083498,0.0,0.0016747209193112296,1000,True,2.168404344971009e-19,1.3552527156068805e-20,posthoc_fixed_action_hypothetical_fMCP_diagnostic_not_new_certificate,True,False,True,True,True,True,True,True,True,True
measurement_formal,C,C0,2,Q3_ideal_delta,1.0,20000,221,0.01105,213,8,221,0,0,0.014677152031913413,0.014677152031913413,19992,8,185,0.00925,185,0.009253701480592237,0.00010069109956458691,0.01088117006754174,0.036647248000786385,0.0750141988238657,0.0,0.0020130164624952217,1000,True,0.0,2.710505431213761e-20,posthoc_fixed_action_hypothetical_fMCP_diagnostic_not_new_certificate,False,False,True,True,True,True,True,True,True,True
measurement_formal,C,C0,2,Q3_ideal_delta,1.1,20000,287,0.01435,279,8,221,66,0,0.018422852204902005,0.014677152031913413,19992,8,252,0.0126,252,0.012605042016806723,0.00012327518205580855,0.00977983110976081,0.03388208817484227,0.07693941950689642,0.0,0.0024645174396597243,1000,True,4.336808689942018e-19,0.0,posthoc_fixed_action_hypothetical_fMCP_diagnostic_not_new_certificate,False,False,True,True,True,True,True,True,True,True
measurement_formal,C,C0,2,Q3_ideal_delta,1.2,20000,347,0.01735,339,8,221,126,0,0.021783415576568495,0.014677152031913413,19992,8,312,0.0156,312,0.015606242496998799,0.00015304657448594053,0.00980675358052219,0.03217639739751193,0.07886464018992713,0.0,0.003059707117122924,1000,True,4.336808689942018e-19,2.710505431213761e-20,posthoc_fixed_action_hypothetical_fMCP_diagnostic_not_new_certificate,False,False,True,False,True,True,True,True,True,True
measurement_formal,C,C0,2,Q3_raw_noise_0p1,0.8,20000,190,0.0095,182,8,254,0,64,0.012893926550168076,0.01655753959067221,19992,8,119,0.00595,119,0.005952380952380952,8.425589305899827e-05,0.01415499003391171,0.04945635397095217,0.07116375745780426,0.0,0.0016844438140354934,1000,True,0.0,0.0,posthoc_fixed_action_hypothetical_fMCP_diagnostic_not_new_certificate,True,False,True,True,True,True,True,True,True,True
measurement_formal,C,C0,2,Q3_raw_noise_0p1,0.9,20000,214,0.0107,206,8,254,0,40,0.014276040017534564,0.01655753959067221,19992,8,144,0.0072,144,0.007202881152460984,9.826417494515333e-05,0.013642342954885454,0.050370637725221386,0.07308897814083498,0.0,0.0019644973855035054,1000,True,0.0,0.0,posthoc_fixed_action_hypothetical_fMCP_diagnostic_not_new_certificate,False,False,True,True,True,True,True,True,True,True
measurement_formal,C,C0,2,Q3_raw_noise_0p1,1.0,20000,254,0.0127,246,8,254,0,0,0.01655753959067221,0.01655753959067221,19992,8,185,0.00925,185,0.009253701480592237,0.00011535859665806092,0.012466211158853805,0.04890340645966653,0.0750141988238657,0.0,0.0023062490643879544,1000,True,4.336808689942018e-19,0.0,posthoc_fixed_action_hypothetical_fMCP_diagnostic_not_new_certificate,False,False,True,True,True,True,True,True,True,True
measurement_formal,C,C0,2,Q3_raw_noise_0p1,1.1,20000,319,0.01595,311,8,254,65,0,0.020219605487487163,0.01655753959067221,19992,8,253,0.01265,253,0.012655062024809923,0.00013796362032616916,0.010901852559528752,0.03922754291471372,0.07693941950689642,0.0,0.002758168697560774,1000,True,0.0,0.0,posthoc_fixed_action_hypothetical_fMCP_diagnostic_not_new_certificate,False,False,True,False,True,True,True,True,True,True
measurement_formal,C,C0,2,Q3_raw_noise_0p1,1.2,20000,379,0.01895,371,8,254,125,0,0.023562296398718655,0.01655753959067221,19992,8,317,0.01585,317,0.015856342537014807,0.00016816900442107098,0.01060578781194338,0.036748949658839715,0.07886464018992713,0.0,0.003362034736386052,1000,True,4.336808689942018e-19,2.710505431213761e-20,posthoc_fixed_action_hypothetical_fMCP_diagnostic_not_new_certificate,False,False,True,False,True,True,True,True,True,True
measurement_formal,C,C0,2,Q3_raw_noise_0p5,0.8,20000,809,0.04045,801,8,896,0,87,0.04693909660579871,0.0515934926036492,19992,8,168,0.0084,168,0.008403361344537815,0.0001285821324982306,0.01530127376728944,0.05799002541197931,0.11674194708701335,0.0,0.0025706139929046264,1000,True,4.336808689942018e-19,2.710505431213761e-20,posthoc_fixed_action_hypothetical_fMCP_diagnostic_not_new_certificate,False,False,False,False,True,True,True,True,True,True
measurement_formal,C,C0,2,Q3_raw_noise_0p5,0.9,20000,845,0.04225,837,8,896,0,51,0.04886723159047142,0.0515934926036492,19992,8,206,0.0103,206,0.010304121648659464,0.00014822884637870167,0.014385393673800992,0.05304151626038146,0.11852075391244556,0.0,0.002963391096803004,1000,True,4.336808689942018e-19,2.710505431213761e-20,posthoc_fixed_action_hypothetical_fMCP_diagnostic_not_new_certificate,False,False,False,False,True,True,True,True,True,True
measurement_formal,C,C0,2,Q3_raw_noise_0p5,1.0,20000,896,0.0448,888,8,896,0,0,0.0515934926036492,0.0515934926036492,19992,8,259,0.01295,259,0.012955182072829132,0.00017278928642292275,0.01333746491956398,0.0525416206570688,0.12029956073787777,0.0,0.003454403414167071,1000,True,8.673617379884035e-19,2.710505431213761e-20,posthoc_fixed_action_hypothetical_fMCP_diagnostic_not_new_certificate,False,False,False,False,True,False,True,True,True,True
measurement_formal,C,C0,2,Q3_raw_noise_0p5,1.1,20000,957,0.04785,949,8,896,61,0,0.05484683478973847,0.0515934926036492,19992,8,327,0.01635,327,0.016356542617046818,0.00020327569339672537,0.012427791016475027,0.04678996731558723,0.12207836756330999,0.0,0.004063887662387333,1000,True,8.673617379884035e-19,0.0,posthoc_fixed_action_hypothetical_fMCP_diagnostic_not_new_certificate,False,False,False,False,True,False,True,True,True,True
measurement_formal,C,C0,2,Q3_raw_noise_0p5,1.2,20000,1024,0.0512,1016,8,896,128,0,0.05841160820701181,0.0515934926036492,19992,8,398,0.0199,398,0.01990796318527411,0.00024184818902434258,0.012148314057725268,0.0420111842950563,0.12385717438874218,0.0,0.004835028994974656,1000,True,8.673617379884035e-19,2.710505431213761e-20,posthoc_fixed_action_hypothetical_fMCP_diagnostic_not_new_certificate,False,False,False,False,False,False,True,True,True,True
measurement_formal,C,C0,2,Q3_postmean_0p1,0.8,20000,195,0.00975,187,8,259,0,64,0.013182800423161223,0.016841061308482404,19992,8,114,0.0057,114,0.005702280912364946,8.078882925269575e-05,0.014167809424735908,0.04875769699057166,0.07116375745780426,0.0,0.0016151302744198935,1000,True,0.0,0.0,posthoc_fixed_action_hypothetical_fMCP_diagnostic_not_new_certificate,True,False,True,True,True,True,True,True,True,True
measurement_formal,C,C0,2,Q3_postmean_0p1,0.9,20000,218,0.0109,210,8,259,0,41,0.014505350608070318,0.016841061308482404,19992,8,138,0.0069,138,0.006902761104441777,9.422215488049637e-05,0.013649922611383215,0.04989297221830799,0.07308897814083498,0.0,0.0018836893203708835,1000,True,2.168404344971009e-19,1.3552527156068805e-20,posthoc_fixed_action_hypothetical_fMCP_diagnostic_not_new_certificate,False,False,True,True,True,True,True,True,True,True
measurement_formal,C,C0,2,Q3_postmean_0p1,1.0,20000,259,0.01295,251,8,259,0,0,0.016841061308482404,0.016841061308482404,19992,8,180,0.009,180,0.00900360144057623,0.00011075774213298748,0.012301493226237144,0.04121278733890994,0.0750141988238657,0.0,0.002214268780722686,1000,True,0.0,0.0,posthoc_fixed_action_hypothetical_fMCP_diagnostic_not_new_certificate,False,False,True,True,True,True,True,True,True,True
measurement_formal,C,C0,2,Q3_postmean_0p1,1.1,20000,324,0.0162,316,8,259,65,0,0.020499396576847424,0.016841061308482404,19992,8,249,0.01245,249,0.01245498199279712,0.00013292293498716085,0.010672270346439035,0.03851210217827637,0.07693941950689642,0.0,0.0026573953162633197,1000,True,4.336808689942018e-19,0.0,posthoc_fixed_action_hypothetical_fMCP_diagnostic_not_new_certificate,False,False,True,False,True,True,True,True,True,True
measurement_formal,C,C0,2,Q3_postmean_0p1,1.2,20000,385,0.01925,377,8,259,126,0,0.023894933425232624,0.016841061308482404,19992,8,314,0.0157,314,0.015706282513005203,0.00016276478917397872,0.010363037150210773,0.035814847566074566,0.07886464018992713,0.0,0.0032539936651661823,1000,True,4.336808689942018e-19,2.710505431213761e-20,posthoc_fixed_action_hypothetical_fMCP_diagnostic_not_new_certificate,False,False,True,False,True,True,True,True,True,True
measurement_formal,C,C0,2,Q3_postmean_0p5,0.8,20000,1453,0.07265,1447,6,1521,0,68,0.08106891797859844,0.08463879458339668,19992,8,93,0.00465,93,0.004651860744297719,4.688669693614238e-05,0.010079127367175896,0.031269636223877496,0.08439431441162895,0.0,0.0009373588451473585,1000,True,0.0,1.3552527156068805e-20,posthoc_fixed_action_hypothetical_fMCP_diagnostic_not_new_certificate,False,False,False,False,False,False,True,True,True,True
measurement_formal,C,C0,2,Q3_postmean_0p5,0.9,20000,1486,0.0743,1480,6,1521,0,35,0.08280198163030687,0.08463879458339668,19992,8,132,0.0066,132,0.006602641056422569,5.880261341997087e-05,0.008905923087061042,0.031041217065860358,0.0862568876528513,0.0,0.0011755818474920574,1000,True,2.168404344971009e-19,0.0,posthoc_fixed_action_hypothetical_fMCP_diagnostic_not_new_certificate,False,False,False,False,False,False,True,True,True,True
measurement_formal,C,C0,2,Q3_postmean_0p5,1.0,20000,1521,0.07605,1515,6,1521,0,0,0.08463879458339668,0.08463879458339668,19992,8,173,0.00865,173,0.008653461384553822,7.519957809218981e-05,0.00869011540589051,0.030949990971224365,0.08811946089407367,0.0,0.0015033899652190587,1000,True,0.0,1.3552527156068805e-20,posthoc_fixed_action_hypothetical_fMCP_diagnostic_not_new_certificate,False,False,False,False,False,False,True,True,True,True
measurement_formal,C,C0,2,Q3_postmean_0p5,1.1,20000,1571,0.07855,1565,6,1521,50,0,0.08726059952586875,0.08463879458339668,19992,8,234,0.0117,234,0.0117046818727491,9.677266260960629e-05,0.00826785927731303,0.028902928105031398,0.08998203413529604,0.0,0.001934679070891249,1000,True,0.0,1.3552527156068805e-20,posthoc_fixed_action_hypothetical_fMCP_diagnostic_not_new_certificate,False,False,False,False,False,False,True,True,True,True
measurement_formal,C,C0,2,Q3_postmean_0p5,1.2,20000,1626,0.0813,1620,6,1521,105,0,0.09014169867087911,0.08463879458339668,19992,8,303,0.01515,303,0.015156062424969988,0.00012534599902016947,0.008270353836340685,0.02741393217002364,0.0918446073765184,0.0,0.0025059172124112274,1000,True,8.673617379884035e-19,2.710505431213761e-20,posthoc_fixed_action_hypothetical_fMCP_diagnostic_not_new_certificate,False,False,False,False,False,False,True,True,True,True
measurement_formal,C,C0,2,Q3_postUA_0p1,0.8,20000,178,0.0089,170,8,244,0,66,0.012198433998684982,0.015989452935582033,19992,8,133,0.00665,133,0.00665266106442577,9.21272137976343e-05,0.01384817487400229,0.051002720615390726,0.07116375745780426,0.0,0.001841807258242305,1000,True,0.0,1.3552527156068805e-20,posthoc_fixed_action_hypothetical_fMCP_diagnostic_not_new_certificate,True,False,True,True,True,True,True,True,True,True
measurement_formal,C,C0,2,Q3_postUA_0p1,0.9,20000,205,0.01025,197,8,244,0,39,0.013759041994107763,0.015989452935582033,19992,8,160,0.008,160,0.008003201280512205,0.00010771184962179374,0.013458595610243124,0.051339455943851475,0.07308897814083498,0.0,0.0021533752976389004,1000,True,0.0,2.710505431213761e-20,posthoc_fixed_action_hypothetical_fMCP_diagnostic_not_new_certificate,False,False,True,True,True,True,True,True,True,True
measurement_formal,C,C0,2,Q3_postUA_0p1,1.0,20000,244,0.0122,236,8,244,0,0,0.015989452935582033,0.015989452935582033,19992,8,199,0.00995,199,0.009953981592637055,0.00012645114094550142,0.012703573918504844,0.05185855579463389,0.0750141988238657,0.0,0.0025280112097824637,1000,True,8.673617379884035e-19,2.710505431213761e-20,posthoc_fixed_action_hypothetical_fMCP_diagnostic_not_new_certificate,False,False,True,True,True,True,True,True,True,True
measurement_formal,C,C0,2,Q3_postUA_0p1,1.1,20000,314,0.0157,306,8,244,70,0,0.019939568093089544,0.015989452935582033,19992,8,271,0.01355,271,0.013555422168867548,0.00015073613165992656,0.011119987985775836,0.04032020857261094,0.07693941950689642,0.0,0.0030135167441452514,1000,True,4.336808689942018e-19,0.0,posthoc_fixed_action_hypothetical_fMCP_diagnostic_not_new_certificate,False,False,True,True,True,True,True,True,True,True
measurement_formal,C,C0,2,Q3_postUA_0p1,1.2,20000,380,0.019,372,8,244,136,0,0.023617754859877178,0.015989452935582033,19992,8,337,0.01685,337,0.016856742697078833,0.00018295660917480304,0.010853615817871401,0.03715002017654258,0.07886464018992713,0.0,0.003657668530622662,1000,True,4.336808689942018e-19,0.0,posthoc_fixed_action_hypothetical_fMCP_diagnostic_not_new_certificate,False,False,True,False,True,True,True,True,True,True
measurement_formal,C,C0,2,Q3_postUA_0p5,0.8,20000,338,0.0169,330,8,468,0,130,0.021281547828191163,0.028471176560436528,19992,8,200,0.01,200,0.010004001600640256,0.000132608429819079,0.013255538644715136,0.047824472865618264,0.11674194708701335,0.0,0.0026511077289430272,1000,True,0.0,0.0,posthoc_fixed_action_hypothetical_fMCP_diagnostic_not_new_certificate,False,False,True,False,True,True,True,True,True,True
measurement_formal,C,C0,2,Q3_postUA_0p5,0.9,20000,393,0.01965,385,8,468,0,75,0.024338031766121968,0.028471176560436528,19992,8,255,0.01275,255,0.012755102040816327,0.00015659835244567302,0.012277310831740766,0.04588335615249743,0.11852075391244556,0.0,0.0031307142620938954,1000,True,0.0,2.710505431213761e-20,posthoc_fixed_action_hypothetical_fMCP_diagnostic_not_new_certificate,False,False,True,False,True,True,True,True,True,True
measurement_formal,C,C0,2,Q3_postUA_0p5,1.0,20000,468,0.0234,460,8,468,0,0,0.028471176560436528,0.028471176560436528,19992,8,333,0.01665,333,0.016656662665066026,0.0001879314739137691,0.011282660740192409,0.038211161792229026,0.12029956073787777,0.0,0.0037571260264840723,1000,True,0.0,0.0,posthoc_fixed_action_hypothetical_fMCP_diagnostic_not_new_certificate,False,False,False,False,True,True,True,True,True,True
measurement_formal,C,C0,2,Q3_postUA_0p5,1.1,20000,565,0.02825,557,8,468,97,0,0.033770417228365934,0.028471176560436528,19992,8,433,0.02165,433,0.021658663465386155,0.00022804664715099927,0.01052911909894406,0.037990592561298116,0.12207836756330999,0.0,0.004559108569842777,1000,True,0.0,2.710505431213761e-20,posthoc_fixed_action_hypothetical_fMCP_diagnostic_not_new_certificate,False,False,False,False,True,True,True,True,True,True
measurement_formal,C,C0,2,Q3_postUA_0p5,1.2,20000,658,0.0329,650,8,468,190,0,0.03881292541751154,0.028471176560436528,19992,8,527,0.02635,527,0.026360544217687076,0.00027864113044198685,0.010570386109670213,0.0334932343924211,0.12385717438874218,0.0,0.0055705934797962015,1000,True,0.0,1.0842021724855044e-19,posthoc_fixed_action_hypothetical_fMCP_diagnostic_not_new_certificate,False,False,False,False,True,True,True,True,True,True
measurement_formal,C,C0,2,Q2_ideal_delta,0.8,20000,84,0.0042,84,0,140,0,56,0.0065942735148241,0.009972086469450242,20000,0,79,0.00395,79,0.00395,3.8374388076238085e-05,0.00971503495600964,0.02734767282615116,0.044798988741349126,0.0,0.0007674877615247616,1000,True,1.0842021724855044e-19,0.0,posthoc_fixed_action_hypothetical_fMCP_diagnostic_not_new_certificate,True,True,True,True,True,True,True,True,True,True
measurement_formal,C,C0,2,Q2_ideal_delta,0.9,20000,109,0.00545,109,0,140,0,31,0.008120650024870562,0.009972086469450242,20000,0,104,0.0052,104,0.0052,4.7889736776525716e-05,0.009209564764716483,0.027292315404530157,0.04674356571360361,0.0,0.0009577947355305142,1000,True,1.0842021724855044e-19,6.776263578034403e-21,posthoc_fixed_action_hypothetical_fMCP_diagnostic_not_new_certificate,True,True,True,True,True,True,True,True,True,True
measurement_formal,C,C0,2,Q2_ideal_delta,1.0,20000,140,0.007,140,0,140,0,0,0.009972086469450242,0.009972086469450242,20000,0,135,0.00675,135,0.00675,6.040059836335823e-05,0.008948236794571589,0.026394966497582446,0.04868814268585809,0.0,0.0012080119672671643,1000,True,2.168404344971009e-19,0.0,posthoc_fixed_action_hypothetical_fMCP_diagnostic_not_new_certificate,True,True,True,True,True,True,True,True,True,True
measurement_formal,C,C0,2,Q2_ideal_delta,1.1,20000,192,0.0096,192,0,140,52,0,0.013009538332143121,0.009972086469450242,20000,0,187,0.00935,187,0.00935,7.719562292161115e-05,0.008256216355252529,0.026667809200840283,0.05063271965811257,0.0,0.0015439124584322229,1000,True,2.168404344971009e-19,0.0,posthoc_fixed_action_hypothetical_fMCP_diagnostic_not_new_certificate,True,False,True,True,True,True,True,True,True,True
measurement_formal,C,C0,2,Q2_ideal_delta,1.2,20000,251,0.01255,251,0,140,111,0,0.01638726192420271,0.009972086469450242,20000,0,246,0.0123,246,0.0123,0.00010050766394231048,0.008171354792057764,0.026124960430601613,0.05257729663036705,0.0,0.0020101532788462093,1000,True,4.336808689942018e-19,1.3552527156068805e-20,posthoc_fixed_action_hypothetical_fMCP_diagnostic_not_new_certificate,False,False,True,True,True,True,True,True,True,True
measurement_formal,C,C0,2,Q2_postUA_0p1,0.8,20000,97,0.00485,94,3,158,0,61,0.007392469412971952,0.01103165200495686,19997,3,85,0.00425,85,0.004250637595639346,4.057215586986544e-05,0.00954495765799646,0.02753663735680229,0.044798988741349126,0.0,0.0008113214009296992,1000,True,0.0,6.776263578034403e-21,posthoc_fixed_action_hypothetical_fMCP_diagnostic_not_new_certificate,True,True,True,True,True,True,True,True,True,True
measurement_formal,C,C0,2,Q2_postUA_0p1,0.9,20000,120,0.006,117,3,158,0,38,0.008782042435628834,0.01103165200495686,19997,3,108,0.0054,108,0.005400810121518228,5.064254200884349e-05,0.009376841782878178,0.028841100085690994,0.04674356571360361,0.0,0.0010126989125508433,1000,True,0.0,6.776263578034403e-21,posthoc_fixed_action_hypothetical_fMCP_diagnostic_not_new_certificate,True,True,True,True,True,True,True,True,True,True
measurement_formal,C,C0,2,Q2_postUA_0p1,1.0,20000,158,0.0079,155,3,158,0,0,0.01103165200495686,0.01103165200495686,19997,3,146,0.0073,146,0.007301095164274641,6.400788264179986e-05,0.008766887871151178,0.029050385486415885,0.04868814268585809,0.0,0.001279965629188072,1000,True,2.168404344971009e-19,1.3552527156068805e-20,posthoc_fixed_action_hypothetical_fMCP_diagnostic_not_new_certificate,True,False,True,True,True,True,True,True,True,True
measurement_formal,C,C0,2,Q2_postUA_0p1,1.1,20000,211,0.01055,208,3,158,53,0,0.014103871381325093,0.01103165200495686,19997,3,201,0.01005,201,0.010051507726158924,8.21316446601209e-05,0.008171077105813123,0.026877429466424605,0.05063271965811257,0.0,0.0016423864982684378,1000,True,2.168404344971009e-19,0.0,posthoc_fixed_action_hypothetical_fMCP_diagnostic_not_new_certificate,False,False,True,True,True,True,True,True,True,True
measurement_formal,C,C0,2,Q2_postUA_0p1,1.2,20000,272,0.0136,269,3,158,114,0,0.017576674894063646,0.01103165200495686,19997,3,262,0.0131,262,0.013101965294794219,0.00010664624095438548,0.008139713283835292,0.02673436684780515,0.05257729663036705,0.0,0.0021326048803648463,1000,True,0.0,0.0,posthoc_fixed_action_hypothetical_fMCP_diagnostic_not_new_certificate,False,False,True,True,True,True,True,True,True,True
measurement_formal,C,C0,2,Q2_postUA_0p5,0.8,20000,241,0.01205,233,8,337,0,96,0.015818745936032958,0.02122574001333948,19992,8,175,0.00875,175,0.008753501400560224,8.835580557670608e-05,0.010093767229082902,0.032050853011903,0.0824887919614125,0.0,0.0017664092650895077,1000,True,4.336808689942018e-19,0.0,posthoc_fixed_action_hypothetical_fMCP_diagnostic_not_new_certificate,False,False,True,True,True,True,True,True,True,True
measurement_formal,C,C0,2,Q2_postUA_0p5,0.9,20000,278,0.0139,270,8,337,0,59,0.01791546976022336,0.02122574001333948,19992,8,213,0.01065,213,0.010654261704681874,0.00010866060951007854,0.01019879298274878,0.03237522290981078,0.08437812063669815,0.0,0.00217234290532549,1000,True,0.0,1.3552527156068805e-20,posthoc_fixed_action_hypothetical_fMCP_diagnostic_not_new_certificate,False,False,True,True,True,True,True,True,True,True
measurement_formal,C,C0,2,Q2_postUA_0p5,1.0,20000,337,0.01685,329,8,337,0,0,0.02122574001333948,0.02122574001333948,19992,8,272,0.0136,272,0.013605442176870748,0.0001341226290445648,0.009858013234775516,0.0316910919865555,0.08626744931198381,0.0,0.0026813795998589397,1000,True,0.0,2.710505431213761e-20,posthoc_fixed_action_hypothetical_fMCP_diagnostic_not_new_certificate,False,False,True,False,True,True,True,True,True,True
measurement_formal,C,C0,2,Q2_postUA_0p5,1.1,20000,399,0.01995,391,8,337,62,0,0.02467005001549791,0.02122574001333948,19992,8,335,0.01675,335,0.01675670268107243,0.00016588321272778317,0.009899513996578629,0.032502091808609634,0.08815677798726948,0.0,0.003316337188853841,1000,True,4.336808689942018e-19,0.0,posthoc_fixed_action_hypothetical_fMCP_diagnostic_not_new_certificate,False,False,True,False,True,True,True,True,True,True
measurement_formal,C,C0,2,Q2_postUA_0p5,1.2,20000,477,0.02385,469,8,337,140,0,0.028964867050710375,0.02122574001333948,19992,8,414,0.0207,414,0.02070828331332533,0.00020554313126704984,0.009925648020026233,0.031697863479055,0.09004610666255512,0.0,0.00410921828029086,1000,True,0.0,0.0,posthoc_fixed_action_hypothetical_fMCP_diagnostic_not_new_certificate,False,False,False,False,True,True,True,True,True,True
