root_k,cell_id,sd_arm,objective_arm,training_event,label,method_id,ration_kind,target_alpha,selection_status,selected_param,solver_status,mip_gap,solver_time_limit_s,solve_wall_time_s,candidate_statuses,infeasibility_scope,has_ration,evaluation_world,own_world,n_test,training_event_rate_upper_own_world,training_event_cp_upper_own_world,main_reference_n_violated,main_reference_n_unknown,main_reference_rate_lower,main_reference_rate_upper,main_reference_cp_upper,main_reference_mc_se,t51_primary_not_assessable_share,main_reference_unknown_only_because_out_of_domain,main_reference_linear_energy_rate_upper,main_reference_linear_energy_cp_upper,main_reference_t51_verdicts_used_out_of_domain_rate_lower,main_reference_t51_verdicts_used_out_of_domain_rate_upper,main_reference_t51_verdicts_used_out_of_domain_cp_upper,main_reference_plus_cp_hi_rate_upper,main_reference_plus_cp_hi_cp_upper,h0_eleven_rate_upper,h0_eleven_cp_upper,h0_eleven_reference_energy_rate_upper,h0_eleven_domain_conditioned_rate_upper,s2_six_rate_upper,s2_six_cp_upper,s2_six_domain_conditioned_rate_upper,excluded_five_rate_upper,excluded_five_cp_upper,main9_training_event_rate_upper,energy_linear_violation_rate,energy_reference_violation_rate_lower,energy_reference_violation_rate_upper,energy_false_pass,energy_false_fail,energy_reference_undefined,t51_primary_variant,t51_primary_undefined_share,t51_primary_nominal_status,main_reference_rate_upper_by_t51_variant,n_analysis_anomaly_states,n_support_violation_states,structural_ok,meets_main_reference_alpha_point,meets_main_reference_alpha_cp_upper,in_comparable_set,in_comparable_set_t51_verdicts_used_out_of_domain,main_reference_plan_domain_n_violated,main_reference_plan_domain_n_unknown,main_reference_plan_domain_rate_lower,main_reference_plan_domain_rate_upper,main_reference_plan_domain_cp_upper,main_reference_plan_domain_mc_se,main_reference_plus_cp_hi_plan_domain_n_violated,main_reference_plus_cp_hi_plan_domain_n_unknown,main_reference_plus_cp_hi_plan_domain_rate_lower,main_reference_plus_cp_hi_plan_domain_rate_upper,main_reference_plus_cp_hi_plan_domain_cp_upper,main_reference_plus_cp_hi_plan_domain_mc_se
1,SDH0_MAIN9,SD-H0,MAIN9,"main reference nine (linear energy row, Table 5-1 verdicts in every state)",SDH0_MAIN9:M0,M0_nominal,method,,,,optimal,,300.0,0.012808621861040592,,,True,SD-H0,True,10000,0.9064,0.9111530382012035,8719,0,0.8719,0.8719,0.8773665751076721,0.0033420112208070157,0.0,0,0.9064,0.9111530382012035,0.8719,0.8719,0.8773665751076721,0.8798,0.8851167479941164,0.9123,0.91691338180855,0.8798,0.9123,0.5396,0.5478391392719986,0.5396,0.7386,0.7458254451186364,0.9064,0.503,0.3586,0.3586,51,1495,0,T51-DGC-0.50,0.0,in_domain_conditional,T51-DGC-0.50=0.8719;T51-DGC-0.33=0.8719;T51-DGC-0.67=0.8719;T51-CORNKERNEL-0.50=0.8719,1001,0,True,,,alpha=0.01:False;alpha=0.05:False;alpha=0.1:False,alpha=0.01:False;alpha=0.05:False;alpha=0.1:False,8719,0,0.8719,0.8719,0.8773665751076721,0.0033420112208070157,8798,0,0.8798,0.8798,0.8851167479941164,0.0032519526441816458
1,SDH0_MAIN9,SD-H0,MAIN9,"main reference nine (linear energy row, Table 5-1 verdicts in every state)",SDH0_MAIN9:M0,M0_nominal,method,,,,optimal,,300.0,0.012808621861040592,,,True,SD-S2,False,10000,,,8032,0,0.8032,0.8032,0.8097237760937208,0.00397579878766519,0.0,0,0.8744,0.8798199320227706,0.8032,0.8032,0.8097237760937208,0.8032,0.8097237760937208,0.8744,0.8798199320227706,0.8032,0.8744,0.5069,0.5151712268837845,0.5069,0.6139,0.6219327755334225,0.8744,0.5004,0.2134,0.2134,0,2870,0,T51-DGC-0.50,0.0,in_domain_conditional,T51-DGC-0.50=0.8032;T51-DGC-0.33=0.8032;T51-DGC-0.67=0.8032;T51-CORNKERNEL-0.50=0.8032,0,0,True,,,alpha=0.01:False;alpha=0.05:False;alpha=0.1:False,alpha=0.01:False;alpha=0.05:False;alpha=0.1:False,8032,0,0.8032,0.8032,0.8097237760937208,0.00397579878766519,8032,0,0.8032,0.8032,0.8097237760937208,0.00397579878766519
1,SDH0_MAIN9,SD-H0,MAIN9,"main reference nine (linear energy row, Table 5-1 verdicts in every state)",SDH0_MAIN9:M0,M0_nominal,method,,,,optimal,,300.0,0.012808621861040592,,,True,SD-SRC14,False,10000,,,8719,0,0.8719,0.8719,0.8773665751076721,0.0033420112208070157,0.0,0,0.9064,0.9111530382012035,0.8719,0.8719,0.8773665751076721,0.8798,0.8851167479941164,0.9123,0.91691338180855,0.8798,0.9123,0.5396,0.5478391392719986,0.5396,0.7386,0.7458254451186364,0.9064,0.503,0.3586,0.3586,51,1495,0,T51-DGC-0.50,0.0,in_domain_conditional,T51-DGC-0.50=0.8719;T51-DGC-0.33=0.8719;T51-DGC-0.67=0.8719;T51-CORNKERNEL-0.50=0.8719,323,0,True,,,alpha=0.01:False;alpha=0.05:False;alpha=0.1:False,alpha=0.01:False;alpha=0.05:False;alpha=0.1:False,8719,0,0.8719,0.8719,0.8773665751076721,0.0033420112208070157,8798,0,0.8798,0.8798,0.8851167479941164,0.0032519526441816458
1,SDH0_MAIN9,SD-H0,MAIN9,"main reference nine (linear energy row, Table 5-1 verdicts in every state)",SDH0_MAIN9:M0,M0_nominal,method,,,,optimal,,300.0,0.012808621861040592,,,True,SD-12MO,False,10000,,,8032,0,0.8032,0.8032,0.8097237760937208,0.00397579878766519,0.0,0,0.8744,0.8798199320227706,0.8032,0.8032,0.8097237760937208,0.8032,0.8097237760937208,0.8744,0.8798199320227706,0.8032,0.8744,0.5069,0.5151712268837845,0.5069,0.6139,0.6219327755334225,0.8744,0.5004,0.2134,0.2134,0,2870,0,T51-DGC-0.50,0.0,in_domain_conditional,T51-DGC-0.50=0.8032;T51-DGC-0.33=0.8032;T51-DGC-0.67=0.8032;T51-CORNKERNEL-0.50=0.8032,3,0,True,,,alpha=0.01:False;alpha=0.05:False;alpha=0.1:False,alpha=0.01:False;alpha=0.05:False;alpha=0.1:False,8032,0,0.8032,0.8032,0.8097237760937208,0.00397579878766519,8032,0,0.8032,0.8032,0.8097237760937208,0.00397579878766519
1,SDH0_MAIN9,SD-H0,MAIN9,"main reference nine (linear energy row, Table 5-1 verdicts in every state)",SDH0_MAIN9:M0,M0_nominal,method,,,,optimal,,300.0,0.012808621861040592,,,True,SD-SRC12,False,10000,,,8719,0,0.8719,0.8719,0.8773665751076721,0.0033420112208070157,0.0,0,0.9064,0.9111530382012035,0.8719,0.8719,0.8773665751076721,0.8798,0.8851167479941164,0.9123,0.91691338180855,0.8798,0.9123,0.5396,0.5478391392719986,0.5396,0.7386,0.7458254451186364,0.9064,0.503,0.3586,0.3586,51,1495,0,T51-DGC-0.50,0.0,in_domain_conditional,T51-DGC-0.50=0.8719;T51-DGC-0.33=0.8719;T51-DGC-0.67=0.8719;T51-CORNKERNEL-0.50=0.8719,678,0,True,,,alpha=0.01:False;alpha=0.05:False;alpha=0.1:False,alpha=0.01:False;alpha=0.05:False;alpha=0.1:False,8719,0,0.8719,0.8719,0.8773665751076721,0.0033420112208070157,8798,0,0.8798,0.8798,0.8851167479941164,0.0032519526441816458
1,SDH0_MAIN9,SD-H0,MAIN9,"main reference nine (linear energy row, Table 5-1 verdicts in every state)","SDH0_MAIN9:M1[relative,apply_to_dm=True]@alpha=0.05",M1_safety_margin,method,0.05,not_met,,,,300.0,,optimal;proven_infeasible,"no value of the declared grid met the validation screen (candidate statuses: optimal, proven_infeasible); a grid without a solution is not a statement about the whole decision space",False,,,,,,,,,,,,,,,,,,,,,,,,,,,,,,,,,,,,,,,,,,,,,,,,,,,,,,,,,,,
1,SDH0_MAIN9,SD-H0,MAIN9,"main reference nine (linear energy row, Table 5-1 verdicts in every state)","SDH0_MAIN9:M1[relative,apply_to_dm=False]@alpha=0.05",M1_safety_margin,method,0.05,not_met,,,,300.0,,optimal;proven_infeasible,"no value of the declared grid met the validation screen (candidate statuses: optimal, proven_infeasible); a grid without a solution is not a statement about the whole decision space",False,,,,,,,,,,,,,,,,,,,,,,,,,,,,,,,,,,,,,,,,,,,,,,,,,,,,,,,,,,,
1,SDH0_MAIN9,SD-H0,MAIN9,"main reference nine (linear energy row, Table 5-1 verdicts in every state)",SDH0_MAIN9:M2[N=128]@alpha=0.05,M2_joint_chance_saa,method,0.05,not_met,,,,300.0,,proven_infeasible,"SAA over the N training scenarios proven infeasible for every alpha_train of the declared grid (training scenarios only; not a population, field or whole-space statement)",False,,,,,,,,,,,,,,,,,,,,,,,,,,,,,,,,,,,,,,,,,,,,,,,,,,,,,,,,,,,
1,SDH0_MAIN9,SD-H0,MAIN9,"main reference nine (linear energy row, Table 5-1 verdicts in every state)",SDH0_MAIN9:M2[N=512]@alpha=0.05,M2_joint_chance_saa,method,0.05,not_met,,,,300.0,,proven_infeasible,"SAA over the N training scenarios proven infeasible for every alpha_train of the declared grid (training scenarios only; not a population, field or whole-space statement)",False,,,,,,,,,,,,,,,,,,,,,,,,,,,,,,,,,,,,,,,,,,,,,,,,,,,,,,,,,,,
1,SDH0_MAIN9,SD-H0,MAIN9,"main reference nine (linear energy row, Table 5-1 verdicts in every state)",SDH0_MAIN9:M2[N=1024]@alpha=0.05,M2_joint_chance_saa,method,0.05,not_met,,,,300.0,,proven_infeasible,"SAA over the N training scenarios proven infeasible for every alpha_train of the declared grid (training scenarios only; not a population, field or whole-space statement)",False,,,,,,,,,,,,,,,,,,,,,,,,,,,,,,,,,,,,,,,,,,,,,,,,,,,,,,,,,,,
1,SDH0_MAIN9,SD-H0,MAIN9,"main reference nine (linear energy row, Table 5-1 verdicts in every state)",SDH0_MAIN9:M3a[factory box]@alpha=0.05,M3a_box_robust,method,0.05,not_met,,,,300.0,,proven_infeasible,no value of the declared grid met the validation screen (candidate statuses: proven_infeasible); a grid without a solution is not a statement about the whole decision space,False,,,,,,,,,,,,,,,,,,,,,,,,,,,,,,,,,,,,,,,,,,,,,,,,,,,,,,,,,,,
1,SDH0_MAIN9,SD-H0,MAIN9,"main reference nine (linear energy row, Table 5-1 verdicts in every state)",SDH0_MAIN9:M3b[factory box]@alpha=0.05,M3b_budget_robust,method,0.05,not_met,,,,300.0,,optimal;proven_infeasible,"no value of the declared grid met the validation screen (candidate statuses: optimal, proven_infeasible); a grid without a solution is not a statement about the whole decision space",False,,,,,,,,,,,,,,,,,,,,,,,,,,,,,,,,,,,,,,,,,,,,,,,,,,,,,,,,,,,
1,SDH0_MAIN9,SD-H0,MAIN9,"main reference nine (linear energy row, Table 5-1 verdicts in every state)","SDH0_MAIN9:M1[relative,apply_to_dm=True]@alpha=0.1",M1_safety_margin,method,0.1,not_met,,,,300.0,,optimal;proven_infeasible,"no value of the declared grid met the validation screen (candidate statuses: optimal, proven_infeasible); a grid without a solution is not a statement about the whole decision space",False,,,,,,,,,,,,,,,,,,,,,,,,,,,,,,,,,,,,,,,,,,,,,,,,,,,,,,,,,,,
1,SDH0_MAIN9,SD-H0,MAIN9,"main reference nine (linear energy row, Table 5-1 verdicts in every state)","SDH0_MAIN9:M1[relative,apply_to_dm=False]@alpha=0.1",M1_safety_margin,method,0.1,not_met,,,,300.0,,optimal;proven_infeasible,"no value of the declared grid met the validation screen (candidate statuses: optimal, proven_infeasible); a grid without a solution is not a statement about the whole decision space",False,,,,,,,,,,,,,,,,,,,,,,,,,,,,,,,,,,,,,,,,,,,,,,,,,,,,,,,,,,,
1,SDH0_MAIN9,SD-H0,MAIN9,"main reference nine (linear energy row, Table 5-1 verdicts in every state)",SDH0_MAIN9:M2[N=128]@alpha=0.1,M2_joint_chance_saa,method,0.1,not_met,,,,300.0,,proven_infeasible,"SAA over the N training scenarios proven infeasible for every alpha_train of the declared grid (training scenarios only; not a population, field or whole-space statement)",False,,,,,,,,,,,,,,,,,,,,,,,,,,,,,,,,,,,,,,,,,,,,,,,,,,,,,,,,,,,
1,SDH0_MAIN9,SD-H0,MAIN9,"main reference nine (linear energy row, Table 5-1 verdicts in every state)",SDH0_MAIN9:M2[N=512]@alpha=0.1,M2_joint_chance_saa,method,0.1,not_met,,,,300.0,,no_feasible_solution_found;proven_infeasible,"no value of the declared grid met the validation screen (candidate statuses: no_feasible_solution_found, proven_infeasible); a grid without a solution is not a statement about the whole decision space",False,,,,,,,,,,,,,,,,,,,,,,,,,,,,,,,,,,,,,,,,,,,,,,,,,,,,,,,,,,,
1,SDH0_MAIN9,SD-H0,MAIN9,"main reference nine (linear energy row, Table 5-1 verdicts in every state)",SDH0_MAIN9:M2[N=1024]@alpha=0.1,M2_joint_chance_saa,method,0.1,not_met,,,,300.0,,no_feasible_solution_found;proven_infeasible,"no value of the declared grid met the validation screen (candidate statuses: no_feasible_solution_found, proven_infeasible); a grid without a solution is not a statement about the whole decision space",False,,,,,,,,,,,,,,,,,,,,,,,,,,,,,,,,,,,,,,,,,,,,,,,,,,,,,,,,,,,
1,SDH0_MAIN9,SD-H0,MAIN9,"main reference nine (linear energy row, Table 5-1 verdicts in every state)",SDH0_MAIN9:M3a[factory box]@alpha=0.1,M3a_box_robust,method,0.1,not_met,,,,300.0,,proven_infeasible,no value of the declared grid met the validation screen (candidate statuses: proven_infeasible); a grid without a solution is not a statement about the whole decision space,False,,,,,,,,,,,,,,,,,,,,,,,,,,,,,,,,,,,,,,,,,,,,,,,,,,,,,,,,,,,
1,SDH0_MAIN9,SD-H0,MAIN9,"main reference nine (linear energy row, Table 5-1 verdicts in every state)",SDH0_MAIN9:M3b[factory box]@alpha=0.1,M3b_budget_robust,method,0.1,not_met,,,,300.0,,optimal;proven_infeasible,"no value of the declared grid met the validation screen (candidate statuses: optimal, proven_infeasible); a grid without a solution is not a statement about the whole decision space",False,,,,,,,,,,,,,,,,,,,,,,,,,,,,,,,,,,,,,,,,,,,,,,,,,,,,,,,,,,,
1,SDH0_MAIN9,SD-H0,MAIN9,"main reference nine (linear energy row, Table 5-1 verdicts in every state)","SDH0_MAIN9:M1[relative,apply_to_dm=True]@alpha=0.01",M1_safety_margin,method,0.01,not_met,,,,300.0,,optimal;proven_infeasible,"no value of the declared grid met the validation screen (candidate statuses: optimal, proven_infeasible); a grid without a solution is not a statement about the whole decision space",False,,,,,,,,,,,,,,,,,,,,,,,,,,,,,,,,,,,,,,,,,,,,,,,,,,,,,,,,,,,
1,SDH0_MAIN9,SD-H0,MAIN9,"main reference nine (linear energy row, Table 5-1 verdicts in every state)","SDH0_MAIN9:M1[relative,apply_to_dm=False]@alpha=0.01",M1_safety_margin,method,0.01,not_met,,,,300.0,,optimal;proven_infeasible,"no value of the declared grid met the validation screen (candidate statuses: optimal, proven_infeasible); a grid without a solution is not a statement about the whole decision space",False,,,,,,,,,,,,,,,,,,,,,,,,,,,,,,,,,,,,,,,,,,,,,,,,,,,,,,,,,,,
1,SDH0_MAIN9,SD-H0,MAIN9,"main reference nine (linear energy row, Table 5-1 verdicts in every state)",SDH0_MAIN9:M2[N=128]@alpha=0.01,M2_joint_chance_saa,method,0.01,not_met,,,,300.0,,proven_infeasible,"SAA over the N training scenarios proven infeasible for every alpha_train of the declared grid (training scenarios only; not a population, field or whole-space statement)",False,,,,,,,,,,,,,,,,,,,,,,,,,,,,,,,,,,,,,,,,,,,,,,,,,,,,,,,,,,,
1,SDH0_MAIN9,SD-H0,MAIN9,"main reference nine (linear energy row, Table 5-1 verdicts in every state)",SDH0_MAIN9:M2[N=512]@alpha=0.01,M2_joint_chance_saa,method,0.01,not_met,,,,300.0,,proven_infeasible,"SAA over the N training scenarios proven infeasible for every alpha_train of the declared grid (training scenarios only; not a population, field or whole-space statement)",False,,,,,,,,,,,,,,,,,,,,,,,,,,,,,,,,,,,,,,,,,,,,,,,,,,,,,,,,,,,
1,SDH0_MAIN9,SD-H0,MAIN9,"main reference nine (linear energy row, Table 5-1 verdicts in every state)",SDH0_MAIN9:M2[N=1024]@alpha=0.01,M2_joint_chance_saa,method,0.01,not_met,,,,300.0,,proven_infeasible,"SAA over the N training scenarios proven infeasible for every alpha_train of the declared grid (training scenarios only; not a population, field or whole-space statement)",False,,,,,,,,,,,,,,,,,,,,,,,,,,,,,,,,,,,,,,,,,,,,,,,,,,,,,,,,,,,
1,SDH0_MAIN9,SD-H0,MAIN9,"main reference nine (linear energy row, Table 5-1 verdicts in every state)",SDH0_MAIN9:M3a[factory box]@alpha=0.01,M3a_box_robust,method,0.01,not_met,,,,300.0,,proven_infeasible,no value of the declared grid met the validation screen (candidate statuses: proven_infeasible); a grid without a solution is not a statement about the whole decision space,False,,,,,,,,,,,,,,,,,,,,,,,,,,,,,,,,,,,,,,,,,,,,,,,,,,,,,,,,,,,
1,SDH0_MAIN9,SD-H0,MAIN9,"main reference nine (linear energy row, Table 5-1 verdicts in every state)",SDH0_MAIN9:M3b[factory box]@alpha=0.01,M3b_budget_robust,method,0.01,not_met,,,,300.0,,optimal;proven_infeasible,"no value of the declared grid met the validation screen (candidate statuses: optimal, proven_infeasible); a grid without a solution is not a statement about the whole decision space",False,,,,,,,,,,,,,,,,,,,,,,,,,,,,,,,,,,,,,,,,,,,,,,,,,,,,,,,,,,,
1,SDH0_MAIN9,SD-H0,MAIN9,"main reference nine (linear energy row, Table 5-1 verdicts in every state)","SDH0_MAIN9:DIAG-frontier:M2[N=128,alpha_train=m*/N=13/128]",M2_joint_chance_saa,diagnostic_frontier,,,,optimal,0.0,300.0,10.225140220019966,,,True,SD-H0,True,10000,0.1974,0.20406198533373845,1138,4,0.1138,0.1142,0.11956486234454956,0.0031805402056883357,0.0,0,0.1974,0.20406198533373845,0.1138,0.1142,0.11956486234454956,0.3511,0.359032493810557,0.3945,0.4026110919903585,0.3511,0.3945,0.0286,0.03149555622917034,0.0286,0.332,0.3398316396958836,0.1974,0.1573,0.0697,0.0701,0,876,4,T51-DGC-0.50,0.0,in_domain_conditional,T51-DGC-0.50=0.1142;T51-DGC-0.33=0.1142;T51-DGC-0.67=0.4485;T51-CORNKERNEL-0.50=0.1142,4171,4,True,,,,,1138,4,0.1138,0.1142,0.11956486234454956,0.0031805402056883357,3508,3,0.3508,0.3511,0.359032493810557,0.004773141418395227
1,SDH0_MAIN9,SD-H0,MAIN9,"main reference nine (linear energy row, Table 5-1 verdicts in every state)","SDH0_MAIN9:DIAG-frontier:M2[N=128,alpha_train=m*/N=13/128]",M2_joint_chance_saa,diagnostic_frontier,,,,optimal,0.0,300.0,10.225140220019966,,,True,SD-S2,False,10000,,,0,0,0.0,0.0,0.00029952835977661195,0.0,0.0,0,0.001,0.001695631453645378,0.0,0.0,0.00029952835977661195,0.1024,0.10752277208811334,0.1029,0.10803342589142935,0.1024,0.1029,0.0,0.00029952835977661195,0.0,0.1024,0.10752277208811334,0.001,0.001,0.0,0.0,0,10,0,T51-DGC-0.50,0.0,in_domain_conditional,T51-DGC-0.50=0;T51-DGC-0.33=0;T51-DGC-0.67=0.0987;T51-CORNKERNEL-0.50=0,1794,0,True,,,,,0,0,0.0,0.0,0.00029952835977661195,0.0,1024,0,0.1024,0.1024,0.10752277208811334,0.003031736136275715
1,SDH0_MAIN9,SD-H0,MAIN9,"main reference nine (linear energy row, Table 5-1 verdicts in every state)","SDH0_MAIN9:DIAG-frontier:M2[N=128,alpha_train=m*/N=13/128]",M2_joint_chance_saa,diagnostic_frontier,,,,optimal,0.0,300.0,10.225140220019966,,,True,SD-SRC14,False,10000,,,364,4,0.0364,0.0368,0.040048445369879476,0.001882704437770305,0.0,0,0.0673,0.07156515438131109,0.0364,0.0368,0.040048445369879476,0.298,0.30561611793396193,0.315,0.32272980864455725,0.298,0.315,0.0123,0.014272472339310154,0.0123,0.287,0.29453597225327194,0.0673,0.0342,0.002,0.0024,0,322,4,T51-DGC-0.50,0.0,in_domain_conditional,T51-DGC-0.50=0.0368;T51-DGC-0.33=0.0368;T51-DGC-0.67=0.2051;T51-CORNKERNEL-0.50=0.0368,3712,4,True,,,,,364,4,0.0364,0.0368,0.040048445369879476,0.001882704437770305,2978,2,0.2978,0.298,0.30561611793396193,0.004573794923255742
1,SDH0_MAIN9,SD-H0,MAIN9,"main reference nine (linear energy row, Table 5-1 verdicts in every state)","SDH0_MAIN9:DIAG-frontier:M2[N=128,alpha_train=m*/N=13/128]",M2_joint_chance_saa,diagnostic_frontier,,,,optimal,0.0,300.0,10.225140220019966,,,True,SD-12MO,False,10000,,,5,0,0.0005,0.0005,0.0010510137186384818,0.0002235508890610816,0.0,0,0.0148,0.016944625115504968,0.0005,0.0005,0.0010510137186384818,0.1174,0.12282734153056062,0.1257,0.13128362358810225,0.1174,0.1257,0.0,0.00029952835977661195,0.0,0.1174,0.12282734153056062,0.0148,0.0148,0.0005,0.0005,0,143,0,T51-DGC-0.50,0.0,in_domain_conditional,T51-DGC-0.50=0.0005;T51-DGC-0.33=0.0005;T51-DGC-0.67=0.2477;T51-CORNKERNEL-0.50=0.0005,1797,0,True,,,,,5,0,0.0005,0.0005,0.0010510137186384818,0.0002235508890610816,1174,0,0.1174,0.1174,0.12282734153056062,0.003218963187114758
1,SDH0_MAIN9,SD-H0,MAIN9,"main reference nine (linear energy row, Table 5-1 verdicts in every state)","SDH0_MAIN9:DIAG-frontier:M2[N=128,alpha_train=m*/N=13/128]",M2_joint_chance_saa,diagnostic_frontier,,,,optimal,0.0,300.0,10.225140220019966,,,True,SD-SRC12,False,10000,,,470,4,0.047,0.0474,0.05104414736723735,0.00212492917529032,0.0,0,0.0975,0.10251637642237098,0.047,0.0474,0.05104414736723735,0.3064,0.31407381000586015,0.3338,0.34164174784493073,0.3064,0.3338,0.017,0.01928392073307218,0.017,0.2927,0.30027816175010386,0.0975,0.0613,0.0085,0.0089,0,528,4,T51-DGC-0.50,0.0,in_domain_conditional,T51-DGC-0.50=0.0474;T51-DGC-0.33=0.0474;T51-DGC-0.67=0.3755;T51-CORNKERNEL-0.50=0.0474,3959,4,True,,,,,470,4,0.047,0.0474,0.05104414736723735,0.00212492917529032,3061,3,0.3061,0.3064,0.31407381000586015,0.004609978741816495
1,SDH0_MAIN9,SD-H0,MAIN9,"main reference nine (linear energy row, Table 5-1 verdicts in every state)","SDH0_MAIN9:DIAG-frontier:M2[N=512,alpha_train=m*/N=78/512]",M2_joint_chance_saa,diagnostic_frontier,,,,no_feasible_solution_found,,300.0,300.539470563177,,solver status no_feasible_solution_found; not a statement about the whole decision space,False,,,,,,,,,,,,,,,,,,,,,,,,,,,,,,,,,,,,,,,,,,,,,,,,,,,,,,,,,,,
1,SDH0_MAIN9,SD-H0,MAIN9,"main reference nine (linear energy row, Table 5-1 verdicts in every state)","SDH0_MAIN9:DIAG-frontier:M2[N=1024,alpha_train=m*/N=158/1024]",M2_joint_chance_saa,diagnostic_frontier,,,,no_feasible_solution_found,,300.0,301.38290970912203,,solver status no_feasible_solution_found; not a statement about the whole decision space,False,,,,,,,,,,,,,,,,,,,,,,,,,,,,,,,,,,,,,,,,,,,,,,,,,,,,,,,,,,,
1,SDS2_MAIN9,SD-S2,MAIN9,"main reference nine (linear energy row, Table 5-1 verdicts in every state)",SDS2_MAIN9:M0,M0_nominal,method,,,,optimal,,300.0,0.009780865628272295,,,True,SD-H0,False,10000,,,8719,0,0.8719,0.8719,0.8773665751076721,0.0033420112208070157,0.0,0,0.9064,0.9111530382012035,0.8719,0.8719,0.8773665751076721,0.8798,0.8851167479941164,0.9123,0.91691338180855,0.8798,0.9123,0.5396,0.5478391392719986,0.5396,0.7386,0.7458254451186364,0.9064,0.503,0.3586,0.3586,51,1495,0,T51-DGC-0.50,0.0,in_domain_conditional,T51-DGC-0.50=0.8719;T51-DGC-0.33=0.8719;T51-DGC-0.67=0.8719;T51-CORNKERNEL-0.50=0.8719,1001,0,True,,,alpha=0.01:False;alpha=0.05:False;alpha=0.1:False,alpha=0.01:False;alpha=0.05:False;alpha=0.1:False,8719,0,0.8719,0.8719,0.8773665751076721,0.0033420112208070157,8798,0,0.8798,0.8798,0.8851167479941164,0.0032519526441816458
1,SDS2_MAIN9,SD-S2,MAIN9,"main reference nine (linear energy row, Table 5-1 verdicts in every state)",SDS2_MAIN9:M0,M0_nominal,method,,,,optimal,,300.0,0.009780865628272295,,,True,SD-S2,True,10000,0.8744,0.8798199320227706,8032,0,0.8032,0.8032,0.8097237760937208,0.00397579878766519,0.0,0,0.8744,0.8798199320227706,0.8032,0.8032,0.8097237760937208,0.8032,0.8097237760937208,0.8744,0.8798199320227706,0.8032,0.8744,0.5069,0.5151712268837845,0.5069,0.6139,0.6219327755334225,0.8744,0.5004,0.2134,0.2134,0,2870,0,T51-DGC-0.50,0.0,in_domain_conditional,T51-DGC-0.50=0.8032;T51-DGC-0.33=0.8032;T51-DGC-0.67=0.8032;T51-CORNKERNEL-0.50=0.8032,0,0,True,,,alpha=0.01:False;alpha=0.05:False;alpha=0.1:False,alpha=0.01:False;alpha=0.05:False;alpha=0.1:False,8032,0,0.8032,0.8032,0.8097237760937208,0.00397579878766519,8032,0,0.8032,0.8032,0.8097237760937208,0.00397579878766519
1,SDS2_MAIN9,SD-S2,MAIN9,"main reference nine (linear energy row, Table 5-1 verdicts in every state)",SDS2_MAIN9:M0,M0_nominal,method,,,,optimal,,300.0,0.009780865628272295,,,True,SD-SRC14,False,10000,,,8719,0,0.8719,0.8719,0.8773665751076721,0.0033420112208070157,0.0,0,0.9064,0.9111530382012035,0.8719,0.8719,0.8773665751076721,0.8798,0.8851167479941164,0.9123,0.91691338180855,0.8798,0.9123,0.5396,0.5478391392719986,0.5396,0.7386,0.7458254451186364,0.9064,0.503,0.3586,0.3586,51,1495,0,T51-DGC-0.50,0.0,in_domain_conditional,T51-DGC-0.50=0.8719;T51-DGC-0.33=0.8719;T51-DGC-0.67=0.8719;T51-CORNKERNEL-0.50=0.8719,323,0,True,,,alpha=0.01:False;alpha=0.05:False;alpha=0.1:False,alpha=0.01:False;alpha=0.05:False;alpha=0.1:False,8719,0,0.8719,0.8719,0.8773665751076721,0.0033420112208070157,8798,0,0.8798,0.8798,0.8851167479941164,0.0032519526441816458
1,SDS2_MAIN9,SD-S2,MAIN9,"main reference nine (linear energy row, Table 5-1 verdicts in every state)",SDS2_MAIN9:M0,M0_nominal,method,,,,optimal,,300.0,0.009780865628272295,,,True,SD-12MO,False,10000,,,8032,0,0.8032,0.8032,0.8097237760937208,0.00397579878766519,0.0,0,0.8744,0.8798199320227706,0.8032,0.8032,0.8097237760937208,0.8032,0.8097237760937208,0.8744,0.8798199320227706,0.8032,0.8744,0.5069,0.5151712268837845,0.5069,0.6139,0.6219327755334225,0.8744,0.5004,0.2134,0.2134,0,2870,0,T51-DGC-0.50,0.0,in_domain_conditional,T51-DGC-0.50=0.8032;T51-DGC-0.33=0.8032;T51-DGC-0.67=0.8032;T51-CORNKERNEL-0.50=0.8032,3,0,True,,,alpha=0.01:False;alpha=0.05:False;alpha=0.1:False,alpha=0.01:False;alpha=0.05:False;alpha=0.1:False,8032,0,0.8032,0.8032,0.8097237760937208,0.00397579878766519,8032,0,0.8032,0.8032,0.8097237760937208,0.00397579878766519
1,SDS2_MAIN9,SD-S2,MAIN9,"main reference nine (linear energy row, Table 5-1 verdicts in every state)",SDS2_MAIN9:M0,M0_nominal,method,,,,optimal,,300.0,0.009780865628272295,,,True,SD-SRC12,False,10000,,,8719,0,0.8719,0.8719,0.8773665751076721,0.0033420112208070157,0.0,0,0.9064,0.9111530382012035,0.8719,0.8719,0.8773665751076721,0.8798,0.8851167479941164,0.9123,0.91691338180855,0.8798,0.9123,0.5396,0.5478391392719986,0.5396,0.7386,0.7458254451186364,0.9064,0.503,0.3586,0.3586,51,1495,0,T51-DGC-0.50,0.0,in_domain_conditional,T51-DGC-0.50=0.8719;T51-DGC-0.33=0.8719;T51-DGC-0.67=0.8719;T51-CORNKERNEL-0.50=0.8719,678,0,True,,,alpha=0.01:False;alpha=0.05:False;alpha=0.1:False,alpha=0.01:False;alpha=0.05:False;alpha=0.1:False,8719,0,0.8719,0.8719,0.8773665751076721,0.0033420112208070157,8798,0,0.8798,0.8798,0.8851167479941164,0.0032519526441816458
1,SDS2_MAIN9,SD-S2,MAIN9,"main reference nine (linear energy row, Table 5-1 verdicts in every state)","SDS2_MAIN9:M1[relative,apply_to_dm=True]@alpha=0.05",M1_safety_margin,method,0.05,not_met,,,,300.0,,optimal;proven_infeasible,"no value of the declared grid met the validation screen (candidate statuses: optimal, proven_infeasible); a grid without a solution is not a statement about the whole decision space",False,,,,,,,,,,,,,,,,,,,,,,,,,,,,,,,,,,,,,,,,,,,,,,,,,,,,,,,,,,,
1,SDS2_MAIN9,SD-S2,MAIN9,"main reference nine (linear energy row, Table 5-1 verdicts in every state)","SDS2_MAIN9:M1[relative,apply_to_dm=False]@alpha=0.05",M1_safety_margin,method,0.05,selected,k=0.075,optimal,,300.0,0.006244022864848375,optimal;proven_infeasible,,True,SD-H0,False,10000,,,3167,3769,0.3167,0.6936,0.7011903840827054,0.004609978741816495,0.4667,3769,0.7137,0.7211385896618381,0.4908,0.4908,0.49907408450301954,0.7049,0.7124071970117758,0.5199,0.5281626956046059,0.5033,0.7208,0.3374,0.3452615836227758,0.581,0.2775,0.284962437060103,0.5116,0.1231,0.0891,0.0895,7,347,4,T51-DGC-0.50,0.0,in_domain_conditional,T51-DGC-0.50=0.6936;T51-DGC-0.33=0.4908;T51-DGC-0.67=0.997;T51-CORNKERNEL-0.50=0.4908,4171,4,True,False,False,sensitivity_line_not_an_entry,,4908,0,0.4908,0.4908,0.49907408450301954,0.004999153528348574,5033,0,0.5033,0.5033,0.5115726059462143,0.004999891098814053
1,SDS2_MAIN9,SD-S2,MAIN9,"main reference nine (linear energy row, Table 5-1 verdicts in every state)","SDS2_MAIN9:M1[relative,apply_to_dm=False]@alpha=0.05",M1_safety_margin,method,0.05,selected,k=0.075,optimal,,300.0,0.006244022864848375,optimal;proven_infeasible,,True,SD-S2,True,10000,0.0067,0.008204600723855685,65,4832,0.0065,0.4897,0.49797396853813364,0.0049989389874252315,0.4859,4832,0.4897,0.49797396853813364,0.0067,0.0067,0.008204600723855685,0.4897,0.49797396853813364,0.0067,0.008204600723855685,0.0067,0.4897,0.0003,0.0007751813790100997,0.486,0.0064,0.00787465657842059,0.0067,0.0,0.0,0.0,0,0,0,T51-DGC-0.50,0.0,in_domain_conditional,T51-DGC-0.50=0.4897;T51-DGC-0.33=0.0067;T51-DGC-0.67=1;T51-CORNKERNEL-0.50=0.0067,1794,0,True,True,True,sensitivity_line_not_an_entry,,67,0,0.0067,0.0067,0.008204600723855685,0.0008157885755512883,67,0,0.0067,0.0067,0.008204600723855685,0.0008157885755512883
1,SDS2_MAIN9,SD-S2,MAIN9,"main reference nine (linear energy row, Table 5-1 verdicts in every state)","SDS2_MAIN9:M1[relative,apply_to_dm=False]@alpha=0.05",M1_safety_margin,method,0.05,selected,k=0.075,optimal,,300.0,0.006244022864848375,optimal;proven_infeasible,,True,SD-SRC14,False,10000,,,2013,3951,0.2013,0.5964,0.6044984631241845,0.004906190375433876,0.4907,3949,0.5963,0.6043988076188782,0.2025,0.2027,0.20942618919936745,0.6003,0.6083847558522784,0.2097,0.2165082714138703,0.2099,0.6002,0.0187,0.02108517212482378,0.5009,0.1949,0.20153106839760637,0.2025,0.0,0.0,0.0004,0,0,4,T51-DGC-0.50,0.0,in_domain_conditional,T51-DGC-0.50=0.5964;T51-DGC-0.33=0.2027;T51-DGC-0.67=1;T51-CORNKERNEL-0.50=0.2027,3712,4,True,False,False,sensitivity_line_not_an_entry,,2025,2,0.2025,0.2027,0.20942618919936745,0.004020108331873657,2097,2,0.2097,0.2099,0.2167105722252208,0.004072370194370841
1,SDS2_MAIN9,SD-S2,MAIN9,"main reference nine (linear energy row, Table 5-1 verdicts in every state)","SDS2_MAIN9:M1[relative,apply_to_dm=False]@alpha=0.05",M1_safety_margin,method,0.05,selected,k=0.075,optimal,,300.0,0.006244022864848375,optimal;proven_infeasible,,True,SD-12MO,False,10000,,,135,4750,0.0135,0.4885,0.4967737966131054,0.004998677325053099,0.4777,4750,0.4925,0.5007741854040952,0.0637,0.0637,0.0678620040247188,0.4889,0.4971738591877087,0.0682,0.07249040318463076,0.0641,0.4929,0.0553,0.0592065598549246,0.4827,0.0094,0.01114818785667052,0.0678,0.0062,0.0015,0.0015,0,47,0,T51-DGC-0.50,0.0,in_domain_conditional,T51-DGC-0.50=0.4885;T51-DGC-0.33=0.0637;T51-DGC-0.67=1;T51-CORNKERNEL-0.50=0.0637,1797,0,True,False,False,sensitivity_line_not_an_entry,,637,0,0.0637,0.0637,0.0678620040247188,0.002442177511975737,641,0,0.0641,0.0641,0.06827364044366122,0.002449309902809361
1,SDS2_MAIN9,SD-S2,MAIN9,"main reference nine (linear energy row, Table 5-1 verdicts in every state)","SDS2_MAIN9:M1[relative,apply_to_dm=False]@alpha=0.05",M1_safety_margin,method,0.05,selected,k=0.075,optimal,,300.0,0.006244022864848375,optimal;proven_infeasible,,True,SD-SRC12,False,10000,,,2145,3824,0.2145,0.5969,0.6049967354275632,0.004905205296417267,0.4787,3824,0.6005,0.6085840385943214,0.3793,0.3793,0.38735631222629247,0.6045,0.6125693990336709,0.3922,0.40030332955934206,0.3893,0.6073,0.2327,0.23975749836009053,0.4996,0.2063,0.21306878269020987,0.383,0.0086,0.0035,0.0039,6,57,4,T51-DGC-0.50,0.0,in_domain_conditional,T51-DGC-0.50=0.5969;T51-DGC-0.33=0.3793;T51-DGC-0.67=0.9967;T51-CORNKERNEL-0.50=0.3793,3959,4,True,False,False,sensitivity_line_not_an_entry,,3793,0,0.3793,0.3793,0.38735631222629247,0.004852128502008166,3893,0,0.3893,0.3893,0.3973932757430256,0.004875915401234931
1,SDS2_MAIN9,SD-S2,MAIN9,"main reference nine (linear energy row, Table 5-1 verdicts in every state)",SDS2_MAIN9:M2[N=128]@alpha=0.05,M2_joint_chance_saa,method,0.05,not_met,,,,300.0,,optimal,no value of the declared grid met the validation screen (candidate statuses: optimal); a grid without a solution is not a statement about the whole decision space,False,,,,,,,,,,,,,,,,,,,,,,,,,,,,,,,,,,,,,,,,,,,,,,,,,,,,,,,,,,,
1,SDS2_MAIN9,SD-S2,MAIN9,"main reference nine (linear energy row, Table 5-1 verdicts in every state)",SDS2_MAIN9:M2[N=512]@alpha=0.05,M2_joint_chance_saa,method,0.05,selected,alpha_train=0.0125,optimal,0.0,300.0,33.2526650428772,optimal,,True,SD-H0,False,10000,,,4043,1,0.4043,0.4044,0.41254238457096876,0.0049077554951321685,0.0,0,0.4965,0.5047740477619945,0.4043,0.4044,0.41254238457096876,0.4256,0.43379797673167736,0.5121,0.5203684821004777,0.4256,0.5121,0.2358,0.24288881568370346,0.2358,0.2467,0.2538948770039738,0.4965,0.1913,0.0461,0.0465,0,1451,4,T51-DGC-0.50,0.0,in_domain_conditional,T51-DGC-0.50=0.4044;T51-DGC-0.33=0.4044;T51-DGC-0.67=0.4044;T51-CORNKERNEL-0.50=0.4044,1007,4,True,False,False,alpha=0.05:False,alpha=0.05:False,4043,1,0.4043,0.4044,0.41254238457096876,0.0049077554951321685,4255,1,0.4255,0.4256,0.43379797673167736,0.00494433655812385
1,SDS2_MAIN9,SD-S2,MAIN9,"main reference nine (linear energy row, Table 5-1 verdicts in every state)",SDS2_MAIN9:M2[N=512]@alpha=0.05,M2_joint_chance_saa,method,0.05,selected,alpha_train=0.0125,optimal,0.0,300.0,33.2526650428772,optimal,,True,SD-S2,True,10000,0.0415,0.04493100101179614,277,0,0.0277,0.0277,0.030553582516690478,0.0016411188256796035,0.0,0,0.0415,0.04493100101179614,0.0277,0.0277,0.030553582516690478,0.0277,0.030553582516690478,0.0415,0.04493100101179614,0.0277,0.0415,0.0163,0.018540682867196207,0.0163,0.0115,0.013413604385895356,0.0415,0.0142,0.0,0.0,0,142,0,T51-DGC-0.50,0.0,in_domain_conditional,T51-DGC-0.50=0.0277;T51-DGC-0.33=0.0277;T51-DGC-0.67=0.0277;T51-CORNKERNEL-0.50=0.0277,0,0,True,True,True,alpha=0.05:True,alpha=0.05:True,277,0,0.0277,0.0277,0.030553582516690478,0.0016411188256796035,277,0,0.0277,0.0277,0.030553582516690478,0.0016411188256796035
1,SDS2_MAIN9,SD-S2,MAIN9,"main reference nine (linear energy row, Table 5-1 verdicts in every state)",SDS2_MAIN9:M2[N=512]@alpha=0.05,M2_joint_chance_saa,method,0.05,selected,alpha_train=0.0125,optimal,0.0,300.0,33.2526650428772,optimal,,True,SD-SRC14,False,10000,,,3691,1,0.3691,0.3692,0.3772153255002416,0.004825881888318445,0.0,0,0.4457,0.45393655546194994,0.3691,0.3692,0.3772153255002416,0.3908,0.39889851315382496,0.4631,0.47135901845544226,0.3908,0.4631,0.2155,0.2223740158418384,0.2155,0.2184,0.22530613844551756,0.4457,0.1276,0.0121,0.0125,0,1154,4,T51-DGC-0.50,0.0,in_domain_conditional,T51-DGC-0.50=0.3692;T51-DGC-0.33=0.3692;T51-DGC-0.67=0.3692;T51-CORNKERNEL-0.50=0.3692,330,4,True,False,False,alpha=0.05:False,alpha=0.05:False,3691,1,0.3691,0.3692,0.3772153255002416,0.004825881888318445,3907,1,0.3907,0.3908,0.39889851315382496,0.0048792966706278475
1,SDS2_MAIN9,SD-S2,MAIN9,"main reference nine (linear energy row, Table 5-1 verdicts in every state)",SDS2_MAIN9:M2[N=512]@alpha=0.05,M2_joint_chance_saa,method,0.05,selected,alpha_train=0.0125,optimal,0.0,300.0,33.2526650428772,optimal,,True,SD-12MO,False,10000,,,288,0,0.0288,0.0288,0.03170478524860081,0.0016724401334576972,0.0,0,0.0574,0.06137250949187084,0.0288,0.0288,0.03170478524860081,0.0288,0.03170478524860081,0.0574,0.06137250949187084,0.0288,0.0574,0.0175,0.019814234143090685,0.0175,0.0115,0.013413604385895356,0.0574,0.0299,0.0001,0.0001,0,298,0,T51-DGC-0.50,0.0,in_domain_conditional,T51-DGC-0.50=0.0288;T51-DGC-0.33=0.0288;T51-DGC-0.67=0.0288;T51-CORNKERNEL-0.50=0.0288,3,0,True,True,True,alpha=0.05:True,alpha=0.05:True,288,0,0.0288,0.0288,0.03170478524860081,0.0016724401334576972,288,0,0.0288,0.0288,0.03170478524860081,0.0016724401334576972
1,SDS2_MAIN9,SD-S2,MAIN9,"main reference nine (linear energy row, Table 5-1 verdicts in every state)",SDS2_MAIN9:M2[N=512]@alpha=0.05,M2_joint_chance_saa,method,0.05,selected,alpha_train=0.0125,optimal,0.0,300.0,33.2526650428772,optimal,,True,SD-SRC12,False,10000,,,3762,1,0.3762,0.3763,0.3843445238630594,0.004844567163328422,0.0,0,0.4594,0.46765508525265154,0.3762,0.3763,0.3843445238630594,0.3983,0.40642350901744806,0.4766,0.484869524425539,0.3983,0.4766,0.2227,0.22965286842547472,0.2227,0.2232,0.2301582332418144,0.4594,0.1423,0.0171,0.0175,0,1251,4,T51-DGC-0.50,0.0,in_domain_conditional,T51-DGC-0.50=0.3763;T51-DGC-0.33=0.3763;T51-DGC-0.67=0.3763;T51-CORNKERNEL-0.50=0.3763,684,4,True,False,False,alpha=0.05:False,alpha=0.05:False,3762,1,0.3762,0.3763,0.3843445238630594,0.004844567163328422,3982,1,0.3982,0.3983,0.40642350901744806,0.004895478628285492
1,SDS2_MAIN9,SD-S2,MAIN9,"main reference nine (linear energy row, Table 5-1 verdicts in every state)",SDS2_MAIN9:M2[N=1024]@alpha=0.05,M2_joint_chance_saa,method,0.05,selected,alpha_train=0.025,feasible_time_limit,0.0024792011784714307,300.0,301.413896269165,feasible_time_limit;optimal,,True,SD-H0,False,10000,,,3988,2,0.3988,0.399,0.4071257411029298,0.004896927608204965,0.0,0,0.4689,0.47716427070837675,0.3988,0.399,0.4071257411029298,0.4724,0.480666901597405,0.5307,0.5389513709932177,0.4724,0.5307,0.2366,0.24369681346638153,0.2366,0.2948,0.3023933465454071,0.4689,0.1675,0.0647,0.0651,4,1031,4,T51-DGC-0.50,0.0,in_domain_conditional,T51-DGC-0.50=0.399;T51-DGC-0.33=0.399;T51-DGC-0.67=0.399;T51-CORNKERNEL-0.50=0.399,1007,4,True,False,False,alpha=0.05:False,alpha=0.05:False,3988,2,0.3988,0.399,0.4071257411029298,0.004896927608204965,4723,1,0.4723,0.4724,0.480666901597405,0.004992376588359496
1,SDS2_MAIN9,SD-S2,MAIN9,"main reference nine (linear energy row, Table 5-1 verdicts in every state)",SDS2_MAIN9:M2[N=1024]@alpha=0.05,M2_joint_chance_saa,method,0.05,selected,alpha_train=0.025,feasible_time_limit,0.0024792011784714307,300.0,301.413896269165,feasible_time_limit;optimal,,True,SD-S2,True,10000,0.0388,0.042127654151065494,221,0,0.0221,0.0221,0.024673954784187043,0.0014700880925985354,0.0,0,0.0388,0.042127654151065494,0.0221,0.0221,0.024673954784187043,0.0271,0.029925185179415472,0.0436,0.04710875591864354,0.0271,0.0436,0.0181,0.020450013698746827,0.0181,0.0092,0.010931484621410723,0.0388,0.0179,0.0006,0.0006,0,173,0,T51-DGC-0.50,0.0,in_domain_conditional,T51-DGC-0.50=0.0221;T51-DGC-0.33=0.0221;T51-DGC-0.67=0.0221;T51-CORNKERNEL-0.50=0.0221,0,0,True,True,True,alpha=0.05:True,alpha=0.05:True,221,0,0.0221,0.0221,0.024673954784187043,0.0014700880925985354,271,0,0.0271,0.0271,0.029925185179415472,0.0016237484411077967
1,SDS2_MAIN9,SD-S2,MAIN9,"main reference nine (linear energy row, Table 5-1 verdicts in every state)",SDS2_MAIN9:M2[N=1024]@alpha=0.05,M2_joint_chance_saa,method,0.05,selected,alpha_train=0.025,feasible_time_limit,0.0024792011784714307,300.0,301.413896269165,feasible_time_limit;optimal,,True,SD-SRC14,False,10000,,,3900,2,0.39,0.3902,0.3982964277539637,0.00487794997924333,0.0,0,0.4573,0.4655526506489806,0.39,0.3902,0.3982964277539637,0.4651,0.4733609554472808,0.5209,0.5291618087522815,0.4651,0.5209,0.2331,0.2401615685700491,0.2331,0.2863,0.2938306921276328,0.4573,0.1542,0.0543,0.0547,3,1001,4,T51-DGC-0.50,0.0,in_domain_conditional,T51-DGC-0.50=0.3902;T51-DGC-0.33=0.3902;T51-DGC-0.67=0.3902;T51-CORNKERNEL-0.50=0.3902,330,4,True,False,False,alpha=0.05:False,alpha=0.05:False,3900,2,0.39,0.3902,0.3982964277539637,0.00487794997924333,4650,1,0.465,0.4651,0.4733609554472808,0.004987805028266442
1,SDS2_MAIN9,SD-S2,MAIN9,"main reference nine (linear energy row, Table 5-1 verdicts in every state)",SDS2_MAIN9:M2[N=1024]@alpha=0.05,M2_joint_chance_saa,method,0.05,selected,alpha_train=0.025,feasible_time_limit,0.0024792011784714307,300.0,301.413896269165,feasible_time_limit;optimal,,True,SD-12MO,False,10000,,,229,0,0.0229,0.0229,0.025516072766601,0.0014958472515601317,0.0,0,0.0425,0.04596830167444219,0.0229,0.0229,0.025516072766601,0.0277,0.030553582516690478,0.047,0.050630199241840076,0.0277,0.047,0.0184,0.02076766868516183,0.0184,0.0095,0.011256471282896146,0.0425,0.0212,0.001,0.001,0,202,0,T51-DGC-0.50,0.0,in_domain_conditional,T51-DGC-0.50=0.0229;T51-DGC-0.33=0.0229;T51-DGC-0.67=0.0229;T51-CORNKERNEL-0.50=0.0229,3,0,True,True,True,alpha=0.05:True,alpha=0.05:True,229,0,0.0229,0.0229,0.025516072766601,0.0014958472515601317,277,0,0.0277,0.0277,0.030553582516690478,0.0016411188256796035
1,SDS2_MAIN9,SD-S2,MAIN9,"main reference nine (linear energy row, Table 5-1 verdicts in every state)",SDS2_MAIN9:M2[N=1024]@alpha=0.05,M2_joint_chance_saa,method,0.05,selected,alpha_train=0.025,feasible_time_limit,0.0024792011784714307,300.0,301.413896269165,feasible_time_limit;optimal,,True,SD-SRC12,False,10000,,,3929,2,0.3929,0.3931,0.4012063892533252,0.0048843872696582935,0.0,0,0.461,0.46925684185589284,0.3929,0.3931,0.4012063892533252,0.4673,0.47556293307341835,0.5246,0.532858240592188,0.4673,0.5246,0.2352,0.24228279478577724,0.2352,0.2878,0.2953419800416965,0.461,0.1568,0.0557,0.0561,2,1012,4,T51-DGC-0.50,0.0,in_domain_conditional,T51-DGC-0.50=0.3931;T51-DGC-0.33=0.3931;T51-DGC-0.67=0.3931;T51-CORNKERNEL-0.50=0.3931,684,4,True,False,False,alpha=0.05:False,alpha=0.05:False,3929,2,0.3929,0.3931,0.4012063892533252,0.0048843872696582935,4672,1,0.4672,0.4673,0.47556293307341835,0.004989295641671277
1,SDS2_MAIN9,SD-S2,MAIN9,"main reference nine (linear energy row, Table 5-1 verdicts in every state)",SDS2_MAIN9:M3a[factory box]@alpha=0.05,M3a_box_robust,method,0.05,selected,k_box=1.5,optimal,,300.0,0.006467844825237989,optimal;proven_infeasible,,True,SD-H0,False,10000,,,3879,1,0.3879,0.388,0.3960886721162605,0.004872945721019269,0.0,0,0.4129,0.4210665304988697,0.3879,0.388,0.3960886721162605,0.4221,0.4302898608804398,0.4423,0.4505309856075983,0.4221,0.4423,0.2626,0.2699387258585637,0.2626,0.2224,0.2293496426898325,0.4129,0.0819,0.0477,0.0481,7,349,4,T51-DGC-0.50,0.0,in_domain_conditional,T51-DGC-0.50=0.388;T51-DGC-0.33=0.388;T51-DGC-0.67=0.4184;T51-CORNKERNEL-0.50=0.388,1007,4,True,False,False,alpha=0.05:False,alpha=0.05:False,3879,1,0.3879,0.388,0.3960886721162605,0.004872945721019269,4220,1,0.422,0.4221,0.4302898608804398,0.004938943105564185
1,SDS2_MAIN9,SD-S2,MAIN9,"main reference nine (linear energy row, Table 5-1 verdicts in every state)",SDS2_MAIN9:M3a[factory box]@alpha=0.05,M3a_box_robust,method,0.05,selected,k_box=1.5,optimal,,300.0,0.006467844825237989,optimal;proven_infeasible,,True,SD-S2,True,10000,0.0033,0.004410052749836001,33,0,0.0033,0.0033,0.004410052749836001,0.0005735076285456019,0.0,0,0.0033,0.004410052749836001,0.0033,0.0033,0.004410052749836001,0.0037,0.0048647055939070516,0.0037,0.0048647055939070516,0.0037,0.0037,0.0008,0.0014430005782821718,0.0008,0.0029,0.003952012538554296,0.0033,0.0,0.0,0.0,0,0,0,T51-DGC-0.50,0.0,in_domain_conditional,T51-DGC-0.50=0.0033;T51-DGC-0.33=0.0033;T51-DGC-0.67=0.0033;T51-CORNKERNEL-0.50=0.0033,0,0,True,True,True,alpha=0.05:True,alpha=0.05:True,33,0,0.0033,0.0033,0.004410052749836001,0.0005735076285456019,37,0,0.0037,0.0037,0.0048647055939070516,0.0006071498991188255
1,SDS2_MAIN9,SD-S2,MAIN9,"main reference nine (linear energy row, Table 5-1 verdicts in every state)",SDS2_MAIN9:M3a[factory box]@alpha=0.05,M3a_box_robust,method,0.05,selected,k_box=1.5,optimal,,300.0,0.006467844825237989,optimal;proven_infeasible,,True,SD-SRC14,False,10000,,,2403,2,0.2403,0.2405,0.24763531411898054,0.004273871196000179,0.0,0,0.2448,0.25197683579964303,0.2403,0.2405,0.24763531411898054,0.2794,0.28687747060079927,0.2826,0.29010241948760696,0.2794,0.2826,0.1223,0.12782058297863047,0.1223,0.1778,0.18420818300244177,0.2448,0.006,0.0006,0.001,0,54,4,T51-DGC-0.50,0.0,in_domain_conditional,T51-DGC-0.50=0.2405;T51-DGC-0.33=0.2405;T51-DGC-0.67=0.2405;T51-CORNKERNEL-0.50=0.2405,330,4,True,False,False,alpha=0.05:False,alpha=0.05:False,2403,2,0.2403,0.2405,0.24763531411898054,0.004273871196000179,2792,2,0.2792,0.2794,0.28687747060079927,0.004487044015830466
1,SDS2_MAIN9,SD-S2,MAIN9,"main reference nine (linear energy row, Table 5-1 verdicts in every state)",SDS2_MAIN9:M3a[factory box]@alpha=0.05,M3a_box_robust,method,0.05,selected,k_box=1.5,optimal,,300.0,0.006467844825237989,optimal;proven_infeasible,,True,SD-12MO,False,10000,,,153,0,0.0153,0.0153,0.017477187884157933,0.0012274326865453764,0.0,0,0.0166,0.01885933054236461,0.0153,0.0153,0.017477187884157933,0.0164,0.018646918633483632,0.0177,0.020026231565695912,0.0164,0.0177,0.0127,0.014701163628579992,0.0127,0.0037,0.0048647055939070516,0.0166,0.0013,0.0,0.0,0,13,0,T51-DGC-0.50,0.0,in_domain_conditional,T51-DGC-0.50=0.0153;T51-DGC-0.33=0.0153;T51-DGC-0.67=0.0161;T51-CORNKERNEL-0.50=0.0153,3,0,True,True,True,alpha=0.05:True,alpha=0.05:True,153,0,0.0153,0.0153,0.017477187884157933,0.0012274326865453764,164,0,0.0164,0.0164,0.018646918633483632,0.0012700803124212265
1,SDS2_MAIN9,SD-S2,MAIN9,"main reference nine (linear energy row, Table 5-1 verdicts in every state)",SDS2_MAIN9:M3a[factory box]@alpha=0.05,M3a_box_robust,method,0.05,selected,k_box=1.5,optimal,,300.0,0.006467844825237989,optimal;proven_infeasible,,True,SD-SRC12,False,10000,,,3267,1,0.3267,0.3268,0.3346017201576046,0.004690434521448945,0.0,0,0.336,0.3438539298187191,0.3267,0.3268,0.3346017201576046,0.363,0.3709883209245901,0.3704,0.37842038932606914,0.363,0.3704,0.2205,0.22742909328045174,0.2205,0.1838,0.19028871984027754,0.336,0.0155,0.0038,0.0042,1,118,4,T51-DGC-0.50,0.0,in_domain_conditional,T51-DGC-0.50=0.3268;T51-DGC-0.33=0.3268;T51-DGC-0.67=0.3418;T51-CORNKERNEL-0.50=0.3268,684,4,True,False,False,alpha=0.05:False,alpha=0.05:False,3267,1,0.3267,0.3268,0.3346017201576046,0.004690434521448945,3629,1,0.3629,0.363,0.3709883209245901,0.004808648458766766
1,SDS2_MAIN9,SD-S2,MAIN9,"main reference nine (linear energy row, Table 5-1 verdicts in every state)","SDS2_MAIN9:M3b[factory box k=1.5, Gamma selected]@alpha=0.05",M3b_budget_robust,method,0.05,selected,gamma=3,optimal,,300.0,0.005251139402389526,optimal,,True,SD-H0,False,10000,,,4742,1,0.4742,0.4743,0.4825681602627899,0.0049933907317573295,0.0,0,0.4963,0.504574067144351,0.4742,0.4743,0.4825681602627899,0.506,0.5142716116187158,0.525,0.533257827784745,0.506,0.525,0.2976,0.30521329565287864,0.2976,0.2984,0.3060189333412634,0.4963,0.0705,0.033,0.0334,5,380,4,T51-DGC-0.50,0.0,in_domain_conditional,T51-DGC-0.50=0.4743;T51-DGC-0.33=0.4743;T51-DGC-0.67=0.4743;T51-CORNKERNEL-0.50=0.4743,1007,4,True,False,False,alpha=0.05:False,alpha=0.05:False,4742,1,0.4742,0.4743,0.4825681602627899,0.0049933907317573295,5059,1,0.5059,0.506,0.5142716116187158,0.004999639987039067
1,SDS2_MAIN9,SD-S2,MAIN9,"main reference nine (linear energy row, Table 5-1 verdicts in every state)","SDS2_MAIN9:M3b[factory box k=1.5, Gamma selected]@alpha=0.05",M3b_budget_robust,method,0.05,selected,gamma=3,optimal,,300.0,0.005251139402389526,optimal,,True,SD-S2,True,10000,0.0239,0.026567624122528156,239,0,0.0239,0.0239,0.026567624122528156,0.0015273765089197882,0.0,0,0.0239,0.026567624122528156,0.0239,0.0239,0.026567624122528156,0.0244,0.02709296451800105,0.0244,0.02709296451800105,0.0244,0.0244,0.0081,0.009736105605812237,0.0081,0.0164,0.018646918633483632,0.0239,0.0,0.0,0.0,0,0,0,T51-DGC-0.50,0.0,in_domain_conditional,T51-DGC-0.50=0.0239;T51-DGC-0.33=0.0239;T51-DGC-0.67=0.0239;T51-CORNKERNEL-0.50=0.0239,0,0,True,True,True,alpha=0.05:True,alpha=0.05:True,239,0,0.0239,0.0239,0.026567624122528156,0.0015273765089197882,244,0,0.0244,0.0244,0.02709296451800105,0.0015428752379891253
1,SDS2_MAIN9,SD-S2,MAIN9,"main reference nine (linear energy row, Table 5-1 verdicts in every state)","SDS2_MAIN9:M3b[factory box k=1.5, Gamma selected]@alpha=0.05",M3b_budget_robust,method,0.05,selected,gamma=3,optimal,,300.0,0.005251139402389526,optimal,,True,SD-SRC14,False,10000,,,4119,1,0.4119,0.412,0.42016409208063993,0.004921950832749145,0.0,0,0.4234,0.431592924062769,0.4119,0.412,0.42016409208063993,0.4465,0.45473780973685646,0.4563,0.4645514397816,0.4465,0.4563,0.2329,0.23995953455363705,0.2329,0.2745,0.28193836293951596,0.4234,0.0217,0.0037,0.0041,0,180,4,T51-DGC-0.50,0.0,in_domain_conditional,T51-DGC-0.50=0.412;T51-DGC-0.33=0.412;T51-DGC-0.67=0.412;T51-CORNKERNEL-0.50=0.412,330,4,True,False,False,alpha=0.05:False,alpha=0.05:False,4119,1,0.4119,0.412,0.42016409208063993,0.004921950832749145,4464,1,0.4464,0.4465,0.45473780973685646,0.0049712951028881795
1,SDS2_MAIN9,SD-S2,MAIN9,"main reference nine (linear energy row, Table 5-1 verdicts in every state)","SDS2_MAIN9:M3b[factory box k=1.5, Gamma selected]@alpha=0.05",M3b_budget_robust,method,0.05,selected,gamma=3,optimal,,300.0,0.005251139402389526,optimal,,True,SD-12MO,False,10000,,,311,0,0.0311,0.0311,0.03410848623832179,0.0017358798921584407,0.0,0,0.0321,0.03515225343885038,0.0311,0.0311,0.03410848623832179,0.0319,0.03494356095740912,0.0329,0.03598672673025674,0.0319,0.0329,0.0158,0.018009198640609268,0.0158,0.0164,0.018646918633483632,0.0321,0.001,0.0,0.0,0,10,0,T51-DGC-0.50,0.0,in_domain_conditional,T51-DGC-0.50=0.0311;T51-DGC-0.33=0.0311;T51-DGC-0.67=0.0311;T51-CORNKERNEL-0.50=0.0311,3,0,True,True,True,alpha=0.05:True,alpha=0.05:True,311,0,0.0311,0.0311,0.03410848623832179,0.0017358798921584407,319,0,0.0319,0.0319,0.03494356095740912,0.0017573386127892369
1,SDS2_MAIN9,SD-S2,MAIN9,"main reference nine (linear energy row, Table 5-1 verdicts in every state)","SDS2_MAIN9:M3b[factory box k=1.5, Gamma selected]@alpha=0.05",M3b_budget_robust,method,0.05,selected,gamma=3,optimal,,300.0,0.005251139402389526,optimal,,True,SD-SRC12,False,10000,,,4495,1,0.4495,0.4496,0.4578424678703485,0.004974533545971924,0.0,0,0.4624,0.47065830917768825,0.4495,0.4496,0.4578424678703485,0.4829,0.49117236742390447,0.4934,0.5016742003265071,0.4829,0.4934,0.2821,0.28959855174039306,0.2821,0.2789,0.28637353037300867,0.4624,0.0292,0.0077,0.0081,0,215,4,T51-DGC-0.50,0.0,in_domain_conditional,T51-DGC-0.50=0.4496;T51-DGC-0.33=0.4496;T51-DGC-0.67=0.4496;T51-CORNKERNEL-0.50=0.4496,684,4,True,False,False,alpha=0.05:False,alpha=0.05:False,4495,1,0.4495,0.4496,0.4578424678703485,0.004974533545971924,4828,1,0.4828,0.4829,0.49117236742390447,0.004997075044463511
1,SDS2_MAIN9,SD-S2,MAIN9,"main reference nine (linear energy row, Table 5-1 verdicts in every state)","SDS2_MAIN9:M1[relative,apply_to_dm=True]@alpha=0.1",M1_safety_margin,method,0.1,not_met,,,,300.0,,optimal;proven_infeasible,"no value of the declared grid met the validation screen (candidate statuses: optimal, proven_infeasible); a grid without a solution is not a statement about the whole decision space",False,,,,,,,,,,,,,,,,,,,,,,,,,,,,,,,,,,,,,,,,,,,,,,,,,,,,,,,,,,,
1,SDS2_MAIN9,SD-S2,MAIN9,"main reference nine (linear energy row, Table 5-1 verdicts in every state)","SDS2_MAIN9:M1[relative,apply_to_dm=False]@alpha=0.1",M1_safety_margin,method,0.1,selected,k=0.075,optimal,,300.0,0.007998643908649683,optimal;proven_infeasible,,True,SD-H0,False,10000,,,3167,3769,0.3167,0.6936,0.7011903840827054,0.004609978741816495,0.4667,3769,0.7137,0.7211385896618381,0.4908,0.4908,0.49907408450301954,0.7049,0.7124071970117758,0.5199,0.5281626956046059,0.5033,0.7208,0.3374,0.3452615836227758,0.581,0.2775,0.284962437060103,0.5116,0.1231,0.0891,0.0895,7,347,4,T51-DGC-0.50,0.0,in_domain_conditional,T51-DGC-0.50=0.6936;T51-DGC-0.33=0.4908;T51-DGC-0.67=0.997;T51-CORNKERNEL-0.50=0.4908,4171,4,True,False,False,sensitivity_line_not_an_entry,,4908,0,0.4908,0.4908,0.49907408450301954,0.004999153528348574,5033,0,0.5033,0.5033,0.5115726059462143,0.004999891098814053
1,SDS2_MAIN9,SD-S2,MAIN9,"main reference nine (linear energy row, Table 5-1 verdicts in every state)","SDS2_MAIN9:M1[relative,apply_to_dm=False]@alpha=0.1",M1_safety_margin,method,0.1,selected,k=0.075,optimal,,300.0,0.007998643908649683,optimal;proven_infeasible,,True,SD-S2,True,10000,0.0067,0.008204600723855685,65,4832,0.0065,0.4897,0.49797396853813364,0.0049989389874252315,0.4859,4832,0.4897,0.49797396853813364,0.0067,0.0067,0.008204600723855685,0.4897,0.49797396853813364,0.0067,0.008204600723855685,0.0067,0.4897,0.0003,0.0007751813790100997,0.486,0.0064,0.00787465657842059,0.0067,0.0,0.0,0.0,0,0,0,T51-DGC-0.50,0.0,in_domain_conditional,T51-DGC-0.50=0.4897;T51-DGC-0.33=0.0067;T51-DGC-0.67=1;T51-CORNKERNEL-0.50=0.0067,1794,0,True,True,True,sensitivity_line_not_an_entry,,67,0,0.0067,0.0067,0.008204600723855685,0.0008157885755512883,67,0,0.0067,0.0067,0.008204600723855685,0.0008157885755512883
1,SDS2_MAIN9,SD-S2,MAIN9,"main reference nine (linear energy row, Table 5-1 verdicts in every state)","SDS2_MAIN9:M1[relative,apply_to_dm=False]@alpha=0.1",M1_safety_margin,method,0.1,selected,k=0.075,optimal,,300.0,0.007998643908649683,optimal;proven_infeasible,,True,SD-SRC14,False,10000,,,2013,3951,0.2013,0.5964,0.6044984631241845,0.004906190375433876,0.4907,3949,0.5963,0.6043988076188782,0.2025,0.2027,0.20942618919936745,0.6003,0.6083847558522784,0.2097,0.2165082714138703,0.2099,0.6002,0.0187,0.02108517212482378,0.5009,0.1949,0.20153106839760637,0.2025,0.0,0.0,0.0004,0,0,4,T51-DGC-0.50,0.0,in_domain_conditional,T51-DGC-0.50=0.5964;T51-DGC-0.33=0.2027;T51-DGC-0.67=1;T51-CORNKERNEL-0.50=0.2027,3712,4,True,False,False,sensitivity_line_not_an_entry,,2025,2,0.2025,0.2027,0.20942618919936745,0.004020108331873657,2097,2,0.2097,0.2099,0.2167105722252208,0.004072370194370841
1,SDS2_MAIN9,SD-S2,MAIN9,"main reference nine (linear energy row, Table 5-1 verdicts in every state)","SDS2_MAIN9:M1[relative,apply_to_dm=False]@alpha=0.1",M1_safety_margin,method,0.1,selected,k=0.075,optimal,,300.0,0.007998643908649683,optimal;proven_infeasible,,True,SD-12MO,False,10000,,,135,4750,0.0135,0.4885,0.4967737966131054,0.004998677325053099,0.4777,4750,0.4925,0.5007741854040952,0.0637,0.0637,0.0678620040247188,0.4889,0.4971738591877087,0.0682,0.07249040318463076,0.0641,0.4929,0.0553,0.0592065598549246,0.4827,0.0094,0.01114818785667052,0.0678,0.0062,0.0015,0.0015,0,47,0,T51-DGC-0.50,0.0,in_domain_conditional,T51-DGC-0.50=0.4885;T51-DGC-0.33=0.0637;T51-DGC-0.67=1;T51-CORNKERNEL-0.50=0.0637,1797,0,True,True,True,sensitivity_line_not_an_entry,,637,0,0.0637,0.0637,0.0678620040247188,0.002442177511975737,641,0,0.0641,0.0641,0.06827364044366122,0.002449309902809361
1,SDS2_MAIN9,SD-S2,MAIN9,"main reference nine (linear energy row, Table 5-1 verdicts in every state)","SDS2_MAIN9:M1[relative,apply_to_dm=False]@alpha=0.1",M1_safety_margin,method,0.1,selected,k=0.075,optimal,,300.0,0.007998643908649683,optimal;proven_infeasible,,True,SD-SRC12,False,10000,,,2145,3824,0.2145,0.5969,0.6049967354275632,0.004905205296417267,0.4787,3824,0.6005,0.6085840385943214,0.3793,0.3793,0.38735631222629247,0.6045,0.6125693990336709,0.3922,0.40030332955934206,0.3893,0.6073,0.2327,0.23975749836009053,0.4996,0.2063,0.21306878269020987,0.383,0.0086,0.0035,0.0039,6,57,4,T51-DGC-0.50,0.0,in_domain_conditional,T51-DGC-0.50=0.5969;T51-DGC-0.33=0.3793;T51-DGC-0.67=0.9967;T51-CORNKERNEL-0.50=0.3793,3959,4,True,False,False,sensitivity_line_not_an_entry,,3793,0,0.3793,0.3793,0.38735631222629247,0.004852128502008166,3893,0,0.3893,0.3893,0.3973932757430256,0.004875915401234931
1,SDS2_MAIN9,SD-S2,MAIN9,"main reference nine (linear energy row, Table 5-1 verdicts in every state)",SDS2_MAIN9:M2[N=128]@alpha=0.1,M2_joint_chance_saa,method,0.1,not_met,,,,300.0,,optimal,no value of the declared grid met the validation screen (candidate statuses: optimal); a grid without a solution is not a statement about the whole decision space,False,,,,,,,,,,,,,,,,,,,,,,,,,,,,,,,,,,,,,,,,,,,,,,,,,,,,,,,,,,,
1,SDS2_MAIN9,SD-S2,MAIN9,"main reference nine (linear energy row, Table 5-1 verdicts in every state)",SDS2_MAIN9:M2[N=512]@alpha=0.1,M2_joint_chance_saa,method,0.1,selected,alpha_train=0.025,optimal,8.02025888956642e-05,300.0,23.295610655564815,feasible_time_limit;optimal,,True,SD-H0,False,10000,,,4812,2,0.4812,0.4814,0.48967180920175885,0.004996539202287919,0.0,0,0.5401,0.5483383741675463,0.4812,0.4814,0.48967180920175885,0.5404,0.5486379111196524,0.5904,0.5985185180509565,0.5404,0.5904,0.2991,0.30672384378788464,0.2991,0.3327,0.3405355857676813,0.5401,0.1816,0.0889,0.0893,12,938,4,T51-DGC-0.50,0.0,in_domain_conditional,T51-DGC-0.50=0.4814;T51-DGC-0.33=0.4814;T51-DGC-0.67=0.4814;T51-CORNKERNEL-0.50=0.4814,1007,4,True,False,False,alpha=0.1:False,alpha=0.1:False,4812,2,0.4812,0.4814,0.48967180920175885,0.004996539202287919,5403,1,0.5403,0.5404,0.5486379111196524,0.004983651673221154
1,SDS2_MAIN9,SD-S2,MAIN9,"main reference nine (linear energy row, Table 5-1 verdicts in every state)",SDS2_MAIN9:M2[N=512]@alpha=0.1,M2_joint_chance_saa,method,0.1,selected,alpha_train=0.025,optimal,8.02025888956642e-05,300.0,23.295610655564815,feasible_time_limit;optimal,,True,SD-S2,True,10000,0.0672,0.07146233597830295,450,0,0.045,0.045,0.04855940277364144,0.002073041244162788,0.0,0,0.0672,0.07146233597830295,0.045,0.045,0.04855940277364144,0.0483,0.05197528176116812,0.0704,0.07475125614904791,0.0483,0.0704,0.0305,0.03348185218489777,0.0305,0.0181,0.020450013698746827,0.0672,0.0251,0.0019,0.0019,0,232,0,T51-DGC-0.50,0.0,in_domain_conditional,T51-DGC-0.50=0.045;T51-DGC-0.33=0.045;T51-DGC-0.67=0.045;T51-CORNKERNEL-0.50=0.045,0,0,True,True,True,alpha=0.1:True,alpha=0.1:True,450,0,0.045,0.045,0.04855940277364144,0.002073041244162788,483,0,0.0483,0.0483,0.05197528176116812,0.0021439941697681923
1,SDS2_MAIN9,SD-S2,MAIN9,"main reference nine (linear energy row, Table 5-1 verdicts in every state)",SDS2_MAIN9:M2[N=512]@alpha=0.1,M2_joint_chance_saa,method,0.1,selected,alpha_train=0.025,optimal,8.02025888956642e-05,300.0,23.295610655564815,feasible_time_limit;optimal,,True,SD-SRC14,False,10000,,,4682,2,0.4682,0.4684,0.4766638617973484,0.004990004408815688,0.0,0,0.5272,0.5354554629040306,0.4682,0.4684,0.4766638617973484,0.5291,0.5373532918290471,0.5789,0.5870534844385219,0.5291,0.5789,0.291,0.29856572840178275,0.291,0.3231,0.33087977609355856,0.5272,0.1708,0.0758,0.0762,5,954,4,T51-DGC-0.50,0.0,in_domain_conditional,T51-DGC-0.50=0.4684;T51-DGC-0.33=0.4684;T51-DGC-0.67=0.4684;T51-CORNKERNEL-0.50=0.4684,330,4,True,False,False,alpha=0.1:False,alpha=0.1:False,4682,2,0.4682,0.4684,0.4766638617973484,0.004990004408815688,5290,1,0.529,0.5291,0.5373532918290471,0.004991524716957735
1,SDS2_MAIN9,SD-S2,MAIN9,"main reference nine (linear energy row, Table 5-1 verdicts in every state)",SDS2_MAIN9:M2[N=512]@alpha=0.1,M2_joint_chance_saa,method,0.1,selected,alpha_train=0.025,optimal,8.02025888956642e-05,300.0,23.295610655564815,feasible_time_limit;optimal,,True,SD-12MO,False,10000,,,463,0,0.0463,0.0463,0.049905622903108425,0.00210134028657902,0.0,0,0.071,0.07536764421637747,0.0463,0.0463,0.049905622903108425,0.0496,0.05331966063582698,0.0741,0.0785509479214917,0.0496,0.0741,0.031,0.034004067027148574,0.031,0.0188,0.021190973545340403,0.071,0.0284,0.0025,0.0025,0,259,0,T51-DGC-0.50,0.0,in_domain_conditional,T51-DGC-0.50=0.0463;T51-DGC-0.33=0.0463;T51-DGC-0.67=0.0463;T51-CORNKERNEL-0.50=0.0463,3,0,True,True,True,alpha=0.1:True,alpha=0.1:True,463,0,0.0463,0.0463,0.049905622903108425,0.00210134028657902,496,0,0.0496,0.0496,0.05331966063582698,0.002171171112556539
1,SDS2_MAIN9,SD-S2,MAIN9,"main reference nine (linear energy row, Table 5-1 verdicts in every state)",SDS2_MAIN9:M2[N=512]@alpha=0.1,M2_joint_chance_saa,method,0.1,selected,alpha_train=0.025,optimal,8.02025888956642e-05,300.0,23.295610655564815,feasible_time_limit;optimal,,True,SD-SRC12,False,10000,,,4730,2,0.473,0.4732,0.48146744609553205,0.00499281243388934,0.0,0,0.5317,0.5399501274724572,0.473,0.4732,0.48146744609553205,0.5332,0.5414482001425536,0.583,0.5911415391050797,0.5332,0.583,0.2959,0.3035012240866593,0.2959,0.3252,0.33299229804002467,0.5317,0.1722,0.0784,0.0788,12,949,4,T51-DGC-0.50,0.0,in_domain_conditional,T51-DGC-0.50=0.4732;T51-DGC-0.33=0.4732;T51-DGC-0.67=0.4732;T51-CORNKERNEL-0.50=0.4732,684,4,True,False,False,alpha=0.1:False,alpha=0.1:False,4730,2,0.473,0.4732,0.48146744609553205,0.00499281243388934,5331,1,0.5331,0.5332,0.5414482001425536,0.004988965423812837
1,SDS2_MAIN9,SD-S2,MAIN9,"main reference nine (linear energy row, Table 5-1 verdicts in every state)",SDS2_MAIN9:M2[N=1024]@alpha=0.1,M2_joint_chance_saa,method,0.1,selected,alpha_train=0.075,feasible_time_limit,0.021466577634136567,300.0,301.6688723489642,feasible_time_limit,,True,SD-H0,False,10000,,,4919,2,0.4919,0.4921,0.5003741702176336,0.004999375861045057,0.0,0,0.5633,0.57149370432459,0.4919,0.4921,0.5003741702176336,0.5629,0.57109462731742,0.6211,0.6291025963014245,0.5629,0.6211,0.2861,0.29362917951709305,0.2861,0.3686,0.37661277384227765,0.5633,0.2182,0.1084,0.1088,12,1109,4,T51-DGC-0.50,0.0,in_domain_conditional,T51-DGC-0.50=0.4921;T51-DGC-0.33=0.4921;T51-DGC-0.67=0.4921;T51-CORNKERNEL-0.50=0.4921,1007,4,True,False,False,alpha=0.1:False,alpha=0.1:False,4919,2,0.4919,0.4921,0.5003741702176336,0.004999375861045057,5628,1,0.5628,0.5629,0.57109462731742,0.004960278117202704
1,SDS2_MAIN9,SD-S2,MAIN9,"main reference nine (linear energy row, Table 5-1 verdicts in every state)",SDS2_MAIN9:M2[N=1024]@alpha=0.1,M2_joint_chance_saa,method,0.1,selected,alpha_train=0.075,feasible_time_limit,0.021466577634136567,300.0,301.6688723489642,feasible_time_limit,,True,SD-S2,True,10000,0.0954,0.10036963592697107,512,0,0.0512,0.0512,0.05497335322352816,0.002204054445788488,0.0,0,0.0954,0.10036963592697107,0.0512,0.0512,0.05497335322352816,0.0572,0.0611662917239849,0.1007,0.10578627206444303,0.0572,0.1007,0.0322,0.035256588439322605,0.0322,0.0255,0.028247743956640592,0.0954,0.0505,0.0042,0.0042,0,463,0,T51-DGC-0.50,0.0,in_domain_conditional,T51-DGC-0.50=0.0512;T51-DGC-0.33=0.0512;T51-DGC-0.67=0.0512;T51-CORNKERNEL-0.50=0.0512,0,0,True,True,True,alpha=0.1:True,alpha=0.1:True,512,0,0.0512,0.0512,0.05497335322352816,0.002204054445788488,572,0,0.0572,0.0572,0.0611662917239849,0.0023222437425903424
1,SDS2_MAIN9,SD-S2,MAIN9,"main reference nine (linear energy row, Table 5-1 verdicts in every state)",SDS2_MAIN9:M2[N=1024]@alpha=0.1,M2_joint_chance_saa,method,0.1,selected,alpha_train=0.075,feasible_time_limit,0.021466577634136567,300.0,301.6688723489642,feasible_time_limit,,True,SD-SRC14,False,10000,,,4876,2,0.4876,0.4878,0.49607367443452877,0.004998511378400574,0.0,0,0.56,0.5682011579187278,0.4876,0.4878,0.49607367443452877,0.5593,0.5675026918926214,0.6196,0.627609036929168,0.5593,0.6196,0.2834,0.2909085844753764,0.2834,0.3645,0.37249498403021425,0.56,0.2149,0.1037,0.1041,11,1122,4,T51-DGC-0.50,0.0,in_domain_conditional,T51-DGC-0.50=0.4878;T51-DGC-0.33=0.4878;T51-DGC-0.67=0.4878;T51-CORNKERNEL-0.50=0.4878,330,4,True,False,False,alpha=0.1:False,alpha=0.1:False,4876,2,0.4876,0.4878,0.49607367443452877,0.004998511378400574,5592,1,0.5592,0.5593,0.5675026918926214,0.004964710565581844
1,SDS2_MAIN9,SD-S2,MAIN9,"main reference nine (linear energy row, Table 5-1 verdicts in every state)",SDS2_MAIN9:M2[N=1024]@alpha=0.1,M2_joint_chance_saa,method,0.1,selected,alpha_train=0.075,feasible_time_limit,0.021466577634136567,300.0,301.6688723489642,feasible_time_limit,,True,SD-12MO,False,10000,,,524,0,0.0524,0.0524,0.05621297634654845,0.002228323136351638,0.0,0,0.0986,0.10364058130045974,0.0524,0.0524,0.05621297634654845,0.0586,0.06260954438530845,0.1041,0.1092588460811745,0.0586,0.1041,0.0324,0.035465236127735195,0.0324,0.0267,0.02950606297969416,0.0986,0.0533,0.0051,0.0051,0,482,0,T51-DGC-0.50,0.0,in_domain_conditional,T51-DGC-0.50=0.0524;T51-DGC-0.33=0.0524;T51-DGC-0.67=0.0524;T51-CORNKERNEL-0.50=0.0524,3,0,True,True,True,alpha=0.1:True,alpha=0.1:True,524,0,0.0524,0.0524,0.05621297634654845,0.002228323136351638,586,0,0.0586,0.0586,0.06260954438530845,0.0023487451969083405
1,SDS2_MAIN9,SD-S2,MAIN9,"main reference nine (linear energy row, Table 5-1 verdicts in every state)",SDS2_MAIN9:M2[N=1024]@alpha=0.1,M2_joint_chance_saa,method,0.1,selected,alpha_train=0.075,feasible_time_limit,0.021466577634136567,300.0,301.6688723489642,feasible_time_limit,,True,SD-SRC12,False,10000,,,4886,2,0.4886,0.4888,0.4970738440377893,0.004998745442608575,0.0,0,0.562,0.5701966843461417,0.4886,0.4888,0.4970738440377893,0.56,0.5682011579187278,0.621,0.629003028195579,0.56,0.621,0.2851,0.2926215897231711,0.2851,0.3647,0.3726958661709579,0.562,0.216,0.1038,0.1042,14,1135,4,T51-DGC-0.50,0.0,in_domain_conditional,T51-DGC-0.50=0.4888;T51-DGC-0.33=0.4888;T51-DGC-0.67=0.4888;T51-CORNKERNEL-0.50=0.4888,684,4,True,False,False,alpha=0.1:False,alpha=0.1:False,4886,2,0.4886,0.4888,0.4970738440377893,0.004998745442608575,5599,1,0.5599,0.56,0.5682011579187278,0.004963869458396343
1,SDS2_MAIN9,SD-S2,MAIN9,"main reference nine (linear energy row, Table 5-1 verdicts in every state)",SDS2_MAIN9:M3a[factory box]@alpha=0.1,M3a_box_robust,method,0.1,selected,k_box=1.5,optimal,,300.0,0.006199394818395376,optimal;proven_infeasible,,True,SD-H0,False,10000,,,3879,1,0.3879,0.388,0.3960886721162605,0.004872945721019269,0.0,0,0.4129,0.4210665304988697,0.3879,0.388,0.3960886721162605,0.4221,0.4302898608804398,0.4423,0.4505309856075983,0.4221,0.4423,0.2626,0.2699387258585637,0.2626,0.2224,0.2293496426898325,0.4129,0.0819,0.0477,0.0481,7,349,4,T51-DGC-0.50,0.0,in_domain_conditional,T51-DGC-0.50=0.388;T51-DGC-0.33=0.388;T51-DGC-0.67=0.4184;T51-CORNKERNEL-0.50=0.388,1007,4,True,False,False,alpha=0.1:False,alpha=0.1:False,3879,1,0.3879,0.388,0.3960886721162605,0.004872945721019269,4220,1,0.422,0.4221,0.4302898608804398,0.004938943105564185
1,SDS2_MAIN9,SD-S2,MAIN9,"main reference nine (linear energy row, Table 5-1 verdicts in every state)",SDS2_MAIN9:M3a[factory box]@alpha=0.1,M3a_box_robust,method,0.1,selected,k_box=1.5,optimal,,300.0,0.006199394818395376,optimal;proven_infeasible,,True,SD-S2,True,10000,0.0033,0.004410052749836001,33,0,0.0033,0.0033,0.004410052749836001,0.0005735076285456019,0.0,0,0.0033,0.004410052749836001,0.0033,0.0033,0.004410052749836001,0.0037,0.0048647055939070516,0.0037,0.0048647055939070516,0.0037,0.0037,0.0008,0.0014430005782821718,0.0008,0.0029,0.003952012538554296,0.0033,0.0,0.0,0.0,0,0,0,T51-DGC-0.50,0.0,in_domain_conditional,T51-DGC-0.50=0.0033;T51-DGC-0.33=0.0033;T51-DGC-0.67=0.0033;T51-CORNKERNEL-0.50=0.0033,0,0,True,True,True,alpha=0.1:True,alpha=0.1:True,33,0,0.0033,0.0033,0.004410052749836001,0.0005735076285456019,37,0,0.0037,0.0037,0.0048647055939070516,0.0006071498991188255
1,SDS2_MAIN9,SD-S2,MAIN9,"main reference nine (linear energy row, Table 5-1 verdicts in every state)",SDS2_MAIN9:M3a[factory box]@alpha=0.1,M3a_box_robust,method,0.1,selected,k_box=1.5,optimal,,300.0,0.006199394818395376,optimal;proven_infeasible,,True,SD-SRC14,False,10000,,,2403,2,0.2403,0.2405,0.24763531411898054,0.004273871196000179,0.0,0,0.2448,0.25197683579964303,0.2403,0.2405,0.24763531411898054,0.2794,0.28687747060079927,0.2826,0.29010241948760696,0.2794,0.2826,0.1223,0.12782058297863047,0.1223,0.1778,0.18420818300244177,0.2448,0.006,0.0006,0.001,0,54,4,T51-DGC-0.50,0.0,in_domain_conditional,T51-DGC-0.50=0.2405;T51-DGC-0.33=0.2405;T51-DGC-0.67=0.2405;T51-CORNKERNEL-0.50=0.2405,330,4,True,False,False,alpha=0.1:False,alpha=0.1:False,2403,2,0.2403,0.2405,0.24763531411898054,0.004273871196000179,2792,2,0.2792,0.2794,0.28687747060079927,0.004487044015830466
1,SDS2_MAIN9,SD-S2,MAIN9,"main reference nine (linear energy row, Table 5-1 verdicts in every state)",SDS2_MAIN9:M3a[factory box]@alpha=0.1,M3a_box_robust,method,0.1,selected,k_box=1.5,optimal,,300.0,0.006199394818395376,optimal;proven_infeasible,,True,SD-12MO,False,10000,,,153,0,0.0153,0.0153,0.017477187884157933,0.0012274326865453764,0.0,0,0.0166,0.01885933054236461,0.0153,0.0153,0.017477187884157933,0.0164,0.018646918633483632,0.0177,0.020026231565695912,0.0164,0.0177,0.0127,0.014701163628579992,0.0127,0.0037,0.0048647055939070516,0.0166,0.0013,0.0,0.0,0,13,0,T51-DGC-0.50,0.0,in_domain_conditional,T51-DGC-0.50=0.0153;T51-DGC-0.33=0.0153;T51-DGC-0.67=0.0161;T51-CORNKERNEL-0.50=0.0153,3,0,True,True,True,alpha=0.1:True,alpha=0.1:True,153,0,0.0153,0.0153,0.017477187884157933,0.0012274326865453764,164,0,0.0164,0.0164,0.018646918633483632,0.0012700803124212265
1,SDS2_MAIN9,SD-S2,MAIN9,"main reference nine (linear energy row, Table 5-1 verdicts in every state)",SDS2_MAIN9:M3a[factory box]@alpha=0.1,M3a_box_robust,method,0.1,selected,k_box=1.5,optimal,,300.0,0.006199394818395376,optimal;proven_infeasible,,True,SD-SRC12,False,10000,,,3267,1,0.3267,0.3268,0.3346017201576046,0.004690434521448945,0.0,0,0.336,0.3438539298187191,0.3267,0.3268,0.3346017201576046,0.363,0.3709883209245901,0.3704,0.37842038932606914,0.363,0.3704,0.2205,0.22742909328045174,0.2205,0.1838,0.19028871984027754,0.336,0.0155,0.0038,0.0042,1,118,4,T51-DGC-0.50,0.0,in_domain_conditional,T51-DGC-0.50=0.3268;T51-DGC-0.33=0.3268;T51-DGC-0.67=0.3418;T51-CORNKERNEL-0.50=0.3268,684,4,True,False,False,alpha=0.1:False,alpha=0.1:False,3267,1,0.3267,0.3268,0.3346017201576046,0.004690434521448945,3629,1,0.3629,0.363,0.3709883209245901,0.004808648458766766
1,SDS2_MAIN9,SD-S2,MAIN9,"main reference nine (linear energy row, Table 5-1 verdicts in every state)","SDS2_MAIN9:M3b[factory box k=1.5, Gamma selected]@alpha=0.1",M3b_budget_robust,method,0.1,selected,gamma=2,optimal,,300.0,0.006931480020284653,optimal,,True,SD-H0,False,10000,,,5090,1,0.509,0.5091,0.5173701742267474,0.004999171831413679,0.0,0,0.5612,0.5693984899231808,0.509,0.5091,0.5173701742267474,0.5218,0.53006098238974,0.57,0.5781774413339131,0.5218,0.57,0.2675,0.27488056370443925,0.2675,0.3511,0.359032493810557,0.5612,0.133,0.023,0.0234,0,1100,4,T51-DGC-0.50,0.0,in_domain_conditional,T51-DGC-0.50=0.5091;T51-DGC-0.33=0.5091;T51-DGC-0.67=0.5091;T51-CORNKERNEL-0.50=0.5091,1007,4,True,False,False,alpha=0.1:False,alpha=0.1:False,5090,1,0.509,0.5091,0.5173701742267474,0.004999171831413679,5217,1,0.5217,0.5218,0.53006098238974,0.004995245339320182
1,SDS2_MAIN9,SD-S2,MAIN9,"main reference nine (linear energy row, Table 5-1 verdicts in every state)","SDS2_MAIN9:M3b[factory box k=1.5, Gamma selected]@alpha=0.1",M3b_budget_robust,method,0.1,selected,gamma=2,optimal,,300.0,0.006931480020284653,optimal,,True,SD-S2,True,10000,0.0728,0.07721628892961427,705,0,0.0705,0.0705,0.0748539935962026,0.002559877926776978,0.0,0,0.0728,0.07721628892961427,0.0705,0.0705,0.0748539935962026,0.0705,0.0748539935962026,0.0728,0.07721628892961427,0.0705,0.0728,0.0211,0.02362014266547502,0.0211,0.05,0.05373317819066032,0.0728,0.0026,0.0,0.0,0,26,0,T51-DGC-0.50,0.0,in_domain_conditional,T51-DGC-0.50=0.0705;T51-DGC-0.33=0.0705;T51-DGC-0.67=0.0705;T51-CORNKERNEL-0.50=0.0705,0,0,True,True,True,alpha=0.1:True,alpha=0.1:True,705,0,0.0705,0.0705,0.0748539935962026,0.002559877926776978,705,0,0.0705,0.0705,0.0748539935962026,0.002559877926776978
1,SDS2_MAIN9,SD-S2,MAIN9,"main reference nine (linear energy row, Table 5-1 verdicts in every state)","SDS2_MAIN9:M3b[factory box k=1.5, Gamma selected]@alpha=0.1",M3b_budget_robust,method,0.1,selected,gamma=2,optimal,,300.0,0.006931480020284653,optimal,,True,SD-SRC14,False,10000,,,4829,1,0.4829,0.483,0.491272402002614,0.004997109164306899,0.0,0,0.5166,0.5248653883412338,0.4829,0.483,0.491272402002614,0.4945,0.5027741823762044,0.5266,0.5348561237248237,0.4945,0.5266,0.2411,0.2482411658817637,0.2411,0.335,0.34284841601866517,0.5166,0.0667,0.0027,0.0031,0,640,4,T51-DGC-0.50,0.0,in_domain_conditional,T51-DGC-0.50=0.483;T51-DGC-0.33=0.483;T51-DGC-0.67=0.483;T51-CORNKERNEL-0.50=0.483,330,4,True,False,False,alpha=0.1:False,alpha=0.1:False,4829,1,0.4829,0.483,0.491272402002614,0.004997109164306899,4944,1,0.4944,0.4945,0.5027741823762044,0.004999697490848822
1,SDS2_MAIN9,SD-S2,MAIN9,"main reference nine (linear energy row, Table 5-1 verdicts in every state)","SDS2_MAIN9:M3b[factory box k=1.5, Gamma selected]@alpha=0.1",M3b_budget_robust,method,0.1,selected,gamma=2,optimal,,300.0,0.006931480020284653,optimal,,True,SD-12MO,False,10000,,,716,0,0.0716,0.0716,0.0759839450325172,0.002578244363903468,0.0,0,0.0811,0.08573115742331945,0.0716,0.0716,0.0759839450325172,0.0716,0.0759839450325172,0.0811,0.08573115742331945,0.0716,0.0811,0.0236,0.02625228259981584,0.0236,0.0491,0.052802673411111535,0.0811,0.0104,0.0,0.0,0,104,0,T51-DGC-0.50,0.0,in_domain_conditional,T51-DGC-0.50=0.0716;T51-DGC-0.33=0.0716;T51-DGC-0.67=0.0716;T51-CORNKERNEL-0.50=0.0716,3,0,True,True,True,alpha=0.1:True,alpha=0.1:True,716,0,0.0716,0.0716,0.0759839450325172,0.002578244363903468,716,0,0.0716,0.0716,0.0759839450325172,0.002578244363903468
1,SDS2_MAIN9,SD-S2,MAIN9,"main reference nine (linear energy row, Table 5-1 verdicts in every state)","SDS2_MAIN9:M3b[factory box k=1.5, Gamma selected]@alpha=0.1",M3b_budget_robust,method,0.1,selected,gamma=2,optimal,,300.0,0.006931480020284653,optimal,,True,SD-SRC12,False,10000,,,4919,1,0.4919,0.492,0.500274165598457,0.004999359959034756,0.0,0,0.53,0.5382522217755648,0.4919,0.492,0.500274165598457,0.5036,0.511872507307363,0.5398,0.5480388342264269,0.5036,0.5398,0.2511,0.2583359479249664,0.2511,0.3383,0.3461664636600846,0.53,0.0802,0.0055,0.0059,0,747,4,T51-DGC-0.50,0.0,in_domain_conditional,T51-DGC-0.50=0.492;T51-DGC-0.33=0.492;T51-DGC-0.67=0.492;T51-CORNKERNEL-0.50=0.492,684,4,True,False,False,alpha=0.1:False,alpha=0.1:False,4919,1,0.4919,0.492,0.500274165598457,0.004999359959034756,5035,1,0.5035,0.5036,0.511872507307363,0.00499987039832034
1,SDS2_MAIN9,SD-S2,MAIN9,"main reference nine (linear energy row, Table 5-1 verdicts in every state)","SDS2_MAIN9:M1[relative,apply_to_dm=True]@alpha=0.01",M1_safety_margin,method,0.01,not_met,,,,300.0,,optimal;proven_infeasible,"no value of the declared grid met the validation screen (candidate statuses: optimal, proven_infeasible); a grid without a solution is not a statement about the whole decision space",False,,,,,,,,,,,,,,,,,,,,,,,,,,,,,,,,,,,,,,,,,,,,,,,,,,,,,,,,,,,
1,SDS2_MAIN9,SD-S2,MAIN9,"main reference nine (linear energy row, Table 5-1 verdicts in every state)","SDS2_MAIN9:M1[relative,apply_to_dm=False]@alpha=0.01",M1_safety_margin,method,0.01,selected,k=0.075,optimal,,300.0,0.005915890913456678,optimal;proven_infeasible,,True,SD-H0,False,10000,,,3167,3769,0.3167,0.6936,0.7011903840827054,0.004609978741816495,0.4667,3769,0.7137,0.7211385896618381,0.4908,0.4908,0.49907408450301954,0.7049,0.7124071970117758,0.5199,0.5281626956046059,0.5033,0.7208,0.3374,0.3452615836227758,0.581,0.2775,0.284962437060103,0.5116,0.1231,0.0891,0.0895,7,347,4,T51-DGC-0.50,0.0,in_domain_conditional,T51-DGC-0.50=0.6936;T51-DGC-0.33=0.4908;T51-DGC-0.67=0.997;T51-CORNKERNEL-0.50=0.4908,4171,4,True,False,False,sensitivity_line_not_an_entry,,4908,0,0.4908,0.4908,0.49907408450301954,0.004999153528348574,5033,0,0.5033,0.5033,0.5115726059462143,0.004999891098814053
1,SDS2_MAIN9,SD-S2,MAIN9,"main reference nine (linear energy row, Table 5-1 verdicts in every state)","SDS2_MAIN9:M1[relative,apply_to_dm=False]@alpha=0.01",M1_safety_margin,method,0.01,selected,k=0.075,optimal,,300.0,0.005915890913456678,optimal;proven_infeasible,,True,SD-S2,True,10000,0.0067,0.008204600723855685,65,4832,0.0065,0.4897,0.49797396853813364,0.0049989389874252315,0.4859,4832,0.4897,0.49797396853813364,0.0067,0.0067,0.008204600723855685,0.4897,0.49797396853813364,0.0067,0.008204600723855685,0.0067,0.4897,0.0003,0.0007751813790100997,0.486,0.0064,0.00787465657842059,0.0067,0.0,0.0,0.0,0,0,0,T51-DGC-0.50,0.0,in_domain_conditional,T51-DGC-0.50=0.4897;T51-DGC-0.33=0.0067;T51-DGC-0.67=1;T51-CORNKERNEL-0.50=0.0067,1794,0,True,True,True,sensitivity_line_not_an_entry,,67,0,0.0067,0.0067,0.008204600723855685,0.0008157885755512883,67,0,0.0067,0.0067,0.008204600723855685,0.0008157885755512883
1,SDS2_MAIN9,SD-S2,MAIN9,"main reference nine (linear energy row, Table 5-1 verdicts in every state)","SDS2_MAIN9:M1[relative,apply_to_dm=False]@alpha=0.01",M1_safety_margin,method,0.01,selected,k=0.075,optimal,,300.0,0.005915890913456678,optimal;proven_infeasible,,True,SD-SRC14,False,10000,,,2013,3951,0.2013,0.5964,0.6044984631241845,0.004906190375433876,0.4907,3949,0.5963,0.6043988076188782,0.2025,0.2027,0.20942618919936745,0.6003,0.6083847558522784,0.2097,0.2165082714138703,0.2099,0.6002,0.0187,0.02108517212482378,0.5009,0.1949,0.20153106839760637,0.2025,0.0,0.0,0.0004,0,0,4,T51-DGC-0.50,0.0,in_domain_conditional,T51-DGC-0.50=0.5964;T51-DGC-0.33=0.2027;T51-DGC-0.67=1;T51-CORNKERNEL-0.50=0.2027,3712,4,True,False,False,sensitivity_line_not_an_entry,,2025,2,0.2025,0.2027,0.20942618919936745,0.004020108331873657,2097,2,0.2097,0.2099,0.2167105722252208,0.004072370194370841
1,SDS2_MAIN9,SD-S2,MAIN9,"main reference nine (linear energy row, Table 5-1 verdicts in every state)","SDS2_MAIN9:M1[relative,apply_to_dm=False]@alpha=0.01",M1_safety_margin,method,0.01,selected,k=0.075,optimal,,300.0,0.005915890913456678,optimal;proven_infeasible,,True,SD-12MO,False,10000,,,135,4750,0.0135,0.4885,0.4967737966131054,0.004998677325053099,0.4777,4750,0.4925,0.5007741854040952,0.0637,0.0637,0.0678620040247188,0.4889,0.4971738591877087,0.0682,0.07249040318463076,0.0641,0.4929,0.0553,0.0592065598549246,0.4827,0.0094,0.01114818785667052,0.0678,0.0062,0.0015,0.0015,0,47,0,T51-DGC-0.50,0.0,in_domain_conditional,T51-DGC-0.50=0.4885;T51-DGC-0.33=0.0637;T51-DGC-0.67=1;T51-CORNKERNEL-0.50=0.0637,1797,0,True,False,False,sensitivity_line_not_an_entry,,637,0,0.0637,0.0637,0.0678620040247188,0.002442177511975737,641,0,0.0641,0.0641,0.06827364044366122,0.002449309902809361
1,SDS2_MAIN9,SD-S2,MAIN9,"main reference nine (linear energy row, Table 5-1 verdicts in every state)","SDS2_MAIN9:M1[relative,apply_to_dm=False]@alpha=0.01",M1_safety_margin,method,0.01,selected,k=0.075,optimal,,300.0,0.005915890913456678,optimal;proven_infeasible,,True,SD-SRC12,False,10000,,,2145,3824,0.2145,0.5969,0.6049967354275632,0.004905205296417267,0.4787,3824,0.6005,0.6085840385943214,0.3793,0.3793,0.38735631222629247,0.6045,0.6125693990336709,0.3922,0.40030332955934206,0.3893,0.6073,0.2327,0.23975749836009053,0.4996,0.2063,0.21306878269020987,0.383,0.0086,0.0035,0.0039,6,57,4,T51-DGC-0.50,0.0,in_domain_conditional,T51-DGC-0.50=0.5969;T51-DGC-0.33=0.3793;T51-DGC-0.67=0.9967;T51-CORNKERNEL-0.50=0.3793,3959,4,True,False,False,sensitivity_line_not_an_entry,,3793,0,0.3793,0.3793,0.38735631222629247,0.004852128502008166,3893,0,0.3893,0.3893,0.3973932757430256,0.004875915401234931
1,SDS2_MAIN9,SD-S2,MAIN9,"main reference nine (linear energy row, Table 5-1 verdicts in every state)",SDS2_MAIN9:M2[N=128]@alpha=0.01,M2_joint_chance_saa,method,0.01,not_met,,,,300.0,,optimal,no value of the declared grid met the validation screen (candidate statuses: optimal); a grid without a solution is not a statement about the whole decision space,False,,,,,,,,,,,,,,,,,,,,,,,,,,,,,,,,,,,,,,,,,,,,,,,,,,,,,,,,,,,
1,SDS2_MAIN9,SD-S2,MAIN9,"main reference nine (linear energy row, Table 5-1 verdicts in every state)",SDS2_MAIN9:M2[N=512]@alpha=0.01,M2_joint_chance_saa,method,0.01,not_met,,,,300.0,,optimal,no value of the declared grid met the validation screen (candidate statuses: optimal); a grid without a solution is not a statement about the whole decision space,False,,,,,,,,,,,,,,,,,,,,,,,,,,,,,,,,,,,,,,,,,,,,,,,,,,,,,,,,,,,
1,SDS2_MAIN9,SD-S2,MAIN9,"main reference nine (linear energy row, Table 5-1 verdicts in every state)",SDS2_MAIN9:M2[N=1024]@alpha=0.01,M2_joint_chance_saa,method,0.01,not_met,,,,300.0,,optimal,no value of the declared grid met the validation screen (candidate statuses: optimal); a grid without a solution is not a statement about the whole decision space,False,,,,,,,,,,,,,,,,,,,,,,,,,,,,,,,,,,,,,,,,,,,,,,,,,,,,,,,,,,,
1,SDS2_MAIN9,SD-S2,MAIN9,"main reference nine (linear energy row, Table 5-1 verdicts in every state)",SDS2_MAIN9:M3a[factory box]@alpha=0.01,M3a_box_robust,method,0.01,selected,k_box=1.5,optimal,,300.0,0.004019124899059534,optimal;proven_infeasible,,True,SD-H0,False,10000,,,3879,1,0.3879,0.388,0.3960886721162605,0.004872945721019269,0.0,0,0.4129,0.4210665304988697,0.3879,0.388,0.3960886721162605,0.4221,0.4302898608804398,0.4423,0.4505309856075983,0.4221,0.4423,0.2626,0.2699387258585637,0.2626,0.2224,0.2293496426898325,0.4129,0.0819,0.0477,0.0481,7,349,4,T51-DGC-0.50,0.0,in_domain_conditional,T51-DGC-0.50=0.388;T51-DGC-0.33=0.388;T51-DGC-0.67=0.4184;T51-CORNKERNEL-0.50=0.388,1007,4,True,False,False,alpha=0.01:False,alpha=0.01:False,3879,1,0.3879,0.388,0.3960886721162605,0.004872945721019269,4220,1,0.422,0.4221,0.4302898608804398,0.004938943105564185
1,SDS2_MAIN9,SD-S2,MAIN9,"main reference nine (linear energy row, Table 5-1 verdicts in every state)",SDS2_MAIN9:M3a[factory box]@alpha=0.01,M3a_box_robust,method,0.01,selected,k_box=1.5,optimal,,300.0,0.004019124899059534,optimal;proven_infeasible,,True,SD-S2,True,10000,0.0033,0.004410052749836001,33,0,0.0033,0.0033,0.004410052749836001,0.0005735076285456019,0.0,0,0.0033,0.004410052749836001,0.0033,0.0033,0.004410052749836001,0.0037,0.0048647055939070516,0.0037,0.0048647055939070516,0.0037,0.0037,0.0008,0.0014430005782821718,0.0008,0.0029,0.003952012538554296,0.0033,0.0,0.0,0.0,0,0,0,T51-DGC-0.50,0.0,in_domain_conditional,T51-DGC-0.50=0.0033;T51-DGC-0.33=0.0033;T51-DGC-0.67=0.0033;T51-CORNKERNEL-0.50=0.0033,0,0,True,True,True,alpha=0.01:True,alpha=0.01:True,33,0,0.0033,0.0033,0.004410052749836001,0.0005735076285456019,37,0,0.0037,0.0037,0.0048647055939070516,0.0006071498991188255
1,SDS2_MAIN9,SD-S2,MAIN9,"main reference nine (linear energy row, Table 5-1 verdicts in every state)",SDS2_MAIN9:M3a[factory box]@alpha=0.01,M3a_box_robust,method,0.01,selected,k_box=1.5,optimal,,300.0,0.004019124899059534,optimal;proven_infeasible,,True,SD-SRC14,False,10000,,,2403,2,0.2403,0.2405,0.24763531411898054,0.004273871196000179,0.0,0,0.2448,0.25197683579964303,0.2403,0.2405,0.24763531411898054,0.2794,0.28687747060079927,0.2826,0.29010241948760696,0.2794,0.2826,0.1223,0.12782058297863047,0.1223,0.1778,0.18420818300244177,0.2448,0.006,0.0006,0.001,0,54,4,T51-DGC-0.50,0.0,in_domain_conditional,T51-DGC-0.50=0.2405;T51-DGC-0.33=0.2405;T51-DGC-0.67=0.2405;T51-CORNKERNEL-0.50=0.2405,330,4,True,False,False,alpha=0.01:False,alpha=0.01:False,2403,2,0.2403,0.2405,0.24763531411898054,0.004273871196000179,2792,2,0.2792,0.2794,0.28687747060079927,0.004487044015830466
1,SDS2_MAIN9,SD-S2,MAIN9,"main reference nine (linear energy row, Table 5-1 verdicts in every state)",SDS2_MAIN9:M3a[factory box]@alpha=0.01,M3a_box_robust,method,0.01,selected,k_box=1.5,optimal,,300.0,0.004019124899059534,optimal;proven_infeasible,,True,SD-12MO,False,10000,,,153,0,0.0153,0.0153,0.017477187884157933,0.0012274326865453764,0.0,0,0.0166,0.01885933054236461,0.0153,0.0153,0.017477187884157933,0.0164,0.018646918633483632,0.0177,0.020026231565695912,0.0164,0.0177,0.0127,0.014701163628579992,0.0127,0.0037,0.0048647055939070516,0.0166,0.0013,0.0,0.0,0,13,0,T51-DGC-0.50,0.0,in_domain_conditional,T51-DGC-0.50=0.0153;T51-DGC-0.33=0.0153;T51-DGC-0.67=0.0161;T51-CORNKERNEL-0.50=0.0153,3,0,True,False,False,alpha=0.01:False,alpha=0.01:False,153,0,0.0153,0.0153,0.017477187884157933,0.0012274326865453764,164,0,0.0164,0.0164,0.018646918633483632,0.0012700803124212265
1,SDS2_MAIN9,SD-S2,MAIN9,"main reference nine (linear energy row, Table 5-1 verdicts in every state)",SDS2_MAIN9:M3a[factory box]@alpha=0.01,M3a_box_robust,method,0.01,selected,k_box=1.5,optimal,,300.0,0.004019124899059534,optimal;proven_infeasible,,True,SD-SRC12,False,10000,,,3267,1,0.3267,0.3268,0.3346017201576046,0.004690434521448945,0.0,0,0.336,0.3438539298187191,0.3267,0.3268,0.3346017201576046,0.363,0.3709883209245901,0.3704,0.37842038932606914,0.363,0.3704,0.2205,0.22742909328045174,0.2205,0.1838,0.19028871984027754,0.336,0.0155,0.0038,0.0042,1,118,4,T51-DGC-0.50,0.0,in_domain_conditional,T51-DGC-0.50=0.3268;T51-DGC-0.33=0.3268;T51-DGC-0.67=0.3418;T51-CORNKERNEL-0.50=0.3268,684,4,True,False,False,alpha=0.01:False,alpha=0.01:False,3267,1,0.3267,0.3268,0.3346017201576046,0.004690434521448945,3629,1,0.3629,0.363,0.3709883209245901,0.004808648458766766
1,SDS2_MAIN9,SD-S2,MAIN9,"main reference nine (linear energy row, Table 5-1 verdicts in every state)","SDS2_MAIN9:M3b[factory box k=1.5, Gamma selected]@alpha=0.01",M3b_budget_robust,method,0.01,selected,gamma=6,optimal,,300.0,0.005895335227251053,optimal,,True,SD-H0,False,10000,,,3879,1,0.3879,0.388,0.3960886721162605,0.004872945721019269,0.0,0,0.4129,0.4210665304988697,0.3879,0.388,0.3960886721162605,0.4221,0.4302898608804398,0.4423,0.4505309856075983,0.4221,0.4423,0.2626,0.2699387258585637,0.2626,0.2224,0.2293496426898325,0.4129,0.0819,0.0477,0.0481,7,349,4,T51-DGC-0.50,0.0,in_domain_conditional,T51-DGC-0.50=0.388;T51-DGC-0.33=0.388;T51-DGC-0.67=0.4184;T51-CORNKERNEL-0.50=0.388,1007,4,True,False,False,alpha=0.01:False,alpha=0.01:False,3879,1,0.3879,0.388,0.3960886721162605,0.004872945721019269,4220,1,0.422,0.4221,0.4302898608804398,0.004938943105564185
1,SDS2_MAIN9,SD-S2,MAIN9,"main reference nine (linear energy row, Table 5-1 verdicts in every state)","SDS2_MAIN9:M3b[factory box k=1.5, Gamma selected]@alpha=0.01",M3b_budget_robust,method,0.01,selected,gamma=6,optimal,,300.0,0.005895335227251053,optimal,,True,SD-S2,True,10000,0.0033,0.004410052749836001,33,0,0.0033,0.0033,0.004410052749836001,0.0005735076285456019,0.0,0,0.0033,0.004410052749836001,0.0033,0.0033,0.004410052749836001,0.0037,0.0048647055939070516,0.0037,0.0048647055939070516,0.0037,0.0037,0.0008,0.0014430005782821718,0.0008,0.0029,0.003952012538554296,0.0033,0.0,0.0,0.0,0,0,0,T51-DGC-0.50,0.0,in_domain_conditional,T51-DGC-0.50=0.0033;T51-DGC-0.33=0.0033;T51-DGC-0.67=0.0033;T51-CORNKERNEL-0.50=0.0033,0,0,True,True,True,alpha=0.01:True,alpha=0.01:True,33,0,0.0033,0.0033,0.004410052749836001,0.0005735076285456019,37,0,0.0037,0.0037,0.0048647055939070516,0.0006071498991188255
1,SDS2_MAIN9,SD-S2,MAIN9,"main reference nine (linear energy row, Table 5-1 verdicts in every state)","SDS2_MAIN9:M3b[factory box k=1.5, Gamma selected]@alpha=0.01",M3b_budget_robust,method,0.01,selected,gamma=6,optimal,,300.0,0.005895335227251053,optimal,,True,SD-SRC14,False,10000,,,2403,2,0.2403,0.2405,0.24763531411898054,0.004273871196000179,0.0,0,0.2448,0.25197683579964303,0.2403,0.2405,0.24763531411898054,0.2794,0.28687747060079927,0.2826,0.29010241948760696,0.2794,0.2826,0.1223,0.12782058297863047,0.1223,0.1778,0.18420818300244177,0.2448,0.006,0.0006,0.001,0,54,4,T51-DGC-0.50,0.0,in_domain_conditional,T51-DGC-0.50=0.2405;T51-DGC-0.33=0.2405;T51-DGC-0.67=0.2405;T51-CORNKERNEL-0.50=0.2405,330,4,True,False,False,alpha=0.01:False,alpha=0.01:False,2403,2,0.2403,0.2405,0.24763531411898054,0.004273871196000179,2792,2,0.2792,0.2794,0.28687747060079927,0.004487044015830466
1,SDS2_MAIN9,SD-S2,MAIN9,"main reference nine (linear energy row, Table 5-1 verdicts in every state)","SDS2_MAIN9:M3b[factory box k=1.5, Gamma selected]@alpha=0.01",M3b_budget_robust,method,0.01,selected,gamma=6,optimal,,300.0,0.005895335227251053,optimal,,True,SD-12MO,False,10000,,,153,0,0.0153,0.0153,0.017477187884157933,0.0012274326865453764,0.0,0,0.0166,0.01885933054236461,0.0153,0.0153,0.017477187884157933,0.0164,0.018646918633483632,0.0177,0.020026231565695912,0.0164,0.0177,0.0127,0.014701163628579992,0.0127,0.0037,0.0048647055939070516,0.0166,0.0013,0.0,0.0,0,13,0,T51-DGC-0.50,0.0,in_domain_conditional,T51-DGC-0.50=0.0153;T51-DGC-0.33=0.0153;T51-DGC-0.67=0.0161;T51-CORNKERNEL-0.50=0.0153,3,0,True,False,False,alpha=0.01:False,alpha=0.01:False,153,0,0.0153,0.0153,0.017477187884157933,0.0012274326865453764,164,0,0.0164,0.0164,0.018646918633483632,0.0012700803124212265
1,SDS2_MAIN9,SD-S2,MAIN9,"main reference nine (linear energy row, Table 5-1 verdicts in every state)","SDS2_MAIN9:M3b[factory box k=1.5, Gamma selected]@alpha=0.01",M3b_budget_robust,method,0.01,selected,gamma=6,optimal,,300.0,0.005895335227251053,optimal,,True,SD-SRC12,False,10000,,,3267,1,0.3267,0.3268,0.3346017201576046,0.004690434521448945,0.0,0,0.336,0.3438539298187191,0.3267,0.3268,0.3346017201576046,0.363,0.3709883209245901,0.3704,0.37842038932606914,0.363,0.3704,0.2205,0.22742909328045174,0.2205,0.1838,0.19028871984027754,0.336,0.0155,0.0038,0.0042,1,118,4,T51-DGC-0.50,0.0,in_domain_conditional,T51-DGC-0.50=0.3268;T51-DGC-0.33=0.3268;T51-DGC-0.67=0.3418;T51-CORNKERNEL-0.50=0.3268,684,4,True,False,False,alpha=0.01:False,alpha=0.01:False,3267,1,0.3267,0.3268,0.3346017201576046,0.004690434521448945,3629,1,0.3629,0.363,0.3709883209245901,0.004808648458766766
1,SDS2_MAIN9,SD-S2,MAIN9,"main reference nine (linear energy row, Table 5-1 verdicts in every state)","SDS2_MAIN9:DIAG-frontier:M2[N=128,alpha_train=m*/N=0/128]",M2_joint_chance_saa,diagnostic_frontier,,,,optimal,0.0,300.0,0.17056151712313294,,,True,SD-H0,False,10000,,,4963,1,0.4963,0.4964,0.5046740576176388,0.004999870398320341,0.0,0,0.5481,0.5563250018738928,0.4963,0.4964,0.5046740576176388,0.5523,0.5605171274930508,0.5949,0.6030035940117084,0.5523,0.5949,0.2589,0.2662063676371947,0.2589,0.3921,0.4002029878278758,0.5481,0.1875,0.1021,0.1025,16,869,4,T51-DGC-0.50,0.0,in_domain_conditional,T51-DGC-0.50=0.4964;T51-DGC-0.33=0.4964;T51-DGC-0.67=0.4964;T51-CORNKERNEL-0.50=0.4964,1001,4,True,,,,,4963,1,0.4963,0.4964,0.5046740576176388,0.004999870398320341,5522,1,0.5522,0.5523,0.5605171274930508,0.0049725718697671934
1,SDS2_MAIN9,SD-S2,MAIN9,"main reference nine (linear energy row, Table 5-1 verdicts in every state)","SDS2_MAIN9:DIAG-frontier:M2[N=128,alpha_train=m*/N=0/128]",M2_joint_chance_saa,diagnostic_frontier,,,,optimal,0.0,300.0,0.17056151712313294,,,True,SD-S2,True,10000,0.0533,0.05714234225176347,403,0,0.0403,0.0403,0.04368555617409089,0.0019666191802176648,0.0,0,0.0533,0.05714234225176347,0.0403,0.0403,0.04368555617409089,0.0442,0.04773057484306388,0.0571,0.06106317792851584,0.0442,0.0571,0.0168,0.019071664120561205,0.0168,0.0275,0.030344154325820237,0.0533,0.0142,0.0007,0.0007,0,135,0,T51-DGC-0.50,0.0,in_domain_conditional,T51-DGC-0.50=0.0403;T51-DGC-0.33=0.0403;T51-DGC-0.67=0.0403;T51-CORNKERNEL-0.50=0.0403,0,0,True,,,,,403,0,0.0403,0.0403,0.04368555617409089,0.0019666191802176648,442,0,0.0442,0.0442,0.04773057484306388,0.002055391933427783
1,SDS2_MAIN9,SD-S2,MAIN9,"main reference nine (linear energy row, Table 5-1 verdicts in every state)","SDS2_MAIN9:DIAG-frontier:M2[N=128,alpha_train=m*/N=0/128]",M2_joint_chance_saa,diagnostic_frontier,,,,optimal,0.0,300.0,0.17056151712313294,,,True,SD-SRC14,False,10000,,,4476,1,0.4476,0.4477,0.45593965099766365,0.0049725718697671934,0.0,0,0.5007,0.5089733368134814,0.4476,0.4477,0.45593965099766365,0.5115,0.5197688442240577,0.556,0.5642097018731309,0.5115,0.556,0.2275,0.2345037866605114,0.2275,0.3581,0.366065973880521,0.5007,0.1383,0.0488,0.0492,2,896,4,T51-DGC-0.50,0.0,in_domain_conditional,T51-DGC-0.50=0.4477;T51-DGC-0.33=0.4477;T51-DGC-0.67=0.4477;T51-CORNKERNEL-0.50=0.4477,323,4,True,,,,,4476,1,0.4476,0.4477,0.45593965099766365,0.0049725718697671934,5114,1,0.5114,0.5115,0.5197688442240577,0.004998677325053099
1,SDS2_MAIN9,SD-S2,MAIN9,"main reference nine (linear energy row, Table 5-1 verdicts in every state)","SDS2_MAIN9:DIAG-frontier:M2[N=128,alpha_train=m*/N=0/128]",M2_joint_chance_saa,diagnostic_frontier,,,,optimal,0.0,300.0,0.17056151712313294,,,True,SD-12MO,False,10000,,,454,0,0.0454,0.0454,0.04897370576509226,0.0020817982611194582,0.0,0,0.0691,0.07341544440645618,0.0454,0.0454,0.04897370576509226,0.0501,0.053836547643253276,0.0732,0.07762699492809229,0.0501,0.0732,0.0184,0.02076766868516183,0.0184,0.0318,0.0348392034084708,0.0691,0.0292,0.004,0.004,0,252,0,T51-DGC-0.50,0.0,in_domain_conditional,T51-DGC-0.50=0.0454;T51-DGC-0.33=0.0454;T51-DGC-0.67=0.0454;T51-CORNKERNEL-0.50=0.0454,3,0,True,,,,,454,0,0.0454,0.0454,0.04897370576509226,0.0020817982611194582,501,0,0.0501,0.0501,0.053836547643253276,0.002181513007066426
1,SDS2_MAIN9,SD-S2,MAIN9,"main reference nine (linear energy row, Table 5-1 verdicts in every state)","SDS2_MAIN9:DIAG-frontier:M2[N=128,alpha_train=m*/N=0/128]",M2_joint_chance_saa,diagnostic_frontier,,,,optimal,0.0,300.0,0.17056151712313294,,,True,SD-SRC12,False,10000,,,4685,1,0.4685,0.4686,0.47686402635431163,0.0049901306596120305,0.0,0,0.5219,0.5301608889225433,0.4685,0.4686,0.47686402635431163,0.5294,0.5376529381202815,0.5738,0.5819675421138435,0.5294,0.5738,0.2498,0.25702391567488125,0.2498,0.3653,0.3732985037486251,0.5219,0.1503,0.0598,0.0602,5,909,4,T51-DGC-0.50,0.0,in_domain_conditional,T51-DGC-0.50=0.4686;T51-DGC-0.33=0.4686;T51-DGC-0.67=0.4686;T51-CORNKERNEL-0.50=0.4686,678,4,True,,,,,4685,1,0.4685,0.4686,0.47686402635431163,0.0049901306596120305,5293,1,0.5293,0.5294,0.5376529381202815,0.004991348915874345
1,SDS2_MAIN9,SD-S2,MAIN9,"main reference nine (linear energy row, Table 5-1 verdicts in every state)","SDS2_MAIN9:DIAG-frontier:M2[N=512,alpha_train=m*/N=0/512]",M2_joint_chance_saa,diagnostic_frontier,,,,optimal,0.0,300.0,0.6111344126984477,,,True,SD-H0,False,10000,,,4738,1,0.4738,0.4739,0.48216790518924446,0.004993183253196302,0.0,0,0.5102,0.5184695881740078,0.4738,0.4739,0.48216790518924446,0.5086,0.5168704274512101,0.5404,0.5486379111196524,0.5086,0.5404,0.3067,0.3143758152697029,0.3067,0.2936,0.301184693013592,0.5102,0.1309,0.0732,0.0736,14,591,4,T51-DGC-0.50,0.0,in_domain_conditional,T51-DGC-0.50=0.4739;T51-DGC-0.33=0.4739;T51-DGC-0.67=0.4739;T51-CORNKERNEL-0.50=0.4739,1007,4,True,,,,,4738,1,0.4738,0.4739,0.48216790518924446,0.004993183253196302,5085,1,0.5085,0.5086,0.5168704274512101,0.004999260345291091
1,SDS2_MAIN9,SD-S2,MAIN9,"main reference nine (linear energy row, Table 5-1 verdicts in every state)","SDS2_MAIN9:DIAG-frontier:M2[N=512,alpha_train=m*/N=0/512]",M2_joint_chance_saa,diagnostic_frontier,,,,optimal,0.0,300.0,0.6111344126984477,,,True,SD-S2,True,10000,0.022,0.024568632964154756,209,0,0.0209,0.0209,0.0234092178625567,0.0014304960678030543,0.0,0,0.022,0.024568632964154756,0.0209,0.0209,0.0234092178625567,0.0215,0.02404182767833058,0.0226,0.025200372408387652,0.0215,0.0226,0.008,0.009627115812045468,0.008,0.0136,0.01566405176950207,0.022,0.0011,0.0,0.0,0,11,0,T51-DGC-0.50,0.0,in_domain_conditional,T51-DGC-0.50=0.0209;T51-DGC-0.33=0.0209;T51-DGC-0.67=0.0209;T51-CORNKERNEL-0.50=0.0209,0,0,True,,,,,209,0,0.0209,0.0209,0.0234092178625567,0.0014304960678030543,215,0,0.0215,0.0215,0.02404182767833058,0.0014504395885385918
1,SDS2_MAIN9,SD-S2,MAIN9,"main reference nine (linear energy row, Table 5-1 verdicts in every state)","SDS2_MAIN9:DIAG-frontier:M2[N=512,alpha_train=m*/N=0/512]",M2_joint_chance_saa,diagnostic_frontier,,,,optimal,0.0,300.0,0.6111344126984477,,,True,SD-SRC14,False,10000,,,3915,1,0.3915,0.3916,0.3997012738705504,0.004881080208314549,0.0,0,0.4192,0.4273828197061152,0.3915,0.3916,0.3997012738705504,0.4314,0.4396105091592998,0.4552,0.4634500693997197,0.4314,0.4552,0.2389,0.2460196166215772,0.2389,0.2478,0.2550052371645429,0.4192,0.0576,0.0164,0.0168,2,414,4,T51-DGC-0.50,0.0,in_domain_conditional,T51-DGC-0.50=0.3916;T51-DGC-0.33=0.3916;T51-DGC-0.67=0.3916;T51-CORNKERNEL-0.50=0.3916,330,4,True,,,,,3915,1,0.3915,0.3916,0.3997012738705504,0.004881080208314549,4313,1,0.4313,0.4314,0.4396105091592998,0.004952716830185226
1,SDS2_MAIN9,SD-S2,MAIN9,"main reference nine (linear energy row, Table 5-1 verdicts in every state)","SDS2_MAIN9:DIAG-frontier:M2[N=512,alpha_train=m*/N=0/512]",M2_joint_chance_saa,diagnostic_frontier,,,,optimal,0.0,300.0,0.6111344126984477,,,True,SD-12MO,False,10000,,,342,0,0.0342,0.0342,0.03734176710101112,0.0018174256518493405,0.0,0,0.0419,0.04534598232376268,0.0342,0.0342,0.03734176710101112,0.035,0.03817506036904642,0.0427,0.0461757013094624,0.035,0.0427,0.02,0.02245935301710235,0.02,0.0152,0.017370720343188973,0.0419,0.0093,0.0012,0.0012,0,81,0,T51-DGC-0.50,0.0,in_domain_conditional,T51-DGC-0.50=0.0342;T51-DGC-0.33=0.0342;T51-DGC-0.67=0.0342;T51-CORNKERNEL-0.50=0.0342,3,0,True,,,,,342,0,0.0342,0.0342,0.03734176710101112,0.0018174256518493405,350,0,0.035,0.035,0.03817506036904642,0.0018377975949489106
1,SDS2_MAIN9,SD-S2,MAIN9,"main reference nine (linear energy row, Table 5-1 verdicts in every state)","SDS2_MAIN9:DIAG-frontier:M2[N=512,alpha_train=m*/N=0/512]",M2_joint_chance_saa,diagnostic_frontier,,,,optimal,0.0,300.0,0.6111344126984477,,,True,SD-SRC12,False,10000,,,4365,1,0.4365,0.4366,0.4448207771066986,0.004959641519303588,0.0,0,0.4657,0.4739615106969514,0.4365,0.4366,0.4448207771066986,0.4739,0.48216790518924446,0.4991,0.507373676064311,0.4739,0.4991,0.2905,0.29806204743947157,0.2905,0.2567,0.26398681079806685,0.4657,0.0724,0.0269,0.0273,6,461,4,T51-DGC-0.50,0.0,in_domain_conditional,T51-DGC-0.50=0.4366;T51-DGC-0.33=0.4366;T51-DGC-0.67=0.4366;T51-CORNKERNEL-0.50=0.4366,684,4,True,,,,,4365,1,0.4365,0.4366,0.4448207771066986,0.004959641519303588,4738,1,0.4738,0.4739,0.48216790518924446,0.004993183253196302
1,SDS2_MAIN9,SD-S2,MAIN9,"main reference nine (linear energy row, Table 5-1 verdicts in every state)","SDS2_MAIN9:DIAG-frontier:M2[N=1024,alpha_train=m*/N=0/1024]",M2_joint_chance_saa,diagnostic_frontier,,,,optimal,0.0,300.0,1.6759063261561096,,,True,SD-H0,False,10000,,,3530,2,0.353,0.3532,0.361142731190239,0.004779641827584992,0.0,0,0.3992,0.40732637569015967,0.353,0.3532,0.361142731190239,0.4479,0.456139953192326,0.4826,0.49087226171086656,0.4479,0.4826,0.2336,0.2406666440989001,0.2336,0.2713,0.2787122249511701,0.3992,0.1079,0.0454,0.0458,4,629,4,T51-DGC-0.50,0.0,in_domain_conditional,T51-DGC-0.50=0.3532;T51-DGC-0.33=0.3532;T51-DGC-0.67=0.3532;T51-CORNKERNEL-0.50=0.3532,1007,4,True,,,,,3530,2,0.353,0.3532,0.361142731190239,0.004779641827584992,4478,1,0.4478,0.4479,0.456139953192326,0.0049727818170517
1,SDS2_MAIN9,SD-S2,MAIN9,"main reference nine (linear energy row, Table 5-1 verdicts in every state)","SDS2_MAIN9:DIAG-frontier:M2[N=1024,alpha_train=m*/N=0/1024]",M2_joint_chance_saa,diagnostic_frontier,,,,optimal,0.0,300.0,1.6759063261561096,,,True,SD-S2,True,10000,0.0068,0.008314430880455064,50,0,0.005,0.005,0.006324499770793831,0.0007053367989832942,0.0,0,0.0068,0.008314430880455064,0.005,0.005,0.006324499770793831,0.0157,0.017902839398062906,0.0175,0.019814234143090685,0.0157,0.0175,0.004,0.0052037929808234195,0.004,0.0119,0.013843294026811222,0.0068,0.0018,0.0,0.0,0,18,0,T51-DGC-0.50,0.0,in_domain_conditional,T51-DGC-0.50=0.005;T51-DGC-0.33=0.005;T51-DGC-0.67=0.005;T51-CORNKERNEL-0.50=0.005,0,0,True,,,,,50,0,0.005,0.005,0.006324499770793831,0.0007053367989832942,157,0,0.0157,0.0157,0.017902839398062906,0.0012431214743539747
1,SDS2_MAIN9,SD-S2,MAIN9,"main reference nine (linear energy row, Table 5-1 verdicts in every state)","SDS2_MAIN9:DIAG-frontier:M2[N=1024,alpha_train=m*/N=0/1024]",M2_joint_chance_saa,diagnostic_frontier,,,,optimal,0.0,300.0,1.6759063261561096,,,True,SD-SRC14,False,10000,,,3100,2,0.31,0.3102,0.3178989320265743,0.004625753560232105,0.0,0,0.3503,0.3582285500425773,0.31,0.3102,0.3178989320265743,0.4136,0.42176840775602426,0.4438,0.45203349066189014,0.4136,0.4438,0.2031,0.20983096199985235,0.2031,0.2549,0.26217063229634174,0.3503,0.0728,0.0206,0.021,0,522,4,T51-DGC-0.50,0.0,in_domain_conditional,T51-DGC-0.50=0.3102;T51-DGC-0.33=0.3102;T51-DGC-0.67=0.3102;T51-CORNKERNEL-0.50=0.3102,330,4,True,,,,,3100,2,0.31,0.3102,0.3178989320265743,0.004625753560232105,4135,1,0.4135,0.4136,0.42176840775602426,0.004924784665343248
1,SDS2_MAIN9,SD-S2,MAIN9,"main reference nine (linear energy row, Table 5-1 verdicts in every state)","SDS2_MAIN9:DIAG-frontier:M2[N=1024,alpha_train=m*/N=0/1024]",M2_joint_chance_saa,diagnostic_frontier,,,,optimal,0.0,300.0,1.6759063261561096,,,True,SD-12MO,False,10000,,,65,0,0.0065,0.0065,0.00798471527353767,0.0008036012692872006,0.0,0,0.0113,0.01319855965084901,0.0065,0.0065,0.00798471527353767,0.0175,0.019814234143090685,0.0223,0.024884559877903285,0.0175,0.0223,0.0052,0.0065471419610077,0.0052,0.0125,0.014486877418847258,0.0113,0.0052,0.0002,0.0002,0,50,0,T51-DGC-0.50,0.0,in_domain_conditional,T51-DGC-0.50=0.0065;T51-DGC-0.33=0.0065;T51-DGC-0.67=0.0065;T51-CORNKERNEL-0.50=0.0065,3,0,True,,,,,65,0,0.0065,0.0065,0.00798471527353767,0.0008036012692872006,175,0,0.0175,0.0175,0.019814234143090685,0.0013112494041943356
1,SDS2_MAIN9,SD-S2,MAIN9,"main reference nine (linear energy row, Table 5-1 verdicts in every state)","SDS2_MAIN9:DIAG-frontier:M2[N=1024,alpha_train=m*/N=0/1024]",M2_joint_chance_saa,diagnostic_frontier,,,,optimal,0.0,300.0,1.6759063261561096,,,True,SD-SRC12,False,10000,,,3324,2,0.3324,0.3326,0.34043502322277075,0.004711446062516263,0.0,0,0.373,0.38103118075922643,0.3324,0.3326,0.34043502322277075,0.4326,0.44081295975976315,0.4638,0.47205971148460785,0.4326,0.4638,0.2258,0.2327859016208014,0.2258,0.2576,0.26489484006009306,0.373,0.0802,0.025,0.0254,2,554,4,T51-DGC-0.50,0.0,in_domain_conditional,T51-DGC-0.50=0.3326;T51-DGC-0.33=0.3326;T51-DGC-0.67=0.3326;T51-CORNKERNEL-0.50=0.3326,684,4,True,,,,,3324,2,0.3324,0.3326,0.34043502322277075,0.004711446062516263,4325,1,0.4325,0.4326,0.44081295975976315,0.00495436413679899
1,SDSRC14_MAIN9,SD-SRC14,MAIN9,"main reference nine (linear energy row, Table 5-1 verdicts in every state)",SDSRC14_MAIN9:M0,M0_nominal,method,,,,optimal,,300.0,0.007391678169369698,,,True,SD-H0,False,10000,,,8719,0,0.8719,0.8719,0.8773665751076721,0.0033420112208070157,0.0,0,0.9064,0.9111530382012035,0.8719,0.8719,0.8773665751076721,0.8798,0.8851167479941164,0.9123,0.91691338180855,0.8798,0.9123,0.5396,0.5478391392719986,0.5396,0.7386,0.7458254451186364,0.9064,0.503,0.3586,0.3586,51,1495,0,T51-DGC-0.50,0.0,in_domain_conditional,T51-DGC-0.50=0.8719;T51-DGC-0.33=0.8719;T51-DGC-0.67=0.8719;T51-CORNKERNEL-0.50=0.8719,1001,0,True,,,alpha=0.01:False;alpha=0.05:False;alpha=0.1:False,alpha=0.01:False;alpha=0.05:False;alpha=0.1:False,8719,0,0.8719,0.8719,0.8773665751076721,0.0033420112208070157,8798,0,0.8798,0.8798,0.8851167479941164,0.0032519526441816458
1,SDSRC14_MAIN9,SD-SRC14,MAIN9,"main reference nine (linear energy row, Table 5-1 verdicts in every state)",SDSRC14_MAIN9:M0,M0_nominal,method,,,,optimal,,300.0,0.007391678169369698,,,True,SD-S2,False,10000,,,8032,0,0.8032,0.8032,0.8097237760937208,0.00397579878766519,0.0,0,0.8744,0.8798199320227706,0.8032,0.8032,0.8097237760937208,0.8032,0.8097237760937208,0.8744,0.8798199320227706,0.8032,0.8744,0.5069,0.5151712268837845,0.5069,0.6139,0.6219327755334225,0.8744,0.5004,0.2134,0.2134,0,2870,0,T51-DGC-0.50,0.0,in_domain_conditional,T51-DGC-0.50=0.8032;T51-DGC-0.33=0.8032;T51-DGC-0.67=0.8032;T51-CORNKERNEL-0.50=0.8032,0,0,True,,,alpha=0.01:False;alpha=0.05:False;alpha=0.1:False,alpha=0.01:False;alpha=0.05:False;alpha=0.1:False,8032,0,0.8032,0.8032,0.8097237760937208,0.00397579878766519,8032,0,0.8032,0.8032,0.8097237760937208,0.00397579878766519
1,SDSRC14_MAIN9,SD-SRC14,MAIN9,"main reference nine (linear energy row, Table 5-1 verdicts in every state)",SDSRC14_MAIN9:M0,M0_nominal,method,,,,optimal,,300.0,0.007391678169369698,,,True,SD-SRC14,True,10000,0.9064,0.9111530382012035,8719,0,0.8719,0.8719,0.8773665751076721,0.0033420112208070157,0.0,0,0.9064,0.9111530382012035,0.8719,0.8719,0.8773665751076721,0.8798,0.8851167479941164,0.9123,0.91691338180855,0.8798,0.9123,0.5396,0.5478391392719986,0.5396,0.7386,0.7458254451186364,0.9064,0.503,0.3586,0.3586,51,1495,0,T51-DGC-0.50,0.0,in_domain_conditional,T51-DGC-0.50=0.8719;T51-DGC-0.33=0.8719;T51-DGC-0.67=0.8719;T51-CORNKERNEL-0.50=0.8719,323,0,True,,,alpha=0.01:False;alpha=0.05:False;alpha=0.1:False,alpha=0.01:False;alpha=0.05:False;alpha=0.1:False,8719,0,0.8719,0.8719,0.8773665751076721,0.0033420112208070157,8798,0,0.8798,0.8798,0.8851167479941164,0.0032519526441816458
1,SDSRC14_MAIN9,SD-SRC14,MAIN9,"main reference nine (linear energy row, Table 5-1 verdicts in every state)",SDSRC14_MAIN9:M0,M0_nominal,method,,,,optimal,,300.0,0.007391678169369698,,,True,SD-12MO,False,10000,,,8032,0,0.8032,0.8032,0.8097237760937208,0.00397579878766519,0.0,0,0.8744,0.8798199320227706,0.8032,0.8032,0.8097237760937208,0.8032,0.8097237760937208,0.8744,0.8798199320227706,0.8032,0.8744,0.5069,0.5151712268837845,0.5069,0.6139,0.6219327755334225,0.8744,0.5004,0.2134,0.2134,0,2870,0,T51-DGC-0.50,0.0,in_domain_conditional,T51-DGC-0.50=0.8032;T51-DGC-0.33=0.8032;T51-DGC-0.67=0.8032;T51-CORNKERNEL-0.50=0.8032,3,0,True,,,alpha=0.01:False;alpha=0.05:False;alpha=0.1:False,alpha=0.01:False;alpha=0.05:False;alpha=0.1:False,8032,0,0.8032,0.8032,0.8097237760937208,0.00397579878766519,8032,0,0.8032,0.8032,0.8097237760937208,0.00397579878766519
1,SDSRC14_MAIN9,SD-SRC14,MAIN9,"main reference nine (linear energy row, Table 5-1 verdicts in every state)",SDSRC14_MAIN9:M0,M0_nominal,method,,,,optimal,,300.0,0.007391678169369698,,,True,SD-SRC12,False,10000,,,8719,0,0.8719,0.8719,0.8773665751076721,0.0033420112208070157,0.0,0,0.9064,0.9111530382012035,0.8719,0.8719,0.8773665751076721,0.8798,0.8851167479941164,0.9123,0.91691338180855,0.8798,0.9123,0.5396,0.5478391392719986,0.5396,0.7386,0.7458254451186364,0.9064,0.503,0.3586,0.3586,51,1495,0,T51-DGC-0.50,0.0,in_domain_conditional,T51-DGC-0.50=0.8719;T51-DGC-0.33=0.8719;T51-DGC-0.67=0.8719;T51-CORNKERNEL-0.50=0.8719,678,0,True,,,alpha=0.01:False;alpha=0.05:False;alpha=0.1:False,alpha=0.01:False;alpha=0.05:False;alpha=0.1:False,8719,0,0.8719,0.8719,0.8773665751076721,0.0033420112208070157,8798,0,0.8798,0.8798,0.8851167479941164,0.0032519526441816458
1,SDSRC14_MAIN9,SD-SRC14,MAIN9,"main reference nine (linear energy row, Table 5-1 verdicts in every state)","SDSRC14_MAIN9:M1[relative,apply_to_dm=True]@alpha=0.05",M1_safety_margin,method,0.05,not_met,,,,300.0,,optimal;proven_infeasible,"no value of the declared grid met the validation screen (candidate statuses: optimal, proven_infeasible); a grid without a solution is not a statement about the whole decision space",False,,,,,,,,,,,,,,,,,,,,,,,,,,,,,,,,,,,,,,,,,,,,,,,,,,,,,,,,,,,
1,SDSRC14_MAIN9,SD-SRC14,MAIN9,"main reference nine (linear energy row, Table 5-1 verdicts in every state)","SDSRC14_MAIN9:M1[relative,apply_to_dm=False]@alpha=0.05",M1_safety_margin,method,0.05,not_met,,,,300.0,,optimal;proven_infeasible,"no value of the declared grid met the validation screen (candidate statuses: optimal, proven_infeasible); a grid without a solution is not a statement about the whole decision space",False,,,,,,,,,,,,,,,,,,,,,,,,,,,,,,,,,,,,,,,,,,,,,,,,,,,,,,,,,,,
1,SDSRC14_MAIN9,SD-SRC14,MAIN9,"main reference nine (linear energy row, Table 5-1 verdicts in every state)",SDSRC14_MAIN9:M2[N=128]@alpha=0.05,M2_joint_chance_saa,method,0.05,not_met,,,,300.0,,optimal,no value of the declared grid met the validation screen (candidate statuses: optimal); a grid without a solution is not a statement about the whole decision space,False,,,,,,,,,,,,,,,,,,,,,,,,,,,,,,,,,,,,,,,,,,,,,,,,,,,,,,,,,,,
1,SDSRC14_MAIN9,SD-SRC14,MAIN9,"main reference nine (linear energy row, Table 5-1 verdicts in every state)",SDSRC14_MAIN9:M2[N=512]@alpha=0.05,M2_joint_chance_saa,method,0.05,selected,alpha_train=0.025,optimal,9.927276673793102e-05,300.0,61.81405679602176,feasible_time_limit;optimal,,True,SD-H0,False,10000,,,1468,130,0.1468,0.1598,0.165950238260191,0.003664204688605701,0.0127,126,0.2635,0.2708464965793265,0.149,0.1494,0.15538907757784298,0.201,0.20770579161128602,0.2781,0.2855672023016433,0.1907,0.2884,0.067,0.07125669131963026,0.0775,0.1417,0.14756347688838697,0.2531,0.2031,0.0912,0.0916,0,1119,4,T51-DGC-0.50,0.0,in_domain_conditional,T51-DGC-0.50=0.1598;T51-DGC-0.33=0.1494;T51-DGC-0.67=0.8673;T51-CORNKERNEL-0.50=0.1494,1007,4,True,False,False,alpha=0.05:False,alpha=0.05:False,1490,4,0.149,0.1494,0.15538907757784298,0.003564823137267823,1904,3,0.1904,0.1907,0.19727819450552558,0.003928530386798606
1,SDSRC14_MAIN9,SD-SRC14,MAIN9,"main reference nine (linear energy row, Table 5-1 verdicts in every state)",SDSRC14_MAIN9:M2[N=512]@alpha=0.05,M2_joint_chance_saa,method,0.05,selected,alpha_train=0.025,optimal,9.927276673793102e-05,300.0,61.81405679602176,feasible_time_limit;optimal,,True,SD-S2,False,10000,,,0,0,0.0,0.0,0.00029952835977661195,0.0,0.0,0,0.001,0.001695631453645378,0.0,0.0,0.00029952835977661195,0.0004,0.0009151160584710777,0.0014,0.0021877855042221226,0.0004,0.0014,0.0,0.00029952835977661195,0.0,0.0004,0.0009151160584710777,0.001,0.001,0.0,0.0,0,10,0,T51-DGC-0.50,0.0,in_domain_conditional,T51-DGC-0.50=0;T51-DGC-0.33=0;T51-DGC-0.67=1;T51-CORNKERNEL-0.50=0,0,0,True,True,True,alpha=0.05:True,alpha=0.05:True,0,0,0.0,0.0,0.00029952835977661195,0.0,4,0,0.0004,0.0004,0.0009151160584710777,0.0001999599959991998
1,SDSRC14_MAIN9,SD-SRC14,MAIN9,"main reference nine (linear energy row, Table 5-1 verdicts in every state)",SDSRC14_MAIN9:M2[N=512]@alpha=0.05,M2_joint_chance_saa,method,0.05,selected,alpha_train=0.025,optimal,9.927276673793102e-05,300.0,61.81405679602176,feasible_time_limit;optimal,,True,SD-SRC14,True,10000,0.0412,0.044619710813105264,219,4,0.0219,0.0223,0.024884559877903285,0.0014765740753514536,0.0,0,0.0412,0.044619710813105264,0.0219,0.0223,0.024884559877903285,0.063,0.06714153155318701,0.0796,0.08419341580589647,0.063,0.0796,0.0157,0.017902839398062906,0.0157,0.0475,0.051147623677428304,0.0412,0.0199,0.0001,0.0005,0,198,4,T51-DGC-0.50,0.0,in_domain_conditional,T51-DGC-0.50=0.0223;T51-DGC-0.33=0.0223;T51-DGC-0.67=0.9997;T51-CORNKERNEL-0.50=0.0223,330,4,True,True,True,alpha=0.05:True,alpha=0.05:True,219,4,0.0219,0.0223,0.024884559877903285,0.0014765740753514536,627,3,0.0627,0.063,0.06714153155318701,0.002429629601400181
1,SDSRC14_MAIN9,SD-SRC14,MAIN9,"main reference nine (linear energy row, Table 5-1 verdicts in every state)",SDSRC14_MAIN9:M2[N=512]@alpha=0.05,M2_joint_chance_saa,method,0.05,selected,alpha_train=0.025,optimal,9.927276673793102e-05,300.0,61.81405679602176,feasible_time_limit;optimal,,True,SD-12MO,False,10000,,,18,0,0.0018,0.0018,0.0026680168913457572,0.0004238820590683215,0.0,0,0.0412,0.044619710813105264,0.0018,0.0018,0.0026680168913457572,0.0032,0.004295884196653873,0.042,0.04544971486137441,0.0032,0.042,0.0,0.00029952835977661195,0.0,0.0032,0.004295884196653873,0.0412,0.0412,0.0018,0.0018,0,394,0,T51-DGC-0.50,0.0,in_domain_conditional,T51-DGC-0.50=0.0018;T51-DGC-0.33=0.0018;T51-DGC-0.67=0.9743;T51-CORNKERNEL-0.50=0.0018,3,0,True,True,True,alpha=0.05:True,alpha=0.05:True,18,0,0.0018,0.0018,0.0026680168913457572,0.0004238820590683215,32,0,0.0032,0.0032,0.004295884196653873,0.0005647796030311293
1,SDSRC14_MAIN9,SD-SRC14,MAIN9,"main reference nine (linear energy row, Table 5-1 verdicts in every state)",SDSRC14_MAIN9:M2[N=512]@alpha=0.05,M2_joint_chance_saa,method,0.05,selected,alpha_train=0.025,optimal,9.927276673793102e-05,300.0,61.81405679602176,feasible_time_limit;optimal,,True,SD-SRC12,False,10000,,,385,27,0.0385,0.0412,0.044619710813105264,0.001987525094181203,0.0023,23,0.1014,0.10650135368714728,0.0389,0.0393,0.04264709372189275,0.085,0.08972718779188904,0.1349,0.1406477903369562,0.0831,0.1368,0.0265,0.029296443443979348,0.0284,0.0579,0.06188799698339685,0.0995,0.0696,0.007,0.0074,0,626,4,T51-DGC-0.50,0.0,in_domain_conditional,T51-DGC-0.50=0.0412;T51-DGC-0.33=0.0393;T51-DGC-0.67=0.8629;T51-CORNKERNEL-0.50=0.0393,684,4,True,True,True,alpha=0.05:True,alpha=0.05:True,389,4,0.0389,0.0393,0.04264709372189275,0.0019430777133197736,828,3,0.0828,0.0831,0.08778077499872926,0.0027603331320693886
1,SDSRC14_MAIN9,SD-SRC14,MAIN9,"main reference nine (linear energy row, Table 5-1 verdicts in every state)",SDSRC14_MAIN9:M2[N=1024]@alpha=0.05,M2_joint_chance_saa,method,0.05,selected,alpha_train=0.0375,feasible_time_limit,0.028181057484551967,300.0,301.33587523316965,feasible_time_limit;optimal,,True,SD-H0,False,10000,,,1770,1087,0.177,0.2857,0.2932261489511351,0.004517471748666504,0.1102,1083,0.3819,0.38996626676484253,0.1912,0.1916,0.19818962426897435,0.3001,0.30773082232075355,0.2955,0.30309836558662484,0.2065,0.3886,0.0892,0.09402738766659438,0.184,0.1457,0.15162941711316116,0.2883,0.2324,0.1271,0.1275,0,1053,4,T51-DGC-0.50,0.0,in_domain_conditional,T51-DGC-0.50=0.2857;T51-DGC-0.33=0.1916;T51-DGC-0.67=0.9677;T51-CORNKERNEL-0.50=0.1916,1007,4,True,False,False,alpha=0.05:False,alpha=0.05:False,1912,4,0.1912,0.1916,0.19818962426897435,0.003935599573127327,2061,4,0.2061,0.2065,0.21327112527887074,0.00404793465856355
1,SDSRC14_MAIN9,SD-SRC14,MAIN9,"main reference nine (linear energy row, Table 5-1 verdicts in every state)",SDSRC14_MAIN9:M2[N=1024]@alpha=0.05,M2_joint_chance_saa,method,0.05,selected,alpha_train=0.0375,feasible_time_limit,0.028181057484551967,300.0,301.33587523316965,feasible_time_limit;optimal,,True,SD-S2,False,10000,,,0,0,0.0,0.0,0.00029952835977661195,0.0,0.0,0,0.0018,0.0026680168913457572,0.0,0.0,0.00029952835977661195,0.0,0.00029952835977661195,0.0018,0.0026680168913457572,0.0,0.0018,0.0,0.00029952835977661195,0.0,0.0,0.00029952835977661195,0.0018,0.0018,0.0,0.0,0,18,0,T51-DGC-0.50,0.0,in_domain_conditional,T51-DGC-0.50=0;T51-DGC-0.33=0;T51-DGC-0.67=1;T51-CORNKERNEL-0.50=0,0,0,True,True,True,alpha=0.05:True,alpha=0.05:True,0,0,0.0,0.0,0.00029952835977661195,0.0,0,0,0.0,0.0,0.00029952835977661195,0.0
1,SDSRC14_MAIN9,SD-SRC14,MAIN9,"main reference nine (linear energy row, Table 5-1 verdicts in every state)",SDSRC14_MAIN9:M2[N=1024]@alpha=0.05,M2_joint_chance_saa,method,0.05,selected,alpha_train=0.0375,feasible_time_limit,0.028181057484551967,300.0,301.33587523316965,feasible_time_limit;optimal,,True,SD-SRC14,True,10000,0.0371,0.04036047879098664,198,4,0.0198,0.0202,0.02267053568297092,0.0014068390099794645,0.0,0,0.0371,0.04036047879098664,0.0198,0.0202,0.02267053568297092,0.0337,0.03682073782681344,0.0499,0.053629804774922955,0.0337,0.0499,0.0168,0.019071664120561205,0.0168,0.017,0.01928392073307218,0.0371,0.0178,0.0001,0.0005,0,177,4,T51-DGC-0.50,0.0,in_domain_conditional,T51-DGC-0.50=0.0202;T51-DGC-0.33=0.0202;T51-DGC-0.67=1;T51-CORNKERNEL-0.50=0.0202,330,4,True,True,True,alpha=0.05:True,alpha=0.05:True,198,4,0.0198,0.0202,0.02267053568297092,0.0014068390099794645,333,4,0.0333,0.0337,0.03682073782681344,0.0018045583947326283
1,SDSRC14_MAIN9,SD-SRC14,MAIN9,"main reference nine (linear energy row, Table 5-1 verdicts in every state)",SDSRC14_MAIN9:M2[N=1024]@alpha=0.05,M2_joint_chance_saa,method,0.05,selected,alpha_train=0.0375,feasible_time_limit,0.028181057484551967,300.0,301.33587523316965,feasible_time_limit;optimal,,True,SD-12MO,False,10000,,,67,62,0.0067,0.0129,0.01491533371401061,0.0011284320980900887,0.0062,62,0.0675,0.07177078336167883,0.0067,0.0067,0.008204600723855685,0.013,0.015022376039174865,0.0613,0.065391224444091,0.0068,0.0675,0.0001,0.0004742976591654368,0.0063,0.0067,0.008204600723855685,0.0613,0.0612,0.0066,0.0066,0,546,0,T51-DGC-0.50,0.0,in_domain_conditional,T51-DGC-0.50=0.0129;T51-DGC-0.33=0.0067;T51-DGC-0.67=0.9998;T51-CORNKERNEL-0.50=0.0067,3,0,True,True,True,alpha=0.05:True,alpha=0.05:True,67,0,0.0067,0.0067,0.008204600723855685,0.0008157885755512883,68,0,0.0068,0.0068,0.008314430880455064,0.0008218126307133518
1,SDSRC14_MAIN9,SD-SRC14,MAIN9,"main reference nine (linear energy row, Table 5-1 verdicts in every state)",SDSRC14_MAIN9:M2[N=1024]@alpha=0.05,M2_joint_chance_saa,method,0.05,selected,alpha_train=0.0375,feasible_time_limit,0.028181057484551967,300.0,301.33587523316965,feasible_time_limit;optimal,,True,SD-SRC12,False,10000,,,404,730,0.0404,0.1134,0.11874904008996244,0.0031708112526607447,0.0745,726,0.1798,0.18623531764275672,0.0493,0.0497,0.05342304600886421,0.1302,0.13586506221823086,0.1287,0.13433816343328087,0.0674,0.191,0.034,0.03713337607735263,0.0983,0.0347,0.037862625679056225,0.1166,0.0843,0.0137,0.0141,0,706,4,T51-DGC-0.50,0.0,in_domain_conditional,T51-DGC-0.50=0.1134;T51-DGC-0.33=0.0497;T51-DGC-0.67=0.9665;T51-CORNKERNEL-0.50=0.0497,684,4,True,True,False,alpha=0.05:False,alpha=0.05:False,493,4,0.0493,0.0497,0.05342304600886421,0.0021732443488940677,670,4,0.067,0.0674,0.07166797017397576,0.002507134619441086
1,SDSRC14_MAIN9,SD-SRC14,MAIN9,"main reference nine (linear energy row, Table 5-1 verdicts in every state)",SDSRC14_MAIN9:M3a[factory box]@alpha=0.05,M3a_box_robust,method,0.05,not_met,,,,300.0,,optimal;proven_infeasible,"no value of the declared grid met the validation screen (candidate statuses: optimal, proven_infeasible); a grid without a solution is not a statement about the whole decision space",False,,,,,,,,,,,,,,,,,,,,,,,,,,,,,,,,,,,,,,,,,,,,,,,,,,,,,,,,,,,
1,SDSRC14_MAIN9,SD-SRC14,MAIN9,"main reference nine (linear energy row, Table 5-1 verdicts in every state)","SDSRC14_MAIN9:M3b[factory box k=1.5, Gamma selected]@alpha=0.05",M3b_budget_robust,method,0.05,selected,gamma=3,optimal,,300.0,0.005039981100708246,optimal;proven_infeasible,,True,SD-H0,False,10000,,,1470,4522,0.147,0.5992,0.6072886757678592,0.0049006056768526075,0.467,4521,0.6405,0.6484119252958471,0.2615,0.2616,0.2689300458929402,0.6559,0.6637299974211863,0.3637,0.37169144071250965,0.336,0.6802,0.1846,0.19109926355479165,0.5292,0.2038,0.21053929011349123,0.3076,0.1501,0.0997,0.1001,5,509,4,T51-DGC-0.50,0.0,in_domain_conditional,T51-DGC-0.50=0.5992;T51-DGC-0.33=0.2616;T51-DGC-0.67=0.9966;T51-CORNKERNEL-0.50=0.2616,1007,4,True,False,False,alpha=0.05:False,alpha=0.05:False,2615,1,0.2615,0.2616,0.2689300458929402,0.0043950590439719925,3359,1,0.3359,0.336,0.3438539298187191,0.004723388614120164
1,SDSRC14_MAIN9,SD-SRC14,MAIN9,"main reference nine (linear energy row, Table 5-1 verdicts in every state)","SDSRC14_MAIN9:M3b[factory box k=1.5, Gamma selected]@alpha=0.05",M3b_budget_robust,method,0.05,selected,gamma=3,optimal,,300.0,0.005039981100708246,optimal;proven_infeasible,,True,SD-S2,False,10000,,,0,4861,0.0,0.4861,0.4943733105554517,0.004998067526554639,0.4861,4861,0.4861,0.4943733105554517,0.0,0.0,0.00029952835977661195,0.4877,0.4959736556636947,0.0024,0.0033735941066086396,0.0024,0.4877,0.0,0.00029952835977661195,0.4861,0.0024,0.0033735941066086396,0.0,0.0,0.0,0.0,0,0,0,T51-DGC-0.50,0.0,in_domain_conditional,T51-DGC-0.50=0.4861;T51-DGC-0.33=0;T51-DGC-0.67=1;T51-CORNKERNEL-0.50=0,0,0,True,True,True,alpha=0.05:True,alpha=0.05:True,0,0,0.0,0.0,0.00029952835977661195,0.0,24,0,0.0024,0.0024,0.0033735941066086396,0.0004893097178679368
1,SDSRC14_MAIN9,SD-SRC14,MAIN9,"main reference nine (linear energy row, Table 5-1 verdicts in every state)","SDSRC14_MAIN9:M3b[factory box k=1.5, Gamma selected]@alpha=0.05",M3b_budget_robust,method,0.05,selected,gamma=3,optimal,,300.0,0.005039981100708246,optimal;proven_infeasible,,True,SD-SRC14,True,10000,0.0134,0.015450267967258404,133,4859,0.0133,0.4992,0.5074736573279313,0.004999993599995904,0.4911,4856,0.499,0.5072736944717835,0.0133,0.0136,0.01566405176950207,0.5428,0.5510340990789434,0.089,0.09382268880828884,0.0892,0.5426,0.0013,0.0020660643831529055,0.4919,0.088,0.09279908734774539,0.0134,0.0001,0.0,0.0004,0,1,4,T51-DGC-0.50,0.0,in_domain_conditional,T51-DGC-0.50=0.4992;T51-DGC-0.33=0.0136;T51-DGC-0.67=1;T51-CORNKERNEL-0.50=0.0136,330,4,True,True,True,alpha=0.05:True,alpha=0.05:True,133,3,0.0133,0.0136,0.01566405176950207,0.0011582331371533107,889,3,0.0889,0.0892,0.09402738766659438,0.0028503220870631446
1,SDSRC14_MAIN9,SD-SRC14,MAIN9,"main reference nine (linear energy row, Table 5-1 verdicts in every state)","SDSRC14_MAIN9:M3b[factory box k=1.5, Gamma selected]@alpha=0.05",M3b_budget_robust,method,0.05,selected,gamma=3,optimal,,300.0,0.005039981100708246,optimal;proven_infeasible,,True,SD-12MO,False,10000,,,30,4775,0.003,0.4805,0.48877143867470546,0.004996196052998721,0.4776,4775,0.4912,0.4994741167996728,0.0074,0.0074,0.0089719337548342,0.4958,0.5040741098438999,0.0316,0.034630465522242915,0.0244,0.5028,0.0048,0.00610139897368877,0.478,0.0197,0.022142466979503388,0.0183,0.0135,0.0026,0.0026,0,109,0,T51-DGC-0.50,0.0,in_domain_conditional,T51-DGC-0.50=0.4805;T51-DGC-0.33=0.0074;T51-DGC-0.67=1;T51-CORNKERNEL-0.50=0.0074,3,0,True,True,True,alpha=0.05:True,alpha=0.05:True,74,0,0.0074,0.0074,0.0089719337548342,0.0008570437561758443,244,0,0.0244,0.0244,0.02709296451800105,0.0015428752379891253
1,SDSRC14_MAIN9,SD-SRC14,MAIN9,"main reference nine (linear energy row, Table 5-1 verdicts in every state)","SDSRC14_MAIN9:M3b[factory box k=1.5, Gamma selected]@alpha=0.05",M3b_budget_robust,method,0.05,selected,gamma=3,optimal,,300.0,0.005039981100708246,optimal;proven_infeasible,,True,SD-SRC12,False,10000,,,202,4714,0.0202,0.4916,0.49987414383141326,0.004999294350205836,0.4793,4712,0.5019,0.5101730271189405,0.1149,0.1151,0.12048256473951886,0.5511,0.5593194374388257,0.2071,0.21387813818447218,0.1998,0.5571,0.1001,0.10517328620310055,0.482,0.111,0.11630107541238724,0.1272,0.0182,0.0052,0.0056,1,131,4,T51-DGC-0.50,0.0,in_domain_conditional,T51-DGC-0.50=0.4916;T51-DGC-0.33=0.1151;T51-DGC-0.67=0.996;T51-CORNKERNEL-0.50=0.1151,684,4,True,False,False,alpha=0.05:False,alpha=0.05:False,1149,2,0.1149,0.1151,0.12048256473951886,0.003191425856885916,1996,2,0.1996,0.1998,0.2064912823044766,0.0039984992184568455
1,SDSRC14_MAIN9,SD-SRC14,MAIN9,"main reference nine (linear energy row, Table 5-1 verdicts in every state)","SDSRC14_MAIN9:M1[relative,apply_to_dm=True]@alpha=0.1",M1_safety_margin,method,0.1,not_met,,,,300.0,,optimal;proven_infeasible,"no value of the declared grid met the validation screen (candidate statuses: optimal, proven_infeasible); a grid without a solution is not a statement about the whole decision space",False,,,,,,,,,,,,,,,,,,,,,,,,,,,,,,,,,,,,,,,,,,,,,,,,,,,,,,,,,,,
1,SDSRC14_MAIN9,SD-SRC14,MAIN9,"main reference nine (linear energy row, Table 5-1 verdicts in every state)","SDSRC14_MAIN9:M1[relative,apply_to_dm=False]@alpha=0.1",M1_safety_margin,method,0.1,not_met,,,,300.0,,optimal;proven_infeasible,"no value of the declared grid met the validation screen (candidate statuses: optimal, proven_infeasible); a grid without a solution is not a statement about the whole decision space",False,,,,,,,,,,,,,,,,,,,,,,,,,,,,,,,,,,,,,,,,,,,,,,,,,,,,,,,,,,,
1,SDSRC14_MAIN9,SD-SRC14,MAIN9,"main reference nine (linear energy row, Table 5-1 verdicts in every state)",SDSRC14_MAIN9:M2[N=128]@alpha=0.1,M2_joint_chance_saa,method,0.1,not_met,,,,300.0,,optimal,no value of the declared grid met the validation screen (candidate statuses: optimal); a grid without a solution is not a statement about the whole decision space,False,,,,,,,,,,,,,,,,,,,,,,,,,,,,,,,,,,,,,,,,,,,,,,,,,,,,,,,,,,,
1,SDSRC14_MAIN9,SD-SRC14,MAIN9,"main reference nine (linear energy row, Table 5-1 verdicts in every state)",SDSRC14_MAIN9:M2[N=512]@alpha=0.1,M2_joint_chance_saa,method,0.1,selected,alpha_train=0.05,feasible_time_limit,0.014267453008481186,300.0,300.4876752849668,feasible_time_limit;optimal,,True,SD-H0,False,10000,,,1811,554,0.1811,0.2365,0.24359581562004945,0.004249326417210144,0.056,550,0.374,0.3820352658272539,0.1873,0.1877,0.19423969707818237,0.2489,0.2561155355226305,0.331,0.3388259689870516,0.2002,0.3793,0.1034,0.10854404308090787,0.1525,0.1257,0.13128362358810225,0.3256,0.2611,0.1054,0.1058,0,1557,4,T51-DGC-0.50,0.0,in_domain_conditional,T51-DGC-0.50=0.2365;T51-DGC-0.33=0.1877;T51-DGC-0.67=0.9446;T51-CORNKERNEL-0.50=0.1877,1007,4,True,False,False,alpha=0.1:False,alpha=0.1:False,1873,4,0.1873,0.1877,0.19423969707818237,0.0039047241900036934,1998,4,0.1998,0.2002,0.2068961289954122,0.0040014992190427826
1,SDSRC14_MAIN9,SD-SRC14,MAIN9,"main reference nine (linear energy row, Table 5-1 verdicts in every state)",SDSRC14_MAIN9:M2[N=512]@alpha=0.1,M2_joint_chance_saa,method,0.1,selected,alpha_train=0.05,feasible_time_limit,0.014267453008481186,300.0,300.4876752849668,feasible_time_limit;optimal,,True,SD-S2,False,10000,,,0,0,0.0,0.0,0.00029952835977661195,0.0,0.0,0,0.0069,0.008424188156133591,0.0,0.0,0.00029952835977661195,0.0,0.00029952835977661195,0.0069,0.008424188156133591,0.0,0.0069,0.0,0.00029952835977661195,0.0,0.0,0.00029952835977661195,0.0069,0.0069,0.0,0.0,0,69,0,T51-DGC-0.50,0.0,in_domain_conditional,T51-DGC-0.50=0;T51-DGC-0.33=0;T51-DGC-0.67=1;T51-CORNKERNEL-0.50=0,0,0,True,True,True,alpha=0.1:True,alpha=0.1:True,0,0,0.0,0.0,0.00029952835977661195,0.0,0,0,0.0,0.0,0.00029952835977661195,0.0
1,SDSRC14_MAIN9,SD-SRC14,MAIN9,"main reference nine (linear energy row, Table 5-1 verdicts in every state)",SDSRC14_MAIN9:M2[N=512]@alpha=0.1,M2_joint_chance_saa,method,0.1,selected,alpha_train=0.05,feasible_time_limit,0.014267453008481186,300.0,300.4876752849668,feasible_time_limit;optimal,,True,SD-SRC14,True,10000,0.0734,0.07783233396860371,328,4,0.0328,0.0332,0.036299534187164834,0.0017915847733222115,0.0,0,0.0734,0.07783233396860371,0.0328,0.0332,0.036299534187164834,0.044,0.04752332092666968,0.083,0.08767831288471123,0.044,0.083,0.0254,0.02814281748913582,0.0254,0.0187,0.02108517212482378,0.0734,0.0424,0.0001,0.0005,0,423,4,T51-DGC-0.50,0.0,in_domain_conditional,T51-DGC-0.50=0.0332;T51-DGC-0.33=0.0332;T51-DGC-0.67=1;T51-CORNKERNEL-0.50=0.0332,330,4,True,True,True,alpha=0.1:True,alpha=0.1:True,328,4,0.0328,0.0332,0.036299534187164834,0.0017915847733222115,436,4,0.0436,0.044,0.04752332092666968,0.002050950998927083
1,SDSRC14_MAIN9,SD-SRC14,MAIN9,"main reference nine (linear energy row, Table 5-1 verdicts in every state)",SDSRC14_MAIN9:M2[N=512]@alpha=0.1,M2_joint_chance_saa,method,0.1,selected,alpha_train=0.05,feasible_time_limit,0.014267453008481186,300.0,300.4876752849668,feasible_time_limit;optimal,,True,SD-12MO,False,10000,,,38,3,0.0038,0.0041,0.005316495826732534,0.0006389984350528568,0.0003,3,0.0862,0.09095614762391233,0.0038,0.0038,0.004977904077210066,0.0041,0.005316495826732534,0.0859,0.09064893294294898,0.0038,0.0862,0.0002,0.0006294441486871455,0.0005,0.0036,0.004751328785057626,0.0859,0.0857,0.0036,0.0036,0,821,0,T51-DGC-0.50,0.0,in_domain_conditional,T51-DGC-0.50=0.0041;T51-DGC-0.33=0.0038;T51-DGC-0.67=0.9981;T51-CORNKERNEL-0.50=0.0038,3,0,True,True,True,alpha=0.1:True,alpha=0.1:True,38,0,0.0038,0.0038,0.004977904077210066,0.0006152690468404858,38,0,0.0038,0.0038,0.004977904077210066,0.0006152690468404858
1,SDSRC14_MAIN9,SD-SRC14,MAIN9,"main reference nine (linear energy row, Table 5-1 verdicts in every state)",SDSRC14_MAIN9:M2[N=512]@alpha=0.1,M2_joint_chance_saa,method,0.1,selected,alpha_train=0.05,feasible_time_limit,0.014267453008481186,300.0,300.4876752849668,feasible_time_limit;optimal,,True,SD-SRC12,False,10000,,,579,282,0.0579,0.0861,0.09085374459178312,0.0028051165751176903,0.0285,278,0.1872,0.19373322074550758,0.0612,0.0616,0.06570016368002352,0.0997,0.10476459860381697,0.1712,0.17751653037607731,0.0753,0.1953,0.0446,0.04814502611454193,0.0694,0.0323,0.035360915991172616,0.163,0.119,0.0108,0.0112,0,1082,4,T51-DGC-0.50,0.0,in_domain_conditional,T51-DGC-0.50=0.0861;T51-DGC-0.33=0.0616;T51-DGC-0.67=0.9428;T51-CORNKERNEL-0.50=0.0616,684,4,True,True,True,alpha=0.1:True,alpha=0.1:True,612,4,0.0612,0.0616,0.06570016368002352,0.0024042761904573278,749,4,0.0749,0.0753,0.0797825978936263,0.0026387479985781137
1,SDSRC14_MAIN9,SD-SRC14,MAIN9,"main reference nine (linear energy row, Table 5-1 verdicts in every state)",SDSRC14_MAIN9:M2[N=1024]@alpha=0.1,M2_joint_chance_saa,method,0.1,selected,alpha_train=0.075,feasible_time_limit,0.03451232916542205,300.0,301.67137172585353,feasible_time_limit,,True,SD-H0,False,10000,,,1816,19,0.1816,0.1835,0.18998475428959946,0.0038707589695045597,0.0015,15,0.2855,0.2930246309934751,0.1825,0.1829,0.1893768040434661,0.2074,0.21418163629471573,0.2989,0.30652244294623615,0.2068,0.2995,0.0863,0.09105854879842432,0.0869,0.1434,0.14929168775500948,0.2849,0.2258,0.1132,0.1136,0,1126,4,T51-DGC-0.50,0.0,in_domain_conditional,T51-DGC-0.50=0.1835;T51-DGC-0.33=0.1829;T51-DGC-0.67=0.7595;T51-CORNKERNEL-0.50=0.1829,1007,4,True,False,False,alpha=0.1:False,alpha=0.1:False,1825,4,0.1825,0.1829,0.1893768040434661,0.0038658451857258845,2065,3,0.2065,0.2068,0.2135746345155024,0.004050108146704233
1,SDSRC14_MAIN9,SD-SRC14,MAIN9,"main reference nine (linear energy row, Table 5-1 verdicts in every state)",SDSRC14_MAIN9:M2[N=1024]@alpha=0.1,M2_joint_chance_saa,method,0.1,selected,alpha_train=0.075,feasible_time_limit,0.03451232916542205,300.0,301.67137172585353,feasible_time_limit,,True,SD-S2,False,10000,,,1,0,0.0001,0.0001,0.0004742976591654368,9.999499987499375e-05,0.0,0,0.0036,0.004751328785057626,0.0001,0.0001,0.0004742976591654368,0.0002,0.0006294441486871455,0.0037,0.0048647055939070516,0.0002,0.0037,0.0001,0.0004742976591654368,0.0001,0.0001,0.0004742976591654368,0.0036,0.0035,0.0,0.0,0,35,0,T51-DGC-0.50,0.0,in_domain_conditional,T51-DGC-0.50=0.0001;T51-DGC-0.33=0.0001;T51-DGC-0.67=0.9835;T51-CORNKERNEL-0.50=0.0001,0,0,True,True,True,alpha=0.1:True,alpha=0.1:True,1,0,0.0001,0.0001,0.0004742976591654368,9.999499987499375e-05,2,0,0.0002,0.0002,0.0006294441486871455,0.00014140721339450828
1,SDSRC14_MAIN9,SD-SRC14,MAIN9,"main reference nine (linear energy row, Table 5-1 verdicts in every state)",SDSRC14_MAIN9:M2[N=1024]@alpha=0.1,M2_joint_chance_saa,method,0.1,selected,alpha_train=0.075,feasible_time_limit,0.03451232916542205,300.0,301.67137172585353,feasible_time_limit,,True,SD-SRC14,True,10000,0.0816,0.08624363646419601,433,4,0.0433,0.0437,0.04721240435641327,0.002044267839594411,0.0,0,0.0816,0.08624363646419601,0.0433,0.0437,0.04721240435641327,0.0679,0.07218201016982265,0.1033,0.10844192256081549,0.0679,0.1033,0.0362,0.039424212007732246,0.0362,0.032,0.03504791095616354,0.0816,0.0419,0.0018,0.0022,0,401,4,T51-DGC-0.50,0.0,in_domain_conditional,T51-DGC-0.50=0.0437;T51-DGC-0.33=0.0437;T51-DGC-0.67=0.9567;T51-CORNKERNEL-0.50=0.0437,330,4,True,True,True,alpha=0.1:True,alpha=0.1:True,433,4,0.0433,0.0437,0.04721240435641327,0.002044267839594411,676,3,0.0676,0.0679,0.07218201016982265,0.0025157422363986342
1,SDSRC14_MAIN9,SD-SRC14,MAIN9,"main reference nine (linear energy row, Table 5-1 verdicts in every state)",SDSRC14_MAIN9:M2[N=1024]@alpha=0.1,M2_joint_chance_saa,method,0.1,selected,alpha_train=0.075,feasible_time_limit,0.03451232916542205,300.0,301.67137172585353,feasible_time_limit,,True,SD-12MO,False,10000,,,46,0,0.0046,0.0046,0.005877811185041439,0.0006766712643521964,0.0,0,0.0571,0.06106317792851584,0.0046,0.0046,0.005877811185041439,0.005,0.006324499770793831,0.0573,0.061269402242422076,0.005,0.0573,0.0001,0.0004742976591654368,0.0001,0.0049,0.0062130084053166,0.0571,0.057,0.0045,0.0045,0,525,0,T51-DGC-0.50,0.0,in_domain_conditional,T51-DGC-0.50=0.0046;T51-DGC-0.33=0.0046;T51-DGC-0.67=0.8424;T51-CORNKERNEL-0.50=0.0046,3,0,True,True,True,alpha=0.1:True,alpha=0.1:True,46,0,0.0046,0.0046,0.005877811185041439,0.0006766712643521964,50,0,0.005,0.005,0.006324499770793831,0.0007053367989832942
1,SDSRC14_MAIN9,SD-SRC14,MAIN9,"main reference nine (linear energy row, Table 5-1 verdicts in every state)",SDSRC14_MAIN9:M2[N=1024]@alpha=0.1,M2_joint_chance_saa,method,0.1,selected,alpha_train=0.075,feasible_time_limit,0.03451232916542205,300.0,301.67137172585353,feasible_time_limit,,True,SD-SRC12,False,10000,,,670,4,0.067,0.0674,0.07166797017397576,0.002507134619441086,0.0,0,0.1449,0.1508163504988712,0.067,0.0674,0.07166797017397576,0.0939,0.09883581361531761,0.1649,0.17112592057187043,0.0939,0.1649,0.0478,0.05145802708232674,0.0478,0.048,0.0516649415407286,0.1449,0.0987,0.0156,0.016,0,831,4,T51-DGC-0.50,0.0,in_domain_conditional,T51-DGC-0.50=0.0674;T51-DGC-0.33=0.0674;T51-DGC-0.67=0.7218;T51-CORNKERNEL-0.50=0.0674,684,4,True,True,True,alpha=0.1:True,alpha=0.1:True,670,4,0.067,0.0674,0.07166797017397576,0.002507134619441086,936,3,0.0936,0.0939,0.09883581361531761,0.002916895438647056
1,SDSRC14_MAIN9,SD-SRC14,MAIN9,"main reference nine (linear energy row, Table 5-1 verdicts in every state)",SDSRC14_MAIN9:M3a[factory box]@alpha=0.1,M3a_box_robust,method,0.1,selected,k_box=1.0,optimal,,300.0,0.005689671263098717,optimal;proven_infeasible,,True,SD-H0,False,10000,,,3070,58,0.307,0.3128,0.3205157748693993,0.004636336484768982,0.0057,57,0.3424,0.35028829801287537,0.3121,0.3122,0.31991191287692367,0.3767,0.38474611441244305,0.396,0.404116054051193,0.3761,0.3966,0.246,0.25318825186955496,0.2466,0.1818,0.18826216201286713,0.3418,0.106,0.0725,0.0729,8,343,4,T51-DGC-0.50,0.0,in_domain_conditional,T51-DGC-0.50=0.3128;T51-DGC-0.33=0.3122;T51-DGC-0.67=0.8206;T51-CORNKERNEL-0.50=0.3122,1007,4,True,False,False,alpha=0.1:False,alpha=0.1:False,3121,1,0.3121,0.3122,0.31991191287692367,0.004633909364672555,3760,1,0.376,0.3761,0.38414372641924754,0.004844056048395807
1,SDSRC14_MAIN9,SD-SRC14,MAIN9,"main reference nine (linear energy row, Table 5-1 verdicts in every state)",SDSRC14_MAIN9:M3a[factory box]@alpha=0.1,M3a_box_robust,method,0.1,selected,k_box=1.0,optimal,,300.0,0.005689671263098717,optimal;proven_infeasible,,True,SD-S2,False,10000,,,1,0,0.0001,0.0001,0.0004742976591654368,9.999499987499375e-05,0.0,0,0.0001,0.0004742976591654368,0.0001,0.0001,0.0004742976591654368,0.002,0.002904884868683747,0.002,0.002904884868683747,0.002,0.002,0.0001,0.0004742976591654368,0.0001,0.0019,0.002786686053962986,0.0001,0.0,0.0,0.0,0,0,0,T51-DGC-0.50,0.0,in_domain_conditional,T51-DGC-0.50=0.0001;T51-DGC-0.33=0.0001;T51-DGC-0.67=0.9993;T51-CORNKERNEL-0.50=0.0001,0,0,True,True,True,alpha=0.1:True,alpha=0.1:True,1,0,0.0001,0.0001,0.0004742976591654368,9.999499987499375e-05,20,0,0.002,0.002,0.002904884868683747,0.0004467661580737735
1,SDSRC14_MAIN9,SD-SRC14,MAIN9,"main reference nine (linear energy row, Table 5-1 verdicts in every state)",SDSRC14_MAIN9:M3a[factory box]@alpha=0.1,M3a_box_robust,method,0.1,selected,k_box=1.0,optimal,,300.0,0.005689671263098717,optimal;proven_infeasible,,True,SD-SRC14,True,10000,0.0508,0.05456002377874882,503,2,0.0503,0.0505,0.05424998604571277,0.0021897431356211624,0.0,0,0.0508,0.05456002377874882,0.0503,0.0505,0.05424998604571277,0.1213,0.1268017867541069,0.1215,0.12700555540388953,0.1213,0.1215,0.0247,0.027408034476305784,0.0247,0.0991,0.10415152134223457,0.0508,0.0005,0.0,0.0004,0,5,4,T51-DGC-0.50,0.0,in_domain_conditional,T51-DGC-0.50=0.0505;T51-DGC-0.33=0.0505;T51-DGC-0.67=0.9951;T51-CORNKERNEL-0.50=0.0505,330,4,True,True,True,alpha=0.1:True,alpha=0.1:True,503,2,0.0503,0.0505,0.05424998604571277,0.0021897431356211624,1211,2,0.1211,0.1213,0.1268017867541069,0.0032647558867394664
1,SDSRC14_MAIN9,SD-SRC14,MAIN9,"main reference nine (linear energy row, Table 5-1 verdicts in every state)",SDSRC14_MAIN9:M3a[factory box]@alpha=0.1,M3a_box_robust,method,0.1,selected,k_box=1.0,optimal,,300.0,0.005689671263098717,optimal;proven_infeasible,,True,SD-12MO,False,10000,,,216,0,0.0216,0.0216,0.02414721518716662,0.0014537345012071497,0.0,0,0.0243,0.02698791899768332,0.0216,0.0216,0.02414721518716662,0.0278,0.03065828268938303,0.0303,0.03327291011261031,0.0278,0.0303,0.0213,0.0238310123523647,0.0213,0.0066,0.008094696077845675,0.0243,0.003,0.0003,0.0003,0,27,0,T51-DGC-0.50,0.0,in_domain_conditional,T51-DGC-0.50=0.0216;T51-DGC-0.33=0.0216;T51-DGC-0.67=0.9307;T51-CORNKERNEL-0.50=0.0216,3,0,True,True,True,alpha=0.1:True,alpha=0.1:True,216,0,0.0216,0.0216,0.02414721518716662,0.0014537345012071497,278,0,0.0278,0.0278,0.03065828268938303,0.0016439939172636863
1,SDSRC14_MAIN9,SD-SRC14,MAIN9,"main reference nine (linear energy row, Table 5-1 verdicts in every state)",SDSRC14_MAIN9:M3a[factory box]@alpha=0.1,M3a_box_robust,method,0.1,selected,k_box=1.0,optimal,,300.0,0.005689671263098717,optimal;proven_infeasible,,True,SD-SRC12,False,10000,,,2042,7,0.2042,0.2049,0.21165231494678685,0.00403628529715133,0.0006,6,0.2114,0.21822775089654892,0.2048,0.2049,0.21165231494678685,0.2737,0.2811318730461137,0.2782,0.28566799490832934,0.2737,0.2782,0.1804,0.18684340126055252,0.1804,0.1121,0.1174231526888305,0.2114,0.0108,0.0029,0.0033,0,79,4,T51-DGC-0.50,0.0,in_domain_conditional,T51-DGC-0.50=0.2049;T51-DGC-0.33=0.2049;T51-DGC-0.67=0.8039;T51-CORNKERNEL-0.50=0.2049,684,4,True,False,False,alpha=0.1:False,alpha=0.1:False,2048,1,0.2048,0.2049,0.21165231494678685,0.00403628529715133,2736,1,0.2736,0.2737,0.2811318730461137,0.00445856826795329
1,SDSRC14_MAIN9,SD-SRC14,MAIN9,"main reference nine (linear energy row, Table 5-1 verdicts in every state)","SDSRC14_MAIN9:M3b[factory box k=1, Gamma selected]@alpha=0.1",M3b_budget_robust,method,0.1,selected,gamma=4,optimal,,300.0,0.007576266769319773,optimal,,True,SD-H0,False,10000,,,2911,1219,0.2911,0.413,0.42116679971150406,0.004923728262201317,0.1306,1218,0.4561,0.46435119361626237,0.3552,0.3553,0.3632528025389562,0.4215,0.42968842765774234,0.403,0.4111381672434781,0.3638,0.4607,0.2442,0.251371099865356,0.305,0.1881,0.1946448657164676,0.3984,0.1812,0.1264,0.1268,5,553,4,T51-DGC-0.50,0.0,in_domain_conditional,T51-DGC-0.50=0.413;T51-DGC-0.33=0.3553;T51-DGC-0.67=0.9742;T51-CORNKERNEL-0.50=0.3553,1007,4,True,False,False,alpha=0.1:False,alpha=0.1:False,3552,1,0.3552,0.3553,0.3632528025389562,0.004786041266015161,3637,1,0.3637,0.3638,0.37179188491894294,0.004810920494042694
1,SDSRC14_MAIN9,SD-SRC14,MAIN9,"main reference nine (linear energy row, Table 5-1 verdicts in every state)","SDSRC14_MAIN9:M3b[factory box k=1, Gamma selected]@alpha=0.1",M3b_budget_robust,method,0.1,selected,gamma=4,optimal,,300.0,0.007576266769319773,optimal,,True,SD-S2,False,10000,,,1,0,0.0001,0.0001,0.0004742976591654368,9.999499987499375e-05,0.0,0,0.0002,0.0006294441486871455,0.0001,0.0001,0.0004742976591654368,0.0001,0.0004742976591654368,0.0002,0.0006294441486871455,0.0001,0.0002,0.0,0.00029952835977661195,0.0,0.0001,0.0004742976591654368,0.0002,0.0001,0.0,0.0,0,1,0,T51-DGC-0.50,0.0,in_domain_conditional,T51-DGC-0.50=0.0001;T51-DGC-0.33=0.0001;T51-DGC-0.67=1;T51-CORNKERNEL-0.50=0.0001,0,0,True,True,True,alpha=0.1:True,alpha=0.1:True,1,0,0.0001,0.0001,0.0004742976591654368,9.999499987499375e-05,1,0,0.0001,0.0001,0.0004742976591654368,9.999499987499375e-05
1,SDSRC14_MAIN9,SD-SRC14,MAIN9,"main reference nine (linear energy row, Table 5-1 verdicts in every state)","SDSRC14_MAIN9:M3b[factory box k=1, Gamma selected]@alpha=0.1",M3b_budget_robust,method,0.1,selected,gamma=4,optimal,,300.0,0.007576266769319773,optimal,,True,SD-SRC14,True,10000,0.078,0.08255264420404135,762,4,0.0762,0.0766,0.0811165224193221,0.0026595571059858823,0.0001,1,0.0781,0.08265520824024802,0.0762,0.0765,0.08101392604742072,0.0831,0.08778077499872926,0.0844,0.08911260595899388,0.083,0.0845,0.02,0.02245935301710235,0.0201,0.0644,0.06858233840345077,0.078,0.0021,0.0,0.0004,0,21,4,T51-DGC-0.50,0.0,in_domain_conditional,T51-DGC-0.50=0.0766;T51-DGC-0.33=0.0765;T51-DGC-0.67=1;T51-CORNKERNEL-0.50=0.0765,330,4,True,True,True,alpha=0.1:True,alpha=0.1:True,762,3,0.0762,0.0765,0.08101392604742072,0.0026579644467148163,827,3,0.0827,0.083,0.08767831288471123,0.0027588222124667622
1,SDSRC14_MAIN9,SD-SRC14,MAIN9,"main reference nine (linear energy row, Table 5-1 verdicts in every state)","SDSRC14_MAIN9:M3b[factory box k=1, Gamma selected]@alpha=0.1",M3b_budget_robust,method,0.1,selected,gamma=4,optimal,,300.0,0.007576266769319773,optimal,,True,SD-12MO,False,10000,,,167,121,0.0167,0.0288,0.03170478524860081,0.0016724401334576972,0.0121,121,0.0501,0.053836547643253276,0.0188,0.0188,0.021190973545340403,0.0288,0.03170478524860081,0.0401,0.043477907436833496,0.0188,0.0501,0.013,0.015022376039174865,0.023,0.0063,0.0077645181929084,0.0401,0.0279,0.0062,0.0062,0,217,0,T51-DGC-0.50,0.0,in_domain_conditional,T51-DGC-0.50=0.0288;T51-DGC-0.33=0.0188;T51-DGC-0.67=0.9998;T51-CORNKERNEL-0.50=0.0188,3,0,True,True,True,alpha=0.1:True,alpha=0.1:True,188,0,0.0188,0.0188,0.021190973545340403,0.0013581811366677127,188,0,0.0188,0.0188,0.021190973545340403,0.0013581811366677127
1,SDSRC14_MAIN9,SD-SRC14,MAIN9,"main reference nine (linear energy row, Table 5-1 verdicts in every state)","SDSRC14_MAIN9:M3b[factory box k=1, Gamma selected]@alpha=0.1",M3b_budget_robust,method,0.1,selected,gamma=4,optimal,,300.0,0.007576266769319773,optimal,,True,SD-SRC12,False,10000,,,1426,872,0.1426,0.2298,0.236827727681123,0.004207041240587023,0.0942,871,0.2531,0.26035429289703194,0.191,0.1911,0.19768328116107436,0.239,0.24612060168142383,0.2222,0.22914748934239904,0.2004,0.2607,0.1336,0.13932514022317216,0.1747,0.0806,0.08521862791995556,0.2145,0.0396,0.0111,0.0115,0,285,4,T51-DGC-0.50,0.0,in_domain_conditional,T51-DGC-0.50=0.2298;T51-DGC-0.33=0.1911;T51-DGC-0.67=0.9715;T51-CORNKERNEL-0.50=0.1911,684,4,True,False,False,alpha=0.1:False,alpha=0.1:False,1910,1,0.191,0.1911,0.19768328116107436,0.003931676360027616,2003,1,0.2003,0.2004,0.20709854849081719,0.0040029968773407755
1,SDSRC14_MAIN9,SD-SRC14,MAIN9,"main reference nine (linear energy row, Table 5-1 verdicts in every state)","SDSRC14_MAIN9:M1[relative,apply_to_dm=True]@alpha=0.01",M1_safety_margin,method,0.01,not_met,,,,300.0,,optimal;proven_infeasible,"no value of the declared grid met the validation screen (candidate statuses: optimal, proven_infeasible); a grid without a solution is not a statement about the whole decision space",False,,,,,,,,,,,,,,,,,,,,,,,,,,,,,,,,,,,,,,,,,,,,,,,,,,,,,,,,,,,
1,SDSRC14_MAIN9,SD-SRC14,MAIN9,"main reference nine (linear energy row, Table 5-1 verdicts in every state)","SDSRC14_MAIN9:M1[relative,apply_to_dm=False]@alpha=0.01",M1_safety_margin,method,0.01,not_met,,,,300.0,,optimal;proven_infeasible,"no value of the declared grid met the validation screen (candidate statuses: optimal, proven_infeasible); a grid without a solution is not a statement about the whole decision space",False,,,,,,,,,,,,,,,,,,,,,,,,,,,,,,,,,,,,,,,,,,,,,,,,,,,,,,,,,,,
1,SDSRC14_MAIN9,SD-SRC14,MAIN9,"main reference nine (linear energy row, Table 5-1 verdicts in every state)",SDSRC14_MAIN9:M2[N=128]@alpha=0.01,M2_joint_chance_saa,method,0.01,not_met,,,,300.0,,optimal,no value of the declared grid met the validation screen (candidate statuses: optimal); a grid without a solution is not a statement about the whole decision space,False,,,,,,,,,,,,,,,,,,,,,,,,,,,,,,,,,,,,,,,,,,,,,,,,,,,,,,,,,,,
1,SDSRC14_MAIN9,SD-SRC14,MAIN9,"main reference nine (linear energy row, Table 5-1 verdicts in every state)",SDSRC14_MAIN9:M2[N=512]@alpha=0.01,M2_joint_chance_saa,method,0.01,not_met,,,,300.0,,optimal,no value of the declared grid met the validation screen (candidate statuses: optimal); a grid without a solution is not a statement about the whole decision space,False,,,,,,,,,,,,,,,,,,,,,,,,,,,,,,,,,,,,,,,,,,,,,,,,,,,,,,,,,,,
1,SDSRC14_MAIN9,SD-SRC14,MAIN9,"main reference nine (linear energy row, Table 5-1 verdicts in every state)",SDSRC14_MAIN9:M2[N=1024]@alpha=0.01,M2_joint_chance_saa,method,0.01,selected,alpha_train=0.0025,optimal,0.0,300.0,40.97527139401063,optimal,,True,SD-H0,False,10000,,,1712,3862,0.1712,0.5574,0.5656067725725137,0.004966943124296875,0.3987,3859,0.6131,0.6211360144081757,0.2479,0.2482,0.2554089891582392,0.5762,0.584361037142012,0.3213,0.3290689019598598,0.2693,0.623,0.1505,0.1565065732692724,0.4654,0.1624,0.16858908768505707,0.3094,0.2019,0.1352,0.1356,2,669,4,T51-DGC-0.50,0.0,in_domain_conditional,T51-DGC-0.50=0.5574;T51-DGC-0.33=0.2482;T51-DGC-0.67=0.9951;T51-CORNKERNEL-0.50=0.2482,1007,4,True,False,False,alpha=0.01:False,alpha=0.01:False,2479,3,0.2479,0.2482,0.2554089891582392,0.004319684710716744,2690,3,0.269,0.2693,0.27669564587922596,0.004435961113445428
1,SDSRC14_MAIN9,SD-SRC14,MAIN9,"main reference nine (linear energy row, Table 5-1 verdicts in every state)",SDSRC14_MAIN9:M2[N=1024]@alpha=0.01,M2_joint_chance_saa,method,0.01,selected,alpha_train=0.0025,optimal,0.0,300.0,40.97527139401063,optimal,,True,SD-S2,False,10000,,,0,2089,0.0,0.2089,0.21569904377548488,0.004065228037884222,0.2089,2089,0.209,0.21580019936804215,0.0,0.0,0.00029952835977661195,0.2089,0.21569904377548488,0.0001,0.0004742976591654368,0.0,0.209,0.0,0.00029952835977661195,0.2089,0.0,0.00029952835977661195,0.0001,0.0001,0.0,0.0,0,1,0,T51-DGC-0.50,0.0,in_domain_conditional,T51-DGC-0.50=0.2089;T51-DGC-0.33=0;T51-DGC-0.67=1;T51-CORNKERNEL-0.50=0,0,0,True,True,True,alpha=0.01:True,alpha=0.01:True,0,0,0.0,0.0,0.00029952835977661195,0.0,0,0,0.0,0.0,0.00029952835977661195,0.0
1,SDSRC14_MAIN9,SD-SRC14,MAIN9,"main reference nine (linear energy row, Table 5-1 verdicts in every state)",SDSRC14_MAIN9:M2[N=1024]@alpha=0.01,M2_joint_chance_saa,method,0.01,selected,alpha_train=0.0025,optimal,0.0,300.0,40.97527139401063,optimal,,True,SD-SRC14,True,10000,0.0073,0.008862518669329364,45,2591,0.0045,0.2636,0.2709473575864608,0.004405848839894533,0.2598,2587,0.2655,0.27286362560492017,0.0045,0.0049,0.0062130084053166,0.2803,0.28778453435822227,0.0286,0.03149555622917034,0.0265,0.2821,0.0041,0.005316495826732534,0.2629,0.0225,0.025095114136157212,0.0073,0.0029,0.0,0.0004,0,29,4,T51-DGC-0.50,0.0,in_domain_conditional,T51-DGC-0.50=0.2636;T51-DGC-0.33=0.0049;T51-DGC-0.67=1;T51-CORNKERNEL-0.50=0.0049,330,4,True,True,True,alpha=0.01:True,alpha=0.01:True,45,4,0.0045,0.0049,0.0062130084053166,0.0006982828939620389,261,4,0.0261,0.0265,0.029296443443979348,0.0016061677994530959
1,SDSRC14_MAIN9,SD-SRC14,MAIN9,"main reference nine (linear energy row, Table 5-1 verdicts in every state)",SDSRC14_MAIN9:M2[N=1024]@alpha=0.01,M2_joint_chance_saa,method,0.01,selected,alpha_train=0.0025,optimal,0.0,300.0,40.97527139401063,optimal,,True,SD-12MO,False,10000,,,94,3381,0.0094,0.3475,0.35541455577767506,0.004761761753804993,0.3382,3381,0.3787,0.3867539805125787,0.0103,0.0103,0.012121191080995774,0.3483,0.3562185845250697,0.0427,0.0461757013094624,0.0112,0.3793,0.0016,0.002429109633300806,0.3389,0.0096,0.011364710187575237,0.0421,0.0407,0.0087,0.0087,0,320,0,T51-DGC-0.50,0.0,in_domain_conditional,T51-DGC-0.50=0.3475;T51-DGC-0.33=0.0103;T51-DGC-0.67=1;T51-CORNKERNEL-0.50=0.0103,3,0,True,False,False,alpha=0.01:False,alpha=0.01:False,103,0,0.0103,0.0103,0.012121191080995774,0.0010096489488926337,112,0,0.0112,0.0112,0.013090985789842286,0.0010523573537539422
1,SDSRC14_MAIN9,SD-SRC14,MAIN9,"main reference nine (linear energy row, Table 5-1 verdicts in every state)",SDSRC14_MAIN9:M2[N=1024]@alpha=0.01,M2_joint_chance_saa,method,0.01,selected,alpha_train=0.0025,optimal,0.0,300.0,40.97527139401063,optimal,,True,SD-SRC12,False,10000,,,221,3923,0.0221,0.4144,0.42257053254226423,0.004926181482649619,0.3979,3920,0.4474,0.4556391951978615,0.0771,0.0774,0.08193721514410279,0.4358,0.4440192568258831,0.1366,0.1423771472371361,0.1049,0.4644,0.0649,0.06909677957322186,0.4043,0.045,0.04855940277364144,0.1139,0.0522,0.0143,0.0147,2,381,4,T51-DGC-0.50,0.0,in_domain_conditional,T51-DGC-0.50=0.4144;T51-DGC-0.33=0.0774;T51-DGC-0.67=0.9945;T51-CORNKERNEL-0.50=0.0774,684,4,True,False,False,alpha=0.01:False,alpha=0.01:False,771,3,0.0771,0.0774,0.08193721514410279,0.0026722507367386017,1046,3,0.1046,0.1049,0.11007567729894036,0.003064245257808193
1,SDSRC14_MAIN9,SD-SRC14,MAIN9,"main reference nine (linear energy row, Table 5-1 verdicts in every state)",SDSRC14_MAIN9:M3a[factory box]@alpha=0.01,M3a_box_robust,method,0.01,not_met,,,,300.0,,optimal;proven_infeasible,"no value of the declared grid met the validation screen (candidate statuses: optimal, proven_infeasible); a grid without a solution is not a statement about the whole decision space",False,,,,,,,,,,,,,,,,,,,,,,,,,,,,,,,,,,,,,,,,,,,,,,,,,,,,,,,,,,,
1,SDSRC14_MAIN9,SD-SRC14,MAIN9,"main reference nine (linear energy row, Table 5-1 verdicts in every state)","SDSRC14_MAIN9:M3b[factory box k=1.5, Gamma selected]@alpha=0.01",M3b_budget_robust,method,0.01,selected,gamma=4,optimal,,300.0,0.007734323386102915,optimal;proven_infeasible,,True,SD-H0,False,10000,,,1220,4606,0.122,0.5826,0.5907427298470495,0.004931300437004422,0.4668,4604,0.6119,0.6199408300217806,0.285,0.2852,0.2927223507104722,0.7397,0.7469153551281875,0.4982,0.5064738298908501,0.4928,0.7448,0.2342,0.2412727168309472,0.5335,0.3481,0.3560175796205141,0.3158,0.1076,0.0736,0.074,3,343,4,T51-DGC-0.50,0.0,in_domain_conditional,T51-DGC-0.50=0.5826;T51-DGC-0.33=0.2852;T51-DGC-0.67=0.9958;T51-CORNKERNEL-0.50=0.2852,4171,4,True,False,False,alpha=0.01:False,alpha=0.01:False,2850,2,0.285,0.2852,0.2927223507104722,0.004515096455226621,4928,0,0.4928,0.4928,0.5010741933392687,0.004999481573123357
1,SDSRC14_MAIN9,SD-SRC14,MAIN9,"main reference nine (linear energy row, Table 5-1 verdicts in every state)","SDSRC14_MAIN9:M3b[factory box k=1.5, Gamma selected]@alpha=0.01",M3b_budget_robust,method,0.01,selected,gamma=4,optimal,,300.0,0.007734323386102915,optimal;proven_infeasible,,True,SD-S2,False,10000,,,0,4866,0.0,0.4866,0.49487342745608653,0.004998204077466225,0.4866,4866,0.4866,0.49487342745608653,0.0001,0.0001,0.0004742976591654368,0.5728,0.5809701946994039,0.1253,0.13087627559593537,0.1253,0.5728,0.0001,0.0004742976591654368,0.4866,0.1253,0.13087627559593537,0.0001,0.0,0.0,0.0,0,0,0,T51-DGC-0.50,0.0,in_domain_conditional,T51-DGC-0.50=0.4866;T51-DGC-0.33=0.0001;T51-DGC-0.67=1;T51-CORNKERNEL-0.50=0.0001,1794,0,True,True,True,alpha=0.01:True,alpha=0.01:True,1,0,0.0001,0.0001,0.0004742976591654368,9.999499987499375e-05,1253,0,0.1253,0.1253,0.13087627559593537,0.0033105877121743805
1,SDSRC14_MAIN9,SD-SRC14,MAIN9,"main reference nine (linear energy row, Table 5-1 verdicts in every state)","SDSRC14_MAIN9:M3b[factory box k=1.5, Gamma selected]@alpha=0.01",M3b_budget_robust,method,0.01,selected,gamma=4,optimal,,300.0,0.007734323386102915,optimal;proven_infeasible,,True,SD-SRC14,True,10000,0.0029,0.003952012538554296,25,4849,0.0025,0.4874,0.49567359737596006,0.004998412147872562,0.4857,4845,0.4871,0.495373536125273,0.0029,0.0033,0.004410052749836001,0.6398,0.6477154376408989,0.2738,0.2812326859043298,0.274,0.6397,0.0009,0.0015699951188064335,0.4862,0.2736,0.2810310597241261,0.0029,0.0,0.0,0.0004,0,0,4,T51-DGC-0.50,0.0,in_domain_conditional,T51-DGC-0.50=0.4874;T51-DGC-0.33=0.0033;T51-DGC-0.67=1;T51-CORNKERNEL-0.50=0.0033,3712,4,True,True,True,alpha=0.01:True,alpha=0.01:True,29,4,0.0029,0.0033,0.004410052749836001,0.0005735076285456019,2738,2,0.2738,0.274,0.2814343102300808,0.004460089685196925
1,SDSRC14_MAIN9,SD-SRC14,MAIN9,"main reference nine (linear energy row, Table 5-1 verdicts in every state)","SDSRC14_MAIN9:M3b[factory box k=1.5, Gamma selected]@alpha=0.01",M3b_budget_robust,method,0.01,selected,gamma=4,optimal,,300.0,0.007734323386102915,optimal;proven_infeasible,,True,SD-12MO,False,10000,,,9,4775,0.0009,0.4784,0.48667047026058985,0.004995332221184093,0.4775,4775,0.4817,0.48997192677795975,0.0199,0.0199,0.022353739386156476,0.6285,0.6364696328903581,0.2122,0.21903685723727212,0.2122,0.6285,0.0194,0.021825443819652856,0.4779,0.1959,0.20254348442662434,0.0232,0.0038,0.0005,0.0005,0,33,0,T51-DGC-0.50,0.0,in_domain_conditional,T51-DGC-0.50=0.4784;T51-DGC-0.33=0.0199;T51-DGC-0.67=1;T51-CORNKERNEL-0.50=0.0199,1797,0,True,False,False,alpha=0.01:False,alpha=0.01:False,199,0,0.0199,0.0199,0.022353739386156476,0.0013965668619869225,2122,0,0.2122,0.2122,0.21903685723727212,0.004088656992216393
1,SDSRC14_MAIN9,SD-SRC14,MAIN9,"main reference nine (linear energy row, Table 5-1 verdicts in every state)","SDSRC14_MAIN9:M3b[factory box k=1.5, Gamma selected]@alpha=0.01",M3b_budget_robust,method,0.01,selected,gamma=4,optimal,,300.0,0.007734323386102915,optimal;proven_infeasible,,True,SD-SRC12,False,10000,,,80,4784,0.008,0.4864,0.4946733816836435,0.004998150057771375,0.4796,4782,0.49,0.49827400411405975,0.1629,0.1631,0.16929945209034006,0.6588,0.6666135603456597,0.4106,0.4187602434656075,0.4099,0.6593,0.1595,0.16564571951008392,0.4838,0.2948,0.3023933465454071,0.1669,0.0059,0.0018,0.0022,2,43,4,T51-DGC-0.50,0.0,in_domain_conditional,T51-DGC-0.50=0.4864;T51-DGC-0.33=0.1631;T51-DGC-0.67=0.9954;T51-CORNKERNEL-0.50=0.1631,3959,4,True,False,False,alpha=0.01:False,alpha=0.01:False,1629,2,0.1629,0.1631,0.16929945209034006,0.0036945688517065153,4099,0,0.4099,0.4099,0.418058293784167,0.004918149957046857
1,SDSRC14_MAIN9,SD-SRC14,MAIN9,"main reference nine (linear energy row, Table 5-1 verdicts in every state)","SDSRC14_MAIN9:DIAG-frontier:M2[N=128,alpha_train=m*/N=0/128]",M2_joint_chance_saa,diagnostic_frontier,,,,optimal,0.0,300.0,0.21478443127125502,,,True,SD-H0,False,10000,,,1441,1947,0.1441,0.3388,0.3466691612032828,0.004733017642054591,0.2006,1943,0.4308,0.4390092655884547,0.1553,0.1557,0.16178782397605931,0.3688,0.3768136258588419,0.2678,0.2751830880366036,0.188,0.447,0.0572,0.0611662917239849,0.2438,0.1481,0.15406825927408377,0.2494,0.2063,0.1033,0.1037,0,1030,4,T51-DGC-0.50,0.0,in_domain_conditional,T51-DGC-0.50=0.3388;T51-DGC-0.33=0.1557;T51-DGC-0.67=0.9825;T51-CORNKERNEL-0.50=0.1557,1007,4,True,,,,,1553,4,0.1553,0.1557,0.16178782397605931,0.003625706965544789,1877,3,0.1877,0.188,0.1945435745908562,0.003907121702737195
1,SDSRC14_MAIN9,SD-SRC14,MAIN9,"main reference nine (linear energy row, Table 5-1 verdicts in every state)","SDSRC14_MAIN9:DIAG-frontier:M2[N=128,alpha_train=m*/N=0/128]",M2_joint_chance_saa,diagnostic_frontier,,,,optimal,0.0,300.0,0.21478443127125502,,,True,SD-S2,False,10000,,,0,1,0.0,0.0001,0.0004742976591654368,9.999499987499375e-05,0.0001,1,0.0006,0.001183893646831579,0.0,0.0,0.00029952835977661195,0.0003,0.0007751813790100997,0.0007,0.0013144072195026937,0.0002,0.0008,0.0,0.00029952835977661195,0.0001,0.0002,0.0006294441486871455,0.0005,0.0005,0.0,0.0,0,5,0,T51-DGC-0.50,0.0,in_domain_conditional,T51-DGC-0.50=0.0001;T51-DGC-0.33=0;T51-DGC-0.67=1;T51-CORNKERNEL-0.50=0,0,0,True,,,,,0,0,0.0,0.0,0.00029952835977661195,0.0,2,0,0.0002,0.0002,0.0006294441486871455,0.00014140721339450828
1,SDSRC14_MAIN9,SD-SRC14,MAIN9,"main reference nine (linear energy row, Table 5-1 verdicts in every state)","SDSRC14_MAIN9:DIAG-frontier:M2[N=128,alpha_train=m*/N=0/128]",M2_joint_chance_saa,diagnostic_frontier,,,,optimal,0.0,300.0,0.21478443127125502,,,True,SD-SRC14,True,10000,0.0403,0.04368555617409089,301,54,0.0301,0.0355,0.038695653141705755,0.0018503986057063489,0.005,50,0.0453,0.04887013687268621,0.0301,0.0305,0.03348185218489777,0.0619,0.06600907633579571,0.0655,0.06971401843209922,0.0569,0.0705,0.0182,0.020555915757837512,0.0232,0.0389,0.04223155336726284,0.0403,0.0108,0.0,0.0004,0,108,4,T51-DGC-0.50,0.0,in_domain_conditional,T51-DGC-0.50=0.0355;T51-DGC-0.33=0.0305;T51-DGC-0.67=1;T51-CORNKERNEL-0.50=0.0305,330,4,True,,,,,301,4,0.0301,0.0305,0.03348185218489777,0.001719585705918725,566,3,0.0566,0.0569,0.060856940474133536,0.0023165144074665284
1,SDSRC14_MAIN9,SD-SRC14,MAIN9,"main reference nine (linear energy row, Table 5-1 verdicts in every state)","SDSRC14_MAIN9:DIAG-frontier:M2[N=128,alpha_train=m*/N=0/128]",M2_joint_chance_saa,diagnostic_frontier,,,,optimal,0.0,300.0,0.21478443127125502,,,True,SD-12MO,False,10000,,,33,506,0.0033,0.0539,0.05776175617074923,0.0022582026038422682,0.0506,506,0.0941,0.0990403445982057,0.0033,0.0033,0.004410052749836001,0.0546,0.05848424374370242,0.0438,0.047316047993253375,0.004,0.0944,0.0001,0.0004742976591654368,0.0507,0.0039,0.005090931070147353,0.0435,0.0434,0.0032,0.0032,0,402,0,T51-DGC-0.50,0.0,in_domain_conditional,T51-DGC-0.50=0.0539;T51-DGC-0.33=0.0033;T51-DGC-0.67=1;T51-CORNKERNEL-0.50=0.0033,3,0,True,,,,,33,0,0.0033,0.0033,0.004410052749836001,0.0005735076285456019,40,0,0.004,0.004,0.0052037929808234195,0.00063118935352238
1,SDSRC14_MAIN9,SD-SRC14,MAIN9,"main reference nine (linear energy row, Table 5-1 verdicts in every state)","SDSRC14_MAIN9:DIAG-frontier:M2[N=128,alpha_train=m*/N=0/128]",M2_joint_chance_saa,diagnostic_frontier,,,,optimal,0.0,300.0,0.21478443127125502,,,True,SD-SRC12,False,10000,,,396,1616,0.0396,0.2012,0.20790820087240264,0.004008971938040973,0.1659,1612,0.2513,0.2585377914686791,0.0445,0.0449,0.04845581555175561,0.2315,0.23854523536924135,0.1231,0.12863553578993273,0.0783,0.2745,0.0253,0.02803788051069243,0.1836,0.0539,0.05776175617074923,0.0969,0.0636,0.0078,0.0082,0,558,4,T51-DGC-0.50,0.0,in_domain_conditional,T51-DGC-0.50=0.2012;T51-DGC-0.33=0.0449;T51-DGC-0.67=0.9836;T51-CORNKERNEL-0.50=0.0449,684,4,True,,,,,445,4,0.0445,0.0449,0.04845581555175561,0.0020708449966137014,780,3,0.078,0.0783,0.08286032994031199,0.002686430903634039
1,SDSRC14_MAIN9,SD-SRC14,MAIN9,"main reference nine (linear energy row, Table 5-1 verdicts in every state)","SDSRC14_MAIN9:DIAG-frontier:M2[N=512,alpha_train=m*/N=0/512]",M2_joint_chance_saa,diagnostic_frontier,,,,optimal,0.0,300.0,0.6977129857987165,,,True,SD-H0,False,10000,,,2224,382,0.2224,0.2606,0.2679213175113355,0.004389620029114138,0.0381,380,0.3097,0.31739566089188614,0.2493,0.2495,0.25672112685807336,0.3231,0.33087977609355856,0.3479,0.3558165731948374,0.312,0.359,0.1673,0.17356080716993957,0.1785,0.1849,0.1914032058242294,0.2986,0.152,0.0987,0.0991,2,535,4,T51-DGC-0.50,0.0,in_domain_conditional,T51-DGC-0.50=0.2606;T51-DGC-0.33=0.2495;T51-DGC-0.67=0.9239;T51-CORNKERNEL-0.50=0.2495,4171,4,True,,,,,2493,2,0.2493,0.2495,0.25672112685807336,0.004327236416005024,3119,1,0.3119,0.312,0.31971062224233143,0.004633098315382483
1,SDSRC14_MAIN9,SD-SRC14,MAIN9,"main reference nine (linear energy row, Table 5-1 verdicts in every state)","SDSRC14_MAIN9:DIAG-frontier:M2[N=512,alpha_train=m*/N=0/512]",M2_joint_chance_saa,diagnostic_frontier,,,,optimal,0.0,300.0,0.6977129857987165,,,True,SD-S2,False,10000,,,0,0,0.0,0.0,0.00029952835977661195,0.0,0.0,0,0.0,0.00029952835977661195,0.0,0.0,0.00029952835977661195,0.0019,0.002786686053962986,0.0019,0.002786686053962986,0.0019,0.0019,0.0,0.00029952835977661195,0.0,0.0019,0.002786686053962986,0.0,0.0,0.0,0.0,0,0,0,T51-DGC-0.50,0.0,in_domain_conditional,T51-DGC-0.50=0;T51-DGC-0.33=0;T51-DGC-0.67=1;T51-CORNKERNEL-0.50=0,1794,0,True,,,,,0,0,0.0,0.0,0.00029952835977661195,0.0,19,0,0.0019,0.0019,0.002786686053962986,0.0004354756020720334
1,SDSRC14_MAIN9,SD-SRC14,MAIN9,"main reference nine (linear energy row, Table 5-1 verdicts in every state)","SDSRC14_MAIN9:DIAG-frontier:M2[N=512,alpha_train=m*/N=0/512]",M2_joint_chance_saa,diagnostic_frontier,,,,optimal,0.0,300.0,0.6977129857987165,,,True,SD-SRC14,True,10000,0.0203,0.02277610493334323,181,4,0.0181,0.0185,0.0208735198253204,0.0013475069573104252,0.0,0,0.0203,0.02277610493334323,0.0181,0.0185,0.0208735198253204,0.0882,0.09300382200193594,0.0896,0.09443676412262017,0.0882,0.0896,0.0072,0.008753037938647724,0.0072,0.0815,0.0861411446726793,0.0203,0.0023,0.0,0.0004,0,23,4,T51-DGC-0.50,0.0,in_domain_conditional,T51-DGC-0.50=0.0185;T51-DGC-0.33=0.0185;T51-DGC-0.67=1;T51-CORNKERNEL-0.50=0.0185,3712,4,True,,,,,181,4,0.0181,0.0185,0.0208735198253204,0.0013475069573104252,879,3,0.0879,0.0882,0.09300382200193594,0.0028358554264983253
1,SDSRC14_MAIN9,SD-SRC14,MAIN9,"main reference nine (linear energy row, Table 5-1 verdicts in every state)","SDSRC14_MAIN9:DIAG-frontier:M2[N=512,alpha_train=m*/N=0/512]",M2_joint_chance_saa,diagnostic_frontier,,,,optimal,0.0,300.0,0.6977129857987165,,,True,SD-12MO,False,10000,,,71,0,0.0071,0.0071,0.008643490214620608,0.0008396183656876498,0.0,0,0.0172,0.019496101705165338,0.0071,0.0071,0.008643490214620608,0.0154,0.017583633351516473,0.0242,0.026882862265940968,0.0154,0.0242,0.0043,0.0055414466331101305,0.0043,0.0111,0.01298337699725686,0.0172,0.0129,0.0028,0.0028,0,101,0,T51-DGC-0.50,0.0,in_domain_conditional,T51-DGC-0.50=0.0071;T51-DGC-0.33=0.0071;T51-DGC-0.67=0.9951;T51-CORNKERNEL-0.50=0.0071,1797,0,True,,,,,71,0,0.0071,0.0071,0.008643490214620608,0.0008396183656876498,154,0,0.0154,0.0154,0.017583633351516473,0.001231374841386651
1,SDSRC14_MAIN9,SD-SRC14,MAIN9,"main reference nine (linear energy row, Table 5-1 verdicts in every state)","SDSRC14_MAIN9:DIAG-frontier:M2[N=512,alpha_train=m*/N=0/512]",M2_joint_chance_saa,diagnostic_frontier,,,,optimal,0.0,300.0,0.6977129857987165,,,True,SD-SRC12,False,10000,,,1072,160,0.1072,0.1232,0.12873739966582096,0.0032866663962136467,0.0158,158,0.1399,0.14573330130530215,0.1205,0.1207,0.12619045242965413,0.1935,0.2001135747905548,0.2032,0.20993215362114834,0.191,0.2057,0.106,0.1111986712172999,0.1085,0.0971,0.10210752759157674,0.1374,0.0248,0.007,0.0074,0,178,4,T51-DGC-0.50,0.0,in_domain_conditional,T51-DGC-0.50=0.1232;T51-DGC-0.33=0.1207;T51-DGC-0.67=0.9175;T51-CORNKERNEL-0.50=0.1207,3959,4,True,,,,,1205,2,0.1205,0.1207,0.12619045242965413,0.00325778314195405,1909,1,0.1909,0.191,0.19758201051250504,0.003930890484355931
1,SDSRC14_MAIN9,SD-SRC14,MAIN9,"main reference nine (linear energy row, Table 5-1 verdicts in every state)","SDSRC14_MAIN9:DIAG-frontier:M2[N=1024,alpha_train=m*/N=0/1024]",M2_joint_chance_saa,diagnostic_frontier,,,,optimal,0.0,300.0,1.7071725837886333,,,True,SD-H0,False,10000,,,2135,967,0.2135,0.3102,0.3178989320265743,0.004625753560232105,0.0971,965,0.3525,0.3604393372114638,0.2767,0.2769,0.2843576553352515,0.377,0.38504730353031635,0.3731,0.3811315909007025,0.3444,0.4057,0.1843,0.19079531495191027,0.2176,0.2033,0.21003334461160877,0.3192,0.166,0.1209,0.1213,6,457,4,T51-DGC-0.50,0.0,in_domain_conditional,T51-DGC-0.50=0.3102;T51-DGC-0.33=0.2769;T51-DGC-0.67=0.9626;T51-CORNKERNEL-0.50=0.2769,4171,4,True,,,,,2767,2,0.2767,0.2769,0.2843576553352515,0.004474666356277303,3443,1,0.3443,0.3444,0.3522987138656214,0.004751722214103009
1,SDSRC14_MAIN9,SD-SRC14,MAIN9,"main reference nine (linear energy row, Table 5-1 verdicts in every state)","SDSRC14_MAIN9:DIAG-frontier:M2[N=1024,alpha_train=m*/N=0/1024]",M2_joint_chance_saa,diagnostic_frontier,,,,optimal,0.0,300.0,1.7071725837886333,,,True,SD-S2,False,10000,,,0,0,0.0,0.0,0.00029952835977661195,0.0,0.0,0,0.0,0.00029952835977661195,0.0,0.0,0.00029952835977661195,0.0028,0.0038368954483227035,0.0028,0.0038368954483227035,0.0028,0.0028,0.0,0.00029952835977661195,0.0,0.0028,0.0038368954483227035,0.0,0.0,0.0,0.0,0,0,0,T51-DGC-0.50,0.0,in_domain_conditional,T51-DGC-0.50=0;T51-DGC-0.33=0;T51-DGC-0.67=1;T51-CORNKERNEL-0.50=0,1794,0,True,,,,,0,0,0.0,0.0,0.00029952835977661195,0.0,28,0,0.0028,0.0028,0.0038368954483227035,0.0005284089325512959
1,SDSRC14_MAIN9,SD-SRC14,MAIN9,"main reference nine (linear energy row, Table 5-1 verdicts in every state)","SDSRC14_MAIN9:DIAG-frontier:M2[N=1024,alpha_train=m*/N=0/1024]",M2_joint_chance_saa,diagnostic_frontier,,,,optimal,0.0,300.0,1.7071725837886333,,,True,SD-SRC14,True,10000,0.0058,0.0072125627397637134,36,4,0.0036,0.004,0.0052037929808234195,0.00063118935352238,0.0,0,0.0058,0.0072125627397637134,0.0036,0.004,0.0052037929808234195,0.0797,0.08429594627703625,0.081,0.08562865557325759,0.0797,0.081,0.0031,0.004181495101715713,0.0031,0.0767,0.08121911660852292,0.0058,0.0022,0.0,0.0004,0,22,4,T51-DGC-0.50,0.0,in_domain_conditional,T51-DGC-0.50=0.004;T51-DGC-0.33=0.004;T51-DGC-0.67=1;T51-CORNKERNEL-0.50=0.004,3712,4,True,,,,,36,4,0.0036,0.004,0.0052037929808234195,0.00063118935352238,794,3,0.0794,0.0797,0.08429594627703625,0.002708281927717275
1,SDSRC14_MAIN9,SD-SRC14,MAIN9,"main reference nine (linear energy row, Table 5-1 verdicts in every state)","SDSRC14_MAIN9:DIAG-frontier:M2[N=1024,alpha_train=m*/N=0/1024]",M2_joint_chance_saa,diagnostic_frontier,,,,optimal,0.0,300.0,1.7071725837886333,,,True,SD-12MO,False,10000,,,155,36,0.0155,0.0191,0.02150828042106959,0.0013687655021953175,0.0036,36,0.0331,0.03619527220288178,0.0171,0.0171,0.019390020592849333,0.0319,0.03494356095740912,0.0415,0.04493100101179614,0.0299,0.0435,0.0117,0.013628514721131038,0.0137,0.0184,0.02076766868516183,0.0311,0.0195,0.0055,0.0055,0,140,0,T51-DGC-0.50,0.0,in_domain_conditional,T51-DGC-0.50=0.0191;T51-DGC-0.33=0.0171;T51-DGC-0.67=0.9994;T51-CORNKERNEL-0.50=0.0171,1797,0,True,,,,,171,0,0.0171,0.0171,0.019390020592849333,0.0012964408972259399,299,0,0.0299,0.0299,0.032854928041018486,0.0017031144999676328
1,SDSRC14_MAIN9,SD-SRC14,MAIN9,"main reference nine (linear energy row, Table 5-1 verdicts in every state)","SDSRC14_MAIN9:DIAG-frontier:M2[N=1024,alpha_train=m*/N=0/1024]",M2_joint_chance_saa,diagnostic_frontier,,,,optimal,0.0,300.0,1.7071725837886333,,,True,SD-SRC12,False,10000,,,998,626,0.0998,0.1624,0.16858908768505707,0.0036881735317091575,0.0627,624,0.1825,0.18897148965898836,0.1472,0.1474,0.15335698534212266,0.2393,0.24642355368250984,0.2389,0.2460196166215772,0.2248,0.2534,0.1384,0.14420791156076762,0.1534,0.1006,0.10568411153392061,0.1675,0.0317,0.0114,0.0118,4,207,4,T51-DGC-0.50,0.0,in_domain_conditional,T51-DGC-0.50=0.1624;T51-DGC-0.33=0.1474;T51-DGC-0.67=0.9585;T51-CORNKERNEL-0.50=0.1474,3959,4,True,,,,,1472,2,0.1472,0.1474,0.15335698534212266,0.003545042171822502,2247,1,0.2247,0.2248,0.23177530517833003,0.004174505479694571
1,SD12MO_MAIN9,SD-12MO,MAIN9,"main reference nine (linear energy row, Table 5-1 verdicts in every state)",SD12MO_MAIN9:M0,M0_nominal,method,,,,optimal,,300.0,0.004261794034391642,,,True,SD-H0,False,10000,,,8719,0,0.8719,0.8719,0.8773665751076721,0.0033420112208070157,0.0,0,0.9064,0.9111530382012035,0.8719,0.8719,0.8773665751076721,0.8798,0.8851167479941164,0.9123,0.91691338180855,0.8798,0.9123,0.5396,0.5478391392719986,0.5396,0.7386,0.7458254451186364,0.9064,0.503,0.3586,0.3586,51,1495,0,T51-DGC-0.50,0.0,in_domain_conditional,T51-DGC-0.50=0.8719;T51-DGC-0.33=0.8719;T51-DGC-0.67=0.8719;T51-CORNKERNEL-0.50=0.8719,1001,0,True,,,alpha=0.01:False;alpha=0.05:False;alpha=0.1:False,alpha=0.01:False;alpha=0.05:False;alpha=0.1:False,8719,0,0.8719,0.8719,0.8773665751076721,0.0033420112208070157,8798,0,0.8798,0.8798,0.8851167479941164,0.0032519526441816458
1,SD12MO_MAIN9,SD-12MO,MAIN9,"main reference nine (linear energy row, Table 5-1 verdicts in every state)",SD12MO_MAIN9:M0,M0_nominal,method,,,,optimal,,300.0,0.004261794034391642,,,True,SD-S2,False,10000,,,8032,0,0.8032,0.8032,0.8097237760937208,0.00397579878766519,0.0,0,0.8744,0.8798199320227706,0.8032,0.8032,0.8097237760937208,0.8032,0.8097237760937208,0.8744,0.8798199320227706,0.8032,0.8744,0.5069,0.5151712268837845,0.5069,0.6139,0.6219327755334225,0.8744,0.5004,0.2134,0.2134,0,2870,0,T51-DGC-0.50,0.0,in_domain_conditional,T51-DGC-0.50=0.8032;T51-DGC-0.33=0.8032;T51-DGC-0.67=0.8032;T51-CORNKERNEL-0.50=0.8032,0,0,True,,,alpha=0.01:False;alpha=0.05:False;alpha=0.1:False,alpha=0.01:False;alpha=0.05:False;alpha=0.1:False,8032,0,0.8032,0.8032,0.8097237760937208,0.00397579878766519,8032,0,0.8032,0.8032,0.8097237760937208,0.00397579878766519
1,SD12MO_MAIN9,SD-12MO,MAIN9,"main reference nine (linear energy row, Table 5-1 verdicts in every state)",SD12MO_MAIN9:M0,M0_nominal,method,,,,optimal,,300.0,0.004261794034391642,,,True,SD-SRC14,False,10000,,,8719,0,0.8719,0.8719,0.8773665751076721,0.0033420112208070157,0.0,0,0.9064,0.9111530382012035,0.8719,0.8719,0.8773665751076721,0.8798,0.8851167479941164,0.9123,0.91691338180855,0.8798,0.9123,0.5396,0.5478391392719986,0.5396,0.7386,0.7458254451186364,0.9064,0.503,0.3586,0.3586,51,1495,0,T51-DGC-0.50,0.0,in_domain_conditional,T51-DGC-0.50=0.8719;T51-DGC-0.33=0.8719;T51-DGC-0.67=0.8719;T51-CORNKERNEL-0.50=0.8719,323,0,True,,,alpha=0.01:False;alpha=0.05:False;alpha=0.1:False,alpha=0.01:False;alpha=0.05:False;alpha=0.1:False,8719,0,0.8719,0.8719,0.8773665751076721,0.0033420112208070157,8798,0,0.8798,0.8798,0.8851167479941164,0.0032519526441816458
1,SD12MO_MAIN9,SD-12MO,MAIN9,"main reference nine (linear energy row, Table 5-1 verdicts in every state)",SD12MO_MAIN9:M0,M0_nominal,method,,,,optimal,,300.0,0.004261794034391642,,,True,SD-12MO,True,10000,0.8744,0.8798199320227706,8032,0,0.8032,0.8032,0.8097237760937208,0.00397579878766519,0.0,0,0.8744,0.8798199320227706,0.8032,0.8032,0.8097237760937208,0.8032,0.8097237760937208,0.8744,0.8798199320227706,0.8032,0.8744,0.5069,0.5151712268837845,0.5069,0.6139,0.6219327755334225,0.8744,0.5004,0.2134,0.2134,0,2870,0,T51-DGC-0.50,0.0,in_domain_conditional,T51-DGC-0.50=0.8032;T51-DGC-0.33=0.8032;T51-DGC-0.67=0.8032;T51-CORNKERNEL-0.50=0.8032,3,0,True,,,alpha=0.01:False;alpha=0.05:False;alpha=0.1:False,alpha=0.01:False;alpha=0.05:False;alpha=0.1:False,8032,0,0.8032,0.8032,0.8097237760937208,0.00397579878766519,8032,0,0.8032,0.8032,0.8097237760937208,0.00397579878766519
1,SD12MO_MAIN9,SD-12MO,MAIN9,"main reference nine (linear energy row, Table 5-1 verdicts in every state)",SD12MO_MAIN9:M0,M0_nominal,method,,,,optimal,,300.0,0.004261794034391642,,,True,SD-SRC12,False,10000,,,8719,0,0.8719,0.8719,0.8773665751076721,0.0033420112208070157,0.0,0,0.9064,0.9111530382012035,0.8719,0.8719,0.8773665751076721,0.8798,0.8851167479941164,0.9123,0.91691338180855,0.8798,0.9123,0.5396,0.5478391392719986,0.5396,0.7386,0.7458254451186364,0.9064,0.503,0.3586,0.3586,51,1495,0,T51-DGC-0.50,0.0,in_domain_conditional,T51-DGC-0.50=0.8719;T51-DGC-0.33=0.8719;T51-DGC-0.67=0.8719;T51-CORNKERNEL-0.50=0.8719,678,0,True,,,alpha=0.01:False;alpha=0.05:False;alpha=0.1:False,alpha=0.01:False;alpha=0.05:False;alpha=0.1:False,8719,0,0.8719,0.8719,0.8773665751076721,0.0033420112208070157,8798,0,0.8798,0.8798,0.8851167479941164,0.0032519526441816458
1,SD12MO_MAIN9,SD-12MO,MAIN9,"main reference nine (linear energy row, Table 5-1 verdicts in every state)","SD12MO_MAIN9:M1[relative,apply_to_dm=True]@alpha=0.05",M1_safety_margin,method,0.05,not_met,,,,300.0,,optimal;proven_infeasible,"no value of the declared grid met the validation screen (candidate statuses: optimal, proven_infeasible); a grid without a solution is not a statement about the whole decision space",False,,,,,,,,,,,,,,,,,,,,,,,,,,,,,,,,,,,,,,,,,,,,,,,,,,,,,,,,,,,
1,SD12MO_MAIN9,SD-12MO,MAIN9,"main reference nine (linear energy row, Table 5-1 verdicts in every state)","SD12MO_MAIN9:M1[relative,apply_to_dm=False]@alpha=0.05",M1_safety_margin,method,0.05,not_met,,,,300.0,,optimal;proven_infeasible,"no value of the declared grid met the validation screen (candidate statuses: optimal, proven_infeasible); a grid without a solution is not a statement about the whole decision space",False,,,,,,,,,,,,,,,,,,,,,,,,,,,,,,,,,,,,,,,,,,,,,,,,,,,,,,,,,,,
1,SD12MO_MAIN9,SD-12MO,MAIN9,"main reference nine (linear energy row, Table 5-1 verdicts in every state)",SD12MO_MAIN9:M2[N=128]@alpha=0.05,M2_joint_chance_saa,method,0.05,not_met,,,,300.0,,optimal,no value of the declared grid met the validation screen (candidate statuses: optimal); a grid without a solution is not a statement about the whole decision space,False,,,,,,,,,,,,,,,,,,,,,,,,,,,,,,,,,,,,,,,,,,,,,,,,,,,,,,,,,,,
1,SD12MO_MAIN9,SD-12MO,MAIN9,"main reference nine (linear energy row, Table 5-1 verdicts in every state)",SD12MO_MAIN9:M2[N=512]@alpha=0.05,M2_joint_chance_saa,method,0.05,selected,alpha_train=0.0125,optimal,2.9119701135881497e-05,300.0,41.54416653467342,optimal,,True,SD-H0,False,10000,,,4484,1,0.4484,0.4485,0.45674085175318363,0.0049734067800653505,0.0,0,0.4998,0.5080735380026147,0.4484,0.4485,0.45674085175318363,0.5218,0.53006098238974,0.5636,0.5717930085416976,0.5218,0.5636,0.2711,0.27851057548261116,0.2711,0.3335,0.34134007198736477,0.4998,0.1477,0.0677,0.0681,6,805,4,T51-DGC-0.50,0.0,in_domain_conditional,T51-DGC-0.50=0.4485;T51-DGC-0.33=0.4485;T51-DGC-0.67=0.4485;T51-CORNKERNEL-0.50=0.4485,1007,4,True,False,False,alpha=0.05:False,alpha=0.05:False,4484,1,0.4484,0.4485,0.45674085175318363,0.0049734067800653505,5217,1,0.5217,0.5218,0.53006098238974,0.004995245339320182
1,SD12MO_MAIN9,SD-12MO,MAIN9,"main reference nine (linear energy row, Table 5-1 verdicts in every state)",SD12MO_MAIN9:M2[N=512]@alpha=0.05,M2_joint_chance_saa,method,0.05,selected,alpha_train=0.0125,optimal,2.9119701135881497e-05,300.0,41.54416653467342,optimal,,True,SD-S2,False,10000,,,274,0,0.0274,0.0274,0.030239426209546304,0.0016324594941376034,0.0,0,0.0373,0.04056847067384575,0.0274,0.0274,0.030239426209546304,0.034,0.03713337607735263,0.0437,0.04721240435641327,0.034,0.0437,0.0151,0.017264230514886403,0.0151,0.0192,0.021614017333332663,0.0373,0.0106,0.0005,0.0005,0,101,0,T51-DGC-0.50,0.0,in_domain_conditional,T51-DGC-0.50=0.0274;T51-DGC-0.33=0.0274;T51-DGC-0.67=0.0274;T51-CORNKERNEL-0.50=0.0274,0,0,True,True,True,alpha=0.05:True,alpha=0.05:True,274,0,0.0274,0.0274,0.030239426209546304,0.0016324594941376034,340,0,0.034,0.034,0.03713337607735263,0.0018122913673027303
1,SD12MO_MAIN9,SD-12MO,MAIN9,"main reference nine (linear energy row, Table 5-1 verdicts in every state)",SD12MO_MAIN9:M2[N=512]@alpha=0.05,M2_joint_chance_saa,method,0.05,selected,alpha_train=0.0125,optimal,2.9119701135881497e-05,300.0,41.54416653467342,optimal,,True,SD-SRC14,False,10000,,,4290,1,0.429,0.4291,0.43730567592619807,0.004949476638999319,0.0,0,0.4807,0.4889715233214316,0.429,0.4291,0.43730567592619807,0.5061,0.5143715701863354,0.548,0.5562251821823194,0.5061,0.548,0.2601,0.2674169351083286,0.2601,0.3184,0.3261511071639626,0.4807,0.127,0.0484,0.0488,2,787,4,T51-DGC-0.50,0.0,in_domain_conditional,T51-DGC-0.50=0.4291;T51-DGC-0.33=0.4291;T51-DGC-0.67=0.4291;T51-CORNKERNEL-0.50=0.4291,330,4,True,False,False,alpha=0.05:False,alpha=0.05:False,4290,1,0.429,0.4291,0.43730567592619807,0.004949476638999319,5060,1,0.506,0.5061,0.5143715701863354,0.004999627886153129
1,SD12MO_MAIN9,SD-12MO,MAIN9,"main reference nine (linear energy row, Table 5-1 verdicts in every state)",SD12MO_MAIN9:M2[N=512]@alpha=0.05,M2_joint_chance_saa,method,0.05,selected,alpha_train=0.0125,optimal,2.9119701135881497e-05,300.0,41.54416653467342,optimal,,True,SD-12MO,True,10000,0.0411,0.0445159369913464,285,0,0.0285,0.0285,0.031390928474220724,0.001663963641429704,0.0,0,0.0411,0.0445159369913464,0.0285,0.0285,0.031390928474220724,0.0352,0.0383833170995956,0.0475,0.051147623677428304,0.0352,0.0475,0.0155,0.017690056955550534,0.0155,0.02,0.02245935301710235,0.0411,0.0143,0.0011,0.0011,0,132,0,T51-DGC-0.50,0.0,in_domain_conditional,T51-DGC-0.50=0.0285;T51-DGC-0.33=0.0285;T51-DGC-0.67=0.0285;T51-CORNKERNEL-0.50=0.0285,3,0,True,True,True,alpha=0.05:True,alpha=0.05:True,285,0,0.0285,0.0285,0.031390928474220724,0.001663963641429704,352,0,0.0352,0.0352,0.0383833170995956,0.0018428499667634368
1,SD12MO_MAIN9,SD-12MO,MAIN9,"main reference nine (linear energy row, Table 5-1 verdicts in every state)",SD12MO_MAIN9:M2[N=512]@alpha=0.05,M2_joint_chance_saa,method,0.05,selected,alpha_train=0.0125,optimal,2.9119701135881497e-05,300.0,41.54416653467342,optimal,,True,SD-SRC12,False,10000,,,4362,1,0.4362,0.4363,0.44452020952951254,0.0049592571016231855,0.0,0,0.4887,0.4969738285587185,0.4362,0.4363,0.44452020952951254,0.5118,0.5200686646435919,0.5546,0.5628125654736773,0.5118,0.5546,0.2679,0.2752839285336398,0.2679,0.3198,0.3275597402953536,0.4887,0.1319,0.0498,0.0502,3,823,4,T51-DGC-0.50,0.0,in_domain_conditional,T51-DGC-0.50=0.4363;T51-DGC-0.33=0.4363;T51-DGC-0.67=0.4363;T51-CORNKERNEL-0.50=0.4363,684,4,True,False,False,alpha=0.05:False,alpha=0.05:False,4362,1,0.4362,0.4363,0.44452020952951254,0.0049592571016231855,5117,1,0.5117,0.5118,0.5200686646435919,0.004998607406068214
1,SD12MO_MAIN9,SD-12MO,MAIN9,"main reference nine (linear energy row, Table 5-1 verdicts in every state)",SD12MO_MAIN9:M2[N=1024]@alpha=0.05,M2_joint_chance_saa,method,0.05,selected,alpha_train=0.025,feasible_time_limit,0.01231898725501621,300.0,301.56200284603983,feasible_time_limit;optimal,,True,SD-H0,False,10000,,,4376,2,0.4376,0.4378,0.4460230170936188,0.004961160751275854,0.0,0,0.4958,0.5040741098438999,0.4376,0.4378,0.4460230170936188,0.5134,0.5216676568420785,0.5605,0.568700052139024,0.5134,0.5605,0.282,0.2894977768384733,0.282,0.307,0.3146778167604242,0.4958,0.1517,0.0639,0.0643,9,886,4,T51-DGC-0.50,0.0,in_domain_conditional,T51-DGC-0.50=0.4378;T51-DGC-0.33=0.4378;T51-DGC-0.67=0.4378;T51-CORNKERNEL-0.50=0.4378,1007,4,True,False,False,alpha=0.05:False,alpha=0.05:False,4376,2,0.4376,0.4378,0.4460230170936188,0.004961160751275854,5133,1,0.5133,0.5134,0.5216676568420785,0.004998204077466225
1,SD12MO_MAIN9,SD-12MO,MAIN9,"main reference nine (linear energy row, Table 5-1 verdicts in every state)",SD12MO_MAIN9:M2[N=1024]@alpha=0.05,M2_joint_chance_saa,method,0.05,selected,alpha_train=0.025,feasible_time_limit,0.01231898725501621,300.0,301.56200284603983,feasible_time_limit;optimal,,True,SD-S2,False,10000,,,254,0,0.0254,0.0254,0.02814281748913582,0.0015733670900333462,0.0,0,0.0376,0.04088041336926199,0.0254,0.0254,0.02814281748913582,0.0316,0.034630465522242915,0.0436,0.04710875591864354,0.0316,0.0436,0.0193,0.021719738426222653,0.0193,0.0125,0.014486877418847258,0.0376,0.013,0.0005,0.0005,0,125,0,T51-DGC-0.50,0.0,in_domain_conditional,T51-DGC-0.50=0.0254;T51-DGC-0.33=0.0254;T51-DGC-0.67=0.0254;T51-CORNKERNEL-0.50=0.0254,0,0,True,True,True,alpha=0.05:True,alpha=0.05:True,254,0,0.0254,0.0254,0.02814281748913582,0.0015733670900333462,316,0,0.0316,0.0316,0.034630465522242915,0.0017493267276298045
1,SD12MO_MAIN9,SD-12MO,MAIN9,"main reference nine (linear energy row, Table 5-1 verdicts in every state)",SD12MO_MAIN9:M2[N=1024]@alpha=0.05,M2_joint_chance_saa,method,0.05,selected,alpha_train=0.025,feasible_time_limit,0.01231898725501621,300.0,301.56200284603983,feasible_time_limit;optimal,,True,SD-SRC14,False,10000,,,4297,2,0.4297,0.4299,0.4381073773766251,0.0049506160222744,0.0,0,0.4845,0.49277288115009926,0.4297,0.4299,0.4381073773766251,0.5062,0.5144715284249748,0.551,0.5592196277619209,0.5062,0.551,0.2773,0.2847608449849242,0.2773,0.2996,0.30722733839977734,0.4845,0.1405,0.0561,0.0565,6,849,4,T51-DGC-0.50,0.0,in_domain_conditional,T51-DGC-0.50=0.4299;T51-DGC-0.33=0.4299;T51-DGC-0.67=0.4299;T51-CORNKERNEL-0.50=0.4299,330,4,True,False,False,alpha=0.05:False,alpha=0.05:False,4297,2,0.4297,0.4299,0.4381073773766251,0.0049506160222744,5061,1,0.5061,0.5062,0.5144715284249748,0.004999615585222528
1,SD12MO_MAIN9,SD-12MO,MAIN9,"main reference nine (linear energy row, Table 5-1 verdicts in every state)",SD12MO_MAIN9:M2[N=1024]@alpha=0.05,M2_joint_chance_saa,method,0.05,selected,alpha_train=0.025,feasible_time_limit,0.01231898725501621,300.0,301.56200284603983,feasible_time_limit;optimal,,True,SD-12MO,True,10000,0.0397,0.043062544648211874,262,0,0.0262,0.0262,0.028981939888895355,0.0015972964659073156,0.0,0,0.0397,0.043062544648211874,0.0262,0.0262,0.028981939888895355,0.0325,0.03556954888209006,0.0458,0.04938793601304975,0.0325,0.0458,0.0198,0.022248110743996775,0.0198,0.0129,0.01491533371401061,0.0397,0.0149,0.0008,0.0008,0,141,0,T51-DGC-0.50,0.0,in_domain_conditional,T51-DGC-0.50=0.0262;T51-DGC-0.33=0.0262;T51-DGC-0.67=0.0262;T51-CORNKERNEL-0.50=0.0262,3,0,True,True,True,alpha=0.05:True,alpha=0.05:True,262,0,0.0262,0.0262,0.028981939888895355,0.0015972964659073156,325,0,0.0325,0.0325,0.03556954888209006,0.0017732385626305334
1,SD12MO_MAIN9,SD-12MO,MAIN9,"main reference nine (linear energy row, Table 5-1 verdicts in every state)",SD12MO_MAIN9:M2[N=1024]@alpha=0.05,M2_joint_chance_saa,method,0.05,selected,alpha_train=0.025,feasible_time_limit,0.01231898725501621,300.0,301.56200284603983,feasible_time_limit;optimal,,True,SD-SRC12,False,10000,,,4322,2,0.4322,0.4324,0.4406125547082963,0.004954091642269045,0.0,0,0.4876,0.49587363656365846,0.4322,0.4324,0.4406125547082963,0.5084,0.5166705264375961,0.5538,0.5620141723427134,0.5084,0.5538,0.2801,0.28758296781379844,0.2801,0.3016,0.3092412100905167,0.4876,0.1422,0.0574,0.0578,6,853,4,T51-DGC-0.50,0.0,in_domain_conditional,T51-DGC-0.50=0.4324;T51-DGC-0.33=0.4324;T51-DGC-0.67=0.4324;T51-CORNKERNEL-0.50=0.4324,684,4,True,False,False,alpha=0.05:False,alpha=0.05:False,4322,2,0.4322,0.4324,0.4406125547082963,0.004954091642269045,5083,1,0.5083,0.5084,0.5166705264375961,0.004999294350205837
1,SD12MO_MAIN9,SD-12MO,MAIN9,"main reference nine (linear energy row, Table 5-1 verdicts in every state)",SD12MO_MAIN9:M3a[factory box]@alpha=0.05,M3a_box_robust,method,0.05,not_met,,,,300.0,,optimal;proven_infeasible,"no value of the declared grid met the validation screen (candidate statuses: optimal, proven_infeasible); a grid without a solution is not a statement about the whole decision space",False,,,,,,,,,,,,,,,,,,,,,,,,,,,,,,,,,,,,,,,,,,,,,,,,,,,,,,,,,,,
1,SD12MO_MAIN9,SD-12MO,MAIN9,"main reference nine (linear energy row, Table 5-1 verdicts in every state)","SD12MO_MAIN9:M3b[factory box k=3, Gamma selected]@alpha=0.05",M3b_budget_robust,method,0.05,selected,gamma=1,optimal,,300.0,0.006672513205558062,optimal;proven_infeasible,,True,SD-H0,False,10000,,,3565,1,0.3565,0.3566,0.36455895427109697,0.004789952400598569,0.0,0,0.392,0.40010264574314064,0.3565,0.3566,0.36455895427109697,0.4061,0.4142474139821075,0.4345,0.4427167403361662,0.4061,0.4345,0.1725,0.17883484331100033,0.1725,0.2857,0.2932261489511351,0.392,0.0908,0.0387,0.0391,3,524,4,T51-DGC-0.50,0.0,in_domain_conditional,T51-DGC-0.50=0.3566;T51-DGC-0.33=0.3566;T51-DGC-0.67=0.3591;T51-CORNKERNEL-0.50=0.3566,1007,4,True,False,False,alpha=0.05:False,alpha=0.05:False,3565,1,0.3565,0.3566,0.36455895427109697,0.004789952400598569,4060,1,0.406,0.4061,0.4142474139821075,0.004911036448653176
1,SD12MO_MAIN9,SD-12MO,MAIN9,"main reference nine (linear energy row, Table 5-1 verdicts in every state)","SD12MO_MAIN9:M3b[factory box k=3, Gamma selected]@alpha=0.05",M3b_budget_robust,method,0.05,selected,gamma=1,optimal,,300.0,0.006672513205558062,optimal;proven_infeasible,,True,SD-S2,False,10000,,,109,0,0.0109,0.0109,0.012768052748568692,0.0010383250936002654,0.0,0,0.0109,0.012768052748568692,0.0109,0.0109,0.012768052748568692,0.012,0.013950635558311471,0.012,0.013950635558311471,0.012,0.012,0.0009,0.0015699951188064335,0.0009,0.0111,0.01298337699725686,0.0109,0.0,0.0,0.0,0,0,0,T51-DGC-0.50,0.0,in_domain_conditional,T51-DGC-0.50=0.0109;T51-DGC-0.33=0.0109;T51-DGC-0.67=0.0109;T51-CORNKERNEL-0.50=0.0109,0,0,True,True,True,alpha=0.05:True,alpha=0.05:True,109,0,0.0109,0.0109,0.012768052748568692,0.0010383250936002654,120,0,0.012,0.012,0.013950635558311471,0.001088852607105296
1,SD12MO_MAIN9,SD-12MO,MAIN9,"main reference nine (linear energy row, Table 5-1 verdicts in every state)","SD12MO_MAIN9:M3b[factory box k=3, Gamma selected]@alpha=0.05",M3b_budget_robust,method,0.05,selected,gamma=1,optimal,,300.0,0.006672513205558062,optimal;proven_infeasible,,True,SD-SRC14,False,10000,,,2887,0,0.2887,0.2887,0.2962487049210039,0.004531581512011011,0.0,0,0.3029,0.3105501354209999,0.2887,0.2887,0.2962487049210039,0.3407,0.34857932355696963,0.3527,0.36064030880356335,0.3407,0.3527,0.1131,0.1184430855231214,0.1131,0.2566,0.2638859161945221,0.3029,0.0209,0.002,0.0024,0,189,4,T51-DGC-0.50,0.0,in_domain_conditional,T51-DGC-0.50=0.2887;T51-DGC-0.33=0.2887;T51-DGC-0.67=0.2887;T51-CORNKERNEL-0.50=0.2887,330,4,True,False,False,alpha=0.05:False,alpha=0.05:False,2887,0,0.2887,0.2887,0.2962487049210039,0.004531581512011011,3407,0,0.3407,0.3407,0.34857932355696963,0.004739446275673984
1,SD12MO_MAIN9,SD-12MO,MAIN9,"main reference nine (linear energy row, Table 5-1 verdicts in every state)","SD12MO_MAIN9:M3b[factory box k=3, Gamma selected]@alpha=0.05",M3b_budget_robust,method,0.05,selected,gamma=1,optimal,,300.0,0.006672513205558062,optimal;proven_infeasible,,True,SD-12MO,True,10000,0.0138,0.015877730577946277,117,0,0.0117,0.0117,0.013628514721131038,0.0010753190224300879,0.0,0,0.0138,0.015877730577946277,0.0117,0.0117,0.013628514721131038,0.0134,0.015450267967258404,0.0155,0.017690056955550534,0.0134,0.0155,0.0015,0.002308777804199719,0.0015,0.012,0.013950635558311471,0.0138,0.0021,0.0,0.0,0,21,0,T51-DGC-0.50,0.0,in_domain_conditional,T51-DGC-0.50=0.0117;T51-DGC-0.33=0.0117;T51-DGC-0.67=0.0117;T51-CORNKERNEL-0.50=0.0117,3,0,True,True,True,alpha=0.05:True,alpha=0.05:True,117,0,0.0117,0.0117,0.013628514721131038,0.0010753190224300879,134,0,0.0134,0.0134,0.015450267967258404,0.001149801722037326
1,SD12MO_MAIN9,SD-12MO,MAIN9,"main reference nine (linear energy row, Table 5-1 verdicts in every state)","SD12MO_MAIN9:M3b[factory box k=3, Gamma selected]@alpha=0.05",M3b_budget_robust,method,0.05,selected,gamma=1,optimal,,300.0,0.006672513205558062,optimal;proven_infeasible,,True,SD-SRC12,False,10000,,,3182,0,0.3182,0.3182,0.32594986736045056,0.004657775864079335,0.0,0,0.3369,0.3447588588835802,0.3182,0.3182,0.32594986736045056,0.3707,0.37872164706506994,0.3856,0.39368001528528024,0.3707,0.3856,0.1472,0.15315375592968117,0.1472,0.2631,0.2704430477411591,0.3369,0.0322,0.0062,0.0066,0,260,4,T51-DGC-0.50,0.0,in_domain_conditional,T51-DGC-0.50=0.3182;T51-DGC-0.33=0.3182;T51-DGC-0.67=0.3183;T51-CORNKERNEL-0.50=0.3182,684,4,True,False,False,alpha=0.05:False,alpha=0.05:False,3182,0,0.3182,0.3182,0.32594986736045056,0.004657775864079335,3707,0,0.3707,0.3707,0.37872164706506994,0.004829922463145759
1,SD12MO_MAIN9,SD-12MO,MAIN9,"main reference nine (linear energy row, Table 5-1 verdicts in every state)","SD12MO_MAIN9:M1[relative,apply_to_dm=True]@alpha=0.1",M1_safety_margin,method,0.1,not_met,,,,300.0,,optimal;proven_infeasible,"no value of the declared grid met the validation screen (candidate statuses: optimal, proven_infeasible); a grid without a solution is not a statement about the whole decision space",False,,,,,,,,,,,,,,,,,,,,,,,,,,,,,,,,,,,,,,,,,,,,,,,,,,,,,,,,,,,
1,SD12MO_MAIN9,SD-12MO,MAIN9,"main reference nine (linear energy row, Table 5-1 verdicts in every state)","SD12MO_MAIN9:M1[relative,apply_to_dm=False]@alpha=0.1",M1_safety_margin,method,0.1,selected,k=0.075,optimal,,300.0,0.007513051852583885,optimal;proven_infeasible,,True,SD-H0,False,10000,,,3167,3769,0.3167,0.6936,0.7011903840827054,0.004609978741816495,0.4667,3769,0.7137,0.7211385896618381,0.4908,0.4908,0.49907408450301954,0.7049,0.7124071970117758,0.5199,0.5281626956046059,0.5033,0.7208,0.3374,0.3452615836227758,0.581,0.2775,0.284962437060103,0.5116,0.1231,0.0891,0.0895,7,347,4,T51-DGC-0.50,0.0,in_domain_conditional,T51-DGC-0.50=0.6936;T51-DGC-0.33=0.4908;T51-DGC-0.67=0.997;T51-CORNKERNEL-0.50=0.4908,4171,4,True,False,False,sensitivity_line_not_an_entry,,4908,0,0.4908,0.4908,0.49907408450301954,0.004999153528348574,5033,0,0.5033,0.5033,0.5115726059462143,0.004999891098814053
1,SD12MO_MAIN9,SD-12MO,MAIN9,"main reference nine (linear energy row, Table 5-1 verdicts in every state)","SD12MO_MAIN9:M1[relative,apply_to_dm=False]@alpha=0.1",M1_safety_margin,method,0.1,selected,k=0.075,optimal,,300.0,0.007513051852583885,optimal;proven_infeasible,,True,SD-S2,False,10000,,,65,4832,0.0065,0.4897,0.49797396853813364,0.0049989389874252315,0.4859,4832,0.4897,0.49797396853813364,0.0067,0.0067,0.008204600723855685,0.4897,0.49797396853813364,0.0067,0.008204600723855685,0.0067,0.4897,0.0003,0.0007751813790100997,0.486,0.0064,0.00787465657842059,0.0067,0.0,0.0,0.0,0,0,0,T51-DGC-0.50,0.0,in_domain_conditional,T51-DGC-0.50=0.4897;T51-DGC-0.33=0.0067;T51-DGC-0.67=1;T51-CORNKERNEL-0.50=0.0067,1794,0,True,True,True,sensitivity_line_not_an_entry,,67,0,0.0067,0.0067,0.008204600723855685,0.0008157885755512883,67,0,0.0067,0.0067,0.008204600723855685,0.0008157885755512883
1,SD12MO_MAIN9,SD-12MO,MAIN9,"main reference nine (linear energy row, Table 5-1 verdicts in every state)","SD12MO_MAIN9:M1[relative,apply_to_dm=False]@alpha=0.1",M1_safety_margin,method,0.1,selected,k=0.075,optimal,,300.0,0.007513051852583885,optimal;proven_infeasible,,True,SD-SRC14,False,10000,,,2013,3951,0.2013,0.5964,0.6044984631241845,0.004906190375433876,0.4907,3949,0.5963,0.6043988076188782,0.2025,0.2027,0.20942618919936745,0.6003,0.6083847558522784,0.2097,0.2165082714138703,0.2099,0.6002,0.0187,0.02108517212482378,0.5009,0.1949,0.20153106839760637,0.2025,0.0,0.0,0.0004,0,0,4,T51-DGC-0.50,0.0,in_domain_conditional,T51-DGC-0.50=0.5964;T51-DGC-0.33=0.2027;T51-DGC-0.67=1;T51-CORNKERNEL-0.50=0.2027,3712,4,True,False,False,sensitivity_line_not_an_entry,,2025,2,0.2025,0.2027,0.20942618919936745,0.004020108331873657,2097,2,0.2097,0.2099,0.2167105722252208,0.004072370194370841
1,SD12MO_MAIN9,SD-12MO,MAIN9,"main reference nine (linear energy row, Table 5-1 verdicts in every state)","SD12MO_MAIN9:M1[relative,apply_to_dm=False]@alpha=0.1",M1_safety_margin,method,0.1,selected,k=0.075,optimal,,300.0,0.007513051852583885,optimal;proven_infeasible,,True,SD-12MO,True,10000,0.0678,0.07207920734854095,135,4750,0.0135,0.4885,0.4967737966131054,0.004998677325053099,0.4777,4750,0.4925,0.5007741854040952,0.0637,0.0637,0.0678620040247188,0.4889,0.4971738591877087,0.0682,0.07249040318463076,0.0641,0.4929,0.0553,0.0592065598549246,0.4827,0.0094,0.01114818785667052,0.0678,0.0062,0.0015,0.0015,0,47,0,T51-DGC-0.50,0.0,in_domain_conditional,T51-DGC-0.50=0.4885;T51-DGC-0.33=0.0637;T51-DGC-0.67=1;T51-CORNKERNEL-0.50=0.0637,1797,0,True,True,True,sensitivity_line_not_an_entry,,637,0,0.0637,0.0637,0.0678620040247188,0.002442177511975737,641,0,0.0641,0.0641,0.06827364044366122,0.002449309902809361
1,SD12MO_MAIN9,SD-12MO,MAIN9,"main reference nine (linear energy row, Table 5-1 verdicts in every state)","SD12MO_MAIN9:M1[relative,apply_to_dm=False]@alpha=0.1",M1_safety_margin,method,0.1,selected,k=0.075,optimal,,300.0,0.007513051852583885,optimal;proven_infeasible,,True,SD-SRC12,False,10000,,,2145,3824,0.2145,0.5969,0.6049967354275632,0.004905205296417267,0.4787,3824,0.6005,0.6085840385943214,0.3793,0.3793,0.38735631222629247,0.6045,0.6125693990336709,0.3922,0.40030332955934206,0.3893,0.6073,0.2327,0.23975749836009053,0.4996,0.2063,0.21306878269020987,0.383,0.0086,0.0035,0.0039,6,57,4,T51-DGC-0.50,0.0,in_domain_conditional,T51-DGC-0.50=0.5969;T51-DGC-0.33=0.3793;T51-DGC-0.67=0.9967;T51-CORNKERNEL-0.50=0.3793,3959,4,True,False,False,sensitivity_line_not_an_entry,,3793,0,0.3793,0.3793,0.38735631222629247,0.004852128502008166,3893,0,0.3893,0.3893,0.3973932757430256,0.004875915401234931
1,SD12MO_MAIN9,SD-12MO,MAIN9,"main reference nine (linear energy row, Table 5-1 verdicts in every state)",SD12MO_MAIN9:M2[N=128]@alpha=0.1,M2_joint_chance_saa,method,0.1,not_met,,,,300.0,,optimal,no value of the declared grid met the validation screen (candidate statuses: optimal); a grid without a solution is not a statement about the whole decision space,False,,,,,,,,,,,,,,,,,,,,,,,,,,,,,,,,,,,,,,,,,,,,,,,,,,,,,,,,,,,
1,SD12MO_MAIN9,SD-12MO,MAIN9,"main reference nine (linear energy row, Table 5-1 verdicts in every state)",SD12MO_MAIN9:M2[N=512]@alpha=0.1,M2_joint_chance_saa,method,0.1,selected,alpha_train=0.025,optimal,9.48479129911036e-05,300.0,32.10917784878984,feasible_time_limit;optimal,,True,SD-H0,False,10000,,,4861,2,0.4861,0.4863,0.49457335830352195,0.00499812274759234,0.0,0,0.5401,0.5483383741675463,0.4861,0.4863,0.49457335830352195,0.5495,0.5577224425259086,0.5938,0.60190730695748,0.5495,0.5938,0.3152,0.32293107458240033,0.3152,0.326,0.33379702187070254,0.5401,0.1584,0.0699,0.0703,14,898,4,T51-DGC-0.50,0.0,in_domain_conditional,T51-DGC-0.50=0.4863;T51-DGC-0.33=0.4863;T51-DGC-0.67=0.4863;T51-CORNKERNEL-0.50=0.4863,1007,4,True,False,False,alpha=0.1:False,alpha=0.1:False,4861,2,0.4861,0.4863,0.49457335830352195,0.00499812274759234,5494,1,0.5494,0.5495,0.5577224425259086,0.004975437166722136
1,SD12MO_MAIN9,SD-12MO,MAIN9,"main reference nine (linear energy row, Table 5-1 verdicts in every state)",SD12MO_MAIN9:M2[N=512]@alpha=0.1,M2_joint_chance_saa,method,0.1,selected,alpha_train=0.025,optimal,9.48479129911036e-05,300.0,32.10917784878984,feasible_time_limit;optimal,,True,SD-S2,False,10000,,,469,0,0.0469,0.0469,0.050526701424478,0.002114246674349992,0.0,0,0.0614,0.06549420715396002,0.0469,0.0469,0.050526701424478,0.0509,0.05466336192543562,0.0653,0.06950828305049561,0.0509,0.0653,0.0333,0.03640378904502012,0.0333,0.018,0.02034409439164592,0.0614,0.0165,0.0012,0.0012,0,153,0,T51-DGC-0.50,0.0,in_domain_conditional,T51-DGC-0.50=0.0469;T51-DGC-0.33=0.0469;T51-DGC-0.67=0.0469;T51-CORNKERNEL-0.50=0.0469,0,0,True,True,True,alpha=0.1:True,alpha=0.1:True,469,0,0.0469,0.0469,0.050526701424478,0.002114246674349992,509,0,0.0509,0.0509,0.05466336192543562,0.0021979351673786923
1,SD12MO_MAIN9,SD-12MO,MAIN9,"main reference nine (linear energy row, Table 5-1 verdicts in every state)",SD12MO_MAIN9:M2[N=512]@alpha=0.1,M2_joint_chance_saa,method,0.1,selected,alpha_train=0.025,optimal,9.48479129911036e-05,300.0,32.10917784878984,feasible_time_limit;optimal,,True,SD-SRC14,False,10000,,,4802,2,0.4802,0.4804,0.48867139585686575,0.004996156923075976,0.0,0,0.5332,0.5414482001425536,0.4802,0.4804,0.48867139585686575,0.5437,0.5519326201907138,0.5881,0.5962258753005283,0.5437,0.5881,0.3115,0.3192073884206386,0.3115,0.3209,0.32866646774412545,0.5332,0.1512,0.0629,0.0633,7,889,4,T51-DGC-0.50,0.0,in_domain_conditional,T51-DGC-0.50=0.4804;T51-DGC-0.33=0.4804;T51-DGC-0.67=0.4804;T51-CORNKERNEL-0.50=0.4804,330,4,True,False,False,alpha=0.1:False,alpha=0.1:False,4802,2,0.4802,0.4804,0.48867139585686575,0.004996156923075976,5436,1,0.5436,0.5437,0.5519326201907138,0.004980866490882887
1,SD12MO_MAIN9,SD-12MO,MAIN9,"main reference nine (linear energy row, Table 5-1 verdicts in every state)",SD12MO_MAIN9:M2[N=512]@alpha=0.1,M2_joint_chance_saa,method,0.1,selected,alpha_train=0.025,optimal,9.48479129911036e-05,300.0,32.10917784878984,feasible_time_limit;optimal,,True,SD-12MO,True,10000,0.0636,0.06775908789005411,473,0,0.0473,0.0473,0.05094066678148597,0.0021227979178433352,0.0,0,0.0636,0.06775908789005411,0.0473,0.0473,0.05094066678148597,0.0515,0.0552833100324481,0.0677,0.07197640194362871,0.0515,0.0677,0.0336,0.036716511167912726,0.0336,0.0183,0.02066180070768112,0.0636,0.0182,0.0012,0.0012,0,170,0,T51-DGC-0.50,0.0,in_domain_conditional,T51-DGC-0.50=0.0473;T51-DGC-0.33=0.0473;T51-DGC-0.67=0.0473;T51-CORNKERNEL-0.50=0.0473,3,0,True,True,True,alpha=0.1:True,alpha=0.1:True,473,0,0.0473,0.0473,0.05094066678148597,0.0021227979178433352,515,0,0.0515,0.0515,0.0552833100324481,0.0022101527096560544
1,SD12MO_MAIN9,SD-12MO,MAIN9,"main reference nine (linear energy row, Table 5-1 verdicts in every state)",SD12MO_MAIN9:M2[N=512]@alpha=0.1,M2_joint_chance_saa,method,0.1,selected,alpha_train=0.025,optimal,9.48479129911036e-05,300.0,32.10917784878984,feasible_time_limit;optimal,,True,SD-SRC12,False,10000,,,4829,2,0.4829,0.4831,0.49137243625184995,0.004997143083802984,0.0,0,0.5353,0.5435453767146019,0.4829,0.4831,0.49137243625184995,0.5465,0.5547278467977261,0.5903,0.5984188417310763,0.5465,0.5903,0.3143,0.3220253649377053,0.3143,0.3222,0.32997435533971453,0.5353,0.1508,0.0648,0.0652,7,866,4,T51-DGC-0.50,0.0,in_domain_conditional,T51-DGC-0.50=0.4831;T51-DGC-0.33=0.4831;T51-DGC-0.67=0.4831;T51-CORNKERNEL-0.50=0.4831,684,4,True,False,False,alpha=0.1:False,alpha=0.1:False,4829,2,0.4829,0.4831,0.49137243625184995,0.004997143083802984,5464,1,0.5464,0.5465,0.5547278467977261,0.0049783305434653495
1,SD12MO_MAIN9,SD-12MO,MAIN9,"main reference nine (linear energy row, Table 5-1 verdicts in every state)",SD12MO_MAIN9:M2[N=1024]@alpha=0.1,M2_joint_chance_saa,method,0.1,selected,alpha_train=0.075,feasible_time_limit,0.023206682444147572,300.0,301.4049133127555,feasible_time_limit,,True,SD-H0,False,10000,,,4963,2,0.4963,0.4965,0.5047740477619945,0.004999877498499339,0.0,0,0.5604,0.5686002739674163,0.4963,0.4965,0.5047740477619945,0.5605,0.568700052139024,0.6135,0.6215343978195401,0.5605,0.6135,0.3099,0.31759697059255554,0.3099,0.3426,0.3504893465131504,0.5604,0.1956,0.0922,0.0926,12,1045,4,T51-DGC-0.50,0.0,in_domain_conditional,T51-DGC-0.50=0.4965;T51-DGC-0.33=0.4965;T51-DGC-0.67=0.4965;T51-CORNKERNEL-0.50=0.4965,1007,4,True,False,False,alpha=0.1:False,alpha=0.1:False,4963,2,0.4963,0.4965,0.5047740477619945,0.004999877498499339,5604,1,0.5604,0.5605,0.568700052139024,0.0049632625358729515
1,SD12MO_MAIN9,SD-12MO,MAIN9,"main reference nine (linear energy row, Table 5-1 verdicts in every state)",SD12MO_MAIN9:M2[N=1024]@alpha=0.1,M2_joint_chance_saa,method,0.1,selected,alpha_train=0.075,feasible_time_limit,0.023206682444147572,300.0,301.4049133127555,feasible_time_limit,,True,SD-S2,False,10000,,,551,0,0.0551,0.0551,0.05900020113936131,0.002281753492382558,0.0,0,0.0866,0.09136574120542097,0.0551,0.0551,0.05900020113936131,0.0597,0.06374309198373738,0.0911,0.09597167600588112,0.0597,0.0911,0.04,0.04337407493321397,0.04,0.0202,0.02267053568297092,0.0866,0.036,0.0027,0.0027,0,333,0,T51-DGC-0.50,0.0,in_domain_conditional,T51-DGC-0.50=0.0551;T51-DGC-0.33=0.0551;T51-DGC-0.67=0.0551;T51-CORNKERNEL-0.50=0.0551,0,0,True,True,True,alpha=0.1:True,alpha=0.1:True,551,0,0.0551,0.0551,0.05900020113936131,0.002281753492382558,597,0,0.0597,0.0597,0.06374309198373738,0.0023693017958884006
1,SD12MO_MAIN9,SD-12MO,MAIN9,"main reference nine (linear energy row, Table 5-1 verdicts in every state)",SD12MO_MAIN9:M2[N=1024]@alpha=0.1,M2_joint_chance_saa,method,0.1,selected,alpha_train=0.075,feasible_time_limit,0.023206682444147572,300.0,301.4049133127555,feasible_time_limit,,True,SD-SRC14,False,10000,,,4922,2,0.4922,0.4924,0.5006741821010103,0.00499942236663397,0.0,0,0.5584,0.5666046399552991,0.4922,0.4924,0.5006741821010103,0.5572,0.5654071950688717,0.6128,0.6208372231126451,0.5572,0.6128,0.3078,0.3154831356460464,0.3078,0.3378,0.3456637564135234,0.5584,0.193,0.0866,0.087,6,1069,4,T51-DGC-0.50,0.0,in_domain_conditional,T51-DGC-0.50=0.4924;T51-DGC-0.33=0.4924;T51-DGC-0.67=0.4924;T51-CORNKERNEL-0.50=0.4924,330,4,True,False,False,alpha=0.1:False,alpha=0.1:False,4922,2,0.4922,0.4924,0.5006741821010103,0.00499942236663397,5571,1,0.5571,0.5572,0.5654071950688717,0.004967173844350528
1,SD12MO_MAIN9,SD-12MO,MAIN9,"main reference nine (linear energy row, Table 5-1 verdicts in every state)",SD12MO_MAIN9:M2[N=1024]@alpha=0.1,M2_joint_chance_saa,method,0.1,selected,alpha_train=0.075,feasible_time_limit,0.023206682444147572,300.0,301.4049133127555,feasible_time_limit,,True,SD-12MO,True,10000,0.0869,0.09167291699850388,555,0,0.0555,0.0555,0.05941290482351136,0.002289535979188796,0.0,0,0.0869,0.09167291699850388,0.0555,0.0555,0.05941290482351136,0.06,0.0640521761141087,0.0909,0.09576704368670177,0.06,0.0909,0.0402,0.04358173451067101,0.0402,0.0204,0.022881659603446975,0.0869,0.0357,0.0029,0.0029,0,328,0,T51-DGC-0.50,0.0,in_domain_conditional,T51-DGC-0.50=0.0555;T51-DGC-0.33=0.0555;T51-DGC-0.67=0.0555;T51-CORNKERNEL-0.50=0.0555,3,0,True,True,True,alpha=0.1:True,alpha=0.1:True,555,0,0.0555,0.0555,0.05941290482351136,0.002289535979188796,600,0,0.06,0.06,0.0640521761141087,0.0023748684174075834
1,SD12MO_MAIN9,SD-12MO,MAIN9,"main reference nine (linear energy row, Table 5-1 verdicts in every state)",SD12MO_MAIN9:M2[N=1024]@alpha=0.1,M2_joint_chance_saa,method,0.1,selected,alpha_train=0.075,feasible_time_limit,0.023206682444147572,300.0,301.4049133127555,feasible_time_limit,,True,SD-SRC12,False,10000,,,4930,2,0.493,0.4932,0.501474199313418,0.004999537578616646,0.0,0,0.5578,0.5660059235532785,0.493,0.4932,0.501474199313418,0.5577,0.565906136311461,0.6119,0.6199408300217806,0.5577,0.6119,0.3088,0.3164897466411179,0.3088,0.3389,0.3467696995484423,0.5578,0.1933,0.088,0.0884,7,1059,4,T51-DGC-0.50,0.0,in_domain_conditional,T51-DGC-0.50=0.4932;T51-DGC-0.33=0.4932;T51-DGC-0.67=0.4932;T51-CORNKERNEL-0.50=0.4932,684,4,True,False,False,alpha=0.1:False,alpha=0.1:False,4930,2,0.493,0.4932,0.501474199313418,0.004999537578616646,5576,1,0.5576,0.5577,0.565906136311461,0.00496659551403172
1,SD12MO_MAIN9,SD-12MO,MAIN9,"main reference nine (linear energy row, Table 5-1 verdicts in every state)",SD12MO_MAIN9:M3a[factory box]@alpha=0.1,M3a_box_robust,method,0.1,not_met,,,,300.0,,optimal;proven_infeasible,"no value of the declared grid met the validation screen (candidate statuses: optimal, proven_infeasible); a grid without a solution is not a statement about the whole decision space",False,,,,,,,,,,,,,,,,,,,,,,,,,,,,,,,,,,,,,,,,,,,,,,,,,,,,,,,,,,,
1,SD12MO_MAIN9,SD-12MO,MAIN9,"main reference nine (linear energy row, Table 5-1 verdicts in every state)","SD12MO_MAIN9:M3b[factory box k=1.5, Gamma selected]@alpha=0.1",M3b_budget_robust,method,0.1,selected,gamma=2,optimal,,300.0,0.006394813768565655,optimal;proven_infeasible,,True,SD-H0,False,10000,,,5149,1,0.5149,0.515,0.5232665647489864,0.004997749493522059,0.0,0,0.5427,0.5509342617368147,0.5149,0.515,0.5232665647489864,0.5496,0.5578222572124051,0.5738,0.5819675421138435,0.5496,0.5738,0.3,0.30763012639109755,0.3,0.356,0.3639561228747289,0.5427,0.0806,0.0257,0.0261,0,549,4,T51-DGC-0.50,0.0,in_domain_conditional,T51-DGC-0.50=0.515;T51-DGC-0.33=0.515;T51-DGC-0.67=0.515;T51-CORNKERNEL-0.50=0.515,1007,4,True,False,False,alpha=0.1:False,alpha=0.1:False,5149,1,0.5149,0.515,0.5232665647489864,0.004997749493522059,5495,1,0.5495,0.5496,0.5578222572124051,0.004975337576486645
1,SD12MO_MAIN9,SD-12MO,MAIN9,"main reference nine (linear energy row, Table 5-1 verdicts in every state)","SD12MO_MAIN9:M3b[factory box k=1.5, Gamma selected]@alpha=0.1",M3b_budget_robust,method,0.1,selected,gamma=2,optimal,,300.0,0.006394813768565655,optimal;proven_infeasible,,True,SD-S2,False,10000,,,604,0,0.0604,0.0604,0.06446424542131333,0.0023822644689454613,0.0,0,0.0613,0.065391224444091,0.0604,0.0604,0.06446424542131333,0.0609,0.06497926380054687,0.0618,0.06590610839272736,0.0609,0.0618,0.023,0.025621281663931808,0.023,0.0384,0.04171200014577866,0.0613,0.0009,0.0,0.0,0,9,0,T51-DGC-0.50,0.0,in_domain_conditional,T51-DGC-0.50=0.0604;T51-DGC-0.33=0.0604;T51-DGC-0.67=0.0604;T51-CORNKERNEL-0.50=0.0604,0,0,True,True,True,alpha=0.1:True,alpha=0.1:True,604,0,0.0604,0.0604,0.06446424542131333,0.0023822644689454613,609,0,0.0609,0.0609,0.06497926380054687,0.002391467959225045
1,SD12MO_MAIN9,SD-12MO,MAIN9,"main reference nine (linear energy row, Table 5-1 verdicts in every state)","SD12MO_MAIN9:M3b[factory box k=1.5, Gamma selected]@alpha=0.1",M3b_budget_robust,method,0.1,selected,gamma=2,optimal,,300.0,0.006394813768565655,optimal;proven_infeasible,,True,SD-SRC14,False,10000,,,4979,1,0.4979,0.498,0.5062738604565098,0.004999959999839999,0.0,0,0.5227,0.5309601293093136,0.4979,0.498,0.5062738604565098,0.5345,0.5427464695313513,0.5558,0.5640101149799168,0.5345,0.5558,0.286,0.2935284225439233,0.286,0.3456,0.35350488977026007,0.5227,0.0568,0.0113,0.0117,0,455,4,T51-DGC-0.50,0.0,in_domain_conditional,T51-DGC-0.50=0.498;T51-DGC-0.33=0.498;T51-DGC-0.67=0.498;T51-CORNKERNEL-0.50=0.498,330,4,True,False,False,alpha=0.1:False,alpha=0.1:False,4979,1,0.4979,0.498,0.5062738604565098,0.004999959999839999,5344,1,0.5344,0.5345,0.5427464695313513,0.0049880832992242625
1,SD12MO_MAIN9,SD-12MO,MAIN9,"main reference nine (linear energy row, Table 5-1 verdicts in every state)","SD12MO_MAIN9:M3b[factory box k=1.5, Gamma selected]@alpha=0.1",M3b_budget_robust,method,0.1,selected,gamma=2,optimal,,300.0,0.006394813768565655,optimal;proven_infeasible,,True,SD-12MO,True,10000,0.0632,0.06734739504601327,613,0,0.0613,0.0613,0.065391224444091,0.002398797823910969,0.0,0,0.0632,0.06734739504601327,0.0613,0.0613,0.065391224444091,0.0618,0.06590610839272736,0.0637,0.0678620040247188,0.0618,0.0637,0.0241,0.026777794255159606,0.0241,0.0384,0.04171200014577866,0.0632,0.002,0.0,0.0,0,20,0,T51-DGC-0.50,0.0,in_domain_conditional,T51-DGC-0.50=0.0613;T51-DGC-0.33=0.0613;T51-DGC-0.67=0.0613;T51-CORNKERNEL-0.50=0.0613,3,0,True,True,True,alpha=0.1:True,alpha=0.1:True,613,0,0.0613,0.0613,0.065391224444091,0.002398797823910969,618,0,0.0618,0.0618,0.06590610839272736,0.0024079194338681685
1,SD12MO_MAIN9,SD-12MO,MAIN9,"main reference nine (linear energy row, Table 5-1 verdicts in every state)","SD12MO_MAIN9:M3b[factory box k=1.5, Gamma selected]@alpha=0.1",M3b_budget_robust,method,0.1,selected,gamma=2,optimal,,300.0,0.006394813768565655,optimal;proven_infeasible,,True,SD-SRC12,False,10000,,,5043,1,0.5043,0.5044,0.5126722297972963,0.004999806396251759,0.0,0,0.5296,0.5378527006613336,0.5043,0.5044,0.5126722297972963,0.5408,0.5490372890721296,0.5618,0.5699971377598065,0.5408,0.5618,0.2957,0.30329979570165144,0.2957,0.3473,0.35521354478496336,0.5296,0.0603,0.014,0.0144,0,463,4,T51-DGC-0.50,0.0,in_domain_conditional,T51-DGC-0.50=0.5044;T51-DGC-0.33=0.5044;T51-DGC-0.67=0.5044;T51-CORNKERNEL-0.50=0.5044,684,4,True,False,False,alpha=0.1:False,alpha=0.1:False,5043,1,0.5043,0.5044,0.5126722297972963,0.004999806396251759,5407,1,0.5407,0.5408,0.5490372890721296,0.004983325797095751
1,SD12MO_MAIN9,SD-12MO,MAIN9,"main reference nine (linear energy row, Table 5-1 verdicts in every state)","SD12MO_MAIN9:M1[relative,apply_to_dm=True]@alpha=0.01",M1_safety_margin,method,0.01,not_met,,,,300.0,,optimal;proven_infeasible,"no value of the declared grid met the validation screen (candidate statuses: optimal, proven_infeasible); a grid without a solution is not a statement about the whole decision space",False,,,,,,,,,,,,,,,,,,,,,,,,,,,,,,,,,,,,,,,,,,,,,,,,,,,,,,,,,,,
1,SD12MO_MAIN9,SD-12MO,MAIN9,"main reference nine (linear energy row, Table 5-1 verdicts in every state)","SD12MO_MAIN9:M1[relative,apply_to_dm=False]@alpha=0.01",M1_safety_margin,method,0.01,not_met,,,,300.0,,optimal;proven_infeasible,"no value of the declared grid met the validation screen (candidate statuses: optimal, proven_infeasible); a grid without a solution is not a statement about the whole decision space",False,,,,,,,,,,,,,,,,,,,,,,,,,,,,,,,,,,,,,,,,,,,,,,,,,,,,,,,,,,,
1,SD12MO_MAIN9,SD-12MO,MAIN9,"main reference nine (linear energy row, Table 5-1 verdicts in every state)",SD12MO_MAIN9:M2[N=128]@alpha=0.01,M2_joint_chance_saa,method,0.01,not_met,,,,300.0,,optimal,no value of the declared grid met the validation screen (candidate statuses: optimal); a grid without a solution is not a statement about the whole decision space,False,,,,,,,,,,,,,,,,,,,,,,,,,,,,,,,,,,,,,,,,,,,,,,,,,,,,,,,,,,,
1,SD12MO_MAIN9,SD-12MO,MAIN9,"main reference nine (linear energy row, Table 5-1 verdicts in every state)",SD12MO_MAIN9:M2[N=512]@alpha=0.01,M2_joint_chance_saa,method,0.01,not_met,,,,300.0,,optimal,no value of the declared grid met the validation screen (candidate statuses: optimal); a grid without a solution is not a statement about the whole decision space,False,,,,,,,,,,,,,,,,,,,,,,,,,,,,,,,,,,,,,,,,,,,,,,,,,,,,,,,,,,,
1,SD12MO_MAIN9,SD-12MO,MAIN9,"main reference nine (linear energy row, Table 5-1 verdicts in every state)",SD12MO_MAIN9:M2[N=1024]@alpha=0.01,M2_joint_chance_saa,method,0.01,not_met,,,,300.0,,optimal,no value of the declared grid met the validation screen (candidate statuses: optimal); a grid without a solution is not a statement about the whole decision space,False,,,,,,,,,,,,,,,,,,,,,,,,,,,,,,,,,,,,,,,,,,,,,,,,,,,,,,,,,,,
1,SD12MO_MAIN9,SD-12MO,MAIN9,"main reference nine (linear energy row, Table 5-1 verdicts in every state)",SD12MO_MAIN9:M3a[factory box]@alpha=0.01,M3a_box_robust,method,0.01,not_met,,,,300.0,,optimal;proven_infeasible,"no value of the declared grid met the validation screen (candidate statuses: optimal, proven_infeasible); a grid without a solution is not a statement about the whole decision space",False,,,,,,,,,,,,,,,,,,,,,,,,,,,,,,,,,,,,,,,,,,,,,,,,,,,,,,,,,,,
1,SD12MO_MAIN9,SD-12MO,MAIN9,"main reference nine (linear energy row, Table 5-1 verdicts in every state)",SD12MO_MAIN9:M3b[factory box]@alpha=0.01,M3b_budget_robust,method,0.01,not_met,,,,300.0,,optimal,no value of the declared grid met the validation screen (candidate statuses: optimal); a grid without a solution is not a statement about the whole decision space,False,,,,,,,,,,,,,,,,,,,,,,,,,,,,,,,,,,,,,,,,,,,,,,,,,,,,,,,,,,,
1,SD12MO_MAIN9,SD-12MO,MAIN9,"main reference nine (linear energy row, Table 5-1 verdicts in every state)","SD12MO_MAIN9:DIAG-frontier:M2[N=128,alpha_train=m*/N=0/128]",M2_joint_chance_saa,diagnostic_frontier,,,,optimal,0.0,300.0,0.15361040690913796,,,True,SD-H0,False,10000,,,4838,1,0.4838,0.4839,0.4921726983854826,0.0049974072277532075,0.0,0,0.537,0.545242984050083,0.4838,0.4839,0.4921726983854826,0.5575,0.5657065608210551,0.5998,0.6078865428759811,0.5575,0.5998,0.2733,0.28072861697395046,0.2733,0.3801,0.3881594010271673,0.537,0.1545,0.0656,0.066,5,893,4,T51-DGC-0.50,0.0,in_domain_conditional,T51-DGC-0.50=0.4839;T51-DGC-0.33=0.4839;T51-DGC-0.67=0.4839;T51-CORNKERNEL-0.50=0.4839,1007,4,True,,,,,4838,1,0.4838,0.4839,0.4921726983854826,0.0049974072277532075,5574,1,0.5574,0.5575,0.5657065608210551,0.004966827458247367
1,SD12MO_MAIN9,SD-12MO,MAIN9,"main reference nine (linear energy row, Table 5-1 verdicts in every state)","SD12MO_MAIN9:DIAG-frontier:M2[N=128,alpha_train=m*/N=0/128]",M2_joint_chance_saa,diagnostic_frontier,,,,optimal,0.0,300.0,0.15361040690913796,,,True,SD-S2,False,10000,,,364,0,0.0364,0.0364,0.039632314691712224,0.0018728331479338997,0.0,0,0.0488,0.05249243236941191,0.0364,0.0364,0.039632314691712224,0.0452,0.048766563419588446,0.0574,0.06137250949187084,0.0452,0.0574,0.0154,0.017583633351516473,0.0154,0.0301,0.03306393550260488,0.0488,0.0132,0.0006,0.0006,0,126,0,T51-DGC-0.50,0.0,in_domain_conditional,T51-DGC-0.50=0.0364;T51-DGC-0.33=0.0364;T51-DGC-0.67=0.0364;T51-CORNKERNEL-0.50=0.0364,0,0,True,,,,,364,0,0.0364,0.0364,0.039632314691712224,0.0018728331479338997,452,0,0.0452,0.0452,0.048766563419588446,0.002077425329584676
1,SD12MO_MAIN9,SD-12MO,MAIN9,"main reference nine (linear energy row, Table 5-1 verdicts in every state)","SD12MO_MAIN9:DIAG-frontier:M2[N=128,alpha_train=m*/N=0/128]",M2_joint_chance_saa,diagnostic_frontier,,,,optimal,0.0,300.0,0.15361040690913796,,,True,SD-SRC14,False,10000,,,4739,0,0.4739,0.4739,0.48216790518924446,0.004993183253196302,0.0,0,0.5235,0.5317593485805657,0.4739,0.4739,0.48216790518924446,0.5492,0.5574229964636358,0.5892,0.5973223794048943,0.5492,0.5892,0.267,0.27437634700386815,0.267,0.3732,0.3812320006787605,0.5235,0.1402,0.0559,0.0563,5,847,4,T51-DGC-0.50,0.0,in_domain_conditional,T51-DGC-0.50=0.4739;T51-DGC-0.33=0.4739;T51-DGC-0.67=0.4739;T51-CORNKERNEL-0.50=0.4739,330,4,True,,,,,4739,0,0.4739,0.4739,0.48216790518924446,0.004993183253196302,5492,0,0.5492,0.5492,0.5574229964636358,0.004975734719616792
1,SD12MO_MAIN9,SD-12MO,MAIN9,"main reference nine (linear energy row, Table 5-1 verdicts in every state)","SD12MO_MAIN9:DIAG-frontier:M2[N=128,alpha_train=m*/N=0/128]",M2_joint_chance_saa,diagnostic_frontier,,,,optimal,0.0,300.0,0.15361040690913796,,,True,SD-12MO,True,10000,0.0508,0.05456002377874882,368,0,0.0368,0.0368,0.040048445369879476,0.001882704437770305,0.0,0,0.0508,0.05456002377874882,0.0368,0.0368,0.040048445369879476,0.0454,0.04897370576509226,0.059,0.06302178733218564,0.0454,0.059,0.0154,0.017583633351516473,0.0154,0.0303,0.03327291011261031,0.0508,0.0155,0.001,0.001,0,145,0,T51-DGC-0.50,0.0,in_domain_conditional,T51-DGC-0.50=0.0368;T51-DGC-0.33=0.0368;T51-DGC-0.67=0.0368;T51-CORNKERNEL-0.50=0.0368,3,0,True,,,,,368,0,0.0368,0.0368,0.040048445369879476,0.001882704437770305,454,0,0.0454,0.0454,0.04897370576509226,0.0020817982611194582
1,SD12MO_MAIN9,SD-12MO,MAIN9,"main reference nine (linear energy row, Table 5-1 verdicts in every state)","SD12MO_MAIN9:DIAG-frontier:M2[N=128,alpha_train=m*/N=0/128]",M2_joint_chance_saa,diagnostic_frontier,,,,optimal,0.0,300.0,0.15361040690913796,,,True,SD-SRC12,False,10000,,,4770,1,0.477,0.4771,0.48536979787973805,0.004994753147053416,0.0,0,0.5271,0.535355573866708,0.477,0.4771,0.48536979787973805,0.5518,0.560018095820165,0.5922,0.6003126326501942,0.5518,0.5922,0.271,0.27840975004649965,0.271,0.3746,0.38263769944565773,0.5271,0.1426,0.0571,0.0575,7,861,4,T51-DGC-0.50,0.0,in_domain_conditional,T51-DGC-0.50=0.4771;T51-DGC-0.33=0.4771;T51-DGC-0.67=0.4771;T51-CORNKERNEL-0.50=0.4771,684,4,True,,,,,4770,1,0.477,0.4771,0.48536979787973805,0.004994753147053416,5517,1,0.5517,0.5518,0.560018095820165,0.004973095213244966
1,SD12MO_MAIN9,SD-12MO,MAIN9,"main reference nine (linear energy row, Table 5-1 verdicts in every state)","SD12MO_MAIN9:DIAG-frontier:M2[N=512,alpha_train=m*/N=0/512]",M2_joint_chance_saa,diagnostic_frontier,,,,optimal,0.0,300.0,0.5772721813991666,,,True,SD-H0,False,10000,,,4211,1,0.4211,0.4212,0.4293877064374693,0.004937515164533675,0.0,0,0.4493,0.4575420311199392,0.4211,0.4212,0.4293877064374693,0.4709,0.4791658236633116,0.4942,0.5024741912194421,0.4709,0.4942,0.265,0.272359361301696,0.265,0.2758,0.2832488459191786,0.4493,0.0792,0.0358,0.0362,4,438,4,T51-DGC-0.50,0.0,in_domain_conditional,T51-DGC-0.50=0.4212;T51-DGC-0.33=0.4212;T51-DGC-0.67=0.4212;T51-CORNKERNEL-0.50=0.4212,1007,4,True,,,,,4211,1,0.4211,0.4212,0.4293877064374693,0.004937515164533675,4708,1,0.4708,0.4709,0.4791658236633116,0.004991524716957735
1,SD12MO_MAIN9,SD-12MO,MAIN9,"main reference nine (linear energy row, Table 5-1 verdicts in every state)","SD12MO_MAIN9:DIAG-frontier:M2[N=512,alpha_train=m*/N=0/512]",M2_joint_chance_saa,diagnostic_frontier,,,,optimal,0.0,300.0,0.5772721813991666,,,True,SD-S2,False,10000,,,179,0,0.0179,0.0179,0.020238157695856317,0.0013258804621835258,0.0,0,0.018,0.02034409439164592,0.0179,0.0179,0.020238157695856317,0.0194,0.021825443819652856,0.0195,0.021931133632004707,0.0194,0.0195,0.0064,0.00787465657842059,0.0064,0.0131,0.015129390315489212,0.018,0.0001,0.0,0.0,0,1,0,T51-DGC-0.50,0.0,in_domain_conditional,T51-DGC-0.50=0.0179;T51-DGC-0.33=0.0179;T51-DGC-0.67=0.0179;T51-CORNKERNEL-0.50=0.0179,0,0,True,,,,,179,0,0.0179,0.0179,0.020238157695856317,0.0013258804621835258,194,0,0.0194,0.0194,0.021825443819652856,0.0013792621215708057
1,SD12MO_MAIN9,SD-12MO,MAIN9,"main reference nine (linear energy row, Table 5-1 verdicts in every state)","SD12MO_MAIN9:DIAG-frontier:M2[N=512,alpha_train=m*/N=0/512]",M2_joint_chance_saa,diagnostic_frontier,,,,optimal,0.0,300.0,0.5772721813991666,,,True,SD-SRC14,False,10000,,,3625,1,0.3625,0.3626,0.3705865300563189,0.004807507046276687,0.0,0,0.3796,0.38765747322413785,0.3625,0.3626,0.3705865300563189,0.4164,0.42457574825773997,0.4304,0.43860842977016357,0.4164,0.4304,0.2109,0.21772203982025298,0.2109,0.2541,0.26136339027175187,0.3796,0.033,0.007,0.0074,0,260,4,T51-DGC-0.50,0.0,in_domain_conditional,T51-DGC-0.50=0.3626;T51-DGC-0.33=0.3626;T51-DGC-0.67=0.3626;T51-CORNKERNEL-0.50=0.3626,330,4,True,,,,,3625,1,0.3625,0.3626,0.3705865300563189,0.004807507046276687,4163,1,0.4163,0.4164,0.42457574825773997,0.0049296149951086445
1,SD12MO_MAIN9,SD-12MO,MAIN9,"main reference nine (linear energy row, Table 5-1 verdicts in every state)","SD12MO_MAIN9:DIAG-frontier:M2[N=512,alpha_train=m*/N=0/512]",M2_joint_chance_saa,diagnostic_frontier,,,,optimal,0.0,300.0,0.5772721813991666,,,True,SD-12MO,True,10000,0.0228,0.02541085164395244,213,0,0.0213,0.0213,0.0238310123523647,0.0014438251279154273,0.0,0,0.0228,0.02541085164395244,0.0213,0.0213,0.0238310123523647,0.0233,0.02593683577506881,0.0248,0.027513035813476874,0.0233,0.0248,0.0098,0.011581057142394609,0.0098,0.0137,0.015770904156627245,0.0228,0.0015,0.0,0.0,0,15,0,T51-DGC-0.50,0.0,in_domain_conditional,T51-DGC-0.50=0.0213;T51-DGC-0.33=0.0213;T51-DGC-0.67=0.0213;T51-CORNKERNEL-0.50=0.0213,3,0,True,,,,,213,0,0.0213,0.0213,0.0238310123523647,0.0014438251279154273,233,0,0.0233,0.0233,0.02593683577506881,0.001508545988692423
1,SD12MO_MAIN9,SD-12MO,MAIN9,"main reference nine (linear energy row, Table 5-1 verdicts in every state)","SD12MO_MAIN9:DIAG-frontier:M2[N=512,alpha_train=m*/N=0/512]",M2_joint_chance_saa,diagnostic_frontier,,,,optimal,0.0,300.0,0.5772721813991666,,,True,SD-SRC12,False,10000,,,3970,1,0.397,0.3971,0.405219642630925,0.0048929703657389955,0.0,0,0.4175,0.425678558371243,0.397,0.3971,0.405219642630925,0.4492,0.45744188486842924,0.4655,0.4737613269388114,0.4492,0.4655,0.2525,0.2597488104806374,0.2525,0.258,0.26529839583448556,0.4175,0.0431,0.0115,0.0119,0,316,4,T51-DGC-0.50,0.0,in_domain_conditional,T51-DGC-0.50=0.3971;T51-DGC-0.33=0.3971;T51-DGC-0.67=0.3971;T51-CORNKERNEL-0.50=0.3971,684,4,True,,,,,3970,1,0.397,0.3971,0.405219642630925,0.0048929703657389955,4491,1,0.4491,0.4492,0.45744188486842924,0.004974126657012264
1,SD12MO_MAIN9,SD-12MO,MAIN9,"main reference nine (linear energy row, Table 5-1 verdicts in every state)","SD12MO_MAIN9:DIAG-frontier:M2[N=1024,alpha_train=m*/N=0/1024]",M2_joint_chance_saa,diagnostic_frontier,,,,optimal,0.0,300.0,1.4230629578232765,,,True,SD-H0,False,10000,,,3247,3,0.3247,0.325,0.33279111308544,0.004683748498798799,0.0,0,0.3589,0.3668696833397842,0.3247,0.325,0.33279111308544,0.3908,0.39889851315382496,0.4181,0.42628007367511733,0.3908,0.4181,0.2129,0.2197447937114141,0.2129,0.2222,0.22914748934239904,0.3589,0.0823,0.0358,0.0362,2,467,4,T51-DGC-0.50,0.0,in_domain_conditional,T51-DGC-0.50=0.325;T51-DGC-0.33=0.325;T51-DGC-0.67=0.325;T51-CORNKERNEL-0.50=0.325,4171,4,True,,,,,3247,3,0.3247,0.325,0.33279111308544,0.004683748498798799,3906,2,0.3906,0.3908,0.39889851315382496,0.0048792966706278475
1,SD12MO_MAIN9,SD-12MO,MAIN9,"main reference nine (linear energy row, Table 5-1 verdicts in every state)","SD12MO_MAIN9:DIAG-frontier:M2[N=1024,alpha_train=m*/N=0/1024]",M2_joint_chance_saa,diagnostic_frontier,,,,optimal,0.0,300.0,1.4230629578232765,,,True,SD-S2,False,10000,,,30,0,0.003,0.003,0.004066874992626077,0.0005469003565550127,0.0,0,0.0031,0.004181495101715713,0.003,0.003,0.004066874992626077,0.006,0.007433605812518839,0.0061,0.007543994794539046,0.006,0.0061,0.0021,0.003022646902952879,0.0021,0.004,0.0052037929808234195,0.0031,0.0001,0.0,0.0,0,1,0,T51-DGC-0.50,0.0,in_domain_conditional,T51-DGC-0.50=0.003;T51-DGC-0.33=0.003;T51-DGC-0.67=0.003;T51-CORNKERNEL-0.50=0.003,1794,0,True,,,,,30,0,0.003,0.003,0.004066874992626077,0.0005469003565550127,60,0,0.006,0.006,0.007433605812518839,0.0007722693830523129
1,SD12MO_MAIN9,SD-12MO,MAIN9,"main reference nine (linear energy row, Table 5-1 verdicts in every state)","SD12MO_MAIN9:DIAG-frontier:M2[N=1024,alpha_train=m*/N=0/1024]",M2_joint_chance_saa,diagnostic_frontier,,,,optimal,0.0,300.0,1.4230629578232765,,,True,SD-SRC14,False,10000,,,2509,3,0.2509,0.2512,0.2584368699487442,0.004337033087261383,0.0,0,0.2716,0.27901469564728265,0.2509,0.2512,0.2584368699487442,0.3232,0.33098037638869626,0.3402,0.34807666279138166,0.3232,0.3402,0.1533,0.15935061922849392,0.1533,0.1963,0.20294843241090763,0.2716,0.0311,0.0052,0.0056,0,259,4,T51-DGC-0.50,0.0,in_domain_conditional,T51-DGC-0.50=0.2512;T51-DGC-0.33=0.2512;T51-DGC-0.67=0.2512;T51-CORNKERNEL-0.50=0.2512,3712,4,True,,,,,2509,3,0.2509,0.2512,0.2584368699487442,0.004337033087261383,3230,2,0.323,0.3232,0.33098037638869626,0.004676983643332527
1,SD12MO_MAIN9,SD-12MO,MAIN9,"main reference nine (linear energy row, Table 5-1 verdicts in every state)","SD12MO_MAIN9:DIAG-frontier:M2[N=1024,alpha_train=m*/N=0/1024]",M2_joint_chance_saa,diagnostic_frontier,,,,optimal,0.0,300.0,1.4230629578232765,,,True,SD-12MO,True,10000,0.007,0.008533874102002235,50,0,0.005,0.005,0.006324499770793831,0.0007053367989832942,0.0,0,0.007,0.008533874102002235,0.005,0.005,0.006324499770793831,0.0079,0.009518068661312334,0.0099,0.011689166504789824,0.0079,0.0099,0.0041,0.005316495826732534,0.0041,0.004,0.0052037929808234195,0.007,0.002,0.0,0.0,0,20,0,T51-DGC-0.50,0.0,in_domain_conditional,T51-DGC-0.50=0.005;T51-DGC-0.33=0.005;T51-DGC-0.67=0.005;T51-CORNKERNEL-0.50=0.005,1797,0,True,,,,,50,0,0.005,0.005,0.006324499770793831,0.0007053367989832942,79,0,0.0079,0.0079,0.009518068661312334,0.0008853016435091489
1,SD12MO_MAIN9,SD-12MO,MAIN9,"main reference nine (linear energy row, Table 5-1 verdicts in every state)","SD12MO_MAIN9:DIAG-frontier:M2[N=1024,alpha_train=m*/N=0/1024]",M2_joint_chance_saa,diagnostic_frontier,,,,optimal,0.0,300.0,1.4230629578232765,,,True,SD-SRC12,False,10000,,,2925,3,0.2925,0.2928,0.30037888918981615,0.004550474260997419,0.0,0,0.3163,0.32403800795436005,0.2925,0.2928,0.30037888918981615,0.3619,0.3698833817900862,0.3808,0.38886208485684653,0.3619,0.3808,0.1962,0.2028471963995391,0.1962,0.2017,0.2084142128688856,0.3163,0.0411,0.0096,0.01,0,315,4,T51-DGC-0.50,0.0,in_domain_conditional,T51-DGC-0.50=0.2928;T51-DGC-0.33=0.2928;T51-DGC-0.67=0.2928;T51-CORNKERNEL-0.50=0.2928,3959,4,True,,,,,2925,3,0.2925,0.2928,0.30037888918981615,0.004550474260997419,3617,2,0.3617,0.3619,0.3698833817900862,0.004805500910415063
1,SDSRC12_MAIN9,SD-SRC12,MAIN9,"main reference nine (linear energy row, Table 5-1 verdicts in every state)",SDSRC12_MAIN9:M0,M0_nominal,method,,,,optimal,,300.0,0.007278099190443754,,,True,SD-H0,False,10000,,,8719,0,0.8719,0.8719,0.8773665751076721,0.0033420112208070157,0.0,0,0.9064,0.9111530382012035,0.8719,0.8719,0.8773665751076721,0.8798,0.8851167479941164,0.9123,0.91691338180855,0.8798,0.9123,0.5396,0.5478391392719986,0.5396,0.7386,0.7458254451186364,0.9064,0.503,0.3586,0.3586,51,1495,0,T51-DGC-0.50,0.0,in_domain_conditional,T51-DGC-0.50=0.8719;T51-DGC-0.33=0.8719;T51-DGC-0.67=0.8719;T51-CORNKERNEL-0.50=0.8719,1001,0,True,,,alpha=0.01:False;alpha=0.05:False;alpha=0.1:False,alpha=0.01:False;alpha=0.05:False;alpha=0.1:False,8719,0,0.8719,0.8719,0.8773665751076721,0.0033420112208070157,8798,0,0.8798,0.8798,0.8851167479941164,0.0032519526441816458
1,SDSRC12_MAIN9,SD-SRC12,MAIN9,"main reference nine (linear energy row, Table 5-1 verdicts in every state)",SDSRC12_MAIN9:M0,M0_nominal,method,,,,optimal,,300.0,0.007278099190443754,,,True,SD-S2,False,10000,,,8032,0,0.8032,0.8032,0.8097237760937208,0.00397579878766519,0.0,0,0.8744,0.8798199320227706,0.8032,0.8032,0.8097237760937208,0.8032,0.8097237760937208,0.8744,0.8798199320227706,0.8032,0.8744,0.5069,0.5151712268837845,0.5069,0.6139,0.6219327755334225,0.8744,0.5004,0.2134,0.2134,0,2870,0,T51-DGC-0.50,0.0,in_domain_conditional,T51-DGC-0.50=0.8032;T51-DGC-0.33=0.8032;T51-DGC-0.67=0.8032;T51-CORNKERNEL-0.50=0.8032,0,0,True,,,alpha=0.01:False;alpha=0.05:False;alpha=0.1:False,alpha=0.01:False;alpha=0.05:False;alpha=0.1:False,8032,0,0.8032,0.8032,0.8097237760937208,0.00397579878766519,8032,0,0.8032,0.8032,0.8097237760937208,0.00397579878766519
1,SDSRC12_MAIN9,SD-SRC12,MAIN9,"main reference nine (linear energy row, Table 5-1 verdicts in every state)",SDSRC12_MAIN9:M0,M0_nominal,method,,,,optimal,,300.0,0.007278099190443754,,,True,SD-SRC14,False,10000,,,8719,0,0.8719,0.8719,0.8773665751076721,0.0033420112208070157,0.0,0,0.9064,0.9111530382012035,0.8719,0.8719,0.8773665751076721,0.8798,0.8851167479941164,0.9123,0.91691338180855,0.8798,0.9123,0.5396,0.5478391392719986,0.5396,0.7386,0.7458254451186364,0.9064,0.503,0.3586,0.3586,51,1495,0,T51-DGC-0.50,0.0,in_domain_conditional,T51-DGC-0.50=0.8719;T51-DGC-0.33=0.8719;T51-DGC-0.67=0.8719;T51-CORNKERNEL-0.50=0.8719,323,0,True,,,alpha=0.01:False;alpha=0.05:False;alpha=0.1:False,alpha=0.01:False;alpha=0.05:False;alpha=0.1:False,8719,0,0.8719,0.8719,0.8773665751076721,0.0033420112208070157,8798,0,0.8798,0.8798,0.8851167479941164,0.0032519526441816458
1,SDSRC12_MAIN9,SD-SRC12,MAIN9,"main reference nine (linear energy row, Table 5-1 verdicts in every state)",SDSRC12_MAIN9:M0,M0_nominal,method,,,,optimal,,300.0,0.007278099190443754,,,True,SD-12MO,False,10000,,,8032,0,0.8032,0.8032,0.8097237760937208,0.00397579878766519,0.0,0,0.8744,0.8798199320227706,0.8032,0.8032,0.8097237760937208,0.8032,0.8097237760937208,0.8744,0.8798199320227706,0.8032,0.8744,0.5069,0.5151712268837845,0.5069,0.6139,0.6219327755334225,0.8744,0.5004,0.2134,0.2134,0,2870,0,T51-DGC-0.50,0.0,in_domain_conditional,T51-DGC-0.50=0.8032;T51-DGC-0.33=0.8032;T51-DGC-0.67=0.8032;T51-CORNKERNEL-0.50=0.8032,3,0,True,,,alpha=0.01:False;alpha=0.05:False;alpha=0.1:False,alpha=0.01:False;alpha=0.05:False;alpha=0.1:False,8032,0,0.8032,0.8032,0.8097237760937208,0.00397579878766519,8032,0,0.8032,0.8032,0.8097237760937208,0.00397579878766519
1,SDSRC12_MAIN9,SD-SRC12,MAIN9,"main reference nine (linear energy row, Table 5-1 verdicts in every state)",SDSRC12_MAIN9:M0,M0_nominal,method,,,,optimal,,300.0,0.007278099190443754,,,True,SD-SRC12,True,10000,0.9064,0.9111530382012035,8719,0,0.8719,0.8719,0.8773665751076721,0.0033420112208070157,0.0,0,0.9064,0.9111530382012035,0.8719,0.8719,0.8773665751076721,0.8798,0.8851167479941164,0.9123,0.91691338180855,0.8798,0.9123,0.5396,0.5478391392719986,0.5396,0.7386,0.7458254451186364,0.9064,0.503,0.3586,0.3586,51,1495,0,T51-DGC-0.50,0.0,in_domain_conditional,T51-DGC-0.50=0.8719;T51-DGC-0.33=0.8719;T51-DGC-0.67=0.8719;T51-CORNKERNEL-0.50=0.8719,678,0,True,,,alpha=0.01:False;alpha=0.05:False;alpha=0.1:False,alpha=0.01:False;alpha=0.05:False;alpha=0.1:False,8719,0,0.8719,0.8719,0.8773665751076721,0.0033420112208070157,8798,0,0.8798,0.8798,0.8851167479941164,0.0032519526441816458
1,SDSRC12_MAIN9,SD-SRC12,MAIN9,"main reference nine (linear energy row, Table 5-1 verdicts in every state)","SDSRC12_MAIN9:M1[relative,apply_to_dm=True]@alpha=0.05",M1_safety_margin,method,0.05,not_met,,,,300.0,,optimal;proven_infeasible,"no value of the declared grid met the validation screen (candidate statuses: optimal, proven_infeasible); a grid without a solution is not a statement about the whole decision space",False,,,,,,,,,,,,,,,,,,,,,,,,,,,,,,,,,,,,,,,,,,,,,,,,,,,,,,,,,,,
1,SDSRC12_MAIN9,SD-SRC12,MAIN9,"main reference nine (linear energy row, Table 5-1 verdicts in every state)","SDSRC12_MAIN9:M1[relative,apply_to_dm=False]@alpha=0.05",M1_safety_margin,method,0.05,not_met,,,,300.0,,optimal;proven_infeasible,"no value of the declared grid met the validation screen (candidate statuses: optimal, proven_infeasible); a grid without a solution is not a statement about the whole decision space",False,,,,,,,,,,,,,,,,,,,,,,,,,,,,,,,,,,,,,,,,,,,,,,,,,,,,,,,,,,,
1,SDSRC12_MAIN9,SD-SRC12,MAIN9,"main reference nine (linear energy row, Table 5-1 verdicts in every state)",SDSRC12_MAIN9:M2[N=128]@alpha=0.05,M2_joint_chance_saa,method,0.05,not_met,,,,300.0,,optimal,no value of the declared grid met the validation screen (candidate statuses: optimal); a grid without a solution is not a statement about the whole decision space,False,,,,,,,,,,,,,,,,,,,,,,,,,,,,,,,,,,,,,,,,,,,,,,,,,,,,,,,,,,,
1,SDSRC12_MAIN9,SD-SRC12,MAIN9,"main reference nine (linear energy row, Table 5-1 verdicts in every state)",SDSRC12_MAIN9:M2[N=512]@alpha=0.05,M2_joint_chance_saa,method,0.05,not_met,,,,300.0,,feasible_time_limit;optimal;proven_infeasible,"no value of the declared grid met the validation screen (candidate statuses: feasible_time_limit, optimal, proven_infeasible); a grid without a solution is not a statement about the whole decision space",False,,,,,,,,,,,,,,,,,,,,,,,,,,,,,,,,,,,,,,,,,,,,,,,,,,,,,,,,,,,
1,SDSRC12_MAIN9,SD-SRC12,MAIN9,"main reference nine (linear energy row, Table 5-1 verdicts in every state)",SDSRC12_MAIN9:M2[N=1024]@alpha=0.05,M2_joint_chance_saa,method,0.05,selected,alpha_train=0.0375,feasible_time_limit,0.053742011248713986,300.0,301.5881818253547,feasible_time_limit;proven_infeasible,,True,SD-H0,False,10000,,,1173,854,0.1173,0.2027,0.20942618919936745,0.004020108331873657,0.0853,850,0.2793,0.2867766834658434,0.1289,0.1293,0.13494895228480164,0.2723,0.2797204442628042,0.2553,0.2625742413842595,0.2006,0.327,0.0692,0.07351821411451369,0.1426,0.1522,0.15823339848298745,0.2059,0.153,0.0715,0.0719,0,815,4,T51-DGC-0.50,0.0,in_domain_conditional,T51-DGC-0.50=0.2027;T51-DGC-0.33=0.1293;T51-DGC-0.67=0.9532;T51-CORNKERNEL-0.50=0.1293,4171,4,True,False,False,alpha=0.05:False,alpha=0.05:False,1289,4,0.1289,0.1293,0.13494895228480164,0.0033553168255769828,2003,3,0.2003,0.2006,0.20730096542335236,0.004004492976645108
1,SDSRC12_MAIN9,SD-SRC12,MAIN9,"main reference nine (linear energy row, Table 5-1 verdicts in every state)",SDSRC12_MAIN9:M2[N=1024]@alpha=0.05,M2_joint_chance_saa,method,0.05,selected,alpha_train=0.0375,feasible_time_limit,0.053742011248713986,300.0,301.5881818253547,feasible_time_limit;proven_infeasible,,True,SD-S2,False,10000,,,0,0,0.0,0.0,0.00029952835977661195,0.0,0.0,0,0.0,0.00029952835977661195,0.0,0.0,0.00029952835977661195,0.0011,0.0018200952643435183,0.0011,0.0018200952643435183,0.0011,0.0011,0.0,0.00029952835977661195,0.0,0.0011,0.0018200952643435183,0.0,0.0,0.0,0.0,0,0,0,T51-DGC-0.50,0.0,in_domain_conditional,T51-DGC-0.50=0;T51-DGC-0.33=0;T51-DGC-0.67=1;T51-CORNKERNEL-0.50=0,1794,0,True,True,True,alpha=0.05:True,alpha=0.05:True,0,0,0.0,0.0,0.00029952835977661195,0.0,11,0,0.0011,0.0011,0.0018200952643435183,0.00033148001448051134
1,SDSRC12_MAIN9,SD-SRC12,MAIN9,"main reference nine (linear energy row, Table 5-1 verdicts in every state)",SDSRC12_MAIN9:M2[N=1024]@alpha=0.05,M2_joint_chance_saa,method,0.05,selected,alpha_train=0.0375,feasible_time_limit,0.053742011248713986,300.0,301.5881818253547,feasible_time_limit;proven_infeasible,,True,SD-SRC14,False,10000,,,66,4,0.0066,0.007,0.008533874102002235,0.0008337265738837884,0.0,0,0.0096,0.011364710187575237,0.0066,0.007,0.008533874102002235,0.0689,0.07320989743606399,0.0709,0.07526491895851148,0.0689,0.0709,0.0042,0.0054290452673158756,0.0042,0.0648,0.0689938968543597,0.0096,0.0031,0.0,0.0004,0,31,4,T51-DGC-0.50,0.0,in_domain_conditional,T51-DGC-0.50=0.007;T51-DGC-0.33=0.007;T51-DGC-0.67=1;T51-CORNKERNEL-0.50=0.007,3712,4,True,True,True,alpha=0.05:True,alpha=0.05:True,66,4,0.0066,0.007,0.008533874102002235,0.0008337265738837884,686,3,0.0686,0.0689,0.07320989743606399,0.0025328401054942255
1,SDSRC12_MAIN9,SD-SRC12,MAIN9,"main reference nine (linear energy row, Table 5-1 verdicts in every state)",SDSRC12_MAIN9:M2[N=1024]@alpha=0.05,M2_joint_chance_saa,method,0.05,selected,alpha_train=0.0375,feasible_time_limit,0.053742011248713986,300.0,301.5881818253547,feasible_time_limit;proven_infeasible,,True,SD-12MO,False,10000,,,3,19,0.0003,0.0022,0.0031400019060426844,0.0004685253461660319,0.0019,19,0.0152,0.017370720343188973,0.0003,0.0003,0.0007751813790100997,0.007,0.008533874102002235,0.0173,0.019602164229733723,0.0051,0.0192,0.0,0.00029952835977661195,0.0019,0.0051,0.006435876526056884,0.0133,0.0133,0.0003,0.0003,0,130,0,T51-DGC-0.50,0.0,in_domain_conditional,T51-DGC-0.50=0.0022;T51-DGC-0.33=0.0003;T51-DGC-0.67=0.9993;T51-CORNKERNEL-0.50=0.0003,1797,0,True,True,True,alpha=0.05:True,alpha=0.05:True,3,0,0.0003,0.0003,0.0007751813790100997,0.00017317909804592468,51,0,0.0051,0.0051,0.006435876526056884,0.0007123194508084137
1,SDSRC12_MAIN9,SD-SRC12,MAIN9,"main reference nine (linear energy row, Table 5-1 verdicts in every state)",SDSRC12_MAIN9:M2[N=1024]@alpha=0.05,M2_joint_chance_saa,method,0.05,selected,alpha_train=0.0375,feasible_time_limit,0.053742011248713986,300.0,301.5881818253547,feasible_time_limit;proven_infeasible,,True,SD-SRC12,True,10000,0.0467,0.05031969275478255,172,531,0.0172,0.0703,0.0746485162496572,0.002556519313441618,0.0529,527,0.093,0.09791534199838614,0.0236,0.024,0.026672714897028032,0.1389,0.14471639960409471,0.1119,0.11721915047228153,0.0946,0.1562,0.019,0.021402527567960405,0.0653,0.0774,0.08193721514410279,0.0467,0.0265,0.0026,0.003,0,239,4,T51-DGC-0.50,0.0,in_domain_conditional,T51-DGC-0.50=0.0703;T51-DGC-0.33=0.024;T51-DGC-0.67=0.956;T51-CORNKERNEL-0.50=0.024,3959,4,True,True,True,alpha=0.05:True,alpha=0.05:True,236,4,0.0236,0.024,0.026672714897028032,0.0015304901175767194,943,3,0.0943,0.0946,0.09955164321794231,0.0029266164764109423
1,SDSRC12_MAIN9,SD-SRC12,MAIN9,"main reference nine (linear energy row, Table 5-1 verdicts in every state)",SDSRC12_MAIN9:M3a[factory box]@alpha=0.05,M3a_box_robust,method,0.05,not_met,,,,300.0,,proven_infeasible,no value of the declared grid met the validation screen (candidate statuses: proven_infeasible); a grid without a solution is not a statement about the whole decision space,False,,,,,,,,,,,,,,,,,,,,,,,,,,,,,,,,,,,,,,,,,,,,,,,,,,,,,,,,,,,
1,SDSRC12_MAIN9,SD-SRC12,MAIN9,"main reference nine (linear energy row, Table 5-1 verdicts in every state)",SDSRC12_MAIN9:M3b[factory box]@alpha=0.05,M3b_budget_robust,method,0.05,not_met,,,,300.0,,optimal;proven_infeasible,"no value of the declared grid met the validation screen (candidate statuses: optimal, proven_infeasible); a grid without a solution is not a statement about the whole decision space",False,,,,,,,,,,,,,,,,,,,,,,,,,,,,,,,,,,,,,,,,,,,,,,,,,,,,,,,,,,,
1,SDSRC12_MAIN9,SD-SRC12,MAIN9,"main reference nine (linear energy row, Table 5-1 verdicts in every state)","SDSRC12_MAIN9:M1[relative,apply_to_dm=True]@alpha=0.1",M1_safety_margin,method,0.1,not_met,,,,300.0,,optimal;proven_infeasible,"no value of the declared grid met the validation screen (candidate statuses: optimal, proven_infeasible); a grid without a solution is not a statement about the whole decision space",False,,,,,,,,,,,,,,,,,,,,,,,,,,,,,,,,,,,,,,,,,,,,,,,,,,,,,,,,,,,
1,SDSRC12_MAIN9,SD-SRC12,MAIN9,"main reference nine (linear energy row, Table 5-1 verdicts in every state)","SDSRC12_MAIN9:M1[relative,apply_to_dm=False]@alpha=0.1",M1_safety_margin,method,0.1,not_met,,,,300.0,,optimal;proven_infeasible,"no value of the declared grid met the validation screen (candidate statuses: optimal, proven_infeasible); a grid without a solution is not a statement about the whole decision space",False,,,,,,,,,,,,,,,,,,,,,,,,,,,,,,,,,,,,,,,,,,,,,,,,,,,,,,,,,,,
1,SDSRC12_MAIN9,SD-SRC12,MAIN9,"main reference nine (linear energy row, Table 5-1 verdicts in every state)",SDSRC12_MAIN9:M2[N=128]@alpha=0.1,M2_joint_chance_saa,method,0.1,selected,alpha_train=0.025,optimal,0.0,300.0,3.3843008973635733,optimal,,True,SD-H0,False,10000,,,1382,2572,0.1382,0.3954,0.40351407872446127,0.004889364375867277,0.2652,2569,0.4903,0.4985740367280738,0.1554,0.1557,0.16178782397605931,0.4261,0.4342991020952318,0.2723,0.2797204442628042,0.1898,0.505,0.0698,0.07413477979944065,0.3152,0.1411,0.14695345348372557,0.2544,0.1983,0.0895,0.0899,0,1088,4,T51-DGC-0.50,0.0,in_domain_conditional,T51-DGC-0.50=0.3954;T51-DGC-0.33=0.1557;T51-DGC-0.67=0.9867;T51-CORNKERNEL-0.50=0.1557,1007,4,True,False,False,alpha=0.1:False,alpha=0.1:False,1554,3,0.1554,0.1557,0.16178782397605931,0.003625706965544789,1895,3,0.1895,0.1898,0.1963667098377675,0.003921427801196906
1,SDSRC12_MAIN9,SD-SRC12,MAIN9,"main reference nine (linear energy row, Table 5-1 verdicts in every state)",SDSRC12_MAIN9:M2[N=128]@alpha=0.1,M2_joint_chance_saa,method,0.1,selected,alpha_train=0.025,optimal,0.0,300.0,3.3843008973635733,optimal,,True,SD-S2,False,10000,,,0,76,0.0,0.0076,0.00919057216064849,0.0008684607072285999,0.0076,76,0.008,0.009627115812045468,0.0,0.0,0.00029952835977661195,0.0076,0.00919057216064849,0.0004,0.0009151160584710777,0.0,0.008,0.0,0.00029952835977661195,0.0076,0.0,0.00029952835977661195,0.0004,0.0004,0.0,0.0,0,4,0,T51-DGC-0.50,0.0,in_domain_conditional,T51-DGC-0.50=0.0076;T51-DGC-0.33=0;T51-DGC-0.67=1;T51-CORNKERNEL-0.50=0,0,0,True,True,True,alpha=0.1:True,alpha=0.1:True,0,0,0.0,0.0,0.00029952835977661195,0.0,0,0,0.0,0.0,0.00029952835977661195,0.0
1,SDSRC12_MAIN9,SD-SRC12,MAIN9,"main reference nine (linear energy row, Table 5-1 verdicts in every state)",SDSRC12_MAIN9:M2[N=128]@alpha=0.1,M2_joint_chance_saa,method,0.1,selected,alpha_train=0.025,optimal,0.0,300.0,3.3843008973635733,optimal,,True,SD-SRC14,False,10000,,,281,310,0.0281,0.0591,0.06312484020669788,0.0023581176815417842,0.0315,307,0.0661,0.07033115970332644,0.0281,0.0284,0.03128629182911382,0.0847,0.08941990543649614,0.06,0.0640521761141087,0.0543,0.0904,0.0119,0.013843294026811222,0.0432,0.0425,0.04596830167444219,0.0354,0.0076,0.0,0.0004,0,76,4,T51-DGC-0.50,0.0,in_domain_conditional,T51-DGC-0.50=0.0591;T51-DGC-0.33=0.0284;T51-DGC-0.67=1;T51-CORNKERNEL-0.50=0.0284,330,4,True,True,True,alpha=0.1:True,alpha=0.1:True,281,3,0.0281,0.0284,0.03128629182911382,0.0016611273280516458,540,3,0.054,0.0543,0.05817462738926704,0.002266087156311513
1,SDSRC12_MAIN9,SD-SRC12,MAIN9,"main reference nine (linear energy row, Table 5-1 verdicts in every state)",SDSRC12_MAIN9:M2[N=128]@alpha=0.1,M2_joint_chance_saa,method,0.1,selected,alpha_train=0.025,optimal,0.0,300.0,3.3843008973635733,optimal,,True,SD-12MO,False,10000,,,15,1125,0.0015,0.114,0.1193609144711879,0.00317811264746862,0.1125,1125,0.1501,0.15610022383545616,0.0015,0.0015,0.002308777804199719,0.1149,0.12027863975760861,0.0381,0.04140019904456275,0.0024,0.1506,0.0,0.00029952835977661195,0.1125,0.0024,0.0033735941066086396,0.0376,0.0376,0.0015,0.0015,0,361,0,T51-DGC-0.50,0.0,in_domain_conditional,T51-DGC-0.50=0.114;T51-DGC-0.33=0.0015;T51-DGC-0.67=1;T51-CORNKERNEL-0.50=0.0015,3,0,True,True,True,alpha=0.1:True,alpha=0.1:True,15,0,0.0015,0.0015,0.002308777804199719,0.0003870077518603471,24,0,0.0024,0.0024,0.0033735941066086396,0.0004893097178679368
1,SDSRC12_MAIN9,SD-SRC12,MAIN9,"main reference nine (linear energy row, Table 5-1 verdicts in every state)",SDSRC12_MAIN9:M2[N=128]@alpha=0.1,M2_joint_chance_saa,method,0.1,selected,alpha_train=0.025,optimal,0.0,300.0,3.3843008973635733,optimal,,True,SD-SRC12,True,10000,0.0898,0.09464144176310728,369,2291,0.0369,0.266,0.2733678779754028,0.0044186423254207845,0.236,2288,0.31,0.3176976248193824,0.043,0.0433,0.046797781641884015,0.2929,0.3004796161932814,0.1151,0.12048256473951886,0.0758,0.33,0.0219,0.024463298181512116,0.2488,0.0549,0.05879382860639671,0.0898,0.0549,0.005,0.0054,0,499,4,T51-DGC-0.50,0.0,in_domain_conditional,T51-DGC-0.50=0.266;T51-DGC-0.33=0.0433;T51-DGC-0.67=0.9903;T51-CORNKERNEL-0.50=0.0433,684,4,True,True,True,alpha=0.1:True,alpha=0.1:True,430,3,0.043,0.0433,0.046797781641884015,0.002035315945989713,755,3,0.0755,0.0758,0.08029568999746285,0.0026467784191352324
1,SDSRC12_MAIN9,SD-SRC12,MAIN9,"main reference nine (linear energy row, Table 5-1 verdicts in every state)",SDSRC12_MAIN9:M2[N=512]@alpha=0.1,M2_joint_chance_saa,method,0.1,selected,alpha_train=0.05,feasible_time_limit,0.008836170711568775,300.0,300.4503510268405,feasible_time_limit;optimal,,True,SD-H0,False,10000,,,1302,236,0.1302,0.1538,0.1598584116356703,0.0036075692647543163,0.0233,232,0.2473,0.25450053567871295,0.1335,0.1339,0.13963038274333056,0.2112,0.21802546827962632,0.2657,0.27306532798383804,0.1915,0.2854,0.0472,0.05083718190730509,0.0672,0.1572,0.16331082416472753,0.2274,0.1906,0.0905,0.0909,0,1001,4,T51-DGC-0.50,0.0,in_domain_conditional,T51-DGC-0.50=0.1538;T51-DGC-0.33=0.1339;T51-DGC-0.67=0.8983;T51-CORNKERNEL-0.50=0.1339,4171,4,True,False,False,alpha=0.1:False,alpha=0.1:False,1335,4,0.1335,0.1339,0.13963038274333056,0.0034054484286214055,1912,3,0.1912,0.1915,0.19808835699737354,0.003934815751722055
1,SDSRC12_MAIN9,SD-SRC12,MAIN9,"main reference nine (linear energy row, Table 5-1 verdicts in every state)",SDSRC12_MAIN9:M2[N=512]@alpha=0.1,M2_joint_chance_saa,method,0.1,selected,alpha_train=0.05,feasible_time_limit,0.008836170711568775,300.0,300.4503510268405,feasible_time_limit;optimal,,True,SD-S2,False,10000,,,0,0,0.0,0.0,0.00029952835977661195,0.0,0.0,0,0.0005,0.0010510137186384818,0.0,0.0,0.00029952835977661195,0.0008,0.0014430005782821718,0.0013,0.0020660643831529055,0.0008,0.0013,0.0,0.00029952835977661195,0.0,0.0008,0.0014430005782821718,0.0005,0.0005,0.0,0.0,0,5,0,T51-DGC-0.50,0.0,in_domain_conditional,T51-DGC-0.50=0;T51-DGC-0.33=0;T51-DGC-0.67=1;T51-CORNKERNEL-0.50=0,1794,0,True,True,True,alpha=0.1:True,alpha=0.1:True,0,0,0.0,0.0,0.00029952835977661195,0.0,8,0,0.0008,0.0008,0.0014430005782821718,0.0002827295527531567
1,SDSRC12_MAIN9,SD-SRC12,MAIN9,"main reference nine (linear energy row, Table 5-1 verdicts in every state)",SDSRC12_MAIN9:M2[N=512]@alpha=0.1,M2_joint_chance_saa,method,0.1,selected,alpha_train=0.05,feasible_time_limit,0.008836170711568775,300.0,300.4503510268405,feasible_time_limit;optimal,,True,SD-SRC14,False,10000,,,229,4,0.0229,0.0233,0.02593683577506881,0.001508545988692423,0.0,0,0.0382,0.04150413855945759,0.0229,0.0233,0.02593683577506881,0.0796,0.08419341580589647,0.0919,0.096790136535751,0.0796,0.0919,0.0155,0.017690056955550534,0.0155,0.0643,0.06847944186702756,0.0382,0.0158,0.0,0.0004,0,158,4,T51-DGC-0.50,0.0,in_domain_conditional,T51-DGC-0.50=0.0233;T51-DGC-0.33=0.0233;T51-DGC-0.67=1;T51-CORNKERNEL-0.50=0.0233,3712,4,True,True,True,alpha=0.1:True,alpha=0.1:True,229,4,0.0229,0.0233,0.02593683577506881,0.001508545988692423,793,3,0.0793,0.0796,0.08419341580589647,0.00270672939171983
1,SDSRC12_MAIN9,SD-SRC12,MAIN9,"main reference nine (linear energy row, Table 5-1 verdicts in every state)",SDSRC12_MAIN9:M2[N=512]@alpha=0.1,M2_joint_chance_saa,method,0.1,selected,alpha_train=0.05,feasible_time_limit,0.008836170711568775,300.0,300.4503510268405,feasible_time_limit;optimal,,True,SD-12MO,False,10000,,,18,0,0.0018,0.0018,0.0026680168913457572,0.0004238820590683215,0.0,0,0.0333,0.03640378904502012,0.0018,0.0018,0.0026680168913457572,0.0043,0.0055414466331101305,0.0352,0.0383833170995956,0.0043,0.0352,0.0,0.00029952835977661195,0.0,0.0043,0.0055414466331101305,0.0333,0.0333,0.0018,0.0018,0,315,0,T51-DGC-0.50,0.0,in_domain_conditional,T51-DGC-0.50=0.0018;T51-DGC-0.33=0.0018;T51-DGC-0.67=0.9898;T51-CORNKERNEL-0.50=0.0018,1797,0,True,True,True,alpha=0.1:True,alpha=0.1:True,18,0,0.0018,0.0018,0.0026680168913457572,0.0004238820590683215,43,0,0.0043,0.0043,0.0055414466331101305,0.0006543324842921984
1,SDSRC12_MAIN9,SD-SRC12,MAIN9,"main reference nine (linear energy row, Table 5-1 verdicts in every state)",SDSRC12_MAIN9:M2[N=512]@alpha=0.1,M2_joint_chance_saa,method,0.1,selected,alpha_train=0.05,feasible_time_limit,0.008836170711568775,300.0,300.4503510268405,feasible_time_limit;optimal,,True,SD-SRC12,True,10000,0.0868,0.09157052690865437,342,82,0.0342,0.0424,0.04586459437143737,0.002014999751861027,0.0078,78,0.0932,0.09811990292015821,0.0356,0.036,0.039216084162865046,0.1039,0.10905462389119983,0.1393,0.14512317215401246,0.0977,0.1455,0.021,0.023514687201408535,0.0274,0.0779,0.082450078038738,0.0868,0.0603,0.0075,0.0079,0,528,4,T51-DGC-0.50,0.0,in_domain_conditional,T51-DGC-0.50=0.0424;T51-DGC-0.33=0.036;T51-DGC-0.67=0.8967;T51-CORNKERNEL-0.50=0.036,3959,4,True,True,True,alpha=0.1:True,alpha=0.1:True,356,4,0.0356,0.036,0.039216084162865046,0.0018629009635512028,974,3,0.0974,0.0977,0.1027207913877649,0.002969085886261965
1,SDSRC12_MAIN9,SD-SRC12,MAIN9,"main reference nine (linear energy row, Table 5-1 verdicts in every state)",SDSRC12_MAIN9:M2[N=1024]@alpha=0.1,M2_joint_chance_saa,method,0.1,selected,alpha_train=0.075,feasible_time_limit,0.048092559986580886,300.0,301.36312917387113,feasible_time_limit,,True,SD-H0,False,10000,,,1307,19,0.1307,0.1326,0.13830759719037425,0.0033914191719691626,0.0015,15,0.2218,0.2287431757808023,0.1313,0.1317,0.13739171843159992,0.1947,0.20132857726988304,0.2654,0.27276277369958324,0.1938,0.2663,0.06,0.0640521761141087,0.0609,0.1474,0.15335698534212266,0.2209,0.171,0.0755,0.0759,1,956,4,T51-DGC-0.50,0.0,in_domain_conditional,T51-DGC-0.50=0.1326;T51-DGC-0.33=0.1317;T51-DGC-0.67=0.7251;T51-CORNKERNEL-0.50=0.1317,4171,4,True,False,False,alpha=0.1:False,alpha=0.1:False,1313,4,0.1313,0.1317,0.13739171843159992,0.003381643239609998,1935,3,0.1935,0.1938,0.2004173343835095,0.003952740315274961
1,SDSRC12_MAIN9,SD-SRC12,MAIN9,"main reference nine (linear energy row, Table 5-1 verdicts in every state)",SDSRC12_MAIN9:M2[N=1024]@alpha=0.1,M2_joint_chance_saa,method,0.1,selected,alpha_train=0.075,feasible_time_limit,0.048092559986580886,300.0,301.36312917387113,feasible_time_limit,,True,SD-S2,False,10000,,,0,0,0.0,0.0,0.00029952835977661195,0.0,0.0,0,0.0004,0.0009151160584710777,0.0,0.0,0.00029952835977661195,0.0011,0.0018200952643435183,0.0015,0.002308777804199719,0.0011,0.0015,0.0,0.00029952835977661195,0.0,0.0011,0.0018200952643435183,0.0004,0.0004,0.0,0.0,0,4,0,T51-DGC-0.50,0.0,in_domain_conditional,T51-DGC-0.50=0;T51-DGC-0.33=0;T51-DGC-0.67=0.9755;T51-CORNKERNEL-0.50=0,1794,0,True,True,True,alpha=0.1:True,alpha=0.1:True,0,0,0.0,0.0,0.00029952835977661195,0.0,11,0,0.0011,0.0011,0.0018200952643435183,0.00033148001448051134
1,SDSRC12_MAIN9,SD-SRC12,MAIN9,"main reference nine (linear energy row, Table 5-1 verdicts in every state)",SDSRC12_MAIN9:M2[N=1024]@alpha=0.1,M2_joint_chance_saa,method,0.1,selected,alpha_train=0.075,feasible_time_limit,0.048092559986580886,300.0,301.36312917387113,feasible_time_limit,,True,SD-SRC14,False,10000,,,261,4,0.0261,0.0265,0.029296443443979348,0.0016061677994530959,0.0,0,0.0419,0.04534598232376268,0.0261,0.0265,0.029296443443979348,0.0888,0.09361798283441242,0.1013,0.10639920366552089,0.0888,0.1013,0.0203,0.02277610493334323,0.0203,0.0689,0.07320989743606399,0.0419,0.0163,0.0001,0.0005,0,162,4,T51-DGC-0.50,0.0,in_domain_conditional,T51-DGC-0.50=0.0265;T51-DGC-0.33=0.0265;T51-DGC-0.67=0.9416;T51-CORNKERNEL-0.50=0.0265,3712,4,True,True,True,alpha=0.1:True,alpha=0.1:True,261,4,0.0261,0.0265,0.029296443443979348,0.0016061677994530959,885,3,0.0885,0.0888,0.09361798283441242,0.0028445484703200265
1,SDSRC12_MAIN9,SD-SRC12,MAIN9,"main reference nine (linear energy row, Table 5-1 verdicts in every state)",SDSRC12_MAIN9:M2[N=1024]@alpha=0.1,M2_joint_chance_saa,method,0.1,selected,alpha_train=0.075,feasible_time_limit,0.048092559986580886,300.0,301.36312917387113,feasible_time_limit,,True,SD-12MO,False,10000,,,4,0,0.0004,0.0004,0.0009151160584710777,0.0001999599959991998,0.0,0,0.0205,0.022987199797750164,0.0004,0.0004,0.0009151160584710777,0.003,0.004066874992626077,0.0228,0.02541085164395244,0.003,0.0228,0.0,0.00029952835977661195,0.0,0.003,0.004066874992626077,0.0205,0.0205,0.0004,0.0004,0,201,0,T51-DGC-0.50,0.0,in_domain_conditional,T51-DGC-0.50=0.0004;T51-DGC-0.33=0.0004;T51-DGC-0.67=0.8228;T51-CORNKERNEL-0.50=0.0004,1797,0,True,True,True,alpha=0.1:True,alpha=0.1:True,4,0,0.0004,0.0004,0.0009151160584710777,0.0001999599959991998,30,0,0.003,0.003,0.004066874992626077,0.0005469003565550127
1,SDSRC12_MAIN9,SD-SRC12,MAIN9,"main reference nine (linear energy row, Table 5-1 verdicts in every state)",SDSRC12_MAIN9:M2[N=1024]@alpha=0.1,M2_joint_chance_saa,method,0.1,selected,alpha_train=0.075,feasible_time_limit,0.048092559986580886,300.0,301.36312917387113,feasible_time_limit,,True,SD-SRC12,True,10000,0.085,0.08972718779188904,401,4,0.0401,0.0405,0.04389318334654161,0.001971287650242856,0.0,0,0.085,0.08972718779188904,0.0401,0.0405,0.04389318334654161,0.108,0.11324004342887714,0.1439,0.1497999323922455,0.108,0.1439,0.0292,0.03212313856405994,0.0292,0.0802,0.08480856769666804,0.085,0.052,0.0055,0.0059,0,465,4,T51-DGC-0.50,0.0,in_domain_conditional,T51-DGC-0.50=0.0405;T51-DGC-0.33=0.0405;T51-DGC-0.67=0.7025;T51-CORNKERNEL-0.50=0.0405,3959,4,True,True,True,alpha=0.1:True,alpha=0.1:True,401,4,0.0401,0.0405,0.04389318334654161,0.001971287650242856,1077,3,0.1077,0.108,0.11324004342887714,0.003103804117530615
1,SDSRC12_MAIN9,SD-SRC12,MAIN9,"main reference nine (linear energy row, Table 5-1 verdicts in every state)",SDSRC12_MAIN9:M3a[factory box]@alpha=0.1,M3a_box_robust,method,0.1,not_met,,,,300.0,,proven_infeasible,no value of the declared grid met the validation screen (candidate statuses: proven_infeasible); a grid without a solution is not a statement about the whole decision space,False,,,,,,,,,,,,,,,,,,,,,,,,,,,,,,,,,,,,,,,,,,,,,,,,,,,,,,,,,,,
1,SDSRC12_MAIN9,SD-SRC12,MAIN9,"main reference nine (linear energy row, Table 5-1 verdicts in every state)",SDSRC12_MAIN9:M3b[factory box]@alpha=0.1,M3b_budget_robust,method,0.1,not_met,,,,300.0,,optimal;proven_infeasible,"no value of the declared grid met the validation screen (candidate statuses: optimal, proven_infeasible); a grid without a solution is not a statement about the whole decision space",False,,,,,,,,,,,,,,,,,,,,,,,,,,,,,,,,,,,,,,,,,,,,,,,,,,,,,,,,,,,
1,SDSRC12_MAIN9,SD-SRC12,MAIN9,"main reference nine (linear energy row, Table 5-1 verdicts in every state)","SDSRC12_MAIN9:M1[relative,apply_to_dm=True]@alpha=0.01",M1_safety_margin,method,0.01,not_met,,,,300.0,,optimal;proven_infeasible,"no value of the declared grid met the validation screen (candidate statuses: optimal, proven_infeasible); a grid without a solution is not a statement about the whole decision space",False,,,,,,,,,,,,,,,,,,,,,,,,,,,,,,,,,,,,,,,,,,,,,,,,,,,,,,,,,,,
1,SDSRC12_MAIN9,SD-SRC12,MAIN9,"main reference nine (linear energy row, Table 5-1 verdicts in every state)","SDSRC12_MAIN9:M1[relative,apply_to_dm=False]@alpha=0.01",M1_safety_margin,method,0.01,not_met,,,,300.0,,optimal;proven_infeasible,"no value of the declared grid met the validation screen (candidate statuses: optimal, proven_infeasible); a grid without a solution is not a statement about the whole decision space",False,,,,,,,,,,,,,,,,,,,,,,,,,,,,,,,,,,,,,,,,,,,,,,,,,,,,,,,,,,,
1,SDSRC12_MAIN9,SD-SRC12,MAIN9,"main reference nine (linear energy row, Table 5-1 verdicts in every state)",SDSRC12_MAIN9:M2[N=128]@alpha=0.01,M2_joint_chance_saa,method,0.01,not_met,,,,300.0,,optimal;proven_infeasible,"no value of the declared grid met the validation screen (candidate statuses: optimal, proven_infeasible); a grid without a solution is not a statement about the whole decision space",False,,,,,,,,,,,,,,,,,,,,,,,,,,,,,,,,,,,,,,,,,,,,,,,,,,,,,,,,,,,
1,SDSRC12_MAIN9,SD-SRC12,MAIN9,"main reference nine (linear energy row, Table 5-1 verdicts in every state)",SDSRC12_MAIN9:M2[N=512]@alpha=0.01,M2_joint_chance_saa,method,0.01,not_met,,,,300.0,,proven_infeasible,"SAA over the N training scenarios proven infeasible for every alpha_train of the declared grid (training scenarios only; not a population, field or whole-space statement)",False,,,,,,,,,,,,,,,,,,,,,,,,,,,,,,,,,,,,,,,,,,,,,,,,,,,,,,,,,,,
1,SDSRC12_MAIN9,SD-SRC12,MAIN9,"main reference nine (linear energy row, Table 5-1 verdicts in every state)",SDSRC12_MAIN9:M2[N=1024]@alpha=0.01,M2_joint_chance_saa,method,0.01,not_met,,,,300.0,,proven_infeasible,"SAA over the N training scenarios proven infeasible for every alpha_train of the declared grid (training scenarios only; not a population, field or whole-space statement)",False,,,,,,,,,,,,,,,,,,,,,,,,,,,,,,,,,,,,,,,,,,,,,,,,,,,,,,,,,,,
1,SDSRC12_MAIN9,SD-SRC12,MAIN9,"main reference nine (linear energy row, Table 5-1 verdicts in every state)",SDSRC12_MAIN9:M3a[factory box]@alpha=0.01,M3a_box_robust,method,0.01,not_met,,,,300.0,,proven_infeasible,no value of the declared grid met the validation screen (candidate statuses: proven_infeasible); a grid without a solution is not a statement about the whole decision space,False,,,,,,,,,,,,,,,,,,,,,,,,,,,,,,,,,,,,,,,,,,,,,,,,,,,,,,,,,,,
1,SDSRC12_MAIN9,SD-SRC12,MAIN9,"main reference nine (linear energy row, Table 5-1 verdicts in every state)",SDSRC12_MAIN9:M3b[factory box]@alpha=0.01,M3b_budget_robust,method,0.01,not_met,,,,300.0,,optimal;proven_infeasible,"no value of the declared grid met the validation screen (candidate statuses: optimal, proven_infeasible); a grid without a solution is not a statement about the whole decision space",False,,,,,,,,,,,,,,,,,,,,,,,,,,,,,,,,,,,,,,,,,,,,,,,,,,,,,,,,,,,
1,SDSRC12_MAIN9,SD-SRC12,MAIN9,"main reference nine (linear energy row, Table 5-1 verdicts in every state)","SDSRC12_MAIN9:DIAG-frontier:M2[N=128,alpha_train=m*/N=1/128]",M2_joint_chance_saa,diagnostic_frontier,,,,optimal,0.0,300.0,0.3328509288839996,,,True,SD-H0,False,10000,,,1434,4436,0.1434,0.587,0.5951293294684472,0.004923728262201317,0.4675,4433,0.657,0.6648238007380618,0.1764,0.1767,0.1830931338382163,0.6037,0.611772371872159,0.2669,0.2742755022401887,0.1969,0.6637,0.0941,0.0990403445982057,0.519,0.1305,0.13617041275280814,0.2579,0.181,0.0873,0.0877,0,937,4,T51-DGC-0.50,0.0,in_domain_conditional,T51-DGC-0.50=0.587;T51-DGC-0.33=0.1767;T51-DGC-0.67=0.9964;T51-CORNKERNEL-0.50=0.1767,4171,4,True,,,,,1764,3,0.1764,0.1767,0.1830931338382163,0.0038141461691969802,1966,3,0.1966,0.1969,0.20355583471977573,0.003976561202848511
1,SDSRC12_MAIN9,SD-SRC12,MAIN9,"main reference nine (linear energy row, Table 5-1 verdicts in every state)","SDSRC12_MAIN9:DIAG-frontier:M2[N=128,alpha_train=m*/N=1/128]",M2_joint_chance_saa,diagnostic_frontier,,,,optimal,0.0,300.0,0.3328509288839996,,,True,SD-S2,False,10000,,,2,4868,0.0002,0.487,0.4952735150499202,0.004998309714293423,0.4868,4868,0.487,0.4952735150499202,0.0002,0.0002,0.0006294441486871455,0.487,0.4952735150499202,0.0002,0.0006294441486871455,0.0002,0.487,0.0001,0.0004742976591654368,0.4869,0.0001,0.0004742976591654368,0.0002,0.0,0.0,0.0,0,0,0,T51-DGC-0.50,0.0,in_domain_conditional,T51-DGC-0.50=0.487;T51-DGC-0.33=0.0002;T51-DGC-0.67=1;T51-CORNKERNEL-0.50=0.0002,1794,0,True,,,,,2,0,0.0002,0.0002,0.0006294441486871455,0.00014140721339450828,2,0,0.0002,0.0002,0.0006294441486871455,0.00014140721339450828
1,SDSRC12_MAIN9,SD-SRC12,MAIN9,"main reference nine (linear energy row, Table 5-1 verdicts in every state)","SDSRC12_MAIN9:DIAG-frontier:M2[N=128,alpha_train=m*/N=1/128]",M2_joint_chance_saa,diagnostic_frontier,,,,optimal,0.0,300.0,0.3328509288839996,,,True,SD-SRC14,False,10000,,,395,4723,0.0395,0.5118,0.5200686646435919,0.004998607406068214,0.4905,4720,0.513,0.5212679166939479,0.0395,0.0398,0.043166393558569785,0.5172,0.5254649254457937,0.0517,0.055489928884955825,0.0499,0.5183,0.0169,0.019177801963786174,0.4992,0.0332,0.036299534187164834,0.0417,0.0022,0.0,0.0004,0,22,4,T51-DGC-0.50,0.0,in_domain_conditional,T51-DGC-0.50=0.5118;T51-DGC-0.33=0.0398;T51-DGC-0.67=1;T51-CORNKERNEL-0.50=0.0398,3712,4,True,,,,,395,3,0.0395,0.0398,0.043166393558569785,0.0019548902782509305,496,3,0.0496,0.0499,0.053629804774922955,0.0021773835215689492
1,SDSRC12_MAIN9,SD-SRC12,MAIN9,"main reference nine (linear energy row, Table 5-1 verdicts in every state)","SDSRC12_MAIN9:DIAG-frontier:M2[N=128,alpha_train=m*/N=1/128]",M2_joint_chance_saa,diagnostic_frontier,,,,optimal,0.0,300.0,0.3328509288839996,,,True,SD-12MO,False,10000,,,16,4776,0.0016,0.4792,0.48747085632694215,0.004995671726604941,0.4776,4776,0.5047,0.5129721203034758,0.0016,0.0016,0.002429109633300806,0.4794,0.487670949545791,0.0279,0.030762973644915502,0.0018,0.5048,0.0001,0.0004742976591654368,0.4777,0.0017,0.0025488392715559286,0.0278,0.0277,0.0015,0.0015,0,262,0,T51-DGC-0.50,0.0,in_domain_conditional,T51-DGC-0.50=0.4792;T51-DGC-0.33=0.0016;T51-DGC-0.67=1;T51-CORNKERNEL-0.50=0.0016,1797,0,True,,,,,16,0,0.0016,0.0016,0.002429109633300806,0.0003996798718974975,18,0,0.0018,0.0018,0.0026680168913457572,0.0004238820590683215
1,SDSRC12_MAIN9,SD-SRC12,MAIN9,"main reference nine (linear energy row, Table 5-1 verdicts in every state)","SDSRC12_MAIN9:DIAG-frontier:M2[N=128,alpha_train=m*/N=1/128]",M2_joint_chance_saa,diagnostic_frontier,,,,optimal,0.0,300.0,0.3328509288839996,,,True,SD-SRC12,True,10000,0.0898,0.09464144176310728,454,4595,0.0454,0.5049,0.5131720456628464,0.0049997598942349225,0.4793,4592,0.5305,0.5387516157276082,0.0576,0.0579,0.06188799698339685,0.515,0.5232665647489864,0.1016,0.10670564925218597,0.0736,0.5374,0.032,0.03504791095616354,0.4907,0.0428,0.046279393674920274,0.0898,0.0389,0.004,0.0044,0,349,4,T51-DGC-0.50,0.0,in_domain_conditional,T51-DGC-0.50=0.5049;T51-DGC-0.33=0.0579;T51-DGC-0.67=0.9964;T51-CORNKERNEL-0.50=0.0579,3959,4,True,,,,,576,3,0.0576,0.0579,0.06188799698339685,0.002335542549387615,733,3,0.0733,0.0736,0.07803766374994213,0.002611188235267615
1,SDSRC12_MAIN9,SD-SRC12,MAIN9,"main reference nine (linear energy row, Table 5-1 verdicts in every state)","SDSRC12_MAIN9:DIAG-frontier:M2[N=512,alpha_train=m*/N=7/512]",M2_joint_chance_saa,diagnostic_frontier,,,,optimal,0.0,300.0,38.44990830309689,,,True,SD-H0,False,10000,,,901,1726,0.0901,0.2627,0.2700395911991259,0.0044010079527308284,0.1736,1722,0.3465,0.35440948557221785,0.0986,0.099,0.10404933642164478,0.5496,0.5578222572124051,0.4356,0.4438188733842401,0.4136,0.5714,0.0382,0.04150413855945759,0.2032,0.3957,0.4038150679699303,0.1842,0.1466,0.0576,0.058,0,890,4,T51-DGC-0.50,0.0,in_domain_conditional,T51-DGC-0.50=0.2627;T51-DGC-0.33=0.099;T51-DGC-0.67=0.9743;T51-CORNKERNEL-0.50=0.099,4171,4,True,,,,,986,4,0.0986,0.099,0.10404933642164478,0.0029866201633284403,4135,1,0.4135,0.4136,0.42176840775602426,0.004924784665343248
1,SDSRC12_MAIN9,SD-SRC12,MAIN9,"main reference nine (linear energy row, Table 5-1 verdicts in every state)","SDSRC12_MAIN9:DIAG-frontier:M2[N=512,alpha_train=m*/N=7/512]",M2_joint_chance_saa,diagnostic_frontier,,,,optimal,0.0,300.0,38.44990830309689,,,True,SD-S2,False,10000,,,0,0,0.0,0.0,0.00029952835977661195,0.0,0.0,0,0.0,0.00029952835977661195,0.0,0.0,0.00029952835977661195,0.2255,0.23248272860450944,0.2255,0.23248272860450944,0.2255,0.2255,0.0,0.00029952835977661195,0.0,0.2255,0.23248272860450944,0.0,0.0,0.0,0.0,0,0,0,T51-DGC-0.50,0.0,in_domain_conditional,T51-DGC-0.50=0;T51-DGC-0.33=0;T51-DGC-0.67=1;T51-CORNKERNEL-0.50=0,1794,0,True,,,,,0,0,0.0,0.0,0.00029952835977661195,0.0,2255,0,0.2255,0.2255,0.23248272860450944,0.004179111747728218
1,SDSRC12_MAIN9,SD-SRC12,MAIN9,"main reference nine (linear energy row, Table 5-1 verdicts in every state)","SDSRC12_MAIN9:DIAG-frontier:M2[N=512,alpha_train=m*/N=7/512]",M2_joint_chance_saa,diagnostic_frontier,,,,optimal,0.0,300.0,38.44990830309689,,,True,SD-SRC14,False,10000,,,99,21,0.0099,0.012,0.013950635558311471,0.001088852607105296,0.0017,17,0.0139,0.015984531309761362,0.0099,0.0103,0.012121191080995774,0.3586,0.36656829508794586,0.3582,0.3661664388677631,0.3572,0.3596,0.0004,0.0009151160584710777,0.0021,0.3568,0.3647598950766568,0.0122,0.0023,0.0,0.0004,0,23,4,T51-DGC-0.50,0.0,in_domain_conditional,T51-DGC-0.50=0.012;T51-DGC-0.33=0.0103;T51-DGC-0.67=1;T51-CORNKERNEL-0.50=0.0103,3712,4,True,,,,,99,4,0.0099,0.0103,0.012121191080995774,0.0010096489488926337,3571,1,0.3571,0.3572,0.3651617722012952,0.004791744567482704
1,SDSRC12_MAIN9,SD-SRC12,MAIN9,"main reference nine (linear energy row, Table 5-1 verdicts in every state)","SDSRC12_MAIN9:DIAG-frontier:M2[N=512,alpha_train=m*/N=7/512]",M2_joint_chance_saa,diagnostic_frontier,,,,optimal,0.0,300.0,38.44990830309689,,,True,SD-12MO,False,10000,,,1,321,0.0001,0.0322,0.035256588439322605,0.0017653090381006945,0.0321,321,0.0435,0.04700510266420182,0.0001,0.0001,0.0004742976591654368,0.2941,0.30168830625508264,0.2646,0.27195594125305217,0.2636,0.2951,0.0,0.00029952835977661195,0.0321,0.2636,0.2709473575864608,0.0114,0.0114,0.0001,0.0001,0,113,0,T51-DGC-0.50,0.0,in_domain_conditional,T51-DGC-0.50=0.0322;T51-DGC-0.33=0.0001;T51-DGC-0.67=1;T51-CORNKERNEL-0.50=0.0001,1797,0,True,,,,,1,0,0.0001,0.0001,0.0004742976591654368,9.999499987499375e-05,2636,0,0.2636,0.2636,0.2709473575864608,0.004405848839894533
1,SDSRC12_MAIN9,SD-SRC12,MAIN9,"main reference nine (linear energy row, Table 5-1 verdicts in every state)","SDSRC12_MAIN9:DIAG-frontier:M2[N=512,alpha_train=m*/N=7/512]",M2_joint_chance_saa,diagnostic_frontier,,,,optimal,0.0,300.0,38.44990830309689,,,True,SD-SRC12,True,10000,0.0346,0.03775846744745617,122,1383,0.0122,0.1505,0.1565065732692724,0.0035756083398493185,0.1387,1379,0.17,0.17629951082411327,0.0143,0.0147,0.01683804392906579,0.467,0.4752626728343626,0.3746,0.38263769944565773,0.3689,0.4726,0.0036,0.004751328785057626,0.1402,0.3669,0.3749054725192028,0.0346,0.0217,0.0011,0.0015,0,206,4,T51-DGC-0.50,0.0,in_domain_conditional,T51-DGC-0.50=0.1505;T51-DGC-0.33=0.0147;T51-DGC-0.67=0.9799;T51-CORNKERNEL-0.50=0.0147,3959,4,True,,,,,143,4,0.0143,0.0147,0.01683804392906579,0.001203491171550502,3688,1,0.3688,0.3689,0.3769140513180652,0.004825067771544769
1,SDSRC12_MAIN9,SD-SRC12,MAIN9,"main reference nine (linear energy row, Table 5-1 verdicts in every state)","SDSRC12_MAIN9:DIAG-frontier:M2[N=1024,alpha_train=m*/N=22/1024]",M2_joint_chance_saa,diagnostic_frontier,,,,no_feasible_solution_found,,300.0,301.2628453709185,,solver status no_feasible_solution_found; not a statement about the whole decision space,False,,,,,,,,,,,,,,,,,,,,,,,,,,,,,,,,,,,,,,,,,,,,,,,,,,,,,,,,,,,
