root_k,evaluation_world,target_alpha,cell_id,sd_arm,objective_arm,label,method_id,method_family,entry_role,has_ration,selection_status,selected_param,solver_status,infeasibility_scope,membership_event,membership_stat,rate_lower,rate_upper,cp_upper,target_met,in_comparable_set,comparable_set_size,grid_n_candidates,grid_n_candidates_with_ration,grid_min_rate_upper,grid_min_rate_upper_cp_upper,grid_min_rate_upper_param,grid_min_label,frontier_N,frontier_status,frontier_m_star_lower_over_N,frontier_m_star_upper_over_N,frontier_rate_lower,frontier_rate_upper,frontier_cp_upper,frontier_label
1,SD-H0,0.05,SD12MO_MAIN9,SD-12MO,MAIN9,SD12MO_MAIN9:M0,M0_nominal,M0_nominal,entry,True,,,optimal,,main_reference_plan_domain,cp_upper,0.8719,0.8719,0.8773665751076721,False,False,0,1,1,0.8719,0.8773665751076721,,minimum attainable main-event rate_upper over the declared grid (descriptive; its cost is not a comparable cost),1024,optimal,0.0,0.0,0.3247,0.325,0.33279111308544,"diagnostic frontier point (training scenarios only); not a method, never a member"
1,SD-H0,0.05,SD12MO_MAIN9,SD-12MO,MAIN9,"SD12MO_MAIN9:M1[relative,apply_to_dm=False]@alpha=0.05",M1_safety_margin,M1_safety_margin[apply_to_dm=False],sensitivity_line,False,not_met,,,"no value of the declared grid met the validation screen (candidate statuses: optimal, proven_infeasible); a grid without a solution is not a statement about the whole decision space",main_reference_plan_domain,cp_upper,,,,,False,0,5,4,0.4908,0.49907408450301954,k=0.075,minimum attainable main-event rate_upper over the declared grid (descriptive; its cost is not a comparable cost),1024,optimal,0.0,0.0,0.3247,0.325,0.33279111308544,"diagnostic frontier point (training scenarios only); not a method, never a member"
1,SD-H0,0.05,SD12MO_MAIN9,SD-12MO,MAIN9,"SD12MO_MAIN9:M1[relative,apply_to_dm=True]@alpha=0.05",M1_safety_margin,M1_safety_margin[apply_to_dm=True],entry,False,not_met,,,"no value of the declared grid met the validation screen (candidate statuses: optimal, proven_infeasible); a grid without a solution is not a statement about the whole decision space",main_reference_plan_domain,cp_upper,,,,,False,0,5,2,0.7428,0.7499866020723631,k=0.025,minimum attainable main-event rate_upper over the declared grid (descriptive; its cost is not a comparable cost),1024,optimal,0.0,0.0,0.3247,0.325,0.33279111308544,"diagnostic frontier point (training scenarios only); not a method, never a member"
1,SD-H0,0.05,SD12MO_MAIN9,SD-12MO,MAIN9,SD12MO_MAIN9:M2[N=1024]@alpha=0.05,M2_joint_chance_saa,M2_joint_chance_saa[N=1024],entry,True,selected,alpha_train=0.025,feasible_time_limit,,main_reference_plan_domain,cp_upper,0.4376,0.4378,0.4460230170936188,False,False,0,4,4,0.391,0.39909920545541666,alpha_train=0.0125,minimum attainable main-event rate_upper over the declared grid (descriptive; its cost is not a comparable cost),1024,optimal,0.0,0.0,0.3247,0.325,0.33279111308544,"diagnostic frontier point (training scenarios only); not a method, never a member"
1,SD-H0,0.05,SD12MO_MAIN9,SD-12MO,MAIN9,SD12MO_MAIN9:M2[N=128]@alpha=0.05,M2_joint_chance_saa,M2_joint_chance_saa[N=128],entry,False,not_met,,,no value of the declared grid met the validation screen (candidate statuses: optimal); a grid without a solution is not a statement about the whole decision space,main_reference_plan_domain,cp_upper,,,,,False,0,4,4,0.4895,0.49777394317528967,alpha_train=0.0125,minimum attainable main-event rate_upper over the declared grid (descriptive; its cost is not a comparable cost),128,optimal,0.0,0.0,0.4838,0.4839,0.4921726983854826,"diagnostic frontier point (training scenarios only); not a method, never a member"
1,SD-H0,0.05,SD12MO_MAIN9,SD-12MO,MAIN9,SD12MO_MAIN9:M2[N=512]@alpha=0.05,M2_joint_chance_saa,M2_joint_chance_saa[N=512],entry,True,selected,alpha_train=0.0125,optimal,,main_reference_plan_domain,cp_upper,0.4484,0.4485,0.45674085175318363,False,False,0,4,4,0.4485,0.45674085175318363,alpha_train=0.0125,minimum attainable main-event rate_upper over the declared grid (descriptive; its cost is not a comparable cost),512,optimal,0.0,0.0,0.4211,0.4212,0.4293877064374693,"diagnostic frontier point (training scenarios only); not a method, never a member"
1,SD-H0,0.05,SD12MO_MAIN9,SD-12MO,MAIN9,SD12MO_MAIN9:M3a[factory box]@alpha=0.05,M3a_box_robust,M3a_box_robust,entry,False,not_met,,,"no value of the declared grid met the validation screen (candidate statuses: optimal, proven_infeasible); a grid without a solution is not a statement about the whole decision space",main_reference_plan_domain,cp_upper,,,,,False,0,5,1,0.7091,0.7165748767555825,k_box=1.0,minimum attainable main-event rate_upper over the declared grid (descriptive; its cost is not a comparable cost),1024,optimal,0.0,0.0,0.3247,0.325,0.33279111308544,"diagnostic frontier point (training scenarios only); not a method, never a member"
1,SD-H0,0.05,SD12MO_MAIN9,SD-12MO,MAIN9,"SD12MO_MAIN9:M3b[factory box k=3, Gamma selected]@alpha=0.05",M3b_budget_robust,M3b_budget_robust,entry,True,selected,gamma=1,optimal,,main_reference_plan_domain,cp_upper,0.3565,0.3566,0.36455895427109697,False,False,0,35,18,0.3451,0.35300232317315955,"gamma=4 {""k_box"": 1.5}",minimum attainable main-event rate_upper over the declared grid (descriptive; its cost is not a comparable cost),1024,optimal,0.0,0.0,0.3247,0.325,0.33279111308544,"diagnostic frontier point (training scenarios only); not a method, never a member"
1,SD-H0,0.05,SDH0_MAIN9,SD-H0,MAIN9,SDH0_MAIN9:M0,M0_nominal,M0_nominal,entry,True,,,optimal,,main_reference_plan_domain,cp_upper,0.8719,0.8719,0.8773665751076721,False,False,0,1,1,0.8719,0.8773665751076721,,minimum attainable main-event rate_upper over the declared grid (descriptive; its cost is not a comparable cost),1024,frontier_no_feasible_solution_found_no_ration,0.048828125,0.154296875,,,,
1,SD-H0,0.05,SDH0_MAIN9,SD-H0,MAIN9,"SDH0_MAIN9:M1[relative,apply_to_dm=False]@alpha=0.05",M1_safety_margin,M1_safety_margin[apply_to_dm=False],sensitivity_line,False,not_met,,,"no value of the declared grid met the validation screen (candidate statuses: optimal, proven_infeasible); a grid without a solution is not a statement about the whole decision space",main_reference_plan_domain,cp_upper,,,,,False,0,5,4,0.4908,0.49907408450301954,k=0.075,minimum attainable main-event rate_upper over the declared grid (descriptive; its cost is not a comparable cost),1024,frontier_no_feasible_solution_found_no_ration,0.048828125,0.154296875,,,,
1,SD-H0,0.05,SDH0_MAIN9,SD-H0,MAIN9,"SDH0_MAIN9:M1[relative,apply_to_dm=True]@alpha=0.05",M1_safety_margin,M1_safety_margin[apply_to_dm=True],entry,False,not_met,,,"no value of the declared grid met the validation screen (candidate statuses: optimal, proven_infeasible); a grid without a solution is not a statement about the whole decision space",main_reference_plan_domain,cp_upper,,,,,False,0,5,2,0.7428,0.7499866020723631,k=0.025,minimum attainable main-event rate_upper over the declared grid (descriptive; its cost is not a comparable cost),1024,frontier_no_feasible_solution_found_no_ration,0.048828125,0.154296875,,,,
1,SD-H0,0.05,SDH0_MAIN9,SD-H0,MAIN9,SDH0_MAIN9:M2[N=1024]@alpha=0.05,M2_joint_chance_saa,M2_joint_chance_saa[N=1024],entry,False,not_met,,,"SAA over the N training scenarios proven infeasible for every alpha_train of the declared grid (training scenarios only; not a population, field or whole-space statement)",main_reference_plan_domain,cp_upper,,,,,False,0,4,0,,,,no scored grid candidate with a ration (not a whole-space statement),1024,frontier_no_feasible_solution_found_no_ration,0.048828125,0.154296875,,,,
1,SD-H0,0.05,SDH0_MAIN9,SD-H0,MAIN9,SDH0_MAIN9:M2[N=128]@alpha=0.05,M2_joint_chance_saa,M2_joint_chance_saa[N=128],entry,False,not_met,,,"SAA over the N training scenarios proven infeasible for every alpha_train of the declared grid (training scenarios only; not a population, field or whole-space statement)",main_reference_plan_domain,cp_upper,,,,,False,0,4,0,,,,no scored grid candidate with a ration (not a whole-space statement),128,optimal,0.1015625,0.1015625,0.1138,0.1142,0.11956486234454956,"diagnostic frontier point (training scenarios only); not a method, never a member"
1,SD-H0,0.05,SDH0_MAIN9,SD-H0,MAIN9,SDH0_MAIN9:M2[N=512]@alpha=0.05,M2_joint_chance_saa,M2_joint_chance_saa[N=512],entry,False,not_met,,,"SAA over the N training scenarios proven infeasible for every alpha_train of the declared grid (training scenarios only; not a population, field or whole-space statement)",main_reference_plan_domain,cp_upper,,,,,False,0,4,0,,,,no scored grid candidate with a ration (not a whole-space statement),512,frontier_no_feasible_solution_found_no_ration,0.0546875,0.15234375,,,,
1,SD-H0,0.05,SDH0_MAIN9,SD-H0,MAIN9,SDH0_MAIN9:M3a[factory box]@alpha=0.05,M3a_box_robust,M3a_box_robust,entry,False,not_met,,,no value of the declared grid met the validation screen (candidate statuses: proven_infeasible); a grid without a solution is not a statement about the whole decision space,main_reference_plan_domain,cp_upper,,,,,False,0,5,0,,,,no scored grid candidate with a ration (not a whole-space statement),1024,frontier_no_feasible_solution_found_no_ration,0.048828125,0.154296875,,,,
1,SD-H0,0.05,SDH0_MAIN9,SD-H0,MAIN9,SDH0_MAIN9:M3b[factory box]@alpha=0.05,M3b_budget_robust,M3b_budget_robust,entry,False,not_met,,,"no value of the declared grid met the validation screen (candidate statuses: optimal, proven_infeasible); a grid without a solution is not a statement about the whole decision space",main_reference_plan_domain,cp_upper,,,,,False,0,35,7,0.3563,0.3642575402571313,"gamma=1 {""k_box"": 1.5}",minimum attainable main-event rate_upper over the declared grid (descriptive; its cost is not a comparable cost),1024,frontier_no_feasible_solution_found_no_ration,0.048828125,0.154296875,,,,
1,SD-H0,0.05,SDS2_MAIN9,SD-S2,MAIN9,SDS2_MAIN9:M0,M0_nominal,M0_nominal,entry,True,,,optimal,,main_reference_plan_domain,cp_upper,0.8719,0.8719,0.8773665751076721,False,False,0,1,1,0.8719,0.8773665751076721,,minimum attainable main-event rate_upper over the declared grid (descriptive; its cost is not a comparable cost),1024,optimal,0.0,0.0,0.353,0.3532,0.361142731190239,"diagnostic frontier point (training scenarios only); not a method, never a member"
1,SD-H0,0.05,SDS2_MAIN9,SD-S2,MAIN9,"SDS2_MAIN9:M1[relative,apply_to_dm=False]@alpha=0.05",M1_safety_margin,M1_safety_margin[apply_to_dm=False],sensitivity_line,True,selected,k=0.075,optimal,,main_reference_plan_domain,cp_upper,0.4908,0.4908,0.49907408450301954,False,False,0,5,4,0.4908,0.49907408450301954,k=0.075,minimum attainable main-event rate_upper over the declared grid (descriptive; its cost is not a comparable cost),1024,optimal,0.0,0.0,0.353,0.3532,0.361142731190239,"diagnostic frontier point (training scenarios only); not a method, never a member"
1,SD-H0,0.05,SDS2_MAIN9,SD-S2,MAIN9,"SDS2_MAIN9:M1[relative,apply_to_dm=True]@alpha=0.05",M1_safety_margin,M1_safety_margin[apply_to_dm=True],entry,False,not_met,,,"no value of the declared grid met the validation screen (candidate statuses: optimal, proven_infeasible); a grid without a solution is not a statement about the whole decision space",main_reference_plan_domain,cp_upper,,,,,False,0,5,2,0.7428,0.7499866020723631,k=0.025,minimum attainable main-event rate_upper over the declared grid (descriptive; its cost is not a comparable cost),1024,optimal,0.0,0.0,0.353,0.3532,0.361142731190239,"diagnostic frontier point (training scenarios only); not a method, never a member"
1,SD-H0,0.05,SDS2_MAIN9,SD-S2,MAIN9,SDS2_MAIN9:M2[N=1024]@alpha=0.05,M2_joint_chance_saa,M2_joint_chance_saa[N=1024],entry,True,selected,alpha_train=0.025,feasible_time_limit,,main_reference_plan_domain,cp_upper,0.3988,0.399,0.4071257411029298,False,False,0,4,4,0.3343,0.34214453310200393,alpha_train=0.0125,minimum attainable main-event rate_upper over the declared grid (descriptive; its cost is not a comparable cost),1024,optimal,0.0,0.0,0.353,0.3532,0.361142731190239,"diagnostic frontier point (training scenarios only); not a method, never a member"
1,SD-H0,0.05,SDS2_MAIN9,SD-S2,MAIN9,SDS2_MAIN9:M2[N=128]@alpha=0.05,M2_joint_chance_saa,M2_joint_chance_saa[N=128],entry,False,not_met,,,no value of the declared grid met the validation screen (candidate statuses: optimal); a grid without a solution is not a statement about the whole decision space,main_reference_plan_domain,cp_upper,,,,,False,0,4,4,0.4875,0.4957736171344153,alpha_train=0.0125,minimum attainable main-event rate_upper over the declared grid (descriptive; its cost is not a comparable cost),128,optimal,0.0,0.0,0.4963,0.4964,0.5046740576176388,"diagnostic frontier point (training scenarios only); not a method, never a member"
1,SD-H0,0.05,SDS2_MAIN9,SD-S2,MAIN9,SDS2_MAIN9:M2[N=512]@alpha=0.05,M2_joint_chance_saa,M2_joint_chance_saa[N=512],entry,True,selected,alpha_train=0.0125,optimal,,main_reference_plan_domain,cp_upper,0.4043,0.4044,0.41254238457096876,False,False,0,4,4,0.4044,0.41254238457096876,alpha_train=0.0125,minimum attainable main-event rate_upper over the declared grid (descriptive; its cost is not a comparable cost),512,optimal,0.0,0.0,0.4738,0.4739,0.48216790518924446,"diagnostic frontier point (training scenarios only); not a method, never a member"
1,SD-H0,0.05,SDS2_MAIN9,SD-S2,MAIN9,SDS2_MAIN9:M3a[factory box]@alpha=0.05,M3a_box_robust,M3a_box_robust,entry,True,selected,k_box=1.5,optimal,,main_reference_plan_domain,cp_upper,0.3879,0.388,0.3960886721162605,False,False,0,5,3,0.325,0.33279111308544,k_box=2.0,minimum attainable main-event rate_upper over the declared grid (descriptive; its cost is not a comparable cost),1024,optimal,0.0,0.0,0.353,0.3532,0.361142731190239,"diagnostic frontier point (training scenarios only); not a method, never a member"
1,SD-H0,0.05,SDS2_MAIN9,SD-S2,MAIN9,"SDS2_MAIN9:M3b[factory box k=1.5, Gamma selected]@alpha=0.05",M3b_budget_robust,M3b_budget_robust,entry,True,selected,gamma=3,optimal,,main_reference_plan_domain,cp_upper,0.4742,0.4743,0.4825681602627899,False,False,0,35,27,0.2998,0.307428733250221,"gamma=3 {""k_box"": 2.5}",minimum attainable main-event rate_upper over the declared grid (descriptive; its cost is not a comparable cost),1024,optimal,0.0,0.0,0.353,0.3532,0.361142731190239,"diagnostic frontier point (training scenarios only); not a method, never a member"
1,SD-H0,0.05,SDSRC12_MAIN9,SD-SRC12,MAIN9,SDSRC12_MAIN9:M0,M0_nominal,M0_nominal,entry,True,,,optimal,,main_reference_plan_domain,cp_upper,0.8719,0.8719,0.8773665751076721,False,False,0,1,1,0.8719,0.8773665751076721,,minimum attainable main-event rate_upper over the declared grid (descriptive; its cost is not a comparable cost),1024,frontier_no_feasible_solution_found_no_ration,0.017578125,0.021484375,,,,
1,SD-H0,0.05,SDSRC12_MAIN9,SD-SRC12,MAIN9,"SDSRC12_MAIN9:M1[relative,apply_to_dm=False]@alpha=0.05",M1_safety_margin,M1_safety_margin[apply_to_dm=False],sensitivity_line,False,not_met,,,"no value of the declared grid met the validation screen (candidate statuses: optimal, proven_infeasible); a grid without a solution is not a statement about the whole decision space",main_reference_plan_domain,cp_upper,,,,,False,0,5,4,0.4908,0.49907408450301954,k=0.075,minimum attainable main-event rate_upper over the declared grid (descriptive; its cost is not a comparable cost),1024,frontier_no_feasible_solution_found_no_ration,0.017578125,0.021484375,,,,
1,SD-H0,0.05,SDSRC12_MAIN9,SD-SRC12,MAIN9,"SDSRC12_MAIN9:M1[relative,apply_to_dm=True]@alpha=0.05",M1_safety_margin,M1_safety_margin[apply_to_dm=True],entry,False,not_met,,,"no value of the declared grid met the validation screen (candidate statuses: optimal, proven_infeasible); a grid without a solution is not a statement about the whole decision space",main_reference_plan_domain,cp_upper,,,,,False,0,5,2,0.7428,0.7499866020723631,k=0.025,minimum attainable main-event rate_upper over the declared grid (descriptive; its cost is not a comparable cost),1024,frontier_no_feasible_solution_found_no_ration,0.017578125,0.021484375,,,,
1,SD-H0,0.05,SDSRC12_MAIN9,SD-SRC12,MAIN9,SDSRC12_MAIN9:M2[N=1024]@alpha=0.05,M2_joint_chance_saa,M2_joint_chance_saa[N=1024],entry,True,selected,alpha_train=0.0375,feasible_time_limit,,main_reference_plan_domain,cp_upper,0.1289,0.1293,0.13494895228480164,False,False,0,4,3,0.1186,0.12405044361163023,alpha_train=0.05,minimum attainable main-event rate_upper over the declared grid (descriptive; its cost is not a comparable cost),1024,frontier_no_feasible_solution_found_no_ration,0.017578125,0.021484375,,,,
1,SD-H0,0.05,SDSRC12_MAIN9,SD-SRC12,MAIN9,SDSRC12_MAIN9:M2[N=128]@alpha=0.05,M2_joint_chance_saa,M2_joint_chance_saa[N=128],entry,False,not_met,,,no value of the declared grid met the validation screen (candidate statuses: optimal); a grid without a solution is not a statement about the whole decision space,main_reference_plan_domain,cp_upper,,,,,False,0,4,4,0.1291,0.13474536036300325,alpha_train=0.0375,minimum attainable main-event rate_upper over the declared grid (descriptive; its cost is not a comparable cost),128,optimal,0.0078125,0.0078125,0.1764,0.1767,0.1830931338382163,"diagnostic frontier point (training scenarios only); not a method, never a member"
1,SD-H0,0.05,SDSRC12_MAIN9,SD-SRC12,MAIN9,SDSRC12_MAIN9:M2[N=512]@alpha=0.05,M2_joint_chance_saa,M2_joint_chance_saa[N=512],entry,False,not_met,,,"no value of the declared grid met the validation screen (candidate statuses: feasible_time_limit, optimal, proven_infeasible); a grid without a solution is not a statement about the whole decision space",main_reference_plan_domain,cp_upper,,,,,False,0,4,3,0.1228,0.12832993720708816,alpha_train=0.0375,minimum attainable main-event rate_upper over the declared grid (descriptive; its cost is not a comparable cost),512,optimal,0.013671875,0.013671875,0.0986,0.099,0.10404933642164478,"diagnostic frontier point (training scenarios only); not a method, never a member"
1,SD-H0,0.05,SDSRC12_MAIN9,SD-SRC12,MAIN9,SDSRC12_MAIN9:M3a[factory box]@alpha=0.05,M3a_box_robust,M3a_box_robust,entry,False,not_met,,,no value of the declared grid met the validation screen (candidate statuses: proven_infeasible); a grid without a solution is not a statement about the whole decision space,main_reference_plan_domain,cp_upper,,,,,False,0,5,0,,,,no scored grid candidate with a ration (not a whole-space statement),1024,frontier_no_feasible_solution_found_no_ration,0.017578125,0.021484375,,,,
1,SD-H0,0.05,SDSRC12_MAIN9,SD-SRC12,MAIN9,SDSRC12_MAIN9:M3b[factory box]@alpha=0.05,M3b_budget_robust,M3b_budget_robust,entry,False,not_met,,,"no value of the declared grid met the validation screen (candidate statuses: optimal, proven_infeasible); a grid without a solution is not a statement about the whole decision space",main_reference_plan_domain,cp_upper,,,,,False,0,35,11,0.2365,0.24359581562004945,"gamma=4 {""k_box"": 1.0}",minimum attainable main-event rate_upper over the declared grid (descriptive; its cost is not a comparable cost),1024,frontier_no_feasible_solution_found_no_ration,0.017578125,0.021484375,,,,
1,SD-H0,0.05,SDSRC14_MAIN9,SD-SRC14,MAIN9,SDSRC14_MAIN9:M0,M0_nominal,M0_nominal,entry,True,,,optimal,,main_reference_plan_domain,cp_upper,0.8719,0.8719,0.8773665751076721,False,False,0,1,1,0.8719,0.8773665751076721,,minimum attainable main-event rate_upper over the declared grid (descriptive; its cost is not a comparable cost),1024,optimal,0.0,0.0,0.2767,0.2769,0.2843576553352515,"diagnostic frontier point (training scenarios only); not a method, never a member"
1,SD-H0,0.05,SDSRC14_MAIN9,SD-SRC14,MAIN9,"SDSRC14_MAIN9:M1[relative,apply_to_dm=False]@alpha=0.05",M1_safety_margin,M1_safety_margin[apply_to_dm=False],sensitivity_line,False,not_met,,,"no value of the declared grid met the validation screen (candidate statuses: optimal, proven_infeasible); a grid without a solution is not a statement about the whole decision space",main_reference_plan_domain,cp_upper,,,,,False,0,5,4,0.4908,0.49907408450301954,k=0.075,minimum attainable main-event rate_upper over the declared grid (descriptive; its cost is not a comparable cost),1024,optimal,0.0,0.0,0.2767,0.2769,0.2843576553352515,"diagnostic frontier point (training scenarios only); not a method, never a member"
1,SD-H0,0.05,SDSRC14_MAIN9,SD-SRC14,MAIN9,"SDSRC14_MAIN9:M1[relative,apply_to_dm=True]@alpha=0.05",M1_safety_margin,M1_safety_margin[apply_to_dm=True],entry,False,not_met,,,"no value of the declared grid met the validation screen (candidate statuses: optimal, proven_infeasible); a grid without a solution is not a statement about the whole decision space",main_reference_plan_domain,cp_upper,,,,,False,0,5,2,0.7428,0.7499866020723631,k=0.025,minimum attainable main-event rate_upper over the declared grid (descriptive; its cost is not a comparable cost),1024,optimal,0.0,0.0,0.2767,0.2769,0.2843576553352515,"diagnostic frontier point (training scenarios only); not a method, never a member"
1,SD-H0,0.05,SDSRC14_MAIN9,SD-SRC14,MAIN9,SDSRC14_MAIN9:M2[N=1024]@alpha=0.05,M2_joint_chance_saa,M2_joint_chance_saa[N=1024],entry,True,selected,alpha_train=0.0375,feasible_time_limit,,main_reference_plan_domain,cp_upper,0.1912,0.1916,0.19818962426897435,False,False,0,4,4,0.1556,0.16168628375823796,alpha_train=0.0125,minimum attainable main-event rate_upper over the declared grid (descriptive; its cost is not a comparable cost),1024,optimal,0.0,0.0,0.2767,0.2769,0.2843576553352515,"diagnostic frontier point (training scenarios only); not a method, never a member"
1,SD-H0,0.05,SDSRC14_MAIN9,SD-SRC14,MAIN9,SDSRC14_MAIN9:M2[N=128]@alpha=0.05,M2_joint_chance_saa,M2_joint_chance_saa[N=128],entry,False,not_met,,,no value of the declared grid met the validation screen (candidate statuses: optimal); a grid without a solution is not a statement about the whole decision space,main_reference_plan_domain,cp_upper,,,,,False,0,4,4,0.1167,0.12211378355919934,alpha_train=0.0125,minimum attainable main-event rate_upper over the declared grid (descriptive; its cost is not a comparable cost),128,optimal,0.0,0.0,0.1553,0.1557,0.16178782397605931,"diagnostic frontier point (training scenarios only); not a method, never a member"
1,SD-H0,0.05,SDSRC14_MAIN9,SD-SRC14,MAIN9,SDSRC14_MAIN9:M2[N=512]@alpha=0.05,M2_joint_chance_saa,M2_joint_chance_saa[N=512],entry,True,selected,alpha_train=0.025,optimal,,main_reference_plan_domain,cp_upper,0.149,0.1494,0.15538907757784298,False,False,0,4,4,0.1494,0.15538907757784298,alpha_train=0.025,minimum attainable main-event rate_upper over the declared grid (descriptive; its cost is not a comparable cost),512,optimal,0.0,0.0,0.2493,0.2495,0.25672112685807336,"diagnostic frontier point (training scenarios only); not a method, never a member"
1,SD-H0,0.05,SDSRC14_MAIN9,SD-SRC14,MAIN9,SDSRC14_MAIN9:M3a[factory box]@alpha=0.05,M3a_box_robust,M3a_box_robust,entry,False,not_met,,,"no value of the declared grid met the validation screen (candidate statuses: optimal, proven_infeasible); a grid without a solution is not a statement about the whole decision space",main_reference_plan_domain,cp_upper,,,,,False,0,5,1,0.3122,0.31991191287692367,k_box=1.0,minimum attainable main-event rate_upper over the declared grid (descriptive; its cost is not a comparable cost),1024,optimal,0.0,0.0,0.2767,0.2769,0.2843576553352515,"diagnostic frontier point (training scenarios only); not a method, never a member"
1,SD-H0,0.05,SDSRC14_MAIN9,SD-SRC14,MAIN9,"SDSRC14_MAIN9:M3b[factory box k=1.5, Gamma selected]@alpha=0.05",M3b_budget_robust,M3b_budget_robust,entry,True,selected,gamma=3,optimal,,main_reference_plan_domain,cp_upper,0.2615,0.2616,0.2689300458929402,False,False,0,35,19,0.2616,0.2689300458929402,"gamma=3 {""k_box"": 1.5}",minimum attainable main-event rate_upper over the declared grid (descriptive; its cost is not a comparable cost),1024,optimal,0.0,0.0,0.2767,0.2769,0.2843576553352515,"diagnostic frontier point (training scenarios only); not a method, never a member"
1,SD-H0,0.1,SD12MO_MAIN9,SD-12MO,MAIN9,SD12MO_MAIN9:M0,M0_nominal,M0_nominal,entry,True,,,optimal,,main_reference_plan_domain,cp_upper,0.8719,0.8719,0.8773665751076721,False,False,0,1,1,0.8719,0.8773665751076721,,minimum attainable main-event rate_upper over the declared grid (descriptive; its cost is not a comparable cost),1024,optimal,0.0,0.0,0.3247,0.325,0.33279111308544,"diagnostic frontier point (training scenarios only); not a method, never a member"
1,SD-H0,0.1,SD12MO_MAIN9,SD-12MO,MAIN9,"SD12MO_MAIN9:M1[relative,apply_to_dm=False]@alpha=0.1",M1_safety_margin,M1_safety_margin[apply_to_dm=False],sensitivity_line,True,selected,k=0.075,optimal,,main_reference_plan_domain,cp_upper,0.4908,0.4908,0.49907408450301954,False,False,0,5,4,0.4908,0.49907408450301954,k=0.075,minimum attainable main-event rate_upper over the declared grid (descriptive; its cost is not a comparable cost),1024,optimal,0.0,0.0,0.3247,0.325,0.33279111308544,"diagnostic frontier point (training scenarios only); not a method, never a member"
1,SD-H0,0.1,SD12MO_MAIN9,SD-12MO,MAIN9,"SD12MO_MAIN9:M1[relative,apply_to_dm=True]@alpha=0.1",M1_safety_margin,M1_safety_margin[apply_to_dm=True],entry,False,not_met,,,"no value of the declared grid met the validation screen (candidate statuses: optimal, proven_infeasible); a grid without a solution is not a statement about the whole decision space",main_reference_plan_domain,cp_upper,,,,,False,0,5,2,0.7428,0.7499866020723631,k=0.025,minimum attainable main-event rate_upper over the declared grid (descriptive; its cost is not a comparable cost),1024,optimal,0.0,0.0,0.3247,0.325,0.33279111308544,"diagnostic frontier point (training scenarios only); not a method, never a member"
1,SD-H0,0.1,SD12MO_MAIN9,SD-12MO,MAIN9,SD12MO_MAIN9:M2[N=1024]@alpha=0.1,M2_joint_chance_saa,M2_joint_chance_saa[N=1024],entry,True,selected,alpha_train=0.075,feasible_time_limit,,main_reference_plan_domain,cp_upper,0.4963,0.4965,0.5047740477619945,False,False,0,4,4,0.4378,0.4460230170936188,alpha_train=0.025,minimum attainable main-event rate_upper over the declared grid (descriptive; its cost is not a comparable cost),1024,optimal,0.0,0.0,0.3247,0.325,0.33279111308544,"diagnostic frontier point (training scenarios only); not a method, never a member"
1,SD-H0,0.1,SD12MO_MAIN9,SD-12MO,MAIN9,SD12MO_MAIN9:M2[N=128]@alpha=0.1,M2_joint_chance_saa,M2_joint_chance_saa[N=128],entry,False,not_met,,,no value of the declared grid met the validation screen (candidate statuses: optimal); a grid without a solution is not a statement about the whole decision space,main_reference_plan_domain,cp_upper,,,,,False,0,4,4,0.498,0.5062738604565098,alpha_train=0.025,minimum attainable main-event rate_upper over the declared grid (descriptive; its cost is not a comparable cost),128,optimal,0.0,0.0,0.4838,0.4839,0.4921726983854826,"diagnostic frontier point (training scenarios only); not a method, never a member"
1,SD-H0,0.1,SD12MO_MAIN9,SD-12MO,MAIN9,SD12MO_MAIN9:M2[N=512]@alpha=0.1,M2_joint_chance_saa,M2_joint_chance_saa[N=512],entry,True,selected,alpha_train=0.025,optimal,,main_reference_plan_domain,cp_upper,0.4861,0.4863,0.49457335830352195,False,False,0,4,4,0.4863,0.49457335830352195,alpha_train=0.025,minimum attainable main-event rate_upper over the declared grid (descriptive; its cost is not a comparable cost),512,optimal,0.0,0.0,0.4211,0.4212,0.4293877064374693,"diagnostic frontier point (training scenarios only); not a method, never a member"
1,SD-H0,0.1,SD12MO_MAIN9,SD-12MO,MAIN9,SD12MO_MAIN9:M3a[factory box]@alpha=0.1,M3a_box_robust,M3a_box_robust,entry,False,not_met,,,"no value of the declared grid met the validation screen (candidate statuses: optimal, proven_infeasible); a grid without a solution is not a statement about the whole decision space",main_reference_plan_domain,cp_upper,,,,,False,0,5,1,0.7091,0.7165748767555825,k_box=1.0,minimum attainable main-event rate_upper over the declared grid (descriptive; its cost is not a comparable cost),1024,optimal,0.0,0.0,0.3247,0.325,0.33279111308544,"diagnostic frontier point (training scenarios only); not a method, never a member"
1,SD-H0,0.1,SD12MO_MAIN9,SD-12MO,MAIN9,"SD12MO_MAIN9:M3b[factory box k=1.5, Gamma selected]@alpha=0.1",M3b_budget_robust,M3b_budget_robust,entry,True,selected,gamma=2,optimal,,main_reference_plan_domain,cp_upper,0.5149,0.515,0.5232665647489864,False,False,0,35,18,0.3451,0.35300232317315955,"gamma=4 {""k_box"": 1.5}",minimum attainable main-event rate_upper over the declared grid (descriptive; its cost is not a comparable cost),1024,optimal,0.0,0.0,0.3247,0.325,0.33279111308544,"diagnostic frontier point (training scenarios only); not a method, never a member"
1,SD-H0,0.1,SDH0_MAIN9,SD-H0,MAIN9,SDH0_MAIN9:M0,M0_nominal,M0_nominal,entry,True,,,optimal,,main_reference_plan_domain,cp_upper,0.8719,0.8719,0.8773665751076721,False,False,0,1,1,0.8719,0.8773665751076721,,minimum attainable main-event rate_upper over the declared grid (descriptive; its cost is not a comparable cost),1024,frontier_no_feasible_solution_found_no_ration,0.048828125,0.154296875,,,,
1,SD-H0,0.1,SDH0_MAIN9,SD-H0,MAIN9,"SDH0_MAIN9:M1[relative,apply_to_dm=False]@alpha=0.1",M1_safety_margin,M1_safety_margin[apply_to_dm=False],sensitivity_line,False,not_met,,,"no value of the declared grid met the validation screen (candidate statuses: optimal, proven_infeasible); a grid without a solution is not a statement about the whole decision space",main_reference_plan_domain,cp_upper,,,,,False,0,5,4,0.4908,0.49907408450301954,k=0.075,minimum attainable main-event rate_upper over the declared grid (descriptive; its cost is not a comparable cost),1024,frontier_no_feasible_solution_found_no_ration,0.048828125,0.154296875,,,,
1,SD-H0,0.1,SDH0_MAIN9,SD-H0,MAIN9,"SDH0_MAIN9:M1[relative,apply_to_dm=True]@alpha=0.1",M1_safety_margin,M1_safety_margin[apply_to_dm=True],entry,False,not_met,,,"no value of the declared grid met the validation screen (candidate statuses: optimal, proven_infeasible); a grid without a solution is not a statement about the whole decision space",main_reference_plan_domain,cp_upper,,,,,False,0,5,2,0.7428,0.7499866020723631,k=0.025,minimum attainable main-event rate_upper over the declared grid (descriptive; its cost is not a comparable cost),1024,frontier_no_feasible_solution_found_no_ration,0.048828125,0.154296875,,,,
1,SD-H0,0.1,SDH0_MAIN9,SD-H0,MAIN9,SDH0_MAIN9:M2[N=1024]@alpha=0.1,M2_joint_chance_saa,M2_joint_chance_saa[N=1024],entry,False,not_met,,,"no value of the declared grid met the validation screen (candidate statuses: no_feasible_solution_found, proven_infeasible); a grid without a solution is not a statement about the whole decision space",main_reference_plan_domain,cp_upper,,,,,False,0,4,0,,,,no scored grid candidate with a ration (not a whole-space statement),1024,frontier_no_feasible_solution_found_no_ration,0.048828125,0.154296875,,,,
1,SD-H0,0.1,SDH0_MAIN9,SD-H0,MAIN9,SDH0_MAIN9:M2[N=128]@alpha=0.1,M2_joint_chance_saa,M2_joint_chance_saa[N=128],entry,False,not_met,,,"SAA over the N training scenarios proven infeasible for every alpha_train of the declared grid (training scenarios only; not a population, field or whole-space statement)",main_reference_plan_domain,cp_upper,,,,,False,0,4,0,,,,no scored grid candidate with a ration (not a whole-space statement),128,optimal,0.1015625,0.1015625,0.1138,0.1142,0.11956486234454956,"diagnostic frontier point (training scenarios only); not a method, never a member"
1,SD-H0,0.1,SDH0_MAIN9,SD-H0,MAIN9,SDH0_MAIN9:M2[N=512]@alpha=0.1,M2_joint_chance_saa,M2_joint_chance_saa[N=512],entry,False,not_met,,,"no value of the declared grid met the validation screen (candidate statuses: no_feasible_solution_found, proven_infeasible); a grid without a solution is not a statement about the whole decision space",main_reference_plan_domain,cp_upper,,,,,False,0,4,0,,,,no scored grid candidate with a ration (not a whole-space statement),512,frontier_no_feasible_solution_found_no_ration,0.0546875,0.15234375,,,,
1,SD-H0,0.1,SDH0_MAIN9,SD-H0,MAIN9,SDH0_MAIN9:M3a[factory box]@alpha=0.1,M3a_box_robust,M3a_box_robust,entry,False,not_met,,,no value of the declared grid met the validation screen (candidate statuses: proven_infeasible); a grid without a solution is not a statement about the whole decision space,main_reference_plan_domain,cp_upper,,,,,False,0,5,0,,,,no scored grid candidate with a ration (not a whole-space statement),1024,frontier_no_feasible_solution_found_no_ration,0.048828125,0.154296875,,,,
1,SD-H0,0.1,SDH0_MAIN9,SD-H0,MAIN9,SDH0_MAIN9:M3b[factory box]@alpha=0.1,M3b_budget_robust,M3b_budget_robust,entry,False,not_met,,,"no value of the declared grid met the validation screen (candidate statuses: optimal, proven_infeasible); a grid without a solution is not a statement about the whole decision space",main_reference_plan_domain,cp_upper,,,,,False,0,35,7,0.3563,0.3642575402571313,"gamma=1 {""k_box"": 1.5}",minimum attainable main-event rate_upper over the declared grid (descriptive; its cost is not a comparable cost),1024,frontier_no_feasible_solution_found_no_ration,0.048828125,0.154296875,,,,
1,SD-H0,0.1,SDS2_MAIN9,SD-S2,MAIN9,SDS2_MAIN9:M0,M0_nominal,M0_nominal,entry,True,,,optimal,,main_reference_plan_domain,cp_upper,0.8719,0.8719,0.8773665751076721,False,False,0,1,1,0.8719,0.8773665751076721,,minimum attainable main-event rate_upper over the declared grid (descriptive; its cost is not a comparable cost),1024,optimal,0.0,0.0,0.353,0.3532,0.361142731190239,"diagnostic frontier point (training scenarios only); not a method, never a member"
1,SD-H0,0.1,SDS2_MAIN9,SD-S2,MAIN9,"SDS2_MAIN9:M1[relative,apply_to_dm=False]@alpha=0.1",M1_safety_margin,M1_safety_margin[apply_to_dm=False],sensitivity_line,True,selected,k=0.075,optimal,,main_reference_plan_domain,cp_upper,0.4908,0.4908,0.49907408450301954,False,False,0,5,4,0.4908,0.49907408450301954,k=0.075,minimum attainable main-event rate_upper over the declared grid (descriptive; its cost is not a comparable cost),1024,optimal,0.0,0.0,0.353,0.3532,0.361142731190239,"diagnostic frontier point (training scenarios only); not a method, never a member"
1,SD-H0,0.1,SDS2_MAIN9,SD-S2,MAIN9,"SDS2_MAIN9:M1[relative,apply_to_dm=True]@alpha=0.1",M1_safety_margin,M1_safety_margin[apply_to_dm=True],entry,False,not_met,,,"no value of the declared grid met the validation screen (candidate statuses: optimal, proven_infeasible); a grid without a solution is not a statement about the whole decision space",main_reference_plan_domain,cp_upper,,,,,False,0,5,2,0.7428,0.7499866020723631,k=0.025,minimum attainable main-event rate_upper over the declared grid (descriptive; its cost is not a comparable cost),1024,optimal,0.0,0.0,0.353,0.3532,0.361142731190239,"diagnostic frontier point (training scenarios only); not a method, never a member"
1,SD-H0,0.1,SDS2_MAIN9,SD-S2,MAIN9,SDS2_MAIN9:M2[N=1024]@alpha=0.1,M2_joint_chance_saa,M2_joint_chance_saa[N=1024],entry,True,selected,alpha_train=0.075,feasible_time_limit,,main_reference_plan_domain,cp_upper,0.4919,0.4921,0.5003741702176336,False,False,0,4,4,0.399,0.4071257411029298,alpha_train=0.025,minimum attainable main-event rate_upper over the declared grid (descriptive; its cost is not a comparable cost),1024,optimal,0.0,0.0,0.353,0.3532,0.361142731190239,"diagnostic frontier point (training scenarios only); not a method, never a member"
1,SD-H0,0.1,SDS2_MAIN9,SD-S2,MAIN9,SDS2_MAIN9:M2[N=128]@alpha=0.1,M2_joint_chance_saa,M2_joint_chance_saa[N=128],entry,False,not_met,,,no value of the declared grid met the validation screen (candidate statuses: optimal); a grid without a solution is not a statement about the whole decision space,main_reference_plan_domain,cp_upper,,,,,False,0,4,4,0.5018,0.510073054735827,alpha_train=0.025,minimum attainable main-event rate_upper over the declared grid (descriptive; its cost is not a comparable cost),128,optimal,0.0,0.0,0.4963,0.4964,0.5046740576176388,"diagnostic frontier point (training scenarios only); not a method, never a member"
1,SD-H0,0.1,SDS2_MAIN9,SD-S2,MAIN9,SDS2_MAIN9:M2[N=512]@alpha=0.1,M2_joint_chance_saa,M2_joint_chance_saa[N=512],entry,True,selected,alpha_train=0.025,optimal,,main_reference_plan_domain,cp_upper,0.4812,0.4814,0.48967180920175885,False,False,0,4,4,0.4814,0.48967180920175885,alpha_train=0.025,minimum attainable main-event rate_upper over the declared grid (descriptive; its cost is not a comparable cost),512,optimal,0.0,0.0,0.4738,0.4739,0.48216790518924446,"diagnostic frontier point (training scenarios only); not a method, never a member"
1,SD-H0,0.1,SDS2_MAIN9,SD-S2,MAIN9,SDS2_MAIN9:M3a[factory box]@alpha=0.1,M3a_box_robust,M3a_box_robust,entry,True,selected,k_box=1.5,optimal,,main_reference_plan_domain,cp_upper,0.3879,0.388,0.3960886721162605,False,False,0,5,3,0.325,0.33279111308544,k_box=2.0,minimum attainable main-event rate_upper over the declared grid (descriptive; its cost is not a comparable cost),1024,optimal,0.0,0.0,0.353,0.3532,0.361142731190239,"diagnostic frontier point (training scenarios only); not a method, never a member"
1,SD-H0,0.1,SDS2_MAIN9,SD-S2,MAIN9,"SDS2_MAIN9:M3b[factory box k=1.5, Gamma selected]@alpha=0.1",M3b_budget_robust,M3b_budget_robust,entry,True,selected,gamma=2,optimal,,main_reference_plan_domain,cp_upper,0.509,0.5091,0.5173701742267474,False,False,0,35,27,0.2998,0.307428733250221,"gamma=3 {""k_box"": 2.5}",minimum attainable main-event rate_upper over the declared grid (descriptive; its cost is not a comparable cost),1024,optimal,0.0,0.0,0.353,0.3532,0.361142731190239,"diagnostic frontier point (training scenarios only); not a method, never a member"
1,SD-H0,0.1,SDSRC12_MAIN9,SD-SRC12,MAIN9,SDSRC12_MAIN9:M0,M0_nominal,M0_nominal,entry,True,,,optimal,,main_reference_plan_domain,cp_upper,0.8719,0.8719,0.8773665751076721,False,False,0,1,1,0.8719,0.8773665751076721,,minimum attainable main-event rate_upper over the declared grid (descriptive; its cost is not a comparable cost),1024,frontier_no_feasible_solution_found_no_ration,0.017578125,0.021484375,,,,
1,SD-H0,0.1,SDSRC12_MAIN9,SD-SRC12,MAIN9,"SDSRC12_MAIN9:M1[relative,apply_to_dm=False]@alpha=0.1",M1_safety_margin,M1_safety_margin[apply_to_dm=False],sensitivity_line,False,not_met,,,"no value of the declared grid met the validation screen (candidate statuses: optimal, proven_infeasible); a grid without a solution is not a statement about the whole decision space",main_reference_plan_domain,cp_upper,,,,,False,0,5,4,0.4908,0.49907408450301954,k=0.075,minimum attainable main-event rate_upper over the declared grid (descriptive; its cost is not a comparable cost),1024,frontier_no_feasible_solution_found_no_ration,0.017578125,0.021484375,,,,
1,SD-H0,0.1,SDSRC12_MAIN9,SD-SRC12,MAIN9,"SDSRC12_MAIN9:M1[relative,apply_to_dm=True]@alpha=0.1",M1_safety_margin,M1_safety_margin[apply_to_dm=True],entry,False,not_met,,,"no value of the declared grid met the validation screen (candidate statuses: optimal, proven_infeasible); a grid without a solution is not a statement about the whole decision space",main_reference_plan_domain,cp_upper,,,,,False,0,5,2,0.7428,0.7499866020723631,k=0.025,minimum attainable main-event rate_upper over the declared grid (descriptive; its cost is not a comparable cost),1024,frontier_no_feasible_solution_found_no_ration,0.017578125,0.021484375,,,,
1,SD-H0,0.1,SDSRC12_MAIN9,SD-SRC12,MAIN9,SDSRC12_MAIN9:M2[N=1024]@alpha=0.1,M2_joint_chance_saa,M2_joint_chance_saa[N=1024],entry,True,selected,alpha_train=0.075,feasible_time_limit,,main_reference_plan_domain,cp_upper,0.1313,0.1317,0.13739171843159992,False,False,0,4,4,0.1186,0.12405044361163023,alpha_train=0.05,minimum attainable main-event rate_upper over the declared grid (descriptive; its cost is not a comparable cost),1024,frontier_no_feasible_solution_found_no_ration,0.017578125,0.021484375,,,,
1,SD-H0,0.1,SDSRC12_MAIN9,SD-SRC12,MAIN9,SDSRC12_MAIN9:M2[N=128]@alpha=0.1,M2_joint_chance_saa,M2_joint_chance_saa[N=128],entry,True,selected,alpha_train=0.025,optimal,,main_reference_plan_domain,cp_upper,0.1554,0.1557,0.16178782397605931,False,False,0,4,4,0.1501,0.15610022383545616,alpha_train=0.05,minimum attainable main-event rate_upper over the declared grid (descriptive; its cost is not a comparable cost),128,optimal,0.0078125,0.0078125,0.1764,0.1767,0.1830931338382163,"diagnostic frontier point (training scenarios only); not a method, never a member"
1,SD-H0,0.1,SDSRC12_MAIN9,SD-SRC12,MAIN9,SDSRC12_MAIN9:M2[N=512]@alpha=0.1,M2_joint_chance_saa,M2_joint_chance_saa[N=512],entry,True,selected,alpha_train=0.05,feasible_time_limit,,main_reference_plan_domain,cp_upper,0.1335,0.1339,0.13963038274333056,False,False,0,4,4,0.1339,0.13963038274333056,alpha_train=0.05,minimum attainable main-event rate_upper over the declared grid (descriptive; its cost is not a comparable cost),512,optimal,0.013671875,0.013671875,0.0986,0.099,0.10404933642164478,"diagnostic frontier point (training scenarios only); not a method, never a member"
1,SD-H0,0.1,SDSRC12_MAIN9,SD-SRC12,MAIN9,SDSRC12_MAIN9:M3a[factory box]@alpha=0.1,M3a_box_robust,M3a_box_robust,entry,False,not_met,,,no value of the declared grid met the validation screen (candidate statuses: proven_infeasible); a grid without a solution is not a statement about the whole decision space,main_reference_plan_domain,cp_upper,,,,,False,0,5,0,,,,no scored grid candidate with a ration (not a whole-space statement),1024,frontier_no_feasible_solution_found_no_ration,0.017578125,0.021484375,,,,
1,SD-H0,0.1,SDSRC12_MAIN9,SD-SRC12,MAIN9,SDSRC12_MAIN9:M3b[factory box]@alpha=0.1,M3b_budget_robust,M3b_budget_robust,entry,False,not_met,,,"no value of the declared grid met the validation screen (candidate statuses: optimal, proven_infeasible); a grid without a solution is not a statement about the whole decision space",main_reference_plan_domain,cp_upper,,,,,False,0,35,11,0.2365,0.24359581562004945,"gamma=4 {""k_box"": 1.0}",minimum attainable main-event rate_upper over the declared grid (descriptive; its cost is not a comparable cost),1024,frontier_no_feasible_solution_found_no_ration,0.017578125,0.021484375,,,,
1,SD-H0,0.1,SDSRC14_MAIN9,SD-SRC14,MAIN9,SDSRC14_MAIN9:M0,M0_nominal,M0_nominal,entry,True,,,optimal,,main_reference_plan_domain,cp_upper,0.8719,0.8719,0.8773665751076721,False,False,0,1,1,0.8719,0.8773665751076721,,minimum attainable main-event rate_upper over the declared grid (descriptive; its cost is not a comparable cost),1024,optimal,0.0,0.0,0.2767,0.2769,0.2843576553352515,"diagnostic frontier point (training scenarios only); not a method, never a member"
1,SD-H0,0.1,SDSRC14_MAIN9,SD-SRC14,MAIN9,"SDSRC14_MAIN9:M1[relative,apply_to_dm=False]@alpha=0.1",M1_safety_margin,M1_safety_margin[apply_to_dm=False],sensitivity_line,False,not_met,,,"no value of the declared grid met the validation screen (candidate statuses: optimal, proven_infeasible); a grid without a solution is not a statement about the whole decision space",main_reference_plan_domain,cp_upper,,,,,False,0,5,4,0.4908,0.49907408450301954,k=0.075,minimum attainable main-event rate_upper over the declared grid (descriptive; its cost is not a comparable cost),1024,optimal,0.0,0.0,0.2767,0.2769,0.2843576553352515,"diagnostic frontier point (training scenarios only); not a method, never a member"
1,SD-H0,0.1,SDSRC14_MAIN9,SD-SRC14,MAIN9,"SDSRC14_MAIN9:M1[relative,apply_to_dm=True]@alpha=0.1",M1_safety_margin,M1_safety_margin[apply_to_dm=True],entry,False,not_met,,,"no value of the declared grid met the validation screen (candidate statuses: optimal, proven_infeasible); a grid without a solution is not a statement about the whole decision space",main_reference_plan_domain,cp_upper,,,,,False,0,5,2,0.7428,0.7499866020723631,k=0.025,minimum attainable main-event rate_upper over the declared grid (descriptive; its cost is not a comparable cost),1024,optimal,0.0,0.0,0.2767,0.2769,0.2843576553352515,"diagnostic frontier point (training scenarios only); not a method, never a member"
1,SD-H0,0.1,SDSRC14_MAIN9,SD-SRC14,MAIN9,SDSRC14_MAIN9:M2[N=1024]@alpha=0.1,M2_joint_chance_saa,M2_joint_chance_saa[N=1024],entry,True,selected,alpha_train=0.075,feasible_time_limit,,main_reference_plan_domain,cp_upper,0.1825,0.1829,0.1893768040434661,False,False,0,4,4,0.1628,0.16899501510351328,alpha_train=0.1,minimum attainable main-event rate_upper over the declared grid (descriptive; its cost is not a comparable cost),1024,optimal,0.0,0.0,0.2767,0.2769,0.2843576553352515,"diagnostic frontier point (training scenarios only); not a method, never a member"
1,SD-H0,0.1,SDSRC14_MAIN9,SD-SRC14,MAIN9,SDSRC14_MAIN9:M2[N=128]@alpha=0.1,M2_joint_chance_saa,M2_joint_chance_saa[N=128],entry,False,not_met,,,no value of the declared grid met the validation screen (candidate statuses: optimal); a grid without a solution is not a statement about the whole decision space,main_reference_plan_domain,cp_upper,,,,,False,0,4,4,0.1631,0.16929945209034006,alpha_train=0.025,minimum attainable main-event rate_upper over the declared grid (descriptive; its cost is not a comparable cost),128,optimal,0.0,0.0,0.1553,0.1557,0.16178782397605931,"diagnostic frontier point (training scenarios only); not a method, never a member"
1,SD-H0,0.1,SDSRC14_MAIN9,SD-SRC14,MAIN9,SDSRC14_MAIN9:M2[N=512]@alpha=0.1,M2_joint_chance_saa,M2_joint_chance_saa[N=512],entry,True,selected,alpha_train=0.05,feasible_time_limit,,main_reference_plan_domain,cp_upper,0.1873,0.1877,0.19423969707818237,False,False,0,4,4,0.1494,0.15538907757784298,alpha_train=0.025,minimum attainable main-event rate_upper over the declared grid (descriptive; its cost is not a comparable cost),512,optimal,0.0,0.0,0.2493,0.2495,0.25672112685807336,"diagnostic frontier point (training scenarios only); not a method, never a member"
1,SD-H0,0.1,SDSRC14_MAIN9,SD-SRC14,MAIN9,SDSRC14_MAIN9:M3a[factory box]@alpha=0.1,M3a_box_robust,M3a_box_robust,entry,True,selected,k_box=1.0,optimal,,main_reference_plan_domain,cp_upper,0.3121,0.3122,0.31991191287692367,False,False,0,5,1,0.3122,0.31991191287692367,k_box=1.0,minimum attainable main-event rate_upper over the declared grid (descriptive; its cost is not a comparable cost),1024,optimal,0.0,0.0,0.2767,0.2769,0.2843576553352515,"diagnostic frontier point (training scenarios only); not a method, never a member"
1,SD-H0,0.1,SDSRC14_MAIN9,SD-SRC14,MAIN9,"SDSRC14_MAIN9:M3b[factory box k=1, Gamma selected]@alpha=0.1",M3b_budget_robust,M3b_budget_robust,entry,True,selected,gamma=4,optimal,,main_reference_plan_domain,cp_upper,0.3552,0.3553,0.3632528025389562,False,False,0,35,19,0.2616,0.2689300458929402,"gamma=3 {""k_box"": 1.5}",minimum attainable main-event rate_upper over the declared grid (descriptive; its cost is not a comparable cost),1024,optimal,0.0,0.0,0.2767,0.2769,0.2843576553352515,"diagnostic frontier point (training scenarios only); not a method, never a member"
1,SD-H0,0.01,SD12MO_MAIN9,SD-12MO,MAIN9,SD12MO_MAIN9:M0,M0_nominal,M0_nominal,entry,True,,,optimal,,main_reference_plan_domain,cp_upper,0.8719,0.8719,0.8773665751076721,False,False,0,1,1,0.8719,0.8773665751076721,,minimum attainable main-event rate_upper over the declared grid (descriptive; its cost is not a comparable cost),1024,optimal,0.0,0.0,0.3247,0.325,0.33279111308544,"diagnostic frontier point (training scenarios only); not a method, never a member"
1,SD-H0,0.01,SD12MO_MAIN9,SD-12MO,MAIN9,"SD12MO_MAIN9:M1[relative,apply_to_dm=False]@alpha=0.01",M1_safety_margin,M1_safety_margin[apply_to_dm=False],sensitivity_line,False,not_met,,,"no value of the declared grid met the validation screen (candidate statuses: optimal, proven_infeasible); a grid without a solution is not a statement about the whole decision space",main_reference_plan_domain,cp_upper,,,,,False,0,5,4,0.4908,0.49907408450301954,k=0.075,minimum attainable main-event rate_upper over the declared grid (descriptive; its cost is not a comparable cost),1024,optimal,0.0,0.0,0.3247,0.325,0.33279111308544,"diagnostic frontier point (training scenarios only); not a method, never a member"
1,SD-H0,0.01,SD12MO_MAIN9,SD-12MO,MAIN9,"SD12MO_MAIN9:M1[relative,apply_to_dm=True]@alpha=0.01",M1_safety_margin,M1_safety_margin[apply_to_dm=True],entry,False,not_met,,,"no value of the declared grid met the validation screen (candidate statuses: optimal, proven_infeasible); a grid without a solution is not a statement about the whole decision space",main_reference_plan_domain,cp_upper,,,,,False,0,5,2,0.7428,0.7499866020723631,k=0.025,minimum attainable main-event rate_upper over the declared grid (descriptive; its cost is not a comparable cost),1024,optimal,0.0,0.0,0.3247,0.325,0.33279111308544,"diagnostic frontier point (training scenarios only); not a method, never a member"
1,SD-H0,0.01,SD12MO_MAIN9,SD-12MO,MAIN9,SD12MO_MAIN9:M2[N=1024]@alpha=0.01,M2_joint_chance_saa,M2_joint_chance_saa[N=1024],entry,False,not_met,,,no value of the declared grid met the validation screen (candidate statuses: optimal); a grid without a solution is not a statement about the whole decision space,main_reference_plan_domain,cp_upper,,,,,False,0,4,4,0.3366,0.34445721936891005,alpha_train=0.0025,minimum attainable main-event rate_upper over the declared grid (descriptive; its cost is not a comparable cost),1024,optimal,0.0,0.0,0.3247,0.325,0.33279111308544,"diagnostic frontier point (training scenarios only); not a method, never a member"
1,SD-H0,0.01,SD12MO_MAIN9,SD-12MO,MAIN9,SD12MO_MAIN9:M2[N=128]@alpha=0.01,M2_joint_chance_saa,M2_joint_chance_saa[N=128],entry,False,not_met,,,no value of the declared grid met the validation screen (candidate statuses: optimal); a grid without a solution is not a statement about the whole decision space,main_reference_plan_domain,cp_upper,,,,,False,0,4,4,0.4839,0.4921726983854826,alpha_train=0.0075,minimum attainable main-event rate_upper over the declared grid (descriptive; its cost is not a comparable cost),128,optimal,0.0,0.0,0.4838,0.4839,0.4921726983854826,"diagnostic frontier point (training scenarios only); not a method, never a member"
1,SD-H0,0.01,SD12MO_MAIN9,SD-12MO,MAIN9,SD12MO_MAIN9:M2[N=512]@alpha=0.01,M2_joint_chance_saa,M2_joint_chance_saa[N=512],entry,False,not_met,,,no value of the declared grid met the validation screen (candidate statuses: optimal); a grid without a solution is not a statement about the whole decision space,main_reference_plan_domain,cp_upper,,,,,False,0,4,4,0.3535,0.3614441801038454,alpha_train=0.005,minimum attainable main-event rate_upper over the declared grid (descriptive; its cost is not a comparable cost),512,optimal,0.0,0.0,0.4211,0.4212,0.4293877064374693,"diagnostic frontier point (training scenarios only); not a method, never a member"
1,SD-H0,0.01,SD12MO_MAIN9,SD-12MO,MAIN9,SD12MO_MAIN9:M3a[factory box]@alpha=0.01,M3a_box_robust,M3a_box_robust,entry,False,not_met,,,"no value of the declared grid met the validation screen (candidate statuses: optimal, proven_infeasible); a grid without a solution is not a statement about the whole decision space",main_reference_plan_domain,cp_upper,,,,,False,0,5,1,0.7091,0.7165748767555825,k_box=1.0,minimum attainable main-event rate_upper over the declared grid (descriptive; its cost is not a comparable cost),1024,optimal,0.0,0.0,0.3247,0.325,0.33279111308544,"diagnostic frontier point (training scenarios only); not a method, never a member"
1,SD-H0,0.01,SD12MO_MAIN9,SD-12MO,MAIN9,SD12MO_MAIN9:M3b[factory box]@alpha=0.01,M3b_budget_robust,M3b_budget_robust,entry,False,not_met,,,no value of the declared grid met the validation screen (candidate statuses: optimal); a grid without a solution is not a statement about the whole decision space,main_reference_plan_domain,cp_upper,,,,,False,0,35,18,0.3451,0.35300232317315955,"gamma=4 {""k_box"": 1.5}",minimum attainable main-event rate_upper over the declared grid (descriptive; its cost is not a comparable cost),1024,optimal,0.0,0.0,0.3247,0.325,0.33279111308544,"diagnostic frontier point (training scenarios only); not a method, never a member"
1,SD-H0,0.01,SDH0_MAIN9,SD-H0,MAIN9,SDH0_MAIN9:M0,M0_nominal,M0_nominal,entry,True,,,optimal,,main_reference_plan_domain,cp_upper,0.8719,0.8719,0.8773665751076721,False,False,0,1,1,0.8719,0.8773665751076721,,minimum attainable main-event rate_upper over the declared grid (descriptive; its cost is not a comparable cost),1024,frontier_no_feasible_solution_found_no_ration,0.048828125,0.154296875,,,,
1,SD-H0,0.01,SDH0_MAIN9,SD-H0,MAIN9,"SDH0_MAIN9:M1[relative,apply_to_dm=False]@alpha=0.01",M1_safety_margin,M1_safety_margin[apply_to_dm=False],sensitivity_line,False,not_met,,,"no value of the declared grid met the validation screen (candidate statuses: optimal, proven_infeasible); a grid without a solution is not a statement about the whole decision space",main_reference_plan_domain,cp_upper,,,,,False,0,5,4,0.4908,0.49907408450301954,k=0.075,minimum attainable main-event rate_upper over the declared grid (descriptive; its cost is not a comparable cost),1024,frontier_no_feasible_solution_found_no_ration,0.048828125,0.154296875,,,,
1,SD-H0,0.01,SDH0_MAIN9,SD-H0,MAIN9,"SDH0_MAIN9:M1[relative,apply_to_dm=True]@alpha=0.01",M1_safety_margin,M1_safety_margin[apply_to_dm=True],entry,False,not_met,,,"no value of the declared grid met the validation screen (candidate statuses: optimal, proven_infeasible); a grid without a solution is not a statement about the whole decision space",main_reference_plan_domain,cp_upper,,,,,False,0,5,2,0.7428,0.7499866020723631,k=0.025,minimum attainable main-event rate_upper over the declared grid (descriptive; its cost is not a comparable cost),1024,frontier_no_feasible_solution_found_no_ration,0.048828125,0.154296875,,,,
1,SD-H0,0.01,SDH0_MAIN9,SD-H0,MAIN9,SDH0_MAIN9:M2[N=1024]@alpha=0.01,M2_joint_chance_saa,M2_joint_chance_saa[N=1024],entry,False,not_met,,,"SAA over the N training scenarios proven infeasible for every alpha_train of the declared grid (training scenarios only; not a population, field or whole-space statement)",main_reference_plan_domain,cp_upper,,,,,False,0,4,0,,,,no scored grid candidate with a ration (not a whole-space statement),1024,frontier_no_feasible_solution_found_no_ration,0.048828125,0.154296875,,,,
1,SD-H0,0.01,SDH0_MAIN9,SD-H0,MAIN9,SDH0_MAIN9:M2[N=128]@alpha=0.01,M2_joint_chance_saa,M2_joint_chance_saa[N=128],entry,False,not_met,,,"SAA over the N training scenarios proven infeasible for every alpha_train of the declared grid (training scenarios only; not a population, field or whole-space statement)",main_reference_plan_domain,cp_upper,,,,,False,0,4,0,,,,no scored grid candidate with a ration (not a whole-space statement),128,optimal,0.1015625,0.1015625,0.1138,0.1142,0.11956486234454956,"diagnostic frontier point (training scenarios only); not a method, never a member"
1,SD-H0,0.01,SDH0_MAIN9,SD-H0,MAIN9,SDH0_MAIN9:M2[N=512]@alpha=0.01,M2_joint_chance_saa,M2_joint_chance_saa[N=512],entry,False,not_met,,,"SAA over the N training scenarios proven infeasible for every alpha_train of the declared grid (training scenarios only; not a population, field or whole-space statement)",main_reference_plan_domain,cp_upper,,,,,False,0,4,0,,,,no scored grid candidate with a ration (not a whole-space statement),512,frontier_no_feasible_solution_found_no_ration,0.0546875,0.15234375,,,,
1,SD-H0,0.01,SDH0_MAIN9,SD-H0,MAIN9,SDH0_MAIN9:M3a[factory box]@alpha=0.01,M3a_box_robust,M3a_box_robust,entry,False,not_met,,,no value of the declared grid met the validation screen (candidate statuses: proven_infeasible); a grid without a solution is not a statement about the whole decision space,main_reference_plan_domain,cp_upper,,,,,False,0,5,0,,,,no scored grid candidate with a ration (not a whole-space statement),1024,frontier_no_feasible_solution_found_no_ration,0.048828125,0.154296875,,,,
1,SD-H0,0.01,SDH0_MAIN9,SD-H0,MAIN9,SDH0_MAIN9:M3b[factory box]@alpha=0.01,M3b_budget_robust,M3b_budget_robust,entry,False,not_met,,,"no value of the declared grid met the validation screen (candidate statuses: optimal, proven_infeasible); a grid without a solution is not a statement about the whole decision space",main_reference_plan_domain,cp_upper,,,,,False,0,35,7,0.3563,0.3642575402571313,"gamma=1 {""k_box"": 1.5}",minimum attainable main-event rate_upper over the declared grid (descriptive; its cost is not a comparable cost),1024,frontier_no_feasible_solution_found_no_ration,0.048828125,0.154296875,,,,
1,SD-H0,0.01,SDS2_MAIN9,SD-S2,MAIN9,SDS2_MAIN9:M0,M0_nominal,M0_nominal,entry,True,,,optimal,,main_reference_plan_domain,cp_upper,0.8719,0.8719,0.8773665751076721,False,False,0,1,1,0.8719,0.8773665751076721,,minimum attainable main-event rate_upper over the declared grid (descriptive; its cost is not a comparable cost),1024,optimal,0.0,0.0,0.353,0.3532,0.361142731190239,"diagnostic frontier point (training scenarios only); not a method, never a member"
1,SD-H0,0.01,SDS2_MAIN9,SD-S2,MAIN9,"SDS2_MAIN9:M1[relative,apply_to_dm=False]@alpha=0.01",M1_safety_margin,M1_safety_margin[apply_to_dm=False],sensitivity_line,True,selected,k=0.075,optimal,,main_reference_plan_domain,cp_upper,0.4908,0.4908,0.49907408450301954,False,False,0,5,4,0.4908,0.49907408450301954,k=0.075,minimum attainable main-event rate_upper over the declared grid (descriptive; its cost is not a comparable cost),1024,optimal,0.0,0.0,0.353,0.3532,0.361142731190239,"diagnostic frontier point (training scenarios only); not a method, never a member"
1,SD-H0,0.01,SDS2_MAIN9,SD-S2,MAIN9,"SDS2_MAIN9:M1[relative,apply_to_dm=True]@alpha=0.01",M1_safety_margin,M1_safety_margin[apply_to_dm=True],entry,False,not_met,,,"no value of the declared grid met the validation screen (candidate statuses: optimal, proven_infeasible); a grid without a solution is not a statement about the whole decision space",main_reference_plan_domain,cp_upper,,,,,False,0,5,2,0.7428,0.7499866020723631,k=0.025,minimum attainable main-event rate_upper over the declared grid (descriptive; its cost is not a comparable cost),1024,optimal,0.0,0.0,0.353,0.3532,0.361142731190239,"diagnostic frontier point (training scenarios only); not a method, never a member"
1,SD-H0,0.01,SDS2_MAIN9,SD-S2,MAIN9,SDS2_MAIN9:M2[N=1024]@alpha=0.01,M2_joint_chance_saa,M2_joint_chance_saa[N=1024],entry,False,not_met,,,no value of the declared grid met the validation screen (candidate statuses: optimal); a grid without a solution is not a statement about the whole decision space,main_reference_plan_domain,cp_upper,,,,,False,0,4,4,0.2927,0.30027816175010386,alpha_train=0.0025,minimum attainable main-event rate_upper over the declared grid (descriptive; its cost is not a comparable cost),1024,optimal,0.0,0.0,0.353,0.3532,0.361142731190239,"diagnostic frontier point (training scenarios only); not a method, never a member"
1,SD-H0,0.01,SDS2_MAIN9,SD-S2,MAIN9,SDS2_MAIN9:M2[N=128]@alpha=0.01,M2_joint_chance_saa,M2_joint_chance_saa[N=128],entry,False,not_met,,,no value of the declared grid met the validation screen (candidate statuses: optimal); a grid without a solution is not a statement about the whole decision space,main_reference_plan_domain,cp_upper,,,,,False,0,4,4,0.4875,0.4957736171344153,alpha_train=0.01,minimum attainable main-event rate_upper over the declared grid (descriptive; its cost is not a comparable cost),128,optimal,0.0,0.0,0.4963,0.4964,0.5046740576176388,"diagnostic frontier point (training scenarios only); not a method, never a member"
1,SD-H0,0.01,SDS2_MAIN9,SD-S2,MAIN9,SDS2_MAIN9:M2[N=512]@alpha=0.01,M2_joint_chance_saa,M2_joint_chance_saa[N=512],entry,False,not_met,,,no value of the declared grid met the validation screen (candidate statuses: optimal); a grid without a solution is not a statement about the whole decision space,main_reference_plan_domain,cp_upper,,,,,False,0,4,4,0.3547,0.3626499419136609,alpha_train=0.0075,minimum attainable main-event rate_upper over the declared grid (descriptive; its cost is not a comparable cost),512,optimal,0.0,0.0,0.4738,0.4739,0.48216790518924446,"diagnostic frontier point (training scenarios only); not a method, never a member"
1,SD-H0,0.01,SDS2_MAIN9,SD-S2,MAIN9,SDS2_MAIN9:M3a[factory box]@alpha=0.01,M3a_box_robust,M3a_box_robust,entry,True,selected,k_box=1.5,optimal,,main_reference_plan_domain,cp_upper,0.3879,0.388,0.3960886721162605,False,False,0,5,3,0.325,0.33279111308544,k_box=2.0,minimum attainable main-event rate_upper over the declared grid (descriptive; its cost is not a comparable cost),1024,optimal,0.0,0.0,0.353,0.3532,0.361142731190239,"diagnostic frontier point (training scenarios only); not a method, never a member"
1,SD-H0,0.01,SDS2_MAIN9,SD-S2,MAIN9,"SDS2_MAIN9:M3b[factory box k=1.5, Gamma selected]@alpha=0.01",M3b_budget_robust,M3b_budget_robust,entry,True,selected,gamma=6,optimal,,main_reference_plan_domain,cp_upper,0.3879,0.388,0.3960886721162605,False,False,0,35,27,0.2998,0.307428733250221,"gamma=3 {""k_box"": 2.5}",minimum attainable main-event rate_upper over the declared grid (descriptive; its cost is not a comparable cost),1024,optimal,0.0,0.0,0.353,0.3532,0.361142731190239,"diagnostic frontier point (training scenarios only); not a method, never a member"
1,SD-H0,0.01,SDSRC12_MAIN9,SD-SRC12,MAIN9,SDSRC12_MAIN9:M0,M0_nominal,M0_nominal,entry,True,,,optimal,,main_reference_plan_domain,cp_upper,0.8719,0.8719,0.8773665751076721,False,False,0,1,1,0.8719,0.8773665751076721,,minimum attainable main-event rate_upper over the declared grid (descriptive; its cost is not a comparable cost),1024,frontier_no_feasible_solution_found_no_ration,0.017578125,0.021484375,,,,
1,SD-H0,0.01,SDSRC12_MAIN9,SD-SRC12,MAIN9,"SDSRC12_MAIN9:M1[relative,apply_to_dm=False]@alpha=0.01",M1_safety_margin,M1_safety_margin[apply_to_dm=False],sensitivity_line,False,not_met,,,"no value of the declared grid met the validation screen (candidate statuses: optimal, proven_infeasible); a grid without a solution is not a statement about the whole decision space",main_reference_plan_domain,cp_upper,,,,,False,0,5,4,0.4908,0.49907408450301954,k=0.075,minimum attainable main-event rate_upper over the declared grid (descriptive; its cost is not a comparable cost),1024,frontier_no_feasible_solution_found_no_ration,0.017578125,0.021484375,,,,
1,SD-H0,0.01,SDSRC12_MAIN9,SD-SRC12,MAIN9,"SDSRC12_MAIN9:M1[relative,apply_to_dm=True]@alpha=0.01",M1_safety_margin,M1_safety_margin[apply_to_dm=True],entry,False,not_met,,,"no value of the declared grid met the validation screen (candidate statuses: optimal, proven_infeasible); a grid without a solution is not a statement about the whole decision space",main_reference_plan_domain,cp_upper,,,,,False,0,5,2,0.7428,0.7499866020723631,k=0.025,minimum attainable main-event rate_upper over the declared grid (descriptive; its cost is not a comparable cost),1024,frontier_no_feasible_solution_found_no_ration,0.017578125,0.021484375,,,,
1,SD-H0,0.01,SDSRC12_MAIN9,SD-SRC12,MAIN9,SDSRC12_MAIN9:M2[N=1024]@alpha=0.01,M2_joint_chance_saa,M2_joint_chance_saa[N=1024],entry,False,not_met,,,"SAA over the N training scenarios proven infeasible for every alpha_train of the declared grid (training scenarios only; not a population, field or whole-space statement)",main_reference_plan_domain,cp_upper,,,,,False,0,4,0,,,,no scored grid candidate with a ration (not a whole-space statement),1024,frontier_no_feasible_solution_found_no_ration,0.017578125,0.021484375,,,,
1,SD-H0,0.01,SDSRC12_MAIN9,SD-SRC12,MAIN9,SDSRC12_MAIN9:M2[N=128]@alpha=0.01,M2_joint_chance_saa,M2_joint_chance_saa[N=128],entry,False,not_met,,,"no value of the declared grid met the validation screen (candidate statuses: optimal, proven_infeasible); a grid without a solution is not a statement about the whole decision space",main_reference_plan_domain,cp_upper,,,,,False,0,4,1,0.1767,0.1830931338382163,alpha_train=0.01,minimum attainable main-event rate_upper over the declared grid (descriptive; its cost is not a comparable cost),128,optimal,0.0078125,0.0078125,0.1764,0.1767,0.1830931338382163,"diagnostic frontier point (training scenarios only); not a method, never a member"
1,SD-H0,0.01,SDSRC12_MAIN9,SD-SRC12,MAIN9,SDSRC12_MAIN9:M2[N=512]@alpha=0.01,M2_joint_chance_saa,M2_joint_chance_saa[N=512],entry,False,not_met,,,"SAA over the N training scenarios proven infeasible for every alpha_train of the declared grid (training scenarios only; not a population, field or whole-space statement)",main_reference_plan_domain,cp_upper,,,,,False,0,4,0,,,,no scored grid candidate with a ration (not a whole-space statement),512,optimal,0.013671875,0.013671875,0.0986,0.099,0.10404933642164478,"diagnostic frontier point (training scenarios only); not a method, never a member"
1,SD-H0,0.01,SDSRC12_MAIN9,SD-SRC12,MAIN9,SDSRC12_MAIN9:M3a[factory box]@alpha=0.01,M3a_box_robust,M3a_box_robust,entry,False,not_met,,,no value of the declared grid met the validation screen (candidate statuses: proven_infeasible); a grid without a solution is not a statement about the whole decision space,main_reference_plan_domain,cp_upper,,,,,False,0,5,0,,,,no scored grid candidate with a ration (not a whole-space statement),1024,frontier_no_feasible_solution_found_no_ration,0.017578125,0.021484375,,,,
1,SD-H0,0.01,SDSRC12_MAIN9,SD-SRC12,MAIN9,SDSRC12_MAIN9:M3b[factory box]@alpha=0.01,M3b_budget_robust,M3b_budget_robust,entry,False,not_met,,,"no value of the declared grid met the validation screen (candidate statuses: optimal, proven_infeasible); a grid without a solution is not a statement about the whole decision space",main_reference_plan_domain,cp_upper,,,,,False,0,35,11,0.2365,0.24359581562004945,"gamma=4 {""k_box"": 1.0}",minimum attainable main-event rate_upper over the declared grid (descriptive; its cost is not a comparable cost),1024,frontier_no_feasible_solution_found_no_ration,0.017578125,0.021484375,,,,
1,SD-H0,0.01,SDSRC14_MAIN9,SD-SRC14,MAIN9,SDSRC14_MAIN9:M0,M0_nominal,M0_nominal,entry,True,,,optimal,,main_reference_plan_domain,cp_upper,0.8719,0.8719,0.8773665751076721,False,False,0,1,1,0.8719,0.8773665751076721,,minimum attainable main-event rate_upper over the declared grid (descriptive; its cost is not a comparable cost),1024,optimal,0.0,0.0,0.2767,0.2769,0.2843576553352515,"diagnostic frontier point (training scenarios only); not a method, never a member"
1,SD-H0,0.01,SDSRC14_MAIN9,SD-SRC14,MAIN9,"SDSRC14_MAIN9:M1[relative,apply_to_dm=False]@alpha=0.01",M1_safety_margin,M1_safety_margin[apply_to_dm=False],sensitivity_line,False,not_met,,,"no value of the declared grid met the validation screen (candidate statuses: optimal, proven_infeasible); a grid without a solution is not a statement about the whole decision space",main_reference_plan_domain,cp_upper,,,,,False,0,5,4,0.4908,0.49907408450301954,k=0.075,minimum attainable main-event rate_upper over the declared grid (descriptive; its cost is not a comparable cost),1024,optimal,0.0,0.0,0.2767,0.2769,0.2843576553352515,"diagnostic frontier point (training scenarios only); not a method, never a member"
1,SD-H0,0.01,SDSRC14_MAIN9,SD-SRC14,MAIN9,"SDSRC14_MAIN9:M1[relative,apply_to_dm=True]@alpha=0.01",M1_safety_margin,M1_safety_margin[apply_to_dm=True],entry,False,not_met,,,"no value of the declared grid met the validation screen (candidate statuses: optimal, proven_infeasible); a grid without a solution is not a statement about the whole decision space",main_reference_plan_domain,cp_upper,,,,,False,0,5,2,0.7428,0.7499866020723631,k=0.025,minimum attainable main-event rate_upper over the declared grid (descriptive; its cost is not a comparable cost),1024,optimal,0.0,0.0,0.2767,0.2769,0.2843576553352515,"diagnostic frontier point (training scenarios only); not a method, never a member"
1,SD-H0,0.01,SDSRC14_MAIN9,SD-SRC14,MAIN9,SDSRC14_MAIN9:M2[N=1024]@alpha=0.01,M2_joint_chance_saa,M2_joint_chance_saa[N=1024],entry,True,selected,alpha_train=0.0025,optimal,,main_reference_plan_domain,cp_upper,0.2479,0.2482,0.2554089891582392,False,False,0,4,4,0.1881,0.1946448657164676,alpha_train=0.0075,minimum attainable main-event rate_upper over the declared grid (descriptive; its cost is not a comparable cost),1024,optimal,0.0,0.0,0.2767,0.2769,0.2843576553352515,"diagnostic frontier point (training scenarios only); not a method, never a member"
1,SD-H0,0.01,SDSRC14_MAIN9,SD-SRC14,MAIN9,SDSRC14_MAIN9:M2[N=128]@alpha=0.01,M2_joint_chance_saa,M2_joint_chance_saa[N=128],entry,False,not_met,,,no value of the declared grid met the validation screen (candidate statuses: optimal); a grid without a solution is not a statement about the whole decision space,main_reference_plan_domain,cp_upper,,,,,False,0,4,4,0.1167,0.12211378355919934,alpha_train=0.01,minimum attainable main-event rate_upper over the declared grid (descriptive; its cost is not a comparable cost),128,optimal,0.0,0.0,0.1553,0.1557,0.16178782397605931,"diagnostic frontier point (training scenarios only); not a method, never a member"
1,SD-H0,0.01,SDSRC14_MAIN9,SD-SRC14,MAIN9,SDSRC14_MAIN9:M2[N=512]@alpha=0.01,M2_joint_chance_saa,M2_joint_chance_saa[N=512],entry,False,not_met,,,no value of the declared grid met the validation screen (candidate statuses: optimal); a grid without a solution is not a statement about the whole decision space,main_reference_plan_domain,cp_upper,,,,,False,0,4,4,0.1519,0.1579286833393563,alpha_train=0.0075,minimum attainable main-event rate_upper over the declared grid (descriptive; its cost is not a comparable cost),512,optimal,0.0,0.0,0.2493,0.2495,0.25672112685807336,"diagnostic frontier point (training scenarios only); not a method, never a member"
1,SD-H0,0.01,SDSRC14_MAIN9,SD-SRC14,MAIN9,SDSRC14_MAIN9:M3a[factory box]@alpha=0.01,M3a_box_robust,M3a_box_robust,entry,False,not_met,,,"no value of the declared grid met the validation screen (candidate statuses: optimal, proven_infeasible); a grid without a solution is not a statement about the whole decision space",main_reference_plan_domain,cp_upper,,,,,False,0,5,1,0.3122,0.31991191287692367,k_box=1.0,minimum attainable main-event rate_upper over the declared grid (descriptive; its cost is not a comparable cost),1024,optimal,0.0,0.0,0.2767,0.2769,0.2843576553352515,"diagnostic frontier point (training scenarios only); not a method, never a member"
1,SD-H0,0.01,SDSRC14_MAIN9,SD-SRC14,MAIN9,"SDSRC14_MAIN9:M3b[factory box k=1.5, Gamma selected]@alpha=0.01",M3b_budget_robust,M3b_budget_robust,entry,True,selected,gamma=4,optimal,,main_reference_plan_domain,cp_upper,0.285,0.2852,0.2927223507104722,False,False,0,35,19,0.2616,0.2689300458929402,"gamma=3 {""k_box"": 1.5}",minimum attainable main-event rate_upper over the declared grid (descriptive; its cost is not a comparable cost),1024,optimal,0.0,0.0,0.2767,0.2769,0.2843576553352515,"diagnostic frontier point (training scenarios only); not a method, never a member"
1,SD-S2,0.05,SD12MO_MAIN9,SD-12MO,MAIN9,SD12MO_MAIN9:M0,M0_nominal,M0_nominal,entry,True,,,optimal,,main_reference_plan_domain,cp_upper,0.8032,0.8032,0.8097237760937208,False,False,11,1,1,0.8032,0.8097237760937208,,minimum attainable main-event rate_upper over the declared grid (descriptive; its cost is not a comparable cost),1024,optimal,0.0,0.0,0.003,0.003,0.004066874992626077,"diagnostic frontier point (training scenarios only); not a method, never a member"
1,SD-S2,0.05,SD12MO_MAIN9,SD-12MO,MAIN9,"SD12MO_MAIN9:M1[relative,apply_to_dm=False]@alpha=0.05",M1_safety_margin,M1_safety_margin[apply_to_dm=False],sensitivity_line,False,not_met,,,"no value of the declared grid met the validation screen (candidate statuses: optimal, proven_infeasible); a grid without a solution is not a statement about the whole decision space",main_reference_plan_domain,cp_upper,,,,,False,11,5,4,0.0067,0.008204600723855685,k=0.075,minimum attainable main-event rate_upper over the declared grid (descriptive; its cost is not a comparable cost),1024,optimal,0.0,0.0,0.003,0.003,0.004066874992626077,"diagnostic frontier point (training scenarios only); not a method, never a member"
1,SD-S2,0.05,SD12MO_MAIN9,SD-12MO,MAIN9,"SD12MO_MAIN9:M1[relative,apply_to_dm=True]@alpha=0.05",M1_safety_margin,M1_safety_margin[apply_to_dm=True],entry,False,not_met,,,"no value of the declared grid met the validation screen (candidate statuses: optimal, proven_infeasible); a grid without a solution is not a statement about the whole decision space",main_reference_plan_domain,cp_upper,,,,,False,11,5,2,0.3631,0.3710887677172029,k=0.025,minimum attainable main-event rate_upper over the declared grid (descriptive; its cost is not a comparable cost),1024,optimal,0.0,0.0,0.003,0.003,0.004066874992626077,"diagnostic frontier point (training scenarios only); not a method, never a member"
1,SD-S2,0.05,SD12MO_MAIN9,SD-12MO,MAIN9,SD12MO_MAIN9:M2[N=1024]@alpha=0.05,M2_joint_chance_saa,M2_joint_chance_saa[N=1024],entry,True,selected,alpha_train=0.025,feasible_time_limit,,main_reference_plan_domain,cp_upper,0.0254,0.0254,0.02814281748913582,True,True,11,4,4,0.0106,0.012444792426363378,alpha_train=0.0125,minimum attainable main-event rate_upper over the declared grid (descriptive; its cost is not a comparable cost),1024,optimal,0.0,0.0,0.003,0.003,0.004066874992626077,"diagnostic frontier point (training scenarios only); not a method, never a member"
1,SD-S2,0.05,SD12MO_MAIN9,SD-12MO,MAIN9,SD12MO_MAIN9:M2[N=128]@alpha=0.05,M2_joint_chance_saa,M2_joint_chance_saa[N=128],entry,False,not_met,,,no value of the declared grid met the validation screen (candidate statuses: optimal); a grid without a solution is not a statement about the whole decision space,main_reference_plan_domain,cp_upper,,,,,False,11,4,4,0.0452,0.048766563419588446,alpha_train=0.025,minimum attainable main-event rate_upper over the declared grid (descriptive; its cost is not a comparable cost),128,optimal,0.0,0.0,0.0364,0.0364,0.039632314691712224,"diagnostic frontier point (training scenarios only); not a method, never a member"
1,SD-S2,0.05,SD12MO_MAIN9,SD-12MO,MAIN9,SD12MO_MAIN9:M2[N=512]@alpha=0.05,M2_joint_chance_saa,M2_joint_chance_saa[N=512],entry,True,selected,alpha_train=0.0125,optimal,,main_reference_plan_domain,cp_upper,0.0274,0.0274,0.030239426209546304,True,True,11,4,4,0.0274,0.030239426209546304,alpha_train=0.0125,minimum attainable main-event rate_upper over the declared grid (descriptive; its cost is not a comparable cost),512,optimal,0.0,0.0,0.0179,0.0179,0.020238157695856317,"diagnostic frontier point (training scenarios only); not a method, never a member"
1,SD-S2,0.05,SD12MO_MAIN9,SD-12MO,MAIN9,SD12MO_MAIN9:M3a[factory box]@alpha=0.05,M3a_box_robust,M3a_box_robust,entry,False,not_met,,,"no value of the declared grid met the validation screen (candidate statuses: optimal, proven_infeasible); a grid without a solution is not a statement about the whole decision space",main_reference_plan_domain,cp_upper,,,,,False,11,5,1,0.2095,0.21630596816578748,k_box=1.0,minimum attainable main-event rate_upper over the declared grid (descriptive; its cost is not a comparable cost),1024,optimal,0.0,0.0,0.003,0.003,0.004066874992626077,"diagnostic frontier point (training scenarios only); not a method, never a member"
1,SD-S2,0.05,SD12MO_MAIN9,SD-12MO,MAIN9,"SD12MO_MAIN9:M3b[factory box k=3, Gamma selected]@alpha=0.05",M3b_budget_robust,M3b_budget_robust,entry,True,selected,gamma=1,optimal,,main_reference_plan_domain,cp_upper,0.0109,0.0109,0.012768052748568692,True,True,11,35,18,0.0014,0.0021877855042221226,"gamma=4 {""k_box"": 1.5}",minimum attainable main-event rate_upper over the declared grid (descriptive; its cost is not a comparable cost),1024,optimal,0.0,0.0,0.003,0.003,0.004066874992626077,"diagnostic frontier point (training scenarios only); not a method, never a member"
1,SD-S2,0.05,SDH0_MAIN9,SD-H0,MAIN9,SDH0_MAIN9:M0,M0_nominal,M0_nominal,entry,True,,,optimal,,main_reference_plan_domain,cp_upper,0.8032,0.8032,0.8097237760937208,False,False,11,1,1,0.8032,0.8097237760937208,,minimum attainable main-event rate_upper over the declared grid (descriptive; its cost is not a comparable cost),1024,frontier_no_feasible_solution_found_no_ration,0.048828125,0.154296875,,,,
1,SD-S2,0.05,SDH0_MAIN9,SD-H0,MAIN9,"SDH0_MAIN9:M1[relative,apply_to_dm=False]@alpha=0.05",M1_safety_margin,M1_safety_margin[apply_to_dm=False],sensitivity_line,False,not_met,,,"no value of the declared grid met the validation screen (candidate statuses: optimal, proven_infeasible); a grid without a solution is not a statement about the whole decision space",main_reference_plan_domain,cp_upper,,,,,False,11,5,4,0.0067,0.008204600723855685,k=0.075,minimum attainable main-event rate_upper over the declared grid (descriptive; its cost is not a comparable cost),1024,frontier_no_feasible_solution_found_no_ration,0.048828125,0.154296875,,,,
1,SD-S2,0.05,SDH0_MAIN9,SD-H0,MAIN9,"SDH0_MAIN9:M1[relative,apply_to_dm=True]@alpha=0.05",M1_safety_margin,M1_safety_margin[apply_to_dm=True],entry,False,not_met,,,"no value of the declared grid met the validation screen (candidate statuses: optimal, proven_infeasible); a grid without a solution is not a statement about the whole decision space",main_reference_plan_domain,cp_upper,,,,,False,11,5,2,0.3631,0.3710887677172029,k=0.025,minimum attainable main-event rate_upper over the declared grid (descriptive; its cost is not a comparable cost),1024,frontier_no_feasible_solution_found_no_ration,0.048828125,0.154296875,,,,
1,SD-S2,0.05,SDH0_MAIN9,SD-H0,MAIN9,SDH0_MAIN9:M2[N=1024]@alpha=0.05,M2_joint_chance_saa,M2_joint_chance_saa[N=1024],entry,False,not_met,,,"SAA over the N training scenarios proven infeasible for every alpha_train of the declared grid (training scenarios only; not a population, field or whole-space statement)",main_reference_plan_domain,cp_upper,,,,,False,11,4,0,,,,no scored grid candidate with a ration (not a whole-space statement),1024,frontier_no_feasible_solution_found_no_ration,0.048828125,0.154296875,,,,
1,SD-S2,0.05,SDH0_MAIN9,SD-H0,MAIN9,SDH0_MAIN9:M2[N=128]@alpha=0.05,M2_joint_chance_saa,M2_joint_chance_saa[N=128],entry,False,not_met,,,"SAA over the N training scenarios proven infeasible for every alpha_train of the declared grid (training scenarios only; not a population, field or whole-space statement)",main_reference_plan_domain,cp_upper,,,,,False,11,4,0,,,,no scored grid candidate with a ration (not a whole-space statement),128,optimal,0.1015625,0.1015625,0.0,0.0,0.00029952835977661195,"diagnostic frontier point (training scenarios only); not a method, never a member"
1,SD-S2,0.05,SDH0_MAIN9,SD-H0,MAIN9,SDH0_MAIN9:M2[N=512]@alpha=0.05,M2_joint_chance_saa,M2_joint_chance_saa[N=512],entry,False,not_met,,,"SAA over the N training scenarios proven infeasible for every alpha_train of the declared grid (training scenarios only; not a population, field or whole-space statement)",main_reference_plan_domain,cp_upper,,,,,False,11,4,0,,,,no scored grid candidate with a ration (not a whole-space statement),512,frontier_no_feasible_solution_found_no_ration,0.0546875,0.15234375,,,,
1,SD-S2,0.05,SDH0_MAIN9,SD-H0,MAIN9,SDH0_MAIN9:M3a[factory box]@alpha=0.05,M3a_box_robust,M3a_box_robust,entry,False,not_met,,,no value of the declared grid met the validation screen (candidate statuses: proven_infeasible); a grid without a solution is not a statement about the whole decision space,main_reference_plan_domain,cp_upper,,,,,False,11,5,0,,,,no scored grid candidate with a ration (not a whole-space statement),1024,frontier_no_feasible_solution_found_no_ration,0.048828125,0.154296875,,,,
1,SD-S2,0.05,SDH0_MAIN9,SD-H0,MAIN9,SDH0_MAIN9:M3b[factory box]@alpha=0.05,M3b_budget_robust,M3b_budget_robust,entry,False,not_met,,,"no value of the declared grid met the validation screen (candidate statuses: optimal, proven_infeasible); a grid without a solution is not a statement about the whole decision space",main_reference_plan_domain,cp_upper,,,,,False,11,35,7,0.007,0.008533874102002235,"gamma=1 {""k_box"": 1.5}",minimum attainable main-event rate_upper over the declared grid (descriptive; its cost is not a comparable cost),1024,frontier_no_feasible_solution_found_no_ration,0.048828125,0.154296875,,,,
1,SD-S2,0.05,SDS2_MAIN9,SD-S2,MAIN9,SDS2_MAIN9:M0,M0_nominal,M0_nominal,entry,True,,,optimal,,main_reference_plan_domain,cp_upper,0.8032,0.8032,0.8097237760937208,False,False,11,1,1,0.8032,0.8097237760937208,,minimum attainable main-event rate_upper over the declared grid (descriptive; its cost is not a comparable cost),1024,optimal,0.0,0.0,0.005,0.005,0.006324499770793831,"diagnostic frontier point (training scenarios only); not a method, never a member"
1,SD-S2,0.05,SDS2_MAIN9,SD-S2,MAIN9,"SDS2_MAIN9:M1[relative,apply_to_dm=False]@alpha=0.05",M1_safety_margin,M1_safety_margin[apply_to_dm=False],sensitivity_line,True,selected,k=0.075,optimal,,main_reference_plan_domain,cp_upper,0.0067,0.0067,0.008204600723855685,True,False,11,5,4,0.0067,0.008204600723855685,k=0.075,minimum attainable main-event rate_upper over the declared grid (descriptive; its cost is not a comparable cost),1024,optimal,0.0,0.0,0.005,0.005,0.006324499770793831,"diagnostic frontier point (training scenarios only); not a method, never a member"
1,SD-S2,0.05,SDS2_MAIN9,SD-S2,MAIN9,"SDS2_MAIN9:M1[relative,apply_to_dm=True]@alpha=0.05",M1_safety_margin,M1_safety_margin[apply_to_dm=True],entry,False,not_met,,,"no value of the declared grid met the validation screen (candidate statuses: optimal, proven_infeasible); a grid without a solution is not a statement about the whole decision space",main_reference_plan_domain,cp_upper,,,,,False,11,5,2,0.3631,0.3710887677172029,k=0.025,minimum attainable main-event rate_upper over the declared grid (descriptive; its cost is not a comparable cost),1024,optimal,0.0,0.0,0.005,0.005,0.006324499770793831,"diagnostic frontier point (training scenarios only); not a method, never a member"
1,SD-S2,0.05,SDS2_MAIN9,SD-S2,MAIN9,SDS2_MAIN9:M2[N=1024]@alpha=0.05,M2_joint_chance_saa,M2_joint_chance_saa[N=1024],entry,True,selected,alpha_train=0.025,feasible_time_limit,,main_reference_plan_domain,cp_upper,0.0221,0.0221,0.024673954784187043,True,True,11,4,4,0.0126,0.014594035208312922,alpha_train=0.0125,minimum attainable main-event rate_upper over the declared grid (descriptive; its cost is not a comparable cost),1024,optimal,0.0,0.0,0.005,0.005,0.006324499770793831,"diagnostic frontier point (training scenarios only); not a method, never a member"
1,SD-S2,0.05,SDS2_MAIN9,SD-S2,MAIN9,SDS2_MAIN9:M2[N=128]@alpha=0.05,M2_joint_chance_saa,M2_joint_chance_saa[N=128],entry,False,not_met,,,no value of the declared grid met the validation screen (candidate statuses: optimal); a grid without a solution is not a statement about the whole decision space,main_reference_plan_domain,cp_upper,,,,,False,11,4,4,0.0462,0.049802094421719074,alpha_train=0.025,minimum attainable main-event rate_upper over the declared grid (descriptive; its cost is not a comparable cost),128,optimal,0.0,0.0,0.0403,0.0403,0.04368555617409089,"diagnostic frontier point (training scenarios only); not a method, never a member"
1,SD-S2,0.05,SDS2_MAIN9,SD-S2,MAIN9,SDS2_MAIN9:M2[N=512]@alpha=0.05,M2_joint_chance_saa,M2_joint_chance_saa[N=512],entry,True,selected,alpha_train=0.0125,optimal,,main_reference_plan_domain,cp_upper,0.0277,0.0277,0.030553582516690478,True,True,11,4,4,0.0277,0.030553582516690478,alpha_train=0.0125,minimum attainable main-event rate_upper over the declared grid (descriptive; its cost is not a comparable cost),512,optimal,0.0,0.0,0.0209,0.0209,0.0234092178625567,"diagnostic frontier point (training scenarios only); not a method, never a member"
1,SD-S2,0.05,SDS2_MAIN9,SD-S2,MAIN9,SDS2_MAIN9:M3a[factory box]@alpha=0.05,M3a_box_robust,M3a_box_robust,entry,True,selected,k_box=1.5,optimal,,main_reference_plan_domain,cp_upper,0.0033,0.0033,0.004410052749836001,True,True,11,5,3,0.0001,0.0004742976591654368,k_box=2.0,minimum attainable main-event rate_upper over the declared grid (descriptive; its cost is not a comparable cost),1024,optimal,0.0,0.0,0.005,0.005,0.006324499770793831,"diagnostic frontier point (training scenarios only); not a method, never a member"
1,SD-S2,0.05,SDS2_MAIN9,SD-S2,MAIN9,"SDS2_MAIN9:M3b[factory box k=1.5, Gamma selected]@alpha=0.05",M3b_budget_robust,M3b_budget_robust,entry,True,selected,gamma=3,optimal,,main_reference_plan_domain,cp_upper,0.0239,0.0239,0.026567624122528156,True,True,11,35,27,0.0001,0.0004742976591654368,"gamma=5 {""k_box"": 2.0}",minimum attainable main-event rate_upper over the declared grid (descriptive; its cost is not a comparable cost),1024,optimal,0.0,0.0,0.005,0.005,0.006324499770793831,"diagnostic frontier point (training scenarios only); not a method, never a member"
1,SD-S2,0.05,SDSRC12_MAIN9,SD-SRC12,MAIN9,SDSRC12_MAIN9:M0,M0_nominal,M0_nominal,entry,True,,,optimal,,main_reference_plan_domain,cp_upper,0.8032,0.8032,0.8097237760937208,False,False,11,1,1,0.8032,0.8097237760937208,,minimum attainable main-event rate_upper over the declared grid (descriptive; its cost is not a comparable cost),1024,frontier_no_feasible_solution_found_no_ration,0.017578125,0.021484375,,,,
1,SD-S2,0.05,SDSRC12_MAIN9,SD-SRC12,MAIN9,"SDSRC12_MAIN9:M1[relative,apply_to_dm=False]@alpha=0.05",M1_safety_margin,M1_safety_margin[apply_to_dm=False],sensitivity_line,False,not_met,,,"no value of the declared grid met the validation screen (candidate statuses: optimal, proven_infeasible); a grid without a solution is not a statement about the whole decision space",main_reference_plan_domain,cp_upper,,,,,False,11,5,4,0.0067,0.008204600723855685,k=0.075,minimum attainable main-event rate_upper over the declared grid (descriptive; its cost is not a comparable cost),1024,frontier_no_feasible_solution_found_no_ration,0.017578125,0.021484375,,,,
1,SD-S2,0.05,SDSRC12_MAIN9,SD-SRC12,MAIN9,"SDSRC12_MAIN9:M1[relative,apply_to_dm=True]@alpha=0.05",M1_safety_margin,M1_safety_margin[apply_to_dm=True],entry,False,not_met,,,"no value of the declared grid met the validation screen (candidate statuses: optimal, proven_infeasible); a grid without a solution is not a statement about the whole decision space",main_reference_plan_domain,cp_upper,,,,,False,11,5,2,0.3631,0.3710887677172029,k=0.025,minimum attainable main-event rate_upper over the declared grid (descriptive; its cost is not a comparable cost),1024,frontier_no_feasible_solution_found_no_ration,0.017578125,0.021484375,,,,
1,SD-S2,0.05,SDSRC12_MAIN9,SD-SRC12,MAIN9,SDSRC12_MAIN9:M2[N=1024]@alpha=0.05,M2_joint_chance_saa,M2_joint_chance_saa[N=1024],entry,True,selected,alpha_train=0.0375,feasible_time_limit,,main_reference_plan_domain,cp_upper,0.0,0.0,0.00029952835977661195,True,True,11,4,3,0.0,0.00029952835977661195,alpha_train=0.05,minimum attainable main-event rate_upper over the declared grid (descriptive; its cost is not a comparable cost),1024,frontier_no_feasible_solution_found_no_ration,0.017578125,0.021484375,,,,
1,SD-S2,0.05,SDSRC12_MAIN9,SD-SRC12,MAIN9,SDSRC12_MAIN9:M2[N=128]@alpha=0.05,M2_joint_chance_saa,M2_joint_chance_saa[N=128],entry,False,not_met,,,no value of the declared grid met the validation screen (candidate statuses: optimal); a grid without a solution is not a statement about the whole decision space,main_reference_plan_domain,cp_upper,,,,,False,11,4,4,0.0,0.00029952835977661195,alpha_train=0.0375,minimum attainable main-event rate_upper over the declared grid (descriptive; its cost is not a comparable cost),128,optimal,0.0078125,0.0078125,0.0002,0.0002,0.0006294441486871455,"diagnostic frontier point (training scenarios only); not a method, never a member"
1,SD-S2,0.05,SDSRC12_MAIN9,SD-SRC12,MAIN9,SDSRC12_MAIN9:M2[N=512]@alpha=0.05,M2_joint_chance_saa,M2_joint_chance_saa[N=512],entry,False,not_met,,,"no value of the declared grid met the validation screen (candidate statuses: feasible_time_limit, optimal, proven_infeasible); a grid without a solution is not a statement about the whole decision space",main_reference_plan_domain,cp_upper,,,,,False,11,4,3,0.0,0.00029952835977661195,alpha_train=0.05,minimum attainable main-event rate_upper over the declared grid (descriptive; its cost is not a comparable cost),512,optimal,0.013671875,0.013671875,0.0,0.0,0.00029952835977661195,"diagnostic frontier point (training scenarios only); not a method, never a member"
1,SD-S2,0.05,SDSRC12_MAIN9,SD-SRC12,MAIN9,SDSRC12_MAIN9:M3a[factory box]@alpha=0.05,M3a_box_robust,M3a_box_robust,entry,False,not_met,,,no value of the declared grid met the validation screen (candidate statuses: proven_infeasible); a grid without a solution is not a statement about the whole decision space,main_reference_plan_domain,cp_upper,,,,,False,11,5,0,,,,no scored grid candidate with a ration (not a whole-space statement),1024,frontier_no_feasible_solution_found_no_ration,0.017578125,0.021484375,,,,
1,SD-S2,0.05,SDSRC12_MAIN9,SD-SRC12,MAIN9,SDSRC12_MAIN9:M3b[factory box]@alpha=0.05,M3b_budget_robust,M3b_budget_robust,entry,False,not_met,,,"no value of the declared grid met the validation screen (candidate statuses: optimal, proven_infeasible); a grid without a solution is not a statement about the whole decision space",main_reference_plan_domain,cp_upper,,,,,False,11,35,11,0.0002,0.0006294441486871455,"gamma=4 {""k_box"": 1.0}",minimum attainable main-event rate_upper over the declared grid (descriptive; its cost is not a comparable cost),1024,frontier_no_feasible_solution_found_no_ration,0.017578125,0.021484375,,,,
1,SD-S2,0.05,SDSRC14_MAIN9,SD-SRC14,MAIN9,SDSRC14_MAIN9:M0,M0_nominal,M0_nominal,entry,True,,,optimal,,main_reference_plan_domain,cp_upper,0.8032,0.8032,0.8097237760937208,False,False,11,1,1,0.8032,0.8097237760937208,,minimum attainable main-event rate_upper over the declared grid (descriptive; its cost is not a comparable cost),1024,optimal,0.0,0.0,0.0,0.0,0.00029952835977661195,"diagnostic frontier point (training scenarios only); not a method, never a member"
1,SD-S2,0.05,SDSRC14_MAIN9,SD-SRC14,MAIN9,"SDSRC14_MAIN9:M1[relative,apply_to_dm=False]@alpha=0.05",M1_safety_margin,M1_safety_margin[apply_to_dm=False],sensitivity_line,False,not_met,,,"no value of the declared grid met the validation screen (candidate statuses: optimal, proven_infeasible); a grid without a solution is not a statement about the whole decision space",main_reference_plan_domain,cp_upper,,,,,False,11,5,4,0.0067,0.008204600723855685,k=0.075,minimum attainable main-event rate_upper over the declared grid (descriptive; its cost is not a comparable cost),1024,optimal,0.0,0.0,0.0,0.0,0.00029952835977661195,"diagnostic frontier point (training scenarios only); not a method, never a member"
1,SD-S2,0.05,SDSRC14_MAIN9,SD-SRC14,MAIN9,"SDSRC14_MAIN9:M1[relative,apply_to_dm=True]@alpha=0.05",M1_safety_margin,M1_safety_margin[apply_to_dm=True],entry,False,not_met,,,"no value of the declared grid met the validation screen (candidate statuses: optimal, proven_infeasible); a grid without a solution is not a statement about the whole decision space",main_reference_plan_domain,cp_upper,,,,,False,11,5,2,0.3631,0.3710887677172029,k=0.025,minimum attainable main-event rate_upper over the declared grid (descriptive; its cost is not a comparable cost),1024,optimal,0.0,0.0,0.0,0.0,0.00029952835977661195,"diagnostic frontier point (training scenarios only); not a method, never a member"
1,SD-S2,0.05,SDSRC14_MAIN9,SD-SRC14,MAIN9,SDSRC14_MAIN9:M2[N=1024]@alpha=0.05,M2_joint_chance_saa,M2_joint_chance_saa[N=1024],entry,True,selected,alpha_train=0.0375,feasible_time_limit,,main_reference_plan_domain,cp_upper,0.0,0.0,0.00029952835977661195,True,True,11,4,4,0.0,0.00029952835977661195,alpha_train=0.05,minimum attainable main-event rate_upper over the declared grid (descriptive; its cost is not a comparable cost),1024,optimal,0.0,0.0,0.0,0.0,0.00029952835977661195,"diagnostic frontier point (training scenarios only); not a method, never a member"
1,SD-S2,0.05,SDSRC14_MAIN9,SD-SRC14,MAIN9,SDSRC14_MAIN9:M2[N=128]@alpha=0.05,M2_joint_chance_saa,M2_joint_chance_saa[N=128],entry,False,not_met,,,no value of the declared grid met the validation screen (candidate statuses: optimal); a grid without a solution is not a statement about the whole decision space,main_reference_plan_domain,cp_upper,,,,,False,11,4,4,0.0,0.00029952835977661195,alpha_train=0.05,minimum attainable main-event rate_upper over the declared grid (descriptive; its cost is not a comparable cost),128,optimal,0.0,0.0,0.0,0.0,0.00029952835977661195,"diagnostic frontier point (training scenarios only); not a method, never a member"
1,SD-S2,0.05,SDSRC14_MAIN9,SD-SRC14,MAIN9,SDSRC14_MAIN9:M2[N=512]@alpha=0.05,M2_joint_chance_saa,M2_joint_chance_saa[N=512],entry,True,selected,alpha_train=0.025,optimal,,main_reference_plan_domain,cp_upper,0.0,0.0,0.00029952835977661195,True,True,11,4,4,0.0,0.00029952835977661195,alpha_train=0.05,minimum attainable main-event rate_upper over the declared grid (descriptive; its cost is not a comparable cost),512,optimal,0.0,0.0,0.0,0.0,0.00029952835977661195,"diagnostic frontier point (training scenarios only); not a method, never a member"
1,SD-S2,0.05,SDSRC14_MAIN9,SD-SRC14,MAIN9,SDSRC14_MAIN9:M3a[factory box]@alpha=0.05,M3a_box_robust,M3a_box_robust,entry,False,not_met,,,"no value of the declared grid met the validation screen (candidate statuses: optimal, proven_infeasible); a grid without a solution is not a statement about the whole decision space",main_reference_plan_domain,cp_upper,,,,,False,11,5,1,0.0001,0.0004742976591654368,k_box=1.0,minimum attainable main-event rate_upper over the declared grid (descriptive; its cost is not a comparable cost),1024,optimal,0.0,0.0,0.0,0.0,0.00029952835977661195,"diagnostic frontier point (training scenarios only); not a method, never a member"
1,SD-S2,0.05,SDSRC14_MAIN9,SD-SRC14,MAIN9,"SDSRC14_MAIN9:M3b[factory box k=1.5, Gamma selected]@alpha=0.05",M3b_budget_robust,M3b_budget_robust,entry,True,selected,gamma=3,optimal,,main_reference_plan_domain,cp_upper,0.0,0.0,0.00029952835977661195,True,True,11,35,19,0.0,0.00029952835977661195,"gamma=3 {""k_box"": 1.5}",minimum attainable main-event rate_upper over the declared grid (descriptive; its cost is not a comparable cost),1024,optimal,0.0,0.0,0.0,0.0,0.00029952835977661195,"diagnostic frontier point (training scenarios only); not a method, never a member"
1,SD-S2,0.1,SD12MO_MAIN9,SD-12MO,MAIN9,SD12MO_MAIN9:M0,M0_nominal,M0_nominal,entry,True,,,optimal,,main_reference_plan_domain,cp_upper,0.8032,0.8032,0.8097237760937208,False,False,14,1,1,0.8032,0.8097237760937208,,minimum attainable main-event rate_upper over the declared grid (descriptive; its cost is not a comparable cost),1024,optimal,0.0,0.0,0.003,0.003,0.004066874992626077,"diagnostic frontier point (training scenarios only); not a method, never a member"
1,SD-S2,0.1,SD12MO_MAIN9,SD-12MO,MAIN9,"SD12MO_MAIN9:M1[relative,apply_to_dm=False]@alpha=0.1",M1_safety_margin,M1_safety_margin[apply_to_dm=False],sensitivity_line,True,selected,k=0.075,optimal,,main_reference_plan_domain,cp_upper,0.0067,0.0067,0.008204600723855685,True,False,14,5,4,0.0067,0.008204600723855685,k=0.075,minimum attainable main-event rate_upper over the declared grid (descriptive; its cost is not a comparable cost),1024,optimal,0.0,0.0,0.003,0.003,0.004066874992626077,"diagnostic frontier point (training scenarios only); not a method, never a member"
1,SD-S2,0.1,SD12MO_MAIN9,SD-12MO,MAIN9,"SD12MO_MAIN9:M1[relative,apply_to_dm=True]@alpha=0.1",M1_safety_margin,M1_safety_margin[apply_to_dm=True],entry,False,not_met,,,"no value of the declared grid met the validation screen (candidate statuses: optimal, proven_infeasible); a grid without a solution is not a statement about the whole decision space",main_reference_plan_domain,cp_upper,,,,,False,14,5,2,0.3631,0.3710887677172029,k=0.025,minimum attainable main-event rate_upper over the declared grid (descriptive; its cost is not a comparable cost),1024,optimal,0.0,0.0,0.003,0.003,0.004066874992626077,"diagnostic frontier point (training scenarios only); not a method, never a member"
1,SD-S2,0.1,SD12MO_MAIN9,SD-12MO,MAIN9,SD12MO_MAIN9:M2[N=1024]@alpha=0.1,M2_joint_chance_saa,M2_joint_chance_saa[N=1024],entry,True,selected,alpha_train=0.075,feasible_time_limit,,main_reference_plan_domain,cp_upper,0.0551,0.0551,0.05900020113936131,True,True,14,4,4,0.0254,0.02814281748913582,alpha_train=0.025,minimum attainable main-event rate_upper over the declared grid (descriptive; its cost is not a comparable cost),1024,optimal,0.0,0.0,0.003,0.003,0.004066874992626077,"diagnostic frontier point (training scenarios only); not a method, never a member"
1,SD-S2,0.1,SD12MO_MAIN9,SD-12MO,MAIN9,SD12MO_MAIN9:M2[N=128]@alpha=0.1,M2_joint_chance_saa,M2_joint_chance_saa[N=128],entry,False,not_met,,,no value of the declared grid met the validation screen (candidate statuses: optimal); a grid without a solution is not a statement about the whole decision space,main_reference_plan_domain,cp_upper,,,,,False,14,4,4,0.0452,0.048766563419588446,alpha_train=0.025,minimum attainable main-event rate_upper over the declared grid (descriptive; its cost is not a comparable cost),128,optimal,0.0,0.0,0.0364,0.0364,0.039632314691712224,"diagnostic frontier point (training scenarios only); not a method, never a member"
1,SD-S2,0.1,SD12MO_MAIN9,SD-12MO,MAIN9,SD12MO_MAIN9:M2[N=512]@alpha=0.1,M2_joint_chance_saa,M2_joint_chance_saa[N=512],entry,True,selected,alpha_train=0.025,optimal,,main_reference_plan_domain,cp_upper,0.0469,0.0469,0.050526701424478,True,True,14,4,4,0.0469,0.050526701424478,alpha_train=0.025,minimum attainable main-event rate_upper over the declared grid (descriptive; its cost is not a comparable cost),512,optimal,0.0,0.0,0.0179,0.0179,0.020238157695856317,"diagnostic frontier point (training scenarios only); not a method, never a member"
1,SD-S2,0.1,SD12MO_MAIN9,SD-12MO,MAIN9,SD12MO_MAIN9:M3a[factory box]@alpha=0.1,M3a_box_robust,M3a_box_robust,entry,False,not_met,,,"no value of the declared grid met the validation screen (candidate statuses: optimal, proven_infeasible); a grid without a solution is not a statement about the whole decision space",main_reference_plan_domain,cp_upper,,,,,False,14,5,1,0.2095,0.21630596816578748,k_box=1.0,minimum attainable main-event rate_upper over the declared grid (descriptive; its cost is not a comparable cost),1024,optimal,0.0,0.0,0.003,0.003,0.004066874992626077,"diagnostic frontier point (training scenarios only); not a method, never a member"
1,SD-S2,0.1,SD12MO_MAIN9,SD-12MO,MAIN9,"SD12MO_MAIN9:M3b[factory box k=1.5, Gamma selected]@alpha=0.1",M3b_budget_robust,M3b_budget_robust,entry,True,selected,gamma=2,optimal,,main_reference_plan_domain,cp_upper,0.0604,0.0604,0.06446424542131333,True,True,14,35,18,0.0014,0.0021877855042221226,"gamma=4 {""k_box"": 1.5}",minimum attainable main-event rate_upper over the declared grid (descriptive; its cost is not a comparable cost),1024,optimal,0.0,0.0,0.003,0.003,0.004066874992626077,"diagnostic frontier point (training scenarios only); not a method, never a member"
1,SD-S2,0.1,SDH0_MAIN9,SD-H0,MAIN9,SDH0_MAIN9:M0,M0_nominal,M0_nominal,entry,True,,,optimal,,main_reference_plan_domain,cp_upper,0.8032,0.8032,0.8097237760937208,False,False,14,1,1,0.8032,0.8097237760937208,,minimum attainable main-event rate_upper over the declared grid (descriptive; its cost is not a comparable cost),1024,frontier_no_feasible_solution_found_no_ration,0.048828125,0.154296875,,,,
1,SD-S2,0.1,SDH0_MAIN9,SD-H0,MAIN9,"SDH0_MAIN9:M1[relative,apply_to_dm=False]@alpha=0.1",M1_safety_margin,M1_safety_margin[apply_to_dm=False],sensitivity_line,False,not_met,,,"no value of the declared grid met the validation screen (candidate statuses: optimal, proven_infeasible); a grid without a solution is not a statement about the whole decision space",main_reference_plan_domain,cp_upper,,,,,False,14,5,4,0.0067,0.008204600723855685,k=0.075,minimum attainable main-event rate_upper over the declared grid (descriptive; its cost is not a comparable cost),1024,frontier_no_feasible_solution_found_no_ration,0.048828125,0.154296875,,,,
1,SD-S2,0.1,SDH0_MAIN9,SD-H0,MAIN9,"SDH0_MAIN9:M1[relative,apply_to_dm=True]@alpha=0.1",M1_safety_margin,M1_safety_margin[apply_to_dm=True],entry,False,not_met,,,"no value of the declared grid met the validation screen (candidate statuses: optimal, proven_infeasible); a grid without a solution is not a statement about the whole decision space",main_reference_plan_domain,cp_upper,,,,,False,14,5,2,0.3631,0.3710887677172029,k=0.025,minimum attainable main-event rate_upper over the declared grid (descriptive; its cost is not a comparable cost),1024,frontier_no_feasible_solution_found_no_ration,0.048828125,0.154296875,,,,
1,SD-S2,0.1,SDH0_MAIN9,SD-H0,MAIN9,SDH0_MAIN9:M2[N=1024]@alpha=0.1,M2_joint_chance_saa,M2_joint_chance_saa[N=1024],entry,False,not_met,,,"no value of the declared grid met the validation screen (candidate statuses: no_feasible_solution_found, proven_infeasible); a grid without a solution is not a statement about the whole decision space",main_reference_plan_domain,cp_upper,,,,,False,14,4,0,,,,no scored grid candidate with a ration (not a whole-space statement),1024,frontier_no_feasible_solution_found_no_ration,0.048828125,0.154296875,,,,
1,SD-S2,0.1,SDH0_MAIN9,SD-H0,MAIN9,SDH0_MAIN9:M2[N=128]@alpha=0.1,M2_joint_chance_saa,M2_joint_chance_saa[N=128],entry,False,not_met,,,"SAA over the N training scenarios proven infeasible for every alpha_train of the declared grid (training scenarios only; not a population, field or whole-space statement)",main_reference_plan_domain,cp_upper,,,,,False,14,4,0,,,,no scored grid candidate with a ration (not a whole-space statement),128,optimal,0.1015625,0.1015625,0.0,0.0,0.00029952835977661195,"diagnostic frontier point (training scenarios only); not a method, never a member"
1,SD-S2,0.1,SDH0_MAIN9,SD-H0,MAIN9,SDH0_MAIN9:M2[N=512]@alpha=0.1,M2_joint_chance_saa,M2_joint_chance_saa[N=512],entry,False,not_met,,,"no value of the declared grid met the validation screen (candidate statuses: no_feasible_solution_found, proven_infeasible); a grid without a solution is not a statement about the whole decision space",main_reference_plan_domain,cp_upper,,,,,False,14,4,0,,,,no scored grid candidate with a ration (not a whole-space statement),512,frontier_no_feasible_solution_found_no_ration,0.0546875,0.15234375,,,,
1,SD-S2,0.1,SDH0_MAIN9,SD-H0,MAIN9,SDH0_MAIN9:M3a[factory box]@alpha=0.1,M3a_box_robust,M3a_box_robust,entry,False,not_met,,,no value of the declared grid met the validation screen (candidate statuses: proven_infeasible); a grid without a solution is not a statement about the whole decision space,main_reference_plan_domain,cp_upper,,,,,False,14,5,0,,,,no scored grid candidate with a ration (not a whole-space statement),1024,frontier_no_feasible_solution_found_no_ration,0.048828125,0.154296875,,,,
1,SD-S2,0.1,SDH0_MAIN9,SD-H0,MAIN9,SDH0_MAIN9:M3b[factory box]@alpha=0.1,M3b_budget_robust,M3b_budget_robust,entry,False,not_met,,,"no value of the declared grid met the validation screen (candidate statuses: optimal, proven_infeasible); a grid without a solution is not a statement about the whole decision space",main_reference_plan_domain,cp_upper,,,,,False,14,35,7,0.007,0.008533874102002235,"gamma=1 {""k_box"": 1.5}",minimum attainable main-event rate_upper over the declared grid (descriptive; its cost is not a comparable cost),1024,frontier_no_feasible_solution_found_no_ration,0.048828125,0.154296875,,,,
1,SD-S2,0.1,SDS2_MAIN9,SD-S2,MAIN9,SDS2_MAIN9:M0,M0_nominal,M0_nominal,entry,True,,,optimal,,main_reference_plan_domain,cp_upper,0.8032,0.8032,0.8097237760937208,False,False,14,1,1,0.8032,0.8097237760937208,,minimum attainable main-event rate_upper over the declared grid (descriptive; its cost is not a comparable cost),1024,optimal,0.0,0.0,0.005,0.005,0.006324499770793831,"diagnostic frontier point (training scenarios only); not a method, never a member"
1,SD-S2,0.1,SDS2_MAIN9,SD-S2,MAIN9,"SDS2_MAIN9:M1[relative,apply_to_dm=False]@alpha=0.1",M1_safety_margin,M1_safety_margin[apply_to_dm=False],sensitivity_line,True,selected,k=0.075,optimal,,main_reference_plan_domain,cp_upper,0.0067,0.0067,0.008204600723855685,True,False,14,5,4,0.0067,0.008204600723855685,k=0.075,minimum attainable main-event rate_upper over the declared grid (descriptive; its cost is not a comparable cost),1024,optimal,0.0,0.0,0.005,0.005,0.006324499770793831,"diagnostic frontier point (training scenarios only); not a method, never a member"
1,SD-S2,0.1,SDS2_MAIN9,SD-S2,MAIN9,"SDS2_MAIN9:M1[relative,apply_to_dm=True]@alpha=0.1",M1_safety_margin,M1_safety_margin[apply_to_dm=True],entry,False,not_met,,,"no value of the declared grid met the validation screen (candidate statuses: optimal, proven_infeasible); a grid without a solution is not a statement about the whole decision space",main_reference_plan_domain,cp_upper,,,,,False,14,5,2,0.3631,0.3710887677172029,k=0.025,minimum attainable main-event rate_upper over the declared grid (descriptive; its cost is not a comparable cost),1024,optimal,0.0,0.0,0.005,0.005,0.006324499770793831,"diagnostic frontier point (training scenarios only); not a method, never a member"
1,SD-S2,0.1,SDS2_MAIN9,SD-S2,MAIN9,SDS2_MAIN9:M2[N=1024]@alpha=0.1,M2_joint_chance_saa,M2_joint_chance_saa[N=1024],entry,True,selected,alpha_train=0.075,feasible_time_limit,,main_reference_plan_domain,cp_upper,0.0512,0.0512,0.05497335322352816,True,True,14,4,4,0.0221,0.024673954784187043,alpha_train=0.025,minimum attainable main-event rate_upper over the declared grid (descriptive; its cost is not a comparable cost),1024,optimal,0.0,0.0,0.005,0.005,0.006324499770793831,"diagnostic frontier point (training scenarios only); not a method, never a member"
1,SD-S2,0.1,SDS2_MAIN9,SD-S2,MAIN9,SDS2_MAIN9:M2[N=128]@alpha=0.1,M2_joint_chance_saa,M2_joint_chance_saa[N=128],entry,False,not_met,,,no value of the declared grid met the validation screen (candidate statuses: optimal); a grid without a solution is not a statement about the whole decision space,main_reference_plan_domain,cp_upper,,,,,False,14,4,4,0.0462,0.049802094421719074,alpha_train=0.025,minimum attainable main-event rate_upper over the declared grid (descriptive; its cost is not a comparable cost),128,optimal,0.0,0.0,0.0403,0.0403,0.04368555617409089,"diagnostic frontier point (training scenarios only); not a method, never a member"
1,SD-S2,0.1,SDS2_MAIN9,SD-S2,MAIN9,SDS2_MAIN9:M2[N=512]@alpha=0.1,M2_joint_chance_saa,M2_joint_chance_saa[N=512],entry,True,selected,alpha_train=0.025,optimal,,main_reference_plan_domain,cp_upper,0.045,0.045,0.04855940277364144,True,True,14,4,4,0.045,0.04855940277364144,alpha_train=0.025,minimum attainable main-event rate_upper over the declared grid (descriptive; its cost is not a comparable cost),512,optimal,0.0,0.0,0.0209,0.0209,0.0234092178625567,"diagnostic frontier point (training scenarios only); not a method, never a member"
1,SD-S2,0.1,SDS2_MAIN9,SD-S2,MAIN9,SDS2_MAIN9:M3a[factory box]@alpha=0.1,M3a_box_robust,M3a_box_robust,entry,True,selected,k_box=1.5,optimal,,main_reference_plan_domain,cp_upper,0.0033,0.0033,0.004410052749836001,True,True,14,5,3,0.0001,0.0004742976591654368,k_box=2.0,minimum attainable main-event rate_upper over the declared grid (descriptive; its cost is not a comparable cost),1024,optimal,0.0,0.0,0.005,0.005,0.006324499770793831,"diagnostic frontier point (training scenarios only); not a method, never a member"
1,SD-S2,0.1,SDS2_MAIN9,SD-S2,MAIN9,"SDS2_MAIN9:M3b[factory box k=1.5, Gamma selected]@alpha=0.1",M3b_budget_robust,M3b_budget_robust,entry,True,selected,gamma=2,optimal,,main_reference_plan_domain,cp_upper,0.0705,0.0705,0.0748539935962026,True,True,14,35,27,0.0001,0.0004742976591654368,"gamma=5 {""k_box"": 2.0}",minimum attainable main-event rate_upper over the declared grid (descriptive; its cost is not a comparable cost),1024,optimal,0.0,0.0,0.005,0.005,0.006324499770793831,"diagnostic frontier point (training scenarios only); not a method, never a member"
1,SD-S2,0.1,SDSRC12_MAIN9,SD-SRC12,MAIN9,SDSRC12_MAIN9:M0,M0_nominal,M0_nominal,entry,True,,,optimal,,main_reference_plan_domain,cp_upper,0.8032,0.8032,0.8097237760937208,False,False,14,1,1,0.8032,0.8097237760937208,,minimum attainable main-event rate_upper over the declared grid (descriptive; its cost is not a comparable cost),1024,frontier_no_feasible_solution_found_no_ration,0.017578125,0.021484375,,,,
1,SD-S2,0.1,SDSRC12_MAIN9,SD-SRC12,MAIN9,"SDSRC12_MAIN9:M1[relative,apply_to_dm=False]@alpha=0.1",M1_safety_margin,M1_safety_margin[apply_to_dm=False],sensitivity_line,False,not_met,,,"no value of the declared grid met the validation screen (candidate statuses: optimal, proven_infeasible); a grid without a solution is not a statement about the whole decision space",main_reference_plan_domain,cp_upper,,,,,False,14,5,4,0.0067,0.008204600723855685,k=0.075,minimum attainable main-event rate_upper over the declared grid (descriptive; its cost is not a comparable cost),1024,frontier_no_feasible_solution_found_no_ration,0.017578125,0.021484375,,,,
1,SD-S2,0.1,SDSRC12_MAIN9,SD-SRC12,MAIN9,"SDSRC12_MAIN9:M1[relative,apply_to_dm=True]@alpha=0.1",M1_safety_margin,M1_safety_margin[apply_to_dm=True],entry,False,not_met,,,"no value of the declared grid met the validation screen (candidate statuses: optimal, proven_infeasible); a grid without a solution is not a statement about the whole decision space",main_reference_plan_domain,cp_upper,,,,,False,14,5,2,0.3631,0.3710887677172029,k=0.025,minimum attainable main-event rate_upper over the declared grid (descriptive; its cost is not a comparable cost),1024,frontier_no_feasible_solution_found_no_ration,0.017578125,0.021484375,,,,
1,SD-S2,0.1,SDSRC12_MAIN9,SD-SRC12,MAIN9,SDSRC12_MAIN9:M2[N=1024]@alpha=0.1,M2_joint_chance_saa,M2_joint_chance_saa[N=1024],entry,True,selected,alpha_train=0.075,feasible_time_limit,,main_reference_plan_domain,cp_upper,0.0,0.0,0.00029952835977661195,True,True,14,4,4,0.0,0.00029952835977661195,alpha_train=0.1,minimum attainable main-event rate_upper over the declared grid (descriptive; its cost is not a comparable cost),1024,frontier_no_feasible_solution_found_no_ration,0.017578125,0.021484375,,,,
1,SD-S2,0.1,SDSRC12_MAIN9,SD-SRC12,MAIN9,SDSRC12_MAIN9:M2[N=128]@alpha=0.1,M2_joint_chance_saa,M2_joint_chance_saa[N=128],entry,True,selected,alpha_train=0.025,optimal,,main_reference_plan_domain,cp_upper,0.0,0.0,0.00029952835977661195,True,True,14,4,4,0.0,0.00029952835977661195,alpha_train=0.075,minimum attainable main-event rate_upper over the declared grid (descriptive; its cost is not a comparable cost),128,optimal,0.0078125,0.0078125,0.0002,0.0002,0.0006294441486871455,"diagnostic frontier point (training scenarios only); not a method, never a member"
1,SD-S2,0.1,SDSRC12_MAIN9,SD-SRC12,MAIN9,SDSRC12_MAIN9:M2[N=512]@alpha=0.1,M2_joint_chance_saa,M2_joint_chance_saa[N=512],entry,True,selected,alpha_train=0.05,feasible_time_limit,,main_reference_plan_domain,cp_upper,0.0,0.0,0.00029952835977661195,True,True,14,4,4,0.0,0.00029952835977661195,alpha_train=0.05,minimum attainable main-event rate_upper over the declared grid (descriptive; its cost is not a comparable cost),512,optimal,0.013671875,0.013671875,0.0,0.0,0.00029952835977661195,"diagnostic frontier point (training scenarios only); not a method, never a member"
1,SD-S2,0.1,SDSRC12_MAIN9,SD-SRC12,MAIN9,SDSRC12_MAIN9:M3a[factory box]@alpha=0.1,M3a_box_robust,M3a_box_robust,entry,False,not_met,,,no value of the declared grid met the validation screen (candidate statuses: proven_infeasible); a grid without a solution is not a statement about the whole decision space,main_reference_plan_domain,cp_upper,,,,,False,14,5,0,,,,no scored grid candidate with a ration (not a whole-space statement),1024,frontier_no_feasible_solution_found_no_ration,0.017578125,0.021484375,,,,
1,SD-S2,0.1,SDSRC12_MAIN9,SD-SRC12,MAIN9,SDSRC12_MAIN9:M3b[factory box]@alpha=0.1,M3b_budget_robust,M3b_budget_robust,entry,False,not_met,,,"no value of the declared grid met the validation screen (candidate statuses: optimal, proven_infeasible); a grid without a solution is not a statement about the whole decision space",main_reference_plan_domain,cp_upper,,,,,False,14,35,11,0.0002,0.0006294441486871455,"gamma=4 {""k_box"": 1.0}",minimum attainable main-event rate_upper over the declared grid (descriptive; its cost is not a comparable cost),1024,frontier_no_feasible_solution_found_no_ration,0.017578125,0.021484375,,,,
1,SD-S2,0.1,SDSRC14_MAIN9,SD-SRC14,MAIN9,SDSRC14_MAIN9:M0,M0_nominal,M0_nominal,entry,True,,,optimal,,main_reference_plan_domain,cp_upper,0.8032,0.8032,0.8097237760937208,False,False,14,1,1,0.8032,0.8097237760937208,,minimum attainable main-event rate_upper over the declared grid (descriptive; its cost is not a comparable cost),1024,optimal,0.0,0.0,0.0,0.0,0.00029952835977661195,"diagnostic frontier point (training scenarios only); not a method, never a member"
1,SD-S2,0.1,SDSRC14_MAIN9,SD-SRC14,MAIN9,"SDSRC14_MAIN9:M1[relative,apply_to_dm=False]@alpha=0.1",M1_safety_margin,M1_safety_margin[apply_to_dm=False],sensitivity_line,False,not_met,,,"no value of the declared grid met the validation screen (candidate statuses: optimal, proven_infeasible); a grid without a solution is not a statement about the whole decision space",main_reference_plan_domain,cp_upper,,,,,False,14,5,4,0.0067,0.008204600723855685,k=0.075,minimum attainable main-event rate_upper over the declared grid (descriptive; its cost is not a comparable cost),1024,optimal,0.0,0.0,0.0,0.0,0.00029952835977661195,"diagnostic frontier point (training scenarios only); not a method, never a member"
1,SD-S2,0.1,SDSRC14_MAIN9,SD-SRC14,MAIN9,"SDSRC14_MAIN9:M1[relative,apply_to_dm=True]@alpha=0.1",M1_safety_margin,M1_safety_margin[apply_to_dm=True],entry,False,not_met,,,"no value of the declared grid met the validation screen (candidate statuses: optimal, proven_infeasible); a grid without a solution is not a statement about the whole decision space",main_reference_plan_domain,cp_upper,,,,,False,14,5,2,0.3631,0.3710887677172029,k=0.025,minimum attainable main-event rate_upper over the declared grid (descriptive; its cost is not a comparable cost),1024,optimal,0.0,0.0,0.0,0.0,0.00029952835977661195,"diagnostic frontier point (training scenarios only); not a method, never a member"
1,SD-S2,0.1,SDSRC14_MAIN9,SD-SRC14,MAIN9,SDSRC14_MAIN9:M2[N=1024]@alpha=0.1,M2_joint_chance_saa,M2_joint_chance_saa[N=1024],entry,True,selected,alpha_train=0.075,feasible_time_limit,,main_reference_plan_domain,cp_upper,0.0001,0.0001,0.0004742976591654368,True,True,14,4,4,0.0,0.00029952835977661195,alpha_train=0.05,minimum attainable main-event rate_upper over the declared grid (descriptive; its cost is not a comparable cost),1024,optimal,0.0,0.0,0.0,0.0,0.00029952835977661195,"diagnostic frontier point (training scenarios only); not a method, never a member"
1,SD-S2,0.1,SDSRC14_MAIN9,SD-SRC14,MAIN9,SDSRC14_MAIN9:M2[N=128]@alpha=0.1,M2_joint_chance_saa,M2_joint_chance_saa[N=128],entry,False,not_met,,,no value of the declared grid met the validation screen (candidate statuses: optimal); a grid without a solution is not a statement about the whole decision space,main_reference_plan_domain,cp_upper,,,,,False,14,4,4,0.0,0.00029952835977661195,alpha_train=0.05,minimum attainable main-event rate_upper over the declared grid (descriptive; its cost is not a comparable cost),128,optimal,0.0,0.0,0.0,0.0,0.00029952835977661195,"diagnostic frontier point (training scenarios only); not a method, never a member"
1,SD-S2,0.1,SDSRC14_MAIN9,SD-SRC14,MAIN9,SDSRC14_MAIN9:M2[N=512]@alpha=0.1,M2_joint_chance_saa,M2_joint_chance_saa[N=512],entry,True,selected,alpha_train=0.05,feasible_time_limit,,main_reference_plan_domain,cp_upper,0.0,0.0,0.00029952835977661195,True,True,14,4,4,0.0,0.00029952835977661195,alpha_train=0.05,minimum attainable main-event rate_upper over the declared grid (descriptive; its cost is not a comparable cost),512,optimal,0.0,0.0,0.0,0.0,0.00029952835977661195,"diagnostic frontier point (training scenarios only); not a method, never a member"
1,SD-S2,0.1,SDSRC14_MAIN9,SD-SRC14,MAIN9,SDSRC14_MAIN9:M3a[factory box]@alpha=0.1,M3a_box_robust,M3a_box_robust,entry,True,selected,k_box=1.0,optimal,,main_reference_plan_domain,cp_upper,0.0001,0.0001,0.0004742976591654368,True,True,14,5,1,0.0001,0.0004742976591654368,k_box=1.0,minimum attainable main-event rate_upper over the declared grid (descriptive; its cost is not a comparable cost),1024,optimal,0.0,0.0,0.0,0.0,0.00029952835977661195,"diagnostic frontier point (training scenarios only); not a method, never a member"
1,SD-S2,0.1,SDSRC14_MAIN9,SD-SRC14,MAIN9,"SDSRC14_MAIN9:M3b[factory box k=1, Gamma selected]@alpha=0.1",M3b_budget_robust,M3b_budget_robust,entry,True,selected,gamma=4,optimal,,main_reference_plan_domain,cp_upper,0.0001,0.0001,0.0004742976591654368,True,True,14,35,19,0.0,0.00029952835977661195,"gamma=3 {""k_box"": 1.5}",minimum attainable main-event rate_upper over the declared grid (descriptive; its cost is not a comparable cost),1024,optimal,0.0,0.0,0.0,0.0,0.00029952835977661195,"diagnostic frontier point (training scenarios only); not a method, never a member"
1,SD-S2,0.01,SD12MO_MAIN9,SD-12MO,MAIN9,SD12MO_MAIN9:M0,M0_nominal,M0_nominal,entry,True,,,optimal,,main_reference_plan_domain,cp_upper,0.8032,0.8032,0.8097237760937208,False,False,4,1,1,0.8032,0.8097237760937208,,minimum attainable main-event rate_upper over the declared grid (descriptive; its cost is not a comparable cost),1024,optimal,0.0,0.0,0.003,0.003,0.004066874992626077,"diagnostic frontier point (training scenarios only); not a method, never a member"
1,SD-S2,0.01,SD12MO_MAIN9,SD-12MO,MAIN9,"SD12MO_MAIN9:M1[relative,apply_to_dm=False]@alpha=0.01",M1_safety_margin,M1_safety_margin[apply_to_dm=False],sensitivity_line,False,not_met,,,"no value of the declared grid met the validation screen (candidate statuses: optimal, proven_infeasible); a grid without a solution is not a statement about the whole decision space",main_reference_plan_domain,cp_upper,,,,,False,4,5,4,0.0067,0.008204600723855685,k=0.075,minimum attainable main-event rate_upper over the declared grid (descriptive; its cost is not a comparable cost),1024,optimal,0.0,0.0,0.003,0.003,0.004066874992626077,"diagnostic frontier point (training scenarios only); not a method, never a member"
1,SD-S2,0.01,SD12MO_MAIN9,SD-12MO,MAIN9,"SD12MO_MAIN9:M1[relative,apply_to_dm=True]@alpha=0.01",M1_safety_margin,M1_safety_margin[apply_to_dm=True],entry,False,not_met,,,"no value of the declared grid met the validation screen (candidate statuses: optimal, proven_infeasible); a grid without a solution is not a statement about the whole decision space",main_reference_plan_domain,cp_upper,,,,,False,4,5,2,0.3631,0.3710887677172029,k=0.025,minimum attainable main-event rate_upper over the declared grid (descriptive; its cost is not a comparable cost),1024,optimal,0.0,0.0,0.003,0.003,0.004066874992626077,"diagnostic frontier point (training scenarios only); not a method, never a member"
1,SD-S2,0.01,SD12MO_MAIN9,SD-12MO,MAIN9,SD12MO_MAIN9:M2[N=1024]@alpha=0.01,M2_joint_chance_saa,M2_joint_chance_saa[N=1024],entry,False,not_met,,,no value of the declared grid met the validation screen (candidate statuses: optimal); a grid without a solution is not a statement about the whole decision space,main_reference_plan_domain,cp_upper,,,,,False,4,4,4,0.0042,0.0054290452673158756,alpha_train=0.0025,minimum attainable main-event rate_upper over the declared grid (descriptive; its cost is not a comparable cost),1024,optimal,0.0,0.0,0.003,0.003,0.004066874992626077,"diagnostic frontier point (training scenarios only); not a method, never a member"
1,SD-S2,0.01,SD12MO_MAIN9,SD-12MO,MAIN9,SD12MO_MAIN9:M2[N=128]@alpha=0.01,M2_joint_chance_saa,M2_joint_chance_saa[N=128],entry,False,not_met,,,no value of the declared grid met the validation screen (candidate statuses: optimal); a grid without a solution is not a statement about the whole decision space,main_reference_plan_domain,cp_upper,,,,,False,4,4,4,0.0364,0.039632314691712224,alpha_train=0.0075,minimum attainable main-event rate_upper over the declared grid (descriptive; its cost is not a comparable cost),128,optimal,0.0,0.0,0.0364,0.0364,0.039632314691712224,"diagnostic frontier point (training scenarios only); not a method, never a member"
1,SD-S2,0.01,SD12MO_MAIN9,SD-12MO,MAIN9,SD12MO_MAIN9:M2[N=512]@alpha=0.01,M2_joint_chance_saa,M2_joint_chance_saa[N=512],entry,False,not_met,,,no value of the declared grid met the validation screen (candidate statuses: optimal); a grid without a solution is not a statement about the whole decision space,main_reference_plan_domain,cp_upper,,,,,False,4,4,4,0.0146,0.016731439332258347,alpha_train=0.005,minimum attainable main-event rate_upper over the declared grid (descriptive; its cost is not a comparable cost),512,optimal,0.0,0.0,0.0179,0.0179,0.020238157695856317,"diagnostic frontier point (training scenarios only); not a method, never a member"
1,SD-S2,0.01,SD12MO_MAIN9,SD-12MO,MAIN9,SD12MO_MAIN9:M3a[factory box]@alpha=0.01,M3a_box_robust,M3a_box_robust,entry,False,not_met,,,"no value of the declared grid met the validation screen (candidate statuses: optimal, proven_infeasible); a grid without a solution is not a statement about the whole decision space",main_reference_plan_domain,cp_upper,,,,,False,4,5,1,0.2095,0.21630596816578748,k_box=1.0,minimum attainable main-event rate_upper over the declared grid (descriptive; its cost is not a comparable cost),1024,optimal,0.0,0.0,0.003,0.003,0.004066874992626077,"diagnostic frontier point (training scenarios only); not a method, never a member"
1,SD-S2,0.01,SD12MO_MAIN9,SD-12MO,MAIN9,SD12MO_MAIN9:M3b[factory box]@alpha=0.01,M3b_budget_robust,M3b_budget_robust,entry,False,not_met,,,no value of the declared grid met the validation screen (candidate statuses: optimal); a grid without a solution is not a statement about the whole decision space,main_reference_plan_domain,cp_upper,,,,,False,4,35,18,0.0014,0.0021877855042221226,"gamma=4 {""k_box"": 1.5}",minimum attainable main-event rate_upper over the declared grid (descriptive; its cost is not a comparable cost),1024,optimal,0.0,0.0,0.003,0.003,0.004066874992626077,"diagnostic frontier point (training scenarios only); not a method, never a member"
1,SD-S2,0.01,SDH0_MAIN9,SD-H0,MAIN9,SDH0_MAIN9:M0,M0_nominal,M0_nominal,entry,True,,,optimal,,main_reference_plan_domain,cp_upper,0.8032,0.8032,0.8097237760937208,False,False,4,1,1,0.8032,0.8097237760937208,,minimum attainable main-event rate_upper over the declared grid (descriptive; its cost is not a comparable cost),1024,frontier_no_feasible_solution_found_no_ration,0.048828125,0.154296875,,,,
1,SD-S2,0.01,SDH0_MAIN9,SD-H0,MAIN9,"SDH0_MAIN9:M1[relative,apply_to_dm=False]@alpha=0.01",M1_safety_margin,M1_safety_margin[apply_to_dm=False],sensitivity_line,False,not_met,,,"no value of the declared grid met the validation screen (candidate statuses: optimal, proven_infeasible); a grid without a solution is not a statement about the whole decision space",main_reference_plan_domain,cp_upper,,,,,False,4,5,4,0.0067,0.008204600723855685,k=0.075,minimum attainable main-event rate_upper over the declared grid (descriptive; its cost is not a comparable cost),1024,frontier_no_feasible_solution_found_no_ration,0.048828125,0.154296875,,,,
1,SD-S2,0.01,SDH0_MAIN9,SD-H0,MAIN9,"SDH0_MAIN9:M1[relative,apply_to_dm=True]@alpha=0.01",M1_safety_margin,M1_safety_margin[apply_to_dm=True],entry,False,not_met,,,"no value of the declared grid met the validation screen (candidate statuses: optimal, proven_infeasible); a grid without a solution is not a statement about the whole decision space",main_reference_plan_domain,cp_upper,,,,,False,4,5,2,0.3631,0.3710887677172029,k=0.025,minimum attainable main-event rate_upper over the declared grid (descriptive; its cost is not a comparable cost),1024,frontier_no_feasible_solution_found_no_ration,0.048828125,0.154296875,,,,
1,SD-S2,0.01,SDH0_MAIN9,SD-H0,MAIN9,SDH0_MAIN9:M2[N=1024]@alpha=0.01,M2_joint_chance_saa,M2_joint_chance_saa[N=1024],entry,False,not_met,,,"SAA over the N training scenarios proven infeasible for every alpha_train of the declared grid (training scenarios only; not a population, field or whole-space statement)",main_reference_plan_domain,cp_upper,,,,,False,4,4,0,,,,no scored grid candidate with a ration (not a whole-space statement),1024,frontier_no_feasible_solution_found_no_ration,0.048828125,0.154296875,,,,
1,SD-S2,0.01,SDH0_MAIN9,SD-H0,MAIN9,SDH0_MAIN9:M2[N=128]@alpha=0.01,M2_joint_chance_saa,M2_joint_chance_saa[N=128],entry,False,not_met,,,"SAA over the N training scenarios proven infeasible for every alpha_train of the declared grid (training scenarios only; not a population, field or whole-space statement)",main_reference_plan_domain,cp_upper,,,,,False,4,4,0,,,,no scored grid candidate with a ration (not a whole-space statement),128,optimal,0.1015625,0.1015625,0.0,0.0,0.00029952835977661195,"diagnostic frontier point (training scenarios only); not a method, never a member"
1,SD-S2,0.01,SDH0_MAIN9,SD-H0,MAIN9,SDH0_MAIN9:M2[N=512]@alpha=0.01,M2_joint_chance_saa,M2_joint_chance_saa[N=512],entry,False,not_met,,,"SAA over the N training scenarios proven infeasible for every alpha_train of the declared grid (training scenarios only; not a population, field or whole-space statement)",main_reference_plan_domain,cp_upper,,,,,False,4,4,0,,,,no scored grid candidate with a ration (not a whole-space statement),512,frontier_no_feasible_solution_found_no_ration,0.0546875,0.15234375,,,,
1,SD-S2,0.01,SDH0_MAIN9,SD-H0,MAIN9,SDH0_MAIN9:M3a[factory box]@alpha=0.01,M3a_box_robust,M3a_box_robust,entry,False,not_met,,,no value of the declared grid met the validation screen (candidate statuses: proven_infeasible); a grid without a solution is not a statement about the whole decision space,main_reference_plan_domain,cp_upper,,,,,False,4,5,0,,,,no scored grid candidate with a ration (not a whole-space statement),1024,frontier_no_feasible_solution_found_no_ration,0.048828125,0.154296875,,,,
1,SD-S2,0.01,SDH0_MAIN9,SD-H0,MAIN9,SDH0_MAIN9:M3b[factory box]@alpha=0.01,M3b_budget_robust,M3b_budget_robust,entry,False,not_met,,,"no value of the declared grid met the validation screen (candidate statuses: optimal, proven_infeasible); a grid without a solution is not a statement about the whole decision space",main_reference_plan_domain,cp_upper,,,,,False,4,35,7,0.007,0.008533874102002235,"gamma=1 {""k_box"": 1.5}",minimum attainable main-event rate_upper over the declared grid (descriptive; its cost is not a comparable cost),1024,frontier_no_feasible_solution_found_no_ration,0.048828125,0.154296875,,,,
1,SD-S2,0.01,SDS2_MAIN9,SD-S2,MAIN9,SDS2_MAIN9:M0,M0_nominal,M0_nominal,entry,True,,,optimal,,main_reference_plan_domain,cp_upper,0.8032,0.8032,0.8097237760937208,False,False,4,1,1,0.8032,0.8097237760937208,,minimum attainable main-event rate_upper over the declared grid (descriptive; its cost is not a comparable cost),1024,optimal,0.0,0.0,0.005,0.005,0.006324499770793831,"diagnostic frontier point (training scenarios only); not a method, never a member"
1,SD-S2,0.01,SDS2_MAIN9,SD-S2,MAIN9,"SDS2_MAIN9:M1[relative,apply_to_dm=False]@alpha=0.01",M1_safety_margin,M1_safety_margin[apply_to_dm=False],sensitivity_line,True,selected,k=0.075,optimal,,main_reference_plan_domain,cp_upper,0.0067,0.0067,0.008204600723855685,True,False,4,5,4,0.0067,0.008204600723855685,k=0.075,minimum attainable main-event rate_upper over the declared grid (descriptive; its cost is not a comparable cost),1024,optimal,0.0,0.0,0.005,0.005,0.006324499770793831,"diagnostic frontier point (training scenarios only); not a method, never a member"
1,SD-S2,0.01,SDS2_MAIN9,SD-S2,MAIN9,"SDS2_MAIN9:M1[relative,apply_to_dm=True]@alpha=0.01",M1_safety_margin,M1_safety_margin[apply_to_dm=True],entry,False,not_met,,,"no value of the declared grid met the validation screen (candidate statuses: optimal, proven_infeasible); a grid without a solution is not a statement about the whole decision space",main_reference_plan_domain,cp_upper,,,,,False,4,5,2,0.3631,0.3710887677172029,k=0.025,minimum attainable main-event rate_upper over the declared grid (descriptive; its cost is not a comparable cost),1024,optimal,0.0,0.0,0.005,0.005,0.006324499770793831,"diagnostic frontier point (training scenarios only); not a method, never a member"
1,SD-S2,0.01,SDS2_MAIN9,SD-S2,MAIN9,SDS2_MAIN9:M2[N=1024]@alpha=0.01,M2_joint_chance_saa,M2_joint_chance_saa[N=1024],entry,False,not_met,,,no value of the declared grid met the validation screen (candidate statuses: optimal); a grid without a solution is not a statement about the whole decision space,main_reference_plan_domain,cp_upper,,,,,False,4,4,4,0.0034,0.004524010463635399,alpha_train=0.0025,minimum attainable main-event rate_upper over the declared grid (descriptive; its cost is not a comparable cost),1024,optimal,0.0,0.0,0.005,0.005,0.006324499770793831,"diagnostic frontier point (training scenarios only); not a method, never a member"
1,SD-S2,0.01,SDS2_MAIN9,SD-S2,MAIN9,SDS2_MAIN9:M2[N=128]@alpha=0.01,M2_joint_chance_saa,M2_joint_chance_saa[N=128],entry,False,not_met,,,no value of the declared grid met the validation screen (candidate statuses: optimal); a grid without a solution is not a statement about the whole decision space,main_reference_plan_domain,cp_upper,,,,,False,4,4,4,0.0403,0.04368555617409089,alpha_train=0.0075,minimum attainable main-event rate_upper over the declared grid (descriptive; its cost is not a comparable cost),128,optimal,0.0,0.0,0.0403,0.0403,0.04368555617409089,"diagnostic frontier point (training scenarios only); not a method, never a member"
1,SD-S2,0.01,SDS2_MAIN9,SD-S2,MAIN9,SDS2_MAIN9:M2[N=512]@alpha=0.01,M2_joint_chance_saa,M2_joint_chance_saa[N=512],entry,False,not_met,,,no value of the declared grid met the validation screen (candidate statuses: optimal); a grid without a solution is not a statement about the whole decision space,main_reference_plan_domain,cp_upper,,,,,False,4,4,4,0.0137,0.015770904156627245,alpha_train=0.005,minimum attainable main-event rate_upper over the declared grid (descriptive; its cost is not a comparable cost),512,optimal,0.0,0.0,0.0209,0.0209,0.0234092178625567,"diagnostic frontier point (training scenarios only); not a method, never a member"
1,SD-S2,0.01,SDS2_MAIN9,SD-S2,MAIN9,SDS2_MAIN9:M3a[factory box]@alpha=0.01,M3a_box_robust,M3a_box_robust,entry,True,selected,k_box=1.5,optimal,,main_reference_plan_domain,cp_upper,0.0033,0.0033,0.004410052749836001,True,True,4,5,3,0.0001,0.0004742976591654368,k_box=2.0,minimum attainable main-event rate_upper over the declared grid (descriptive; its cost is not a comparable cost),1024,optimal,0.0,0.0,0.005,0.005,0.006324499770793831,"diagnostic frontier point (training scenarios only); not a method, never a member"
1,SD-S2,0.01,SDS2_MAIN9,SD-S2,MAIN9,"SDS2_MAIN9:M3b[factory box k=1.5, Gamma selected]@alpha=0.01",M3b_budget_robust,M3b_budget_robust,entry,True,selected,gamma=6,optimal,,main_reference_plan_domain,cp_upper,0.0033,0.0033,0.004410052749836001,True,True,4,35,27,0.0001,0.0004742976591654368,"gamma=5 {""k_box"": 2.0}",minimum attainable main-event rate_upper over the declared grid (descriptive; its cost is not a comparable cost),1024,optimal,0.0,0.0,0.005,0.005,0.006324499770793831,"diagnostic frontier point (training scenarios only); not a method, never a member"
1,SD-S2,0.01,SDSRC12_MAIN9,SD-SRC12,MAIN9,SDSRC12_MAIN9:M0,M0_nominal,M0_nominal,entry,True,,,optimal,,main_reference_plan_domain,cp_upper,0.8032,0.8032,0.8097237760937208,False,False,4,1,1,0.8032,0.8097237760937208,,minimum attainable main-event rate_upper over the declared grid (descriptive; its cost is not a comparable cost),1024,frontier_no_feasible_solution_found_no_ration,0.017578125,0.021484375,,,,
1,SD-S2,0.01,SDSRC12_MAIN9,SD-SRC12,MAIN9,"SDSRC12_MAIN9:M1[relative,apply_to_dm=False]@alpha=0.01",M1_safety_margin,M1_safety_margin[apply_to_dm=False],sensitivity_line,False,not_met,,,"no value of the declared grid met the validation screen (candidate statuses: optimal, proven_infeasible); a grid without a solution is not a statement about the whole decision space",main_reference_plan_domain,cp_upper,,,,,False,4,5,4,0.0067,0.008204600723855685,k=0.075,minimum attainable main-event rate_upper over the declared grid (descriptive; its cost is not a comparable cost),1024,frontier_no_feasible_solution_found_no_ration,0.017578125,0.021484375,,,,
1,SD-S2,0.01,SDSRC12_MAIN9,SD-SRC12,MAIN9,"SDSRC12_MAIN9:M1[relative,apply_to_dm=True]@alpha=0.01",M1_safety_margin,M1_safety_margin[apply_to_dm=True],entry,False,not_met,,,"no value of the declared grid met the validation screen (candidate statuses: optimal, proven_infeasible); a grid without a solution is not a statement about the whole decision space",main_reference_plan_domain,cp_upper,,,,,False,4,5,2,0.3631,0.3710887677172029,k=0.025,minimum attainable main-event rate_upper over the declared grid (descriptive; its cost is not a comparable cost),1024,frontier_no_feasible_solution_found_no_ration,0.017578125,0.021484375,,,,
1,SD-S2,0.01,SDSRC12_MAIN9,SD-SRC12,MAIN9,SDSRC12_MAIN9:M2[N=1024]@alpha=0.01,M2_joint_chance_saa,M2_joint_chance_saa[N=1024],entry,False,not_met,,,"SAA over the N training scenarios proven infeasible for every alpha_train of the declared grid (training scenarios only; not a population, field or whole-space statement)",main_reference_plan_domain,cp_upper,,,,,False,4,4,0,,,,no scored grid candidate with a ration (not a whole-space statement),1024,frontier_no_feasible_solution_found_no_ration,0.017578125,0.021484375,,,,
1,SD-S2,0.01,SDSRC12_MAIN9,SD-SRC12,MAIN9,SDSRC12_MAIN9:M2[N=128]@alpha=0.01,M2_joint_chance_saa,M2_joint_chance_saa[N=128],entry,False,not_met,,,"no value of the declared grid met the validation screen (candidate statuses: optimal, proven_infeasible); a grid without a solution is not a statement about the whole decision space",main_reference_plan_domain,cp_upper,,,,,False,4,4,1,0.0002,0.0006294441486871455,alpha_train=0.01,minimum attainable main-event rate_upper over the declared grid (descriptive; its cost is not a comparable cost),128,optimal,0.0078125,0.0078125,0.0002,0.0002,0.0006294441486871455,"diagnostic frontier point (training scenarios only); not a method, never a member"
1,SD-S2,0.01,SDSRC12_MAIN9,SD-SRC12,MAIN9,SDSRC12_MAIN9:M2[N=512]@alpha=0.01,M2_joint_chance_saa,M2_joint_chance_saa[N=512],entry,False,not_met,,,"SAA over the N training scenarios proven infeasible for every alpha_train of the declared grid (training scenarios only; not a population, field or whole-space statement)",main_reference_plan_domain,cp_upper,,,,,False,4,4,0,,,,no scored grid candidate with a ration (not a whole-space statement),512,optimal,0.013671875,0.013671875,0.0,0.0,0.00029952835977661195,"diagnostic frontier point (training scenarios only); not a method, never a member"
1,SD-S2,0.01,SDSRC12_MAIN9,SD-SRC12,MAIN9,SDSRC12_MAIN9:M3a[factory box]@alpha=0.01,M3a_box_robust,M3a_box_robust,entry,False,not_met,,,no value of the declared grid met the validation screen (candidate statuses: proven_infeasible); a grid without a solution is not a statement about the whole decision space,main_reference_plan_domain,cp_upper,,,,,False,4,5,0,,,,no scored grid candidate with a ration (not a whole-space statement),1024,frontier_no_feasible_solution_found_no_ration,0.017578125,0.021484375,,,,
1,SD-S2,0.01,SDSRC12_MAIN9,SD-SRC12,MAIN9,SDSRC12_MAIN9:M3b[factory box]@alpha=0.01,M3b_budget_robust,M3b_budget_robust,entry,False,not_met,,,"no value of the declared grid met the validation screen (candidate statuses: optimal, proven_infeasible); a grid without a solution is not a statement about the whole decision space",main_reference_plan_domain,cp_upper,,,,,False,4,35,11,0.0002,0.0006294441486871455,"gamma=4 {""k_box"": 1.0}",minimum attainable main-event rate_upper over the declared grid (descriptive; its cost is not a comparable cost),1024,frontier_no_feasible_solution_found_no_ration,0.017578125,0.021484375,,,,
1,SD-S2,0.01,SDSRC14_MAIN9,SD-SRC14,MAIN9,SDSRC14_MAIN9:M0,M0_nominal,M0_nominal,entry,True,,,optimal,,main_reference_plan_domain,cp_upper,0.8032,0.8032,0.8097237760937208,False,False,4,1,1,0.8032,0.8097237760937208,,minimum attainable main-event rate_upper over the declared grid (descriptive; its cost is not a comparable cost),1024,optimal,0.0,0.0,0.0,0.0,0.00029952835977661195,"diagnostic frontier point (training scenarios only); not a method, never a member"
1,SD-S2,0.01,SDSRC14_MAIN9,SD-SRC14,MAIN9,"SDSRC14_MAIN9:M1[relative,apply_to_dm=False]@alpha=0.01",M1_safety_margin,M1_safety_margin[apply_to_dm=False],sensitivity_line,False,not_met,,,"no value of the declared grid met the validation screen (candidate statuses: optimal, proven_infeasible); a grid without a solution is not a statement about the whole decision space",main_reference_plan_domain,cp_upper,,,,,False,4,5,4,0.0067,0.008204600723855685,k=0.075,minimum attainable main-event rate_upper over the declared grid (descriptive; its cost is not a comparable cost),1024,optimal,0.0,0.0,0.0,0.0,0.00029952835977661195,"diagnostic frontier point (training scenarios only); not a method, never a member"
1,SD-S2,0.01,SDSRC14_MAIN9,SD-SRC14,MAIN9,"SDSRC14_MAIN9:M1[relative,apply_to_dm=True]@alpha=0.01",M1_safety_margin,M1_safety_margin[apply_to_dm=True],entry,False,not_met,,,"no value of the declared grid met the validation screen (candidate statuses: optimal, proven_infeasible); a grid without a solution is not a statement about the whole decision space",main_reference_plan_domain,cp_upper,,,,,False,4,5,2,0.3631,0.3710887677172029,k=0.025,minimum attainable main-event rate_upper over the declared grid (descriptive; its cost is not a comparable cost),1024,optimal,0.0,0.0,0.0,0.0,0.00029952835977661195,"diagnostic frontier point (training scenarios only); not a method, never a member"
1,SD-S2,0.01,SDSRC14_MAIN9,SD-SRC14,MAIN9,SDSRC14_MAIN9:M2[N=1024]@alpha=0.01,M2_joint_chance_saa,M2_joint_chance_saa[N=1024],entry,True,selected,alpha_train=0.0025,optimal,,main_reference_plan_domain,cp_upper,0.0,0.0,0.00029952835977661195,True,True,4,4,4,0.0,0.00029952835977661195,alpha_train=0.01,minimum attainable main-event rate_upper over the declared grid (descriptive; its cost is not a comparable cost),1024,optimal,0.0,0.0,0.0,0.0,0.00029952835977661195,"diagnostic frontier point (training scenarios only); not a method, never a member"
1,SD-S2,0.01,SDSRC14_MAIN9,SD-SRC14,MAIN9,SDSRC14_MAIN9:M2[N=128]@alpha=0.01,M2_joint_chance_saa,M2_joint_chance_saa[N=128],entry,False,not_met,,,no value of the declared grid met the validation screen (candidate statuses: optimal); a grid without a solution is not a statement about the whole decision space,main_reference_plan_domain,cp_upper,,,,,False,4,4,4,0.0,0.00029952835977661195,alpha_train=0.01,minimum attainable main-event rate_upper over the declared grid (descriptive; its cost is not a comparable cost),128,optimal,0.0,0.0,0.0,0.0,0.00029952835977661195,"diagnostic frontier point (training scenarios only); not a method, never a member"
1,SD-S2,0.01,SDSRC14_MAIN9,SD-SRC14,MAIN9,SDSRC14_MAIN9:M2[N=512]@alpha=0.01,M2_joint_chance_saa,M2_joint_chance_saa[N=512],entry,False,not_met,,,no value of the declared grid met the validation screen (candidate statuses: optimal); a grid without a solution is not a statement about the whole decision space,main_reference_plan_domain,cp_upper,,,,,False,4,4,4,0.0,0.00029952835977661195,alpha_train=0.01,minimum attainable main-event rate_upper over the declared grid (descriptive; its cost is not a comparable cost),512,optimal,0.0,0.0,0.0,0.0,0.00029952835977661195,"diagnostic frontier point (training scenarios only); not a method, never a member"
1,SD-S2,0.01,SDSRC14_MAIN9,SD-SRC14,MAIN9,SDSRC14_MAIN9:M3a[factory box]@alpha=0.01,M3a_box_robust,M3a_box_robust,entry,False,not_met,,,"no value of the declared grid met the validation screen (candidate statuses: optimal, proven_infeasible); a grid without a solution is not a statement about the whole decision space",main_reference_plan_domain,cp_upper,,,,,False,4,5,1,0.0001,0.0004742976591654368,k_box=1.0,minimum attainable main-event rate_upper over the declared grid (descriptive; its cost is not a comparable cost),1024,optimal,0.0,0.0,0.0,0.0,0.00029952835977661195,"diagnostic frontier point (training scenarios only); not a method, never a member"
1,SD-S2,0.01,SDSRC14_MAIN9,SD-SRC14,MAIN9,"SDSRC14_MAIN9:M3b[factory box k=1.5, Gamma selected]@alpha=0.01",M3b_budget_robust,M3b_budget_robust,entry,True,selected,gamma=4,optimal,,main_reference_plan_domain,cp_upper,0.0001,0.0001,0.0004742976591654368,True,True,4,35,19,0.0,0.00029952835977661195,"gamma=3 {""k_box"": 1.5}",minimum attainable main-event rate_upper over the declared grid (descriptive; its cost is not a comparable cost),1024,optimal,0.0,0.0,0.0,0.0,0.00029952835977661195,"diagnostic frontier point (training scenarios only); not a method, never a member"
1,SD-SRC14,0.05,SD12MO_MAIN9,SD-12MO,MAIN9,SD12MO_MAIN9:M0,M0_nominal,M0_nominal,entry,True,,,optimal,,main_reference_plan_domain,cp_upper,0.8719,0.8719,0.8773665751076721,False,False,4,1,1,0.8719,0.8773665751076721,,minimum attainable main-event rate_upper over the declared grid (descriptive; its cost is not a comparable cost),1024,optimal,0.0,0.0,0.2509,0.2512,0.2584368699487442,"diagnostic frontier point (training scenarios only); not a method, never a member"
1,SD-SRC14,0.05,SD12MO_MAIN9,SD-12MO,MAIN9,"SD12MO_MAIN9:M1[relative,apply_to_dm=False]@alpha=0.05",M1_safety_margin,M1_safety_margin[apply_to_dm=False],sensitivity_line,False,not_met,,,"no value of the declared grid met the validation screen (candidate statuses: optimal, proven_infeasible); a grid without a solution is not a statement about the whole decision space",main_reference_plan_domain,cp_upper,,,,,False,4,5,4,0.2027,0.20942618919936745,k=0.075,minimum attainable main-event rate_upper over the declared grid (descriptive; its cost is not a comparable cost),1024,optimal,0.0,0.0,0.2509,0.2512,0.2584368699487442,"diagnostic frontier point (training scenarios only); not a method, never a member"
1,SD-SRC14,0.05,SD12MO_MAIN9,SD-12MO,MAIN9,"SD12MO_MAIN9:M1[relative,apply_to_dm=True]@alpha=0.05",M1_safety_margin,M1_safety_margin[apply_to_dm=True],entry,False,not_met,,,"no value of the declared grid met the validation screen (candidate statuses: optimal, proven_infeasible); a grid without a solution is not a statement about the whole decision space",main_reference_plan_domain,cp_upper,,,,,False,4,5,2,0.7248,0.7321471209779911,k=0.025,minimum attainable main-event rate_upper over the declared grid (descriptive; its cost is not a comparable cost),1024,optimal,0.0,0.0,0.2509,0.2512,0.2584368699487442,"diagnostic frontier point (training scenarios only); not a method, never a member"
1,SD-SRC14,0.05,SD12MO_MAIN9,SD-12MO,MAIN9,SD12MO_MAIN9:M2[N=1024]@alpha=0.05,M2_joint_chance_saa,M2_joint_chance_saa[N=1024],entry,True,selected,alpha_train=0.025,feasible_time_limit,,main_reference_plan_domain,cp_upper,0.4297,0.4299,0.4381073773766251,False,False,4,4,4,0.3697,0.37771744182258754,alpha_train=0.0125,minimum attainable main-event rate_upper over the declared grid (descriptive; its cost is not a comparable cost),1024,optimal,0.0,0.0,0.2509,0.2512,0.2584368699487442,"diagnostic frontier point (training scenarios only); not a method, never a member"
1,SD-SRC14,0.05,SD12MO_MAIN9,SD-12MO,MAIN9,SD12MO_MAIN9:M2[N=128]@alpha=0.05,M2_joint_chance_saa,M2_joint_chance_saa[N=128],entry,False,not_met,,,no value of the declared grid met the validation screen (candidate statuses: optimal); a grid without a solution is not a statement about the whole decision space,main_reference_plan_domain,cp_upper,,,,,False,4,4,4,0.4858,0.494073236463697,alpha_train=0.0125,minimum attainable main-event rate_upper over the declared grid (descriptive; its cost is not a comparable cost),128,optimal,0.0,0.0,0.4739,0.4739,0.48216790518924446,"diagnostic frontier point (training scenarios only); not a method, never a member"
1,SD-SRC14,0.05,SD12MO_MAIN9,SD-12MO,MAIN9,SD12MO_MAIN9:M2[N=512]@alpha=0.05,M2_joint_chance_saa,M2_joint_chance_saa[N=512],entry,True,selected,alpha_train=0.0125,optimal,,main_reference_plan_domain,cp_upper,0.429,0.4291,0.43730567592619807,False,False,4,4,4,0.4291,0.43730567592619807,alpha_train=0.0125,minimum attainable main-event rate_upper over the declared grid (descriptive; its cost is not a comparable cost),512,optimal,0.0,0.0,0.3625,0.3626,0.3705865300563189,"diagnostic frontier point (training scenarios only); not a method, never a member"
1,SD-SRC14,0.05,SD12MO_MAIN9,SD-12MO,MAIN9,SD12MO_MAIN9:M3a[factory box]@alpha=0.05,M3a_box_robust,M3a_box_robust,entry,False,not_met,,,"no value of the declared grid met the validation screen (candidate statuses: optimal, proven_infeasible); a grid without a solution is not a statement about the whole decision space",main_reference_plan_domain,cp_upper,,,,,False,4,5,1,0.7091,0.7165748767555825,k_box=1.0,minimum attainable main-event rate_upper over the declared grid (descriptive; its cost is not a comparable cost),1024,optimal,0.0,0.0,0.2509,0.2512,0.2584368699487442,"diagnostic frontier point (training scenarios only); not a method, never a member"
1,SD-SRC14,0.05,SD12MO_MAIN9,SD-12MO,MAIN9,"SD12MO_MAIN9:M3b[factory box k=3, Gamma selected]@alpha=0.05",M3b_budget_robust,M3b_budget_robust,entry,True,selected,gamma=1,optimal,,main_reference_plan_domain,cp_upper,0.2887,0.2887,0.2962487049210039,False,False,4,35,18,0.1377,0.14349598636647556,"gamma=4 {""k_box"": 1.5}",minimum attainable main-event rate_upper over the declared grid (descriptive; its cost is not a comparable cost),1024,optimal,0.0,0.0,0.2509,0.2512,0.2584368699487442,"diagnostic frontier point (training scenarios only); not a method, never a member"
1,SD-SRC14,0.05,SDH0_MAIN9,SD-H0,MAIN9,SDH0_MAIN9:M0,M0_nominal,M0_nominal,entry,True,,,optimal,,main_reference_plan_domain,cp_upper,0.8719,0.8719,0.8773665751076721,False,False,4,1,1,0.8719,0.8773665751076721,,minimum attainable main-event rate_upper over the declared grid (descriptive; its cost is not a comparable cost),1024,frontier_no_feasible_solution_found_no_ration,0.048828125,0.154296875,,,,
1,SD-SRC14,0.05,SDH0_MAIN9,SD-H0,MAIN9,"SDH0_MAIN9:M1[relative,apply_to_dm=False]@alpha=0.05",M1_safety_margin,M1_safety_margin[apply_to_dm=False],sensitivity_line,False,not_met,,,"no value of the declared grid met the validation screen (candidate statuses: optimal, proven_infeasible); a grid without a solution is not a statement about the whole decision space",main_reference_plan_domain,cp_upper,,,,,False,4,5,4,0.2027,0.20942618919936745,k=0.075,minimum attainable main-event rate_upper over the declared grid (descriptive; its cost is not a comparable cost),1024,frontier_no_feasible_solution_found_no_ration,0.048828125,0.154296875,,,,
1,SD-SRC14,0.05,SDH0_MAIN9,SD-H0,MAIN9,"SDH0_MAIN9:M1[relative,apply_to_dm=True]@alpha=0.05",M1_safety_margin,M1_safety_margin[apply_to_dm=True],entry,False,not_met,,,"no value of the declared grid met the validation screen (candidate statuses: optimal, proven_infeasible); a grid without a solution is not a statement about the whole decision space",main_reference_plan_domain,cp_upper,,,,,False,4,5,2,0.7248,0.7321471209779911,k=0.025,minimum attainable main-event rate_upper over the declared grid (descriptive; its cost is not a comparable cost),1024,frontier_no_feasible_solution_found_no_ration,0.048828125,0.154296875,,,,
1,SD-SRC14,0.05,SDH0_MAIN9,SD-H0,MAIN9,SDH0_MAIN9:M2[N=1024]@alpha=0.05,M2_joint_chance_saa,M2_joint_chance_saa[N=1024],entry,False,not_met,,,"SAA over the N training scenarios proven infeasible for every alpha_train of the declared grid (training scenarios only; not a population, field or whole-space statement)",main_reference_plan_domain,cp_upper,,,,,False,4,4,0,,,,no scored grid candidate with a ration (not a whole-space statement),1024,frontier_no_feasible_solution_found_no_ration,0.048828125,0.154296875,,,,
1,SD-SRC14,0.05,SDH0_MAIN9,SD-H0,MAIN9,SDH0_MAIN9:M2[N=128]@alpha=0.05,M2_joint_chance_saa,M2_joint_chance_saa[N=128],entry,False,not_met,,,"SAA over the N training scenarios proven infeasible for every alpha_train of the declared grid (training scenarios only; not a population, field or whole-space statement)",main_reference_plan_domain,cp_upper,,,,,False,4,4,0,,,,no scored grid candidate with a ration (not a whole-space statement),128,optimal,0.1015625,0.1015625,0.0364,0.0368,0.040048445369879476,"diagnostic frontier point (training scenarios only); not a method, never a member"
1,SD-SRC14,0.05,SDH0_MAIN9,SD-H0,MAIN9,SDH0_MAIN9:M2[N=512]@alpha=0.05,M2_joint_chance_saa,M2_joint_chance_saa[N=512],entry,False,not_met,,,"SAA over the N training scenarios proven infeasible for every alpha_train of the declared grid (training scenarios only; not a population, field or whole-space statement)",main_reference_plan_domain,cp_upper,,,,,False,4,4,0,,,,no scored grid candidate with a ration (not a whole-space statement),512,frontier_no_feasible_solution_found_no_ration,0.0546875,0.15234375,,,,
1,SD-SRC14,0.05,SDH0_MAIN9,SD-H0,MAIN9,SDH0_MAIN9:M3a[factory box]@alpha=0.05,M3a_box_robust,M3a_box_robust,entry,False,not_met,,,no value of the declared grid met the validation screen (candidate statuses: proven_infeasible); a grid without a solution is not a statement about the whole decision space,main_reference_plan_domain,cp_upper,,,,,False,4,5,0,,,,no scored grid candidate with a ration (not a whole-space statement),1024,frontier_no_feasible_solution_found_no_ration,0.048828125,0.154296875,,,,
1,SD-SRC14,0.05,SDH0_MAIN9,SD-H0,MAIN9,SDH0_MAIN9:M3b[factory box]@alpha=0.05,M3b_budget_robust,M3b_budget_robust,entry,False,not_met,,,"no value of the declared grid met the validation screen (candidate statuses: optimal, proven_infeasible); a grid without a solution is not a statement about the whole decision space",main_reference_plan_domain,cp_upper,,,,,False,4,35,7,0.2712,0.2786114004507805,"gamma=1 {""k_box"": 1.5}",minimum attainable main-event rate_upper over the declared grid (descriptive; its cost is not a comparable cost),1024,frontier_no_feasible_solution_found_no_ration,0.048828125,0.154296875,,,,
1,SD-SRC14,0.05,SDS2_MAIN9,SD-S2,MAIN9,SDS2_MAIN9:M0,M0_nominal,M0_nominal,entry,True,,,optimal,,main_reference_plan_domain,cp_upper,0.8719,0.8719,0.8773665751076721,False,False,4,1,1,0.8719,0.8773665751076721,,minimum attainable main-event rate_upper over the declared grid (descriptive; its cost is not a comparable cost),1024,optimal,0.0,0.0,0.31,0.3102,0.3178989320265743,"diagnostic frontier point (training scenarios only); not a method, never a member"
1,SD-SRC14,0.05,SDS2_MAIN9,SD-S2,MAIN9,"SDS2_MAIN9:M1[relative,apply_to_dm=False]@alpha=0.05",M1_safety_margin,M1_safety_margin[apply_to_dm=False],sensitivity_line,True,selected,k=0.075,optimal,,main_reference_plan_domain,cp_upper,0.2025,0.2027,0.20942618919936745,False,False,4,5,4,0.2027,0.20942618919936745,k=0.075,minimum attainable main-event rate_upper over the declared grid (descriptive; its cost is not a comparable cost),1024,optimal,0.0,0.0,0.31,0.3102,0.3178989320265743,"diagnostic frontier point (training scenarios only); not a method, never a member"
1,SD-SRC14,0.05,SDS2_MAIN9,SD-S2,MAIN9,"SDS2_MAIN9:M1[relative,apply_to_dm=True]@alpha=0.05",M1_safety_margin,M1_safety_margin[apply_to_dm=True],entry,False,not_met,,,"no value of the declared grid met the validation screen (candidate statuses: optimal, proven_infeasible); a grid without a solution is not a statement about the whole decision space",main_reference_plan_domain,cp_upper,,,,,False,4,5,2,0.7248,0.7321471209779911,k=0.025,minimum attainable main-event rate_upper over the declared grid (descriptive; its cost is not a comparable cost),1024,optimal,0.0,0.0,0.31,0.3102,0.3178989320265743,"diagnostic frontier point (training scenarios only); not a method, never a member"
1,SD-SRC14,0.05,SDS2_MAIN9,SD-S2,MAIN9,SDS2_MAIN9:M2[N=1024]@alpha=0.05,M2_joint_chance_saa,M2_joint_chance_saa[N=1024],entry,True,selected,alpha_train=0.025,feasible_time_limit,,main_reference_plan_domain,cp_upper,0.39,0.3902,0.3982964277539637,False,False,4,4,4,0.301,0.30863706648609696,alpha_train=0.0125,minimum attainable main-event rate_upper over the declared grid (descriptive; its cost is not a comparable cost),1024,optimal,0.0,0.0,0.31,0.3102,0.3178989320265743,"diagnostic frontier point (training scenarios only); not a method, never a member"
1,SD-SRC14,0.05,SDS2_MAIN9,SD-S2,MAIN9,SDS2_MAIN9:M2[N=128]@alpha=0.05,M2_joint_chance_saa,M2_joint_chance_saa[N=128],entry,False,not_met,,,no value of the declared grid met the validation screen (candidate statuses: optimal); a grid without a solution is not a statement about the whole decision space,main_reference_plan_domain,cp_upper,,,,,False,4,4,4,0.4839,0.4921726983854826,alpha_train=0.0125,minimum attainable main-event rate_upper over the declared grid (descriptive; its cost is not a comparable cost),128,optimal,0.0,0.0,0.4476,0.4477,0.45593965099766365,"diagnostic frontier point (training scenarios only); not a method, never a member"
1,SD-SRC14,0.05,SDS2_MAIN9,SD-S2,MAIN9,SDS2_MAIN9:M2[N=512]@alpha=0.05,M2_joint_chance_saa,M2_joint_chance_saa[N=512],entry,True,selected,alpha_train=0.0125,optimal,,main_reference_plan_domain,cp_upper,0.3691,0.3692,0.3772153255002416,False,False,4,4,4,0.3692,0.3772153255002416,alpha_train=0.0125,minimum attainable main-event rate_upper over the declared grid (descriptive; its cost is not a comparable cost),512,optimal,0.0,0.0,0.3915,0.3916,0.3997012738705504,"diagnostic frontier point (training scenarios only); not a method, never a member"
1,SD-SRC14,0.05,SDS2_MAIN9,SD-S2,MAIN9,SDS2_MAIN9:M3a[factory box]@alpha=0.05,M3a_box_robust,M3a_box_robust,entry,True,selected,k_box=1.5,optimal,,main_reference_plan_domain,cp_upper,0.2403,0.2405,0.24763531411898054,False,False,4,5,3,0.0235,0.026147145455158245,k_box=2.0,minimum attainable main-event rate_upper over the declared grid (descriptive; its cost is not a comparable cost),1024,optimal,0.0,0.0,0.31,0.3102,0.3178989320265743,"diagnostic frontier point (training scenarios only); not a method, never a member"
1,SD-SRC14,0.05,SDS2_MAIN9,SD-S2,MAIN9,"SDS2_MAIN9:M3b[factory box k=1.5, Gamma selected]@alpha=0.05",M3b_budget_robust,M3b_budget_robust,entry,True,selected,gamma=3,optimal,,main_reference_plan_domain,cp_upper,0.4119,0.412,0.42016409208063993,False,False,4,35,27,0.0235,0.026147145455158245,"gamma=6 {""k_box"": 2.0}",minimum attainable main-event rate_upper over the declared grid (descriptive; its cost is not a comparable cost),1024,optimal,0.0,0.0,0.31,0.3102,0.3178989320265743,"diagnostic frontier point (training scenarios only); not a method, never a member"
1,SD-SRC14,0.05,SDSRC12_MAIN9,SD-SRC12,MAIN9,SDSRC12_MAIN9:M0,M0_nominal,M0_nominal,entry,True,,,optimal,,main_reference_plan_domain,cp_upper,0.8719,0.8719,0.8773665751076721,False,False,4,1,1,0.8719,0.8773665751076721,,minimum attainable main-event rate_upper over the declared grid (descriptive; its cost is not a comparable cost),1024,frontier_no_feasible_solution_found_no_ration,0.017578125,0.021484375,,,,
1,SD-SRC14,0.05,SDSRC12_MAIN9,SD-SRC12,MAIN9,"SDSRC12_MAIN9:M1[relative,apply_to_dm=False]@alpha=0.05",M1_safety_margin,M1_safety_margin[apply_to_dm=False],sensitivity_line,False,not_met,,,"no value of the declared grid met the validation screen (candidate statuses: optimal, proven_infeasible); a grid without a solution is not a statement about the whole decision space",main_reference_plan_domain,cp_upper,,,,,False,4,5,4,0.2027,0.20942618919936745,k=0.075,minimum attainable main-event rate_upper over the declared grid (descriptive; its cost is not a comparable cost),1024,frontier_no_feasible_solution_found_no_ration,0.017578125,0.021484375,,,,
1,SD-SRC14,0.05,SDSRC12_MAIN9,SD-SRC12,MAIN9,"SDSRC12_MAIN9:M1[relative,apply_to_dm=True]@alpha=0.05",M1_safety_margin,M1_safety_margin[apply_to_dm=True],entry,False,not_met,,,"no value of the declared grid met the validation screen (candidate statuses: optimal, proven_infeasible); a grid without a solution is not a statement about the whole decision space",main_reference_plan_domain,cp_upper,,,,,False,4,5,2,0.7248,0.7321471209779911,k=0.025,minimum attainable main-event rate_upper over the declared grid (descriptive; its cost is not a comparable cost),1024,frontier_no_feasible_solution_found_no_ration,0.017578125,0.021484375,,,,
1,SD-SRC14,0.05,SDSRC12_MAIN9,SD-SRC12,MAIN9,SDSRC12_MAIN9:M2[N=1024]@alpha=0.05,M2_joint_chance_saa,M2_joint_chance_saa[N=1024],entry,True,selected,alpha_train=0.0375,feasible_time_limit,,main_reference_plan_domain,cp_upper,0.0066,0.007,0.008533874102002235,True,True,4,4,3,0.0048,0.00610139897368877,alpha_train=0.025,minimum attainable main-event rate_upper over the declared grid (descriptive; its cost is not a comparable cost),1024,frontier_no_feasible_solution_found_no_ration,0.017578125,0.021484375,,,,
1,SD-SRC14,0.05,SDSRC12_MAIN9,SD-SRC12,MAIN9,SDSRC12_MAIN9:M2[N=128]@alpha=0.05,M2_joint_chance_saa,M2_joint_chance_saa[N=128],entry,False,not_met,,,no value of the declared grid met the validation screen (candidate statuses: optimal); a grid without a solution is not a statement about the whole decision space,main_reference_plan_domain,cp_upper,,,,,False,4,4,4,0.0211,0.02362014266547502,alpha_train=0.0375,minimum attainable main-event rate_upper over the declared grid (descriptive; its cost is not a comparable cost),128,optimal,0.0078125,0.0078125,0.0395,0.0398,0.043166393558569785,"diagnostic frontier point (training scenarios only); not a method, never a member"
1,SD-SRC14,0.05,SDSRC12_MAIN9,SD-SRC12,MAIN9,SDSRC12_MAIN9:M2[N=512]@alpha=0.05,M2_joint_chance_saa,M2_joint_chance_saa[N=512],entry,False,not_met,,,"no value of the declared grid met the validation screen (candidate statuses: feasible_time_limit, optimal, proven_infeasible); a grid without a solution is not a statement about the whole decision space",main_reference_plan_domain,cp_upper,,,,,False,4,4,3,0.0132,0.015236376857479597,alpha_train=0.0375,minimum attainable main-event rate_upper over the declared grid (descriptive; its cost is not a comparable cost),512,optimal,0.013671875,0.013671875,0.0099,0.0103,0.012121191080995774,"diagnostic frontier point (training scenarios only); not a method, never a member"
1,SD-SRC14,0.05,SDSRC12_MAIN9,SD-SRC12,MAIN9,SDSRC12_MAIN9:M3a[factory box]@alpha=0.05,M3a_box_robust,M3a_box_robust,entry,False,not_met,,,no value of the declared grid met the validation screen (candidate statuses: proven_infeasible); a grid without a solution is not a statement about the whole decision space,main_reference_plan_domain,cp_upper,,,,,False,4,5,0,,,,no scored grid candidate with a ration (not a whole-space statement),1024,frontier_no_feasible_solution_found_no_ration,0.017578125,0.021484375,,,,
1,SD-SRC14,0.05,SDSRC12_MAIN9,SD-SRC12,MAIN9,SDSRC12_MAIN9:M3b[factory box]@alpha=0.05,M3b_budget_robust,M3b_budget_robust,entry,False,not_met,,,"no value of the declared grid met the validation screen (candidate statuses: optimal, proven_infeasible); a grid without a solution is not a statement about the whole decision space",main_reference_plan_domain,cp_upper,,,,,False,4,35,11,0.0539,0.05776175617074923,"gamma=4 {""k_box"": 1.0}",minimum attainable main-event rate_upper over the declared grid (descriptive; its cost is not a comparable cost),1024,frontier_no_feasible_solution_found_no_ration,0.017578125,0.021484375,,,,
1,SD-SRC14,0.05,SDSRC14_MAIN9,SD-SRC14,MAIN9,SDSRC14_MAIN9:M0,M0_nominal,M0_nominal,entry,True,,,optimal,,main_reference_plan_domain,cp_upper,0.8719,0.8719,0.8773665751076721,False,False,4,1,1,0.8719,0.8773665751076721,,minimum attainable main-event rate_upper over the declared grid (descriptive; its cost is not a comparable cost),1024,optimal,0.0,0.0,0.0036,0.004,0.0052037929808234195,"diagnostic frontier point (training scenarios only); not a method, never a member"
1,SD-SRC14,0.05,SDSRC14_MAIN9,SD-SRC14,MAIN9,"SDSRC14_MAIN9:M1[relative,apply_to_dm=False]@alpha=0.05",M1_safety_margin,M1_safety_margin[apply_to_dm=False],sensitivity_line,False,not_met,,,"no value of the declared grid met the validation screen (candidate statuses: optimal, proven_infeasible); a grid without a solution is not a statement about the whole decision space",main_reference_plan_domain,cp_upper,,,,,False,4,5,4,0.2027,0.20942618919936745,k=0.075,minimum attainable main-event rate_upper over the declared grid (descriptive; its cost is not a comparable cost),1024,optimal,0.0,0.0,0.0036,0.004,0.0052037929808234195,"diagnostic frontier point (training scenarios only); not a method, never a member"
1,SD-SRC14,0.05,SDSRC14_MAIN9,SD-SRC14,MAIN9,"SDSRC14_MAIN9:M1[relative,apply_to_dm=True]@alpha=0.05",M1_safety_margin,M1_safety_margin[apply_to_dm=True],entry,False,not_met,,,"no value of the declared grid met the validation screen (candidate statuses: optimal, proven_infeasible); a grid without a solution is not a statement about the whole decision space",main_reference_plan_domain,cp_upper,,,,,False,4,5,2,0.7248,0.7321471209779911,k=0.025,minimum attainable main-event rate_upper over the declared grid (descriptive; its cost is not a comparable cost),1024,optimal,0.0,0.0,0.0036,0.004,0.0052037929808234195,"diagnostic frontier point (training scenarios only); not a method, never a member"
1,SD-SRC14,0.05,SDSRC14_MAIN9,SD-SRC14,MAIN9,SDSRC14_MAIN9:M2[N=1024]@alpha=0.05,M2_joint_chance_saa,M2_joint_chance_saa[N=1024],entry,True,selected,alpha_train=0.0375,feasible_time_limit,,main_reference_plan_domain,cp_upper,0.0198,0.0202,0.02267053568297092,True,True,4,4,4,0.0113,0.01319855965084901,alpha_train=0.0125,minimum attainable main-event rate_upper over the declared grid (descriptive; its cost is not a comparable cost),1024,optimal,0.0,0.0,0.0036,0.004,0.0052037929808234195,"diagnostic frontier point (training scenarios only); not a method, never a member"
1,SD-SRC14,0.05,SDSRC14_MAIN9,SD-SRC14,MAIN9,SDSRC14_MAIN9:M2[N=128]@alpha=0.05,M2_joint_chance_saa,M2_joint_chance_saa[N=128],entry,False,not_met,,,no value of the declared grid met the validation screen (candidate statuses: optimal); a grid without a solution is not a statement about the whole decision space,main_reference_plan_domain,cp_upper,,,,,False,4,4,4,0.0201,0.022564951746577255,alpha_train=0.025,minimum attainable main-event rate_upper over the declared grid (descriptive; its cost is not a comparable cost),128,optimal,0.0,0.0,0.0301,0.0305,0.03348185218489777,"diagnostic frontier point (training scenarios only); not a method, never a member"
1,SD-SRC14,0.05,SDSRC14_MAIN9,SD-SRC14,MAIN9,SDSRC14_MAIN9:M2[N=512]@alpha=0.05,M2_joint_chance_saa,M2_joint_chance_saa[N=512],entry,True,selected,alpha_train=0.025,optimal,,main_reference_plan_domain,cp_upper,0.0219,0.0223,0.024884559877903285,True,True,4,4,4,0.0214,0.023936426763955042,alpha_train=0.0125,minimum attainable main-event rate_upper over the declared grid (descriptive; its cost is not a comparable cost),512,optimal,0.0,0.0,0.0181,0.0185,0.0208735198253204,"diagnostic frontier point (training scenarios only); not a method, never a member"
1,SD-SRC14,0.05,SDSRC14_MAIN9,SD-SRC14,MAIN9,SDSRC14_MAIN9:M3a[factory box]@alpha=0.05,M3a_box_robust,M3a_box_robust,entry,False,not_met,,,"no value of the declared grid met the validation screen (candidate statuses: optimal, proven_infeasible); a grid without a solution is not a statement about the whole decision space",main_reference_plan_domain,cp_upper,,,,,False,4,5,1,0.0505,0.05424998604571277,k_box=1.0,minimum attainable main-event rate_upper over the declared grid (descriptive; its cost is not a comparable cost),1024,optimal,0.0,0.0,0.0036,0.004,0.0052037929808234195,"diagnostic frontier point (training scenarios only); not a method, never a member"
1,SD-SRC14,0.05,SDSRC14_MAIN9,SD-SRC14,MAIN9,"SDSRC14_MAIN9:M3b[factory box k=1.5, Gamma selected]@alpha=0.05",M3b_budget_robust,M3b_budget_robust,entry,True,selected,gamma=3,optimal,,main_reference_plan_domain,cp_upper,0.0133,0.0136,0.01566405176950207,True,True,4,35,19,0.0033,0.004410052749836001,"gamma=4 {""k_box"": 1.5}",minimum attainable main-event rate_upper over the declared grid (descriptive; its cost is not a comparable cost),1024,optimal,0.0,0.0,0.0036,0.004,0.0052037929808234195,"diagnostic frontier point (training scenarios only); not a method, never a member"
1,SD-SRC14,0.1,SD12MO_MAIN9,SD-12MO,MAIN9,SD12MO_MAIN9:M0,M0_nominal,M0_nominal,entry,True,,,optimal,,main_reference_plan_domain,cp_upper,0.8719,0.8719,0.8773665751076721,False,False,7,1,1,0.8719,0.8773665751076721,,minimum attainable main-event rate_upper over the declared grid (descriptive; its cost is not a comparable cost),1024,optimal,0.0,0.0,0.2509,0.2512,0.2584368699487442,"diagnostic frontier point (training scenarios only); not a method, never a member"
1,SD-SRC14,0.1,SD12MO_MAIN9,SD-12MO,MAIN9,"SD12MO_MAIN9:M1[relative,apply_to_dm=False]@alpha=0.1",M1_safety_margin,M1_safety_margin[apply_to_dm=False],sensitivity_line,True,selected,k=0.075,optimal,,main_reference_plan_domain,cp_upper,0.2025,0.2027,0.20942618919936745,False,False,7,5,4,0.2027,0.20942618919936745,k=0.075,minimum attainable main-event rate_upper over the declared grid (descriptive; its cost is not a comparable cost),1024,optimal,0.0,0.0,0.2509,0.2512,0.2584368699487442,"diagnostic frontier point (training scenarios only); not a method, never a member"
1,SD-SRC14,0.1,SD12MO_MAIN9,SD-12MO,MAIN9,"SD12MO_MAIN9:M1[relative,apply_to_dm=True]@alpha=0.1",M1_safety_margin,M1_safety_margin[apply_to_dm=True],entry,False,not_met,,,"no value of the declared grid met the validation screen (candidate statuses: optimal, proven_infeasible); a grid without a solution is not a statement about the whole decision space",main_reference_plan_domain,cp_upper,,,,,False,7,5,2,0.7248,0.7321471209779911,k=0.025,minimum attainable main-event rate_upper over the declared grid (descriptive; its cost is not a comparable cost),1024,optimal,0.0,0.0,0.2509,0.2512,0.2584368699487442,"diagnostic frontier point (training scenarios only); not a method, never a member"
1,SD-SRC14,0.1,SD12MO_MAIN9,SD-12MO,MAIN9,SD12MO_MAIN9:M2[N=1024]@alpha=0.1,M2_joint_chance_saa,M2_joint_chance_saa[N=1024],entry,True,selected,alpha_train=0.075,feasible_time_limit,,main_reference_plan_domain,cp_upper,0.4922,0.4924,0.5006741821010103,False,False,7,4,4,0.4299,0.4381073773766251,alpha_train=0.025,minimum attainable main-event rate_upper over the declared grid (descriptive; its cost is not a comparable cost),1024,optimal,0.0,0.0,0.2509,0.2512,0.2584368699487442,"diagnostic frontier point (training scenarios only); not a method, never a member"
1,SD-SRC14,0.1,SD12MO_MAIN9,SD-12MO,MAIN9,SD12MO_MAIN9:M2[N=128]@alpha=0.1,M2_joint_chance_saa,M2_joint_chance_saa[N=128],entry,False,not_met,,,no value of the declared grid met the validation screen (candidate statuses: optimal); a grid without a solution is not a statement about the whole decision space,main_reference_plan_domain,cp_upper,,,,,False,7,4,4,0.4963,0.504574067144351,alpha_train=0.025,minimum attainable main-event rate_upper over the declared grid (descriptive; its cost is not a comparable cost),128,optimal,0.0,0.0,0.4739,0.4739,0.48216790518924446,"diagnostic frontier point (training scenarios only); not a method, never a member"
1,SD-SRC14,0.1,SD12MO_MAIN9,SD-12MO,MAIN9,SD12MO_MAIN9:M2[N=512]@alpha=0.1,M2_joint_chance_saa,M2_joint_chance_saa[N=512],entry,True,selected,alpha_train=0.025,optimal,,main_reference_plan_domain,cp_upper,0.4802,0.4804,0.48867139585686575,False,False,7,4,4,0.4804,0.48867139585686575,alpha_train=0.025,minimum attainable main-event rate_upper over the declared grid (descriptive; its cost is not a comparable cost),512,optimal,0.0,0.0,0.3625,0.3626,0.3705865300563189,"diagnostic frontier point (training scenarios only); not a method, never a member"
1,SD-SRC14,0.1,SD12MO_MAIN9,SD-12MO,MAIN9,SD12MO_MAIN9:M3a[factory box]@alpha=0.1,M3a_box_robust,M3a_box_robust,entry,False,not_met,,,"no value of the declared grid met the validation screen (candidate statuses: optimal, proven_infeasible); a grid without a solution is not a statement about the whole decision space",main_reference_plan_domain,cp_upper,,,,,False,7,5,1,0.7091,0.7165748767555825,k_box=1.0,minimum attainable main-event rate_upper over the declared grid (descriptive; its cost is not a comparable cost),1024,optimal,0.0,0.0,0.2509,0.2512,0.2584368699487442,"diagnostic frontier point (training scenarios only); not a method, never a member"
1,SD-SRC14,0.1,SD12MO_MAIN9,SD-12MO,MAIN9,"SD12MO_MAIN9:M3b[factory box k=1.5, Gamma selected]@alpha=0.1",M3b_budget_robust,M3b_budget_robust,entry,True,selected,gamma=2,optimal,,main_reference_plan_domain,cp_upper,0.4979,0.498,0.5062738604565098,False,False,7,35,18,0.1377,0.14349598636647556,"gamma=4 {""k_box"": 1.5}",minimum attainable main-event rate_upper over the declared grid (descriptive; its cost is not a comparable cost),1024,optimal,0.0,0.0,0.2509,0.2512,0.2584368699487442,"diagnostic frontier point (training scenarios only); not a method, never a member"
1,SD-SRC14,0.1,SDH0_MAIN9,SD-H0,MAIN9,SDH0_MAIN9:M0,M0_nominal,M0_nominal,entry,True,,,optimal,,main_reference_plan_domain,cp_upper,0.8719,0.8719,0.8773665751076721,False,False,7,1,1,0.8719,0.8773665751076721,,minimum attainable main-event rate_upper over the declared grid (descriptive; its cost is not a comparable cost),1024,frontier_no_feasible_solution_found_no_ration,0.048828125,0.154296875,,,,
1,SD-SRC14,0.1,SDH0_MAIN9,SD-H0,MAIN9,"SDH0_MAIN9:M1[relative,apply_to_dm=False]@alpha=0.1",M1_safety_margin,M1_safety_margin[apply_to_dm=False],sensitivity_line,False,not_met,,,"no value of the declared grid met the validation screen (candidate statuses: optimal, proven_infeasible); a grid without a solution is not a statement about the whole decision space",main_reference_plan_domain,cp_upper,,,,,False,7,5,4,0.2027,0.20942618919936745,k=0.075,minimum attainable main-event rate_upper over the declared grid (descriptive; its cost is not a comparable cost),1024,frontier_no_feasible_solution_found_no_ration,0.048828125,0.154296875,,,,
1,SD-SRC14,0.1,SDH0_MAIN9,SD-H0,MAIN9,"SDH0_MAIN9:M1[relative,apply_to_dm=True]@alpha=0.1",M1_safety_margin,M1_safety_margin[apply_to_dm=True],entry,False,not_met,,,"no value of the declared grid met the validation screen (candidate statuses: optimal, proven_infeasible); a grid without a solution is not a statement about the whole decision space",main_reference_plan_domain,cp_upper,,,,,False,7,5,2,0.7248,0.7321471209779911,k=0.025,minimum attainable main-event rate_upper over the declared grid (descriptive; its cost is not a comparable cost),1024,frontier_no_feasible_solution_found_no_ration,0.048828125,0.154296875,,,,
1,SD-SRC14,0.1,SDH0_MAIN9,SD-H0,MAIN9,SDH0_MAIN9:M2[N=1024]@alpha=0.1,M2_joint_chance_saa,M2_joint_chance_saa[N=1024],entry,False,not_met,,,"no value of the declared grid met the validation screen (candidate statuses: no_feasible_solution_found, proven_infeasible); a grid without a solution is not a statement about the whole decision space",main_reference_plan_domain,cp_upper,,,,,False,7,4,0,,,,no scored grid candidate with a ration (not a whole-space statement),1024,frontier_no_feasible_solution_found_no_ration,0.048828125,0.154296875,,,,
1,SD-SRC14,0.1,SDH0_MAIN9,SD-H0,MAIN9,SDH0_MAIN9:M2[N=128]@alpha=0.1,M2_joint_chance_saa,M2_joint_chance_saa[N=128],entry,False,not_met,,,"SAA over the N training scenarios proven infeasible for every alpha_train of the declared grid (training scenarios only; not a population, field or whole-space statement)",main_reference_plan_domain,cp_upper,,,,,False,7,4,0,,,,no scored grid candidate with a ration (not a whole-space statement),128,optimal,0.1015625,0.1015625,0.0364,0.0368,0.040048445369879476,"diagnostic frontier point (training scenarios only); not a method, never a member"
1,SD-SRC14,0.1,SDH0_MAIN9,SD-H0,MAIN9,SDH0_MAIN9:M2[N=512]@alpha=0.1,M2_joint_chance_saa,M2_joint_chance_saa[N=512],entry,False,not_met,,,"no value of the declared grid met the validation screen (candidate statuses: no_feasible_solution_found, proven_infeasible); a grid without a solution is not a statement about the whole decision space",main_reference_plan_domain,cp_upper,,,,,False,7,4,0,,,,no scored grid candidate with a ration (not a whole-space statement),512,frontier_no_feasible_solution_found_no_ration,0.0546875,0.15234375,,,,
1,SD-SRC14,0.1,SDH0_MAIN9,SD-H0,MAIN9,SDH0_MAIN9:M3a[factory box]@alpha=0.1,M3a_box_robust,M3a_box_robust,entry,False,not_met,,,no value of the declared grid met the validation screen (candidate statuses: proven_infeasible); a grid without a solution is not a statement about the whole decision space,main_reference_plan_domain,cp_upper,,,,,False,7,5,0,,,,no scored grid candidate with a ration (not a whole-space statement),1024,frontier_no_feasible_solution_found_no_ration,0.048828125,0.154296875,,,,
1,SD-SRC14,0.1,SDH0_MAIN9,SD-H0,MAIN9,SDH0_MAIN9:M3b[factory box]@alpha=0.1,M3b_budget_robust,M3b_budget_robust,entry,False,not_met,,,"no value of the declared grid met the validation screen (candidate statuses: optimal, proven_infeasible); a grid without a solution is not a statement about the whole decision space",main_reference_plan_domain,cp_upper,,,,,False,7,35,7,0.2712,0.2786114004507805,"gamma=1 {""k_box"": 1.5}",minimum attainable main-event rate_upper over the declared grid (descriptive; its cost is not a comparable cost),1024,frontier_no_feasible_solution_found_no_ration,0.048828125,0.154296875,,,,
1,SD-SRC14,0.1,SDS2_MAIN9,SD-S2,MAIN9,SDS2_MAIN9:M0,M0_nominal,M0_nominal,entry,True,,,optimal,,main_reference_plan_domain,cp_upper,0.8719,0.8719,0.8773665751076721,False,False,7,1,1,0.8719,0.8773665751076721,,minimum attainable main-event rate_upper over the declared grid (descriptive; its cost is not a comparable cost),1024,optimal,0.0,0.0,0.31,0.3102,0.3178989320265743,"diagnostic frontier point (training scenarios only); not a method, never a member"
1,SD-SRC14,0.1,SDS2_MAIN9,SD-S2,MAIN9,"SDS2_MAIN9:M1[relative,apply_to_dm=False]@alpha=0.1",M1_safety_margin,M1_safety_margin[apply_to_dm=False],sensitivity_line,True,selected,k=0.075,optimal,,main_reference_plan_domain,cp_upper,0.2025,0.2027,0.20942618919936745,False,False,7,5,4,0.2027,0.20942618919936745,k=0.075,minimum attainable main-event rate_upper over the declared grid (descriptive; its cost is not a comparable cost),1024,optimal,0.0,0.0,0.31,0.3102,0.3178989320265743,"diagnostic frontier point (training scenarios only); not a method, never a member"
1,SD-SRC14,0.1,SDS2_MAIN9,SD-S2,MAIN9,"SDS2_MAIN9:M1[relative,apply_to_dm=True]@alpha=0.1",M1_safety_margin,M1_safety_margin[apply_to_dm=True],entry,False,not_met,,,"no value of the declared grid met the validation screen (candidate statuses: optimal, proven_infeasible); a grid without a solution is not a statement about the whole decision space",main_reference_plan_domain,cp_upper,,,,,False,7,5,2,0.7248,0.7321471209779911,k=0.025,minimum attainable main-event rate_upper over the declared grid (descriptive; its cost is not a comparable cost),1024,optimal,0.0,0.0,0.31,0.3102,0.3178989320265743,"diagnostic frontier point (training scenarios only); not a method, never a member"
1,SD-SRC14,0.1,SDS2_MAIN9,SD-S2,MAIN9,SDS2_MAIN9:M2[N=1024]@alpha=0.1,M2_joint_chance_saa,M2_joint_chance_saa[N=1024],entry,True,selected,alpha_train=0.075,feasible_time_limit,,main_reference_plan_domain,cp_upper,0.4876,0.4878,0.49607367443452877,False,False,7,4,4,0.3902,0.3982964277539637,alpha_train=0.025,minimum attainable main-event rate_upper over the declared grid (descriptive; its cost is not a comparable cost),1024,optimal,0.0,0.0,0.31,0.3102,0.3178989320265743,"diagnostic frontier point (training scenarios only); not a method, never a member"
1,SD-SRC14,0.1,SDS2_MAIN9,SD-S2,MAIN9,SDS2_MAIN9:M2[N=128]@alpha=0.1,M2_joint_chance_saa,M2_joint_chance_saa[N=128],entry,False,not_met,,,no value of the declared grid met the validation screen (candidate statuses: optimal); a grid without a solution is not a statement about the whole decision space,main_reference_plan_domain,cp_upper,,,,,False,7,4,4,0.4973,0.5055739570755036,alpha_train=0.025,minimum attainable main-event rate_upper over the declared grid (descriptive; its cost is not a comparable cost),128,optimal,0.0,0.0,0.4476,0.4477,0.45593965099766365,"diagnostic frontier point (training scenarios only); not a method, never a member"
1,SD-SRC14,0.1,SDS2_MAIN9,SD-S2,MAIN9,SDS2_MAIN9:M2[N=512]@alpha=0.1,M2_joint_chance_saa,M2_joint_chance_saa[N=512],entry,True,selected,alpha_train=0.025,optimal,,main_reference_plan_domain,cp_upper,0.4682,0.4684,0.4766638617973484,False,False,7,4,4,0.4684,0.4766638617973484,alpha_train=0.025,minimum attainable main-event rate_upper over the declared grid (descriptive; its cost is not a comparable cost),512,optimal,0.0,0.0,0.3915,0.3916,0.3997012738705504,"diagnostic frontier point (training scenarios only); not a method, never a member"
1,SD-SRC14,0.1,SDS2_MAIN9,SD-S2,MAIN9,SDS2_MAIN9:M3a[factory box]@alpha=0.1,M3a_box_robust,M3a_box_robust,entry,True,selected,k_box=1.5,optimal,,main_reference_plan_domain,cp_upper,0.2403,0.2405,0.24763531411898054,False,False,7,5,3,0.0235,0.026147145455158245,k_box=2.0,minimum attainable main-event rate_upper over the declared grid (descriptive; its cost is not a comparable cost),1024,optimal,0.0,0.0,0.31,0.3102,0.3178989320265743,"diagnostic frontier point (training scenarios only); not a method, never a member"
1,SD-SRC14,0.1,SDS2_MAIN9,SD-S2,MAIN9,"SDS2_MAIN9:M3b[factory box k=1.5, Gamma selected]@alpha=0.1",M3b_budget_robust,M3b_budget_robust,entry,True,selected,gamma=2,optimal,,main_reference_plan_domain,cp_upper,0.4829,0.483,0.491272402002614,False,False,7,35,27,0.0235,0.026147145455158245,"gamma=6 {""k_box"": 2.0}",minimum attainable main-event rate_upper over the declared grid (descriptive; its cost is not a comparable cost),1024,optimal,0.0,0.0,0.31,0.3102,0.3178989320265743,"diagnostic frontier point (training scenarios only); not a method, never a member"
1,SD-SRC14,0.1,SDSRC12_MAIN9,SD-SRC12,MAIN9,SDSRC12_MAIN9:M0,M0_nominal,M0_nominal,entry,True,,,optimal,,main_reference_plan_domain,cp_upper,0.8719,0.8719,0.8773665751076721,False,False,7,1,1,0.8719,0.8773665751076721,,minimum attainable main-event rate_upper over the declared grid (descriptive; its cost is not a comparable cost),1024,frontier_no_feasible_solution_found_no_ration,0.017578125,0.021484375,,,,
1,SD-SRC14,0.1,SDSRC12_MAIN9,SD-SRC12,MAIN9,"SDSRC12_MAIN9:M1[relative,apply_to_dm=False]@alpha=0.1",M1_safety_margin,M1_safety_margin[apply_to_dm=False],sensitivity_line,False,not_met,,,"no value of the declared grid met the validation screen (candidate statuses: optimal, proven_infeasible); a grid without a solution is not a statement about the whole decision space",main_reference_plan_domain,cp_upper,,,,,False,7,5,4,0.2027,0.20942618919936745,k=0.075,minimum attainable main-event rate_upper over the declared grid (descriptive; its cost is not a comparable cost),1024,frontier_no_feasible_solution_found_no_ration,0.017578125,0.021484375,,,,
1,SD-SRC14,0.1,SDSRC12_MAIN9,SD-SRC12,MAIN9,"SDSRC12_MAIN9:M1[relative,apply_to_dm=True]@alpha=0.1",M1_safety_margin,M1_safety_margin[apply_to_dm=True],entry,False,not_met,,,"no value of the declared grid met the validation screen (candidate statuses: optimal, proven_infeasible); a grid without a solution is not a statement about the whole decision space",main_reference_plan_domain,cp_upper,,,,,False,7,5,2,0.7248,0.7321471209779911,k=0.025,minimum attainable main-event rate_upper over the declared grid (descriptive; its cost is not a comparable cost),1024,frontier_no_feasible_solution_found_no_ration,0.017578125,0.021484375,,,,
1,SD-SRC14,0.1,SDSRC12_MAIN9,SD-SRC12,MAIN9,SDSRC12_MAIN9:M2[N=1024]@alpha=0.1,M2_joint_chance_saa,M2_joint_chance_saa[N=1024],entry,True,selected,alpha_train=0.075,feasible_time_limit,,main_reference_plan_domain,cp_upper,0.0261,0.0265,0.029296443443979348,True,True,7,4,4,0.0048,0.00610139897368877,alpha_train=0.025,minimum attainable main-event rate_upper over the declared grid (descriptive; its cost is not a comparable cost),1024,frontier_no_feasible_solution_found_no_ration,0.017578125,0.021484375,,,,
1,SD-SRC14,0.1,SDSRC12_MAIN9,SD-SRC12,MAIN9,SDSRC12_MAIN9:M2[N=128]@alpha=0.1,M2_joint_chance_saa,M2_joint_chance_saa[N=128],entry,True,selected,alpha_train=0.025,optimal,,main_reference_plan_domain,cp_upper,0.0281,0.0284,0.03128629182911382,True,True,7,4,4,0.0284,0.03128629182911382,alpha_train=0.025,minimum attainable main-event rate_upper over the declared grid (descriptive; its cost is not a comparable cost),128,optimal,0.0078125,0.0078125,0.0395,0.0398,0.043166393558569785,"diagnostic frontier point (training scenarios only); not a method, never a member"
1,SD-SRC14,0.1,SDSRC12_MAIN9,SD-SRC12,MAIN9,SDSRC12_MAIN9:M2[N=512]@alpha=0.1,M2_joint_chance_saa,M2_joint_chance_saa[N=512],entry,True,selected,alpha_train=0.05,feasible_time_limit,,main_reference_plan_domain,cp_upper,0.0229,0.0233,0.02593683577506881,True,True,7,4,4,0.0227,0.025305618217621912,alpha_train=0.025,minimum attainable main-event rate_upper over the declared grid (descriptive; its cost is not a comparable cost),512,optimal,0.013671875,0.013671875,0.0099,0.0103,0.012121191080995774,"diagnostic frontier point (training scenarios only); not a method, never a member"
1,SD-SRC14,0.1,SDSRC12_MAIN9,SD-SRC12,MAIN9,SDSRC12_MAIN9:M3a[factory box]@alpha=0.1,M3a_box_robust,M3a_box_robust,entry,False,not_met,,,no value of the declared grid met the validation screen (candidate statuses: proven_infeasible); a grid without a solution is not a statement about the whole decision space,main_reference_plan_domain,cp_upper,,,,,False,7,5,0,,,,no scored grid candidate with a ration (not a whole-space statement),1024,frontier_no_feasible_solution_found_no_ration,0.017578125,0.021484375,,,,
1,SD-SRC14,0.1,SDSRC12_MAIN9,SD-SRC12,MAIN9,SDSRC12_MAIN9:M3b[factory box]@alpha=0.1,M3b_budget_robust,M3b_budget_robust,entry,False,not_met,,,"no value of the declared grid met the validation screen (candidate statuses: optimal, proven_infeasible); a grid without a solution is not a statement about the whole decision space",main_reference_plan_domain,cp_upper,,,,,False,7,35,11,0.0539,0.05776175617074923,"gamma=4 {""k_box"": 1.0}",minimum attainable main-event rate_upper over the declared grid (descriptive; its cost is not a comparable cost),1024,frontier_no_feasible_solution_found_no_ration,0.017578125,0.021484375,,,,
1,SD-SRC14,0.1,SDSRC14_MAIN9,SD-SRC14,MAIN9,SDSRC14_MAIN9:M0,M0_nominal,M0_nominal,entry,True,,,optimal,,main_reference_plan_domain,cp_upper,0.8719,0.8719,0.8773665751076721,False,False,7,1,1,0.8719,0.8773665751076721,,minimum attainable main-event rate_upper over the declared grid (descriptive; its cost is not a comparable cost),1024,optimal,0.0,0.0,0.0036,0.004,0.0052037929808234195,"diagnostic frontier point (training scenarios only); not a method, never a member"
1,SD-SRC14,0.1,SDSRC14_MAIN9,SD-SRC14,MAIN9,"SDSRC14_MAIN9:M1[relative,apply_to_dm=False]@alpha=0.1",M1_safety_margin,M1_safety_margin[apply_to_dm=False],sensitivity_line,False,not_met,,,"no value of the declared grid met the validation screen (candidate statuses: optimal, proven_infeasible); a grid without a solution is not a statement about the whole decision space",main_reference_plan_domain,cp_upper,,,,,False,7,5,4,0.2027,0.20942618919936745,k=0.075,minimum attainable main-event rate_upper over the declared grid (descriptive; its cost is not a comparable cost),1024,optimal,0.0,0.0,0.0036,0.004,0.0052037929808234195,"diagnostic frontier point (training scenarios only); not a method, never a member"
1,SD-SRC14,0.1,SDSRC14_MAIN9,SD-SRC14,MAIN9,"SDSRC14_MAIN9:M1[relative,apply_to_dm=True]@alpha=0.1",M1_safety_margin,M1_safety_margin[apply_to_dm=True],entry,False,not_met,,,"no value of the declared grid met the validation screen (candidate statuses: optimal, proven_infeasible); a grid without a solution is not a statement about the whole decision space",main_reference_plan_domain,cp_upper,,,,,False,7,5,2,0.7248,0.7321471209779911,k=0.025,minimum attainable main-event rate_upper over the declared grid (descriptive; its cost is not a comparable cost),1024,optimal,0.0,0.0,0.0036,0.004,0.0052037929808234195,"diagnostic frontier point (training scenarios only); not a method, never a member"
1,SD-SRC14,0.1,SDSRC14_MAIN9,SD-SRC14,MAIN9,SDSRC14_MAIN9:M2[N=1024]@alpha=0.1,M2_joint_chance_saa,M2_joint_chance_saa[N=1024],entry,True,selected,alpha_train=0.075,feasible_time_limit,,main_reference_plan_domain,cp_upper,0.0433,0.0437,0.04721240435641327,True,True,7,4,4,0.0172,0.019496101705165338,alpha_train=0.025,minimum attainable main-event rate_upper over the declared grid (descriptive; its cost is not a comparable cost),1024,optimal,0.0,0.0,0.0036,0.004,0.0052037929808234195,"diagnostic frontier point (training scenarios only); not a method, never a member"
1,SD-SRC14,0.1,SDSRC14_MAIN9,SD-SRC14,MAIN9,SDSRC14_MAIN9:M2[N=128]@alpha=0.1,M2_joint_chance_saa,M2_joint_chance_saa[N=128],entry,False,not_met,,,no value of the declared grid met the validation screen (candidate statuses: optimal); a grid without a solution is not a statement about the whole decision space,main_reference_plan_domain,cp_upper,,,,,False,7,4,4,0.0201,0.022564951746577255,alpha_train=0.025,minimum attainable main-event rate_upper over the declared grid (descriptive; its cost is not a comparable cost),128,optimal,0.0,0.0,0.0301,0.0305,0.03348185218489777,"diagnostic frontier point (training scenarios only); not a method, never a member"
1,SD-SRC14,0.1,SDSRC14_MAIN9,SD-SRC14,MAIN9,SDSRC14_MAIN9:M2[N=512]@alpha=0.1,M2_joint_chance_saa,M2_joint_chance_saa[N=512],entry,True,selected,alpha_train=0.05,feasible_time_limit,,main_reference_plan_domain,cp_upper,0.0328,0.0332,0.036299534187164834,True,True,7,4,4,0.0223,0.024884559877903285,alpha_train=0.025,minimum attainable main-event rate_upper over the declared grid (descriptive; its cost is not a comparable cost),512,optimal,0.0,0.0,0.0181,0.0185,0.0208735198253204,"diagnostic frontier point (training scenarios only); not a method, never a member"
1,SD-SRC14,0.1,SDSRC14_MAIN9,SD-SRC14,MAIN9,SDSRC14_MAIN9:M3a[factory box]@alpha=0.1,M3a_box_robust,M3a_box_robust,entry,True,selected,k_box=1.0,optimal,,main_reference_plan_domain,cp_upper,0.0503,0.0505,0.05424998604571277,True,True,7,5,1,0.0505,0.05424998604571277,k_box=1.0,minimum attainable main-event rate_upper over the declared grid (descriptive; its cost is not a comparable cost),1024,optimal,0.0,0.0,0.0036,0.004,0.0052037929808234195,"diagnostic frontier point (training scenarios only); not a method, never a member"
1,SD-SRC14,0.1,SDSRC14_MAIN9,SD-SRC14,MAIN9,"SDSRC14_MAIN9:M3b[factory box k=1, Gamma selected]@alpha=0.1",M3b_budget_robust,M3b_budget_robust,entry,True,selected,gamma=4,optimal,,main_reference_plan_domain,cp_upper,0.0762,0.0765,0.08101392604742072,True,True,7,35,19,0.0033,0.004410052749836001,"gamma=4 {""k_box"": 1.5}",minimum attainable main-event rate_upper over the declared grid (descriptive; its cost is not a comparable cost),1024,optimal,0.0,0.0,0.0036,0.004,0.0052037929808234195,"diagnostic frontier point (training scenarios only); not a method, never a member"
1,SD-SRC14,0.01,SD12MO_MAIN9,SD-12MO,MAIN9,SD12MO_MAIN9:M0,M0_nominal,M0_nominal,entry,True,,,optimal,,main_reference_plan_domain,cp_upper,0.8719,0.8719,0.8773665751076721,False,False,2,1,1,0.8719,0.8773665751076721,,minimum attainable main-event rate_upper over the declared grid (descriptive; its cost is not a comparable cost),1024,optimal,0.0,0.0,0.2509,0.2512,0.2584368699487442,"diagnostic frontier point (training scenarios only); not a method, never a member"
1,SD-SRC14,0.01,SD12MO_MAIN9,SD-12MO,MAIN9,"SD12MO_MAIN9:M1[relative,apply_to_dm=False]@alpha=0.01",M1_safety_margin,M1_safety_margin[apply_to_dm=False],sensitivity_line,False,not_met,,,"no value of the declared grid met the validation screen (candidate statuses: optimal, proven_infeasible); a grid without a solution is not a statement about the whole decision space",main_reference_plan_domain,cp_upper,,,,,False,2,5,4,0.2027,0.20942618919936745,k=0.075,minimum attainable main-event rate_upper over the declared grid (descriptive; its cost is not a comparable cost),1024,optimal,0.0,0.0,0.2509,0.2512,0.2584368699487442,"diagnostic frontier point (training scenarios only); not a method, never a member"
1,SD-SRC14,0.01,SD12MO_MAIN9,SD-12MO,MAIN9,"SD12MO_MAIN9:M1[relative,apply_to_dm=True]@alpha=0.01",M1_safety_margin,M1_safety_margin[apply_to_dm=True],entry,False,not_met,,,"no value of the declared grid met the validation screen (candidate statuses: optimal, proven_infeasible); a grid without a solution is not a statement about the whole decision space",main_reference_plan_domain,cp_upper,,,,,False,2,5,2,0.7248,0.7321471209779911,k=0.025,minimum attainable main-event rate_upper over the declared grid (descriptive; its cost is not a comparable cost),1024,optimal,0.0,0.0,0.2509,0.2512,0.2584368699487442,"diagnostic frontier point (training scenarios only); not a method, never a member"
1,SD-SRC14,0.01,SD12MO_MAIN9,SD-12MO,MAIN9,SD12MO_MAIN9:M2[N=1024]@alpha=0.01,M2_joint_chance_saa,M2_joint_chance_saa[N=1024],entry,False,not_met,,,no value of the declared grid met the validation screen (candidate statuses: optimal); a grid without a solution is not a statement about the whole decision space,main_reference_plan_domain,cp_upper,,,,,False,2,4,4,0.2871,0.29463672477958325,alpha_train=0.0025,minimum attainable main-event rate_upper over the declared grid (descriptive; its cost is not a comparable cost),1024,optimal,0.0,0.0,0.2509,0.2512,0.2584368699487442,"diagnostic frontier point (training scenarios only); not a method, never a member"
1,SD-SRC14,0.01,SD12MO_MAIN9,SD-12MO,MAIN9,SD12MO_MAIN9:M2[N=128]@alpha=0.01,M2_joint_chance_saa,M2_joint_chance_saa[N=128],entry,False,not_met,,,no value of the declared grid met the validation screen (candidate statuses: optimal); a grid without a solution is not a statement about the whole decision space,main_reference_plan_domain,cp_upper,,,,,False,2,4,4,0.4739,0.48216790518924446,alpha_train=0.0075,minimum attainable main-event rate_upper over the declared grid (descriptive; its cost is not a comparable cost),128,optimal,0.0,0.0,0.4739,0.4739,0.48216790518924446,"diagnostic frontier point (training scenarios only); not a method, never a member"
1,SD-SRC14,0.01,SD12MO_MAIN9,SD-12MO,MAIN9,SD12MO_MAIN9:M2[N=512]@alpha=0.01,M2_joint_chance_saa,M2_joint_chance_saa[N=512],entry,False,not_met,,,no value of the declared grid met the validation screen (candidate statuses: optimal); a grid without a solution is not a statement about the whole decision space,main_reference_plan_domain,cp_upper,,,,,False,2,4,4,0.3317,0.33952994262008274,alpha_train=0.005,minimum attainable main-event rate_upper over the declared grid (descriptive; its cost is not a comparable cost),512,optimal,0.0,0.0,0.3625,0.3626,0.3705865300563189,"diagnostic frontier point (training scenarios only); not a method, never a member"
1,SD-SRC14,0.01,SD12MO_MAIN9,SD-12MO,MAIN9,SD12MO_MAIN9:M3a[factory box]@alpha=0.01,M3a_box_robust,M3a_box_robust,entry,False,not_met,,,"no value of the declared grid met the validation screen (candidate statuses: optimal, proven_infeasible); a grid without a solution is not a statement about the whole decision space",main_reference_plan_domain,cp_upper,,,,,False,2,5,1,0.7091,0.7165748767555825,k_box=1.0,minimum attainable main-event rate_upper over the declared grid (descriptive; its cost is not a comparable cost),1024,optimal,0.0,0.0,0.2509,0.2512,0.2584368699487442,"diagnostic frontier point (training scenarios only); not a method, never a member"
1,SD-SRC14,0.01,SD12MO_MAIN9,SD-12MO,MAIN9,SD12MO_MAIN9:M3b[factory box]@alpha=0.01,M3b_budget_robust,M3b_budget_robust,entry,False,not_met,,,no value of the declared grid met the validation screen (candidate statuses: optimal); a grid without a solution is not a statement about the whole decision space,main_reference_plan_domain,cp_upper,,,,,False,2,35,18,0.1377,0.14349598636647556,"gamma=4 {""k_box"": 1.5}",minimum attainable main-event rate_upper over the declared grid (descriptive; its cost is not a comparable cost),1024,optimal,0.0,0.0,0.2509,0.2512,0.2584368699487442,"diagnostic frontier point (training scenarios only); not a method, never a member"
1,SD-SRC14,0.01,SDH0_MAIN9,SD-H0,MAIN9,SDH0_MAIN9:M0,M0_nominal,M0_nominal,entry,True,,,optimal,,main_reference_plan_domain,cp_upper,0.8719,0.8719,0.8773665751076721,False,False,2,1,1,0.8719,0.8773665751076721,,minimum attainable main-event rate_upper over the declared grid (descriptive; its cost is not a comparable cost),1024,frontier_no_feasible_solution_found_no_ration,0.048828125,0.154296875,,,,
1,SD-SRC14,0.01,SDH0_MAIN9,SD-H0,MAIN9,"SDH0_MAIN9:M1[relative,apply_to_dm=False]@alpha=0.01",M1_safety_margin,M1_safety_margin[apply_to_dm=False],sensitivity_line,False,not_met,,,"no value of the declared grid met the validation screen (candidate statuses: optimal, proven_infeasible); a grid without a solution is not a statement about the whole decision space",main_reference_plan_domain,cp_upper,,,,,False,2,5,4,0.2027,0.20942618919936745,k=0.075,minimum attainable main-event rate_upper over the declared grid (descriptive; its cost is not a comparable cost),1024,frontier_no_feasible_solution_found_no_ration,0.048828125,0.154296875,,,,
1,SD-SRC14,0.01,SDH0_MAIN9,SD-H0,MAIN9,"SDH0_MAIN9:M1[relative,apply_to_dm=True]@alpha=0.01",M1_safety_margin,M1_safety_margin[apply_to_dm=True],entry,False,not_met,,,"no value of the declared grid met the validation screen (candidate statuses: optimal, proven_infeasible); a grid without a solution is not a statement about the whole decision space",main_reference_plan_domain,cp_upper,,,,,False,2,5,2,0.7248,0.7321471209779911,k=0.025,minimum attainable main-event rate_upper over the declared grid (descriptive; its cost is not a comparable cost),1024,frontier_no_feasible_solution_found_no_ration,0.048828125,0.154296875,,,,
1,SD-SRC14,0.01,SDH0_MAIN9,SD-H0,MAIN9,SDH0_MAIN9:M2[N=1024]@alpha=0.01,M2_joint_chance_saa,M2_joint_chance_saa[N=1024],entry,False,not_met,,,"SAA over the N training scenarios proven infeasible for every alpha_train of the declared grid (training scenarios only; not a population, field or whole-space statement)",main_reference_plan_domain,cp_upper,,,,,False,2,4,0,,,,no scored grid candidate with a ration (not a whole-space statement),1024,frontier_no_feasible_solution_found_no_ration,0.048828125,0.154296875,,,,
1,SD-SRC14,0.01,SDH0_MAIN9,SD-H0,MAIN9,SDH0_MAIN9:M2[N=128]@alpha=0.01,M2_joint_chance_saa,M2_joint_chance_saa[N=128],entry,False,not_met,,,"SAA over the N training scenarios proven infeasible for every alpha_train of the declared grid (training scenarios only; not a population, field or whole-space statement)",main_reference_plan_domain,cp_upper,,,,,False,2,4,0,,,,no scored grid candidate with a ration (not a whole-space statement),128,optimal,0.1015625,0.1015625,0.0364,0.0368,0.040048445369879476,"diagnostic frontier point (training scenarios only); not a method, never a member"
1,SD-SRC14,0.01,SDH0_MAIN9,SD-H0,MAIN9,SDH0_MAIN9:M2[N=512]@alpha=0.01,M2_joint_chance_saa,M2_joint_chance_saa[N=512],entry,False,not_met,,,"SAA over the N training scenarios proven infeasible for every alpha_train of the declared grid (training scenarios only; not a population, field or whole-space statement)",main_reference_plan_domain,cp_upper,,,,,False,2,4,0,,,,no scored grid candidate with a ration (not a whole-space statement),512,frontier_no_feasible_solution_found_no_ration,0.0546875,0.15234375,,,,
1,SD-SRC14,0.01,SDH0_MAIN9,SD-H0,MAIN9,SDH0_MAIN9:M3a[factory box]@alpha=0.01,M3a_box_robust,M3a_box_robust,entry,False,not_met,,,no value of the declared grid met the validation screen (candidate statuses: proven_infeasible); a grid without a solution is not a statement about the whole decision space,main_reference_plan_domain,cp_upper,,,,,False,2,5,0,,,,no scored grid candidate with a ration (not a whole-space statement),1024,frontier_no_feasible_solution_found_no_ration,0.048828125,0.154296875,,,,
1,SD-SRC14,0.01,SDH0_MAIN9,SD-H0,MAIN9,SDH0_MAIN9:M3b[factory box]@alpha=0.01,M3b_budget_robust,M3b_budget_robust,entry,False,not_met,,,"no value of the declared grid met the validation screen (candidate statuses: optimal, proven_infeasible); a grid without a solution is not a statement about the whole decision space",main_reference_plan_domain,cp_upper,,,,,False,2,35,7,0.2712,0.2786114004507805,"gamma=1 {""k_box"": 1.5}",minimum attainable main-event rate_upper over the declared grid (descriptive; its cost is not a comparable cost),1024,frontier_no_feasible_solution_found_no_ration,0.048828125,0.154296875,,,,
1,SD-SRC14,0.01,SDS2_MAIN9,SD-S2,MAIN9,SDS2_MAIN9:M0,M0_nominal,M0_nominal,entry,True,,,optimal,,main_reference_plan_domain,cp_upper,0.8719,0.8719,0.8773665751076721,False,False,2,1,1,0.8719,0.8773665751076721,,minimum attainable main-event rate_upper over the declared grid (descriptive; its cost is not a comparable cost),1024,optimal,0.0,0.0,0.31,0.3102,0.3178989320265743,"diagnostic frontier point (training scenarios only); not a method, never a member"
1,SD-SRC14,0.01,SDS2_MAIN9,SD-S2,MAIN9,"SDS2_MAIN9:M1[relative,apply_to_dm=False]@alpha=0.01",M1_safety_margin,M1_safety_margin[apply_to_dm=False],sensitivity_line,True,selected,k=0.075,optimal,,main_reference_plan_domain,cp_upper,0.2025,0.2027,0.20942618919936745,False,False,2,5,4,0.2027,0.20942618919936745,k=0.075,minimum attainable main-event rate_upper over the declared grid (descriptive; its cost is not a comparable cost),1024,optimal,0.0,0.0,0.31,0.3102,0.3178989320265743,"diagnostic frontier point (training scenarios only); not a method, never a member"
1,SD-SRC14,0.01,SDS2_MAIN9,SD-S2,MAIN9,"SDS2_MAIN9:M1[relative,apply_to_dm=True]@alpha=0.01",M1_safety_margin,M1_safety_margin[apply_to_dm=True],entry,False,not_met,,,"no value of the declared grid met the validation screen (candidate statuses: optimal, proven_infeasible); a grid without a solution is not a statement about the whole decision space",main_reference_plan_domain,cp_upper,,,,,False,2,5,2,0.7248,0.7321471209779911,k=0.025,minimum attainable main-event rate_upper over the declared grid (descriptive; its cost is not a comparable cost),1024,optimal,0.0,0.0,0.31,0.3102,0.3178989320265743,"diagnostic frontier point (training scenarios only); not a method, never a member"
1,SD-SRC14,0.01,SDS2_MAIN9,SD-S2,MAIN9,SDS2_MAIN9:M2[N=1024]@alpha=0.01,M2_joint_chance_saa,M2_joint_chance_saa[N=1024],entry,False,not_met,,,no value of the declared grid met the validation screen (candidate statuses: optimal); a grid without a solution is not a statement about the whole decision space,main_reference_plan_domain,cp_upper,,,,,False,2,4,4,0.258,0.26529839583448556,alpha_train=0.0025,minimum attainable main-event rate_upper over the declared grid (descriptive; its cost is not a comparable cost),1024,optimal,0.0,0.0,0.31,0.3102,0.3178989320265743,"diagnostic frontier point (training scenarios only); not a method, never a member"
1,SD-SRC14,0.01,SDS2_MAIN9,SD-S2,MAIN9,SDS2_MAIN9:M2[N=128]@alpha=0.01,M2_joint_chance_saa,M2_joint_chance_saa[N=128],entry,False,not_met,,,no value of the declared grid met the validation screen (candidate statuses: optimal); a grid without a solution is not a statement about the whole decision space,main_reference_plan_domain,cp_upper,,,,,False,2,4,4,0.4477,0.45593965099766365,alpha_train=0.0075,minimum attainable main-event rate_upper over the declared grid (descriptive; its cost is not a comparable cost),128,optimal,0.0,0.0,0.4476,0.4477,0.45593965099766365,"diagnostic frontier point (training scenarios only); not a method, never a member"
1,SD-SRC14,0.01,SDS2_MAIN9,SD-S2,MAIN9,SDS2_MAIN9:M2[N=512]@alpha=0.01,M2_joint_chance_saa,M2_joint_chance_saa[N=512],entry,False,not_met,,,no value of the declared grid met the validation screen (candidate statuses: optimal); a grid without a solution is not a statement about the whole decision space,main_reference_plan_domain,cp_upper,,,,,False,2,4,4,0.3181,0.32584924684854544,alpha_train=0.0075,minimum attainable main-event rate_upper over the declared grid (descriptive; its cost is not a comparable cost),512,optimal,0.0,0.0,0.3915,0.3916,0.3997012738705504,"diagnostic frontier point (training scenarios only); not a method, never a member"
1,SD-SRC14,0.01,SDS2_MAIN9,SD-S2,MAIN9,SDS2_MAIN9:M3a[factory box]@alpha=0.01,M3a_box_robust,M3a_box_robust,entry,True,selected,k_box=1.5,optimal,,main_reference_plan_domain,cp_upper,0.2403,0.2405,0.24763531411898054,False,False,2,5,3,0.0235,0.026147145455158245,k_box=2.0,minimum attainable main-event rate_upper over the declared grid (descriptive; its cost is not a comparable cost),1024,optimal,0.0,0.0,0.31,0.3102,0.3178989320265743,"diagnostic frontier point (training scenarios only); not a method, never a member"
1,SD-SRC14,0.01,SDS2_MAIN9,SD-S2,MAIN9,"SDS2_MAIN9:M3b[factory box k=1.5, Gamma selected]@alpha=0.01",M3b_budget_robust,M3b_budget_robust,entry,True,selected,gamma=6,optimal,,main_reference_plan_domain,cp_upper,0.2403,0.2405,0.24763531411898054,False,False,2,35,27,0.0235,0.026147145455158245,"gamma=6 {""k_box"": 2.0}",minimum attainable main-event rate_upper over the declared grid (descriptive; its cost is not a comparable cost),1024,optimal,0.0,0.0,0.31,0.3102,0.3178989320265743,"diagnostic frontier point (training scenarios only); not a method, never a member"
1,SD-SRC14,0.01,SDSRC12_MAIN9,SD-SRC12,MAIN9,SDSRC12_MAIN9:M0,M0_nominal,M0_nominal,entry,True,,,optimal,,main_reference_plan_domain,cp_upper,0.8719,0.8719,0.8773665751076721,False,False,2,1,1,0.8719,0.8773665751076721,,minimum attainable main-event rate_upper over the declared grid (descriptive; its cost is not a comparable cost),1024,frontier_no_feasible_solution_found_no_ration,0.017578125,0.021484375,,,,
1,SD-SRC14,0.01,SDSRC12_MAIN9,SD-SRC12,MAIN9,"SDSRC12_MAIN9:M1[relative,apply_to_dm=False]@alpha=0.01",M1_safety_margin,M1_safety_margin[apply_to_dm=False],sensitivity_line,False,not_met,,,"no value of the declared grid met the validation screen (candidate statuses: optimal, proven_infeasible); a grid without a solution is not a statement about the whole decision space",main_reference_plan_domain,cp_upper,,,,,False,2,5,4,0.2027,0.20942618919936745,k=0.075,minimum attainable main-event rate_upper over the declared grid (descriptive; its cost is not a comparable cost),1024,frontier_no_feasible_solution_found_no_ration,0.017578125,0.021484375,,,,
1,SD-SRC14,0.01,SDSRC12_MAIN9,SD-SRC12,MAIN9,"SDSRC12_MAIN9:M1[relative,apply_to_dm=True]@alpha=0.01",M1_safety_margin,M1_safety_margin[apply_to_dm=True],entry,False,not_met,,,"no value of the declared grid met the validation screen (candidate statuses: optimal, proven_infeasible); a grid without a solution is not a statement about the whole decision space",main_reference_plan_domain,cp_upper,,,,,False,2,5,2,0.7248,0.7321471209779911,k=0.025,minimum attainable main-event rate_upper over the declared grid (descriptive; its cost is not a comparable cost),1024,frontier_no_feasible_solution_found_no_ration,0.017578125,0.021484375,,,,
1,SD-SRC14,0.01,SDSRC12_MAIN9,SD-SRC12,MAIN9,SDSRC12_MAIN9:M2[N=1024]@alpha=0.01,M2_joint_chance_saa,M2_joint_chance_saa[N=1024],entry,False,not_met,,,"SAA over the N training scenarios proven infeasible for every alpha_train of the declared grid (training scenarios only; not a population, field or whole-space statement)",main_reference_plan_domain,cp_upper,,,,,False,2,4,0,,,,no scored grid candidate with a ration (not a whole-space statement),1024,frontier_no_feasible_solution_found_no_ration,0.017578125,0.021484375,,,,
1,SD-SRC14,0.01,SDSRC12_MAIN9,SD-SRC12,MAIN9,SDSRC12_MAIN9:M2[N=128]@alpha=0.01,M2_joint_chance_saa,M2_joint_chance_saa[N=128],entry,False,not_met,,,"no value of the declared grid met the validation screen (candidate statuses: optimal, proven_infeasible); a grid without a solution is not a statement about the whole decision space",main_reference_plan_domain,cp_upper,,,,,False,2,4,1,0.0398,0.043166393558569785,alpha_train=0.01,minimum attainable main-event rate_upper over the declared grid (descriptive; its cost is not a comparable cost),128,optimal,0.0078125,0.0078125,0.0395,0.0398,0.043166393558569785,"diagnostic frontier point (training scenarios only); not a method, never a member"
1,SD-SRC14,0.01,SDSRC12_MAIN9,SD-SRC12,MAIN9,SDSRC12_MAIN9:M2[N=512]@alpha=0.01,M2_joint_chance_saa,M2_joint_chance_saa[N=512],entry,False,not_met,,,"SAA over the N training scenarios proven infeasible for every alpha_train of the declared grid (training scenarios only; not a population, field or whole-space statement)",main_reference_plan_domain,cp_upper,,,,,False,2,4,0,,,,no scored grid candidate with a ration (not a whole-space statement),512,optimal,0.013671875,0.013671875,0.0099,0.0103,0.012121191080995774,"diagnostic frontier point (training scenarios only); not a method, never a member"
1,SD-SRC14,0.01,SDSRC12_MAIN9,SD-SRC12,MAIN9,SDSRC12_MAIN9:M3a[factory box]@alpha=0.01,M3a_box_robust,M3a_box_robust,entry,False,not_met,,,no value of the declared grid met the validation screen (candidate statuses: proven_infeasible); a grid without a solution is not a statement about the whole decision space,main_reference_plan_domain,cp_upper,,,,,False,2,5,0,,,,no scored grid candidate with a ration (not a whole-space statement),1024,frontier_no_feasible_solution_found_no_ration,0.017578125,0.021484375,,,,
1,SD-SRC14,0.01,SDSRC12_MAIN9,SD-SRC12,MAIN9,SDSRC12_MAIN9:M3b[factory box]@alpha=0.01,M3b_budget_robust,M3b_budget_robust,entry,False,not_met,,,"no value of the declared grid met the validation screen (candidate statuses: optimal, proven_infeasible); a grid without a solution is not a statement about the whole decision space",main_reference_plan_domain,cp_upper,,,,,False,2,35,11,0.0539,0.05776175617074923,"gamma=4 {""k_box"": 1.0}",minimum attainable main-event rate_upper over the declared grid (descriptive; its cost is not a comparable cost),1024,frontier_no_feasible_solution_found_no_ration,0.017578125,0.021484375,,,,
1,SD-SRC14,0.01,SDSRC14_MAIN9,SD-SRC14,MAIN9,SDSRC14_MAIN9:M0,M0_nominal,M0_nominal,entry,True,,,optimal,,main_reference_plan_domain,cp_upper,0.8719,0.8719,0.8773665751076721,False,False,2,1,1,0.8719,0.8773665751076721,,minimum attainable main-event rate_upper over the declared grid (descriptive; its cost is not a comparable cost),1024,optimal,0.0,0.0,0.0036,0.004,0.0052037929808234195,"diagnostic frontier point (training scenarios only); not a method, never a member"
1,SD-SRC14,0.01,SDSRC14_MAIN9,SD-SRC14,MAIN9,"SDSRC14_MAIN9:M1[relative,apply_to_dm=False]@alpha=0.01",M1_safety_margin,M1_safety_margin[apply_to_dm=False],sensitivity_line,False,not_met,,,"no value of the declared grid met the validation screen (candidate statuses: optimal, proven_infeasible); a grid without a solution is not a statement about the whole decision space",main_reference_plan_domain,cp_upper,,,,,False,2,5,4,0.2027,0.20942618919936745,k=0.075,minimum attainable main-event rate_upper over the declared grid (descriptive; its cost is not a comparable cost),1024,optimal,0.0,0.0,0.0036,0.004,0.0052037929808234195,"diagnostic frontier point (training scenarios only); not a method, never a member"
1,SD-SRC14,0.01,SDSRC14_MAIN9,SD-SRC14,MAIN9,"SDSRC14_MAIN9:M1[relative,apply_to_dm=True]@alpha=0.01",M1_safety_margin,M1_safety_margin[apply_to_dm=True],entry,False,not_met,,,"no value of the declared grid met the validation screen (candidate statuses: optimal, proven_infeasible); a grid without a solution is not a statement about the whole decision space",main_reference_plan_domain,cp_upper,,,,,False,2,5,2,0.7248,0.7321471209779911,k=0.025,minimum attainable main-event rate_upper over the declared grid (descriptive; its cost is not a comparable cost),1024,optimal,0.0,0.0,0.0036,0.004,0.0052037929808234195,"diagnostic frontier point (training scenarios only); not a method, never a member"
1,SD-SRC14,0.01,SDSRC14_MAIN9,SD-SRC14,MAIN9,SDSRC14_MAIN9:M2[N=1024]@alpha=0.01,M2_joint_chance_saa,M2_joint_chance_saa[N=1024],entry,True,selected,alpha_train=0.0025,optimal,,main_reference_plan_domain,cp_upper,0.0045,0.0049,0.0062130084053166,True,True,2,4,4,0.0049,0.0062130084053166,alpha_train=0.0025,minimum attainable main-event rate_upper over the declared grid (descriptive; its cost is not a comparable cost),1024,optimal,0.0,0.0,0.0036,0.004,0.0052037929808234195,"diagnostic frontier point (training scenarios only); not a method, never a member"
1,SD-SRC14,0.01,SDSRC14_MAIN9,SD-SRC14,MAIN9,SDSRC14_MAIN9:M2[N=128]@alpha=0.01,M2_joint_chance_saa,M2_joint_chance_saa[N=128],entry,False,not_met,,,no value of the declared grid met the validation screen (candidate statuses: optimal); a grid without a solution is not a statement about the whole decision space,main_reference_plan_domain,cp_upper,,,,,False,2,4,4,0.0227,0.025305618217621912,alpha_train=0.01,minimum attainable main-event rate_upper over the declared grid (descriptive; its cost is not a comparable cost),128,optimal,0.0,0.0,0.0301,0.0305,0.03348185218489777,"diagnostic frontier point (training scenarios only); not a method, never a member"
1,SD-SRC14,0.01,SDSRC14_MAIN9,SD-SRC14,MAIN9,SDSRC14_MAIN9:M2[N=512]@alpha=0.01,M2_joint_chance_saa,M2_joint_chance_saa[N=512],entry,False,not_met,,,no value of the declared grid met the validation screen (candidate statuses: optimal); a grid without a solution is not a statement about the whole decision space,main_reference_plan_domain,cp_upper,,,,,False,2,4,4,0.0153,0.017477187884157933,alpha_train=0.0075,minimum attainable main-event rate_upper over the declared grid (descriptive; its cost is not a comparable cost),512,optimal,0.0,0.0,0.0181,0.0185,0.0208735198253204,"diagnostic frontier point (training scenarios only); not a method, never a member"
1,SD-SRC14,0.01,SDSRC14_MAIN9,SD-SRC14,MAIN9,SDSRC14_MAIN9:M3a[factory box]@alpha=0.01,M3a_box_robust,M3a_box_robust,entry,False,not_met,,,"no value of the declared grid met the validation screen (candidate statuses: optimal, proven_infeasible); a grid without a solution is not a statement about the whole decision space",main_reference_plan_domain,cp_upper,,,,,False,2,5,1,0.0505,0.05424998604571277,k_box=1.0,minimum attainable main-event rate_upper over the declared grid (descriptive; its cost is not a comparable cost),1024,optimal,0.0,0.0,0.0036,0.004,0.0052037929808234195,"diagnostic frontier point (training scenarios only); not a method, never a member"
1,SD-SRC14,0.01,SDSRC14_MAIN9,SD-SRC14,MAIN9,"SDSRC14_MAIN9:M3b[factory box k=1.5, Gamma selected]@alpha=0.01",M3b_budget_robust,M3b_budget_robust,entry,True,selected,gamma=4,optimal,,main_reference_plan_domain,cp_upper,0.0029,0.0033,0.004410052749836001,True,True,2,35,19,0.0033,0.004410052749836001,"gamma=4 {""k_box"": 1.5}",minimum attainable main-event rate_upper over the declared grid (descriptive; its cost is not a comparable cost),1024,optimal,0.0,0.0,0.0036,0.004,0.0052037929808234195,"diagnostic frontier point (training scenarios only); not a method, never a member"
1,SD-12MO,0.05,SD12MO_MAIN9,SD-12MO,MAIN9,SD12MO_MAIN9:M0,M0_nominal,M0_nominal,entry,True,,,optimal,,main_reference_plan_domain,cp_upper,0.8032,0.8032,0.8097237760937208,False,False,11,1,1,0.8032,0.8097237760937208,,minimum attainable main-event rate_upper over the declared grid (descriptive; its cost is not a comparable cost),1024,optimal,0.0,0.0,0.005,0.005,0.006324499770793831,"diagnostic frontier point (training scenarios only); not a method, never a member"
1,SD-12MO,0.05,SD12MO_MAIN9,SD-12MO,MAIN9,"SD12MO_MAIN9:M1[relative,apply_to_dm=False]@alpha=0.05",M1_safety_margin,M1_safety_margin[apply_to_dm=False],sensitivity_line,False,not_met,,,"no value of the declared grid met the validation screen (candidate statuses: optimal, proven_infeasible); a grid without a solution is not a statement about the whole decision space",main_reference_plan_domain,cp_upper,,,,,False,11,5,4,0.0637,0.0678620040247188,k=0.075,minimum attainable main-event rate_upper over the declared grid (descriptive; its cost is not a comparable cost),1024,optimal,0.0,0.0,0.005,0.005,0.006324499770793831,"diagnostic frontier point (training scenarios only); not a method, never a member"
1,SD-12MO,0.05,SD12MO_MAIN9,SD-12MO,MAIN9,"SD12MO_MAIN9:M1[relative,apply_to_dm=True]@alpha=0.05",M1_safety_margin,M1_safety_margin[apply_to_dm=True],entry,False,not_met,,,"no value of the declared grid met the validation screen (candidate statuses: optimal, proven_infeasible); a grid without a solution is not a statement about the whole decision space",main_reference_plan_domain,cp_upper,,,,,False,11,5,2,0.3714,0.3794245690223036,k=0.025,minimum attainable main-event rate_upper over the declared grid (descriptive; its cost is not a comparable cost),1024,optimal,0.0,0.0,0.005,0.005,0.006324499770793831,"diagnostic frontier point (training scenarios only); not a method, never a member"
1,SD-12MO,0.05,SD12MO_MAIN9,SD-12MO,MAIN9,SD12MO_MAIN9:M2[N=1024]@alpha=0.05,M2_joint_chance_saa,M2_joint_chance_saa[N=1024],entry,True,selected,alpha_train=0.025,feasible_time_limit,,main_reference_plan_domain,cp_upper,0.0262,0.0262,0.028981939888895355,True,True,11,4,4,0.0116,0.013521076139473042,alpha_train=0.0125,minimum attainable main-event rate_upper over the declared grid (descriptive; its cost is not a comparable cost),1024,optimal,0.0,0.0,0.005,0.005,0.006324499770793831,"diagnostic frontier point (training scenarios only); not a method, never a member"
1,SD-12MO,0.05,SD12MO_MAIN9,SD-12MO,MAIN9,SD12MO_MAIN9:M2[N=128]@alpha=0.05,M2_joint_chance_saa,M2_joint_chance_saa[N=128],entry,False,not_met,,,no value of the declared grid met the validation screen (candidate statuses: optimal); a grid without a solution is not a statement about the whole decision space,main_reference_plan_domain,cp_upper,,,,,False,11,4,4,0.0449,0.04845581555175561,alpha_train=0.025,minimum attainable main-event rate_upper over the declared grid (descriptive; its cost is not a comparable cost),128,optimal,0.0,0.0,0.0368,0.0368,0.040048445369879476,"diagnostic frontier point (training scenarios only); not a method, never a member"
1,SD-12MO,0.05,SD12MO_MAIN9,SD-12MO,MAIN9,SD12MO_MAIN9:M2[N=512]@alpha=0.05,M2_joint_chance_saa,M2_joint_chance_saa[N=512],entry,True,selected,alpha_train=0.0125,optimal,,main_reference_plan_domain,cp_upper,0.0285,0.0285,0.031390928474220724,True,True,11,4,4,0.0285,0.031390928474220724,alpha_train=0.0125,minimum attainable main-event rate_upper over the declared grid (descriptive; its cost is not a comparable cost),512,optimal,0.0,0.0,0.0213,0.0213,0.0238310123523647,"diagnostic frontier point (training scenarios only); not a method, never a member"
1,SD-12MO,0.05,SD12MO_MAIN9,SD-12MO,MAIN9,SD12MO_MAIN9:M3a[factory box]@alpha=0.05,M3a_box_robust,M3a_box_robust,entry,False,not_met,,,"no value of the declared grid met the validation screen (candidate statuses: optimal, proven_infeasible); a grid without a solution is not a statement about the whole decision space",main_reference_plan_domain,cp_upper,,,,,False,11,5,1,0.2095,0.21630596816578748,k_box=1.0,minimum attainable main-event rate_upper over the declared grid (descriptive; its cost is not a comparable cost),1024,optimal,0.0,0.0,0.005,0.005,0.006324499770793831,"diagnostic frontier point (training scenarios only); not a method, never a member"
1,SD-12MO,0.05,SD12MO_MAIN9,SD-12MO,MAIN9,"SD12MO_MAIN9:M3b[factory box k=3, Gamma selected]@alpha=0.05",M3b_budget_robust,M3b_budget_robust,entry,True,selected,gamma=1,optimal,,main_reference_plan_domain,cp_upper,0.0117,0.0117,0.013628514721131038,True,True,11,35,18,0.0113,0.01319855965084901,"gamma=4 {""k_box"": 1.5}",minimum attainable main-event rate_upper over the declared grid (descriptive; its cost is not a comparable cost),1024,optimal,0.0,0.0,0.005,0.005,0.006324499770793831,"diagnostic frontier point (training scenarios only); not a method, never a member"
1,SD-12MO,0.05,SDH0_MAIN9,SD-H0,MAIN9,SDH0_MAIN9:M0,M0_nominal,M0_nominal,entry,True,,,optimal,,main_reference_plan_domain,cp_upper,0.8032,0.8032,0.8097237760937208,False,False,11,1,1,0.8032,0.8097237760937208,,minimum attainable main-event rate_upper over the declared grid (descriptive; its cost is not a comparable cost),1024,frontier_no_feasible_solution_found_no_ration,0.048828125,0.154296875,,,,
1,SD-12MO,0.05,SDH0_MAIN9,SD-H0,MAIN9,"SDH0_MAIN9:M1[relative,apply_to_dm=False]@alpha=0.05",M1_safety_margin,M1_safety_margin[apply_to_dm=False],sensitivity_line,False,not_met,,,"no value of the declared grid met the validation screen (candidate statuses: optimal, proven_infeasible); a grid without a solution is not a statement about the whole decision space",main_reference_plan_domain,cp_upper,,,,,False,11,5,4,0.0637,0.0678620040247188,k=0.075,minimum attainable main-event rate_upper over the declared grid (descriptive; its cost is not a comparable cost),1024,frontier_no_feasible_solution_found_no_ration,0.048828125,0.154296875,,,,
1,SD-12MO,0.05,SDH0_MAIN9,SD-H0,MAIN9,"SDH0_MAIN9:M1[relative,apply_to_dm=True]@alpha=0.05",M1_safety_margin,M1_safety_margin[apply_to_dm=True],entry,False,not_met,,,"no value of the declared grid met the validation screen (candidate statuses: optimal, proven_infeasible); a grid without a solution is not a statement about the whole decision space",main_reference_plan_domain,cp_upper,,,,,False,11,5,2,0.3714,0.3794245690223036,k=0.025,minimum attainable main-event rate_upper over the declared grid (descriptive; its cost is not a comparable cost),1024,frontier_no_feasible_solution_found_no_ration,0.048828125,0.154296875,,,,
1,SD-12MO,0.05,SDH0_MAIN9,SD-H0,MAIN9,SDH0_MAIN9:M2[N=1024]@alpha=0.05,M2_joint_chance_saa,M2_joint_chance_saa[N=1024],entry,False,not_met,,,"SAA over the N training scenarios proven infeasible for every alpha_train of the declared grid (training scenarios only; not a population, field or whole-space statement)",main_reference_plan_domain,cp_upper,,,,,False,11,4,0,,,,no scored grid candidate with a ration (not a whole-space statement),1024,frontier_no_feasible_solution_found_no_ration,0.048828125,0.154296875,,,,
1,SD-12MO,0.05,SDH0_MAIN9,SD-H0,MAIN9,SDH0_MAIN9:M2[N=128]@alpha=0.05,M2_joint_chance_saa,M2_joint_chance_saa[N=128],entry,False,not_met,,,"SAA over the N training scenarios proven infeasible for every alpha_train of the declared grid (training scenarios only; not a population, field or whole-space statement)",main_reference_plan_domain,cp_upper,,,,,False,11,4,0,,,,no scored grid candidate with a ration (not a whole-space statement),128,optimal,0.1015625,0.1015625,0.0005,0.0005,0.0010510137186384818,"diagnostic frontier point (training scenarios only); not a method, never a member"
1,SD-12MO,0.05,SDH0_MAIN9,SD-H0,MAIN9,SDH0_MAIN9:M2[N=512]@alpha=0.05,M2_joint_chance_saa,M2_joint_chance_saa[N=512],entry,False,not_met,,,"SAA over the N training scenarios proven infeasible for every alpha_train of the declared grid (training scenarios only; not a population, field or whole-space statement)",main_reference_plan_domain,cp_upper,,,,,False,11,4,0,,,,no scored grid candidate with a ration (not a whole-space statement),512,frontier_no_feasible_solution_found_no_ration,0.0546875,0.15234375,,,,
1,SD-12MO,0.05,SDH0_MAIN9,SD-H0,MAIN9,SDH0_MAIN9:M3a[factory box]@alpha=0.05,M3a_box_robust,M3a_box_robust,entry,False,not_met,,,no value of the declared grid met the validation screen (candidate statuses: proven_infeasible); a grid without a solution is not a statement about the whole decision space,main_reference_plan_domain,cp_upper,,,,,False,11,5,0,,,,no scored grid candidate with a ration (not a whole-space statement),1024,frontier_no_feasible_solution_found_no_ration,0.048828125,0.154296875,,,,
1,SD-12MO,0.05,SDH0_MAIN9,SD-H0,MAIN9,SDH0_MAIN9:M3b[factory box]@alpha=0.05,M3b_budget_robust,M3b_budget_robust,entry,False,not_met,,,"no value of the declared grid met the validation screen (candidate statuses: optimal, proven_infeasible); a grid without a solution is not a statement about the whole decision space",main_reference_plan_domain,cp_upper,,,,,False,11,35,7,0.0084,0.010062741097753729,"gamma=1 {""k_box"": 1.5}",minimum attainable main-event rate_upper over the declared grid (descriptive; its cost is not a comparable cost),1024,frontier_no_feasible_solution_found_no_ration,0.048828125,0.154296875,,,,
1,SD-12MO,0.05,SDS2_MAIN9,SD-S2,MAIN9,SDS2_MAIN9:M0,M0_nominal,M0_nominal,entry,True,,,optimal,,main_reference_plan_domain,cp_upper,0.8032,0.8032,0.8097237760937208,False,False,11,1,1,0.8032,0.8097237760937208,,minimum attainable main-event rate_upper over the declared grid (descriptive; its cost is not a comparable cost),1024,optimal,0.0,0.0,0.0065,0.0065,0.00798471527353767,"diagnostic frontier point (training scenarios only); not a method, never a member"
1,SD-12MO,0.05,SDS2_MAIN9,SD-S2,MAIN9,"SDS2_MAIN9:M1[relative,apply_to_dm=False]@alpha=0.05",M1_safety_margin,M1_safety_margin[apply_to_dm=False],sensitivity_line,True,selected,k=0.075,optimal,,main_reference_plan_domain,cp_upper,0.0637,0.0637,0.0678620040247188,False,False,11,5,4,0.0637,0.0678620040247188,k=0.075,minimum attainable main-event rate_upper over the declared grid (descriptive; its cost is not a comparable cost),1024,optimal,0.0,0.0,0.0065,0.0065,0.00798471527353767,"diagnostic frontier point (training scenarios only); not a method, never a member"
1,SD-12MO,0.05,SDS2_MAIN9,SD-S2,MAIN9,"SDS2_MAIN9:M1[relative,apply_to_dm=True]@alpha=0.05",M1_safety_margin,M1_safety_margin[apply_to_dm=True],entry,False,not_met,,,"no value of the declared grid met the validation screen (candidate statuses: optimal, proven_infeasible); a grid without a solution is not a statement about the whole decision space",main_reference_plan_domain,cp_upper,,,,,False,11,5,2,0.3714,0.3794245690223036,k=0.025,minimum attainable main-event rate_upper over the declared grid (descriptive; its cost is not a comparable cost),1024,optimal,0.0,0.0,0.0065,0.0065,0.00798471527353767,"diagnostic frontier point (training scenarios only); not a method, never a member"
1,SD-12MO,0.05,SDS2_MAIN9,SD-S2,MAIN9,SDS2_MAIN9:M2[N=1024]@alpha=0.05,M2_joint_chance_saa,M2_joint_chance_saa[N=1024],entry,True,selected,alpha_train=0.025,feasible_time_limit,,main_reference_plan_domain,cp_upper,0.0229,0.0229,0.025516072766601,True,True,11,4,4,0.0133,0.015343335973774424,alpha_train=0.0125,minimum attainable main-event rate_upper over the declared grid (descriptive; its cost is not a comparable cost),1024,optimal,0.0,0.0,0.0065,0.0065,0.00798471527353767,"diagnostic frontier point (training scenarios only); not a method, never a member"
1,SD-12MO,0.05,SDS2_MAIN9,SD-S2,MAIN9,SDS2_MAIN9:M2[N=128]@alpha=0.05,M2_joint_chance_saa,M2_joint_chance_saa[N=128],entry,False,not_met,,,no value of the declared grid met the validation screen (candidate statuses: optimal); a grid without a solution is not a statement about the whole decision space,main_reference_plan_domain,cp_upper,,,,,False,11,4,4,0.0477,0.051354563522270566,alpha_train=0.025,minimum attainable main-event rate_upper over the declared grid (descriptive; its cost is not a comparable cost),128,optimal,0.0,0.0,0.0454,0.0454,0.04897370576509226,"diagnostic frontier point (training scenarios only); not a method, never a member"
1,SD-12MO,0.05,SDS2_MAIN9,SD-S2,MAIN9,SDS2_MAIN9:M2[N=512]@alpha=0.05,M2_joint_chance_saa,M2_joint_chance_saa[N=512],entry,True,selected,alpha_train=0.0125,optimal,,main_reference_plan_domain,cp_upper,0.0288,0.0288,0.03170478524860081,True,True,11,4,4,0.0288,0.03170478524860081,alpha_train=0.0125,minimum attainable main-event rate_upper over the declared grid (descriptive; its cost is not a comparable cost),512,optimal,0.0,0.0,0.0342,0.0342,0.03734176710101112,"diagnostic frontier point (training scenarios only); not a method, never a member"
1,SD-12MO,0.05,SDS2_MAIN9,SD-S2,MAIN9,SDS2_MAIN9:M3a[factory box]@alpha=0.05,M3a_box_robust,M3a_box_robust,entry,True,selected,k_box=1.5,optimal,,main_reference_plan_domain,cp_upper,0.0153,0.0153,0.017477187884157933,True,True,11,5,3,0.0153,0.017477187884157933,k_box=1.5,minimum attainable main-event rate_upper over the declared grid (descriptive; its cost is not a comparable cost),1024,optimal,0.0,0.0,0.0065,0.0065,0.00798471527353767,"diagnostic frontier point (training scenarios only); not a method, never a member"
1,SD-12MO,0.05,SDS2_MAIN9,SD-S2,MAIN9,"SDS2_MAIN9:M3b[factory box k=1.5, Gamma selected]@alpha=0.05",M3b_budget_robust,M3b_budget_robust,entry,True,selected,gamma=3,optimal,,main_reference_plan_domain,cp_upper,0.0311,0.0311,0.03410848623832179,True,True,11,35,27,0.0043,0.0055414466331101305,"gamma=3 {""k_box"": 2.0}",minimum attainable main-event rate_upper over the declared grid (descriptive; its cost is not a comparable cost),1024,optimal,0.0,0.0,0.0065,0.0065,0.00798471527353767,"diagnostic frontier point (training scenarios only); not a method, never a member"
1,SD-12MO,0.05,SDSRC12_MAIN9,SD-SRC12,MAIN9,SDSRC12_MAIN9:M0,M0_nominal,M0_nominal,entry,True,,,optimal,,main_reference_plan_domain,cp_upper,0.8032,0.8032,0.8097237760937208,False,False,11,1,1,0.8032,0.8097237760937208,,minimum attainable main-event rate_upper over the declared grid (descriptive; its cost is not a comparable cost),1024,frontier_no_feasible_solution_found_no_ration,0.017578125,0.021484375,,,,
1,SD-12MO,0.05,SDSRC12_MAIN9,SD-SRC12,MAIN9,"SDSRC12_MAIN9:M1[relative,apply_to_dm=False]@alpha=0.05",M1_safety_margin,M1_safety_margin[apply_to_dm=False],sensitivity_line,False,not_met,,,"no value of the declared grid met the validation screen (candidate statuses: optimal, proven_infeasible); a grid without a solution is not a statement about the whole decision space",main_reference_plan_domain,cp_upper,,,,,False,11,5,4,0.0637,0.0678620040247188,k=0.075,minimum attainable main-event rate_upper over the declared grid (descriptive; its cost is not a comparable cost),1024,frontier_no_feasible_solution_found_no_ration,0.017578125,0.021484375,,,,
1,SD-12MO,0.05,SDSRC12_MAIN9,SD-SRC12,MAIN9,"SDSRC12_MAIN9:M1[relative,apply_to_dm=True]@alpha=0.05",M1_safety_margin,M1_safety_margin[apply_to_dm=True],entry,False,not_met,,,"no value of the declared grid met the validation screen (candidate statuses: optimal, proven_infeasible); a grid without a solution is not a statement about the whole decision space",main_reference_plan_domain,cp_upper,,,,,False,11,5,2,0.3714,0.3794245690223036,k=0.025,minimum attainable main-event rate_upper over the declared grid (descriptive; its cost is not a comparable cost),1024,frontier_no_feasible_solution_found_no_ration,0.017578125,0.021484375,,,,
1,SD-12MO,0.05,SDSRC12_MAIN9,SD-SRC12,MAIN9,SDSRC12_MAIN9:M2[N=1024]@alpha=0.05,M2_joint_chance_saa,M2_joint_chance_saa[N=1024],entry,True,selected,alpha_train=0.0375,feasible_time_limit,,main_reference_plan_domain,cp_upper,0.0003,0.0003,0.0007751813790100997,True,True,11,4,3,0.0002,0.0006294441486871455,alpha_train=0.05,minimum attainable main-event rate_upper over the declared grid (descriptive; its cost is not a comparable cost),1024,frontier_no_feasible_solution_found_no_ration,0.017578125,0.021484375,,,,
1,SD-12MO,0.05,SDSRC12_MAIN9,SD-SRC12,MAIN9,SDSRC12_MAIN9:M2[N=128]@alpha=0.05,M2_joint_chance_saa,M2_joint_chance_saa[N=128],entry,False,not_met,,,no value of the declared grid met the validation screen (candidate statuses: optimal); a grid without a solution is not a statement about the whole decision space,main_reference_plan_domain,cp_upper,,,,,False,11,4,4,0.0005,0.0010510137186384818,alpha_train=0.0375,minimum attainable main-event rate_upper over the declared grid (descriptive; its cost is not a comparable cost),128,optimal,0.0078125,0.0078125,0.0016,0.0016,0.002429109633300806,"diagnostic frontier point (training scenarios only); not a method, never a member"
1,SD-12MO,0.05,SDSRC12_MAIN9,SD-SRC12,MAIN9,SDSRC12_MAIN9:M2[N=512]@alpha=0.05,M2_joint_chance_saa,M2_joint_chance_saa[N=512],entry,False,not_met,,,"no value of the declared grid met the validation screen (candidate statuses: feasible_time_limit, optimal, proven_infeasible); a grid without a solution is not a statement about the whole decision space",main_reference_plan_domain,cp_upper,,,,,False,11,4,3,0.0004,0.0009151160584710777,alpha_train=0.025,minimum attainable main-event rate_upper over the declared grid (descriptive; its cost is not a comparable cost),512,optimal,0.013671875,0.013671875,0.0001,0.0001,0.0004742976591654368,"diagnostic frontier point (training scenarios only); not a method, never a member"
1,SD-12MO,0.05,SDSRC12_MAIN9,SD-SRC12,MAIN9,SDSRC12_MAIN9:M3a[factory box]@alpha=0.05,M3a_box_robust,M3a_box_robust,entry,False,not_met,,,no value of the declared grid met the validation screen (candidate statuses: proven_infeasible); a grid without a solution is not a statement about the whole decision space,main_reference_plan_domain,cp_upper,,,,,False,11,5,0,,,,no scored grid candidate with a ration (not a whole-space statement),1024,frontier_no_feasible_solution_found_no_ration,0.017578125,0.021484375,,,,
1,SD-12MO,0.05,SDSRC12_MAIN9,SD-SRC12,MAIN9,SDSRC12_MAIN9:M3b[factory box]@alpha=0.05,M3b_budget_robust,M3b_budget_robust,entry,False,not_met,,,"no value of the declared grid met the validation screen (candidate statuses: optimal, proven_infeasible); a grid without a solution is not a statement about the whole decision space",main_reference_plan_domain,cp_upper,,,,,False,11,35,11,0.0019,0.002786686053962986,"gamma=4 {""k_box"": 1.0}",minimum attainable main-event rate_upper over the declared grid (descriptive; its cost is not a comparable cost),1024,frontier_no_feasible_solution_found_no_ration,0.017578125,0.021484375,,,,
1,SD-12MO,0.05,SDSRC14_MAIN9,SD-SRC14,MAIN9,SDSRC14_MAIN9:M0,M0_nominal,M0_nominal,entry,True,,,optimal,,main_reference_plan_domain,cp_upper,0.8032,0.8032,0.8097237760937208,False,False,11,1,1,0.8032,0.8097237760937208,,minimum attainable main-event rate_upper over the declared grid (descriptive; its cost is not a comparable cost),1024,optimal,0.0,0.0,0.0171,0.0171,0.019390020592849333,"diagnostic frontier point (training scenarios only); not a method, never a member"
1,SD-12MO,0.05,SDSRC14_MAIN9,SD-SRC14,MAIN9,"SDSRC14_MAIN9:M1[relative,apply_to_dm=False]@alpha=0.05",M1_safety_margin,M1_safety_margin[apply_to_dm=False],sensitivity_line,False,not_met,,,"no value of the declared grid met the validation screen (candidate statuses: optimal, proven_infeasible); a grid without a solution is not a statement about the whole decision space",main_reference_plan_domain,cp_upper,,,,,False,11,5,4,0.0637,0.0678620040247188,k=0.075,minimum attainable main-event rate_upper over the declared grid (descriptive; its cost is not a comparable cost),1024,optimal,0.0,0.0,0.0171,0.0171,0.019390020592849333,"diagnostic frontier point (training scenarios only); not a method, never a member"
1,SD-12MO,0.05,SDSRC14_MAIN9,SD-SRC14,MAIN9,"SDSRC14_MAIN9:M1[relative,apply_to_dm=True]@alpha=0.05",M1_safety_margin,M1_safety_margin[apply_to_dm=True],entry,False,not_met,,,"no value of the declared grid met the validation screen (candidate statuses: optimal, proven_infeasible); a grid without a solution is not a statement about the whole decision space",main_reference_plan_domain,cp_upper,,,,,False,11,5,2,0.3714,0.3794245690223036,k=0.025,minimum attainable main-event rate_upper over the declared grid (descriptive; its cost is not a comparable cost),1024,optimal,0.0,0.0,0.0171,0.0171,0.019390020592849333,"diagnostic frontier point (training scenarios only); not a method, never a member"
1,SD-12MO,0.05,SDSRC14_MAIN9,SD-SRC14,MAIN9,SDSRC14_MAIN9:M2[N=1024]@alpha=0.05,M2_joint_chance_saa,M2_joint_chance_saa[N=1024],entry,True,selected,alpha_train=0.0375,feasible_time_limit,,main_reference_plan_domain,cp_upper,0.0067,0.0067,0.008204600723855685,True,True,11,4,4,0.0016,0.002429109633300806,alpha_train=0.0125,minimum attainable main-event rate_upper over the declared grid (descriptive; its cost is not a comparable cost),1024,optimal,0.0,0.0,0.0171,0.0171,0.019390020592849333,"diagnostic frontier point (training scenarios only); not a method, never a member"
1,SD-12MO,0.05,SDSRC14_MAIN9,SD-SRC14,MAIN9,SDSRC14_MAIN9:M2[N=128]@alpha=0.05,M2_joint_chance_saa,M2_joint_chance_saa[N=128],entry,False,not_met,,,no value of the declared grid met the validation screen (candidate statuses: optimal); a grid without a solution is not a statement about the whole decision space,main_reference_plan_domain,cp_upper,,,,,False,11,4,4,0.0001,0.0004742976591654368,alpha_train=0.0125,minimum attainable main-event rate_upper over the declared grid (descriptive; its cost is not a comparable cost),128,optimal,0.0,0.0,0.0033,0.0033,0.004410052749836001,"diagnostic frontier point (training scenarios only); not a method, never a member"
1,SD-12MO,0.05,SDSRC14_MAIN9,SD-SRC14,MAIN9,SDSRC14_MAIN9:M2[N=512]@alpha=0.05,M2_joint_chance_saa,M2_joint_chance_saa[N=512],entry,True,selected,alpha_train=0.025,optimal,,main_reference_plan_domain,cp_upper,0.0018,0.0018,0.0026680168913457572,True,True,11,4,4,0.0018,0.0026680168913457572,alpha_train=0.025,minimum attainable main-event rate_upper over the declared grid (descriptive; its cost is not a comparable cost),512,optimal,0.0,0.0,0.0071,0.0071,0.008643490214620608,"diagnostic frontier point (training scenarios only); not a method, never a member"
1,SD-12MO,0.05,SDSRC14_MAIN9,SD-SRC14,MAIN9,SDSRC14_MAIN9:M3a[factory box]@alpha=0.05,M3a_box_robust,M3a_box_robust,entry,False,not_met,,,"no value of the declared grid met the validation screen (candidate statuses: optimal, proven_infeasible); a grid without a solution is not a statement about the whole decision space",main_reference_plan_domain,cp_upper,,,,,False,11,5,1,0.0216,0.02414721518716662,k_box=1.0,minimum attainable main-event rate_upper over the declared grid (descriptive; its cost is not a comparable cost),1024,optimal,0.0,0.0,0.0171,0.0171,0.019390020592849333,"diagnostic frontier point (training scenarios only); not a method, never a member"
1,SD-12MO,0.05,SDSRC14_MAIN9,SD-SRC14,MAIN9,"SDSRC14_MAIN9:M3b[factory box k=1.5, Gamma selected]@alpha=0.05",M3b_budget_robust,M3b_budget_robust,entry,True,selected,gamma=3,optimal,,main_reference_plan_domain,cp_upper,0.0074,0.0074,0.0089719337548342,True,True,11,35,19,0.0052,0.0065471419610077,"gamma=1 {""k_box"": 2.5}",minimum attainable main-event rate_upper over the declared grid (descriptive; its cost is not a comparable cost),1024,optimal,0.0,0.0,0.0171,0.0171,0.019390020592849333,"diagnostic frontier point (training scenarios only); not a method, never a member"
1,SD-12MO,0.1,SD12MO_MAIN9,SD-12MO,MAIN9,SD12MO_MAIN9:M0,M0_nominal,M0_nominal,entry,True,,,optimal,,main_reference_plan_domain,cp_upper,0.8032,0.8032,0.8097237760937208,False,False,14,1,1,0.8032,0.8097237760937208,,minimum attainable main-event rate_upper over the declared grid (descriptive; its cost is not a comparable cost),1024,optimal,0.0,0.0,0.005,0.005,0.006324499770793831,"diagnostic frontier point (training scenarios only); not a method, never a member"
1,SD-12MO,0.1,SD12MO_MAIN9,SD-12MO,MAIN9,"SD12MO_MAIN9:M1[relative,apply_to_dm=False]@alpha=0.1",M1_safety_margin,M1_safety_margin[apply_to_dm=False],sensitivity_line,True,selected,k=0.075,optimal,,main_reference_plan_domain,cp_upper,0.0637,0.0637,0.0678620040247188,True,False,14,5,4,0.0637,0.0678620040247188,k=0.075,minimum attainable main-event rate_upper over the declared grid (descriptive; its cost is not a comparable cost),1024,optimal,0.0,0.0,0.005,0.005,0.006324499770793831,"diagnostic frontier point (training scenarios only); not a method, never a member"
1,SD-12MO,0.1,SD12MO_MAIN9,SD-12MO,MAIN9,"SD12MO_MAIN9:M1[relative,apply_to_dm=True]@alpha=0.1",M1_safety_margin,M1_safety_margin[apply_to_dm=True],entry,False,not_met,,,"no value of the declared grid met the validation screen (candidate statuses: optimal, proven_infeasible); a grid without a solution is not a statement about the whole decision space",main_reference_plan_domain,cp_upper,,,,,False,14,5,2,0.3714,0.3794245690223036,k=0.025,minimum attainable main-event rate_upper over the declared grid (descriptive; its cost is not a comparable cost),1024,optimal,0.0,0.0,0.005,0.005,0.006324499770793831,"diagnostic frontier point (training scenarios only); not a method, never a member"
1,SD-12MO,0.1,SD12MO_MAIN9,SD-12MO,MAIN9,SD12MO_MAIN9:M2[N=1024]@alpha=0.1,M2_joint_chance_saa,M2_joint_chance_saa[N=1024],entry,True,selected,alpha_train=0.075,feasible_time_limit,,main_reference_plan_domain,cp_upper,0.0555,0.0555,0.05941290482351136,True,True,14,4,4,0.0262,0.028981939888895355,alpha_train=0.025,minimum attainable main-event rate_upper over the declared grid (descriptive; its cost is not a comparable cost),1024,optimal,0.0,0.0,0.005,0.005,0.006324499770793831,"diagnostic frontier point (training scenarios only); not a method, never a member"
1,SD-12MO,0.1,SD12MO_MAIN9,SD-12MO,MAIN9,SD12MO_MAIN9:M2[N=128]@alpha=0.1,M2_joint_chance_saa,M2_joint_chance_saa[N=128],entry,False,not_met,,,no value of the declared grid met the validation screen (candidate statuses: optimal); a grid without a solution is not a statement about the whole decision space,main_reference_plan_domain,cp_upper,,,,,False,14,4,4,0.0449,0.04845581555175561,alpha_train=0.025,minimum attainable main-event rate_upper over the declared grid (descriptive; its cost is not a comparable cost),128,optimal,0.0,0.0,0.0368,0.0368,0.040048445369879476,"diagnostic frontier point (training scenarios only); not a method, never a member"
1,SD-12MO,0.1,SD12MO_MAIN9,SD-12MO,MAIN9,SD12MO_MAIN9:M2[N=512]@alpha=0.1,M2_joint_chance_saa,M2_joint_chance_saa[N=512],entry,True,selected,alpha_train=0.025,optimal,,main_reference_plan_domain,cp_upper,0.0473,0.0473,0.05094066678148597,True,True,14,4,4,0.0473,0.05094066678148597,alpha_train=0.025,minimum attainable main-event rate_upper over the declared grid (descriptive; its cost is not a comparable cost),512,optimal,0.0,0.0,0.0213,0.0213,0.0238310123523647,"diagnostic frontier point (training scenarios only); not a method, never a member"
1,SD-12MO,0.1,SD12MO_MAIN9,SD-12MO,MAIN9,SD12MO_MAIN9:M3a[factory box]@alpha=0.1,M3a_box_robust,M3a_box_robust,entry,False,not_met,,,"no value of the declared grid met the validation screen (candidate statuses: optimal, proven_infeasible); a grid without a solution is not a statement about the whole decision space",main_reference_plan_domain,cp_upper,,,,,False,14,5,1,0.2095,0.21630596816578748,k_box=1.0,minimum attainable main-event rate_upper over the declared grid (descriptive; its cost is not a comparable cost),1024,optimal,0.0,0.0,0.005,0.005,0.006324499770793831,"diagnostic frontier point (training scenarios only); not a method, never a member"
1,SD-12MO,0.1,SD12MO_MAIN9,SD-12MO,MAIN9,"SD12MO_MAIN9:M3b[factory box k=1.5, Gamma selected]@alpha=0.1",M3b_budget_robust,M3b_budget_robust,entry,True,selected,gamma=2,optimal,,main_reference_plan_domain,cp_upper,0.0613,0.0613,0.065391224444091,True,True,14,35,18,0.0113,0.01319855965084901,"gamma=4 {""k_box"": 1.5}",minimum attainable main-event rate_upper over the declared grid (descriptive; its cost is not a comparable cost),1024,optimal,0.0,0.0,0.005,0.005,0.006324499770793831,"diagnostic frontier point (training scenarios only); not a method, never a member"
1,SD-12MO,0.1,SDH0_MAIN9,SD-H0,MAIN9,SDH0_MAIN9:M0,M0_nominal,M0_nominal,entry,True,,,optimal,,main_reference_plan_domain,cp_upper,0.8032,0.8032,0.8097237760937208,False,False,14,1,1,0.8032,0.8097237760937208,,minimum attainable main-event rate_upper over the declared grid (descriptive; its cost is not a comparable cost),1024,frontier_no_feasible_solution_found_no_ration,0.048828125,0.154296875,,,,
1,SD-12MO,0.1,SDH0_MAIN9,SD-H0,MAIN9,"SDH0_MAIN9:M1[relative,apply_to_dm=False]@alpha=0.1",M1_safety_margin,M1_safety_margin[apply_to_dm=False],sensitivity_line,False,not_met,,,"no value of the declared grid met the validation screen (candidate statuses: optimal, proven_infeasible); a grid without a solution is not a statement about the whole decision space",main_reference_plan_domain,cp_upper,,,,,False,14,5,4,0.0637,0.0678620040247188,k=0.075,minimum attainable main-event rate_upper over the declared grid (descriptive; its cost is not a comparable cost),1024,frontier_no_feasible_solution_found_no_ration,0.048828125,0.154296875,,,,
1,SD-12MO,0.1,SDH0_MAIN9,SD-H0,MAIN9,"SDH0_MAIN9:M1[relative,apply_to_dm=True]@alpha=0.1",M1_safety_margin,M1_safety_margin[apply_to_dm=True],entry,False,not_met,,,"no value of the declared grid met the validation screen (candidate statuses: optimal, proven_infeasible); a grid without a solution is not a statement about the whole decision space",main_reference_plan_domain,cp_upper,,,,,False,14,5,2,0.3714,0.3794245690223036,k=0.025,minimum attainable main-event rate_upper over the declared grid (descriptive; its cost is not a comparable cost),1024,frontier_no_feasible_solution_found_no_ration,0.048828125,0.154296875,,,,
1,SD-12MO,0.1,SDH0_MAIN9,SD-H0,MAIN9,SDH0_MAIN9:M2[N=1024]@alpha=0.1,M2_joint_chance_saa,M2_joint_chance_saa[N=1024],entry,False,not_met,,,"no value of the declared grid met the validation screen (candidate statuses: no_feasible_solution_found, proven_infeasible); a grid without a solution is not a statement about the whole decision space",main_reference_plan_domain,cp_upper,,,,,False,14,4,0,,,,no scored grid candidate with a ration (not a whole-space statement),1024,frontier_no_feasible_solution_found_no_ration,0.048828125,0.154296875,,,,
1,SD-12MO,0.1,SDH0_MAIN9,SD-H0,MAIN9,SDH0_MAIN9:M2[N=128]@alpha=0.1,M2_joint_chance_saa,M2_joint_chance_saa[N=128],entry,False,not_met,,,"SAA over the N training scenarios proven infeasible for every alpha_train of the declared grid (training scenarios only; not a population, field or whole-space statement)",main_reference_plan_domain,cp_upper,,,,,False,14,4,0,,,,no scored grid candidate with a ration (not a whole-space statement),128,optimal,0.1015625,0.1015625,0.0005,0.0005,0.0010510137186384818,"diagnostic frontier point (training scenarios only); not a method, never a member"
1,SD-12MO,0.1,SDH0_MAIN9,SD-H0,MAIN9,SDH0_MAIN9:M2[N=512]@alpha=0.1,M2_joint_chance_saa,M2_joint_chance_saa[N=512],entry,False,not_met,,,"no value of the declared grid met the validation screen (candidate statuses: no_feasible_solution_found, proven_infeasible); a grid without a solution is not a statement about the whole decision space",main_reference_plan_domain,cp_upper,,,,,False,14,4,0,,,,no scored grid candidate with a ration (not a whole-space statement),512,frontier_no_feasible_solution_found_no_ration,0.0546875,0.15234375,,,,
1,SD-12MO,0.1,SDH0_MAIN9,SD-H0,MAIN9,SDH0_MAIN9:M3a[factory box]@alpha=0.1,M3a_box_robust,M3a_box_robust,entry,False,not_met,,,no value of the declared grid met the validation screen (candidate statuses: proven_infeasible); a grid without a solution is not a statement about the whole decision space,main_reference_plan_domain,cp_upper,,,,,False,14,5,0,,,,no scored grid candidate with a ration (not a whole-space statement),1024,frontier_no_feasible_solution_found_no_ration,0.048828125,0.154296875,,,,
1,SD-12MO,0.1,SDH0_MAIN9,SD-H0,MAIN9,SDH0_MAIN9:M3b[factory box]@alpha=0.1,M3b_budget_robust,M3b_budget_robust,entry,False,not_met,,,"no value of the declared grid met the validation screen (candidate statuses: optimal, proven_infeasible); a grid without a solution is not a statement about the whole decision space",main_reference_plan_domain,cp_upper,,,,,False,14,35,7,0.0084,0.010062741097753729,"gamma=1 {""k_box"": 1.5}",minimum attainable main-event rate_upper over the declared grid (descriptive; its cost is not a comparable cost),1024,frontier_no_feasible_solution_found_no_ration,0.048828125,0.154296875,,,,
1,SD-12MO,0.1,SDS2_MAIN9,SD-S2,MAIN9,SDS2_MAIN9:M0,M0_nominal,M0_nominal,entry,True,,,optimal,,main_reference_plan_domain,cp_upper,0.8032,0.8032,0.8097237760937208,False,False,14,1,1,0.8032,0.8097237760937208,,minimum attainable main-event rate_upper over the declared grid (descriptive; its cost is not a comparable cost),1024,optimal,0.0,0.0,0.0065,0.0065,0.00798471527353767,"diagnostic frontier point (training scenarios only); not a method, never a member"
1,SD-12MO,0.1,SDS2_MAIN9,SD-S2,MAIN9,"SDS2_MAIN9:M1[relative,apply_to_dm=False]@alpha=0.1",M1_safety_margin,M1_safety_margin[apply_to_dm=False],sensitivity_line,True,selected,k=0.075,optimal,,main_reference_plan_domain,cp_upper,0.0637,0.0637,0.0678620040247188,True,False,14,5,4,0.0637,0.0678620040247188,k=0.075,minimum attainable main-event rate_upper over the declared grid (descriptive; its cost is not a comparable cost),1024,optimal,0.0,0.0,0.0065,0.0065,0.00798471527353767,"diagnostic frontier point (training scenarios only); not a method, never a member"
1,SD-12MO,0.1,SDS2_MAIN9,SD-S2,MAIN9,"SDS2_MAIN9:M1[relative,apply_to_dm=True]@alpha=0.1",M1_safety_margin,M1_safety_margin[apply_to_dm=True],entry,False,not_met,,,"no value of the declared grid met the validation screen (candidate statuses: optimal, proven_infeasible); a grid without a solution is not a statement about the whole decision space",main_reference_plan_domain,cp_upper,,,,,False,14,5,2,0.3714,0.3794245690223036,k=0.025,minimum attainable main-event rate_upper over the declared grid (descriptive; its cost is not a comparable cost),1024,optimal,0.0,0.0,0.0065,0.0065,0.00798471527353767,"diagnostic frontier point (training scenarios only); not a method, never a member"
1,SD-12MO,0.1,SDS2_MAIN9,SD-S2,MAIN9,SDS2_MAIN9:M2[N=1024]@alpha=0.1,M2_joint_chance_saa,M2_joint_chance_saa[N=1024],entry,True,selected,alpha_train=0.075,feasible_time_limit,,main_reference_plan_domain,cp_upper,0.0524,0.0524,0.05621297634654845,True,True,14,4,4,0.0229,0.025516072766601,alpha_train=0.025,minimum attainable main-event rate_upper over the declared grid (descriptive; its cost is not a comparable cost),1024,optimal,0.0,0.0,0.0065,0.0065,0.00798471527353767,"diagnostic frontier point (training scenarios only); not a method, never a member"
1,SD-12MO,0.1,SDS2_MAIN9,SD-S2,MAIN9,SDS2_MAIN9:M2[N=128]@alpha=0.1,M2_joint_chance_saa,M2_joint_chance_saa[N=128],entry,False,not_met,,,no value of the declared grid met the validation screen (candidate statuses: optimal); a grid without a solution is not a statement about the whole decision space,main_reference_plan_domain,cp_upper,,,,,False,14,4,4,0.0477,0.051354563522270566,alpha_train=0.025,minimum attainable main-event rate_upper over the declared grid (descriptive; its cost is not a comparable cost),128,optimal,0.0,0.0,0.0454,0.0454,0.04897370576509226,"diagnostic frontier point (training scenarios only); not a method, never a member"
1,SD-12MO,0.1,SDS2_MAIN9,SD-S2,MAIN9,SDS2_MAIN9:M2[N=512]@alpha=0.1,M2_joint_chance_saa,M2_joint_chance_saa[N=512],entry,True,selected,alpha_train=0.025,optimal,,main_reference_plan_domain,cp_upper,0.0463,0.0463,0.049905622903108425,True,True,14,4,4,0.0463,0.049905622903108425,alpha_train=0.025,minimum attainable main-event rate_upper over the declared grid (descriptive; its cost is not a comparable cost),512,optimal,0.0,0.0,0.0342,0.0342,0.03734176710101112,"diagnostic frontier point (training scenarios only); not a method, never a member"
1,SD-12MO,0.1,SDS2_MAIN9,SD-S2,MAIN9,SDS2_MAIN9:M3a[factory box]@alpha=0.1,M3a_box_robust,M3a_box_robust,entry,True,selected,k_box=1.5,optimal,,main_reference_plan_domain,cp_upper,0.0153,0.0153,0.017477187884157933,True,True,14,5,3,0.0153,0.017477187884157933,k_box=1.5,minimum attainable main-event rate_upper over the declared grid (descriptive; its cost is not a comparable cost),1024,optimal,0.0,0.0,0.0065,0.0065,0.00798471527353767,"diagnostic frontier point (training scenarios only); not a method, never a member"
1,SD-12MO,0.1,SDS2_MAIN9,SD-S2,MAIN9,"SDS2_MAIN9:M3b[factory box k=1.5, Gamma selected]@alpha=0.1",M3b_budget_robust,M3b_budget_robust,entry,True,selected,gamma=2,optimal,,main_reference_plan_domain,cp_upper,0.0716,0.0716,0.0759839450325172,True,True,14,35,27,0.0043,0.0055414466331101305,"gamma=3 {""k_box"": 2.0}",minimum attainable main-event rate_upper over the declared grid (descriptive; its cost is not a comparable cost),1024,optimal,0.0,0.0,0.0065,0.0065,0.00798471527353767,"diagnostic frontier point (training scenarios only); not a method, never a member"
1,SD-12MO,0.1,SDSRC12_MAIN9,SD-SRC12,MAIN9,SDSRC12_MAIN9:M0,M0_nominal,M0_nominal,entry,True,,,optimal,,main_reference_plan_domain,cp_upper,0.8032,0.8032,0.8097237760937208,False,False,14,1,1,0.8032,0.8097237760937208,,minimum attainable main-event rate_upper over the declared grid (descriptive; its cost is not a comparable cost),1024,frontier_no_feasible_solution_found_no_ration,0.017578125,0.021484375,,,,
1,SD-12MO,0.1,SDSRC12_MAIN9,SD-SRC12,MAIN9,"SDSRC12_MAIN9:M1[relative,apply_to_dm=False]@alpha=0.1",M1_safety_margin,M1_safety_margin[apply_to_dm=False],sensitivity_line,False,not_met,,,"no value of the declared grid met the validation screen (candidate statuses: optimal, proven_infeasible); a grid without a solution is not a statement about the whole decision space",main_reference_plan_domain,cp_upper,,,,,False,14,5,4,0.0637,0.0678620040247188,k=0.075,minimum attainable main-event rate_upper over the declared grid (descriptive; its cost is not a comparable cost),1024,frontier_no_feasible_solution_found_no_ration,0.017578125,0.021484375,,,,
1,SD-12MO,0.1,SDSRC12_MAIN9,SD-SRC12,MAIN9,"SDSRC12_MAIN9:M1[relative,apply_to_dm=True]@alpha=0.1",M1_safety_margin,M1_safety_margin[apply_to_dm=True],entry,False,not_met,,,"no value of the declared grid met the validation screen (candidate statuses: optimal, proven_infeasible); a grid without a solution is not a statement about the whole decision space",main_reference_plan_domain,cp_upper,,,,,False,14,5,2,0.3714,0.3794245690223036,k=0.025,minimum attainable main-event rate_upper over the declared grid (descriptive; its cost is not a comparable cost),1024,frontier_no_feasible_solution_found_no_ration,0.017578125,0.021484375,,,,
1,SD-12MO,0.1,SDSRC12_MAIN9,SD-SRC12,MAIN9,SDSRC12_MAIN9:M2[N=1024]@alpha=0.1,M2_joint_chance_saa,M2_joint_chance_saa[N=1024],entry,True,selected,alpha_train=0.075,feasible_time_limit,,main_reference_plan_domain,cp_upper,0.0004,0.0004,0.0009151160584710777,True,True,14,4,4,0.0002,0.0006294441486871455,alpha_train=0.05,minimum attainable main-event rate_upper over the declared grid (descriptive; its cost is not a comparable cost),1024,frontier_no_feasible_solution_found_no_ration,0.017578125,0.021484375,,,,
1,SD-12MO,0.1,SDSRC12_MAIN9,SD-SRC12,MAIN9,SDSRC12_MAIN9:M2[N=128]@alpha=0.1,M2_joint_chance_saa,M2_joint_chance_saa[N=128],entry,True,selected,alpha_train=0.025,optimal,,main_reference_plan_domain,cp_upper,0.0015,0.0015,0.002308777804199719,True,True,14,4,4,0.0006,0.001183893646831579,alpha_train=0.05,minimum attainable main-event rate_upper over the declared grid (descriptive; its cost is not a comparable cost),128,optimal,0.0078125,0.0078125,0.0016,0.0016,0.002429109633300806,"diagnostic frontier point (training scenarios only); not a method, never a member"
1,SD-12MO,0.1,SDSRC12_MAIN9,SD-SRC12,MAIN9,SDSRC12_MAIN9:M2[N=512]@alpha=0.1,M2_joint_chance_saa,M2_joint_chance_saa[N=512],entry,True,selected,alpha_train=0.05,feasible_time_limit,,main_reference_plan_domain,cp_upper,0.0018,0.0018,0.0026680168913457572,True,True,14,4,4,0.0004,0.0009151160584710777,alpha_train=0.025,minimum attainable main-event rate_upper over the declared grid (descriptive; its cost is not a comparable cost),512,optimal,0.013671875,0.013671875,0.0001,0.0001,0.0004742976591654368,"diagnostic frontier point (training scenarios only); not a method, never a member"
1,SD-12MO,0.1,SDSRC12_MAIN9,SD-SRC12,MAIN9,SDSRC12_MAIN9:M3a[factory box]@alpha=0.1,M3a_box_robust,M3a_box_robust,entry,False,not_met,,,no value of the declared grid met the validation screen (candidate statuses: proven_infeasible); a grid without a solution is not a statement about the whole decision space,main_reference_plan_domain,cp_upper,,,,,False,14,5,0,,,,no scored grid candidate with a ration (not a whole-space statement),1024,frontier_no_feasible_solution_found_no_ration,0.017578125,0.021484375,,,,
1,SD-12MO,0.1,SDSRC12_MAIN9,SD-SRC12,MAIN9,SDSRC12_MAIN9:M3b[factory box]@alpha=0.1,M3b_budget_robust,M3b_budget_robust,entry,False,not_met,,,"no value of the declared grid met the validation screen (candidate statuses: optimal, proven_infeasible); a grid without a solution is not a statement about the whole decision space",main_reference_plan_domain,cp_upper,,,,,False,14,35,11,0.0019,0.002786686053962986,"gamma=4 {""k_box"": 1.0}",minimum attainable main-event rate_upper over the declared grid (descriptive; its cost is not a comparable cost),1024,frontier_no_feasible_solution_found_no_ration,0.017578125,0.021484375,,,,
1,SD-12MO,0.1,SDSRC14_MAIN9,SD-SRC14,MAIN9,SDSRC14_MAIN9:M0,M0_nominal,M0_nominal,entry,True,,,optimal,,main_reference_plan_domain,cp_upper,0.8032,0.8032,0.8097237760937208,False,False,14,1,1,0.8032,0.8097237760937208,,minimum attainable main-event rate_upper over the declared grid (descriptive; its cost is not a comparable cost),1024,optimal,0.0,0.0,0.0171,0.0171,0.019390020592849333,"diagnostic frontier point (training scenarios only); not a method, never a member"
1,SD-12MO,0.1,SDSRC14_MAIN9,SD-SRC14,MAIN9,"SDSRC14_MAIN9:M1[relative,apply_to_dm=False]@alpha=0.1",M1_safety_margin,M1_safety_margin[apply_to_dm=False],sensitivity_line,False,not_met,,,"no value of the declared grid met the validation screen (candidate statuses: optimal, proven_infeasible); a grid without a solution is not a statement about the whole decision space",main_reference_plan_domain,cp_upper,,,,,False,14,5,4,0.0637,0.0678620040247188,k=0.075,minimum attainable main-event rate_upper over the declared grid (descriptive; its cost is not a comparable cost),1024,optimal,0.0,0.0,0.0171,0.0171,0.019390020592849333,"diagnostic frontier point (training scenarios only); not a method, never a member"
1,SD-12MO,0.1,SDSRC14_MAIN9,SD-SRC14,MAIN9,"SDSRC14_MAIN9:M1[relative,apply_to_dm=True]@alpha=0.1",M1_safety_margin,M1_safety_margin[apply_to_dm=True],entry,False,not_met,,,"no value of the declared grid met the validation screen (candidate statuses: optimal, proven_infeasible); a grid without a solution is not a statement about the whole decision space",main_reference_plan_domain,cp_upper,,,,,False,14,5,2,0.3714,0.3794245690223036,k=0.025,minimum attainable main-event rate_upper over the declared grid (descriptive; its cost is not a comparable cost),1024,optimal,0.0,0.0,0.0171,0.0171,0.019390020592849333,"diagnostic frontier point (training scenarios only); not a method, never a member"
1,SD-12MO,0.1,SDSRC14_MAIN9,SD-SRC14,MAIN9,SDSRC14_MAIN9:M2[N=1024]@alpha=0.1,M2_joint_chance_saa,M2_joint_chance_saa[N=1024],entry,True,selected,alpha_train=0.075,feasible_time_limit,,main_reference_plan_domain,cp_upper,0.0046,0.0046,0.005877811185041439,True,True,14,4,4,0.0008,0.0014430005782821718,alpha_train=0.1,minimum attainable main-event rate_upper over the declared grid (descriptive; its cost is not a comparable cost),1024,optimal,0.0,0.0,0.0171,0.0171,0.019390020592849333,"diagnostic frontier point (training scenarios only); not a method, never a member"
1,SD-12MO,0.1,SDSRC14_MAIN9,SD-SRC14,MAIN9,SDSRC14_MAIN9:M2[N=128]@alpha=0.1,M2_joint_chance_saa,M2_joint_chance_saa[N=128],entry,False,not_met,,,no value of the declared grid met the validation screen (candidate statuses: optimal); a grid without a solution is not a statement about the whole decision space,main_reference_plan_domain,cp_upper,,,,,False,14,4,4,0.0032,0.004295884196653873,alpha_train=0.1,minimum attainable main-event rate_upper over the declared grid (descriptive; its cost is not a comparable cost),128,optimal,0.0,0.0,0.0033,0.0033,0.004410052749836001,"diagnostic frontier point (training scenarios only); not a method, never a member"
1,SD-12MO,0.1,SDSRC14_MAIN9,SD-SRC14,MAIN9,SDSRC14_MAIN9:M2[N=512]@alpha=0.1,M2_joint_chance_saa,M2_joint_chance_saa[N=512],entry,True,selected,alpha_train=0.05,feasible_time_limit,,main_reference_plan_domain,cp_upper,0.0038,0.0038,0.004977904077210066,True,True,14,4,4,0.0018,0.0026680168913457572,alpha_train=0.025,minimum attainable main-event rate_upper over the declared grid (descriptive; its cost is not a comparable cost),512,optimal,0.0,0.0,0.0071,0.0071,0.008643490214620608,"diagnostic frontier point (training scenarios only); not a method, never a member"
1,SD-12MO,0.1,SDSRC14_MAIN9,SD-SRC14,MAIN9,SDSRC14_MAIN9:M3a[factory box]@alpha=0.1,M3a_box_robust,M3a_box_robust,entry,True,selected,k_box=1.0,optimal,,main_reference_plan_domain,cp_upper,0.0216,0.0216,0.02414721518716662,True,True,14,5,1,0.0216,0.02414721518716662,k_box=1.0,minimum attainable main-event rate_upper over the declared grid (descriptive; its cost is not a comparable cost),1024,optimal,0.0,0.0,0.0171,0.0171,0.019390020592849333,"diagnostic frontier point (training scenarios only); not a method, never a member"
1,SD-12MO,0.1,SDSRC14_MAIN9,SD-SRC14,MAIN9,"SDSRC14_MAIN9:M3b[factory box k=1, Gamma selected]@alpha=0.1",M3b_budget_robust,M3b_budget_robust,entry,True,selected,gamma=4,optimal,,main_reference_plan_domain,cp_upper,0.0188,0.0188,0.021190973545340403,True,True,14,35,19,0.0052,0.0065471419610077,"gamma=1 {""k_box"": 2.5}",minimum attainable main-event rate_upper over the declared grid (descriptive; its cost is not a comparable cost),1024,optimal,0.0,0.0,0.0171,0.0171,0.019390020592849333,"diagnostic frontier point (training scenarios only); not a method, never a member"
1,SD-12MO,0.01,SD12MO_MAIN9,SD-12MO,MAIN9,SD12MO_MAIN9:M0,M0_nominal,M0_nominal,entry,True,,,optimal,,main_reference_plan_domain,cp_upper,0.8032,0.8032,0.8097237760937208,False,False,0,1,1,0.8032,0.8097237760937208,,minimum attainable main-event rate_upper over the declared grid (descriptive; its cost is not a comparable cost),1024,optimal,0.0,0.0,0.005,0.005,0.006324499770793831,"diagnostic frontier point (training scenarios only); not a method, never a member"
1,SD-12MO,0.01,SD12MO_MAIN9,SD-12MO,MAIN9,"SD12MO_MAIN9:M1[relative,apply_to_dm=False]@alpha=0.01",M1_safety_margin,M1_safety_margin[apply_to_dm=False],sensitivity_line,False,not_met,,,"no value of the declared grid met the validation screen (candidate statuses: optimal, proven_infeasible); a grid without a solution is not a statement about the whole decision space",main_reference_plan_domain,cp_upper,,,,,False,0,5,4,0.0637,0.0678620040247188,k=0.075,minimum attainable main-event rate_upper over the declared grid (descriptive; its cost is not a comparable cost),1024,optimal,0.0,0.0,0.005,0.005,0.006324499770793831,"diagnostic frontier point (training scenarios only); not a method, never a member"
1,SD-12MO,0.01,SD12MO_MAIN9,SD-12MO,MAIN9,"SD12MO_MAIN9:M1[relative,apply_to_dm=True]@alpha=0.01",M1_safety_margin,M1_safety_margin[apply_to_dm=True],entry,False,not_met,,,"no value of the declared grid met the validation screen (candidate statuses: optimal, proven_infeasible); a grid without a solution is not a statement about the whole decision space",main_reference_plan_domain,cp_upper,,,,,False,0,5,2,0.3714,0.3794245690223036,k=0.025,minimum attainable main-event rate_upper over the declared grid (descriptive; its cost is not a comparable cost),1024,optimal,0.0,0.0,0.005,0.005,0.006324499770793831,"diagnostic frontier point (training scenarios only); not a method, never a member"
1,SD-12MO,0.01,SD12MO_MAIN9,SD-12MO,MAIN9,SD12MO_MAIN9:M2[N=1024]@alpha=0.01,M2_joint_chance_saa,M2_joint_chance_saa[N=1024],entry,False,not_met,,,no value of the declared grid met the validation screen (candidate statuses: optimal); a grid without a solution is not a statement about the whole decision space,main_reference_plan_domain,cp_upper,,,,,False,0,4,4,0.0056,0.00699115107361816,alpha_train=0.0025,minimum attainable main-event rate_upper over the declared grid (descriptive; its cost is not a comparable cost),1024,optimal,0.0,0.0,0.005,0.005,0.006324499770793831,"diagnostic frontier point (training scenarios only); not a method, never a member"
1,SD-12MO,0.01,SD12MO_MAIN9,SD-12MO,MAIN9,SD12MO_MAIN9:M2[N=128]@alpha=0.01,M2_joint_chance_saa,M2_joint_chance_saa[N=128],entry,False,not_met,,,no value of the declared grid met the validation screen (candidate statuses: optimal); a grid without a solution is not a statement about the whole decision space,main_reference_plan_domain,cp_upper,,,,,False,0,4,4,0.0368,0.040048445369879476,alpha_train=0.0075,minimum attainable main-event rate_upper over the declared grid (descriptive; its cost is not a comparable cost),128,optimal,0.0,0.0,0.0368,0.0368,0.040048445369879476,"diagnostic frontier point (training scenarios only); not a method, never a member"
1,SD-12MO,0.01,SD12MO_MAIN9,SD-12MO,MAIN9,SD12MO_MAIN9:M2[N=512]@alpha=0.01,M2_joint_chance_saa,M2_joint_chance_saa[N=512],entry,False,not_met,,,no value of the declared grid met the validation screen (candidate statuses: optimal); a grid without a solution is not a statement about the whole decision space,main_reference_plan_domain,cp_upper,,,,,False,0,4,4,0.0151,0.017264230514886403,alpha_train=0.005,minimum attainable main-event rate_upper over the declared grid (descriptive; its cost is not a comparable cost),512,optimal,0.0,0.0,0.0213,0.0213,0.0238310123523647,"diagnostic frontier point (training scenarios only); not a method, never a member"
1,SD-12MO,0.01,SD12MO_MAIN9,SD-12MO,MAIN9,SD12MO_MAIN9:M3a[factory box]@alpha=0.01,M3a_box_robust,M3a_box_robust,entry,False,not_met,,,"no value of the declared grid met the validation screen (candidate statuses: optimal, proven_infeasible); a grid without a solution is not a statement about the whole decision space",main_reference_plan_domain,cp_upper,,,,,False,0,5,1,0.2095,0.21630596816578748,k_box=1.0,minimum attainable main-event rate_upper over the declared grid (descriptive; its cost is not a comparable cost),1024,optimal,0.0,0.0,0.005,0.005,0.006324499770793831,"diagnostic frontier point (training scenarios only); not a method, never a member"
1,SD-12MO,0.01,SD12MO_MAIN9,SD-12MO,MAIN9,SD12MO_MAIN9:M3b[factory box]@alpha=0.01,M3b_budget_robust,M3b_budget_robust,entry,False,not_met,,,no value of the declared grid met the validation screen (candidate statuses: optimal); a grid without a solution is not a statement about the whole decision space,main_reference_plan_domain,cp_upper,,,,,False,0,35,18,0.0113,0.01319855965084901,"gamma=4 {""k_box"": 1.5}",minimum attainable main-event rate_upper over the declared grid (descriptive; its cost is not a comparable cost),1024,optimal,0.0,0.0,0.005,0.005,0.006324499770793831,"diagnostic frontier point (training scenarios only); not a method, never a member"
1,SD-12MO,0.01,SDH0_MAIN9,SD-H0,MAIN9,SDH0_MAIN9:M0,M0_nominal,M0_nominal,entry,True,,,optimal,,main_reference_plan_domain,cp_upper,0.8032,0.8032,0.8097237760937208,False,False,0,1,1,0.8032,0.8097237760937208,,minimum attainable main-event rate_upper over the declared grid (descriptive; its cost is not a comparable cost),1024,frontier_no_feasible_solution_found_no_ration,0.048828125,0.154296875,,,,
1,SD-12MO,0.01,SDH0_MAIN9,SD-H0,MAIN9,"SDH0_MAIN9:M1[relative,apply_to_dm=False]@alpha=0.01",M1_safety_margin,M1_safety_margin[apply_to_dm=False],sensitivity_line,False,not_met,,,"no value of the declared grid met the validation screen (candidate statuses: optimal, proven_infeasible); a grid without a solution is not a statement about the whole decision space",main_reference_plan_domain,cp_upper,,,,,False,0,5,4,0.0637,0.0678620040247188,k=0.075,minimum attainable main-event rate_upper over the declared grid (descriptive; its cost is not a comparable cost),1024,frontier_no_feasible_solution_found_no_ration,0.048828125,0.154296875,,,,
1,SD-12MO,0.01,SDH0_MAIN9,SD-H0,MAIN9,"SDH0_MAIN9:M1[relative,apply_to_dm=True]@alpha=0.01",M1_safety_margin,M1_safety_margin[apply_to_dm=True],entry,False,not_met,,,"no value of the declared grid met the validation screen (candidate statuses: optimal, proven_infeasible); a grid without a solution is not a statement about the whole decision space",main_reference_plan_domain,cp_upper,,,,,False,0,5,2,0.3714,0.3794245690223036,k=0.025,minimum attainable main-event rate_upper over the declared grid (descriptive; its cost is not a comparable cost),1024,frontier_no_feasible_solution_found_no_ration,0.048828125,0.154296875,,,,
1,SD-12MO,0.01,SDH0_MAIN9,SD-H0,MAIN9,SDH0_MAIN9:M2[N=1024]@alpha=0.01,M2_joint_chance_saa,M2_joint_chance_saa[N=1024],entry,False,not_met,,,"SAA over the N training scenarios proven infeasible for every alpha_train of the declared grid (training scenarios only; not a population, field or whole-space statement)",main_reference_plan_domain,cp_upper,,,,,False,0,4,0,,,,no scored grid candidate with a ration (not a whole-space statement),1024,frontier_no_feasible_solution_found_no_ration,0.048828125,0.154296875,,,,
1,SD-12MO,0.01,SDH0_MAIN9,SD-H0,MAIN9,SDH0_MAIN9:M2[N=128]@alpha=0.01,M2_joint_chance_saa,M2_joint_chance_saa[N=128],entry,False,not_met,,,"SAA over the N training scenarios proven infeasible for every alpha_train of the declared grid (training scenarios only; not a population, field or whole-space statement)",main_reference_plan_domain,cp_upper,,,,,False,0,4,0,,,,no scored grid candidate with a ration (not a whole-space statement),128,optimal,0.1015625,0.1015625,0.0005,0.0005,0.0010510137186384818,"diagnostic frontier point (training scenarios only); not a method, never a member"
1,SD-12MO,0.01,SDH0_MAIN9,SD-H0,MAIN9,SDH0_MAIN9:M2[N=512]@alpha=0.01,M2_joint_chance_saa,M2_joint_chance_saa[N=512],entry,False,not_met,,,"SAA over the N training scenarios proven infeasible for every alpha_train of the declared grid (training scenarios only; not a population, field or whole-space statement)",main_reference_plan_domain,cp_upper,,,,,False,0,4,0,,,,no scored grid candidate with a ration (not a whole-space statement),512,frontier_no_feasible_solution_found_no_ration,0.0546875,0.15234375,,,,
1,SD-12MO,0.01,SDH0_MAIN9,SD-H0,MAIN9,SDH0_MAIN9:M3a[factory box]@alpha=0.01,M3a_box_robust,M3a_box_robust,entry,False,not_met,,,no value of the declared grid met the validation screen (candidate statuses: proven_infeasible); a grid without a solution is not a statement about the whole decision space,main_reference_plan_domain,cp_upper,,,,,False,0,5,0,,,,no scored grid candidate with a ration (not a whole-space statement),1024,frontier_no_feasible_solution_found_no_ration,0.048828125,0.154296875,,,,
1,SD-12MO,0.01,SDH0_MAIN9,SD-H0,MAIN9,SDH0_MAIN9:M3b[factory box]@alpha=0.01,M3b_budget_robust,M3b_budget_robust,entry,False,not_met,,,"no value of the declared grid met the validation screen (candidate statuses: optimal, proven_infeasible); a grid without a solution is not a statement about the whole decision space",main_reference_plan_domain,cp_upper,,,,,False,0,35,7,0.0084,0.010062741097753729,"gamma=1 {""k_box"": 1.5}",minimum attainable main-event rate_upper over the declared grid (descriptive; its cost is not a comparable cost),1024,frontier_no_feasible_solution_found_no_ration,0.048828125,0.154296875,,,,
1,SD-12MO,0.01,SDS2_MAIN9,SD-S2,MAIN9,SDS2_MAIN9:M0,M0_nominal,M0_nominal,entry,True,,,optimal,,main_reference_plan_domain,cp_upper,0.8032,0.8032,0.8097237760937208,False,False,0,1,1,0.8032,0.8097237760937208,,minimum attainable main-event rate_upper over the declared grid (descriptive; its cost is not a comparable cost),1024,optimal,0.0,0.0,0.0065,0.0065,0.00798471527353767,"diagnostic frontier point (training scenarios only); not a method, never a member"
1,SD-12MO,0.01,SDS2_MAIN9,SD-S2,MAIN9,"SDS2_MAIN9:M1[relative,apply_to_dm=False]@alpha=0.01",M1_safety_margin,M1_safety_margin[apply_to_dm=False],sensitivity_line,True,selected,k=0.075,optimal,,main_reference_plan_domain,cp_upper,0.0637,0.0637,0.0678620040247188,False,False,0,5,4,0.0637,0.0678620040247188,k=0.075,minimum attainable main-event rate_upper over the declared grid (descriptive; its cost is not a comparable cost),1024,optimal,0.0,0.0,0.0065,0.0065,0.00798471527353767,"diagnostic frontier point (training scenarios only); not a method, never a member"
1,SD-12MO,0.01,SDS2_MAIN9,SD-S2,MAIN9,"SDS2_MAIN9:M1[relative,apply_to_dm=True]@alpha=0.01",M1_safety_margin,M1_safety_margin[apply_to_dm=True],entry,False,not_met,,,"no value of the declared grid met the validation screen (candidate statuses: optimal, proven_infeasible); a grid without a solution is not a statement about the whole decision space",main_reference_plan_domain,cp_upper,,,,,False,0,5,2,0.3714,0.3794245690223036,k=0.025,minimum attainable main-event rate_upper over the declared grid (descriptive; its cost is not a comparable cost),1024,optimal,0.0,0.0,0.0065,0.0065,0.00798471527353767,"diagnostic frontier point (training scenarios only); not a method, never a member"
1,SD-12MO,0.01,SDS2_MAIN9,SD-S2,MAIN9,SDS2_MAIN9:M2[N=1024]@alpha=0.01,M2_joint_chance_saa,M2_joint_chance_saa[N=1024],entry,False,not_met,,,no value of the declared grid met the validation screen (candidate statuses: optimal); a grid without a solution is not a statement about the whole decision space,main_reference_plan_domain,cp_upper,,,,,False,0,4,4,0.004,0.0052037929808234195,alpha_train=0.0025,minimum attainable main-event rate_upper over the declared grid (descriptive; its cost is not a comparable cost),1024,optimal,0.0,0.0,0.0065,0.0065,0.00798471527353767,"diagnostic frontier point (training scenarios only); not a method, never a member"
1,SD-12MO,0.01,SDS2_MAIN9,SD-S2,MAIN9,SDS2_MAIN9:M2[N=128]@alpha=0.01,M2_joint_chance_saa,M2_joint_chance_saa[N=128],entry,False,not_met,,,no value of the declared grid met the validation screen (candidate statuses: optimal); a grid without a solution is not a statement about the whole decision space,main_reference_plan_domain,cp_upper,,,,,False,0,4,4,0.0454,0.04897370576509226,alpha_train=0.0075,minimum attainable main-event rate_upper over the declared grid (descriptive; its cost is not a comparable cost),128,optimal,0.0,0.0,0.0454,0.0454,0.04897370576509226,"diagnostic frontier point (training scenarios only); not a method, never a member"
1,SD-12MO,0.01,SDS2_MAIN9,SD-S2,MAIN9,SDS2_MAIN9:M2[N=512]@alpha=0.01,M2_joint_chance_saa,M2_joint_chance_saa[N=512],entry,False,not_met,,,no value of the declared grid met the validation screen (candidate statuses: optimal); a grid without a solution is not a statement about the whole decision space,main_reference_plan_domain,cp_upper,,,,,False,0,4,4,0.0151,0.017264230514886403,alpha_train=0.005,minimum attainable main-event rate_upper over the declared grid (descriptive; its cost is not a comparable cost),512,optimal,0.0,0.0,0.0342,0.0342,0.03734176710101112,"diagnostic frontier point (training scenarios only); not a method, never a member"
1,SD-12MO,0.01,SDS2_MAIN9,SD-S2,MAIN9,SDS2_MAIN9:M3a[factory box]@alpha=0.01,M3a_box_robust,M3a_box_robust,entry,True,selected,k_box=1.5,optimal,,main_reference_plan_domain,cp_upper,0.0153,0.0153,0.017477187884157933,False,False,0,5,3,0.0153,0.017477187884157933,k_box=1.5,minimum attainable main-event rate_upper over the declared grid (descriptive; its cost is not a comparable cost),1024,optimal,0.0,0.0,0.0065,0.0065,0.00798471527353767,"diagnostic frontier point (training scenarios only); not a method, never a member"
1,SD-12MO,0.01,SDS2_MAIN9,SD-S2,MAIN9,"SDS2_MAIN9:M3b[factory box k=1.5, Gamma selected]@alpha=0.01",M3b_budget_robust,M3b_budget_robust,entry,True,selected,gamma=6,optimal,,main_reference_plan_domain,cp_upper,0.0153,0.0153,0.017477187884157933,False,False,0,35,27,0.0043,0.0055414466331101305,"gamma=3 {""k_box"": 2.0}",minimum attainable main-event rate_upper over the declared grid (descriptive; its cost is not a comparable cost),1024,optimal,0.0,0.0,0.0065,0.0065,0.00798471527353767,"diagnostic frontier point (training scenarios only); not a method, never a member"
1,SD-12MO,0.01,SDSRC12_MAIN9,SD-SRC12,MAIN9,SDSRC12_MAIN9:M0,M0_nominal,M0_nominal,entry,True,,,optimal,,main_reference_plan_domain,cp_upper,0.8032,0.8032,0.8097237760937208,False,False,0,1,1,0.8032,0.8097237760937208,,minimum attainable main-event rate_upper over the declared grid (descriptive; its cost is not a comparable cost),1024,frontier_no_feasible_solution_found_no_ration,0.017578125,0.021484375,,,,
1,SD-12MO,0.01,SDSRC12_MAIN9,SD-SRC12,MAIN9,"SDSRC12_MAIN9:M1[relative,apply_to_dm=False]@alpha=0.01",M1_safety_margin,M1_safety_margin[apply_to_dm=False],sensitivity_line,False,not_met,,,"no value of the declared grid met the validation screen (candidate statuses: optimal, proven_infeasible); a grid without a solution is not a statement about the whole decision space",main_reference_plan_domain,cp_upper,,,,,False,0,5,4,0.0637,0.0678620040247188,k=0.075,minimum attainable main-event rate_upper over the declared grid (descriptive; its cost is not a comparable cost),1024,frontier_no_feasible_solution_found_no_ration,0.017578125,0.021484375,,,,
1,SD-12MO,0.01,SDSRC12_MAIN9,SD-SRC12,MAIN9,"SDSRC12_MAIN9:M1[relative,apply_to_dm=True]@alpha=0.01",M1_safety_margin,M1_safety_margin[apply_to_dm=True],entry,False,not_met,,,"no value of the declared grid met the validation screen (candidate statuses: optimal, proven_infeasible); a grid without a solution is not a statement about the whole decision space",main_reference_plan_domain,cp_upper,,,,,False,0,5,2,0.3714,0.3794245690223036,k=0.025,minimum attainable main-event rate_upper over the declared grid (descriptive; its cost is not a comparable cost),1024,frontier_no_feasible_solution_found_no_ration,0.017578125,0.021484375,,,,
1,SD-12MO,0.01,SDSRC12_MAIN9,SD-SRC12,MAIN9,SDSRC12_MAIN9:M2[N=1024]@alpha=0.01,M2_joint_chance_saa,M2_joint_chance_saa[N=1024],entry,False,not_met,,,"SAA over the N training scenarios proven infeasible for every alpha_train of the declared grid (training scenarios only; not a population, field or whole-space statement)",main_reference_plan_domain,cp_upper,,,,,False,0,4,0,,,,no scored grid candidate with a ration (not a whole-space statement),1024,frontier_no_feasible_solution_found_no_ration,0.017578125,0.021484375,,,,
1,SD-12MO,0.01,SDSRC12_MAIN9,SD-SRC12,MAIN9,SDSRC12_MAIN9:M2[N=128]@alpha=0.01,M2_joint_chance_saa,M2_joint_chance_saa[N=128],entry,False,not_met,,,"no value of the declared grid met the validation screen (candidate statuses: optimal, proven_infeasible); a grid without a solution is not a statement about the whole decision space",main_reference_plan_domain,cp_upper,,,,,False,0,4,1,0.0016,0.002429109633300806,alpha_train=0.01,minimum attainable main-event rate_upper over the declared grid (descriptive; its cost is not a comparable cost),128,optimal,0.0078125,0.0078125,0.0016,0.0016,0.002429109633300806,"diagnostic frontier point (training scenarios only); not a method, never a member"
1,SD-12MO,0.01,SDSRC12_MAIN9,SD-SRC12,MAIN9,SDSRC12_MAIN9:M2[N=512]@alpha=0.01,M2_joint_chance_saa,M2_joint_chance_saa[N=512],entry,False,not_met,,,"SAA over the N training scenarios proven infeasible for every alpha_train of the declared grid (training scenarios only; not a population, field or whole-space statement)",main_reference_plan_domain,cp_upper,,,,,False,0,4,0,,,,no scored grid candidate with a ration (not a whole-space statement),512,optimal,0.013671875,0.013671875,0.0001,0.0001,0.0004742976591654368,"diagnostic frontier point (training scenarios only); not a method, never a member"
1,SD-12MO,0.01,SDSRC12_MAIN9,SD-SRC12,MAIN9,SDSRC12_MAIN9:M3a[factory box]@alpha=0.01,M3a_box_robust,M3a_box_robust,entry,False,not_met,,,no value of the declared grid met the validation screen (candidate statuses: proven_infeasible); a grid without a solution is not a statement about the whole decision space,main_reference_plan_domain,cp_upper,,,,,False,0,5,0,,,,no scored grid candidate with a ration (not a whole-space statement),1024,frontier_no_feasible_solution_found_no_ration,0.017578125,0.021484375,,,,
1,SD-12MO,0.01,SDSRC12_MAIN9,SD-SRC12,MAIN9,SDSRC12_MAIN9:M3b[factory box]@alpha=0.01,M3b_budget_robust,M3b_budget_robust,entry,False,not_met,,,"no value of the declared grid met the validation screen (candidate statuses: optimal, proven_infeasible); a grid without a solution is not a statement about the whole decision space",main_reference_plan_domain,cp_upper,,,,,False,0,35,11,0.0019,0.002786686053962986,"gamma=4 {""k_box"": 1.0}",minimum attainable main-event rate_upper over the declared grid (descriptive; its cost is not a comparable cost),1024,frontier_no_feasible_solution_found_no_ration,0.017578125,0.021484375,,,,
1,SD-12MO,0.01,SDSRC14_MAIN9,SD-SRC14,MAIN9,SDSRC14_MAIN9:M0,M0_nominal,M0_nominal,entry,True,,,optimal,,main_reference_plan_domain,cp_upper,0.8032,0.8032,0.8097237760937208,False,False,0,1,1,0.8032,0.8097237760937208,,minimum attainable main-event rate_upper over the declared grid (descriptive; its cost is not a comparable cost),1024,optimal,0.0,0.0,0.0171,0.0171,0.019390020592849333,"diagnostic frontier point (training scenarios only); not a method, never a member"
1,SD-12MO,0.01,SDSRC14_MAIN9,SD-SRC14,MAIN9,"SDSRC14_MAIN9:M1[relative,apply_to_dm=False]@alpha=0.01",M1_safety_margin,M1_safety_margin[apply_to_dm=False],sensitivity_line,False,not_met,,,"no value of the declared grid met the validation screen (candidate statuses: optimal, proven_infeasible); a grid without a solution is not a statement about the whole decision space",main_reference_plan_domain,cp_upper,,,,,False,0,5,4,0.0637,0.0678620040247188,k=0.075,minimum attainable main-event rate_upper over the declared grid (descriptive; its cost is not a comparable cost),1024,optimal,0.0,0.0,0.0171,0.0171,0.019390020592849333,"diagnostic frontier point (training scenarios only); not a method, never a member"
1,SD-12MO,0.01,SDSRC14_MAIN9,SD-SRC14,MAIN9,"SDSRC14_MAIN9:M1[relative,apply_to_dm=True]@alpha=0.01",M1_safety_margin,M1_safety_margin[apply_to_dm=True],entry,False,not_met,,,"no value of the declared grid met the validation screen (candidate statuses: optimal, proven_infeasible); a grid without a solution is not a statement about the whole decision space",main_reference_plan_domain,cp_upper,,,,,False,0,5,2,0.3714,0.3794245690223036,k=0.025,minimum attainable main-event rate_upper over the declared grid (descriptive; its cost is not a comparable cost),1024,optimal,0.0,0.0,0.0171,0.0171,0.019390020592849333,"diagnostic frontier point (training scenarios only); not a method, never a member"
1,SD-12MO,0.01,SDSRC14_MAIN9,SD-SRC14,MAIN9,SDSRC14_MAIN9:M2[N=1024]@alpha=0.01,M2_joint_chance_saa,M2_joint_chance_saa[N=1024],entry,True,selected,alpha_train=0.0025,optimal,,main_reference_plan_domain,cp_upper,0.0103,0.0103,0.012121191080995774,False,False,0,4,4,0.0032,0.004295884196653873,alpha_train=0.0075,minimum attainable main-event rate_upper over the declared grid (descriptive; its cost is not a comparable cost),1024,optimal,0.0,0.0,0.0171,0.0171,0.019390020592849333,"diagnostic frontier point (training scenarios only); not a method, never a member"
1,SD-12MO,0.01,SDSRC14_MAIN9,SD-SRC14,MAIN9,SDSRC14_MAIN9:M2[N=128]@alpha=0.01,M2_joint_chance_saa,M2_joint_chance_saa[N=128],entry,False,not_met,,,no value of the declared grid met the validation screen (candidate statuses: optimal); a grid without a solution is not a statement about the whole decision space,main_reference_plan_domain,cp_upper,,,,,False,0,4,4,0.0001,0.0004742976591654368,alpha_train=0.01,minimum attainable main-event rate_upper over the declared grid (descriptive; its cost is not a comparable cost),128,optimal,0.0,0.0,0.0033,0.0033,0.004410052749836001,"diagnostic frontier point (training scenarios only); not a method, never a member"
1,SD-12MO,0.01,SDSRC14_MAIN9,SD-SRC14,MAIN9,SDSRC14_MAIN9:M2[N=512]@alpha=0.01,M2_joint_chance_saa,M2_joint_chance_saa[N=512],entry,False,not_met,,,no value of the declared grid met the validation screen (candidate statuses: optimal); a grid without a solution is not a statement about the whole decision space,main_reference_plan_domain,cp_upper,,,,,False,0,4,4,0.0012,0.0019435334014636135,alpha_train=0.0075,minimum attainable main-event rate_upper over the declared grid (descriptive; its cost is not a comparable cost),512,optimal,0.0,0.0,0.0071,0.0071,0.008643490214620608,"diagnostic frontier point (training scenarios only); not a method, never a member"
1,SD-12MO,0.01,SDSRC14_MAIN9,SD-SRC14,MAIN9,SDSRC14_MAIN9:M3a[factory box]@alpha=0.01,M3a_box_robust,M3a_box_robust,entry,False,not_met,,,"no value of the declared grid met the validation screen (candidate statuses: optimal, proven_infeasible); a grid without a solution is not a statement about the whole decision space",main_reference_plan_domain,cp_upper,,,,,False,0,5,1,0.0216,0.02414721518716662,k_box=1.0,minimum attainable main-event rate_upper over the declared grid (descriptive; its cost is not a comparable cost),1024,optimal,0.0,0.0,0.0171,0.0171,0.019390020592849333,"diagnostic frontier point (training scenarios only); not a method, never a member"
1,SD-12MO,0.01,SDSRC14_MAIN9,SD-SRC14,MAIN9,"SDSRC14_MAIN9:M3b[factory box k=1.5, Gamma selected]@alpha=0.01",M3b_budget_robust,M3b_budget_robust,entry,True,selected,gamma=4,optimal,,main_reference_plan_domain,cp_upper,0.0199,0.0199,0.022353739386156476,False,False,0,35,19,0.0052,0.0065471419610077,"gamma=1 {""k_box"": 2.5}",minimum attainable main-event rate_upper over the declared grid (descriptive; its cost is not a comparable cost),1024,optimal,0.0,0.0,0.0171,0.0171,0.019390020592849333,"diagnostic frontier point (training scenarios only); not a method, never a member"
1,SD-SRC12,0.05,SD12MO_MAIN9,SD-12MO,MAIN9,SD12MO_MAIN9:M0,M0_nominal,M0_nominal,entry,True,,,optimal,,main_reference_plan_domain,cp_upper,0.8719,0.8719,0.8773665751076721,False,False,2,1,1,0.8719,0.8773665751076721,,minimum attainable main-event rate_upper over the declared grid (descriptive; its cost is not a comparable cost),1024,optimal,0.0,0.0,0.2925,0.2928,0.30037888918981615,"diagnostic frontier point (training scenarios only); not a method, never a member"
1,SD-SRC12,0.05,SD12MO_MAIN9,SD-12MO,MAIN9,"SD12MO_MAIN9:M1[relative,apply_to_dm=False]@alpha=0.05",M1_safety_margin,M1_safety_margin[apply_to_dm=False],sensitivity_line,False,not_met,,,"no value of the declared grid met the validation screen (candidate statuses: optimal, proven_infeasible); a grid without a solution is not a statement about the whole decision space",main_reference_plan_domain,cp_upper,,,,,False,2,5,4,0.3793,0.38735631222629247,k=0.075,minimum attainable main-event rate_upper over the declared grid (descriptive; its cost is not a comparable cost),1024,optimal,0.0,0.0,0.2925,0.2928,0.30037888918981615,"diagnostic frontier point (training scenarios only); not a method, never a member"
1,SD-SRC12,0.05,SD12MO_MAIN9,SD-12MO,MAIN9,"SD12MO_MAIN9:M1[relative,apply_to_dm=True]@alpha=0.05",M1_safety_margin,M1_safety_margin[apply_to_dm=True],entry,False,not_met,,,"no value of the declared grid met the validation screen (candidate statuses: optimal, proven_infeasible); a grid without a solution is not a statement about the whole decision space",main_reference_plan_domain,cp_upper,,,,,False,2,5,2,0.7337,0.7409696822385692,k=0.025,minimum attainable main-event rate_upper over the declared grid (descriptive; its cost is not a comparable cost),1024,optimal,0.0,0.0,0.2925,0.2928,0.30037888918981615,"diagnostic frontier point (training scenarios only); not a method, never a member"
1,SD-SRC12,0.05,SD12MO_MAIN9,SD-12MO,MAIN9,SD12MO_MAIN9:M2[N=1024]@alpha=0.05,M2_joint_chance_saa,M2_joint_chance_saa[N=1024],entry,True,selected,alpha_train=0.025,feasible_time_limit,,main_reference_plan_domain,cp_upper,0.4322,0.4324,0.4406125547082963,False,False,2,4,4,0.3776,0.38564967201628153,alpha_train=0.0125,minimum attainable main-event rate_upper over the declared grid (descriptive; its cost is not a comparable cost),1024,optimal,0.0,0.0,0.2925,0.2928,0.30037888918981615,"diagnostic frontier point (training scenarios only); not a method, never a member"
1,SD-SRC12,0.05,SD12MO_MAIN9,SD-12MO,MAIN9,SD12MO_MAIN9:M2[N=128]@alpha=0.05,M2_joint_chance_saa,M2_joint_chance_saa[N=128],entry,False,not_met,,,no value of the declared grid met the validation screen (candidate statuses: optimal); a grid without a solution is not a statement about the whole decision space,main_reference_plan_domain,cp_upper,,,,,False,2,4,4,0.4863,0.49457335830352195,alpha_train=0.0125,minimum attainable main-event rate_upper over the declared grid (descriptive; its cost is not a comparable cost),128,optimal,0.0,0.0,0.477,0.4771,0.48536979787973805,"diagnostic frontier point (training scenarios only); not a method, never a member"
1,SD-SRC12,0.05,SD12MO_MAIN9,SD-12MO,MAIN9,SD12MO_MAIN9:M2[N=512]@alpha=0.05,M2_joint_chance_saa,M2_joint_chance_saa[N=512],entry,True,selected,alpha_train=0.0125,optimal,,main_reference_plan_domain,cp_upper,0.4362,0.4363,0.44452020952951254,False,False,2,4,4,0.4363,0.44452020952951254,alpha_train=0.0125,minimum attainable main-event rate_upper over the declared grid (descriptive; its cost is not a comparable cost),512,optimal,0.0,0.0,0.397,0.3971,0.405219642630925,"diagnostic frontier point (training scenarios only); not a method, never a member"
1,SD-SRC12,0.05,SD12MO_MAIN9,SD-12MO,MAIN9,SD12MO_MAIN9:M3a[factory box]@alpha=0.05,M3a_box_robust,M3a_box_robust,entry,False,not_met,,,"no value of the declared grid met the validation screen (candidate statuses: optimal, proven_infeasible); a grid without a solution is not a statement about the whole decision space",main_reference_plan_domain,cp_upper,,,,,False,2,5,1,0.7091,0.7165748767555825,k_box=1.0,minimum attainable main-event rate_upper over the declared grid (descriptive; its cost is not a comparable cost),1024,optimal,0.0,0.0,0.2925,0.2928,0.30037888918981615,"diagnostic frontier point (training scenarios only); not a method, never a member"
1,SD-SRC12,0.05,SD12MO_MAIN9,SD-12MO,MAIN9,"SD12MO_MAIN9:M3b[factory box k=3, Gamma selected]@alpha=0.05",M3b_budget_robust,M3b_budget_robust,entry,True,selected,gamma=1,optimal,,main_reference_plan_domain,cp_upper,0.3182,0.3182,0.32594986736045056,False,False,2,35,18,0.2496,0.25682205697067606,"gamma=4 {""k_box"": 1.5}",minimum attainable main-event rate_upper over the declared grid (descriptive; its cost is not a comparable cost),1024,optimal,0.0,0.0,0.2925,0.2928,0.30037888918981615,"diagnostic frontier point (training scenarios only); not a method, never a member"
1,SD-SRC12,0.05,SDH0_MAIN9,SD-H0,MAIN9,SDH0_MAIN9:M0,M0_nominal,M0_nominal,entry,True,,,optimal,,main_reference_plan_domain,cp_upper,0.8719,0.8719,0.8773665751076721,False,False,2,1,1,0.8719,0.8773665751076721,,minimum attainable main-event rate_upper over the declared grid (descriptive; its cost is not a comparable cost),1024,frontier_no_feasible_solution_found_no_ration,0.048828125,0.154296875,,,,
1,SD-SRC12,0.05,SDH0_MAIN9,SD-H0,MAIN9,"SDH0_MAIN9:M1[relative,apply_to_dm=False]@alpha=0.05",M1_safety_margin,M1_safety_margin[apply_to_dm=False],sensitivity_line,False,not_met,,,"no value of the declared grid met the validation screen (candidate statuses: optimal, proven_infeasible); a grid without a solution is not a statement about the whole decision space",main_reference_plan_domain,cp_upper,,,,,False,2,5,4,0.3793,0.38735631222629247,k=0.075,minimum attainable main-event rate_upper over the declared grid (descriptive; its cost is not a comparable cost),1024,frontier_no_feasible_solution_found_no_ration,0.048828125,0.154296875,,,,
1,SD-SRC12,0.05,SDH0_MAIN9,SD-H0,MAIN9,"SDH0_MAIN9:M1[relative,apply_to_dm=True]@alpha=0.05",M1_safety_margin,M1_safety_margin[apply_to_dm=True],entry,False,not_met,,,"no value of the declared grid met the validation screen (candidate statuses: optimal, proven_infeasible); a grid without a solution is not a statement about the whole decision space",main_reference_plan_domain,cp_upper,,,,,False,2,5,2,0.7337,0.7409696822385692,k=0.025,minimum attainable main-event rate_upper over the declared grid (descriptive; its cost is not a comparable cost),1024,frontier_no_feasible_solution_found_no_ration,0.048828125,0.154296875,,,,
1,SD-SRC12,0.05,SDH0_MAIN9,SD-H0,MAIN9,SDH0_MAIN9:M2[N=1024]@alpha=0.05,M2_joint_chance_saa,M2_joint_chance_saa[N=1024],entry,False,not_met,,,"SAA over the N training scenarios proven infeasible for every alpha_train of the declared grid (training scenarios only; not a population, field or whole-space statement)",main_reference_plan_domain,cp_upper,,,,,False,2,4,0,,,,no scored grid candidate with a ration (not a whole-space statement),1024,frontier_no_feasible_solution_found_no_ration,0.048828125,0.154296875,,,,
1,SD-SRC12,0.05,SDH0_MAIN9,SD-H0,MAIN9,SDH0_MAIN9:M2[N=128]@alpha=0.05,M2_joint_chance_saa,M2_joint_chance_saa[N=128],entry,False,not_met,,,"SAA over the N training scenarios proven infeasible for every alpha_train of the declared grid (training scenarios only; not a population, field or whole-space statement)",main_reference_plan_domain,cp_upper,,,,,False,2,4,0,,,,no scored grid candidate with a ration (not a whole-space statement),128,optimal,0.1015625,0.1015625,0.047,0.0474,0.05104414736723735,"diagnostic frontier point (training scenarios only); not a method, never a member"
1,SD-SRC12,0.05,SDH0_MAIN9,SD-H0,MAIN9,SDH0_MAIN9:M2[N=512]@alpha=0.05,M2_joint_chance_saa,M2_joint_chance_saa[N=512],entry,False,not_met,,,"SAA over the N training scenarios proven infeasible for every alpha_train of the declared grid (training scenarios only; not a population, field or whole-space statement)",main_reference_plan_domain,cp_upper,,,,,False,2,4,0,,,,no scored grid candidate with a ration (not a whole-space statement),512,frontier_no_feasible_solution_found_no_ration,0.0546875,0.15234375,,,,
1,SD-SRC12,0.05,SDH0_MAIN9,SD-H0,MAIN9,SDH0_MAIN9:M3a[factory box]@alpha=0.05,M3a_box_robust,M3a_box_robust,entry,False,not_met,,,no value of the declared grid met the validation screen (candidate statuses: proven_infeasible); a grid without a solution is not a statement about the whole decision space,main_reference_plan_domain,cp_upper,,,,,False,2,5,0,,,,no scored grid candidate with a ration (not a whole-space statement),1024,frontier_no_feasible_solution_found_no_ration,0.048828125,0.154296875,,,,
1,SD-SRC12,0.05,SDH0_MAIN9,SD-H0,MAIN9,SDH0_MAIN9:M3b[factory box]@alpha=0.05,M3b_budget_robust,M3b_budget_robust,entry,False,not_met,,,"no value of the declared grid met the validation screen (candidate statuses: optimal, proven_infeasible); a grid without a solution is not a statement about the whole decision space",main_reference_plan_domain,cp_upper,,,,,False,2,35,7,0.3194,0.32715728180205095,"gamma=1 {""k_box"": 1.5}",minimum attainable main-event rate_upper over the declared grid (descriptive; its cost is not a comparable cost),1024,frontier_no_feasible_solution_found_no_ration,0.048828125,0.154296875,,,,
1,SD-SRC12,0.05,SDS2_MAIN9,SD-S2,MAIN9,SDS2_MAIN9:M0,M0_nominal,M0_nominal,entry,True,,,optimal,,main_reference_plan_domain,cp_upper,0.8719,0.8719,0.8773665751076721,False,False,2,1,1,0.8719,0.8773665751076721,,minimum attainable main-event rate_upper over the declared grid (descriptive; its cost is not a comparable cost),1024,optimal,0.0,0.0,0.3324,0.3326,0.34043502322277075,"diagnostic frontier point (training scenarios only); not a method, never a member"
1,SD-SRC12,0.05,SDS2_MAIN9,SD-S2,MAIN9,"SDS2_MAIN9:M1[relative,apply_to_dm=False]@alpha=0.05",M1_safety_margin,M1_safety_margin[apply_to_dm=False],sensitivity_line,True,selected,k=0.075,optimal,,main_reference_plan_domain,cp_upper,0.3793,0.3793,0.38735631222629247,False,False,2,5,4,0.3793,0.38735631222629247,k=0.075,minimum attainable main-event rate_upper over the declared grid (descriptive; its cost is not a comparable cost),1024,optimal,0.0,0.0,0.3324,0.3326,0.34043502322277075,"diagnostic frontier point (training scenarios only); not a method, never a member"
1,SD-SRC12,0.05,SDS2_MAIN9,SD-S2,MAIN9,"SDS2_MAIN9:M1[relative,apply_to_dm=True]@alpha=0.05",M1_safety_margin,M1_safety_margin[apply_to_dm=True],entry,False,not_met,,,"no value of the declared grid met the validation screen (candidate statuses: optimal, proven_infeasible); a grid without a solution is not a statement about the whole decision space",main_reference_plan_domain,cp_upper,,,,,False,2,5,2,0.7337,0.7409696822385692,k=0.025,minimum attainable main-event rate_upper over the declared grid (descriptive; its cost is not a comparable cost),1024,optimal,0.0,0.0,0.3324,0.3326,0.34043502322277075,"diagnostic frontier point (training scenarios only); not a method, never a member"
1,SD-SRC12,0.05,SDS2_MAIN9,SD-S2,MAIN9,SDS2_MAIN9:M2[N=1024]@alpha=0.05,M2_joint_chance_saa,M2_joint_chance_saa[N=1024],entry,True,selected,alpha_train=0.025,feasible_time_limit,,main_reference_plan_domain,cp_upper,0.3929,0.3931,0.4012063892533252,False,False,2,4,4,0.3086,0.3162884277805762,alpha_train=0.0125,minimum attainable main-event rate_upper over the declared grid (descriptive; its cost is not a comparable cost),1024,optimal,0.0,0.0,0.3324,0.3326,0.34043502322277075,"diagnostic frontier point (training scenarios only); not a method, never a member"
1,SD-SRC12,0.05,SDS2_MAIN9,SD-S2,MAIN9,SDS2_MAIN9:M2[N=128]@alpha=0.05,M2_joint_chance_saa,M2_joint_chance_saa[N=128],entry,False,not_met,,,no value of the declared grid met the validation screen (candidate statuses: optimal); a grid without a solution is not a statement about the whole decision space,main_reference_plan_domain,cp_upper,,,,,False,2,4,4,0.4841,0.49237276062461377,alpha_train=0.0125,minimum attainable main-event rate_upper over the declared grid (descriptive; its cost is not a comparable cost),128,optimal,0.0,0.0,0.4685,0.4686,0.47686402635431163,"diagnostic frontier point (training scenarios only); not a method, never a member"
1,SD-SRC12,0.05,SDS2_MAIN9,SD-S2,MAIN9,SDS2_MAIN9:M2[N=512]@alpha=0.05,M2_joint_chance_saa,M2_joint_chance_saa[N=512],entry,True,selected,alpha_train=0.0125,optimal,,main_reference_plan_domain,cp_upper,0.3762,0.3763,0.3843445238630594,False,False,2,4,4,0.3763,0.3843445238630594,alpha_train=0.0125,minimum attainable main-event rate_upper over the declared grid (descriptive; its cost is not a comparable cost),512,optimal,0.0,0.0,0.4365,0.4366,0.4448207771066986,"diagnostic frontier point (training scenarios only); not a method, never a member"
1,SD-SRC12,0.05,SDS2_MAIN9,SD-S2,MAIN9,SDS2_MAIN9:M3a[factory box]@alpha=0.05,M3a_box_robust,M3a_box_robust,entry,True,selected,k_box=1.5,optimal,,main_reference_plan_domain,cp_upper,0.3267,0.3268,0.3346017201576046,False,False,2,5,3,0.199,0.20568155804107788,k_box=2.0,minimum attainable main-event rate_upper over the declared grid (descriptive; its cost is not a comparable cost),1024,optimal,0.0,0.0,0.3324,0.3326,0.34043502322277075,"diagnostic frontier point (training scenarios only); not a method, never a member"
1,SD-SRC12,0.05,SDS2_MAIN9,SD-S2,MAIN9,"SDS2_MAIN9:M3b[factory box k=1.5, Gamma selected]@alpha=0.05",M3b_budget_robust,M3b_budget_robust,entry,True,selected,gamma=3,optimal,,main_reference_plan_domain,cp_upper,0.4495,0.4496,0.4578424678703485,False,False,2,35,27,0.1758,0.18218075425876085,"gamma=3 {""k_box"": 2.0}",minimum attainable main-event rate_upper over the declared grid (descriptive; its cost is not a comparable cost),1024,optimal,0.0,0.0,0.3324,0.3326,0.34043502322277075,"diagnostic frontier point (training scenarios only); not a method, never a member"
1,SD-SRC12,0.05,SDSRC12_MAIN9,SD-SRC12,MAIN9,SDSRC12_MAIN9:M0,M0_nominal,M0_nominal,entry,True,,,optimal,,main_reference_plan_domain,cp_upper,0.8719,0.8719,0.8773665751076721,False,False,2,1,1,0.8719,0.8773665751076721,,minimum attainable main-event rate_upper over the declared grid (descriptive; its cost is not a comparable cost),1024,frontier_no_feasible_solution_found_no_ration,0.017578125,0.021484375,,,,
1,SD-SRC12,0.05,SDSRC12_MAIN9,SD-SRC12,MAIN9,"SDSRC12_MAIN9:M1[relative,apply_to_dm=False]@alpha=0.05",M1_safety_margin,M1_safety_margin[apply_to_dm=False],sensitivity_line,False,not_met,,,"no value of the declared grid met the validation screen (candidate statuses: optimal, proven_infeasible); a grid without a solution is not a statement about the whole decision space",main_reference_plan_domain,cp_upper,,,,,False,2,5,4,0.3793,0.38735631222629247,k=0.075,minimum attainable main-event rate_upper over the declared grid (descriptive; its cost is not a comparable cost),1024,frontier_no_feasible_solution_found_no_ration,0.017578125,0.021484375,,,,
1,SD-SRC12,0.05,SDSRC12_MAIN9,SD-SRC12,MAIN9,"SDSRC12_MAIN9:M1[relative,apply_to_dm=True]@alpha=0.05",M1_safety_margin,M1_safety_margin[apply_to_dm=True],entry,False,not_met,,,"no value of the declared grid met the validation screen (candidate statuses: optimal, proven_infeasible); a grid without a solution is not a statement about the whole decision space",main_reference_plan_domain,cp_upper,,,,,False,2,5,2,0.7337,0.7409696822385692,k=0.025,minimum attainable main-event rate_upper over the declared grid (descriptive; its cost is not a comparable cost),1024,frontier_no_feasible_solution_found_no_ration,0.017578125,0.021484375,,,,
1,SD-SRC12,0.05,SDSRC12_MAIN9,SD-SRC12,MAIN9,SDSRC12_MAIN9:M2[N=1024]@alpha=0.05,M2_joint_chance_saa,M2_joint_chance_saa[N=1024],entry,True,selected,alpha_train=0.0375,feasible_time_limit,,main_reference_plan_domain,cp_upper,0.0236,0.024,0.026672714897028032,True,True,2,4,3,0.014,0.016091306623453573,alpha_train=0.025,minimum attainable main-event rate_upper over the declared grid (descriptive; its cost is not a comparable cost),1024,frontier_no_feasible_solution_found_no_ration,0.017578125,0.021484375,,,,
1,SD-SRC12,0.05,SDSRC12_MAIN9,SD-SRC12,MAIN9,SDSRC12_MAIN9:M2[N=128]@alpha=0.05,M2_joint_chance_saa,M2_joint_chance_saa[N=128],entry,False,not_met,,,no value of the declared grid met the validation screen (candidate statuses: optimal); a grid without a solution is not a statement about the whole decision space,main_reference_plan_domain,cp_upper,,,,,False,2,4,4,0.0323,0.035360915991172616,alpha_train=0.0375,minimum attainable main-event rate_upper over the declared grid (descriptive; its cost is not a comparable cost),128,optimal,0.0078125,0.0078125,0.0576,0.0579,0.06188799698339685,"diagnostic frontier point (training scenarios only); not a method, never a member"
1,SD-SRC12,0.05,SDSRC12_MAIN9,SD-SRC12,MAIN9,SDSRC12_MAIN9:M2[N=512]@alpha=0.05,M2_joint_chance_saa,M2_joint_chance_saa[N=512],entry,False,not_met,,,"no value of the declared grid met the validation screen (candidate statuses: feasible_time_limit, optimal, proven_infeasible); a grid without a solution is not a statement about the whole decision space",main_reference_plan_domain,cp_upper,,,,,False,2,4,3,0.024,0.026672714897028032,alpha_train=0.0375,minimum attainable main-event rate_upper over the declared grid (descriptive; its cost is not a comparable cost),512,optimal,0.013671875,0.013671875,0.0143,0.0147,0.01683804392906579,"diagnostic frontier point (training scenarios only); not a method, never a member"
1,SD-SRC12,0.05,SDSRC12_MAIN9,SD-SRC12,MAIN9,SDSRC12_MAIN9:M3a[factory box]@alpha=0.05,M3a_box_robust,M3a_box_robust,entry,False,not_met,,,no value of the declared grid met the validation screen (candidate statuses: proven_infeasible); a grid without a solution is not a statement about the whole decision space,main_reference_plan_domain,cp_upper,,,,,False,2,5,0,,,,no scored grid candidate with a ration (not a whole-space statement),1024,frontier_no_feasible_solution_found_no_ration,0.017578125,0.021484375,,,,
1,SD-SRC12,0.05,SDSRC12_MAIN9,SD-SRC12,MAIN9,SDSRC12_MAIN9:M3b[factory box]@alpha=0.05,M3b_budget_robust,M3b_budget_robust,entry,False,not_met,,,"no value of the declared grid met the validation screen (candidate statuses: optimal, proven_infeasible); a grid without a solution is not a statement about the whole decision space",main_reference_plan_domain,cp_upper,,,,,False,2,35,11,0.1159,0.12129821422856225,"gamma=4 {""k_box"": 1.0}",minimum attainable main-event rate_upper over the declared grid (descriptive; its cost is not a comparable cost),1024,frontier_no_feasible_solution_found_no_ration,0.017578125,0.021484375,,,,
1,SD-SRC12,0.05,SDSRC14_MAIN9,SD-SRC14,MAIN9,SDSRC14_MAIN9:M0,M0_nominal,M0_nominal,entry,True,,,optimal,,main_reference_plan_domain,cp_upper,0.8719,0.8719,0.8773665751076721,False,False,2,1,1,0.8719,0.8773665751076721,,minimum attainable main-event rate_upper over the declared grid (descriptive; its cost is not a comparable cost),1024,optimal,0.0,0.0,0.1472,0.1474,0.15335698534212266,"diagnostic frontier point (training scenarios only); not a method, never a member"
1,SD-SRC12,0.05,SDSRC14_MAIN9,SD-SRC14,MAIN9,"SDSRC14_MAIN9:M1[relative,apply_to_dm=False]@alpha=0.05",M1_safety_margin,M1_safety_margin[apply_to_dm=False],sensitivity_line,False,not_met,,,"no value of the declared grid met the validation screen (candidate statuses: optimal, proven_infeasible); a grid without a solution is not a statement about the whole decision space",main_reference_plan_domain,cp_upper,,,,,False,2,5,4,0.3793,0.38735631222629247,k=0.075,minimum attainable main-event rate_upper over the declared grid (descriptive; its cost is not a comparable cost),1024,optimal,0.0,0.0,0.1472,0.1474,0.15335698534212266,"diagnostic frontier point (training scenarios only); not a method, never a member"
1,SD-SRC12,0.05,SDSRC14_MAIN9,SD-SRC14,MAIN9,"SDSRC14_MAIN9:M1[relative,apply_to_dm=True]@alpha=0.05",M1_safety_margin,M1_safety_margin[apply_to_dm=True],entry,False,not_met,,,"no value of the declared grid met the validation screen (candidate statuses: optimal, proven_infeasible); a grid without a solution is not a statement about the whole decision space",main_reference_plan_domain,cp_upper,,,,,False,2,5,2,0.7337,0.7409696822385692,k=0.025,minimum attainable main-event rate_upper over the declared grid (descriptive; its cost is not a comparable cost),1024,optimal,0.0,0.0,0.1472,0.1474,0.15335698534212266,"diagnostic frontier point (training scenarios only); not a method, never a member"
1,SD-SRC12,0.05,SDSRC14_MAIN9,SD-SRC14,MAIN9,SDSRC14_MAIN9:M2[N=1024]@alpha=0.05,M2_joint_chance_saa,M2_joint_chance_saa[N=1024],entry,True,selected,alpha_train=0.0375,feasible_time_limit,,main_reference_plan_domain,cp_upper,0.0493,0.0497,0.05342304600886421,False,False,2,4,4,0.0313,0.034317301198146244,alpha_train=0.0125,minimum attainable main-event rate_upper over the declared grid (descriptive; its cost is not a comparable cost),1024,optimal,0.0,0.0,0.1472,0.1474,0.15335698534212266,"diagnostic frontier point (training scenarios only); not a method, never a member"
1,SD-SRC12,0.05,SDSRC14_MAIN9,SD-SRC14,MAIN9,SDSRC14_MAIN9:M2[N=128]@alpha=0.05,M2_joint_chance_saa,M2_joint_chance_saa[N=128],entry,False,not_met,,,no value of the declared grid met the validation screen (candidate statuses: optimal); a grid without a solution is not a statement about the whole decision space,main_reference_plan_domain,cp_upper,,,,,False,2,4,4,0.0347,0.037862625679056225,alpha_train=0.0125,minimum attainable main-event rate_upper over the declared grid (descriptive; its cost is not a comparable cost),128,optimal,0.0,0.0,0.0445,0.0449,0.04845581555175561,"diagnostic frontier point (training scenarios only); not a method, never a member"
1,SD-SRC12,0.05,SDSRC14_MAIN9,SD-SRC14,MAIN9,SDSRC14_MAIN9:M2[N=512]@alpha=0.05,M2_joint_chance_saa,M2_joint_chance_saa[N=512],entry,True,selected,alpha_train=0.025,optimal,,main_reference_plan_domain,cp_upper,0.0389,0.0393,0.04264709372189275,True,True,2,4,4,0.0393,0.04264709372189275,alpha_train=0.025,minimum attainable main-event rate_upper over the declared grid (descriptive; its cost is not a comparable cost),512,optimal,0.0,0.0,0.1205,0.1207,0.12619045242965413,"diagnostic frontier point (training scenarios only); not a method, never a member"
1,SD-SRC12,0.05,SDSRC14_MAIN9,SD-SRC14,MAIN9,SDSRC14_MAIN9:M3a[factory box]@alpha=0.05,M3a_box_robust,M3a_box_robust,entry,False,not_met,,,"no value of the declared grid met the validation screen (candidate statuses: optimal, proven_infeasible); a grid without a solution is not a statement about the whole decision space",main_reference_plan_domain,cp_upper,,,,,False,2,5,1,0.2049,0.21165231494678685,k_box=1.0,minimum attainable main-event rate_upper over the declared grid (descriptive; its cost is not a comparable cost),1024,optimal,0.0,0.0,0.1472,0.1474,0.15335698534212266,"diagnostic frontier point (training scenarios only); not a method, never a member"
1,SD-SRC12,0.05,SDSRC14_MAIN9,SD-SRC14,MAIN9,"SDSRC14_MAIN9:M3b[factory box k=1.5, Gamma selected]@alpha=0.05",M3b_budget_robust,M3b_budget_robust,entry,True,selected,gamma=3,optimal,,main_reference_plan_domain,cp_upper,0.1149,0.1151,0.12048256473951886,False,False,2,35,19,0.1151,0.12048256473951886,"gamma=3 {""k_box"": 1.5}",minimum attainable main-event rate_upper over the declared grid (descriptive; its cost is not a comparable cost),1024,optimal,0.0,0.0,0.1472,0.1474,0.15335698534212266,"diagnostic frontier point (training scenarios only); not a method, never a member"
1,SD-SRC12,0.1,SD12MO_MAIN9,SD-12MO,MAIN9,SD12MO_MAIN9:M0,M0_nominal,M0_nominal,entry,True,,,optimal,,main_reference_plan_domain,cp_upper,0.8719,0.8719,0.8773665751076721,False,False,5,1,1,0.8719,0.8773665751076721,,minimum attainable main-event rate_upper over the declared grid (descriptive; its cost is not a comparable cost),1024,optimal,0.0,0.0,0.2925,0.2928,0.30037888918981615,"diagnostic frontier point (training scenarios only); not a method, never a member"
1,SD-SRC12,0.1,SD12MO_MAIN9,SD-12MO,MAIN9,"SD12MO_MAIN9:M1[relative,apply_to_dm=False]@alpha=0.1",M1_safety_margin,M1_safety_margin[apply_to_dm=False],sensitivity_line,True,selected,k=0.075,optimal,,main_reference_plan_domain,cp_upper,0.3793,0.3793,0.38735631222629247,False,False,5,5,4,0.3793,0.38735631222629247,k=0.075,minimum attainable main-event rate_upper over the declared grid (descriptive; its cost is not a comparable cost),1024,optimal,0.0,0.0,0.2925,0.2928,0.30037888918981615,"diagnostic frontier point (training scenarios only); not a method, never a member"
1,SD-SRC12,0.1,SD12MO_MAIN9,SD-12MO,MAIN9,"SD12MO_MAIN9:M1[relative,apply_to_dm=True]@alpha=0.1",M1_safety_margin,M1_safety_margin[apply_to_dm=True],entry,False,not_met,,,"no value of the declared grid met the validation screen (candidate statuses: optimal, proven_infeasible); a grid without a solution is not a statement about the whole decision space",main_reference_plan_domain,cp_upper,,,,,False,5,5,2,0.7337,0.7409696822385692,k=0.025,minimum attainable main-event rate_upper over the declared grid (descriptive; its cost is not a comparable cost),1024,optimal,0.0,0.0,0.2925,0.2928,0.30037888918981615,"diagnostic frontier point (training scenarios only); not a method, never a member"
1,SD-SRC12,0.1,SD12MO_MAIN9,SD-12MO,MAIN9,SD12MO_MAIN9:M2[N=1024]@alpha=0.1,M2_joint_chance_saa,M2_joint_chance_saa[N=1024],entry,True,selected,alpha_train=0.075,feasible_time_limit,,main_reference_plan_domain,cp_upper,0.493,0.4932,0.501474199313418,False,False,5,4,4,0.4324,0.4406125547082963,alpha_train=0.025,minimum attainable main-event rate_upper over the declared grid (descriptive; its cost is not a comparable cost),1024,optimal,0.0,0.0,0.2925,0.2928,0.30037888918981615,"diagnostic frontier point (training scenarios only); not a method, never a member"
1,SD-SRC12,0.1,SD12MO_MAIN9,SD-12MO,MAIN9,SD12MO_MAIN9:M2[N=128]@alpha=0.1,M2_joint_chance_saa,M2_joint_chance_saa[N=128],entry,False,not_met,,,no value of the declared grid met the validation screen (candidate statuses: optimal); a grid without a solution is not a statement about the whole decision space,main_reference_plan_domain,cp_upper,,,,,False,5,4,4,0.4965,0.5047740477619945,alpha_train=0.025,minimum attainable main-event rate_upper over the declared grid (descriptive; its cost is not a comparable cost),128,optimal,0.0,0.0,0.477,0.4771,0.48536979787973805,"diagnostic frontier point (training scenarios only); not a method, never a member"
1,SD-SRC12,0.1,SD12MO_MAIN9,SD-12MO,MAIN9,SD12MO_MAIN9:M2[N=512]@alpha=0.1,M2_joint_chance_saa,M2_joint_chance_saa[N=512],entry,True,selected,alpha_train=0.025,optimal,,main_reference_plan_domain,cp_upper,0.4829,0.4831,0.49137243625184995,False,False,5,4,4,0.4831,0.49137243625184995,alpha_train=0.025,minimum attainable main-event rate_upper over the declared grid (descriptive; its cost is not a comparable cost),512,optimal,0.0,0.0,0.397,0.3971,0.405219642630925,"diagnostic frontier point (training scenarios only); not a method, never a member"
1,SD-SRC12,0.1,SD12MO_MAIN9,SD-12MO,MAIN9,SD12MO_MAIN9:M3a[factory box]@alpha=0.1,M3a_box_robust,M3a_box_robust,entry,False,not_met,,,"no value of the declared grid met the validation screen (candidate statuses: optimal, proven_infeasible); a grid without a solution is not a statement about the whole decision space",main_reference_plan_domain,cp_upper,,,,,False,5,5,1,0.7091,0.7165748767555825,k_box=1.0,minimum attainable main-event rate_upper over the declared grid (descriptive; its cost is not a comparable cost),1024,optimal,0.0,0.0,0.2925,0.2928,0.30037888918981615,"diagnostic frontier point (training scenarios only); not a method, never a member"
1,SD-SRC12,0.1,SD12MO_MAIN9,SD-12MO,MAIN9,"SD12MO_MAIN9:M3b[factory box k=1.5, Gamma selected]@alpha=0.1",M3b_budget_robust,M3b_budget_robust,entry,True,selected,gamma=2,optimal,,main_reference_plan_domain,cp_upper,0.5043,0.5044,0.5126722297972963,False,False,5,35,18,0.2496,0.25682205697067606,"gamma=4 {""k_box"": 1.5}",minimum attainable main-event rate_upper over the declared grid (descriptive; its cost is not a comparable cost),1024,optimal,0.0,0.0,0.2925,0.2928,0.30037888918981615,"diagnostic frontier point (training scenarios only); not a method, never a member"
1,SD-SRC12,0.1,SDH0_MAIN9,SD-H0,MAIN9,SDH0_MAIN9:M0,M0_nominal,M0_nominal,entry,True,,,optimal,,main_reference_plan_domain,cp_upper,0.8719,0.8719,0.8773665751076721,False,False,5,1,1,0.8719,0.8773665751076721,,minimum attainable main-event rate_upper over the declared grid (descriptive; its cost is not a comparable cost),1024,frontier_no_feasible_solution_found_no_ration,0.048828125,0.154296875,,,,
1,SD-SRC12,0.1,SDH0_MAIN9,SD-H0,MAIN9,"SDH0_MAIN9:M1[relative,apply_to_dm=False]@alpha=0.1",M1_safety_margin,M1_safety_margin[apply_to_dm=False],sensitivity_line,False,not_met,,,"no value of the declared grid met the validation screen (candidate statuses: optimal, proven_infeasible); a grid without a solution is not a statement about the whole decision space",main_reference_plan_domain,cp_upper,,,,,False,5,5,4,0.3793,0.38735631222629247,k=0.075,minimum attainable main-event rate_upper over the declared grid (descriptive; its cost is not a comparable cost),1024,frontier_no_feasible_solution_found_no_ration,0.048828125,0.154296875,,,,
1,SD-SRC12,0.1,SDH0_MAIN9,SD-H0,MAIN9,"SDH0_MAIN9:M1[relative,apply_to_dm=True]@alpha=0.1",M1_safety_margin,M1_safety_margin[apply_to_dm=True],entry,False,not_met,,,"no value of the declared grid met the validation screen (candidate statuses: optimal, proven_infeasible); a grid without a solution is not a statement about the whole decision space",main_reference_plan_domain,cp_upper,,,,,False,5,5,2,0.7337,0.7409696822385692,k=0.025,minimum attainable main-event rate_upper over the declared grid (descriptive; its cost is not a comparable cost),1024,frontier_no_feasible_solution_found_no_ration,0.048828125,0.154296875,,,,
1,SD-SRC12,0.1,SDH0_MAIN9,SD-H0,MAIN9,SDH0_MAIN9:M2[N=1024]@alpha=0.1,M2_joint_chance_saa,M2_joint_chance_saa[N=1024],entry,False,not_met,,,"no value of the declared grid met the validation screen (candidate statuses: no_feasible_solution_found, proven_infeasible); a grid without a solution is not a statement about the whole decision space",main_reference_plan_domain,cp_upper,,,,,False,5,4,0,,,,no scored grid candidate with a ration (not a whole-space statement),1024,frontier_no_feasible_solution_found_no_ration,0.048828125,0.154296875,,,,
1,SD-SRC12,0.1,SDH0_MAIN9,SD-H0,MAIN9,SDH0_MAIN9:M2[N=128]@alpha=0.1,M2_joint_chance_saa,M2_joint_chance_saa[N=128],entry,False,not_met,,,"SAA over the N training scenarios proven infeasible for every alpha_train of the declared grid (training scenarios only; not a population, field or whole-space statement)",main_reference_plan_domain,cp_upper,,,,,False,5,4,0,,,,no scored grid candidate with a ration (not a whole-space statement),128,optimal,0.1015625,0.1015625,0.047,0.0474,0.05104414736723735,"diagnostic frontier point (training scenarios only); not a method, never a member"
1,SD-SRC12,0.1,SDH0_MAIN9,SD-H0,MAIN9,SDH0_MAIN9:M2[N=512]@alpha=0.1,M2_joint_chance_saa,M2_joint_chance_saa[N=512],entry,False,not_met,,,"no value of the declared grid met the validation screen (candidate statuses: no_feasible_solution_found, proven_infeasible); a grid without a solution is not a statement about the whole decision space",main_reference_plan_domain,cp_upper,,,,,False,5,4,0,,,,no scored grid candidate with a ration (not a whole-space statement),512,frontier_no_feasible_solution_found_no_ration,0.0546875,0.15234375,,,,
1,SD-SRC12,0.1,SDH0_MAIN9,SD-H0,MAIN9,SDH0_MAIN9:M3a[factory box]@alpha=0.1,M3a_box_robust,M3a_box_robust,entry,False,not_met,,,no value of the declared grid met the validation screen (candidate statuses: proven_infeasible); a grid without a solution is not a statement about the whole decision space,main_reference_plan_domain,cp_upper,,,,,False,5,5,0,,,,no scored grid candidate with a ration (not a whole-space statement),1024,frontier_no_feasible_solution_found_no_ration,0.048828125,0.154296875,,,,
1,SD-SRC12,0.1,SDH0_MAIN9,SD-H0,MAIN9,SDH0_MAIN9:M3b[factory box]@alpha=0.1,M3b_budget_robust,M3b_budget_robust,entry,False,not_met,,,"no value of the declared grid met the validation screen (candidate statuses: optimal, proven_infeasible); a grid without a solution is not a statement about the whole decision space",main_reference_plan_domain,cp_upper,,,,,False,5,35,7,0.3194,0.32715728180205095,"gamma=1 {""k_box"": 1.5}",minimum attainable main-event rate_upper over the declared grid (descriptive; its cost is not a comparable cost),1024,frontier_no_feasible_solution_found_no_ration,0.048828125,0.154296875,,,,
1,SD-SRC12,0.1,SDS2_MAIN9,SD-S2,MAIN9,SDS2_MAIN9:M0,M0_nominal,M0_nominal,entry,True,,,optimal,,main_reference_plan_domain,cp_upper,0.8719,0.8719,0.8773665751076721,False,False,5,1,1,0.8719,0.8773665751076721,,minimum attainable main-event rate_upper over the declared grid (descriptive; its cost is not a comparable cost),1024,optimal,0.0,0.0,0.3324,0.3326,0.34043502322277075,"diagnostic frontier point (training scenarios only); not a method, never a member"
1,SD-SRC12,0.1,SDS2_MAIN9,SD-S2,MAIN9,"SDS2_MAIN9:M1[relative,apply_to_dm=False]@alpha=0.1",M1_safety_margin,M1_safety_margin[apply_to_dm=False],sensitivity_line,True,selected,k=0.075,optimal,,main_reference_plan_domain,cp_upper,0.3793,0.3793,0.38735631222629247,False,False,5,5,4,0.3793,0.38735631222629247,k=0.075,minimum attainable main-event rate_upper over the declared grid (descriptive; its cost is not a comparable cost),1024,optimal,0.0,0.0,0.3324,0.3326,0.34043502322277075,"diagnostic frontier point (training scenarios only); not a method, never a member"
1,SD-SRC12,0.1,SDS2_MAIN9,SD-S2,MAIN9,"SDS2_MAIN9:M1[relative,apply_to_dm=True]@alpha=0.1",M1_safety_margin,M1_safety_margin[apply_to_dm=True],entry,False,not_met,,,"no value of the declared grid met the validation screen (candidate statuses: optimal, proven_infeasible); a grid without a solution is not a statement about the whole decision space",main_reference_plan_domain,cp_upper,,,,,False,5,5,2,0.7337,0.7409696822385692,k=0.025,minimum attainable main-event rate_upper over the declared grid (descriptive; its cost is not a comparable cost),1024,optimal,0.0,0.0,0.3324,0.3326,0.34043502322277075,"diagnostic frontier point (training scenarios only); not a method, never a member"
1,SD-SRC12,0.1,SDS2_MAIN9,SD-S2,MAIN9,SDS2_MAIN9:M2[N=1024]@alpha=0.1,M2_joint_chance_saa,M2_joint_chance_saa[N=1024],entry,True,selected,alpha_train=0.075,feasible_time_limit,,main_reference_plan_domain,cp_upper,0.4886,0.4888,0.4970738440377893,False,False,5,4,4,0.3931,0.4012063892533252,alpha_train=0.025,minimum attainable main-event rate_upper over the declared grid (descriptive; its cost is not a comparable cost),1024,optimal,0.0,0.0,0.3324,0.3326,0.34043502322277075,"diagnostic frontier point (training scenarios only); not a method, never a member"
1,SD-SRC12,0.1,SDS2_MAIN9,SD-S2,MAIN9,SDS2_MAIN9:M2[N=128]@alpha=0.1,M2_joint_chance_saa,M2_joint_chance_saa[N=128],entry,False,not_met,,,no value of the declared grid met the validation screen (candidate statuses: optimal); a grid without a solution is not a statement about the whole decision space,main_reference_plan_domain,cp_upper,,,,,False,5,4,4,0.5,0.5082734955962607,alpha_train=0.025,minimum attainable main-event rate_upper over the declared grid (descriptive; its cost is not a comparable cost),128,optimal,0.0,0.0,0.4685,0.4686,0.47686402635431163,"diagnostic frontier point (training scenarios only); not a method, never a member"
1,SD-SRC12,0.1,SDS2_MAIN9,SD-S2,MAIN9,SDS2_MAIN9:M2[N=512]@alpha=0.1,M2_joint_chance_saa,M2_joint_chance_saa[N=512],entry,True,selected,alpha_train=0.025,optimal,,main_reference_plan_domain,cp_upper,0.473,0.4732,0.48146744609553205,False,False,5,4,4,0.4732,0.48146744609553205,alpha_train=0.025,minimum attainable main-event rate_upper over the declared grid (descriptive; its cost is not a comparable cost),512,optimal,0.0,0.0,0.4365,0.4366,0.4448207771066986,"diagnostic frontier point (training scenarios only); not a method, never a member"
1,SD-SRC12,0.1,SDS2_MAIN9,SD-S2,MAIN9,SDS2_MAIN9:M3a[factory box]@alpha=0.1,M3a_box_robust,M3a_box_robust,entry,True,selected,k_box=1.5,optimal,,main_reference_plan_domain,cp_upper,0.3267,0.3268,0.3346017201576046,False,False,5,5,3,0.199,0.20568155804107788,k_box=2.0,minimum attainable main-event rate_upper over the declared grid (descriptive; its cost is not a comparable cost),1024,optimal,0.0,0.0,0.3324,0.3326,0.34043502322277075,"diagnostic frontier point (training scenarios only); not a method, never a member"
1,SD-SRC12,0.1,SDS2_MAIN9,SD-S2,MAIN9,"SDS2_MAIN9:M3b[factory box k=1.5, Gamma selected]@alpha=0.1",M3b_budget_robust,M3b_budget_robust,entry,True,selected,gamma=2,optimal,,main_reference_plan_domain,cp_upper,0.4919,0.492,0.500274165598457,False,False,5,35,27,0.1758,0.18218075425876085,"gamma=3 {""k_box"": 2.0}",minimum attainable main-event rate_upper over the declared grid (descriptive; its cost is not a comparable cost),1024,optimal,0.0,0.0,0.3324,0.3326,0.34043502322277075,"diagnostic frontier point (training scenarios only); not a method, never a member"
1,SD-SRC12,0.1,SDSRC12_MAIN9,SD-SRC12,MAIN9,SDSRC12_MAIN9:M0,M0_nominal,M0_nominal,entry,True,,,optimal,,main_reference_plan_domain,cp_upper,0.8719,0.8719,0.8773665751076721,False,False,5,1,1,0.8719,0.8773665751076721,,minimum attainable main-event rate_upper over the declared grid (descriptive; its cost is not a comparable cost),1024,frontier_no_feasible_solution_found_no_ration,0.017578125,0.021484375,,,,
1,SD-SRC12,0.1,SDSRC12_MAIN9,SD-SRC12,MAIN9,"SDSRC12_MAIN9:M1[relative,apply_to_dm=False]@alpha=0.1",M1_safety_margin,M1_safety_margin[apply_to_dm=False],sensitivity_line,False,not_met,,,"no value of the declared grid met the validation screen (candidate statuses: optimal, proven_infeasible); a grid without a solution is not a statement about the whole decision space",main_reference_plan_domain,cp_upper,,,,,False,5,5,4,0.3793,0.38735631222629247,k=0.075,minimum attainable main-event rate_upper over the declared grid (descriptive; its cost is not a comparable cost),1024,frontier_no_feasible_solution_found_no_ration,0.017578125,0.021484375,,,,
1,SD-SRC12,0.1,SDSRC12_MAIN9,SD-SRC12,MAIN9,"SDSRC12_MAIN9:M1[relative,apply_to_dm=True]@alpha=0.1",M1_safety_margin,M1_safety_margin[apply_to_dm=True],entry,False,not_met,,,"no value of the declared grid met the validation screen (candidate statuses: optimal, proven_infeasible); a grid without a solution is not a statement about the whole decision space",main_reference_plan_domain,cp_upper,,,,,False,5,5,2,0.7337,0.7409696822385692,k=0.025,minimum attainable main-event rate_upper over the declared grid (descriptive; its cost is not a comparable cost),1024,frontier_no_feasible_solution_found_no_ration,0.017578125,0.021484375,,,,
1,SD-SRC12,0.1,SDSRC12_MAIN9,SD-SRC12,MAIN9,SDSRC12_MAIN9:M2[N=1024]@alpha=0.1,M2_joint_chance_saa,M2_joint_chance_saa[N=1024],entry,True,selected,alpha_train=0.075,feasible_time_limit,,main_reference_plan_domain,cp_upper,0.0401,0.0405,0.04389318334654161,True,True,5,4,4,0.014,0.016091306623453573,alpha_train=0.025,minimum attainable main-event rate_upper over the declared grid (descriptive; its cost is not a comparable cost),1024,frontier_no_feasible_solution_found_no_ration,0.017578125,0.021484375,,,,
1,SD-SRC12,0.1,SDSRC12_MAIN9,SD-SRC12,MAIN9,SDSRC12_MAIN9:M2[N=128]@alpha=0.1,M2_joint_chance_saa,M2_joint_chance_saa[N=128],entry,True,selected,alpha_train=0.025,optimal,,main_reference_plan_domain,cp_upper,0.043,0.0433,0.046797781641884015,True,True,5,4,4,0.0433,0.046797781641884015,alpha_train=0.025,minimum attainable main-event rate_upper over the declared grid (descriptive; its cost is not a comparable cost),128,optimal,0.0078125,0.0078125,0.0576,0.0579,0.06188799698339685,"diagnostic frontier point (training scenarios only); not a method, never a member"
1,SD-SRC12,0.1,SDSRC12_MAIN9,SD-SRC12,MAIN9,SDSRC12_MAIN9:M2[N=512]@alpha=0.1,M2_joint_chance_saa,M2_joint_chance_saa[N=512],entry,True,selected,alpha_train=0.05,feasible_time_limit,,main_reference_plan_domain,cp_upper,0.0356,0.036,0.039216084162865046,True,True,5,4,4,0.0351,0.038279192022456436,alpha_train=0.025,minimum attainable main-event rate_upper over the declared grid (descriptive; its cost is not a comparable cost),512,optimal,0.013671875,0.013671875,0.0143,0.0147,0.01683804392906579,"diagnostic frontier point (training scenarios only); not a method, never a member"
1,SD-SRC12,0.1,SDSRC12_MAIN9,SD-SRC12,MAIN9,SDSRC12_MAIN9:M3a[factory box]@alpha=0.1,M3a_box_robust,M3a_box_robust,entry,False,not_met,,,no value of the declared grid met the validation screen (candidate statuses: proven_infeasible); a grid without a solution is not a statement about the whole decision space,main_reference_plan_domain,cp_upper,,,,,False,5,5,0,,,,no scored grid candidate with a ration (not a whole-space statement),1024,frontier_no_feasible_solution_found_no_ration,0.017578125,0.021484375,,,,
1,SD-SRC12,0.1,SDSRC12_MAIN9,SD-SRC12,MAIN9,SDSRC12_MAIN9:M3b[factory box]@alpha=0.1,M3b_budget_robust,M3b_budget_robust,entry,False,not_met,,,"no value of the declared grid met the validation screen (candidate statuses: optimal, proven_infeasible); a grid without a solution is not a statement about the whole decision space",main_reference_plan_domain,cp_upper,,,,,False,5,35,11,0.1159,0.12129821422856225,"gamma=4 {""k_box"": 1.0}",minimum attainable main-event rate_upper over the declared grid (descriptive; its cost is not a comparable cost),1024,frontier_no_feasible_solution_found_no_ration,0.017578125,0.021484375,,,,
1,SD-SRC12,0.1,SDSRC14_MAIN9,SD-SRC14,MAIN9,SDSRC14_MAIN9:M0,M0_nominal,M0_nominal,entry,True,,,optimal,,main_reference_plan_domain,cp_upper,0.8719,0.8719,0.8773665751076721,False,False,5,1,1,0.8719,0.8773665751076721,,minimum attainable main-event rate_upper over the declared grid (descriptive; its cost is not a comparable cost),1024,optimal,0.0,0.0,0.1472,0.1474,0.15335698534212266,"diagnostic frontier point (training scenarios only); not a method, never a member"
1,SD-SRC12,0.1,SDSRC14_MAIN9,SD-SRC14,MAIN9,"SDSRC14_MAIN9:M1[relative,apply_to_dm=False]@alpha=0.1",M1_safety_margin,M1_safety_margin[apply_to_dm=False],sensitivity_line,False,not_met,,,"no value of the declared grid met the validation screen (candidate statuses: optimal, proven_infeasible); a grid without a solution is not a statement about the whole decision space",main_reference_plan_domain,cp_upper,,,,,False,5,5,4,0.3793,0.38735631222629247,k=0.075,minimum attainable main-event rate_upper over the declared grid (descriptive; its cost is not a comparable cost),1024,optimal,0.0,0.0,0.1472,0.1474,0.15335698534212266,"diagnostic frontier point (training scenarios only); not a method, never a member"
1,SD-SRC12,0.1,SDSRC14_MAIN9,SD-SRC14,MAIN9,"SDSRC14_MAIN9:M1[relative,apply_to_dm=True]@alpha=0.1",M1_safety_margin,M1_safety_margin[apply_to_dm=True],entry,False,not_met,,,"no value of the declared grid met the validation screen (candidate statuses: optimal, proven_infeasible); a grid without a solution is not a statement about the whole decision space",main_reference_plan_domain,cp_upper,,,,,False,5,5,2,0.7337,0.7409696822385692,k=0.025,minimum attainable main-event rate_upper over the declared grid (descriptive; its cost is not a comparable cost),1024,optimal,0.0,0.0,0.1472,0.1474,0.15335698534212266,"diagnostic frontier point (training scenarios only); not a method, never a member"
1,SD-SRC12,0.1,SDSRC14_MAIN9,SD-SRC14,MAIN9,SDSRC14_MAIN9:M2[N=1024]@alpha=0.1,M2_joint_chance_saa,M2_joint_chance_saa[N=1024],entry,True,selected,alpha_train=0.075,feasible_time_limit,,main_reference_plan_domain,cp_upper,0.067,0.0674,0.07166797017397576,True,True,5,4,4,0.0495,0.05321627125421269,alpha_train=0.025,minimum attainable main-event rate_upper over the declared grid (descriptive; its cost is not a comparable cost),1024,optimal,0.0,0.0,0.1472,0.1474,0.15335698534212266,"diagnostic frontier point (training scenarios only); not a method, never a member"
1,SD-SRC12,0.1,SDSRC14_MAIN9,SD-SRC14,MAIN9,SDSRC14_MAIN9:M2[N=128]@alpha=0.1,M2_joint_chance_saa,M2_joint_chance_saa[N=128],entry,False,not_met,,,no value of the declared grid met the validation screen (candidate statuses: optimal); a grid without a solution is not a statement about the whole decision space,main_reference_plan_domain,cp_upper,,,,,False,5,4,4,0.0394,0.042750964786407566,alpha_train=0.025,minimum attainable main-event rate_upper over the declared grid (descriptive; its cost is not a comparable cost),128,optimal,0.0,0.0,0.0445,0.0449,0.04845581555175561,"diagnostic frontier point (training scenarios only); not a method, never a member"
1,SD-SRC12,0.1,SDSRC14_MAIN9,SD-SRC14,MAIN9,SDSRC14_MAIN9:M2[N=512]@alpha=0.1,M2_joint_chance_saa,M2_joint_chance_saa[N=512],entry,True,selected,alpha_train=0.05,feasible_time_limit,,main_reference_plan_domain,cp_upper,0.0612,0.0616,0.06570016368002352,True,True,5,4,4,0.0393,0.04264709372189275,alpha_train=0.025,minimum attainable main-event rate_upper over the declared grid (descriptive; its cost is not a comparable cost),512,optimal,0.0,0.0,0.1205,0.1207,0.12619045242965413,"diagnostic frontier point (training scenarios only); not a method, never a member"
1,SD-SRC12,0.1,SDSRC14_MAIN9,SD-SRC14,MAIN9,SDSRC14_MAIN9:M3a[factory box]@alpha=0.1,M3a_box_robust,M3a_box_robust,entry,True,selected,k_box=1.0,optimal,,main_reference_plan_domain,cp_upper,0.2048,0.2049,0.21165231494678685,False,False,5,5,1,0.2049,0.21165231494678685,k_box=1.0,minimum attainable main-event rate_upper over the declared grid (descriptive; its cost is not a comparable cost),1024,optimal,0.0,0.0,0.1472,0.1474,0.15335698534212266,"diagnostic frontier point (training scenarios only); not a method, never a member"
1,SD-SRC12,0.1,SDSRC14_MAIN9,SD-SRC14,MAIN9,"SDSRC14_MAIN9:M3b[factory box k=1, Gamma selected]@alpha=0.1",M3b_budget_robust,M3b_budget_robust,entry,True,selected,gamma=4,optimal,,main_reference_plan_domain,cp_upper,0.191,0.1911,0.19768328116107436,False,False,5,35,19,0.1151,0.12048256473951886,"gamma=3 {""k_box"": 1.5}",minimum attainable main-event rate_upper over the declared grid (descriptive; its cost is not a comparable cost),1024,optimal,0.0,0.0,0.1472,0.1474,0.15335698534212266,"diagnostic frontier point (training scenarios only); not a method, never a member"
1,SD-SRC12,0.01,SD12MO_MAIN9,SD-12MO,MAIN9,SD12MO_MAIN9:M0,M0_nominal,M0_nominal,entry,True,,,optimal,,main_reference_plan_domain,cp_upper,0.8719,0.8719,0.8773665751076721,False,False,0,1,1,0.8719,0.8773665751076721,,minimum attainable main-event rate_upper over the declared grid (descriptive; its cost is not a comparable cost),1024,optimal,0.0,0.0,0.2925,0.2928,0.30037888918981615,"diagnostic frontier point (training scenarios only); not a method, never a member"
1,SD-SRC12,0.01,SD12MO_MAIN9,SD-12MO,MAIN9,"SD12MO_MAIN9:M1[relative,apply_to_dm=False]@alpha=0.01",M1_safety_margin,M1_safety_margin[apply_to_dm=False],sensitivity_line,False,not_met,,,"no value of the declared grid met the validation screen (candidate statuses: optimal, proven_infeasible); a grid without a solution is not a statement about the whole decision space",main_reference_plan_domain,cp_upper,,,,,False,0,5,4,0.3793,0.38735631222629247,k=0.075,minimum attainable main-event rate_upper over the declared grid (descriptive; its cost is not a comparable cost),1024,optimal,0.0,0.0,0.2925,0.2928,0.30037888918981615,"diagnostic frontier point (training scenarios only); not a method, never a member"
1,SD-SRC12,0.01,SD12MO_MAIN9,SD-12MO,MAIN9,"SD12MO_MAIN9:M1[relative,apply_to_dm=True]@alpha=0.01",M1_safety_margin,M1_safety_margin[apply_to_dm=True],entry,False,not_met,,,"no value of the declared grid met the validation screen (candidate statuses: optimal, proven_infeasible); a grid without a solution is not a statement about the whole decision space",main_reference_plan_domain,cp_upper,,,,,False,0,5,2,0.7337,0.7409696822385692,k=0.025,minimum attainable main-event rate_upper over the declared grid (descriptive; its cost is not a comparable cost),1024,optimal,0.0,0.0,0.2925,0.2928,0.30037888918981615,"diagnostic frontier point (training scenarios only); not a method, never a member"
1,SD-SRC12,0.01,SD12MO_MAIN9,SD-12MO,MAIN9,SD12MO_MAIN9:M2[N=1024]@alpha=0.01,M2_joint_chance_saa,M2_joint_chance_saa[N=1024],entry,False,not_met,,,no value of the declared grid met the validation screen (candidate statuses: optimal); a grid without a solution is not a statement about the whole decision space,main_reference_plan_domain,cp_upper,,,,,False,0,4,4,0.314,0.32172345433108546,alpha_train=0.0025,minimum attainable main-event rate_upper over the declared grid (descriptive; its cost is not a comparable cost),1024,optimal,0.0,0.0,0.2925,0.2928,0.30037888918981615,"diagnostic frontier point (training scenarios only); not a method, never a member"
1,SD-SRC12,0.01,SD12MO_MAIN9,SD-12MO,MAIN9,SD12MO_MAIN9:M2[N=128]@alpha=0.01,M2_joint_chance_saa,M2_joint_chance_saa[N=128],entry,False,not_met,,,no value of the declared grid met the validation screen (candidate statuses: optimal); a grid without a solution is not a statement about the whole decision space,main_reference_plan_domain,cp_upper,,,,,False,0,4,4,0.4771,0.48536979787973805,alpha_train=0.0075,minimum attainable main-event rate_upper over the declared grid (descriptive; its cost is not a comparable cost),128,optimal,0.0,0.0,0.477,0.4771,0.48536979787973805,"diagnostic frontier point (training scenarios only); not a method, never a member"
1,SD-SRC12,0.01,SD12MO_MAIN9,SD-12MO,MAIN9,SD12MO_MAIN9:M2[N=512]@alpha=0.01,M2_joint_chance_saa,M2_joint_chance_saa[N=512],entry,False,not_met,,,no value of the declared grid met the validation screen (candidate statuses: optimal); a grid without a solution is not a statement about the whole decision space,main_reference_plan_domain,cp_upper,,,,,False,0,4,4,0.337,0.3448594046097176,alpha_train=0.005,minimum attainable main-event rate_upper over the declared grid (descriptive; its cost is not a comparable cost),512,optimal,0.0,0.0,0.397,0.3971,0.405219642630925,"diagnostic frontier point (training scenarios only); not a method, never a member"
1,SD-SRC12,0.01,SD12MO_MAIN9,SD-12MO,MAIN9,SD12MO_MAIN9:M3a[factory box]@alpha=0.01,M3a_box_robust,M3a_box_robust,entry,False,not_met,,,"no value of the declared grid met the validation screen (candidate statuses: optimal, proven_infeasible); a grid without a solution is not a statement about the whole decision space",main_reference_plan_domain,cp_upper,,,,,False,0,5,1,0.7091,0.7165748767555825,k_box=1.0,minimum attainable main-event rate_upper over the declared grid (descriptive; its cost is not a comparable cost),1024,optimal,0.0,0.0,0.2925,0.2928,0.30037888918981615,"diagnostic frontier point (training scenarios only); not a method, never a member"
1,SD-SRC12,0.01,SD12MO_MAIN9,SD-12MO,MAIN9,SD12MO_MAIN9:M3b[factory box]@alpha=0.01,M3b_budget_robust,M3b_budget_robust,entry,False,not_met,,,no value of the declared grid met the validation screen (candidate statuses: optimal); a grid without a solution is not a statement about the whole decision space,main_reference_plan_domain,cp_upper,,,,,False,0,35,18,0.2496,0.25682205697067606,"gamma=4 {""k_box"": 1.5}",minimum attainable main-event rate_upper over the declared grid (descriptive; its cost is not a comparable cost),1024,optimal,0.0,0.0,0.2925,0.2928,0.30037888918981615,"diagnostic frontier point (training scenarios only); not a method, never a member"
1,SD-SRC12,0.01,SDH0_MAIN9,SD-H0,MAIN9,SDH0_MAIN9:M0,M0_nominal,M0_nominal,entry,True,,,optimal,,main_reference_plan_domain,cp_upper,0.8719,0.8719,0.8773665751076721,False,False,0,1,1,0.8719,0.8773665751076721,,minimum attainable main-event rate_upper over the declared grid (descriptive; its cost is not a comparable cost),1024,frontier_no_feasible_solution_found_no_ration,0.048828125,0.154296875,,,,
1,SD-SRC12,0.01,SDH0_MAIN9,SD-H0,MAIN9,"SDH0_MAIN9:M1[relative,apply_to_dm=False]@alpha=0.01",M1_safety_margin,M1_safety_margin[apply_to_dm=False],sensitivity_line,False,not_met,,,"no value of the declared grid met the validation screen (candidate statuses: optimal, proven_infeasible); a grid without a solution is not a statement about the whole decision space",main_reference_plan_domain,cp_upper,,,,,False,0,5,4,0.3793,0.38735631222629247,k=0.075,minimum attainable main-event rate_upper over the declared grid (descriptive; its cost is not a comparable cost),1024,frontier_no_feasible_solution_found_no_ration,0.048828125,0.154296875,,,,
1,SD-SRC12,0.01,SDH0_MAIN9,SD-H0,MAIN9,"SDH0_MAIN9:M1[relative,apply_to_dm=True]@alpha=0.01",M1_safety_margin,M1_safety_margin[apply_to_dm=True],entry,False,not_met,,,"no value of the declared grid met the validation screen (candidate statuses: optimal, proven_infeasible); a grid without a solution is not a statement about the whole decision space",main_reference_plan_domain,cp_upper,,,,,False,0,5,2,0.7337,0.7409696822385692,k=0.025,minimum attainable main-event rate_upper over the declared grid (descriptive; its cost is not a comparable cost),1024,frontier_no_feasible_solution_found_no_ration,0.048828125,0.154296875,,,,
1,SD-SRC12,0.01,SDH0_MAIN9,SD-H0,MAIN9,SDH0_MAIN9:M2[N=1024]@alpha=0.01,M2_joint_chance_saa,M2_joint_chance_saa[N=1024],entry,False,not_met,,,"SAA over the N training scenarios proven infeasible for every alpha_train of the declared grid (training scenarios only; not a population, field or whole-space statement)",main_reference_plan_domain,cp_upper,,,,,False,0,4,0,,,,no scored grid candidate with a ration (not a whole-space statement),1024,frontier_no_feasible_solution_found_no_ration,0.048828125,0.154296875,,,,
1,SD-SRC12,0.01,SDH0_MAIN9,SD-H0,MAIN9,SDH0_MAIN9:M2[N=128]@alpha=0.01,M2_joint_chance_saa,M2_joint_chance_saa[N=128],entry,False,not_met,,,"SAA over the N training scenarios proven infeasible for every alpha_train of the declared grid (training scenarios only; not a population, field or whole-space statement)",main_reference_plan_domain,cp_upper,,,,,False,0,4,0,,,,no scored grid candidate with a ration (not a whole-space statement),128,optimal,0.1015625,0.1015625,0.047,0.0474,0.05104414736723735,"diagnostic frontier point (training scenarios only); not a method, never a member"
1,SD-SRC12,0.01,SDH0_MAIN9,SD-H0,MAIN9,SDH0_MAIN9:M2[N=512]@alpha=0.01,M2_joint_chance_saa,M2_joint_chance_saa[N=512],entry,False,not_met,,,"SAA over the N training scenarios proven infeasible for every alpha_train of the declared grid (training scenarios only; not a population, field or whole-space statement)",main_reference_plan_domain,cp_upper,,,,,False,0,4,0,,,,no scored grid candidate with a ration (not a whole-space statement),512,frontier_no_feasible_solution_found_no_ration,0.0546875,0.15234375,,,,
1,SD-SRC12,0.01,SDH0_MAIN9,SD-H0,MAIN9,SDH0_MAIN9:M3a[factory box]@alpha=0.01,M3a_box_robust,M3a_box_robust,entry,False,not_met,,,no value of the declared grid met the validation screen (candidate statuses: proven_infeasible); a grid without a solution is not a statement about the whole decision space,main_reference_plan_domain,cp_upper,,,,,False,0,5,0,,,,no scored grid candidate with a ration (not a whole-space statement),1024,frontier_no_feasible_solution_found_no_ration,0.048828125,0.154296875,,,,
1,SD-SRC12,0.01,SDH0_MAIN9,SD-H0,MAIN9,SDH0_MAIN9:M3b[factory box]@alpha=0.01,M3b_budget_robust,M3b_budget_robust,entry,False,not_met,,,"no value of the declared grid met the validation screen (candidate statuses: optimal, proven_infeasible); a grid without a solution is not a statement about the whole decision space",main_reference_plan_domain,cp_upper,,,,,False,0,35,7,0.3194,0.32715728180205095,"gamma=1 {""k_box"": 1.5}",minimum attainable main-event rate_upper over the declared grid (descriptive; its cost is not a comparable cost),1024,frontier_no_feasible_solution_found_no_ration,0.048828125,0.154296875,,,,
1,SD-SRC12,0.01,SDS2_MAIN9,SD-S2,MAIN9,SDS2_MAIN9:M0,M0_nominal,M0_nominal,entry,True,,,optimal,,main_reference_plan_domain,cp_upper,0.8719,0.8719,0.8773665751076721,False,False,0,1,1,0.8719,0.8773665751076721,,minimum attainable main-event rate_upper over the declared grid (descriptive; its cost is not a comparable cost),1024,optimal,0.0,0.0,0.3324,0.3326,0.34043502322277075,"diagnostic frontier point (training scenarios only); not a method, never a member"
1,SD-SRC12,0.01,SDS2_MAIN9,SD-S2,MAIN9,"SDS2_MAIN9:M1[relative,apply_to_dm=False]@alpha=0.01",M1_safety_margin,M1_safety_margin[apply_to_dm=False],sensitivity_line,True,selected,k=0.075,optimal,,main_reference_plan_domain,cp_upper,0.3793,0.3793,0.38735631222629247,False,False,0,5,4,0.3793,0.38735631222629247,k=0.075,minimum attainable main-event rate_upper over the declared grid (descriptive; its cost is not a comparable cost),1024,optimal,0.0,0.0,0.3324,0.3326,0.34043502322277075,"diagnostic frontier point (training scenarios only); not a method, never a member"
1,SD-SRC12,0.01,SDS2_MAIN9,SD-S2,MAIN9,"SDS2_MAIN9:M1[relative,apply_to_dm=True]@alpha=0.01",M1_safety_margin,M1_safety_margin[apply_to_dm=True],entry,False,not_met,,,"no value of the declared grid met the validation screen (candidate statuses: optimal, proven_infeasible); a grid without a solution is not a statement about the whole decision space",main_reference_plan_domain,cp_upper,,,,,False,0,5,2,0.7337,0.7409696822385692,k=0.025,minimum attainable main-event rate_upper over the declared grid (descriptive; its cost is not a comparable cost),1024,optimal,0.0,0.0,0.3324,0.3326,0.34043502322277075,"diagnostic frontier point (training scenarios only); not a method, never a member"
1,SD-SRC12,0.01,SDS2_MAIN9,SD-S2,MAIN9,SDS2_MAIN9:M2[N=1024]@alpha=0.01,M2_joint_chance_saa,M2_joint_chance_saa[N=1024],entry,False,not_met,,,no value of the declared grid met the validation screen (candidate statuses: optimal); a grid without a solution is not a statement about the whole decision space,main_reference_plan_domain,cp_upper,,,,,False,0,4,4,0.2662,0.2735695755872386,alpha_train=0.0025,minimum attainable main-event rate_upper over the declared grid (descriptive; its cost is not a comparable cost),1024,optimal,0.0,0.0,0.3324,0.3326,0.34043502322277075,"diagnostic frontier point (training scenarios only); not a method, never a member"
1,SD-SRC12,0.01,SDS2_MAIN9,SD-S2,MAIN9,SDS2_MAIN9:M2[N=128]@alpha=0.01,M2_joint_chance_saa,M2_joint_chance_saa[N=128],entry,False,not_met,,,no value of the declared grid met the validation screen (candidate statuses: optimal); a grid without a solution is not a statement about the whole decision space,main_reference_plan_domain,cp_upper,,,,,False,0,4,4,0.4686,0.47686402635431163,alpha_train=0.0075,minimum attainable main-event rate_upper over the declared grid (descriptive; its cost is not a comparable cost),128,optimal,0.0,0.0,0.4685,0.4686,0.47686402635431163,"diagnostic frontier point (training scenarios only); not a method, never a member"
1,SD-SRC12,0.01,SDS2_MAIN9,SD-S2,MAIN9,SDS2_MAIN9:M2[N=512]@alpha=0.01,M2_joint_chance_saa,M2_joint_chance_saa[N=512],entry,False,not_met,,,no value of the declared grid met the validation screen (candidate statuses: optimal); a grid without a solution is not a statement about the whole decision space,main_reference_plan_domain,cp_upper,,,,,False,0,4,4,0.3267,0.33450113426701134,alpha_train=0.0075,minimum attainable main-event rate_upper over the declared grid (descriptive; its cost is not a comparable cost),512,optimal,0.0,0.0,0.4365,0.4366,0.4448207771066986,"diagnostic frontier point (training scenarios only); not a method, never a member"
1,SD-SRC12,0.01,SDS2_MAIN9,SD-S2,MAIN9,SDS2_MAIN9:M3a[factory box]@alpha=0.01,M3a_box_robust,M3a_box_robust,entry,True,selected,k_box=1.5,optimal,,main_reference_plan_domain,cp_upper,0.3267,0.3268,0.3346017201576046,False,False,0,5,3,0.199,0.20568155804107788,k_box=2.0,minimum attainable main-event rate_upper over the declared grid (descriptive; its cost is not a comparable cost),1024,optimal,0.0,0.0,0.3324,0.3326,0.34043502322277075,"diagnostic frontier point (training scenarios only); not a method, never a member"
1,SD-SRC12,0.01,SDS2_MAIN9,SD-S2,MAIN9,"SDS2_MAIN9:M3b[factory box k=1.5, Gamma selected]@alpha=0.01",M3b_budget_robust,M3b_budget_robust,entry,True,selected,gamma=6,optimal,,main_reference_plan_domain,cp_upper,0.3267,0.3268,0.3346017201576046,False,False,0,35,27,0.1758,0.18218075425876085,"gamma=3 {""k_box"": 2.0}",minimum attainable main-event rate_upper over the declared grid (descriptive; its cost is not a comparable cost),1024,optimal,0.0,0.0,0.3324,0.3326,0.34043502322277075,"diagnostic frontier point (training scenarios only); not a method, never a member"
1,SD-SRC12,0.01,SDSRC12_MAIN9,SD-SRC12,MAIN9,SDSRC12_MAIN9:M0,M0_nominal,M0_nominal,entry,True,,,optimal,,main_reference_plan_domain,cp_upper,0.8719,0.8719,0.8773665751076721,False,False,0,1,1,0.8719,0.8773665751076721,,minimum attainable main-event rate_upper over the declared grid (descriptive; its cost is not a comparable cost),1024,frontier_no_feasible_solution_found_no_ration,0.017578125,0.021484375,,,,
1,SD-SRC12,0.01,SDSRC12_MAIN9,SD-SRC12,MAIN9,"SDSRC12_MAIN9:M1[relative,apply_to_dm=False]@alpha=0.01",M1_safety_margin,M1_safety_margin[apply_to_dm=False],sensitivity_line,False,not_met,,,"no value of the declared grid met the validation screen (candidate statuses: optimal, proven_infeasible); a grid without a solution is not a statement about the whole decision space",main_reference_plan_domain,cp_upper,,,,,False,0,5,4,0.3793,0.38735631222629247,k=0.075,minimum attainable main-event rate_upper over the declared grid (descriptive; its cost is not a comparable cost),1024,frontier_no_feasible_solution_found_no_ration,0.017578125,0.021484375,,,,
1,SD-SRC12,0.01,SDSRC12_MAIN9,SD-SRC12,MAIN9,"SDSRC12_MAIN9:M1[relative,apply_to_dm=True]@alpha=0.01",M1_safety_margin,M1_safety_margin[apply_to_dm=True],entry,False,not_met,,,"no value of the declared grid met the validation screen (candidate statuses: optimal, proven_infeasible); a grid without a solution is not a statement about the whole decision space",main_reference_plan_domain,cp_upper,,,,,False,0,5,2,0.7337,0.7409696822385692,k=0.025,minimum attainable main-event rate_upper over the declared grid (descriptive; its cost is not a comparable cost),1024,frontier_no_feasible_solution_found_no_ration,0.017578125,0.021484375,,,,
1,SD-SRC12,0.01,SDSRC12_MAIN9,SD-SRC12,MAIN9,SDSRC12_MAIN9:M2[N=1024]@alpha=0.01,M2_joint_chance_saa,M2_joint_chance_saa[N=1024],entry,False,not_met,,,"SAA over the N training scenarios proven infeasible for every alpha_train of the declared grid (training scenarios only; not a population, field or whole-space statement)",main_reference_plan_domain,cp_upper,,,,,False,0,4,0,,,,no scored grid candidate with a ration (not a whole-space statement),1024,frontier_no_feasible_solution_found_no_ration,0.017578125,0.021484375,,,,
1,SD-SRC12,0.01,SDSRC12_MAIN9,SD-SRC12,MAIN9,SDSRC12_MAIN9:M2[N=128]@alpha=0.01,M2_joint_chance_saa,M2_joint_chance_saa[N=128],entry,False,not_met,,,"no value of the declared grid met the validation screen (candidate statuses: optimal, proven_infeasible); a grid without a solution is not a statement about the whole decision space",main_reference_plan_domain,cp_upper,,,,,False,0,4,1,0.0579,0.06188799698339685,alpha_train=0.01,minimum attainable main-event rate_upper over the declared grid (descriptive; its cost is not a comparable cost),128,optimal,0.0078125,0.0078125,0.0576,0.0579,0.06188799698339685,"diagnostic frontier point (training scenarios only); not a method, never a member"
1,SD-SRC12,0.01,SDSRC12_MAIN9,SD-SRC12,MAIN9,SDSRC12_MAIN9:M2[N=512]@alpha=0.01,M2_joint_chance_saa,M2_joint_chance_saa[N=512],entry,False,not_met,,,"SAA over the N training scenarios proven infeasible for every alpha_train of the declared grid (training scenarios only; not a population, field or whole-space statement)",main_reference_plan_domain,cp_upper,,,,,False,0,4,0,,,,no scored grid candidate with a ration (not a whole-space statement),512,optimal,0.013671875,0.013671875,0.0143,0.0147,0.01683804392906579,"diagnostic frontier point (training scenarios only); not a method, never a member"
1,SD-SRC12,0.01,SDSRC12_MAIN9,SD-SRC12,MAIN9,SDSRC12_MAIN9:M3a[factory box]@alpha=0.01,M3a_box_robust,M3a_box_robust,entry,False,not_met,,,no value of the declared grid met the validation screen (candidate statuses: proven_infeasible); a grid without a solution is not a statement about the whole decision space,main_reference_plan_domain,cp_upper,,,,,False,0,5,0,,,,no scored grid candidate with a ration (not a whole-space statement),1024,frontier_no_feasible_solution_found_no_ration,0.017578125,0.021484375,,,,
1,SD-SRC12,0.01,SDSRC12_MAIN9,SD-SRC12,MAIN9,SDSRC12_MAIN9:M3b[factory box]@alpha=0.01,M3b_budget_robust,M3b_budget_robust,entry,False,not_met,,,"no value of the declared grid met the validation screen (candidate statuses: optimal, proven_infeasible); a grid without a solution is not a statement about the whole decision space",main_reference_plan_domain,cp_upper,,,,,False,0,35,11,0.1159,0.12129821422856225,"gamma=4 {""k_box"": 1.0}",minimum attainable main-event rate_upper over the declared grid (descriptive; its cost is not a comparable cost),1024,frontier_no_feasible_solution_found_no_ration,0.017578125,0.021484375,,,,
1,SD-SRC12,0.01,SDSRC14_MAIN9,SD-SRC14,MAIN9,SDSRC14_MAIN9:M0,M0_nominal,M0_nominal,entry,True,,,optimal,,main_reference_plan_domain,cp_upper,0.8719,0.8719,0.8773665751076721,False,False,0,1,1,0.8719,0.8773665751076721,,minimum attainable main-event rate_upper over the declared grid (descriptive; its cost is not a comparable cost),1024,optimal,0.0,0.0,0.1472,0.1474,0.15335698534212266,"diagnostic frontier point (training scenarios only); not a method, never a member"
1,SD-SRC12,0.01,SDSRC14_MAIN9,SD-SRC14,MAIN9,"SDSRC14_MAIN9:M1[relative,apply_to_dm=False]@alpha=0.01",M1_safety_margin,M1_safety_margin[apply_to_dm=False],sensitivity_line,False,not_met,,,"no value of the declared grid met the validation screen (candidate statuses: optimal, proven_infeasible); a grid without a solution is not a statement about the whole decision space",main_reference_plan_domain,cp_upper,,,,,False,0,5,4,0.3793,0.38735631222629247,k=0.075,minimum attainable main-event rate_upper over the declared grid (descriptive; its cost is not a comparable cost),1024,optimal,0.0,0.0,0.1472,0.1474,0.15335698534212266,"diagnostic frontier point (training scenarios only); not a method, never a member"
1,SD-SRC12,0.01,SDSRC14_MAIN9,SD-SRC14,MAIN9,"SDSRC14_MAIN9:M1[relative,apply_to_dm=True]@alpha=0.01",M1_safety_margin,M1_safety_margin[apply_to_dm=True],entry,False,not_met,,,"no value of the declared grid met the validation screen (candidate statuses: optimal, proven_infeasible); a grid without a solution is not a statement about the whole decision space",main_reference_plan_domain,cp_upper,,,,,False,0,5,2,0.7337,0.7409696822385692,k=0.025,minimum attainable main-event rate_upper over the declared grid (descriptive; its cost is not a comparable cost),1024,optimal,0.0,0.0,0.1472,0.1474,0.15335698534212266,"diagnostic frontier point (training scenarios only); not a method, never a member"
1,SD-SRC12,0.01,SDSRC14_MAIN9,SD-SRC14,MAIN9,SDSRC14_MAIN9:M2[N=1024]@alpha=0.01,M2_joint_chance_saa,M2_joint_chance_saa[N=1024],entry,True,selected,alpha_train=0.0025,optimal,,main_reference_plan_domain,cp_upper,0.0771,0.0774,0.08193721514410279,False,False,0,4,4,0.0646,0.0687881231558954,alpha_train=0.0075,minimum attainable main-event rate_upper over the declared grid (descriptive; its cost is not a comparable cost),1024,optimal,0.0,0.0,0.1472,0.1474,0.15335698534212266,"diagnostic frontier point (training scenarios only); not a method, never a member"
1,SD-SRC12,0.01,SDSRC14_MAIN9,SD-SRC14,MAIN9,SDSRC14_MAIN9:M2[N=128]@alpha=0.01,M2_joint_chance_saa,M2_joint_chance_saa[N=128],entry,False,not_met,,,no value of the declared grid met the validation screen (candidate statuses: optimal); a grid without a solution is not a statement about the whole decision space,main_reference_plan_domain,cp_upper,,,,,False,0,4,4,0.0347,0.037862625679056225,alpha_train=0.01,minimum attainable main-event rate_upper over the declared grid (descriptive; its cost is not a comparable cost),128,optimal,0.0,0.0,0.0445,0.0449,0.04845581555175561,"diagnostic frontier point (training scenarios only); not a method, never a member"
1,SD-SRC12,0.01,SDSRC14_MAIN9,SD-SRC14,MAIN9,SDSRC14_MAIN9:M2[N=512]@alpha=0.01,M2_joint_chance_saa,M2_joint_chance_saa[N=512],entry,False,not_met,,,no value of the declared grid met the validation screen (candidate statuses: optimal); a grid without a solution is not a statement about the whole decision space,main_reference_plan_domain,cp_upper,,,,,False,0,4,4,0.0383,0.04160807225258404,alpha_train=0.0075,minimum attainable main-event rate_upper over the declared grid (descriptive; its cost is not a comparable cost),512,optimal,0.0,0.0,0.1205,0.1207,0.12619045242965413,"diagnostic frontier point (training scenarios only); not a method, never a member"
1,SD-SRC12,0.01,SDSRC14_MAIN9,SD-SRC14,MAIN9,SDSRC14_MAIN9:M3a[factory box]@alpha=0.01,M3a_box_robust,M3a_box_robust,entry,False,not_met,,,"no value of the declared grid met the validation screen (candidate statuses: optimal, proven_infeasible); a grid without a solution is not a statement about the whole decision space",main_reference_plan_domain,cp_upper,,,,,False,0,5,1,0.2049,0.21165231494678685,k_box=1.0,minimum attainable main-event rate_upper over the declared grid (descriptive; its cost is not a comparable cost),1024,optimal,0.0,0.0,0.1472,0.1474,0.15335698534212266,"diagnostic frontier point (training scenarios only); not a method, never a member"
1,SD-SRC12,0.01,SDSRC14_MAIN9,SD-SRC14,MAIN9,"SDSRC14_MAIN9:M3b[factory box k=1.5, Gamma selected]@alpha=0.01",M3b_budget_robust,M3b_budget_robust,entry,True,selected,gamma=4,optimal,,main_reference_plan_domain,cp_upper,0.1629,0.1631,0.16929945209034006,False,False,0,35,19,0.1151,0.12048256473951886,"gamma=3 {""k_box"": 1.5}",minimum attainable main-event rate_upper over the declared grid (descriptive; its cost is not a comparable cost),1024,optimal,0.0,0.0,0.1472,0.1474,0.15335698534212266,"diagnostic frontier point (training scenarios only); not a method, never a member"
