root_k,cell_id,sd_arm,objective_arm,training_event,label,method_id,ration_kind,target_alpha,selection_status,selected_param,solver_status,mip_gap,solver_time_limit_s,solve_wall_time_s,candidate_statuses,infeasibility_scope,has_ration,evaluation_world,own_world,n_test,training_event_rate_upper_own_world,training_event_cp_upper_own_world,main_reference_n_violated,main_reference_n_unknown,main_reference_rate_lower,main_reference_rate_upper,main_reference_cp_upper,main_reference_mc_se,t51_primary_not_assessable_share,main_reference_unknown_only_because_out_of_domain,main_reference_linear_energy_rate_upper,main_reference_linear_energy_cp_upper,main_reference_t51_verdicts_used_out_of_domain_rate_lower,main_reference_t51_verdicts_used_out_of_domain_rate_upper,main_reference_t51_verdicts_used_out_of_domain_cp_upper,main_reference_plus_cp_hi_rate_upper,main_reference_plus_cp_hi_cp_upper,h0_eleven_rate_upper,h0_eleven_cp_upper,h0_eleven_reference_energy_rate_upper,h0_eleven_domain_conditioned_rate_upper,s2_six_rate_upper,s2_six_cp_upper,s2_six_domain_conditioned_rate_upper,excluded_five_rate_upper,excluded_five_cp_upper,main9_training_event_rate_upper,energy_linear_violation_rate,energy_reference_violation_rate_lower,energy_reference_violation_rate_upper,energy_false_pass,energy_false_fail,energy_reference_undefined,t51_primary_variant,t51_primary_undefined_share,t51_primary_nominal_status,main_reference_rate_upper_by_t51_variant,n_analysis_anomaly_states,n_support_violation_states,structural_ok,meets_main_reference_alpha_point,meets_main_reference_alpha_cp_upper,in_comparable_set,in_comparable_set_t51_verdicts_used_out_of_domain,main_reference_plan_domain_n_violated,main_reference_plan_domain_n_unknown,main_reference_plan_domain_rate_lower,main_reference_plan_domain_rate_upper,main_reference_plan_domain_cp_upper,main_reference_plan_domain_mc_se,main_reference_plus_cp_hi_plan_domain_n_violated,main_reference_plus_cp_hi_plan_domain_n_unknown,main_reference_plus_cp_hi_plan_domain_rate_lower,main_reference_plus_cp_hi_plan_domain_rate_upper,main_reference_plus_cp_hi_plan_domain_cp_upper,main_reference_plus_cp_hi_plan_domain_mc_se
2,SDH0_MAIN9,SD-H0,MAIN9,"main reference nine (linear energy row, Table 5-1 verdicts in every state)",SDH0_MAIN9:M0,M0_nominal,method,,,,optimal,,300.0,0.006773271132260561,,,True,SD-H0,True,10000,0.9597,0.9628852715220688,9264,329,0.9264,0.9593,0.962500696697616,0.001975943065981405,0.1501,329,0.9627,0.9657667339269032,0.9563,0.9563,0.9596137447540961,0.96,0.9631736458993186,0.96,0.9631736458993186,0.957,0.963,0.8194,0.8257082292931447,0.8263,0.8515,0.857322843074205,0.9597,0.4922,0.4931,0.4935,222,211,4,T51-DGC-0.50,0.0,in_domain_conditional,T51-DGC-0.50=0.9593;T51-DGC-0.33=0.9563;T51-DGC-0.67=0.9986;T51-CORNKERNEL-0.50=0.9563,986,4,True,,,alpha=0.01:False;alpha=0.05:False;alpha=0.1:False,alpha=0.01:False;alpha=0.05:False;alpha=0.1:False,9563,0,0.9563,0.9563,0.9596137447540961,0.00204426783959441,9570,0,0.957,0.957,0.9602877710095901,0.0020285709255532585
2,SDH0_MAIN9,SD-H0,MAIN9,"main reference nine (linear energy row, Table 5-1 verdicts in every state)",SDH0_MAIN9:M0,M0_nominal,method,,,,optimal,,300.0,0.006773271132260561,,,True,SD-S2,False,10000,,,9668,0,0.9668,0.9668,0.9696957782503732,0.0017915847733222118,0.0001,0,0.9696,0.9723722212708695,0.9668,0.9668,0.9696957782503732,0.9668,0.9696957782503732,0.9696,0.9723722212708695,0.9668,0.9696,0.8304,0.8365511690399259,0.8304,0.8614,0.867055146509964,0.9696,0.494,0.4923,0.4923,234,251,0,T51-DGC-0.50,0.0,in_domain_conditional,T51-DGC-0.50=0.9668;T51-DGC-0.33=0.9668;T51-DGC-0.67=1;T51-CORNKERNEL-0.50=0.9668,1,0,True,,,alpha=0.01:False;alpha=0.05:False;alpha=0.1:False,alpha=0.01:False;alpha=0.05:False;alpha=0.1:False,9668,0,0.9668,0.9668,0.9696957782503732,0.0017915847733222118,9668,0,0.9668,0.9668,0.9696957782503732,0.0017915847733222118
2,SDH0_MAIN9,SD-H0,MAIN9,"main reference nine (linear energy row, Table 5-1 verdicts in every state)",SDH0_MAIN9:M0,M0_nominal,method,,,,optimal,,300.0,0.006773271132260561,,,True,SD-SRC14,False,10000,,,9723,1,0.9723,0.9724,0.9750422709423038,0.0016382380779361699,0.0003,0,0.9759,0.978369339009718,0.9723,0.9724,0.9750422709423038,0.9731,0.9757086761073253,0.9766,0.9790331615036981,0.9731,0.9766,0.829,0.8351716667672897,0.829,0.8693,0.8748143536120293,0.9759,0.489,0.4871,0.4875,278,296,4,T51-DGC-0.50,0.0,in_domain_conditional,T51-DGC-0.50=0.9724;T51-DGC-0.33=0.9724;T51-DGC-0.67=1;T51-CORNKERNEL-0.50=0.9724,328,4,True,,,alpha=0.01:False;alpha=0.05:False;alpha=0.1:False,alpha=0.01:False;alpha=0.05:False;alpha=0.1:False,9723,1,0.9723,0.9724,0.9750422709423038,0.0016382380779361699,9730,1,0.973,0.9731,0.9757086761073253,0.001617911925909443
2,SDH0_MAIN9,SD-H0,MAIN9,"main reference nine (linear energy row, Table 5-1 verdicts in every state)",SDH0_MAIN9:M0,M0_nominal,method,,,,optimal,,300.0,0.006773271132260561,,,True,SD-12MO,False,10000,,,9496,48,0.9496,0.9544,0.957783070337326,0.0020861601089082298,0.0186,48,0.9573,0.9605765657902283,0.9543,0.9543,0.957686672857363,0.9544,0.957783070337326,0.9572,0.9604803058201439,0.9543,0.9573,0.8084,0.814856541019946,0.8085,0.8475,0.8533880126801487,0.9572,0.4894,0.4926,0.4926,230,198,0,T51-DGC-0.50,0.0,in_domain_conditional,T51-DGC-0.50=0.9544;T51-DGC-0.33=0.9543;T51-DGC-0.67=1;T51-CORNKERNEL-0.50=0.9543,4,0,True,,,alpha=0.01:False;alpha=0.05:False;alpha=0.1:False,alpha=0.01:False;alpha=0.05:False;alpha=0.1:False,9543,0,0.9543,0.9543,0.957686672857363,0.0020883368981081565,9543,0,0.9543,0.9543,0.957686672857363,0.0020883368981081565
2,SDH0_MAIN9,SD-H0,MAIN9,"main reference nine (linear energy row, Table 5-1 verdicts in every state)",SDH0_MAIN9:M0,M0_nominal,method,,,,optimal,,300.0,0.006773271132260561,,,True,SD-SRC12,False,10000,,,9477,112,0.9477,0.9589,0.9621160365275556,0.001985215101695532,0.1101,112,0.964,0.9670137119452095,0.9587,0.9587,0.9619236748112338,0.9596,0.9627891358833365,0.9643,0.967301325320933,0.9594,0.9645,0.7991,0.8056755380859281,0.8,0.8669,0.872457812056963,0.9638,0.4938,0.4962,0.4966,445,420,4,T51-DGC-0.50,0.0,in_domain_conditional,T51-DGC-0.50=0.9589;T51-DGC-0.33=0.9587;T51-DGC-0.67=0.998;T51-CORNKERNEL-0.50=0.9587,675,4,True,,,alpha=0.01:False;alpha=0.05:False;alpha=0.1:False,alpha=0.01:False;alpha=0.05:False;alpha=0.1:False,9587,0,0.9587,0.9587,0.9619236748112338,0.0019898319024480434,9594,0,0.9594,0.9594,0.9625968484520424,0.0019736169841182453
2,SDH0_MAIN9,SD-H0,MAIN9,"main reference nine (linear energy row, Table 5-1 verdicts in every state)","SDH0_MAIN9:M1[relative,apply_to_dm=True]@alpha=0.05",M1_safety_margin,method,0.05,not_met,,,,300.0,,optimal;proven_infeasible,"no value of the declared grid met the validation screen (candidate statuses: optimal, proven_infeasible); a grid without a solution is not a statement about the whole decision space",False,,,,,,,,,,,,,,,,,,,,,,,,,,,,,,,,,,,,,,,,,,,,,,,,,,,,,,,,,,,
2,SDH0_MAIN9,SD-H0,MAIN9,"main reference nine (linear energy row, Table 5-1 verdicts in every state)","SDH0_MAIN9:M1[relative,apply_to_dm=False]@alpha=0.05",M1_safety_margin,method,0.05,not_met,,,,300.0,,optimal;proven_infeasible,"no value of the declared grid met the validation screen (candidate statuses: optimal, proven_infeasible); a grid without a solution is not a statement about the whole decision space",False,,,,,,,,,,,,,,,,,,,,,,,,,,,,,,,,,,,,,,,,,,,,,,,,,,,,,,,,,,,
2,SDH0_MAIN9,SD-H0,MAIN9,"main reference nine (linear energy row, Table 5-1 verdicts in every state)",SDH0_MAIN9:M2[N=128]@alpha=0.05,M2_joint_chance_saa,method,0.05,not_met,,,,300.0,,proven_infeasible,"SAA over the N training scenarios proven infeasible for every alpha_train of the declared grid (training scenarios only; not a population, field or whole-space statement)",False,,,,,,,,,,,,,,,,,,,,,,,,,,,,,,,,,,,,,,,,,,,,,,,,,,,,,,,,,,,
2,SDH0_MAIN9,SD-H0,MAIN9,"main reference nine (linear energy row, Table 5-1 verdicts in every state)",SDH0_MAIN9:M2[N=512]@alpha=0.05,M2_joint_chance_saa,method,0.05,not_met,,,,300.0,,proven_infeasible,"SAA over the N training scenarios proven infeasible for every alpha_train of the declared grid (training scenarios only; not a population, field or whole-space statement)",False,,,,,,,,,,,,,,,,,,,,,,,,,,,,,,,,,,,,,,,,,,,,,,,,,,,,,,,,,,,
2,SDH0_MAIN9,SD-H0,MAIN9,"main reference nine (linear energy row, Table 5-1 verdicts in every state)",SDH0_MAIN9:M2[N=1024]@alpha=0.05,M2_joint_chance_saa,method,0.05,not_met,,,,300.0,,proven_infeasible,"SAA over the N training scenarios proven infeasible for every alpha_train of the declared grid (training scenarios only; not a population, field or whole-space statement)",False,,,,,,,,,,,,,,,,,,,,,,,,,,,,,,,,,,,,,,,,,,,,,,,,,,,,,,,,,,,
2,SDH0_MAIN9,SD-H0,MAIN9,"main reference nine (linear energy row, Table 5-1 verdicts in every state)",SDH0_MAIN9:M3a[factory box]@alpha=0.05,M3a_box_robust,method,0.05,not_met,,,,300.0,,proven_infeasible,no value of the declared grid met the validation screen (candidate statuses: proven_infeasible); a grid without a solution is not a statement about the whole decision space,False,,,,,,,,,,,,,,,,,,,,,,,,,,,,,,,,,,,,,,,,,,,,,,,,,,,,,,,,,,,
2,SDH0_MAIN9,SD-H0,MAIN9,"main reference nine (linear energy row, Table 5-1 verdicts in every state)",SDH0_MAIN9:M3b[factory box]@alpha=0.05,M3b_budget_robust,method,0.05,not_met,,,,300.0,,optimal;proven_infeasible,"no value of the declared grid met the validation screen (candidate statuses: optimal, proven_infeasible); a grid without a solution is not a statement about the whole decision space",False,,,,,,,,,,,,,,,,,,,,,,,,,,,,,,,,,,,,,,,,,,,,,,,,,,,,,,,,,,,
2,SDH0_MAIN9,SD-H0,MAIN9,"main reference nine (linear energy row, Table 5-1 verdicts in every state)","SDH0_MAIN9:M1[relative,apply_to_dm=True]@alpha=0.1",M1_safety_margin,method,0.1,not_met,,,,300.0,,optimal;proven_infeasible,"no value of the declared grid met the validation screen (candidate statuses: optimal, proven_infeasible); a grid without a solution is not a statement about the whole decision space",False,,,,,,,,,,,,,,,,,,,,,,,,,,,,,,,,,,,,,,,,,,,,,,,,,,,,,,,,,,,
2,SDH0_MAIN9,SD-H0,MAIN9,"main reference nine (linear energy row, Table 5-1 verdicts in every state)","SDH0_MAIN9:M1[relative,apply_to_dm=False]@alpha=0.1",M1_safety_margin,method,0.1,not_met,,,,300.0,,optimal;proven_infeasible,"no value of the declared grid met the validation screen (candidate statuses: optimal, proven_infeasible); a grid without a solution is not a statement about the whole decision space",False,,,,,,,,,,,,,,,,,,,,,,,,,,,,,,,,,,,,,,,,,,,,,,,,,,,,,,,,,,,
2,SDH0_MAIN9,SD-H0,MAIN9,"main reference nine (linear energy row, Table 5-1 verdicts in every state)",SDH0_MAIN9:M2[N=128]@alpha=0.1,M2_joint_chance_saa,method,0.1,not_met,,,,300.0,,proven_infeasible,"SAA over the N training scenarios proven infeasible for every alpha_train of the declared grid (training scenarios only; not a population, field or whole-space statement)",False,,,,,,,,,,,,,,,,,,,,,,,,,,,,,,,,,,,,,,,,,,,,,,,,,,,,,,,,,,,
2,SDH0_MAIN9,SD-H0,MAIN9,"main reference nine (linear energy row, Table 5-1 verdicts in every state)",SDH0_MAIN9:M2[N=512]@alpha=0.1,M2_joint_chance_saa,method,0.1,not_met,,,,300.0,,proven_infeasible,"SAA over the N training scenarios proven infeasible for every alpha_train of the declared grid (training scenarios only; not a population, field or whole-space statement)",False,,,,,,,,,,,,,,,,,,,,,,,,,,,,,,,,,,,,,,,,,,,,,,,,,,,,,,,,,,,
2,SDH0_MAIN9,SD-H0,MAIN9,"main reference nine (linear energy row, Table 5-1 verdicts in every state)",SDH0_MAIN9:M2[N=1024]@alpha=0.1,M2_joint_chance_saa,method,0.1,not_met,,,,300.0,,proven_infeasible,"SAA over the N training scenarios proven infeasible for every alpha_train of the declared grid (training scenarios only; not a population, field or whole-space statement)",False,,,,,,,,,,,,,,,,,,,,,,,,,,,,,,,,,,,,,,,,,,,,,,,,,,,,,,,,,,,
2,SDH0_MAIN9,SD-H0,MAIN9,"main reference nine (linear energy row, Table 5-1 verdicts in every state)",SDH0_MAIN9:M3a[factory box]@alpha=0.1,M3a_box_robust,method,0.1,not_met,,,,300.0,,proven_infeasible,no value of the declared grid met the validation screen (candidate statuses: proven_infeasible); a grid without a solution is not a statement about the whole decision space,False,,,,,,,,,,,,,,,,,,,,,,,,,,,,,,,,,,,,,,,,,,,,,,,,,,,,,,,,,,,
2,SDH0_MAIN9,SD-H0,MAIN9,"main reference nine (linear energy row, Table 5-1 verdicts in every state)",SDH0_MAIN9:M3b[factory box]@alpha=0.1,M3b_budget_robust,method,0.1,not_met,,,,300.0,,optimal;proven_infeasible,"no value of the declared grid met the validation screen (candidate statuses: optimal, proven_infeasible); a grid without a solution is not a statement about the whole decision space",False,,,,,,,,,,,,,,,,,,,,,,,,,,,,,,,,,,,,,,,,,,,,,,,,,,,,,,,,,,,
2,SDH0_MAIN9,SD-H0,MAIN9,"main reference nine (linear energy row, Table 5-1 verdicts in every state)","SDH0_MAIN9:M1[relative,apply_to_dm=True]@alpha=0.01",M1_safety_margin,method,0.01,not_met,,,,300.0,,optimal;proven_infeasible,"no value of the declared grid met the validation screen (candidate statuses: optimal, proven_infeasible); a grid without a solution is not a statement about the whole decision space",False,,,,,,,,,,,,,,,,,,,,,,,,,,,,,,,,,,,,,,,,,,,,,,,,,,,,,,,,,,,
2,SDH0_MAIN9,SD-H0,MAIN9,"main reference nine (linear energy row, Table 5-1 verdicts in every state)","SDH0_MAIN9:M1[relative,apply_to_dm=False]@alpha=0.01",M1_safety_margin,method,0.01,not_met,,,,300.0,,optimal;proven_infeasible,"no value of the declared grid met the validation screen (candidate statuses: optimal, proven_infeasible); a grid without a solution is not a statement about the whole decision space",False,,,,,,,,,,,,,,,,,,,,,,,,,,,,,,,,,,,,,,,,,,,,,,,,,,,,,,,,,,,
2,SDH0_MAIN9,SD-H0,MAIN9,"main reference nine (linear energy row, Table 5-1 verdicts in every state)",SDH0_MAIN9:M2[N=128]@alpha=0.01,M2_joint_chance_saa,method,0.01,not_met,,,,300.0,,proven_infeasible,"SAA over the N training scenarios proven infeasible for every alpha_train of the declared grid (training scenarios only; not a population, field or whole-space statement)",False,,,,,,,,,,,,,,,,,,,,,,,,,,,,,,,,,,,,,,,,,,,,,,,,,,,,,,,,,,,
2,SDH0_MAIN9,SD-H0,MAIN9,"main reference nine (linear energy row, Table 5-1 verdicts in every state)",SDH0_MAIN9:M2[N=512]@alpha=0.01,M2_joint_chance_saa,method,0.01,not_met,,,,300.0,,proven_infeasible,"SAA over the N training scenarios proven infeasible for every alpha_train of the declared grid (training scenarios only; not a population, field or whole-space statement)",False,,,,,,,,,,,,,,,,,,,,,,,,,,,,,,,,,,,,,,,,,,,,,,,,,,,,,,,,,,,
2,SDH0_MAIN9,SD-H0,MAIN9,"main reference nine (linear energy row, Table 5-1 verdicts in every state)",SDH0_MAIN9:M2[N=1024]@alpha=0.01,M2_joint_chance_saa,method,0.01,not_met,,,,300.0,,proven_infeasible,"SAA over the N training scenarios proven infeasible for every alpha_train of the declared grid (training scenarios only; not a population, field or whole-space statement)",False,,,,,,,,,,,,,,,,,,,,,,,,,,,,,,,,,,,,,,,,,,,,,,,,,,,,,,,,,,,
2,SDH0_MAIN9,SD-H0,MAIN9,"main reference nine (linear energy row, Table 5-1 verdicts in every state)",SDH0_MAIN9:M3a[factory box]@alpha=0.01,M3a_box_robust,method,0.01,not_met,,,,300.0,,proven_infeasible,no value of the declared grid met the validation screen (candidate statuses: proven_infeasible); a grid without a solution is not a statement about the whole decision space,False,,,,,,,,,,,,,,,,,,,,,,,,,,,,,,,,,,,,,,,,,,,,,,,,,,,,,,,,,,,
2,SDH0_MAIN9,SD-H0,MAIN9,"main reference nine (linear energy row, Table 5-1 verdicts in every state)",SDH0_MAIN9:M3b[factory box]@alpha=0.01,M3b_budget_robust,method,0.01,not_met,,,,300.0,,optimal;proven_infeasible,"no value of the declared grid met the validation screen (candidate statuses: optimal, proven_infeasible); a grid without a solution is not a statement about the whole decision space",False,,,,,,,,,,,,,,,,,,,,,,,,,,,,,,,,,,,,,,,,,,,,,,,,,,,,,,,,,,,
2,SDH0_MAIN9,SD-H0,MAIN9,"main reference nine (linear energy row, Table 5-1 verdicts in every state)","SDH0_MAIN9:DIAG-frontier:M2[N=128,alpha_train=m*/N=87/128]",M2_joint_chance_saa,diagnostic_frontier,,,,optimal,0.0,300.0,14.440966730937362,,,True,SD-H0,True,10000,0.7055,0.7130026268629823,5280,2865,0.528,0.8145,0.8208753394842769,0.003887026498494704,0.4156,2862,0.8434,0.8493533419971515,0.6708,0.6711,0.6788402131514004,0.8567,0.8624359270044697,0.7507,0.7578111752258017,0.7298,0.8743,0.4689,0.47716427070837675,0.6404,0.5652,0.5733892464483608,0.7055,0.4991,0.4661,0.4665,86,414,4,T51-DGC-0.50,0.0,in_domain_conditional,T51-DGC-0.50=0.8145;T51-DGC-0.33=0.6711;T51-DGC-0.67=0.9983;T51-CORNKERNEL-0.50=0.6711,4141,4,True,,,,,6708,3,0.6708,0.6711,0.6788402131514004,0.004698135694081217,7296,2,0.7296,0.7298,0.7371040733450512,0.004440630135465011
2,SDH0_MAIN9,SD-H0,MAIN9,"main reference nine (linear energy row, Table 5-1 verdicts in every state)","SDH0_MAIN9:DIAG-frontier:M2[N=128,alpha_train=m*/N=87/128]",M2_joint_chance_saa,diagnostic_frontier,,,,optimal,0.0,300.0,14.440966730937362,,,True,SD-S2,False,10000,,,3784,2066,0.3784,0.585,0.593135503029757,0.004927220311697053,0.2439,2066,0.7009,0.7084372672667132,0.3796,0.3796,0.38765747322413785,0.6598,0.6676078172553715,0.5812,0.5893468542581302,0.478,0.7464,0.0057,0.0071019041630878505,0.2478,0.476,0.4842691853909012,0.5167,0.5146,0.3774,0.3774,2,1374,0,T51-DGC-0.50,0.0,in_domain_conditional,T51-DGC-0.50=0.585;T51-DGC-0.33=0.3796;T51-DGC-0.67=1;T51-CORNKERNEL-0.50=0.3796,1753,0,True,,,,,3796,0,0.3796,0.3796,0.38765747322413785,0.004852873787767409,4780,0,0.478,0.478,0.48627026931189843,0.004995157655169655
2,SDH0_MAIN9,SD-H0,MAIN9,"main reference nine (linear energy row, Table 5-1 verdicts in every state)","SDH0_MAIN9:DIAG-frontier:M2[N=128,alpha_train=m*/N=87/128]",M2_joint_chance_saa,diagnostic_frontier,,,,optimal,0.0,300.0,14.440966730937362,,,True,SD-SRC14,False,10000,,,4586,1919,0.4586,0.6505,0.6583597464772195,0.004768120698975646,0.2915,1915,0.7252,0.7325437198936005,0.4624,0.4628,0.47105871646918057,0.7652,0.7721644077913903,0.6982,0.7057571767312926,0.6342,0.8112,0.1068,0.11201528691495703,0.3685,0.5798,0.5879509115634061,0.5694,0.5098,0.3931,0.3935,24,1189,4,T51-DGC-0.50,0.0,in_domain_conditional,T51-DGC-0.50=0.6505;T51-DGC-0.33=0.4628;T51-DGC-0.67=1;T51-CORNKERNEL-0.50=0.4628,3703,4,True,,,,,4624,4,0.4624,0.4628,0.47105871646918057,0.004986142396683031,6339,3,0.6339,0.6342,0.6421428827331968,0.004816537760674155
2,SDH0_MAIN9,SD-H0,MAIN9,"main reference nine (linear energy row, Table 5-1 verdicts in every state)","SDH0_MAIN9:DIAG-frontier:M2[N=128,alpha_train=m*/N=87/128]",M2_joint_chance_saa,diagnostic_frontier,,,,optimal,0.0,300.0,14.440966730937362,,,True,SD-12MO,False,10000,,,4394,2812,0.4394,0.7206,0.7279823883771517,0.004487044015830466,0.364,2812,0.7785,0.785319814598658,0.487,0.487,0.4952735150499202,0.7601,0.7671172877992123,0.5916,0.5997146069109993,0.542,0.8011,0.1127,0.1180351279905652,0.3984,0.4962,0.504474076342131,0.5555,0.5039,0.4368,0.4368,23,694,0,T51-DGC-0.50,0.0,in_domain_conditional,T51-DGC-0.50=0.7206;T51-DGC-0.33=0.487;T51-DGC-0.67=1;T51-CORNKERNEL-0.50=0.487,1756,0,True,,,,,4870,0,0.487,0.487,0.4952735150499202,0.004998309714293423,5420,0,0.542,0.542,0.5502353910316033,0.004982328772772829
2,SDH0_MAIN9,SD-H0,MAIN9,"main reference nine (linear energy row, Table 5-1 verdicts in every state)","SDH0_MAIN9:DIAG-frontier:M2[N=128,alpha_train=m*/N=87/128]",M2_joint_chance_saa,diagnostic_frontier,,,,optimal,0.0,300.0,14.440966730937362,,,True,SD-SRC12,False,10000,,,4924,2282,0.4924,0.7206,0.7279823883771517,0.004487044015830466,0.4154,2279,0.7816,0.7883846757529037,0.6001,0.6004,0.6084843973982348,0.8022,0.8087365014113871,0.7487,0.7558305663919371,0.7093,0.837,0.3435,0.3513940457362423,0.5135,0.584,0.5921385382351672,0.6686,0.503,0.4409,0.4413,167,786,4,T51-DGC-0.50,0.0,in_domain_conditional,T51-DGC-0.50=0.7206;T51-DGC-0.33=0.6004;T51-DGC-0.67=0.9968;T51-CORNKERNEL-0.50=0.6004,3922,4,True,,,,,6001,3,0.6001,0.6004,0.6084843973982348,0.004898161287667037,7091,2,0.7091,0.7093,0.7167733184620959,0.004540853554123938
2,SDH0_MAIN9,SD-H0,MAIN9,"main reference nine (linear energy row, Table 5-1 verdicts in every state)","SDH0_MAIN9:DIAG-frontier:M2[N=512,alpha_train=m*/N=335/512]",M2_joint_chance_saa,diagnostic_frontier,,,,no_feasible_solution_found,,300.0,300.4433920150623,,solver status no_feasible_solution_found; not a statement about the whole decision space,False,,,,,,,,,,,,,,,,,,,,,,,,,,,,,,,,,,,,,,,,,,,,,,,,,,,,,,,,,,,
2,SDH0_MAIN9,SD-H0,MAIN9,"main reference nine (linear energy row, Table 5-1 verdicts in every state)","SDH0_MAIN9:DIAG-frontier:M2[N=1024,alpha_train=m*/N=709/1024]",M2_joint_chance_saa,diagnostic_frontier,,,,feasible_time_limit,0.19174417487528597,300.0,301.32101348089054,,,True,SD-H0,True,10000,0.6687,0.6764549906373833,5363,2719,0.5363,0.8082,0.8146591603569323,0.003937165985832956,0.4031,2715,0.8523,0.858109635086275,0.6124,0.6128,0.6208372231126451,0.8674,0.8729488085197254,0.7379,0.7451318354706139,0.7086,0.8898,0.2911,0.2986664632778387,0.5514,0.625,0.6329854709582472,0.6687,0.5565,0.4984,0.4988,50,628,4,T51-DGC-0.50,0.0,in_domain_conditional,T51-DGC-0.50=0.8082;T51-DGC-0.33=0.6128;T51-DGC-0.67=0.998;T51-CORNKERNEL-0.50=0.6128,4141,4,True,,,,,6124,4,0.6124,0.6128,0.6208372231126451,0.0048711000810905125,7084,2,0.7084,0.7086,0.716078764811048,0.004544073502926642
2,SDH0_MAIN9,SD-H0,MAIN9,"main reference nine (linear energy row, Table 5-1 verdicts in every state)","SDH0_MAIN9:DIAG-frontier:M2[N=1024,alpha_train=m*/N=709/1024]",M2_joint_chance_saa,diagnostic_frontier,,,,feasible_time_limit,0.19174417487528597,300.0,301.32101348089054,,,True,SD-S2,False,10000,,,5161,1532,0.5161,0.6693,0.6770513176078465,0.004704652059398229,0.2012,1532,0.8429,0.8488612095234409,0.5161,0.5161,0.5243657650273957,0.785,0.7917454917579188,0.8003,0.8068605005837379,0.6714,0.8857,0.0004,0.0009151160584710777,0.2016,0.6712,0.6789395924753201,0.7348,0.7346,0.5159,0.5159,0,2187,0,T51-DGC-0.50,0.0,in_domain_conditional,T51-DGC-0.50=0.6693;T51-DGC-0.33=0.5161;T51-DGC-0.67=1;T51-CORNKERNEL-0.50=0.5161,1753,0,True,,,,,5161,0,0.5161,0.5161,0.5243657650273957,0.0049974072277532075,6714,0,0.6714,0.6714,0.6791383499332823,0.00469704204792761
2,SDH0_MAIN9,SD-H0,MAIN9,"main reference nine (linear energy row, Table 5-1 verdicts in every state)","SDH0_MAIN9:DIAG-frontier:M2[N=1024,alpha_train=m*/N=709/1024]",M2_joint_chance_saa,diagnostic_frontier,,,,feasible_time_limit,0.19174417487528597,300.0,301.32101348089054,,,True,SD-SRC14,False,10000,,,5370,1480,0.537,0.685,0.6926500936063684,0.004645158770160606,0.2544,1476,0.8146,0.8209739868711384,0.537,0.5374,0.5456424071442658,0.8164,0.8227495195993543,0.8213,0.827581743288169,0.728,0.8832,0.0519,0.055696532618584045,0.2926,0.7051,0.7126056753638046,0.7181,0.6982,0.5064,0.5068,4,1919,4,T51-DGC-0.50,0.0,in_domain_conditional,T51-DGC-0.50=0.685;T51-DGC-0.33=0.5374;T51-DGC-0.67=1;T51-CORNKERNEL-0.50=0.5374,3703,4,True,,,,,5370,4,0.537,0.5374,0.5456424071442658,0.0049859927797781655,7278,2,0.7278,0.728,0.7353197046734389,0.004449898875255482
2,SDH0_MAIN9,SD-H0,MAIN9,"main reference nine (linear energy row, Table 5-1 verdicts in every state)","SDH0_MAIN9:DIAG-frontier:M2[N=1024,alpha_train=m*/N=709/1024]",M2_joint_chance_saa,diagnostic_frontier,,,,feasible_time_limit,0.19174417487528597,300.0,301.32101348089054,,,True,SD-12MO,False,10000,,,5033,2431,0.5033,0.7464,0.7535526171777521,0.004350713045007681,0.3387,2431,0.8413,0.8472862426392601,0.5071,0.5071,0.515371137768188,0.8182,0.8245248227313647,0.6933,0.7008925188098503,0.6205,0.873,0.0102,0.012013245665815506,0.342,0.6171,0.6251195917382764,0.6301,0.626,0.5031,0.5031,1,1230,0,T51-DGC-0.50,0.0,in_domain_conditional,T51-DGC-0.50=0.7464;T51-DGC-0.33=0.5071;T51-DGC-0.67=1;T51-CORNKERNEL-0.50=0.5071,1756,0,True,,,,,5071,0,0.5071,0.5071,0.515371137768188,0.004999495874585757,6205,0,0.6205,0.6205,0.6285051822660668,0.004852625577973228
2,SDH0_MAIN9,SD-H0,MAIN9,"main reference nine (linear energy row, Table 5-1 verdicts in every state)","SDH0_MAIN9:DIAG-frontier:M2[N=1024,alpha_train=m*/N=709/1024]",M2_joint_chance_saa,diagnostic_frontier,,,,feasible_time_limit,0.19174417487528597,300.0,301.32101348089054,,,True,SD-SRC12,False,10000,,,5290,2001,0.529,0.7291,0.7364101702212128,0.004444245605274308,0.3991,1997,0.8199,0.8262012847063681,0.5699,0.5703,0.578476677626352,0.833,0.8391126960854061,0.7799,0.786704014281171,0.7243,0.879,0.1688,0.17508237962316636,0.444,0.6776,0.6852990401924346,0.6813,0.6148,0.5033,0.5037,80,1192,4,T51-DGC-0.50,0.0,in_domain_conditional,T51-DGC-0.50=0.7291;T51-DGC-0.33=0.5703;T51-DGC-0.67=0.9967;T51-CORNKERNEL-0.50=0.5703,3922,4,True,,,,,5699,4,0.5699,0.5703,0.578476677626352,0.004950332413080964,7241,2,0.7241,0.7243,0.7316513619493183,0.004468663222933677
2,SDS2_MAIN9,SD-S2,MAIN9,"main reference nine (linear energy row, Table 5-1 verdicts in every state)",SDS2_MAIN9:M0,M0_nominal,method,,,,optimal,,300.0,0.00892972107976675,,,True,SD-H0,False,10000,,,9264,329,0.9264,0.9593,0.962500696697616,0.001975943065981405,0.1501,329,0.9627,0.9657667339269032,0.9563,0.9563,0.9596137447540961,0.96,0.9631736458993186,0.96,0.9631736458993186,0.957,0.963,0.8194,0.8257082292931447,0.8263,0.8515,0.857322843074205,0.9597,0.4922,0.4931,0.4935,222,211,4,T51-DGC-0.50,0.0,in_domain_conditional,T51-DGC-0.50=0.9593;T51-DGC-0.33=0.9563;T51-DGC-0.67=0.9986;T51-CORNKERNEL-0.50=0.9563,986,4,True,,,alpha=0.01:False;alpha=0.05:False;alpha=0.1:False,alpha=0.01:False;alpha=0.05:False;alpha=0.1:False,9563,0,0.9563,0.9563,0.9596137447540961,0.00204426783959441,9570,0,0.957,0.957,0.9602877710095901,0.0020285709255532585
2,SDS2_MAIN9,SD-S2,MAIN9,"main reference nine (linear energy row, Table 5-1 verdicts in every state)",SDS2_MAIN9:M0,M0_nominal,method,,,,optimal,,300.0,0.00892972107976675,,,True,SD-S2,True,10000,0.9696,0.9723722212708695,9668,0,0.9668,0.9668,0.9696957782503732,0.0017915847733222118,0.0001,0,0.9696,0.9723722212708695,0.9668,0.9668,0.9696957782503732,0.9668,0.9696957782503732,0.9696,0.9723722212708695,0.9668,0.9696,0.8304,0.8365511690399259,0.8304,0.8614,0.867055146509964,0.9696,0.494,0.4923,0.4923,234,251,0,T51-DGC-0.50,0.0,in_domain_conditional,T51-DGC-0.50=0.9668;T51-DGC-0.33=0.9668;T51-DGC-0.67=1;T51-CORNKERNEL-0.50=0.9668,1,0,True,,,alpha=0.01:False;alpha=0.05:False;alpha=0.1:False,alpha=0.01:False;alpha=0.05:False;alpha=0.1:False,9668,0,0.9668,0.9668,0.9696957782503732,0.0017915847733222118,9668,0,0.9668,0.9668,0.9696957782503732,0.0017915847733222118
2,SDS2_MAIN9,SD-S2,MAIN9,"main reference nine (linear energy row, Table 5-1 verdicts in every state)",SDS2_MAIN9:M0,M0_nominal,method,,,,optimal,,300.0,0.00892972107976675,,,True,SD-SRC14,False,10000,,,9723,1,0.9723,0.9724,0.9750422709423038,0.0016382380779361699,0.0003,0,0.9759,0.978369339009718,0.9723,0.9724,0.9750422709423038,0.9731,0.9757086761073253,0.9766,0.9790331615036981,0.9731,0.9766,0.829,0.8351716667672897,0.829,0.8693,0.8748143536120293,0.9759,0.489,0.4871,0.4875,278,296,4,T51-DGC-0.50,0.0,in_domain_conditional,T51-DGC-0.50=0.9724;T51-DGC-0.33=0.9724;T51-DGC-0.67=1;T51-CORNKERNEL-0.50=0.9724,328,4,True,,,alpha=0.01:False;alpha=0.05:False;alpha=0.1:False,alpha=0.01:False;alpha=0.05:False;alpha=0.1:False,9723,1,0.9723,0.9724,0.9750422709423038,0.0016382380779361699,9730,1,0.973,0.9731,0.9757086761073253,0.001617911925909443
2,SDS2_MAIN9,SD-S2,MAIN9,"main reference nine (linear energy row, Table 5-1 verdicts in every state)",SDS2_MAIN9:M0,M0_nominal,method,,,,optimal,,300.0,0.00892972107976675,,,True,SD-12MO,False,10000,,,9496,48,0.9496,0.9544,0.957783070337326,0.0020861601089082298,0.0186,48,0.9573,0.9605765657902283,0.9543,0.9543,0.957686672857363,0.9544,0.957783070337326,0.9572,0.9604803058201439,0.9543,0.9573,0.8084,0.814856541019946,0.8085,0.8475,0.8533880126801487,0.9572,0.4894,0.4926,0.4926,230,198,0,T51-DGC-0.50,0.0,in_domain_conditional,T51-DGC-0.50=0.9544;T51-DGC-0.33=0.9543;T51-DGC-0.67=1;T51-CORNKERNEL-0.50=0.9543,4,0,True,,,alpha=0.01:False;alpha=0.05:False;alpha=0.1:False,alpha=0.01:False;alpha=0.05:False;alpha=0.1:False,9543,0,0.9543,0.9543,0.957686672857363,0.0020883368981081565,9543,0,0.9543,0.9543,0.957686672857363,0.0020883368981081565
2,SDS2_MAIN9,SD-S2,MAIN9,"main reference nine (linear energy row, Table 5-1 verdicts in every state)",SDS2_MAIN9:M0,M0_nominal,method,,,,optimal,,300.0,0.00892972107976675,,,True,SD-SRC12,False,10000,,,9477,112,0.9477,0.9589,0.9621160365275556,0.001985215101695532,0.1101,112,0.964,0.9670137119452095,0.9587,0.9587,0.9619236748112338,0.9596,0.9627891358833365,0.9643,0.967301325320933,0.9594,0.9645,0.7991,0.8056755380859281,0.8,0.8669,0.872457812056963,0.9638,0.4938,0.4962,0.4966,445,420,4,T51-DGC-0.50,0.0,in_domain_conditional,T51-DGC-0.50=0.9589;T51-DGC-0.33=0.9587;T51-DGC-0.67=0.998;T51-CORNKERNEL-0.50=0.9587,675,4,True,,,alpha=0.01:False;alpha=0.05:False;alpha=0.1:False,alpha=0.01:False;alpha=0.05:False;alpha=0.1:False,9587,0,0.9587,0.9587,0.9619236748112338,0.0019898319024480434,9594,0,0.9594,0.9594,0.9625968484520424,0.0019736169841182453
2,SDS2_MAIN9,SD-S2,MAIN9,"main reference nine (linear energy row, Table 5-1 verdicts in every state)","SDS2_MAIN9:M1[relative,apply_to_dm=True]@alpha=0.05",M1_safety_margin,method,0.05,not_met,,,,300.0,,optimal;proven_infeasible,"no value of the declared grid met the validation screen (candidate statuses: optimal, proven_infeasible); a grid without a solution is not a statement about the whole decision space",False,,,,,,,,,,,,,,,,,,,,,,,,,,,,,,,,,,,,,,,,,,,,,,,,,,,,,,,,,,,
2,SDS2_MAIN9,SD-S2,MAIN9,"main reference nine (linear energy row, Table 5-1 verdicts in every state)","SDS2_MAIN9:M1[relative,apply_to_dm=False]@alpha=0.05",M1_safety_margin,method,0.05,not_met,,,,300.0,,optimal;proven_infeasible,"no value of the declared grid met the validation screen (candidate statuses: optimal, proven_infeasible); a grid without a solution is not a statement about the whole decision space",False,,,,,,,,,,,,,,,,,,,,,,,,,,,,,,,,,,,,,,,,,,,,,,,,,,,,,,,,,,,
2,SDS2_MAIN9,SD-S2,MAIN9,"main reference nine (linear energy row, Table 5-1 verdicts in every state)",SDS2_MAIN9:M2[N=128]@alpha=0.05,M2_joint_chance_saa,method,0.05,not_met,,,,300.0,,proven_infeasible,"SAA over the N training scenarios proven infeasible for every alpha_train of the declared grid (training scenarios only; not a population, field or whole-space statement)",False,,,,,,,,,,,,,,,,,,,,,,,,,,,,,,,,,,,,,,,,,,,,,,,,,,,,,,,,,,,
2,SDS2_MAIN9,SD-S2,MAIN9,"main reference nine (linear energy row, Table 5-1 verdicts in every state)",SDS2_MAIN9:M2[N=512]@alpha=0.05,M2_joint_chance_saa,method,0.05,not_met,,,,300.0,,proven_infeasible,"SAA over the N training scenarios proven infeasible for every alpha_train of the declared grid (training scenarios only; not a population, field or whole-space statement)",False,,,,,,,,,,,,,,,,,,,,,,,,,,,,,,,,,,,,,,,,,,,,,,,,,,,,,,,,,,,
2,SDS2_MAIN9,SD-S2,MAIN9,"main reference nine (linear energy row, Table 5-1 verdicts in every state)",SDS2_MAIN9:M2[N=1024]@alpha=0.05,M2_joint_chance_saa,method,0.05,not_met,,,,300.0,,proven_infeasible,"SAA over the N training scenarios proven infeasible for every alpha_train of the declared grid (training scenarios only; not a population, field or whole-space statement)",False,,,,,,,,,,,,,,,,,,,,,,,,,,,,,,,,,,,,,,,,,,,,,,,,,,,,,,,,,,,
2,SDS2_MAIN9,SD-S2,MAIN9,"main reference nine (linear energy row, Table 5-1 verdicts in every state)",SDS2_MAIN9:M3a[factory box]@alpha=0.05,M3a_box_robust,method,0.05,not_met,,,,300.0,,proven_infeasible,no value of the declared grid met the validation screen (candidate statuses: proven_infeasible); a grid without a solution is not a statement about the whole decision space,False,,,,,,,,,,,,,,,,,,,,,,,,,,,,,,,,,,,,,,,,,,,,,,,,,,,,,,,,,,,
2,SDS2_MAIN9,SD-S2,MAIN9,"main reference nine (linear energy row, Table 5-1 verdicts in every state)",SDS2_MAIN9:M3b[factory box]@alpha=0.05,M3b_budget_robust,method,0.05,not_met,,,,300.0,,optimal;proven_infeasible,"no value of the declared grid met the validation screen (candidate statuses: optimal, proven_infeasible); a grid without a solution is not a statement about the whole decision space",False,,,,,,,,,,,,,,,,,,,,,,,,,,,,,,,,,,,,,,,,,,,,,,,,,,,,,,,,,,,
2,SDS2_MAIN9,SD-S2,MAIN9,"main reference nine (linear energy row, Table 5-1 verdicts in every state)","SDS2_MAIN9:M1[relative,apply_to_dm=True]@alpha=0.1",M1_safety_margin,method,0.1,not_met,,,,300.0,,optimal;proven_infeasible,"no value of the declared grid met the validation screen (candidate statuses: optimal, proven_infeasible); a grid without a solution is not a statement about the whole decision space",False,,,,,,,,,,,,,,,,,,,,,,,,,,,,,,,,,,,,,,,,,,,,,,,,,,,,,,,,,,,
2,SDS2_MAIN9,SD-S2,MAIN9,"main reference nine (linear energy row, Table 5-1 verdicts in every state)","SDS2_MAIN9:M1[relative,apply_to_dm=False]@alpha=0.1",M1_safety_margin,method,0.1,not_met,,,,300.0,,optimal;proven_infeasible,"no value of the declared grid met the validation screen (candidate statuses: optimal, proven_infeasible); a grid without a solution is not a statement about the whole decision space",False,,,,,,,,,,,,,,,,,,,,,,,,,,,,,,,,,,,,,,,,,,,,,,,,,,,,,,,,,,,
2,SDS2_MAIN9,SD-S2,MAIN9,"main reference nine (linear energy row, Table 5-1 verdicts in every state)",SDS2_MAIN9:M2[N=128]@alpha=0.1,M2_joint_chance_saa,method,0.1,not_met,,,,300.0,,proven_infeasible,"SAA over the N training scenarios proven infeasible for every alpha_train of the declared grid (training scenarios only; not a population, field or whole-space statement)",False,,,,,,,,,,,,,,,,,,,,,,,,,,,,,,,,,,,,,,,,,,,,,,,,,,,,,,,,,,,
2,SDS2_MAIN9,SD-S2,MAIN9,"main reference nine (linear energy row, Table 5-1 verdicts in every state)",SDS2_MAIN9:M2[N=512]@alpha=0.1,M2_joint_chance_saa,method,0.1,not_met,,,,300.0,,proven_infeasible,"SAA over the N training scenarios proven infeasible for every alpha_train of the declared grid (training scenarios only; not a population, field or whole-space statement)",False,,,,,,,,,,,,,,,,,,,,,,,,,,,,,,,,,,,,,,,,,,,,,,,,,,,,,,,,,,,
2,SDS2_MAIN9,SD-S2,MAIN9,"main reference nine (linear energy row, Table 5-1 verdicts in every state)",SDS2_MAIN9:M2[N=1024]@alpha=0.1,M2_joint_chance_saa,method,0.1,not_met,,,,300.0,,proven_infeasible,"SAA over the N training scenarios proven infeasible for every alpha_train of the declared grid (training scenarios only; not a population, field or whole-space statement)",False,,,,,,,,,,,,,,,,,,,,,,,,,,,,,,,,,,,,,,,,,,,,,,,,,,,,,,,,,,,
2,SDS2_MAIN9,SD-S2,MAIN9,"main reference nine (linear energy row, Table 5-1 verdicts in every state)",SDS2_MAIN9:M3a[factory box]@alpha=0.1,M3a_box_robust,method,0.1,not_met,,,,300.0,,proven_infeasible,no value of the declared grid met the validation screen (candidate statuses: proven_infeasible); a grid without a solution is not a statement about the whole decision space,False,,,,,,,,,,,,,,,,,,,,,,,,,,,,,,,,,,,,,,,,,,,,,,,,,,,,,,,,,,,
2,SDS2_MAIN9,SD-S2,MAIN9,"main reference nine (linear energy row, Table 5-1 verdicts in every state)",SDS2_MAIN9:M3b[factory box]@alpha=0.1,M3b_budget_robust,method,0.1,not_met,,,,300.0,,optimal;proven_infeasible,"no value of the declared grid met the validation screen (candidate statuses: optimal, proven_infeasible); a grid without a solution is not a statement about the whole decision space",False,,,,,,,,,,,,,,,,,,,,,,,,,,,,,,,,,,,,,,,,,,,,,,,,,,,,,,,,,,,
2,SDS2_MAIN9,SD-S2,MAIN9,"main reference nine (linear energy row, Table 5-1 verdicts in every state)","SDS2_MAIN9:M1[relative,apply_to_dm=True]@alpha=0.01",M1_safety_margin,method,0.01,not_met,,,,300.0,,optimal;proven_infeasible,"no value of the declared grid met the validation screen (candidate statuses: optimal, proven_infeasible); a grid without a solution is not a statement about the whole decision space",False,,,,,,,,,,,,,,,,,,,,,,,,,,,,,,,,,,,,,,,,,,,,,,,,,,,,,,,,,,,
2,SDS2_MAIN9,SD-S2,MAIN9,"main reference nine (linear energy row, Table 5-1 verdicts in every state)","SDS2_MAIN9:M1[relative,apply_to_dm=False]@alpha=0.01",M1_safety_margin,method,0.01,not_met,,,,300.0,,optimal;proven_infeasible,"no value of the declared grid met the validation screen (candidate statuses: optimal, proven_infeasible); a grid without a solution is not a statement about the whole decision space",False,,,,,,,,,,,,,,,,,,,,,,,,,,,,,,,,,,,,,,,,,,,,,,,,,,,,,,,,,,,
2,SDS2_MAIN9,SD-S2,MAIN9,"main reference nine (linear energy row, Table 5-1 verdicts in every state)",SDS2_MAIN9:M2[N=128]@alpha=0.01,M2_joint_chance_saa,method,0.01,not_met,,,,300.0,,proven_infeasible,"SAA over the N training scenarios proven infeasible for every alpha_train of the declared grid (training scenarios only; not a population, field or whole-space statement)",False,,,,,,,,,,,,,,,,,,,,,,,,,,,,,,,,,,,,,,,,,,,,,,,,,,,,,,,,,,,
2,SDS2_MAIN9,SD-S2,MAIN9,"main reference nine (linear energy row, Table 5-1 verdicts in every state)",SDS2_MAIN9:M2[N=512]@alpha=0.01,M2_joint_chance_saa,method,0.01,not_met,,,,300.0,,proven_infeasible,"SAA over the N training scenarios proven infeasible for every alpha_train of the declared grid (training scenarios only; not a population, field or whole-space statement)",False,,,,,,,,,,,,,,,,,,,,,,,,,,,,,,,,,,,,,,,,,,,,,,,,,,,,,,,,,,,
2,SDS2_MAIN9,SD-S2,MAIN9,"main reference nine (linear energy row, Table 5-1 verdicts in every state)",SDS2_MAIN9:M2[N=1024]@alpha=0.01,M2_joint_chance_saa,method,0.01,not_met,,,,300.0,,proven_infeasible,"SAA over the N training scenarios proven infeasible for every alpha_train of the declared grid (training scenarios only; not a population, field or whole-space statement)",False,,,,,,,,,,,,,,,,,,,,,,,,,,,,,,,,,,,,,,,,,,,,,,,,,,,,,,,,,,,
2,SDS2_MAIN9,SD-S2,MAIN9,"main reference nine (linear energy row, Table 5-1 verdicts in every state)",SDS2_MAIN9:M3a[factory box]@alpha=0.01,M3a_box_robust,method,0.01,not_met,,,,300.0,,proven_infeasible,no value of the declared grid met the validation screen (candidate statuses: proven_infeasible); a grid without a solution is not a statement about the whole decision space,False,,,,,,,,,,,,,,,,,,,,,,,,,,,,,,,,,,,,,,,,,,,,,,,,,,,,,,,,,,,
2,SDS2_MAIN9,SD-S2,MAIN9,"main reference nine (linear energy row, Table 5-1 verdicts in every state)",SDS2_MAIN9:M3b[factory box]@alpha=0.01,M3b_budget_robust,method,0.01,not_met,,,,300.0,,optimal;proven_infeasible,"no value of the declared grid met the validation screen (candidate statuses: optimal, proven_infeasible); a grid without a solution is not a statement about the whole decision space",False,,,,,,,,,,,,,,,,,,,,,,,,,,,,,,,,,,,,,,,,,,,,,,,,,,,,,,,,,,,
2,SDS2_MAIN9,SD-S2,MAIN9,"main reference nine (linear energy row, Table 5-1 verdicts in every state)","SDS2_MAIN9:DIAG-frontier:M2[N=128,alpha_train=m*/N=51/128]",M2_joint_chance_saa,diagnostic_frontier,,,,optimal,9.75003449876496e-05,300.0,23.49552679527551,,,True,SD-H0,False,10000,,,5615,2985,0.5615,0.86,0.8656794349088138,0.0034698703145794943,0.4779,2983,0.877,0.8823706737086582,0.7476,0.7478,0.7549392265689725,0.905,0.9097853073414051,0.8233,0.8295535779784858,0.8147,0.9119,0.5675,0.5756836870463624,0.7148,0.6364,0.6443322389835713,0.7683,0.4422,0.4219,0.4223,104,306,4,T51-DGC-0.50,0.0,in_domain_conditional,T51-DGC-0.50=0.86;T51-DGC-0.33=0.7478;T51-DGC-0.67=0.9987;T51-CORNKERNEL-0.50=0.7478,4141,4,True,,,,,7476,2,0.7476,0.7478,0.7549392265689725,0.004342754425476992,8146,1,0.8146,0.8147,0.8210726335573665,0.003885407443241957
2,SDS2_MAIN9,SD-S2,MAIN9,"main reference nine (linear energy row, Table 5-1 verdicts in every state)","SDS2_MAIN9:DIAG-frontier:M2[N=128,alpha_train=m*/N=51/128]",M2_joint_chance_saa,diagnostic_frontier,,,,optimal,9.75003449876496e-05,300.0,23.49552679527551,,,True,SD-S2,True,10000,0.3554,0.3633532779970029,2339,4494,0.2339,0.6833,0.690961535325104,0.0046518932704867596,0.4981,4494,0.7307,0.7379962006869042,0.287,0.287,0.29453597225327194,0.8207,0.8269901356580776,0.5842,0.592337933942066,0.5572,0.8394,0.0912,0.0960739895785763,0.5266,0.517,0.5252650810621771,0.3554,0.2864,0.2175,0.2175,11,700,0,T51-DGC-0.50,0.0,in_domain_conditional,T51-DGC-0.50=0.6833;T51-DGC-0.33=0.287;T51-DGC-0.67=1;T51-CORNKERNEL-0.50=0.287,1753,0,True,,,,,2870,0,0.287,0.287,0.29453597225327194,0.004523615810388853,5572,0,0.5572,0.5572,0.5654071950688717,0.004967173844350528
2,SDS2_MAIN9,SD-S2,MAIN9,"main reference nine (linear energy row, Table 5-1 verdicts in every state)","SDS2_MAIN9:DIAG-frontier:M2[N=128,alpha_train=m*/N=51/128]",M2_joint_chance_saa,diagnostic_frontier,,,,optimal,9.75003449876496e-05,300.0,23.49552679527551,,,True,SD-SRC14,False,10000,,,4484,3291,0.4484,0.7775,0.7843310315836952,0.004159251735588987,0.4961,3288,0.8026,0.809131419112208,0.4976,0.4979,0.5061738752459699,0.8805,0.8858031211579543,0.7414,0.7485996455883273,0.7203,0.8915,0.2074,0.21418163629471573,0.6076,0.6398,0.6477154376408989,0.5468,0.3125,0.25,0.2504,42,667,4,T51-DGC-0.50,0.0,in_domain_conditional,T51-DGC-0.50=0.7775;T51-DGC-0.33=0.4979;T51-DGC-0.67=1;T51-CORNKERNEL-0.50=0.4979,3703,4,True,,,,,4976,3,0.4976,0.4979,0.5061738752459699,0.004999955899805517,7202,1,0.7202,0.7203,0.727684876621703,0.004488517684046705
2,SDS2_MAIN9,SD-S2,MAIN9,"main reference nine (linear energy row, Table 5-1 verdicts in every state)","SDS2_MAIN9:DIAG-frontier:M2[N=128,alpha_train=m*/N=51/128]",M2_joint_chance_saa,diagnostic_frontier,,,,optimal,9.75003449876496e-05,300.0,23.49552679527551,,,True,SD-12MO,False,10000,,,3614,3951,0.3614,0.7565,0.7635537860576409,0.004291943033172738,0.4886,3951,0.794,0.8006384277993621,0.5228,0.5228,0.5310600328730699,0.8471,0.8529944509878054,0.6784,0.6860938557019461,0.6618,0.8615,0.309,0.3166910638342193,0.5722,0.5317,0.5399501274724572,0.5655,0.3839,0.3459,0.3459,71,451,0,T51-DGC-0.50,0.0,in_domain_conditional,T51-DGC-0.50=0.7565;T51-DGC-0.33=0.5228;T51-DGC-0.67=1;T51-CORNKERNEL-0.50=0.5228,1756,0,True,,,,,5228,0,0.5228,0.5228,0.5310600328730699,0.004994798894850523,6618,0,0.6618,0.6618,0.6695962150013549,0.0047309698794221885
2,SDS2_MAIN9,SD-S2,MAIN9,"main reference nine (linear energy row, Table 5-1 verdicts in every state)","SDS2_MAIN9:DIAG-frontier:M2[N=128,alpha_train=m*/N=51/128]",M2_joint_chance_saa,diagnostic_frontier,,,,optimal,9.75003449876496e-05,300.0,23.49552679527551,,,True,SD-SRC12,False,10000,,,4977,2661,0.4977,0.7638,0.7707790623929902,0.004247464655532757,0.4868,2659,0.8009,0.8074529471169922,0.6626,0.6628,0.670590355670799,0.8611,0.8667603675315748,0.8122,0.8186062572106985,0.7952,0.8762,0.4486,0.4568410003435073,0.5907,0.6531,0.6609455616635378,0.7041,0.3881,0.3556,0.356,235,559,4,T51-DGC-0.50,0.0,in_domain_conditional,T51-DGC-0.50=0.7638;T51-DGC-0.33=0.6628;T51-DGC-0.67=0.9978;T51-CORNKERNEL-0.50=0.6628,3922,4,True,,,,,6626,2,0.6626,0.6628,0.670590355670799,0.004727538048498394,7951,1,0.7951,0.7952,0.8018237773558808,0.004035553989231218
2,SDS2_MAIN9,SD-S2,MAIN9,"main reference nine (linear energy row, Table 5-1 verdicts in every state)","SDS2_MAIN9:DIAG-frontier:M2[N=512,alpha_train=m*/N=197/512]",M2_joint_chance_saa,diagnostic_frontier,,,,no_feasible_solution_found,,300.0,300.3879962461069,,solver status no_feasible_solution_found; not a statement about the whole decision space,False,,,,,,,,,,,,,,,,,,,,,,,,,,,,,,,,,,,,,,,,,,,,,,,,,,,,,,,,,,,
2,SDS2_MAIN9,SD-S2,MAIN9,"main reference nine (linear energy row, Table 5-1 verdicts in every state)","SDS2_MAIN9:DIAG-frontier:M2[N=1024,alpha_train=m*/N=392/1024]",M2_joint_chance_saa,diagnostic_frontier,,,,no_feasible_solution_found,,300.0,301.34653945220634,,solver status no_feasible_solution_found; not a statement about the whole decision space,False,,,,,,,,,,,,,,,,,,,,,,,,,,,,,,,,,,,,,,,,,,,,,,,,,,,,,,,,,,,
2,SDSRC14_MAIN9,SD-SRC14,MAIN9,"main reference nine (linear energy row, Table 5-1 verdicts in every state)",SDSRC14_MAIN9:M0,M0_nominal,method,,,,optimal,,300.0,0.0063672149553895,,,True,SD-H0,False,10000,,,9264,329,0.9264,0.9593,0.962500696697616,0.001975943065981405,0.1501,329,0.9627,0.9657667339269032,0.9563,0.9563,0.9596137447540961,0.96,0.9631736458993186,0.96,0.9631736458993186,0.957,0.963,0.8194,0.8257082292931447,0.8263,0.8515,0.857322843074205,0.9597,0.4922,0.4931,0.4935,222,211,4,T51-DGC-0.50,0.0,in_domain_conditional,T51-DGC-0.50=0.9593;T51-DGC-0.33=0.9563;T51-DGC-0.67=0.9986;T51-CORNKERNEL-0.50=0.9563,986,4,True,,,alpha=0.01:False;alpha=0.05:False;alpha=0.1:False,alpha=0.01:False;alpha=0.05:False;alpha=0.1:False,9563,0,0.9563,0.9563,0.9596137447540961,0.00204426783959441,9570,0,0.957,0.957,0.9602877710095901,0.0020285709255532585
2,SDSRC14_MAIN9,SD-SRC14,MAIN9,"main reference nine (linear energy row, Table 5-1 verdicts in every state)",SDSRC14_MAIN9:M0,M0_nominal,method,,,,optimal,,300.0,0.0063672149553895,,,True,SD-S2,False,10000,,,9668,0,0.9668,0.9668,0.9696957782503732,0.0017915847733222118,0.0001,0,0.9696,0.9723722212708695,0.9668,0.9668,0.9696957782503732,0.9668,0.9696957782503732,0.9696,0.9723722212708695,0.9668,0.9696,0.8304,0.8365511690399259,0.8304,0.8614,0.867055146509964,0.9696,0.494,0.4923,0.4923,234,251,0,T51-DGC-0.50,0.0,in_domain_conditional,T51-DGC-0.50=0.9668;T51-DGC-0.33=0.9668;T51-DGC-0.67=1;T51-CORNKERNEL-0.50=0.9668,1,0,True,,,alpha=0.01:False;alpha=0.05:False;alpha=0.1:False,alpha=0.01:False;alpha=0.05:False;alpha=0.1:False,9668,0,0.9668,0.9668,0.9696957782503732,0.0017915847733222118,9668,0,0.9668,0.9668,0.9696957782503732,0.0017915847733222118
2,SDSRC14_MAIN9,SD-SRC14,MAIN9,"main reference nine (linear energy row, Table 5-1 verdicts in every state)",SDSRC14_MAIN9:M0,M0_nominal,method,,,,optimal,,300.0,0.0063672149553895,,,True,SD-SRC14,True,10000,0.9759,0.978369339009718,9723,1,0.9723,0.9724,0.9750422709423038,0.0016382380779361699,0.0003,0,0.9759,0.978369339009718,0.9723,0.9724,0.9750422709423038,0.9731,0.9757086761073253,0.9766,0.9790331615036981,0.9731,0.9766,0.829,0.8351716667672897,0.829,0.8693,0.8748143536120293,0.9759,0.489,0.4871,0.4875,278,296,4,T51-DGC-0.50,0.0,in_domain_conditional,T51-DGC-0.50=0.9724;T51-DGC-0.33=0.9724;T51-DGC-0.67=1;T51-CORNKERNEL-0.50=0.9724,328,4,True,,,alpha=0.01:False;alpha=0.05:False;alpha=0.1:False,alpha=0.01:False;alpha=0.05:False;alpha=0.1:False,9723,1,0.9723,0.9724,0.9750422709423038,0.0016382380779361699,9730,1,0.973,0.9731,0.9757086761073253,0.001617911925909443
2,SDSRC14_MAIN9,SD-SRC14,MAIN9,"main reference nine (linear energy row, Table 5-1 verdicts in every state)",SDSRC14_MAIN9:M0,M0_nominal,method,,,,optimal,,300.0,0.0063672149553895,,,True,SD-12MO,False,10000,,,9496,48,0.9496,0.9544,0.957783070337326,0.0020861601089082298,0.0186,48,0.9573,0.9605765657902283,0.9543,0.9543,0.957686672857363,0.9544,0.957783070337326,0.9572,0.9604803058201439,0.9543,0.9573,0.8084,0.814856541019946,0.8085,0.8475,0.8533880126801487,0.9572,0.4894,0.4926,0.4926,230,198,0,T51-DGC-0.50,0.0,in_domain_conditional,T51-DGC-0.50=0.9544;T51-DGC-0.33=0.9543;T51-DGC-0.67=1;T51-CORNKERNEL-0.50=0.9543,4,0,True,,,alpha=0.01:False;alpha=0.05:False;alpha=0.1:False,alpha=0.01:False;alpha=0.05:False;alpha=0.1:False,9543,0,0.9543,0.9543,0.957686672857363,0.0020883368981081565,9543,0,0.9543,0.9543,0.957686672857363,0.0020883368981081565
2,SDSRC14_MAIN9,SD-SRC14,MAIN9,"main reference nine (linear energy row, Table 5-1 verdicts in every state)",SDSRC14_MAIN9:M0,M0_nominal,method,,,,optimal,,300.0,0.0063672149553895,,,True,SD-SRC12,False,10000,,,9477,112,0.9477,0.9589,0.9621160365275556,0.001985215101695532,0.1101,112,0.964,0.9670137119452095,0.9587,0.9587,0.9619236748112338,0.9596,0.9627891358833365,0.9643,0.967301325320933,0.9594,0.9645,0.7991,0.8056755380859281,0.8,0.8669,0.872457812056963,0.9638,0.4938,0.4962,0.4966,445,420,4,T51-DGC-0.50,0.0,in_domain_conditional,T51-DGC-0.50=0.9589;T51-DGC-0.33=0.9587;T51-DGC-0.67=0.998;T51-CORNKERNEL-0.50=0.9587,675,4,True,,,alpha=0.01:False;alpha=0.05:False;alpha=0.1:False,alpha=0.01:False;alpha=0.05:False;alpha=0.1:False,9587,0,0.9587,0.9587,0.9619236748112338,0.0019898319024480434,9594,0,0.9594,0.9594,0.9625968484520424,0.0019736169841182453
2,SDSRC14_MAIN9,SD-SRC14,MAIN9,"main reference nine (linear energy row, Table 5-1 verdicts in every state)","SDSRC14_MAIN9:M1[relative,apply_to_dm=True]@alpha=0.05",M1_safety_margin,method,0.05,not_met,,,,300.0,,optimal;proven_infeasible,"no value of the declared grid met the validation screen (candidate statuses: optimal, proven_infeasible); a grid without a solution is not a statement about the whole decision space",False,,,,,,,,,,,,,,,,,,,,,,,,,,,,,,,,,,,,,,,,,,,,,,,,,,,,,,,,,,,
2,SDSRC14_MAIN9,SD-SRC14,MAIN9,"main reference nine (linear energy row, Table 5-1 verdicts in every state)","SDSRC14_MAIN9:M1[relative,apply_to_dm=False]@alpha=0.05",M1_safety_margin,method,0.05,not_met,,,,300.0,,optimal;proven_infeasible,"no value of the declared grid met the validation screen (candidate statuses: optimal, proven_infeasible); a grid without a solution is not a statement about the whole decision space",False,,,,,,,,,,,,,,,,,,,,,,,,,,,,,,,,,,,,,,,,,,,,,,,,,,,,,,,,,,,
2,SDSRC14_MAIN9,SD-SRC14,MAIN9,"main reference nine (linear energy row, Table 5-1 verdicts in every state)",SDSRC14_MAIN9:M2[N=128]@alpha=0.05,M2_joint_chance_saa,method,0.05,not_met,,,,300.0,,proven_infeasible,"SAA over the N training scenarios proven infeasible for every alpha_train of the declared grid (training scenarios only; not a population, field or whole-space statement)",False,,,,,,,,,,,,,,,,,,,,,,,,,,,,,,,,,,,,,,,,,,,,,,,,,,,,,,,,,,,
2,SDSRC14_MAIN9,SD-SRC14,MAIN9,"main reference nine (linear energy row, Table 5-1 verdicts in every state)",SDSRC14_MAIN9:M2[N=512]@alpha=0.05,M2_joint_chance_saa,method,0.05,not_met,,,,300.0,,proven_infeasible,"SAA over the N training scenarios proven infeasible for every alpha_train of the declared grid (training scenarios only; not a population, field or whole-space statement)",False,,,,,,,,,,,,,,,,,,,,,,,,,,,,,,,,,,,,,,,,,,,,,,,,,,,,,,,,,,,
2,SDSRC14_MAIN9,SD-SRC14,MAIN9,"main reference nine (linear energy row, Table 5-1 verdicts in every state)",SDSRC14_MAIN9:M2[N=1024]@alpha=0.05,M2_joint_chance_saa,method,0.05,not_met,,,,300.0,,proven_infeasible,"SAA over the N training scenarios proven infeasible for every alpha_train of the declared grid (training scenarios only; not a population, field or whole-space statement)",False,,,,,,,,,,,,,,,,,,,,,,,,,,,,,,,,,,,,,,,,,,,,,,,,,,,,,,,,,,,
2,SDSRC14_MAIN9,SD-SRC14,MAIN9,"main reference nine (linear energy row, Table 5-1 verdicts in every state)",SDSRC14_MAIN9:M3a[factory box]@alpha=0.05,M3a_box_robust,method,0.05,not_met,,,,300.0,,proven_infeasible,no value of the declared grid met the validation screen (candidate statuses: proven_infeasible); a grid without a solution is not a statement about the whole decision space,False,,,,,,,,,,,,,,,,,,,,,,,,,,,,,,,,,,,,,,,,,,,,,,,,,,,,,,,,,,,
2,SDSRC14_MAIN9,SD-SRC14,MAIN9,"main reference nine (linear energy row, Table 5-1 verdicts in every state)",SDSRC14_MAIN9:M3b[factory box]@alpha=0.05,M3b_budget_robust,method,0.05,not_met,,,,300.0,,optimal;proven_infeasible,"no value of the declared grid met the validation screen (candidate statuses: optimal, proven_infeasible); a grid without a solution is not a statement about the whole decision space",False,,,,,,,,,,,,,,,,,,,,,,,,,,,,,,,,,,,,,,,,,,,,,,,,,,,,,,,,,,,
2,SDSRC14_MAIN9,SD-SRC14,MAIN9,"main reference nine (linear energy row, Table 5-1 verdicts in every state)","SDSRC14_MAIN9:M1[relative,apply_to_dm=True]@alpha=0.1",M1_safety_margin,method,0.1,not_met,,,,300.0,,optimal;proven_infeasible,"no value of the declared grid met the validation screen (candidate statuses: optimal, proven_infeasible); a grid without a solution is not a statement about the whole decision space",False,,,,,,,,,,,,,,,,,,,,,,,,,,,,,,,,,,,,,,,,,,,,,,,,,,,,,,,,,,,
2,SDSRC14_MAIN9,SD-SRC14,MAIN9,"main reference nine (linear energy row, Table 5-1 verdicts in every state)","SDSRC14_MAIN9:M1[relative,apply_to_dm=False]@alpha=0.1",M1_safety_margin,method,0.1,not_met,,,,300.0,,optimal;proven_infeasible,"no value of the declared grid met the validation screen (candidate statuses: optimal, proven_infeasible); a grid without a solution is not a statement about the whole decision space",False,,,,,,,,,,,,,,,,,,,,,,,,,,,,,,,,,,,,,,,,,,,,,,,,,,,,,,,,,,,
2,SDSRC14_MAIN9,SD-SRC14,MAIN9,"main reference nine (linear energy row, Table 5-1 verdicts in every state)",SDSRC14_MAIN9:M2[N=128]@alpha=0.1,M2_joint_chance_saa,method,0.1,not_met,,,,300.0,,proven_infeasible,"SAA over the N training scenarios proven infeasible for every alpha_train of the declared grid (training scenarios only; not a population, field or whole-space statement)",False,,,,,,,,,,,,,,,,,,,,,,,,,,,,,,,,,,,,,,,,,,,,,,,,,,,,,,,,,,,
2,SDSRC14_MAIN9,SD-SRC14,MAIN9,"main reference nine (linear energy row, Table 5-1 verdicts in every state)",SDSRC14_MAIN9:M2[N=512]@alpha=0.1,M2_joint_chance_saa,method,0.1,not_met,,,,300.0,,proven_infeasible,"SAA over the N training scenarios proven infeasible for every alpha_train of the declared grid (training scenarios only; not a population, field or whole-space statement)",False,,,,,,,,,,,,,,,,,,,,,,,,,,,,,,,,,,,,,,,,,,,,,,,,,,,,,,,,,,,
2,SDSRC14_MAIN9,SD-SRC14,MAIN9,"main reference nine (linear energy row, Table 5-1 verdicts in every state)",SDSRC14_MAIN9:M2[N=1024]@alpha=0.1,M2_joint_chance_saa,method,0.1,not_met,,,,300.0,,proven_infeasible,"SAA over the N training scenarios proven infeasible for every alpha_train of the declared grid (training scenarios only; not a population, field or whole-space statement)",False,,,,,,,,,,,,,,,,,,,,,,,,,,,,,,,,,,,,,,,,,,,,,,,,,,,,,,,,,,,
2,SDSRC14_MAIN9,SD-SRC14,MAIN9,"main reference nine (linear energy row, Table 5-1 verdicts in every state)",SDSRC14_MAIN9:M3a[factory box]@alpha=0.1,M3a_box_robust,method,0.1,not_met,,,,300.0,,proven_infeasible,no value of the declared grid met the validation screen (candidate statuses: proven_infeasible); a grid without a solution is not a statement about the whole decision space,False,,,,,,,,,,,,,,,,,,,,,,,,,,,,,,,,,,,,,,,,,,,,,,,,,,,,,,,,,,,
2,SDSRC14_MAIN9,SD-SRC14,MAIN9,"main reference nine (linear energy row, Table 5-1 verdicts in every state)",SDSRC14_MAIN9:M3b[factory box]@alpha=0.1,M3b_budget_robust,method,0.1,not_met,,,,300.0,,optimal;proven_infeasible,"no value of the declared grid met the validation screen (candidate statuses: optimal, proven_infeasible); a grid without a solution is not a statement about the whole decision space",False,,,,,,,,,,,,,,,,,,,,,,,,,,,,,,,,,,,,,,,,,,,,,,,,,,,,,,,,,,,
2,SDSRC14_MAIN9,SD-SRC14,MAIN9,"main reference nine (linear energy row, Table 5-1 verdicts in every state)","SDSRC14_MAIN9:M1[relative,apply_to_dm=True]@alpha=0.01",M1_safety_margin,method,0.01,not_met,,,,300.0,,optimal;proven_infeasible,"no value of the declared grid met the validation screen (candidate statuses: optimal, proven_infeasible); a grid without a solution is not a statement about the whole decision space",False,,,,,,,,,,,,,,,,,,,,,,,,,,,,,,,,,,,,,,,,,,,,,,,,,,,,,,,,,,,
2,SDSRC14_MAIN9,SD-SRC14,MAIN9,"main reference nine (linear energy row, Table 5-1 verdicts in every state)","SDSRC14_MAIN9:M1[relative,apply_to_dm=False]@alpha=0.01",M1_safety_margin,method,0.01,not_met,,,,300.0,,optimal;proven_infeasible,"no value of the declared grid met the validation screen (candidate statuses: optimal, proven_infeasible); a grid without a solution is not a statement about the whole decision space",False,,,,,,,,,,,,,,,,,,,,,,,,,,,,,,,,,,,,,,,,,,,,,,,,,,,,,,,,,,,
2,SDSRC14_MAIN9,SD-SRC14,MAIN9,"main reference nine (linear energy row, Table 5-1 verdicts in every state)",SDSRC14_MAIN9:M2[N=128]@alpha=0.01,M2_joint_chance_saa,method,0.01,not_met,,,,300.0,,proven_infeasible,"SAA over the N training scenarios proven infeasible for every alpha_train of the declared grid (training scenarios only; not a population, field or whole-space statement)",False,,,,,,,,,,,,,,,,,,,,,,,,,,,,,,,,,,,,,,,,,,,,,,,,,,,,,,,,,,,
2,SDSRC14_MAIN9,SD-SRC14,MAIN9,"main reference nine (linear energy row, Table 5-1 verdicts in every state)",SDSRC14_MAIN9:M2[N=512]@alpha=0.01,M2_joint_chance_saa,method,0.01,not_met,,,,300.0,,proven_infeasible,"SAA over the N training scenarios proven infeasible for every alpha_train of the declared grid (training scenarios only; not a population, field or whole-space statement)",False,,,,,,,,,,,,,,,,,,,,,,,,,,,,,,,,,,,,,,,,,,,,,,,,,,,,,,,,,,,
2,SDSRC14_MAIN9,SD-SRC14,MAIN9,"main reference nine (linear energy row, Table 5-1 verdicts in every state)",SDSRC14_MAIN9:M2[N=1024]@alpha=0.01,M2_joint_chance_saa,method,0.01,not_met,,,,300.0,,proven_infeasible,"SAA over the N training scenarios proven infeasible for every alpha_train of the declared grid (training scenarios only; not a population, field or whole-space statement)",False,,,,,,,,,,,,,,,,,,,,,,,,,,,,,,,,,,,,,,,,,,,,,,,,,,,,,,,,,,,
2,SDSRC14_MAIN9,SD-SRC14,MAIN9,"main reference nine (linear energy row, Table 5-1 verdicts in every state)",SDSRC14_MAIN9:M3a[factory box]@alpha=0.01,M3a_box_robust,method,0.01,not_met,,,,300.0,,proven_infeasible,no value of the declared grid met the validation screen (candidate statuses: proven_infeasible); a grid without a solution is not a statement about the whole decision space,False,,,,,,,,,,,,,,,,,,,,,,,,,,,,,,,,,,,,,,,,,,,,,,,,,,,,,,,,,,,
2,SDSRC14_MAIN9,SD-SRC14,MAIN9,"main reference nine (linear energy row, Table 5-1 verdicts in every state)",SDSRC14_MAIN9:M3b[factory box]@alpha=0.01,M3b_budget_robust,method,0.01,not_met,,,,300.0,,optimal;proven_infeasible,"no value of the declared grid met the validation screen (candidate statuses: optimal, proven_infeasible); a grid without a solution is not a statement about the whole decision space",False,,,,,,,,,,,,,,,,,,,,,,,,,,,,,,,,,,,,,,,,,,,,,,,,,,,,,,,,,,,
2,SDSRC14_MAIN9,SD-SRC14,MAIN9,"main reference nine (linear energy row, Table 5-1 verdicts in every state)","SDSRC14_MAIN9:DIAG-frontier:M2[N=128,alpha_train=m*/N=64/128]",M2_joint_chance_saa,diagnostic_frontier,,,,optimal,9.894327043426167e-05,300.0,55.024471551179886,,,True,SD-H0,False,10000,,,5436,2985,0.5436,0.8421,0.8480737532221448,0.0036464721307038674,0.4589,2982,0.8629,0.8685289063281176,0.7181,0.7184,0.7258005406365217,0.8908,0.8958955352930817,0.8003,0.8068605005837379,0.7899,0.8999,0.519,0.5272634655827159,0.6767,0.621,0.629003028195579,0.743,0.4602,0.4392,0.4396,128,337,4,T51-DGC-0.50,0.0,in_domain_conditional,T51-DGC-0.50=0.8421;T51-DGC-0.33=0.7184;T51-DGC-0.67=0.9985;T51-CORNKERNEL-0.50=0.7184,4141,4,True,,,,,7181,3,0.7181,0.7184,0.7258005406365217,0.004497793236688409,7897,2,0.7897,0.7899,0.7965878115541114,0.00407379417742232
2,SDSRC14_MAIN9,SD-SRC14,MAIN9,"main reference nine (linear energy row, Table 5-1 verdicts in every state)","SDSRC14_MAIN9:DIAG-frontier:M2[N=128,alpha_train=m*/N=64/128]",M2_joint_chance_saa,diagnostic_frontier,,,,optimal,9.894327043426167e-05,300.0,55.024471551179886,,,True,SD-S2,False,10000,,,2858,3630,0.2858,0.6488,0.6566688824472765,0.004773453257338967,0.4158,3630,0.7143,0.7217337874029244,0.3052,0.3052,0.31286575115733845,0.7865,0.7932279874428808,0.5879,0.5960265064333061,0.5461,0.8177,0.0311,0.03410848623832179,0.4227,0.531,0.5392510014107472,0.3914,0.3676,0.2813,0.2813,7,870,0,T51-DGC-0.50,0.0,in_domain_conditional,T51-DGC-0.50=0.6488;T51-DGC-0.33=0.3052;T51-DGC-0.67=1;T51-CORNKERNEL-0.50=0.3052,1753,0,True,,,,,3052,0,0.3052,0.3052,0.31286575115733845,0.004604920846225264,5461,0,0.5461,0.5461,0.5543285446965146,0.004978702541827539
2,SDSRC14_MAIN9,SD-SRC14,MAIN9,"main reference nine (linear energy row, Table 5-1 verdicts in every state)","SDSRC14_MAIN9:DIAG-frontier:M2[N=128,alpha_train=m*/N=64/128]",M2_joint_chance_saa,diagnostic_frontier,,,,optimal,9.894327043426167e-05,300.0,55.024471551179886,,,True,SD-SRC14,True,10000,0.5254,0.533657409694934,4326,2893,0.4326,0.7219,0.7292715585963596,0.004480629308478888,0.43,2889,0.7623,0.7692946470546664,0.4553,0.4557,0.46395069729260335,0.8422,0.8481721882352091,0.722,0.7293707223407678,0.6868,0.8626,0.1371,0.1428857256192874,0.5106,0.6289,0.6368677944478289,0.5254,0.3855,0.3047,0.3051,47,854,4,T51-DGC-0.50,0.0,in_domain_conditional,T51-DGC-0.50=0.7219;T51-DGC-0.33=0.4557;T51-DGC-0.67=1;T51-CORNKERNEL-0.50=0.4557,3703,4,True,,,,,4553,4,0.4553,0.4557,0.46395069729260335,0.004980336434418864,6866,2,0.6866,0.6868,0.6944378496117793,0.00463794954694421
2,SDSRC14_MAIN9,SD-SRC14,MAIN9,"main reference nine (linear energy row, Table 5-1 verdicts in every state)","SDSRC14_MAIN9:DIAG-frontier:M2[N=128,alpha_train=m*/N=64/128]",M2_joint_chance_saa,diagnostic_frontier,,,,optimal,9.894327043426167e-05,300.0,55.024471551179886,,,True,SD-12MO,False,10000,,,3884,3562,0.3884,0.7446,0.751769689949469,0.004360858172424322,0.45,3562,0.786,0.7927338371039377,0.5036,0.5036,0.511872507307363,0.8304,0.8365511690399259,0.6569,0.6647243659930532,0.6345,0.8483,0.2172,0.22409290618055,0.4972,0.5392,0.5474397453788775,0.5534,0.427,0.381,0.381,55,515,0,T51-DGC-0.50,0.0,in_domain_conditional,T51-DGC-0.50=0.7446;T51-DGC-0.33=0.5036;T51-DGC-0.67=1;T51-CORNKERNEL-0.50=0.5036,1756,0,True,,,,,5036,0,0.5036,0.5036,0.511872507307363,0.00499987039832034,6345,0,0.6345,0.6345,0.6424414418151145,0.004815700883568248
2,SDSRC14_MAIN9,SD-SRC14,MAIN9,"main reference nine (linear energy row, Table 5-1 verdicts in every state)","SDSRC14_MAIN9:DIAG-frontier:M2[N=128,alpha_train=m*/N=64/128]",M2_joint_chance_saa,diagnostic_frontier,,,,optimal,9.894327043426167e-05,300.0,55.024471551179886,,,True,SD-SRC12,False,10000,,,4832,2614,0.4832,0.7446,0.751769689949469,0.004360858172424322,0.4681,2611,0.7893,0.7959949521543097,0.6336,0.6339,0.6418443203395745,0.8472,0.8530928427360033,0.7928,0.799452988727679,0.7724,0.865,0.3976,0.40572125976229406,0.5518,0.6424,0.6503022998053598,0.6846,0.4317,0.3893,0.3897,205,628,4,T51-DGC-0.50,0.0,in_domain_conditional,T51-DGC-0.50=0.7446;T51-DGC-0.33=0.6339;T51-DGC-0.67=0.9972;T51-CORNKERNEL-0.50=0.6339,3922,4,True,,,,,6336,3,0.6336,0.6339,0.6418443203395745,0.004817372624159356,7722,2,0.7722,0.7724,0.7792873550105577,0.004192830070489383
2,SDSRC14_MAIN9,SD-SRC14,MAIN9,"main reference nine (linear energy row, Table 5-1 verdicts in every state)","SDSRC14_MAIN9:DIAG-frontier:M2[N=512,alpha_train=m*/N=256/512]",M2_joint_chance_saa,diagnostic_frontier,,,,no_feasible_solution_found,,300.0,300.5399274392985,,solver status no_feasible_solution_found; not a statement about the whole decision space,False,,,,,,,,,,,,,,,,,,,,,,,,,,,,,,,,,,,,,,,,,,,,,,,,,,,,,,,,,,,
2,SDSRC14_MAIN9,SD-SRC14,MAIN9,"main reference nine (linear energy row, Table 5-1 verdicts in every state)","SDSRC14_MAIN9:DIAG-frontier:M2[N=1024,alpha_train=m*/N=533/1024]",M2_joint_chance_saa,diagnostic_frontier,,,,no_feasible_solution_found,,300.0,301.2407202748582,,solver status no_feasible_solution_found; not a statement about the whole decision space,False,,,,,,,,,,,,,,,,,,,,,,,,,,,,,,,,,,,,,,,,,,,,,,,,,,,,,,,,,,,
2,SD12MO_MAIN9,SD-12MO,MAIN9,"main reference nine (linear energy row, Table 5-1 verdicts in every state)",SD12MO_MAIN9:M0,M0_nominal,method,,,,optimal,,300.0,0.009870342910289764,,,True,SD-H0,False,10000,,,9264,329,0.9264,0.9593,0.962500696697616,0.001975943065981405,0.1501,329,0.9627,0.9657667339269032,0.9563,0.9563,0.9596137447540961,0.96,0.9631736458993186,0.96,0.9631736458993186,0.957,0.963,0.8194,0.8257082292931447,0.8263,0.8515,0.857322843074205,0.9597,0.4922,0.4931,0.4935,222,211,4,T51-DGC-0.50,0.0,in_domain_conditional,T51-DGC-0.50=0.9593;T51-DGC-0.33=0.9563;T51-DGC-0.67=0.9986;T51-CORNKERNEL-0.50=0.9563,986,4,True,,,alpha=0.01:False;alpha=0.05:False;alpha=0.1:False,alpha=0.01:False;alpha=0.05:False;alpha=0.1:False,9563,0,0.9563,0.9563,0.9596137447540961,0.00204426783959441,9570,0,0.957,0.957,0.9602877710095901,0.0020285709255532585
2,SD12MO_MAIN9,SD-12MO,MAIN9,"main reference nine (linear energy row, Table 5-1 verdicts in every state)",SD12MO_MAIN9:M0,M0_nominal,method,,,,optimal,,300.0,0.009870342910289764,,,True,SD-S2,False,10000,,,9668,0,0.9668,0.9668,0.9696957782503732,0.0017915847733222118,0.0001,0,0.9696,0.9723722212708695,0.9668,0.9668,0.9696957782503732,0.9668,0.9696957782503732,0.9696,0.9723722212708695,0.9668,0.9696,0.8304,0.8365511690399259,0.8304,0.8614,0.867055146509964,0.9696,0.494,0.4923,0.4923,234,251,0,T51-DGC-0.50,0.0,in_domain_conditional,T51-DGC-0.50=0.9668;T51-DGC-0.33=0.9668;T51-DGC-0.67=1;T51-CORNKERNEL-0.50=0.9668,1,0,True,,,alpha=0.01:False;alpha=0.05:False;alpha=0.1:False,alpha=0.01:False;alpha=0.05:False;alpha=0.1:False,9668,0,0.9668,0.9668,0.9696957782503732,0.0017915847733222118,9668,0,0.9668,0.9668,0.9696957782503732,0.0017915847733222118
2,SD12MO_MAIN9,SD-12MO,MAIN9,"main reference nine (linear energy row, Table 5-1 verdicts in every state)",SD12MO_MAIN9:M0,M0_nominal,method,,,,optimal,,300.0,0.009870342910289764,,,True,SD-SRC14,False,10000,,,9723,1,0.9723,0.9724,0.9750422709423038,0.0016382380779361699,0.0003,0,0.9759,0.978369339009718,0.9723,0.9724,0.9750422709423038,0.9731,0.9757086761073253,0.9766,0.9790331615036981,0.9731,0.9766,0.829,0.8351716667672897,0.829,0.8693,0.8748143536120293,0.9759,0.489,0.4871,0.4875,278,296,4,T51-DGC-0.50,0.0,in_domain_conditional,T51-DGC-0.50=0.9724;T51-DGC-0.33=0.9724;T51-DGC-0.67=1;T51-CORNKERNEL-0.50=0.9724,328,4,True,,,alpha=0.01:False;alpha=0.05:False;alpha=0.1:False,alpha=0.01:False;alpha=0.05:False;alpha=0.1:False,9723,1,0.9723,0.9724,0.9750422709423038,0.0016382380779361699,9730,1,0.973,0.9731,0.9757086761073253,0.001617911925909443
2,SD12MO_MAIN9,SD-12MO,MAIN9,"main reference nine (linear energy row, Table 5-1 verdicts in every state)",SD12MO_MAIN9:M0,M0_nominal,method,,,,optimal,,300.0,0.009870342910289764,,,True,SD-12MO,True,10000,0.9572,0.9604803058201439,9496,48,0.9496,0.9544,0.957783070337326,0.0020861601089082298,0.0186,48,0.9573,0.9605765657902283,0.9543,0.9543,0.957686672857363,0.9544,0.957783070337326,0.9572,0.9604803058201439,0.9543,0.9573,0.8084,0.814856541019946,0.8085,0.8475,0.8533880126801487,0.9572,0.4894,0.4926,0.4926,230,198,0,T51-DGC-0.50,0.0,in_domain_conditional,T51-DGC-0.50=0.9544;T51-DGC-0.33=0.9543;T51-DGC-0.67=1;T51-CORNKERNEL-0.50=0.9543,4,0,True,,,alpha=0.01:False;alpha=0.05:False;alpha=0.1:False,alpha=0.01:False;alpha=0.05:False;alpha=0.1:False,9543,0,0.9543,0.9543,0.957686672857363,0.0020883368981081565,9543,0,0.9543,0.9543,0.957686672857363,0.0020883368981081565
2,SD12MO_MAIN9,SD-12MO,MAIN9,"main reference nine (linear energy row, Table 5-1 verdicts in every state)",SD12MO_MAIN9:M0,M0_nominal,method,,,,optimal,,300.0,0.009870342910289764,,,True,SD-SRC12,False,10000,,,9477,112,0.9477,0.9589,0.9621160365275556,0.001985215101695532,0.1101,112,0.964,0.9670137119452095,0.9587,0.9587,0.9619236748112338,0.9596,0.9627891358833365,0.9643,0.967301325320933,0.9594,0.9645,0.7991,0.8056755380859281,0.8,0.8669,0.872457812056963,0.9638,0.4938,0.4962,0.4966,445,420,4,T51-DGC-0.50,0.0,in_domain_conditional,T51-DGC-0.50=0.9589;T51-DGC-0.33=0.9587;T51-DGC-0.67=0.998;T51-CORNKERNEL-0.50=0.9587,675,4,True,,,alpha=0.01:False;alpha=0.05:False;alpha=0.1:False,alpha=0.01:False;alpha=0.05:False;alpha=0.1:False,9587,0,0.9587,0.9587,0.9619236748112338,0.0019898319024480434,9594,0,0.9594,0.9594,0.9625968484520424,0.0019736169841182453
2,SD12MO_MAIN9,SD-12MO,MAIN9,"main reference nine (linear energy row, Table 5-1 verdicts in every state)","SD12MO_MAIN9:M1[relative,apply_to_dm=True]@alpha=0.05",M1_safety_margin,method,0.05,not_met,,,,300.0,,optimal;proven_infeasible,"no value of the declared grid met the validation screen (candidate statuses: optimal, proven_infeasible); a grid without a solution is not a statement about the whole decision space",False,,,,,,,,,,,,,,,,,,,,,,,,,,,,,,,,,,,,,,,,,,,,,,,,,,,,,,,,,,,
2,SD12MO_MAIN9,SD-12MO,MAIN9,"main reference nine (linear energy row, Table 5-1 verdicts in every state)","SD12MO_MAIN9:M1[relative,apply_to_dm=False]@alpha=0.05",M1_safety_margin,method,0.05,not_met,,,,300.0,,optimal;proven_infeasible,"no value of the declared grid met the validation screen (candidate statuses: optimal, proven_infeasible); a grid without a solution is not a statement about the whole decision space",False,,,,,,,,,,,,,,,,,,,,,,,,,,,,,,,,,,,,,,,,,,,,,,,,,,,,,,,,,,,
2,SD12MO_MAIN9,SD-12MO,MAIN9,"main reference nine (linear energy row, Table 5-1 verdicts in every state)",SD12MO_MAIN9:M2[N=128]@alpha=0.05,M2_joint_chance_saa,method,0.05,not_met,,,,300.0,,proven_infeasible,"SAA over the N training scenarios proven infeasible for every alpha_train of the declared grid (training scenarios only; not a population, field or whole-space statement)",False,,,,,,,,,,,,,,,,,,,,,,,,,,,,,,,,,,,,,,,,,,,,,,,,,,,,,,,,,,,
2,SD12MO_MAIN9,SD-12MO,MAIN9,"main reference nine (linear energy row, Table 5-1 verdicts in every state)",SD12MO_MAIN9:M2[N=512]@alpha=0.05,M2_joint_chance_saa,method,0.05,not_met,,,,300.0,,proven_infeasible,"SAA over the N training scenarios proven infeasible for every alpha_train of the declared grid (training scenarios only; not a population, field or whole-space statement)",False,,,,,,,,,,,,,,,,,,,,,,,,,,,,,,,,,,,,,,,,,,,,,,,,,,,,,,,,,,,
2,SD12MO_MAIN9,SD-12MO,MAIN9,"main reference nine (linear energy row, Table 5-1 verdicts in every state)",SD12MO_MAIN9:M2[N=1024]@alpha=0.05,M2_joint_chance_saa,method,0.05,not_met,,,,300.0,,proven_infeasible,"SAA over the N training scenarios proven infeasible for every alpha_train of the declared grid (training scenarios only; not a population, field or whole-space statement)",False,,,,,,,,,,,,,,,,,,,,,,,,,,,,,,,,,,,,,,,,,,,,,,,,,,,,,,,,,,,
2,SD12MO_MAIN9,SD-12MO,MAIN9,"main reference nine (linear energy row, Table 5-1 verdicts in every state)",SD12MO_MAIN9:M3a[factory box]@alpha=0.05,M3a_box_robust,method,0.05,not_met,,,,300.0,,proven_infeasible,no value of the declared grid met the validation screen (candidate statuses: proven_infeasible); a grid without a solution is not a statement about the whole decision space,False,,,,,,,,,,,,,,,,,,,,,,,,,,,,,,,,,,,,,,,,,,,,,,,,,,,,,,,,,,,
2,SD12MO_MAIN9,SD-12MO,MAIN9,"main reference nine (linear energy row, Table 5-1 verdicts in every state)",SD12MO_MAIN9:M3b[factory box]@alpha=0.05,M3b_budget_robust,method,0.05,not_met,,,,300.0,,optimal;proven_infeasible,"no value of the declared grid met the validation screen (candidate statuses: optimal, proven_infeasible); a grid without a solution is not a statement about the whole decision space",False,,,,,,,,,,,,,,,,,,,,,,,,,,,,,,,,,,,,,,,,,,,,,,,,,,,,,,,,,,,
2,SD12MO_MAIN9,SD-12MO,MAIN9,"main reference nine (linear energy row, Table 5-1 verdicts in every state)","SD12MO_MAIN9:M1[relative,apply_to_dm=True]@alpha=0.1",M1_safety_margin,method,0.1,not_met,,,,300.0,,optimal;proven_infeasible,"no value of the declared grid met the validation screen (candidate statuses: optimal, proven_infeasible); a grid without a solution is not a statement about the whole decision space",False,,,,,,,,,,,,,,,,,,,,,,,,,,,,,,,,,,,,,,,,,,,,,,,,,,,,,,,,,,,
2,SD12MO_MAIN9,SD-12MO,MAIN9,"main reference nine (linear energy row, Table 5-1 verdicts in every state)","SD12MO_MAIN9:M1[relative,apply_to_dm=False]@alpha=0.1",M1_safety_margin,method,0.1,not_met,,,,300.0,,optimal;proven_infeasible,"no value of the declared grid met the validation screen (candidate statuses: optimal, proven_infeasible); a grid without a solution is not a statement about the whole decision space",False,,,,,,,,,,,,,,,,,,,,,,,,,,,,,,,,,,,,,,,,,,,,,,,,,,,,,,,,,,,
2,SD12MO_MAIN9,SD-12MO,MAIN9,"main reference nine (linear energy row, Table 5-1 verdicts in every state)",SD12MO_MAIN9:M2[N=128]@alpha=0.1,M2_joint_chance_saa,method,0.1,not_met,,,,300.0,,proven_infeasible,"SAA over the N training scenarios proven infeasible for every alpha_train of the declared grid (training scenarios only; not a population, field or whole-space statement)",False,,,,,,,,,,,,,,,,,,,,,,,,,,,,,,,,,,,,,,,,,,,,,,,,,,,,,,,,,,,
2,SD12MO_MAIN9,SD-12MO,MAIN9,"main reference nine (linear energy row, Table 5-1 verdicts in every state)",SD12MO_MAIN9:M2[N=512]@alpha=0.1,M2_joint_chance_saa,method,0.1,not_met,,,,300.0,,proven_infeasible,"SAA over the N training scenarios proven infeasible for every alpha_train of the declared grid (training scenarios only; not a population, field or whole-space statement)",False,,,,,,,,,,,,,,,,,,,,,,,,,,,,,,,,,,,,,,,,,,,,,,,,,,,,,,,,,,,
2,SD12MO_MAIN9,SD-12MO,MAIN9,"main reference nine (linear energy row, Table 5-1 verdicts in every state)",SD12MO_MAIN9:M2[N=1024]@alpha=0.1,M2_joint_chance_saa,method,0.1,not_met,,,,300.0,,proven_infeasible,"SAA over the N training scenarios proven infeasible for every alpha_train of the declared grid (training scenarios only; not a population, field or whole-space statement)",False,,,,,,,,,,,,,,,,,,,,,,,,,,,,,,,,,,,,,,,,,,,,,,,,,,,,,,,,,,,
2,SD12MO_MAIN9,SD-12MO,MAIN9,"main reference nine (linear energy row, Table 5-1 verdicts in every state)",SD12MO_MAIN9:M3a[factory box]@alpha=0.1,M3a_box_robust,method,0.1,not_met,,,,300.0,,proven_infeasible,no value of the declared grid met the validation screen (candidate statuses: proven_infeasible); a grid without a solution is not a statement about the whole decision space,False,,,,,,,,,,,,,,,,,,,,,,,,,,,,,,,,,,,,,,,,,,,,,,,,,,,,,,,,,,,
2,SD12MO_MAIN9,SD-12MO,MAIN9,"main reference nine (linear energy row, Table 5-1 verdicts in every state)",SD12MO_MAIN9:M3b[factory box]@alpha=0.1,M3b_budget_robust,method,0.1,not_met,,,,300.0,,optimal;proven_infeasible,"no value of the declared grid met the validation screen (candidate statuses: optimal, proven_infeasible); a grid without a solution is not a statement about the whole decision space",False,,,,,,,,,,,,,,,,,,,,,,,,,,,,,,,,,,,,,,,,,,,,,,,,,,,,,,,,,,,
2,SD12MO_MAIN9,SD-12MO,MAIN9,"main reference nine (linear energy row, Table 5-1 verdicts in every state)","SD12MO_MAIN9:M1[relative,apply_to_dm=True]@alpha=0.01",M1_safety_margin,method,0.01,not_met,,,,300.0,,optimal;proven_infeasible,"no value of the declared grid met the validation screen (candidate statuses: optimal, proven_infeasible); a grid without a solution is not a statement about the whole decision space",False,,,,,,,,,,,,,,,,,,,,,,,,,,,,,,,,,,,,,,,,,,,,,,,,,,,,,,,,,,,
2,SD12MO_MAIN9,SD-12MO,MAIN9,"main reference nine (linear energy row, Table 5-1 verdicts in every state)","SD12MO_MAIN9:M1[relative,apply_to_dm=False]@alpha=0.01",M1_safety_margin,method,0.01,not_met,,,,300.0,,optimal;proven_infeasible,"no value of the declared grid met the validation screen (candidate statuses: optimal, proven_infeasible); a grid without a solution is not a statement about the whole decision space",False,,,,,,,,,,,,,,,,,,,,,,,,,,,,,,,,,,,,,,,,,,,,,,,,,,,,,,,,,,,
2,SD12MO_MAIN9,SD-12MO,MAIN9,"main reference nine (linear energy row, Table 5-1 verdicts in every state)",SD12MO_MAIN9:M2[N=128]@alpha=0.01,M2_joint_chance_saa,method,0.01,not_met,,,,300.0,,proven_infeasible,"SAA over the N training scenarios proven infeasible for every alpha_train of the declared grid (training scenarios only; not a population, field or whole-space statement)",False,,,,,,,,,,,,,,,,,,,,,,,,,,,,,,,,,,,,,,,,,,,,,,,,,,,,,,,,,,,
2,SD12MO_MAIN9,SD-12MO,MAIN9,"main reference nine (linear energy row, Table 5-1 verdicts in every state)",SD12MO_MAIN9:M2[N=512]@alpha=0.01,M2_joint_chance_saa,method,0.01,not_met,,,,300.0,,proven_infeasible,"SAA over the N training scenarios proven infeasible for every alpha_train of the declared grid (training scenarios only; not a population, field or whole-space statement)",False,,,,,,,,,,,,,,,,,,,,,,,,,,,,,,,,,,,,,,,,,,,,,,,,,,,,,,,,,,,
2,SD12MO_MAIN9,SD-12MO,MAIN9,"main reference nine (linear energy row, Table 5-1 verdicts in every state)",SD12MO_MAIN9:M2[N=1024]@alpha=0.01,M2_joint_chance_saa,method,0.01,not_met,,,,300.0,,proven_infeasible,"SAA over the N training scenarios proven infeasible for every alpha_train of the declared grid (training scenarios only; not a population, field or whole-space statement)",False,,,,,,,,,,,,,,,,,,,,,,,,,,,,,,,,,,,,,,,,,,,,,,,,,,,,,,,,,,,
2,SD12MO_MAIN9,SD-12MO,MAIN9,"main reference nine (linear energy row, Table 5-1 verdicts in every state)",SD12MO_MAIN9:M3a[factory box]@alpha=0.01,M3a_box_robust,method,0.01,not_met,,,,300.0,,proven_infeasible,no value of the declared grid met the validation screen (candidate statuses: proven_infeasible); a grid without a solution is not a statement about the whole decision space,False,,,,,,,,,,,,,,,,,,,,,,,,,,,,,,,,,,,,,,,,,,,,,,,,,,,,,,,,,,,
2,SD12MO_MAIN9,SD-12MO,MAIN9,"main reference nine (linear energy row, Table 5-1 verdicts in every state)",SD12MO_MAIN9:M3b[factory box]@alpha=0.01,M3b_budget_robust,method,0.01,not_met,,,,300.0,,optimal;proven_infeasible,"no value of the declared grid met the validation screen (candidate statuses: optimal, proven_infeasible); a grid without a solution is not a statement about the whole decision space",False,,,,,,,,,,,,,,,,,,,,,,,,,,,,,,,,,,,,,,,,,,,,,,,,,,,,,,,,,,,
2,SD12MO_MAIN9,SD-12MO,MAIN9,"main reference nine (linear energy row, Table 5-1 verdicts in every state)","SD12MO_MAIN9:DIAG-frontier:M2[N=128,alpha_train=m*/N=68/128]",M2_joint_chance_saa,diagnostic_frontier,,,,optimal,9.312653111055215e-05,300.0,11.40396590763703,,,True,SD-H0,False,10000,,,5761,2847,0.5761,0.8608,0.8664655796054677,0.0034615510974128345,0.4778,2845,0.882,0.8872737213930392,0.7223,0.7225,0.7298665342008623,0.9005,0.905386894318805,0.8005,0.807057985339784,0.7872,0.9113,0.4883,0.49657376335083336,0.6844,0.6401,0.648013934581414,0.7493,0.4693,0.4406,0.441,106,391,4,T51-DGC-0.50,0.0,in_domain_conditional,T51-DGC-0.50=0.8608;T51-DGC-0.33=0.7225;T51-DGC-0.67=0.9986;T51-CORNKERNEL-0.50=0.7225,4141,4,True,,,,,7223,2,0.7223,0.7225,0.7298665342008623,0.004477652844962414,7871,1,0.7871,0.7872,0.7939197728093813,0.0040928738069967415
2,SD12MO_MAIN9,SD-12MO,MAIN9,"main reference nine (linear energy row, Table 5-1 verdicts in every state)","SD12MO_MAIN9:DIAG-frontier:M2[N=128,alpha_train=m*/N=68/128]",M2_joint_chance_saa,diagnostic_frontier,,,,optimal,9.312653111055215e-05,300.0,11.40396590763703,,,True,SD-S2,False,10000,,,2905,4229,0.2905,0.7134,0.7208409847795707,0.004521730199823957,0.498,4229,0.7862,0.7929314990298864,0.2957,0.2957,0.30329979570165144,0.8095,0.8159420863469683,0.5636,0.5717930085416976,0.4985,0.8503,0.0111,0.01298337699725686,0.5018,0.4939,0.5021741971019397,0.4115,0.4017,0.2849,0.2849,2,1170,0,T51-DGC-0.50,0.0,in_domain_conditional,T51-DGC-0.50=0.7134;T51-DGC-0.33=0.2957;T51-DGC-0.67=1;T51-CORNKERNEL-0.50=0.2957,1753,0,True,,,,,2957,0,0.2957,0.2957,0.30329979570165144,0.0045635677928568125,4985,0,0.4985,0.4985,0.5067737815755227,0.004999977499949375
2,SD12MO_MAIN9,SD-12MO,MAIN9,"main reference nine (linear energy row, Table 5-1 verdicts in every state)","SD12MO_MAIN9:DIAG-frontier:M2[N=128,alpha_train=m*/N=68/128]",M2_joint_chance_saa,diagnostic_frontier,,,,optimal,9.312653111055215e-05,300.0,11.40396590763703,,,True,SD-SRC14,False,10000,,,4734,2996,0.4734,0.773,0.779880804712507,0.004188925876641887,0.4967,2993,0.8168,0.8231440513404038,0.4829,0.4832,0.49147247017161905,0.8671,0.8726542137969069,0.7299,0.7372032004857526,0.6861,0.8901,0.0952,0.10016514751608992,0.5489,0.644,0.6518940895871936,0.5664,0.4152,0.3073,0.3077,21,1099,4,T51-DGC-0.50,0.0,in_domain_conditional,T51-DGC-0.50=0.773;T51-DGC-0.33=0.4832;T51-DGC-0.67=1;T51-CORNKERNEL-0.50=0.4832,3703,4,True,,,,,4829,3,0.4829,0.4832,0.49147247017161905,0.004997176802955845,6859,2,0.6859,0.6861,0.6937426269984805,0.004640762760581497
2,SD12MO_MAIN9,SD-12MO,MAIN9,"main reference nine (linear energy row, Table 5-1 verdicts in every state)","SD12MO_MAIN9:DIAG-frontier:M2[N=128,alpha_train=m*/N=68/128]",M2_joint_chance_saa,diagnostic_frontier,,,,optimal,9.312653111055215e-05,300.0,11.40396590763703,,,True,SD-12MO,True,10000,0.5255,0.5337573043470363,3897,3802,0.3897,0.7699,0.7768144323768631,0.004208966500223065,0.4891,3802,0.8166,0.8229467868889044,0.4621,0.4621,0.47035800022618857,0.8367,0.8427570198423247,0.6098,0.6178491342922618,0.5762,0.8606,0.1506,0.1566081583787444,0.5249,0.5143,0.5225670529129489,0.5255,0.4451,0.3826,0.3826,20,645,0,T51-DGC-0.50,0.0,in_domain_conditional,T51-DGC-0.50=0.7699;T51-DGC-0.33=0.4621;T51-DGC-0.67=1;T51-CORNKERNEL-0.50=0.4621,1756,0,True,,,,,4621,0,0.4621,0.4621,0.47035800022618857,0.004985615207775265,5762,0,0.5762,0.5762,0.584361037142012,0.0049415944795177195
2,SD12MO_MAIN9,SD-12MO,MAIN9,"main reference nine (linear energy row, Table 5-1 verdicts in every state)","SD12MO_MAIN9:DIAG-frontier:M2[N=128,alpha_train=m*/N=68/128]",M2_joint_chance_saa,diagnostic_frontier,,,,optimal,9.312653111055215e-05,300.0,11.40396590763703,,,True,SD-SRC12,False,10000,,,5265,2462,0.5265,0.7727,0.779584082375448,0.004190879501966144,0.4867,2460,0.8191,0.825412387373128,0.6433,0.6435,0.6513966655670271,0.8569,0.8626325331849373,0.7932,0.7998481449953619,0.7673,0.8781,0.3553,0.3632528025389562,0.5612,0.6576,0.665420401133886,0.6994,0.4488,0.3895,0.3899,160,752,4,T51-DGC-0.50,0.0,in_domain_conditional,T51-DGC-0.50=0.7727;T51-DGC-0.33=0.6435;T51-DGC-0.67=0.9977;T51-CORNKERNEL-0.50=0.6435,3922,4,True,,,,,6433,2,0.6433,0.6435,0.6513966655670271,0.004789652910180444,7672,1,0.7672,0.7673,0.7742422272551571,0.004225526121088355
2,SD12MO_MAIN9,SD-12MO,MAIN9,"main reference nine (linear energy row, Table 5-1 verdicts in every state)","SD12MO_MAIN9:DIAG-frontier:M2[N=512,alpha_train=m*/N=267/512]",M2_joint_chance_saa,diagnostic_frontier,,,,no_feasible_solution_found,,300.0,300.5140019604005,,solver status no_feasible_solution_found; not a statement about the whole decision space,False,,,,,,,,,,,,,,,,,,,,,,,,,,,,,,,,,,,,,,,,,,,,,,,,,,,,,,,,,,,
2,SD12MO_MAIN9,SD-12MO,MAIN9,"main reference nine (linear energy row, Table 5-1 verdicts in every state)","SD12MO_MAIN9:DIAG-frontier:M2[N=1024,alpha_train=m*/N=563/1024]",M2_joint_chance_saa,diagnostic_frontier,,,,no_feasible_solution_found,,300.0,301.4817918818444,,solver status no_feasible_solution_found; not a statement about the whole decision space,False,,,,,,,,,,,,,,,,,,,,,,,,,,,,,,,,,,,,,,,,,,,,,,,,,,,,,,,,,,,
2,SDSRC12_MAIN9,SD-SRC12,MAIN9,"main reference nine (linear energy row, Table 5-1 verdicts in every state)",SDSRC12_MAIN9:M0,M0_nominal,method,,,,optimal,,300.0,0.012533357366919518,,,True,SD-H0,False,10000,,,9264,329,0.9264,0.9593,0.962500696697616,0.001975943065981405,0.1501,329,0.9627,0.9657667339269032,0.9563,0.9563,0.9596137447540961,0.96,0.9631736458993186,0.96,0.9631736458993186,0.957,0.963,0.8194,0.8257082292931447,0.8263,0.8515,0.857322843074205,0.9597,0.4922,0.4931,0.4935,222,211,4,T51-DGC-0.50,0.0,in_domain_conditional,T51-DGC-0.50=0.9593;T51-DGC-0.33=0.9563;T51-DGC-0.67=0.9986;T51-CORNKERNEL-0.50=0.9563,986,4,True,,,alpha=0.01:False;alpha=0.05:False;alpha=0.1:False,alpha=0.01:False;alpha=0.05:False;alpha=0.1:False,9563,0,0.9563,0.9563,0.9596137447540961,0.00204426783959441,9570,0,0.957,0.957,0.9602877710095901,0.0020285709255532585
2,SDSRC12_MAIN9,SD-SRC12,MAIN9,"main reference nine (linear energy row, Table 5-1 verdicts in every state)",SDSRC12_MAIN9:M0,M0_nominal,method,,,,optimal,,300.0,0.012533357366919518,,,True,SD-S2,False,10000,,,9668,0,0.9668,0.9668,0.9696957782503732,0.0017915847733222118,0.0001,0,0.9696,0.9723722212708695,0.9668,0.9668,0.9696957782503732,0.9668,0.9696957782503732,0.9696,0.9723722212708695,0.9668,0.9696,0.8304,0.8365511690399259,0.8304,0.8614,0.867055146509964,0.9696,0.494,0.4923,0.4923,234,251,0,T51-DGC-0.50,0.0,in_domain_conditional,T51-DGC-0.50=0.9668;T51-DGC-0.33=0.9668;T51-DGC-0.67=1;T51-CORNKERNEL-0.50=0.9668,1,0,True,,,alpha=0.01:False;alpha=0.05:False;alpha=0.1:False,alpha=0.01:False;alpha=0.05:False;alpha=0.1:False,9668,0,0.9668,0.9668,0.9696957782503732,0.0017915847733222118,9668,0,0.9668,0.9668,0.9696957782503732,0.0017915847733222118
2,SDSRC12_MAIN9,SD-SRC12,MAIN9,"main reference nine (linear energy row, Table 5-1 verdicts in every state)",SDSRC12_MAIN9:M0,M0_nominal,method,,,,optimal,,300.0,0.012533357366919518,,,True,SD-SRC14,False,10000,,,9723,1,0.9723,0.9724,0.9750422709423038,0.0016382380779361699,0.0003,0,0.9759,0.978369339009718,0.9723,0.9724,0.9750422709423038,0.9731,0.9757086761073253,0.9766,0.9790331615036981,0.9731,0.9766,0.829,0.8351716667672897,0.829,0.8693,0.8748143536120293,0.9759,0.489,0.4871,0.4875,278,296,4,T51-DGC-0.50,0.0,in_domain_conditional,T51-DGC-0.50=0.9724;T51-DGC-0.33=0.9724;T51-DGC-0.67=1;T51-CORNKERNEL-0.50=0.9724,328,4,True,,,alpha=0.01:False;alpha=0.05:False;alpha=0.1:False,alpha=0.01:False;alpha=0.05:False;alpha=0.1:False,9723,1,0.9723,0.9724,0.9750422709423038,0.0016382380779361699,9730,1,0.973,0.9731,0.9757086761073253,0.001617911925909443
2,SDSRC12_MAIN9,SD-SRC12,MAIN9,"main reference nine (linear energy row, Table 5-1 verdicts in every state)",SDSRC12_MAIN9:M0,M0_nominal,method,,,,optimal,,300.0,0.012533357366919518,,,True,SD-12MO,False,10000,,,9496,48,0.9496,0.9544,0.957783070337326,0.0020861601089082298,0.0186,48,0.9573,0.9605765657902283,0.9543,0.9543,0.957686672857363,0.9544,0.957783070337326,0.9572,0.9604803058201439,0.9543,0.9573,0.8084,0.814856541019946,0.8085,0.8475,0.8533880126801487,0.9572,0.4894,0.4926,0.4926,230,198,0,T51-DGC-0.50,0.0,in_domain_conditional,T51-DGC-0.50=0.9544;T51-DGC-0.33=0.9543;T51-DGC-0.67=1;T51-CORNKERNEL-0.50=0.9543,4,0,True,,,alpha=0.01:False;alpha=0.05:False;alpha=0.1:False,alpha=0.01:False;alpha=0.05:False;alpha=0.1:False,9543,0,0.9543,0.9543,0.957686672857363,0.0020883368981081565,9543,0,0.9543,0.9543,0.957686672857363,0.0020883368981081565
2,SDSRC12_MAIN9,SD-SRC12,MAIN9,"main reference nine (linear energy row, Table 5-1 verdicts in every state)",SDSRC12_MAIN9:M0,M0_nominal,method,,,,optimal,,300.0,0.012533357366919518,,,True,SD-SRC12,True,10000,0.9638,0.9668219378227657,9477,112,0.9477,0.9589,0.9621160365275556,0.001985215101695532,0.1101,112,0.964,0.9670137119452095,0.9587,0.9587,0.9619236748112338,0.9596,0.9627891358833365,0.9643,0.967301325320933,0.9594,0.9645,0.7991,0.8056755380859281,0.8,0.8669,0.872457812056963,0.9638,0.4938,0.4962,0.4966,445,420,4,T51-DGC-0.50,0.0,in_domain_conditional,T51-DGC-0.50=0.9589;T51-DGC-0.33=0.9587;T51-DGC-0.67=0.998;T51-CORNKERNEL-0.50=0.9587,675,4,True,,,alpha=0.01:False;alpha=0.05:False;alpha=0.1:False,alpha=0.01:False;alpha=0.05:False;alpha=0.1:False,9587,0,0.9587,0.9587,0.9619236748112338,0.0019898319024480434,9594,0,0.9594,0.9594,0.9625968484520424,0.0019736169841182453
2,SDSRC12_MAIN9,SD-SRC12,MAIN9,"main reference nine (linear energy row, Table 5-1 verdicts in every state)","SDSRC12_MAIN9:M1[relative,apply_to_dm=True]@alpha=0.05",M1_safety_margin,method,0.05,not_met,,,,300.0,,optimal;proven_infeasible,"no value of the declared grid met the validation screen (candidate statuses: optimal, proven_infeasible); a grid without a solution is not a statement about the whole decision space",False,,,,,,,,,,,,,,,,,,,,,,,,,,,,,,,,,,,,,,,,,,,,,,,,,,,,,,,,,,,
2,SDSRC12_MAIN9,SD-SRC12,MAIN9,"main reference nine (linear energy row, Table 5-1 verdicts in every state)","SDSRC12_MAIN9:M1[relative,apply_to_dm=False]@alpha=0.05",M1_safety_margin,method,0.05,not_met,,,,300.0,,optimal;proven_infeasible,"no value of the declared grid met the validation screen (candidate statuses: optimal, proven_infeasible); a grid without a solution is not a statement about the whole decision space",False,,,,,,,,,,,,,,,,,,,,,,,,,,,,,,,,,,,,,,,,,,,,,,,,,,,,,,,,,,,
2,SDSRC12_MAIN9,SD-SRC12,MAIN9,"main reference nine (linear energy row, Table 5-1 verdicts in every state)",SDSRC12_MAIN9:M2[N=128]@alpha=0.05,M2_joint_chance_saa,method,0.05,not_met,,,,300.0,,proven_infeasible,"SAA over the N training scenarios proven infeasible for every alpha_train of the declared grid (training scenarios only; not a population, field or whole-space statement)",False,,,,,,,,,,,,,,,,,,,,,,,,,,,,,,,,,,,,,,,,,,,,,,,,,,,,,,,,,,,
2,SDSRC12_MAIN9,SD-SRC12,MAIN9,"main reference nine (linear energy row, Table 5-1 verdicts in every state)",SDSRC12_MAIN9:M2[N=512]@alpha=0.05,M2_joint_chance_saa,method,0.05,not_met,,,,300.0,,proven_infeasible,"SAA over the N training scenarios proven infeasible for every alpha_train of the declared grid (training scenarios only; not a population, field or whole-space statement)",False,,,,,,,,,,,,,,,,,,,,,,,,,,,,,,,,,,,,,,,,,,,,,,,,,,,,,,,,,,,
2,SDSRC12_MAIN9,SD-SRC12,MAIN9,"main reference nine (linear energy row, Table 5-1 verdicts in every state)",SDSRC12_MAIN9:M2[N=1024]@alpha=0.05,M2_joint_chance_saa,method,0.05,not_met,,,,300.0,,proven_infeasible,"SAA over the N training scenarios proven infeasible for every alpha_train of the declared grid (training scenarios only; not a population, field or whole-space statement)",False,,,,,,,,,,,,,,,,,,,,,,,,,,,,,,,,,,,,,,,,,,,,,,,,,,,,,,,,,,,
2,SDSRC12_MAIN9,SD-SRC12,MAIN9,"main reference nine (linear energy row, Table 5-1 verdicts in every state)",SDSRC12_MAIN9:M3a[factory box]@alpha=0.05,M3a_box_robust,method,0.05,not_met,,,,300.0,,proven_infeasible,no value of the declared grid met the validation screen (candidate statuses: proven_infeasible); a grid without a solution is not a statement about the whole decision space,False,,,,,,,,,,,,,,,,,,,,,,,,,,,,,,,,,,,,,,,,,,,,,,,,,,,,,,,,,,,
2,SDSRC12_MAIN9,SD-SRC12,MAIN9,"main reference nine (linear energy row, Table 5-1 verdicts in every state)",SDSRC12_MAIN9:M3b[factory box]@alpha=0.05,M3b_budget_robust,method,0.05,not_met,,,,300.0,,optimal;proven_infeasible,"no value of the declared grid met the validation screen (candidate statuses: optimal, proven_infeasible); a grid without a solution is not a statement about the whole decision space",False,,,,,,,,,,,,,,,,,,,,,,,,,,,,,,,,,,,,,,,,,,,,,,,,,,,,,,,,,,,
2,SDSRC12_MAIN9,SD-SRC12,MAIN9,"main reference nine (linear energy row, Table 5-1 verdicts in every state)","SDSRC12_MAIN9:M1[relative,apply_to_dm=True]@alpha=0.1",M1_safety_margin,method,0.1,not_met,,,,300.0,,optimal;proven_infeasible,"no value of the declared grid met the validation screen (candidate statuses: optimal, proven_infeasible); a grid without a solution is not a statement about the whole decision space",False,,,,,,,,,,,,,,,,,,,,,,,,,,,,,,,,,,,,,,,,,,,,,,,,,,,,,,,,,,,
2,SDSRC12_MAIN9,SD-SRC12,MAIN9,"main reference nine (linear energy row, Table 5-1 verdicts in every state)","SDSRC12_MAIN9:M1[relative,apply_to_dm=False]@alpha=0.1",M1_safety_margin,method,0.1,not_met,,,,300.0,,optimal;proven_infeasible,"no value of the declared grid met the validation screen (candidate statuses: optimal, proven_infeasible); a grid without a solution is not a statement about the whole decision space",False,,,,,,,,,,,,,,,,,,,,,,,,,,,,,,,,,,,,,,,,,,,,,,,,,,,,,,,,,,,
2,SDSRC12_MAIN9,SD-SRC12,MAIN9,"main reference nine (linear energy row, Table 5-1 verdicts in every state)",SDSRC12_MAIN9:M2[N=128]@alpha=0.1,M2_joint_chance_saa,method,0.1,not_met,,,,300.0,,proven_infeasible,"SAA over the N training scenarios proven infeasible for every alpha_train of the declared grid (training scenarios only; not a population, field or whole-space statement)",False,,,,,,,,,,,,,,,,,,,,,,,,,,,,,,,,,,,,,,,,,,,,,,,,,,,,,,,,,,,
2,SDSRC12_MAIN9,SD-SRC12,MAIN9,"main reference nine (linear energy row, Table 5-1 verdicts in every state)",SDSRC12_MAIN9:M2[N=512]@alpha=0.1,M2_joint_chance_saa,method,0.1,not_met,,,,300.0,,proven_infeasible,"SAA over the N training scenarios proven infeasible for every alpha_train of the declared grid (training scenarios only; not a population, field or whole-space statement)",False,,,,,,,,,,,,,,,,,,,,,,,,,,,,,,,,,,,,,,,,,,,,,,,,,,,,,,,,,,,
2,SDSRC12_MAIN9,SD-SRC12,MAIN9,"main reference nine (linear energy row, Table 5-1 verdicts in every state)",SDSRC12_MAIN9:M2[N=1024]@alpha=0.1,M2_joint_chance_saa,method,0.1,not_met,,,,300.0,,proven_infeasible,"SAA over the N training scenarios proven infeasible for every alpha_train of the declared grid (training scenarios only; not a population, field or whole-space statement)",False,,,,,,,,,,,,,,,,,,,,,,,,,,,,,,,,,,,,,,,,,,,,,,,,,,,,,,,,,,,
2,SDSRC12_MAIN9,SD-SRC12,MAIN9,"main reference nine (linear energy row, Table 5-1 verdicts in every state)",SDSRC12_MAIN9:M3a[factory box]@alpha=0.1,M3a_box_robust,method,0.1,not_met,,,,300.0,,proven_infeasible,no value of the declared grid met the validation screen (candidate statuses: proven_infeasible); a grid without a solution is not a statement about the whole decision space,False,,,,,,,,,,,,,,,,,,,,,,,,,,,,,,,,,,,,,,,,,,,,,,,,,,,,,,,,,,,
2,SDSRC12_MAIN9,SD-SRC12,MAIN9,"main reference nine (linear energy row, Table 5-1 verdicts in every state)",SDSRC12_MAIN9:M3b[factory box]@alpha=0.1,M3b_budget_robust,method,0.1,not_met,,,,300.0,,optimal;proven_infeasible,"no value of the declared grid met the validation screen (candidate statuses: optimal, proven_infeasible); a grid without a solution is not a statement about the whole decision space",False,,,,,,,,,,,,,,,,,,,,,,,,,,,,,,,,,,,,,,,,,,,,,,,,,,,,,,,,,,,
2,SDSRC12_MAIN9,SD-SRC12,MAIN9,"main reference nine (linear energy row, Table 5-1 verdicts in every state)","SDSRC12_MAIN9:M1[relative,apply_to_dm=True]@alpha=0.01",M1_safety_margin,method,0.01,not_met,,,,300.0,,optimal;proven_infeasible,"no value of the declared grid met the validation screen (candidate statuses: optimal, proven_infeasible); a grid without a solution is not a statement about the whole decision space",False,,,,,,,,,,,,,,,,,,,,,,,,,,,,,,,,,,,,,,,,,,,,,,,,,,,,,,,,,,,
2,SDSRC12_MAIN9,SD-SRC12,MAIN9,"main reference nine (linear energy row, Table 5-1 verdicts in every state)","SDSRC12_MAIN9:M1[relative,apply_to_dm=False]@alpha=0.01",M1_safety_margin,method,0.01,not_met,,,,300.0,,optimal;proven_infeasible,"no value of the declared grid met the validation screen (candidate statuses: optimal, proven_infeasible); a grid without a solution is not a statement about the whole decision space",False,,,,,,,,,,,,,,,,,,,,,,,,,,,,,,,,,,,,,,,,,,,,,,,,,,,,,,,,,,,
2,SDSRC12_MAIN9,SD-SRC12,MAIN9,"main reference nine (linear energy row, Table 5-1 verdicts in every state)",SDSRC12_MAIN9:M2[N=128]@alpha=0.01,M2_joint_chance_saa,method,0.01,not_met,,,,300.0,,proven_infeasible,"SAA over the N training scenarios proven infeasible for every alpha_train of the declared grid (training scenarios only; not a population, field or whole-space statement)",False,,,,,,,,,,,,,,,,,,,,,,,,,,,,,,,,,,,,,,,,,,,,,,,,,,,,,,,,,,,
2,SDSRC12_MAIN9,SD-SRC12,MAIN9,"main reference nine (linear energy row, Table 5-1 verdicts in every state)",SDSRC12_MAIN9:M2[N=512]@alpha=0.01,M2_joint_chance_saa,method,0.01,not_met,,,,300.0,,proven_infeasible,"SAA over the N training scenarios proven infeasible for every alpha_train of the declared grid (training scenarios only; not a population, field or whole-space statement)",False,,,,,,,,,,,,,,,,,,,,,,,,,,,,,,,,,,,,,,,,,,,,,,,,,,,,,,,,,,,
2,SDSRC12_MAIN9,SD-SRC12,MAIN9,"main reference nine (linear energy row, Table 5-1 verdicts in every state)",SDSRC12_MAIN9:M2[N=1024]@alpha=0.01,M2_joint_chance_saa,method,0.01,not_met,,,,300.0,,proven_infeasible,"SAA over the N training scenarios proven infeasible for every alpha_train of the declared grid (training scenarios only; not a population, field or whole-space statement)",False,,,,,,,,,,,,,,,,,,,,,,,,,,,,,,,,,,,,,,,,,,,,,,,,,,,,,,,,,,,
2,SDSRC12_MAIN9,SD-SRC12,MAIN9,"main reference nine (linear energy row, Table 5-1 verdicts in every state)",SDSRC12_MAIN9:M3a[factory box]@alpha=0.01,M3a_box_robust,method,0.01,not_met,,,,300.0,,proven_infeasible,no value of the declared grid met the validation screen (candidate statuses: proven_infeasible); a grid without a solution is not a statement about the whole decision space,False,,,,,,,,,,,,,,,,,,,,,,,,,,,,,,,,,,,,,,,,,,,,,,,,,,,,,,,,,,,
2,SDSRC12_MAIN9,SD-SRC12,MAIN9,"main reference nine (linear energy row, Table 5-1 verdicts in every state)",SDSRC12_MAIN9:M3b[factory box]@alpha=0.01,M3b_budget_robust,method,0.01,not_met,,,,300.0,,optimal;proven_infeasible,"no value of the declared grid met the validation screen (candidate statuses: optimal, proven_infeasible); a grid without a solution is not a statement about the whole decision space",False,,,,,,,,,,,,,,,,,,,,,,,,,,,,,,,,,,,,,,,,,,,,,,,,,,,,,,,,,,,
2,SDSRC12_MAIN9,SD-SRC12,MAIN9,"main reference nine (linear energy row, Table 5-1 verdicts in every state)","SDSRC12_MAIN9:DIAG-frontier:M2[N=128,alpha_train=m*/N=81/128]",M2_joint_chance_saa,diagnostic_frontier,,,,optimal,8.869389774106097e-05,300.0,27.053295790683478,,,True,SD-H0,False,10000,,,5122,3241,0.5122,0.8363,0.8423630920998627,0.0037000312160845343,0.4778,3238,0.8654,0.8709846657745878,0.6494,0.6497,0.65756405938934,0.8895,0.8946224935612113,0.761,0.7680080567065171,0.7429,0.9036,0.412,0.42016409208063993,0.6511,0.6103,0.6183471712716696,0.6883,0.4991,0.4614,0.4618,79,454,4,T51-DGC-0.50,0.0,in_domain_conditional,T51-DGC-0.50=0.8363;T51-DGC-0.33=0.6497;T51-DGC-0.67=0.9984;T51-CORNKERNEL-0.50=0.6497,4141,4,True,,,,,6494,3,0.6494,0.6497,0.65756405938934,0.004770638426877476,7427,2,0.7427,0.7429,0.7500856667056403,0.004370349985985104
2,SDSRC12_MAIN9,SD-SRC12,MAIN9,"main reference nine (linear energy row, Table 5-1 verdicts in every state)","SDSRC12_MAIN9:DIAG-frontier:M2[N=128,alpha_train=m*/N=81/128]",M2_joint_chance_saa,diagnostic_frontier,,,,optimal,8.869389774106097e-05,300.0,27.053295790683478,,,True,SD-S2,False,10000,,,3594,3949,0.3594,0.7543,0.7613757580664311,0.004305014634121468,0.4982,3949,0.8434,0.8493533419971515,0.3602,0.3602,0.3681756603849066,0.8589,0.8645983831742853,0.6739,0.6816226840037833,0.6,0.9007,0.0016,0.002429109633300806,0.4986,0.5994,0.6074879662017487,0.5166,0.5158,0.3593,0.3593,0,1565,0,T51-DGC-0.50,0.0,in_domain_conditional,T51-DGC-0.50=0.7543;T51-DGC-0.33=0.3602;T51-DGC-0.67=1;T51-CORNKERNEL-0.50=0.3602,1753,0,True,,,,,3602,0,0.3602,0.3602,0.3681756603849066,0.00480058288127598,6000,0,0.6,0.6,0.6080858291156277,0.004898979485566357
2,SDSRC12_MAIN9,SD-SRC12,MAIN9,"main reference nine (linear energy row, Table 5-1 verdicts in every state)","SDSRC12_MAIN9:DIAG-frontier:M2[N=128,alpha_train=m*/N=81/128]",M2_joint_chance_saa,diagnostic_frontier,,,,optimal,8.869389774106097e-05,300.0,27.053295790683478,,,True,SD-SRC14,False,10000,,,4228,3283,0.4228,0.7511,0.7582072726662177,0.004323757509389258,0.4975,3279,0.8141,0.8204807429392391,0.4263,0.4267,0.4349004413128674,0.8654,0.8709846657745878,0.7403,0.7475098266915101,0.6785,0.8978,0.0572,0.0611662917239849,0.5282,0.6491,0.6569672781661872,0.5536,0.5117,0.3767,0.3771,12,1360,4,T51-DGC-0.50,0.0,in_domain_conditional,T51-DGC-0.50=0.7511;T51-DGC-0.33=0.4267;T51-DGC-0.67=1;T51-CORNKERNEL-0.50=0.4267,3703,4,True,,,,,4263,4,0.4263,0.4267,0.4349004413128674,0.004945979276139357,6783,2,0.6783,0.6785,0.686193205826013,0.004670521919443265
2,SDSRC12_MAIN9,SD-SRC12,MAIN9,"main reference nine (linear energy row, Table 5-1 verdicts in every state)","SDSRC12_MAIN9:DIAG-frontier:M2[N=128,alpha_train=m*/N=81/128]",M2_joint_chance_saa,diagnostic_frontier,,,,optimal,8.869389774106097e-05,300.0,27.053295790683478,,,True,SD-12MO,False,10000,,,4270,3621,0.427,0.7891,0.7957973275004515,0.0040794753339124384,0.4889,3621,0.8446,0.850534372386051,0.4596,0.4596,0.46785530947718706,0.8648,0.8703953419049746,0.6426,0.6505012787619933,0.606,0.8897,0.071,0.07536764421637747,0.504,0.5801,0.5882500477853642,0.5387,0.5043,0.4262,0.4262,17,798,0,T51-DGC-0.50,0.0,in_domain_conditional,T51-DGC-0.50=0.7891;T51-DGC-0.33=0.4596;T51-DGC-0.67=1;T51-CORNKERNEL-0.50=0.4596,1756,0,True,,,,,4596,0,0.4596,0.4596,0.46785530947718706,0.004983651673221154,6060,0,0.606,0.606,0.6140637642717115,0.004886348329785751
2,SDSRC12_MAIN9,SD-SRC12,MAIN9,"main reference nine (linear energy row, Table 5-1 verdicts in every state)","SDSRC12_MAIN9:DIAG-frontier:M2[N=128,alpha_train=m*/N=81/128]",M2_joint_chance_saa,diagnostic_frontier,,,,optimal,8.869389774106097e-05,300.0,27.053295790683478,,,True,SD-SRC12,True,10000,0.6474,0.6552763241397075,4688,2744,0.4688,0.7432,0.7503828576491189,0.004368681265553714,0.4875,2741,0.8061,0.8125865012881262,0.5689,0.5692,0.5773794629809428,0.8496,0.8554539781621457,0.7696,0.7765176584206468,0.7353,0.8771,0.2814,0.288893117947383,0.5398,0.6458,0.6536847384638262,0.6474,0.5032,0.4301,0.4305,134,863,4,T51-DGC-0.50,0.0,in_domain_conditional,T51-DGC-0.50=0.7432;T51-DGC-0.33=0.5692;T51-DGC-0.67=0.997;T51-CORNKERNEL-0.50=0.5692,3922,4,True,,,,,5689,3,0.5689,0.5692,0.5773794629809428,0.004951882066447059,7351,2,0.7351,0.7353,0.7425553641481364,0.004411733332829626
2,SDSRC12_MAIN9,SD-SRC12,MAIN9,"main reference nine (linear energy row, Table 5-1 verdicts in every state)","SDSRC12_MAIN9:DIAG-frontier:M2[N=512,alpha_train=m*/N=339/512]",M2_joint_chance_saa,diagnostic_frontier,,,,no_feasible_solution_found,,300.0,300.50802600290626,,solver status no_feasible_solution_found; not a statement about the whole decision space,False,,,,,,,,,,,,,,,,,,,,,,,,,,,,,,,,,,,,,,,,,,,,,,,,,,,,,,,,,,,
2,SDSRC12_MAIN9,SD-SRC12,MAIN9,"main reference nine (linear energy row, Table 5-1 verdicts in every state)","SDSRC12_MAIN9:DIAG-frontier:M2[N=1024,alpha_train=m*/N=693/1024]",M2_joint_chance_saa,diagnostic_frontier,,,,no_feasible_solution_found,,300.0,301.33930039498955,,solver status no_feasible_solution_found; not a statement about the whole decision space,False,,,,,,,,,,,,,,,,,,,,,,,,,,,,,,,,,,,,,,,,,,,,,,,,,,,,,,,,,,,
