root_k,evaluation_world,target_alpha,cell_id,sd_arm,objective_arm,label,method_id,method_family,entry_role,has_ration,selection_status,selected_param,solver_status,infeasibility_scope,membership_event,membership_stat,rate_lower,rate_upper,cp_upper,target_met,in_comparable_set,comparable_set_size,grid_n_candidates,grid_n_candidates_with_ration,grid_min_rate_upper,grid_min_rate_upper_cp_upper,grid_min_rate_upper_param,grid_min_label,frontier_N,frontier_status,frontier_m_star_lower_over_N,frontier_m_star_upper_over_N,frontier_rate_lower,frontier_rate_upper,frontier_cp_upper,frontier_label
2,SD-H0,0.05,SD12MO_MAIN9,SD-12MO,MAIN9,SD12MO_MAIN9:M0,M0_nominal,M0_nominal,entry,True,,,optimal,,main_reference_plan_domain,cp_upper,0.9563,0.9563,0.9596137447540961,False,False,0,1,1,0.9563,0.9596137447540961,,minimum attainable main-event rate_upper over the declared grid (descriptive; its cost is not a comparable cost),1024,frontier_no_feasible_solution_found_no_ration,0.265625,0.5498046875,,,,
2,SD-H0,0.05,SD12MO_MAIN9,SD-12MO,MAIN9,"SD12MO_MAIN9:M1[relative,apply_to_dm=False]@alpha=0.05",M1_safety_margin,M1_safety_margin[apply_to_dm=False],sensitivity_line,False,not_met,,,"no value of the declared grid met the validation screen (candidate statuses: optimal, proven_infeasible); a grid without a solution is not a statement about the whole decision space",main_reference_plan_domain,cp_upper,,,,,False,0,5,1,0.9563,0.9596137447540961,k=0.0,minimum attainable main-event rate_upper over the declared grid (descriptive; its cost is not a comparable cost),1024,frontier_no_feasible_solution_found_no_ration,0.265625,0.5498046875,,,,
2,SD-H0,0.05,SD12MO_MAIN9,SD-12MO,MAIN9,"SD12MO_MAIN9:M1[relative,apply_to_dm=True]@alpha=0.05",M1_safety_margin,M1_safety_margin[apply_to_dm=True],entry,False,not_met,,,"no value of the declared grid met the validation screen (candidate statuses: optimal, proven_infeasible); a grid without a solution is not a statement about the whole decision space",main_reference_plan_domain,cp_upper,,,,,False,0,5,1,0.9563,0.9596137447540961,k=0.0,minimum attainable main-event rate_upper over the declared grid (descriptive; its cost is not a comparable cost),1024,frontier_no_feasible_solution_found_no_ration,0.265625,0.5498046875,,,,
2,SD-H0,0.05,SD12MO_MAIN9,SD-12MO,MAIN9,SD12MO_MAIN9:M2[N=1024]@alpha=0.05,M2_joint_chance_saa,M2_joint_chance_saa[N=1024],entry,False,not_met,,,"SAA over the N training scenarios proven infeasible for every alpha_train of the declared grid (training scenarios only; not a population, field or whole-space statement)",main_reference_plan_domain,cp_upper,,,,,False,0,4,0,,,,no scored grid candidate with a ration (not a whole-space statement),1024,frontier_no_feasible_solution_found_no_ration,0.265625,0.5498046875,,,,
2,SD-H0,0.05,SD12MO_MAIN9,SD-12MO,MAIN9,SD12MO_MAIN9:M2[N=128]@alpha=0.05,M2_joint_chance_saa,M2_joint_chance_saa[N=128],entry,False,not_met,,,"SAA over the N training scenarios proven infeasible for every alpha_train of the declared grid (training scenarios only; not a population, field or whole-space statement)",main_reference_plan_domain,cp_upper,,,,,False,0,4,0,,,,no scored grid candidate with a ration (not a whole-space statement),128,optimal,0.53125,0.53125,0.7223,0.7225,0.7298665342008623,"diagnostic frontier point (training scenarios only); not a method, never a member"
2,SD-H0,0.05,SD12MO_MAIN9,SD-12MO,MAIN9,SD12MO_MAIN9:M2[N=512]@alpha=0.05,M2_joint_chance_saa,M2_joint_chance_saa[N=512],entry,False,not_met,,,"SAA over the N training scenarios proven infeasible for every alpha_train of the declared grid (training scenarios only; not a population, field or whole-space statement)",main_reference_plan_domain,cp_upper,,,,,False,0,4,0,,,,no scored grid candidate with a ration (not a whole-space statement),512,frontier_no_feasible_solution_found_no_ration,0.41015625,0.521484375,,,,
2,SD-H0,0.05,SD12MO_MAIN9,SD-12MO,MAIN9,SD12MO_MAIN9:M3a[factory box]@alpha=0.05,M3a_box_robust,M3a_box_robust,entry,False,not_met,,,no value of the declared grid met the validation screen (candidate statuses: proven_infeasible); a grid without a solution is not a statement about the whole decision space,main_reference_plan_domain,cp_upper,,,,,False,0,5,0,,,,no scored grid candidate with a ration (not a whole-space statement),1024,frontier_no_feasible_solution_found_no_ration,0.265625,0.5498046875,,,,
2,SD-H0,0.05,SD12MO_MAIN9,SD-12MO,MAIN9,SD12MO_MAIN9:M3b[factory box]@alpha=0.05,M3b_budget_robust,M3b_budget_robust,entry,False,not_met,,,"no value of the declared grid met the validation screen (candidate statuses: optimal, proven_infeasible); a grid without a solution is not a statement about the whole decision space",main_reference_plan_domain,cp_upper,,,,,False,0,35,5,0.9563,0.9596137447540961,"gamma=0 {""k_box"": 1.0}",minimum attainable main-event rate_upper over the declared grid (descriptive; its cost is not a comparable cost),1024,frontier_no_feasible_solution_found_no_ration,0.265625,0.5498046875,,,,
2,SD-H0,0.05,SDH0_MAIN9,SD-H0,MAIN9,SDH0_MAIN9:M0,M0_nominal,M0_nominal,entry,True,,,optimal,,main_reference_plan_domain,cp_upper,0.9563,0.9563,0.9596137447540961,False,False,0,1,1,0.9563,0.9596137447540961,,minimum attainable main-event rate_upper over the declared grid (descriptive; its cost is not a comparable cost),1024,feasible_time_limit,0.3955078125,0.6923828125,0.6124,0.6128,0.6208372231126451,"diagnostic frontier point (training scenarios only); not a method, never a member"
2,SD-H0,0.05,SDH0_MAIN9,SD-H0,MAIN9,"SDH0_MAIN9:M1[relative,apply_to_dm=False]@alpha=0.05",M1_safety_margin,M1_safety_margin[apply_to_dm=False],sensitivity_line,False,not_met,,,"no value of the declared grid met the validation screen (candidate statuses: optimal, proven_infeasible); a grid without a solution is not a statement about the whole decision space",main_reference_plan_domain,cp_upper,,,,,False,0,5,1,0.9563,0.9596137447540961,k=0.0,minimum attainable main-event rate_upper over the declared grid (descriptive; its cost is not a comparable cost),1024,feasible_time_limit,0.3955078125,0.6923828125,0.6124,0.6128,0.6208372231126451,"diagnostic frontier point (training scenarios only); not a method, never a member"
2,SD-H0,0.05,SDH0_MAIN9,SD-H0,MAIN9,"SDH0_MAIN9:M1[relative,apply_to_dm=True]@alpha=0.05",M1_safety_margin,M1_safety_margin[apply_to_dm=True],entry,False,not_met,,,"no value of the declared grid met the validation screen (candidate statuses: optimal, proven_infeasible); a grid without a solution is not a statement about the whole decision space",main_reference_plan_domain,cp_upper,,,,,False,0,5,1,0.9563,0.9596137447540961,k=0.0,minimum attainable main-event rate_upper over the declared grid (descriptive; its cost is not a comparable cost),1024,feasible_time_limit,0.3955078125,0.6923828125,0.6124,0.6128,0.6208372231126451,"diagnostic frontier point (training scenarios only); not a method, never a member"
2,SD-H0,0.05,SDH0_MAIN9,SD-H0,MAIN9,SDH0_MAIN9:M2[N=1024]@alpha=0.05,M2_joint_chance_saa,M2_joint_chance_saa[N=1024],entry,False,not_met,,,"SAA over the N training scenarios proven infeasible for every alpha_train of the declared grid (training scenarios only; not a population, field or whole-space statement)",main_reference_plan_domain,cp_upper,,,,,False,0,4,0,,,,no scored grid candidate with a ration (not a whole-space statement),1024,feasible_time_limit,0.3955078125,0.6923828125,0.6124,0.6128,0.6208372231126451,"diagnostic frontier point (training scenarios only); not a method, never a member"
2,SD-H0,0.05,SDH0_MAIN9,SD-H0,MAIN9,SDH0_MAIN9:M2[N=128]@alpha=0.05,M2_joint_chance_saa,M2_joint_chance_saa[N=128],entry,False,not_met,,,"SAA over the N training scenarios proven infeasible for every alpha_train of the declared grid (training scenarios only; not a population, field or whole-space statement)",main_reference_plan_domain,cp_upper,,,,,False,0,4,0,,,,no scored grid candidate with a ration (not a whole-space statement),128,optimal,0.6796875,0.6796875,0.6708,0.6711,0.6788402131514004,"diagnostic frontier point (training scenarios only); not a method, never a member"
2,SD-H0,0.05,SDH0_MAIN9,SD-H0,MAIN9,SDH0_MAIN9:M2[N=512]@alpha=0.05,M2_joint_chance_saa,M2_joint_chance_saa[N=512],entry,False,not_met,,,"SAA over the N training scenarios proven infeasible for every alpha_train of the declared grid (training scenarios only; not a population, field or whole-space statement)",main_reference_plan_domain,cp_upper,,,,,False,0,4,0,,,,no scored grid candidate with a ration (not a whole-space statement),512,frontier_no_feasible_solution_found_no_ration,0.521484375,0.654296875,,,,
2,SD-H0,0.05,SDH0_MAIN9,SD-H0,MAIN9,SDH0_MAIN9:M3a[factory box]@alpha=0.05,M3a_box_robust,M3a_box_robust,entry,False,not_met,,,no value of the declared grid met the validation screen (candidate statuses: proven_infeasible); a grid without a solution is not a statement about the whole decision space,main_reference_plan_domain,cp_upper,,,,,False,0,5,0,,,,no scored grid candidate with a ration (not a whole-space statement),1024,feasible_time_limit,0.3955078125,0.6923828125,0.6124,0.6128,0.6208372231126451,"diagnostic frontier point (training scenarios only); not a method, never a member"
2,SD-H0,0.05,SDH0_MAIN9,SD-H0,MAIN9,SDH0_MAIN9:M3b[factory box]@alpha=0.05,M3b_budget_robust,M3b_budget_robust,entry,False,not_met,,,"no value of the declared grid met the validation screen (candidate statuses: optimal, proven_infeasible); a grid without a solution is not a statement about the whole decision space",main_reference_plan_domain,cp_upper,,,,,False,0,35,5,0.9563,0.9596137447540961,"gamma=0 {""k_box"": 1.0}",minimum attainable main-event rate_upper over the declared grid (descriptive; its cost is not a comparable cost),1024,feasible_time_limit,0.3955078125,0.6923828125,0.6124,0.6128,0.6208372231126451,"diagnostic frontier point (training scenarios only); not a method, never a member"
2,SD-H0,0.05,SDS2_MAIN9,SD-S2,MAIN9,SDS2_MAIN9:M0,M0_nominal,M0_nominal,entry,True,,,optimal,,main_reference_plan_domain,cp_upper,0.9563,0.9563,0.9596137447540961,False,False,0,1,1,0.9563,0.9596137447540961,,minimum attainable main-event rate_upper over the declared grid (descriptive; its cost is not a comparable cost),1024,frontier_no_feasible_solution_found_no_ration,0.14453125,0.3828125,,,,
2,SD-H0,0.05,SDS2_MAIN9,SD-S2,MAIN9,"SDS2_MAIN9:M1[relative,apply_to_dm=False]@alpha=0.05",M1_safety_margin,M1_safety_margin[apply_to_dm=False],sensitivity_line,False,not_met,,,"no value of the declared grid met the validation screen (candidate statuses: optimal, proven_infeasible); a grid without a solution is not a statement about the whole decision space",main_reference_plan_domain,cp_upper,,,,,False,0,5,1,0.9563,0.9596137447540961,k=0.0,minimum attainable main-event rate_upper over the declared grid (descriptive; its cost is not a comparable cost),1024,frontier_no_feasible_solution_found_no_ration,0.14453125,0.3828125,,,,
2,SD-H0,0.05,SDS2_MAIN9,SD-S2,MAIN9,"SDS2_MAIN9:M1[relative,apply_to_dm=True]@alpha=0.05",M1_safety_margin,M1_safety_margin[apply_to_dm=True],entry,False,not_met,,,"no value of the declared grid met the validation screen (candidate statuses: optimal, proven_infeasible); a grid without a solution is not a statement about the whole decision space",main_reference_plan_domain,cp_upper,,,,,False,0,5,1,0.9563,0.9596137447540961,k=0.0,minimum attainable main-event rate_upper over the declared grid (descriptive; its cost is not a comparable cost),1024,frontier_no_feasible_solution_found_no_ration,0.14453125,0.3828125,,,,
2,SD-H0,0.05,SDS2_MAIN9,SD-S2,MAIN9,SDS2_MAIN9:M2[N=1024]@alpha=0.05,M2_joint_chance_saa,M2_joint_chance_saa[N=1024],entry,False,not_met,,,"SAA over the N training scenarios proven infeasible for every alpha_train of the declared grid (training scenarios only; not a population, field or whole-space statement)",main_reference_plan_domain,cp_upper,,,,,False,0,4,0,,,,no scored grid candidate with a ration (not a whole-space statement),1024,frontier_no_feasible_solution_found_no_ration,0.14453125,0.3828125,,,,
2,SD-H0,0.05,SDS2_MAIN9,SD-S2,MAIN9,SDS2_MAIN9:M2[N=128]@alpha=0.05,M2_joint_chance_saa,M2_joint_chance_saa[N=128],entry,False,not_met,,,"SAA over the N training scenarios proven infeasible for every alpha_train of the declared grid (training scenarios only; not a population, field or whole-space statement)",main_reference_plan_domain,cp_upper,,,,,False,0,4,0,,,,no scored grid candidate with a ration (not a whole-space statement),128,optimal,0.3984375,0.3984375,0.7476,0.7478,0.7549392265689725,"diagnostic frontier point (training scenarios only); not a method, never a member"
2,SD-H0,0.05,SDS2_MAIN9,SD-S2,MAIN9,SDS2_MAIN9:M2[N=512]@alpha=0.05,M2_joint_chance_saa,M2_joint_chance_saa[N=512],entry,False,not_met,,,"SAA over the N training scenarios proven infeasible for every alpha_train of the declared grid (training scenarios only; not a population, field or whole-space statement)",main_reference_plan_domain,cp_upper,,,,,False,0,4,0,,,,no scored grid candidate with a ration (not a whole-space statement),512,frontier_no_feasible_solution_found_no_ration,0.23828125,0.384765625,,,,
2,SD-H0,0.05,SDS2_MAIN9,SD-S2,MAIN9,SDS2_MAIN9:M3a[factory box]@alpha=0.05,M3a_box_robust,M3a_box_robust,entry,False,not_met,,,no value of the declared grid met the validation screen (candidate statuses: proven_infeasible); a grid without a solution is not a statement about the whole decision space,main_reference_plan_domain,cp_upper,,,,,False,0,5,0,,,,no scored grid candidate with a ration (not a whole-space statement),1024,frontier_no_feasible_solution_found_no_ration,0.14453125,0.3828125,,,,
2,SD-H0,0.05,SDS2_MAIN9,SD-S2,MAIN9,SDS2_MAIN9:M3b[factory box]@alpha=0.05,M3b_budget_robust,M3b_budget_robust,entry,False,not_met,,,"no value of the declared grid met the validation screen (candidate statuses: optimal, proven_infeasible); a grid without a solution is not a statement about the whole decision space",main_reference_plan_domain,cp_upper,,,,,False,0,35,5,0.9563,0.9596137447540961,"gamma=0 {""k_box"": 1.0}",minimum attainable main-event rate_upper over the declared grid (descriptive; its cost is not a comparable cost),1024,frontier_no_feasible_solution_found_no_ration,0.14453125,0.3828125,,,,
2,SD-H0,0.05,SDSRC12_MAIN9,SD-SRC12,MAIN9,SDSRC12_MAIN9:M0,M0_nominal,M0_nominal,entry,True,,,optimal,,main_reference_plan_domain,cp_upper,0.9563,0.9563,0.9596137447540961,False,False,0,1,1,0.9563,0.9596137447540961,,minimum attainable main-event rate_upper over the declared grid (descriptive; its cost is not a comparable cost),1024,frontier_no_feasible_solution_found_no_ration,0.2607421875,0.6767578125,,,,
2,SD-H0,0.05,SDSRC12_MAIN9,SD-SRC12,MAIN9,"SDSRC12_MAIN9:M1[relative,apply_to_dm=False]@alpha=0.05",M1_safety_margin,M1_safety_margin[apply_to_dm=False],sensitivity_line,False,not_met,,,"no value of the declared grid met the validation screen (candidate statuses: optimal, proven_infeasible); a grid without a solution is not a statement about the whole decision space",main_reference_plan_domain,cp_upper,,,,,False,0,5,1,0.9563,0.9596137447540961,k=0.0,minimum attainable main-event rate_upper over the declared grid (descriptive; its cost is not a comparable cost),1024,frontier_no_feasible_solution_found_no_ration,0.2607421875,0.6767578125,,,,
2,SD-H0,0.05,SDSRC12_MAIN9,SD-SRC12,MAIN9,"SDSRC12_MAIN9:M1[relative,apply_to_dm=True]@alpha=0.05",M1_safety_margin,M1_safety_margin[apply_to_dm=True],entry,False,not_met,,,"no value of the declared grid met the validation screen (candidate statuses: optimal, proven_infeasible); a grid without a solution is not a statement about the whole decision space",main_reference_plan_domain,cp_upper,,,,,False,0,5,1,0.9563,0.9596137447540961,k=0.0,minimum attainable main-event rate_upper over the declared grid (descriptive; its cost is not a comparable cost),1024,frontier_no_feasible_solution_found_no_ration,0.2607421875,0.6767578125,,,,
2,SD-H0,0.05,SDSRC12_MAIN9,SD-SRC12,MAIN9,SDSRC12_MAIN9:M2[N=1024]@alpha=0.05,M2_joint_chance_saa,M2_joint_chance_saa[N=1024],entry,False,not_met,,,"SAA over the N training scenarios proven infeasible for every alpha_train of the declared grid (training scenarios only; not a population, field or whole-space statement)",main_reference_plan_domain,cp_upper,,,,,False,0,4,0,,,,no scored grid candidate with a ration (not a whole-space statement),1024,frontier_no_feasible_solution_found_no_ration,0.2607421875,0.6767578125,,,,
2,SD-H0,0.05,SDSRC12_MAIN9,SD-SRC12,MAIN9,SDSRC12_MAIN9:M2[N=128]@alpha=0.05,M2_joint_chance_saa,M2_joint_chance_saa[N=128],entry,False,not_met,,,"SAA over the N training scenarios proven infeasible for every alpha_train of the declared grid (training scenarios only; not a population, field or whole-space statement)",main_reference_plan_domain,cp_upper,,,,,False,0,4,0,,,,no scored grid candidate with a ration (not a whole-space statement),128,optimal,0.6328125,0.6328125,0.6494,0.6497,0.65756405938934,"diagnostic frontier point (training scenarios only); not a method, never a member"
2,SD-H0,0.05,SDSRC12_MAIN9,SD-SRC12,MAIN9,SDSRC12_MAIN9:M2[N=512]@alpha=0.05,M2_joint_chance_saa,M2_joint_chance_saa[N=512],entry,False,not_met,,,"SAA over the N training scenarios proven infeasible for every alpha_train of the declared grid (training scenarios only; not a population, field or whole-space statement)",main_reference_plan_domain,cp_upper,,,,,False,0,4,0,,,,no scored grid candidate with a ration (not a whole-space statement),512,frontier_no_feasible_solution_found_no_ration,0.4375,0.662109375,,,,
2,SD-H0,0.05,SDSRC12_MAIN9,SD-SRC12,MAIN9,SDSRC12_MAIN9:M3a[factory box]@alpha=0.05,M3a_box_robust,M3a_box_robust,entry,False,not_met,,,no value of the declared grid met the validation screen (candidate statuses: proven_infeasible); a grid without a solution is not a statement about the whole decision space,main_reference_plan_domain,cp_upper,,,,,False,0,5,0,,,,no scored grid candidate with a ration (not a whole-space statement),1024,frontier_no_feasible_solution_found_no_ration,0.2607421875,0.6767578125,,,,
2,SD-H0,0.05,SDSRC12_MAIN9,SD-SRC12,MAIN9,SDSRC12_MAIN9:M3b[factory box]@alpha=0.05,M3b_budget_robust,M3b_budget_robust,entry,False,not_met,,,"no value of the declared grid met the validation screen (candidate statuses: optimal, proven_infeasible); a grid without a solution is not a statement about the whole decision space",main_reference_plan_domain,cp_upper,,,,,False,0,35,5,0.9563,0.9596137447540961,"gamma=0 {""k_box"": 1.0}",minimum attainable main-event rate_upper over the declared grid (descriptive; its cost is not a comparable cost),1024,frontier_no_feasible_solution_found_no_ration,0.2607421875,0.6767578125,,,,
2,SD-H0,0.05,SDSRC14_MAIN9,SD-SRC14,MAIN9,SDSRC14_MAIN9:M0,M0_nominal,M0_nominal,entry,True,,,optimal,,main_reference_plan_domain,cp_upper,0.9563,0.9563,0.9596137447540961,False,False,0,1,1,0.9563,0.9596137447540961,,minimum attainable main-event rate_upper over the declared grid (descriptive; its cost is not a comparable cost),1024,frontier_no_feasible_solution_found_no_ration,0.123046875,0.5205078125,,,,
2,SD-H0,0.05,SDSRC14_MAIN9,SD-SRC14,MAIN9,"SDSRC14_MAIN9:M1[relative,apply_to_dm=False]@alpha=0.05",M1_safety_margin,M1_safety_margin[apply_to_dm=False],sensitivity_line,False,not_met,,,"no value of the declared grid met the validation screen (candidate statuses: optimal, proven_infeasible); a grid without a solution is not a statement about the whole decision space",main_reference_plan_domain,cp_upper,,,,,False,0,5,1,0.9563,0.9596137447540961,k=0.0,minimum attainable main-event rate_upper over the declared grid (descriptive; its cost is not a comparable cost),1024,frontier_no_feasible_solution_found_no_ration,0.123046875,0.5205078125,,,,
2,SD-H0,0.05,SDSRC14_MAIN9,SD-SRC14,MAIN9,"SDSRC14_MAIN9:M1[relative,apply_to_dm=True]@alpha=0.05",M1_safety_margin,M1_safety_margin[apply_to_dm=True],entry,False,not_met,,,"no value of the declared grid met the validation screen (candidate statuses: optimal, proven_infeasible); a grid without a solution is not a statement about the whole decision space",main_reference_plan_domain,cp_upper,,,,,False,0,5,1,0.9563,0.9596137447540961,k=0.0,minimum attainable main-event rate_upper over the declared grid (descriptive; its cost is not a comparable cost),1024,frontier_no_feasible_solution_found_no_ration,0.123046875,0.5205078125,,,,
2,SD-H0,0.05,SDSRC14_MAIN9,SD-SRC14,MAIN9,SDSRC14_MAIN9:M2[N=1024]@alpha=0.05,M2_joint_chance_saa,M2_joint_chance_saa[N=1024],entry,False,not_met,,,"SAA over the N training scenarios proven infeasible for every alpha_train of the declared grid (training scenarios only; not a population, field or whole-space statement)",main_reference_plan_domain,cp_upper,,,,,False,0,4,0,,,,no scored grid candidate with a ration (not a whole-space statement),1024,frontier_no_feasible_solution_found_no_ration,0.123046875,0.5205078125,,,,
2,SD-H0,0.05,SDSRC14_MAIN9,SD-SRC14,MAIN9,SDSRC14_MAIN9:M2[N=128]@alpha=0.05,M2_joint_chance_saa,M2_joint_chance_saa[N=128],entry,False,not_met,,,"SAA over the N training scenarios proven infeasible for every alpha_train of the declared grid (training scenarios only; not a population, field or whole-space statement)",main_reference_plan_domain,cp_upper,,,,,False,0,4,0,,,,no scored grid candidate with a ration (not a whole-space statement),128,optimal,0.4609375,0.5,0.7181,0.7184,0.7258005406365217,"diagnostic frontier point (training scenarios only); not a method, never a member"
2,SD-H0,0.05,SDSRC14_MAIN9,SD-SRC14,MAIN9,SDSRC14_MAIN9:M2[N=512]@alpha=0.05,M2_joint_chance_saa,M2_joint_chance_saa[N=512],entry,False,not_met,,,"SAA over the N training scenarios proven infeasible for every alpha_train of the declared grid (training scenarios only; not a population, field or whole-space statement)",main_reference_plan_domain,cp_upper,,,,,False,0,4,0,,,,no scored grid candidate with a ration (not a whole-space statement),512,frontier_no_feasible_solution_found_no_ration,0.2890625,0.5,,,,
2,SD-H0,0.05,SDSRC14_MAIN9,SD-SRC14,MAIN9,SDSRC14_MAIN9:M3a[factory box]@alpha=0.05,M3a_box_robust,M3a_box_robust,entry,False,not_met,,,no value of the declared grid met the validation screen (candidate statuses: proven_infeasible); a grid without a solution is not a statement about the whole decision space,main_reference_plan_domain,cp_upper,,,,,False,0,5,0,,,,no scored grid candidate with a ration (not a whole-space statement),1024,frontier_no_feasible_solution_found_no_ration,0.123046875,0.5205078125,,,,
2,SD-H0,0.05,SDSRC14_MAIN9,SD-SRC14,MAIN9,SDSRC14_MAIN9:M3b[factory box]@alpha=0.05,M3b_budget_robust,M3b_budget_robust,entry,False,not_met,,,"no value of the declared grid met the validation screen (candidate statuses: optimal, proven_infeasible); a grid without a solution is not a statement about the whole decision space",main_reference_plan_domain,cp_upper,,,,,False,0,35,5,0.9563,0.9596137447540961,"gamma=0 {""k_box"": 1.0}",minimum attainable main-event rate_upper over the declared grid (descriptive; its cost is not a comparable cost),1024,frontier_no_feasible_solution_found_no_ration,0.123046875,0.5205078125,,,,
2,SD-H0,0.1,SD12MO_MAIN9,SD-12MO,MAIN9,SD12MO_MAIN9:M0,M0_nominal,M0_nominal,entry,True,,,optimal,,main_reference_plan_domain,cp_upper,0.9563,0.9563,0.9596137447540961,False,False,0,1,1,0.9563,0.9596137447540961,,minimum attainable main-event rate_upper over the declared grid (descriptive; its cost is not a comparable cost),1024,frontier_no_feasible_solution_found_no_ration,0.265625,0.5498046875,,,,
2,SD-H0,0.1,SD12MO_MAIN9,SD-12MO,MAIN9,"SD12MO_MAIN9:M1[relative,apply_to_dm=False]@alpha=0.1",M1_safety_margin,M1_safety_margin[apply_to_dm=False],sensitivity_line,False,not_met,,,"no value of the declared grid met the validation screen (candidate statuses: optimal, proven_infeasible); a grid without a solution is not a statement about the whole decision space",main_reference_plan_domain,cp_upper,,,,,False,0,5,1,0.9563,0.9596137447540961,k=0.0,minimum attainable main-event rate_upper over the declared grid (descriptive; its cost is not a comparable cost),1024,frontier_no_feasible_solution_found_no_ration,0.265625,0.5498046875,,,,
2,SD-H0,0.1,SD12MO_MAIN9,SD-12MO,MAIN9,"SD12MO_MAIN9:M1[relative,apply_to_dm=True]@alpha=0.1",M1_safety_margin,M1_safety_margin[apply_to_dm=True],entry,False,not_met,,,"no value of the declared grid met the validation screen (candidate statuses: optimal, proven_infeasible); a grid without a solution is not a statement about the whole decision space",main_reference_plan_domain,cp_upper,,,,,False,0,5,1,0.9563,0.9596137447540961,k=0.0,minimum attainable main-event rate_upper over the declared grid (descriptive; its cost is not a comparable cost),1024,frontier_no_feasible_solution_found_no_ration,0.265625,0.5498046875,,,,
2,SD-H0,0.1,SD12MO_MAIN9,SD-12MO,MAIN9,SD12MO_MAIN9:M2[N=1024]@alpha=0.1,M2_joint_chance_saa,M2_joint_chance_saa[N=1024],entry,False,not_met,,,"SAA over the N training scenarios proven infeasible for every alpha_train of the declared grid (training scenarios only; not a population, field or whole-space statement)",main_reference_plan_domain,cp_upper,,,,,False,0,4,0,,,,no scored grid candidate with a ration (not a whole-space statement),1024,frontier_no_feasible_solution_found_no_ration,0.265625,0.5498046875,,,,
2,SD-H0,0.1,SD12MO_MAIN9,SD-12MO,MAIN9,SD12MO_MAIN9:M2[N=128]@alpha=0.1,M2_joint_chance_saa,M2_joint_chance_saa[N=128],entry,False,not_met,,,"SAA over the N training scenarios proven infeasible for every alpha_train of the declared grid (training scenarios only; not a population, field or whole-space statement)",main_reference_plan_domain,cp_upper,,,,,False,0,4,0,,,,no scored grid candidate with a ration (not a whole-space statement),128,optimal,0.53125,0.53125,0.7223,0.7225,0.7298665342008623,"diagnostic frontier point (training scenarios only); not a method, never a member"
2,SD-H0,0.1,SD12MO_MAIN9,SD-12MO,MAIN9,SD12MO_MAIN9:M2[N=512]@alpha=0.1,M2_joint_chance_saa,M2_joint_chance_saa[N=512],entry,False,not_met,,,"SAA over the N training scenarios proven infeasible for every alpha_train of the declared grid (training scenarios only; not a population, field or whole-space statement)",main_reference_plan_domain,cp_upper,,,,,False,0,4,0,,,,no scored grid candidate with a ration (not a whole-space statement),512,frontier_no_feasible_solution_found_no_ration,0.41015625,0.521484375,,,,
2,SD-H0,0.1,SD12MO_MAIN9,SD-12MO,MAIN9,SD12MO_MAIN9:M3a[factory box]@alpha=0.1,M3a_box_robust,M3a_box_robust,entry,False,not_met,,,no value of the declared grid met the validation screen (candidate statuses: proven_infeasible); a grid without a solution is not a statement about the whole decision space,main_reference_plan_domain,cp_upper,,,,,False,0,5,0,,,,no scored grid candidate with a ration (not a whole-space statement),1024,frontier_no_feasible_solution_found_no_ration,0.265625,0.5498046875,,,,
2,SD-H0,0.1,SD12MO_MAIN9,SD-12MO,MAIN9,SD12MO_MAIN9:M3b[factory box]@alpha=0.1,M3b_budget_robust,M3b_budget_robust,entry,False,not_met,,,"no value of the declared grid met the validation screen (candidate statuses: optimal, proven_infeasible); a grid without a solution is not a statement about the whole decision space",main_reference_plan_domain,cp_upper,,,,,False,0,35,5,0.9563,0.9596137447540961,"gamma=0 {""k_box"": 1.0}",minimum attainable main-event rate_upper over the declared grid (descriptive; its cost is not a comparable cost),1024,frontier_no_feasible_solution_found_no_ration,0.265625,0.5498046875,,,,
2,SD-H0,0.1,SDH0_MAIN9,SD-H0,MAIN9,SDH0_MAIN9:M0,M0_nominal,M0_nominal,entry,True,,,optimal,,main_reference_plan_domain,cp_upper,0.9563,0.9563,0.9596137447540961,False,False,0,1,1,0.9563,0.9596137447540961,,minimum attainable main-event rate_upper over the declared grid (descriptive; its cost is not a comparable cost),1024,feasible_time_limit,0.3955078125,0.6923828125,0.6124,0.6128,0.6208372231126451,"diagnostic frontier point (training scenarios only); not a method, never a member"
2,SD-H0,0.1,SDH0_MAIN9,SD-H0,MAIN9,"SDH0_MAIN9:M1[relative,apply_to_dm=False]@alpha=0.1",M1_safety_margin,M1_safety_margin[apply_to_dm=False],sensitivity_line,False,not_met,,,"no value of the declared grid met the validation screen (candidate statuses: optimal, proven_infeasible); a grid without a solution is not a statement about the whole decision space",main_reference_plan_domain,cp_upper,,,,,False,0,5,1,0.9563,0.9596137447540961,k=0.0,minimum attainable main-event rate_upper over the declared grid (descriptive; its cost is not a comparable cost),1024,feasible_time_limit,0.3955078125,0.6923828125,0.6124,0.6128,0.6208372231126451,"diagnostic frontier point (training scenarios only); not a method, never a member"
2,SD-H0,0.1,SDH0_MAIN9,SD-H0,MAIN9,"SDH0_MAIN9:M1[relative,apply_to_dm=True]@alpha=0.1",M1_safety_margin,M1_safety_margin[apply_to_dm=True],entry,False,not_met,,,"no value of the declared grid met the validation screen (candidate statuses: optimal, proven_infeasible); a grid without a solution is not a statement about the whole decision space",main_reference_plan_domain,cp_upper,,,,,False,0,5,1,0.9563,0.9596137447540961,k=0.0,minimum attainable main-event rate_upper over the declared grid (descriptive; its cost is not a comparable cost),1024,feasible_time_limit,0.3955078125,0.6923828125,0.6124,0.6128,0.6208372231126451,"diagnostic frontier point (training scenarios only); not a method, never a member"
2,SD-H0,0.1,SDH0_MAIN9,SD-H0,MAIN9,SDH0_MAIN9:M2[N=1024]@alpha=0.1,M2_joint_chance_saa,M2_joint_chance_saa[N=1024],entry,False,not_met,,,"SAA over the N training scenarios proven infeasible for every alpha_train of the declared grid (training scenarios only; not a population, field or whole-space statement)",main_reference_plan_domain,cp_upper,,,,,False,0,4,0,,,,no scored grid candidate with a ration (not a whole-space statement),1024,feasible_time_limit,0.3955078125,0.6923828125,0.6124,0.6128,0.6208372231126451,"diagnostic frontier point (training scenarios only); not a method, never a member"
2,SD-H0,0.1,SDH0_MAIN9,SD-H0,MAIN9,SDH0_MAIN9:M2[N=128]@alpha=0.1,M2_joint_chance_saa,M2_joint_chance_saa[N=128],entry,False,not_met,,,"SAA over the N training scenarios proven infeasible for every alpha_train of the declared grid (training scenarios only; not a population, field or whole-space statement)",main_reference_plan_domain,cp_upper,,,,,False,0,4,0,,,,no scored grid candidate with a ration (not a whole-space statement),128,optimal,0.6796875,0.6796875,0.6708,0.6711,0.6788402131514004,"diagnostic frontier point (training scenarios only); not a method, never a member"
2,SD-H0,0.1,SDH0_MAIN9,SD-H0,MAIN9,SDH0_MAIN9:M2[N=512]@alpha=0.1,M2_joint_chance_saa,M2_joint_chance_saa[N=512],entry,False,not_met,,,"SAA over the N training scenarios proven infeasible for every alpha_train of the declared grid (training scenarios only; not a population, field or whole-space statement)",main_reference_plan_domain,cp_upper,,,,,False,0,4,0,,,,no scored grid candidate with a ration (not a whole-space statement),512,frontier_no_feasible_solution_found_no_ration,0.521484375,0.654296875,,,,
2,SD-H0,0.1,SDH0_MAIN9,SD-H0,MAIN9,SDH0_MAIN9:M3a[factory box]@alpha=0.1,M3a_box_robust,M3a_box_robust,entry,False,not_met,,,no value of the declared grid met the validation screen (candidate statuses: proven_infeasible); a grid without a solution is not a statement about the whole decision space,main_reference_plan_domain,cp_upper,,,,,False,0,5,0,,,,no scored grid candidate with a ration (not a whole-space statement),1024,feasible_time_limit,0.3955078125,0.6923828125,0.6124,0.6128,0.6208372231126451,"diagnostic frontier point (training scenarios only); not a method, never a member"
2,SD-H0,0.1,SDH0_MAIN9,SD-H0,MAIN9,SDH0_MAIN9:M3b[factory box]@alpha=0.1,M3b_budget_robust,M3b_budget_robust,entry,False,not_met,,,"no value of the declared grid met the validation screen (candidate statuses: optimal, proven_infeasible); a grid without a solution is not a statement about the whole decision space",main_reference_plan_domain,cp_upper,,,,,False,0,35,5,0.9563,0.9596137447540961,"gamma=0 {""k_box"": 1.0}",minimum attainable main-event rate_upper over the declared grid (descriptive; its cost is not a comparable cost),1024,feasible_time_limit,0.3955078125,0.6923828125,0.6124,0.6128,0.6208372231126451,"diagnostic frontier point (training scenarios only); not a method, never a member"
2,SD-H0,0.1,SDS2_MAIN9,SD-S2,MAIN9,SDS2_MAIN9:M0,M0_nominal,M0_nominal,entry,True,,,optimal,,main_reference_plan_domain,cp_upper,0.9563,0.9563,0.9596137447540961,False,False,0,1,1,0.9563,0.9596137447540961,,minimum attainable main-event rate_upper over the declared grid (descriptive; its cost is not a comparable cost),1024,frontier_no_feasible_solution_found_no_ration,0.14453125,0.3828125,,,,
2,SD-H0,0.1,SDS2_MAIN9,SD-S2,MAIN9,"SDS2_MAIN9:M1[relative,apply_to_dm=False]@alpha=0.1",M1_safety_margin,M1_safety_margin[apply_to_dm=False],sensitivity_line,False,not_met,,,"no value of the declared grid met the validation screen (candidate statuses: optimal, proven_infeasible); a grid without a solution is not a statement about the whole decision space",main_reference_plan_domain,cp_upper,,,,,False,0,5,1,0.9563,0.9596137447540961,k=0.0,minimum attainable main-event rate_upper over the declared grid (descriptive; its cost is not a comparable cost),1024,frontier_no_feasible_solution_found_no_ration,0.14453125,0.3828125,,,,
2,SD-H0,0.1,SDS2_MAIN9,SD-S2,MAIN9,"SDS2_MAIN9:M1[relative,apply_to_dm=True]@alpha=0.1",M1_safety_margin,M1_safety_margin[apply_to_dm=True],entry,False,not_met,,,"no value of the declared grid met the validation screen (candidate statuses: optimal, proven_infeasible); a grid without a solution is not a statement about the whole decision space",main_reference_plan_domain,cp_upper,,,,,False,0,5,1,0.9563,0.9596137447540961,k=0.0,minimum attainable main-event rate_upper over the declared grid (descriptive; its cost is not a comparable cost),1024,frontier_no_feasible_solution_found_no_ration,0.14453125,0.3828125,,,,
2,SD-H0,0.1,SDS2_MAIN9,SD-S2,MAIN9,SDS2_MAIN9:M2[N=1024]@alpha=0.1,M2_joint_chance_saa,M2_joint_chance_saa[N=1024],entry,False,not_met,,,"SAA over the N training scenarios proven infeasible for every alpha_train of the declared grid (training scenarios only; not a population, field or whole-space statement)",main_reference_plan_domain,cp_upper,,,,,False,0,4,0,,,,no scored grid candidate with a ration (not a whole-space statement),1024,frontier_no_feasible_solution_found_no_ration,0.14453125,0.3828125,,,,
2,SD-H0,0.1,SDS2_MAIN9,SD-S2,MAIN9,SDS2_MAIN9:M2[N=128]@alpha=0.1,M2_joint_chance_saa,M2_joint_chance_saa[N=128],entry,False,not_met,,,"SAA over the N training scenarios proven infeasible for every alpha_train of the declared grid (training scenarios only; not a population, field or whole-space statement)",main_reference_plan_domain,cp_upper,,,,,False,0,4,0,,,,no scored grid candidate with a ration (not a whole-space statement),128,optimal,0.3984375,0.3984375,0.7476,0.7478,0.7549392265689725,"diagnostic frontier point (training scenarios only); not a method, never a member"
2,SD-H0,0.1,SDS2_MAIN9,SD-S2,MAIN9,SDS2_MAIN9:M2[N=512]@alpha=0.1,M2_joint_chance_saa,M2_joint_chance_saa[N=512],entry,False,not_met,,,"SAA over the N training scenarios proven infeasible for every alpha_train of the declared grid (training scenarios only; not a population, field or whole-space statement)",main_reference_plan_domain,cp_upper,,,,,False,0,4,0,,,,no scored grid candidate with a ration (not a whole-space statement),512,frontier_no_feasible_solution_found_no_ration,0.23828125,0.384765625,,,,
2,SD-H0,0.1,SDS2_MAIN9,SD-S2,MAIN9,SDS2_MAIN9:M3a[factory box]@alpha=0.1,M3a_box_robust,M3a_box_robust,entry,False,not_met,,,no value of the declared grid met the validation screen (candidate statuses: proven_infeasible); a grid without a solution is not a statement about the whole decision space,main_reference_plan_domain,cp_upper,,,,,False,0,5,0,,,,no scored grid candidate with a ration (not a whole-space statement),1024,frontier_no_feasible_solution_found_no_ration,0.14453125,0.3828125,,,,
2,SD-H0,0.1,SDS2_MAIN9,SD-S2,MAIN9,SDS2_MAIN9:M3b[factory box]@alpha=0.1,M3b_budget_robust,M3b_budget_robust,entry,False,not_met,,,"no value of the declared grid met the validation screen (candidate statuses: optimal, proven_infeasible); a grid without a solution is not a statement about the whole decision space",main_reference_plan_domain,cp_upper,,,,,False,0,35,5,0.9563,0.9596137447540961,"gamma=0 {""k_box"": 1.0}",minimum attainable main-event rate_upper over the declared grid (descriptive; its cost is not a comparable cost),1024,frontier_no_feasible_solution_found_no_ration,0.14453125,0.3828125,,,,
2,SD-H0,0.1,SDSRC12_MAIN9,SD-SRC12,MAIN9,SDSRC12_MAIN9:M0,M0_nominal,M0_nominal,entry,True,,,optimal,,main_reference_plan_domain,cp_upper,0.9563,0.9563,0.9596137447540961,False,False,0,1,1,0.9563,0.9596137447540961,,minimum attainable main-event rate_upper over the declared grid (descriptive; its cost is not a comparable cost),1024,frontier_no_feasible_solution_found_no_ration,0.2607421875,0.6767578125,,,,
2,SD-H0,0.1,SDSRC12_MAIN9,SD-SRC12,MAIN9,"SDSRC12_MAIN9:M1[relative,apply_to_dm=False]@alpha=0.1",M1_safety_margin,M1_safety_margin[apply_to_dm=False],sensitivity_line,False,not_met,,,"no value of the declared grid met the validation screen (candidate statuses: optimal, proven_infeasible); a grid without a solution is not a statement about the whole decision space",main_reference_plan_domain,cp_upper,,,,,False,0,5,1,0.9563,0.9596137447540961,k=0.0,minimum attainable main-event rate_upper over the declared grid (descriptive; its cost is not a comparable cost),1024,frontier_no_feasible_solution_found_no_ration,0.2607421875,0.6767578125,,,,
2,SD-H0,0.1,SDSRC12_MAIN9,SD-SRC12,MAIN9,"SDSRC12_MAIN9:M1[relative,apply_to_dm=True]@alpha=0.1",M1_safety_margin,M1_safety_margin[apply_to_dm=True],entry,False,not_met,,,"no value of the declared grid met the validation screen (candidate statuses: optimal, proven_infeasible); a grid without a solution is not a statement about the whole decision space",main_reference_plan_domain,cp_upper,,,,,False,0,5,1,0.9563,0.9596137447540961,k=0.0,minimum attainable main-event rate_upper over the declared grid (descriptive; its cost is not a comparable cost),1024,frontier_no_feasible_solution_found_no_ration,0.2607421875,0.6767578125,,,,
2,SD-H0,0.1,SDSRC12_MAIN9,SD-SRC12,MAIN9,SDSRC12_MAIN9:M2[N=1024]@alpha=0.1,M2_joint_chance_saa,M2_joint_chance_saa[N=1024],entry,False,not_met,,,"SAA over the N training scenarios proven infeasible for every alpha_train of the declared grid (training scenarios only; not a population, field or whole-space statement)",main_reference_plan_domain,cp_upper,,,,,False,0,4,0,,,,no scored grid candidate with a ration (not a whole-space statement),1024,frontier_no_feasible_solution_found_no_ration,0.2607421875,0.6767578125,,,,
2,SD-H0,0.1,SDSRC12_MAIN9,SD-SRC12,MAIN9,SDSRC12_MAIN9:M2[N=128]@alpha=0.1,M2_joint_chance_saa,M2_joint_chance_saa[N=128],entry,False,not_met,,,"SAA over the N training scenarios proven infeasible for every alpha_train of the declared grid (training scenarios only; not a population, field or whole-space statement)",main_reference_plan_domain,cp_upper,,,,,False,0,4,0,,,,no scored grid candidate with a ration (not a whole-space statement),128,optimal,0.6328125,0.6328125,0.6494,0.6497,0.65756405938934,"diagnostic frontier point (training scenarios only); not a method, never a member"
2,SD-H0,0.1,SDSRC12_MAIN9,SD-SRC12,MAIN9,SDSRC12_MAIN9:M2[N=512]@alpha=0.1,M2_joint_chance_saa,M2_joint_chance_saa[N=512],entry,False,not_met,,,"SAA over the N training scenarios proven infeasible for every alpha_train of the declared grid (training scenarios only; not a population, field or whole-space statement)",main_reference_plan_domain,cp_upper,,,,,False,0,4,0,,,,no scored grid candidate with a ration (not a whole-space statement),512,frontier_no_feasible_solution_found_no_ration,0.4375,0.662109375,,,,
2,SD-H0,0.1,SDSRC12_MAIN9,SD-SRC12,MAIN9,SDSRC12_MAIN9:M3a[factory box]@alpha=0.1,M3a_box_robust,M3a_box_robust,entry,False,not_met,,,no value of the declared grid met the validation screen (candidate statuses: proven_infeasible); a grid without a solution is not a statement about the whole decision space,main_reference_plan_domain,cp_upper,,,,,False,0,5,0,,,,no scored grid candidate with a ration (not a whole-space statement),1024,frontier_no_feasible_solution_found_no_ration,0.2607421875,0.6767578125,,,,
2,SD-H0,0.1,SDSRC12_MAIN9,SD-SRC12,MAIN9,SDSRC12_MAIN9:M3b[factory box]@alpha=0.1,M3b_budget_robust,M3b_budget_robust,entry,False,not_met,,,"no value of the declared grid met the validation screen (candidate statuses: optimal, proven_infeasible); a grid without a solution is not a statement about the whole decision space",main_reference_plan_domain,cp_upper,,,,,False,0,35,5,0.9563,0.9596137447540961,"gamma=0 {""k_box"": 1.0}",minimum attainable main-event rate_upper over the declared grid (descriptive; its cost is not a comparable cost),1024,frontier_no_feasible_solution_found_no_ration,0.2607421875,0.6767578125,,,,
2,SD-H0,0.1,SDSRC14_MAIN9,SD-SRC14,MAIN9,SDSRC14_MAIN9:M0,M0_nominal,M0_nominal,entry,True,,,optimal,,main_reference_plan_domain,cp_upper,0.9563,0.9563,0.9596137447540961,False,False,0,1,1,0.9563,0.9596137447540961,,minimum attainable main-event rate_upper over the declared grid (descriptive; its cost is not a comparable cost),1024,frontier_no_feasible_solution_found_no_ration,0.123046875,0.5205078125,,,,
2,SD-H0,0.1,SDSRC14_MAIN9,SD-SRC14,MAIN9,"SDSRC14_MAIN9:M1[relative,apply_to_dm=False]@alpha=0.1",M1_safety_margin,M1_safety_margin[apply_to_dm=False],sensitivity_line,False,not_met,,,"no value of the declared grid met the validation screen (candidate statuses: optimal, proven_infeasible); a grid without a solution is not a statement about the whole decision space",main_reference_plan_domain,cp_upper,,,,,False,0,5,1,0.9563,0.9596137447540961,k=0.0,minimum attainable main-event rate_upper over the declared grid (descriptive; its cost is not a comparable cost),1024,frontier_no_feasible_solution_found_no_ration,0.123046875,0.5205078125,,,,
2,SD-H0,0.1,SDSRC14_MAIN9,SD-SRC14,MAIN9,"SDSRC14_MAIN9:M1[relative,apply_to_dm=True]@alpha=0.1",M1_safety_margin,M1_safety_margin[apply_to_dm=True],entry,False,not_met,,,"no value of the declared grid met the validation screen (candidate statuses: optimal, proven_infeasible); a grid without a solution is not a statement about the whole decision space",main_reference_plan_domain,cp_upper,,,,,False,0,5,1,0.9563,0.9596137447540961,k=0.0,minimum attainable main-event rate_upper over the declared grid (descriptive; its cost is not a comparable cost),1024,frontier_no_feasible_solution_found_no_ration,0.123046875,0.5205078125,,,,
2,SD-H0,0.1,SDSRC14_MAIN9,SD-SRC14,MAIN9,SDSRC14_MAIN9:M2[N=1024]@alpha=0.1,M2_joint_chance_saa,M2_joint_chance_saa[N=1024],entry,False,not_met,,,"SAA over the N training scenarios proven infeasible for every alpha_train of the declared grid (training scenarios only; not a population, field or whole-space statement)",main_reference_plan_domain,cp_upper,,,,,False,0,4,0,,,,no scored grid candidate with a ration (not a whole-space statement),1024,frontier_no_feasible_solution_found_no_ration,0.123046875,0.5205078125,,,,
2,SD-H0,0.1,SDSRC14_MAIN9,SD-SRC14,MAIN9,SDSRC14_MAIN9:M2[N=128]@alpha=0.1,M2_joint_chance_saa,M2_joint_chance_saa[N=128],entry,False,not_met,,,"SAA over the N training scenarios proven infeasible for every alpha_train of the declared grid (training scenarios only; not a population, field or whole-space statement)",main_reference_plan_domain,cp_upper,,,,,False,0,4,0,,,,no scored grid candidate with a ration (not a whole-space statement),128,optimal,0.4609375,0.5,0.7181,0.7184,0.7258005406365217,"diagnostic frontier point (training scenarios only); not a method, never a member"
2,SD-H0,0.1,SDSRC14_MAIN9,SD-SRC14,MAIN9,SDSRC14_MAIN9:M2[N=512]@alpha=0.1,M2_joint_chance_saa,M2_joint_chance_saa[N=512],entry,False,not_met,,,"SAA over the N training scenarios proven infeasible for every alpha_train of the declared grid (training scenarios only; not a population, field or whole-space statement)",main_reference_plan_domain,cp_upper,,,,,False,0,4,0,,,,no scored grid candidate with a ration (not a whole-space statement),512,frontier_no_feasible_solution_found_no_ration,0.2890625,0.5,,,,
2,SD-H0,0.1,SDSRC14_MAIN9,SD-SRC14,MAIN9,SDSRC14_MAIN9:M3a[factory box]@alpha=0.1,M3a_box_robust,M3a_box_robust,entry,False,not_met,,,no value of the declared grid met the validation screen (candidate statuses: proven_infeasible); a grid without a solution is not a statement about the whole decision space,main_reference_plan_domain,cp_upper,,,,,False,0,5,0,,,,no scored grid candidate with a ration (not a whole-space statement),1024,frontier_no_feasible_solution_found_no_ration,0.123046875,0.5205078125,,,,
2,SD-H0,0.1,SDSRC14_MAIN9,SD-SRC14,MAIN9,SDSRC14_MAIN9:M3b[factory box]@alpha=0.1,M3b_budget_robust,M3b_budget_robust,entry,False,not_met,,,"no value of the declared grid met the validation screen (candidate statuses: optimal, proven_infeasible); a grid without a solution is not a statement about the whole decision space",main_reference_plan_domain,cp_upper,,,,,False,0,35,5,0.9563,0.9596137447540961,"gamma=0 {""k_box"": 1.0}",minimum attainable main-event rate_upper over the declared grid (descriptive; its cost is not a comparable cost),1024,frontier_no_feasible_solution_found_no_ration,0.123046875,0.5205078125,,,,
2,SD-H0,0.01,SD12MO_MAIN9,SD-12MO,MAIN9,SD12MO_MAIN9:M0,M0_nominal,M0_nominal,entry,True,,,optimal,,main_reference_plan_domain,cp_upper,0.9563,0.9563,0.9596137447540961,False,False,0,1,1,0.9563,0.9596137447540961,,minimum attainable main-event rate_upper over the declared grid (descriptive; its cost is not a comparable cost),1024,frontier_no_feasible_solution_found_no_ration,0.265625,0.5498046875,,,,
2,SD-H0,0.01,SD12MO_MAIN9,SD-12MO,MAIN9,"SD12MO_MAIN9:M1[relative,apply_to_dm=False]@alpha=0.01",M1_safety_margin,M1_safety_margin[apply_to_dm=False],sensitivity_line,False,not_met,,,"no value of the declared grid met the validation screen (candidate statuses: optimal, proven_infeasible); a grid without a solution is not a statement about the whole decision space",main_reference_plan_domain,cp_upper,,,,,False,0,5,1,0.9563,0.9596137447540961,k=0.0,minimum attainable main-event rate_upper over the declared grid (descriptive; its cost is not a comparable cost),1024,frontier_no_feasible_solution_found_no_ration,0.265625,0.5498046875,,,,
2,SD-H0,0.01,SD12MO_MAIN9,SD-12MO,MAIN9,"SD12MO_MAIN9:M1[relative,apply_to_dm=True]@alpha=0.01",M1_safety_margin,M1_safety_margin[apply_to_dm=True],entry,False,not_met,,,"no value of the declared grid met the validation screen (candidate statuses: optimal, proven_infeasible); a grid without a solution is not a statement about the whole decision space",main_reference_plan_domain,cp_upper,,,,,False,0,5,1,0.9563,0.9596137447540961,k=0.0,minimum attainable main-event rate_upper over the declared grid (descriptive; its cost is not a comparable cost),1024,frontier_no_feasible_solution_found_no_ration,0.265625,0.5498046875,,,,
2,SD-H0,0.01,SD12MO_MAIN9,SD-12MO,MAIN9,SD12MO_MAIN9:M2[N=1024]@alpha=0.01,M2_joint_chance_saa,M2_joint_chance_saa[N=1024],entry,False,not_met,,,"SAA over the N training scenarios proven infeasible for every alpha_train of the declared grid (training scenarios only; not a population, field or whole-space statement)",main_reference_plan_domain,cp_upper,,,,,False,0,4,0,,,,no scored grid candidate with a ration (not a whole-space statement),1024,frontier_no_feasible_solution_found_no_ration,0.265625,0.5498046875,,,,
2,SD-H0,0.01,SD12MO_MAIN9,SD-12MO,MAIN9,SD12MO_MAIN9:M2[N=128]@alpha=0.01,M2_joint_chance_saa,M2_joint_chance_saa[N=128],entry,False,not_met,,,"SAA over the N training scenarios proven infeasible for every alpha_train of the declared grid (training scenarios only; not a population, field or whole-space statement)",main_reference_plan_domain,cp_upper,,,,,False,0,4,0,,,,no scored grid candidate with a ration (not a whole-space statement),128,optimal,0.53125,0.53125,0.7223,0.7225,0.7298665342008623,"diagnostic frontier point (training scenarios only); not a method, never a member"
2,SD-H0,0.01,SD12MO_MAIN9,SD-12MO,MAIN9,SD12MO_MAIN9:M2[N=512]@alpha=0.01,M2_joint_chance_saa,M2_joint_chance_saa[N=512],entry,False,not_met,,,"SAA over the N training scenarios proven infeasible for every alpha_train of the declared grid (training scenarios only; not a population, field or whole-space statement)",main_reference_plan_domain,cp_upper,,,,,False,0,4,0,,,,no scored grid candidate with a ration (not a whole-space statement),512,frontier_no_feasible_solution_found_no_ration,0.41015625,0.521484375,,,,
2,SD-H0,0.01,SD12MO_MAIN9,SD-12MO,MAIN9,SD12MO_MAIN9:M3a[factory box]@alpha=0.01,M3a_box_robust,M3a_box_robust,entry,False,not_met,,,no value of the declared grid met the validation screen (candidate statuses: proven_infeasible); a grid without a solution is not a statement about the whole decision space,main_reference_plan_domain,cp_upper,,,,,False,0,5,0,,,,no scored grid candidate with a ration (not a whole-space statement),1024,frontier_no_feasible_solution_found_no_ration,0.265625,0.5498046875,,,,
2,SD-H0,0.01,SD12MO_MAIN9,SD-12MO,MAIN9,SD12MO_MAIN9:M3b[factory box]@alpha=0.01,M3b_budget_robust,M3b_budget_robust,entry,False,not_met,,,"no value of the declared grid met the validation screen (candidate statuses: optimal, proven_infeasible); a grid without a solution is not a statement about the whole decision space",main_reference_plan_domain,cp_upper,,,,,False,0,35,5,0.9563,0.9596137447540961,"gamma=0 {""k_box"": 1.0}",minimum attainable main-event rate_upper over the declared grid (descriptive; its cost is not a comparable cost),1024,frontier_no_feasible_solution_found_no_ration,0.265625,0.5498046875,,,,
2,SD-H0,0.01,SDH0_MAIN9,SD-H0,MAIN9,SDH0_MAIN9:M0,M0_nominal,M0_nominal,entry,True,,,optimal,,main_reference_plan_domain,cp_upper,0.9563,0.9563,0.9596137447540961,False,False,0,1,1,0.9563,0.9596137447540961,,minimum attainable main-event rate_upper over the declared grid (descriptive; its cost is not a comparable cost),1024,feasible_time_limit,0.3955078125,0.6923828125,0.6124,0.6128,0.6208372231126451,"diagnostic frontier point (training scenarios only); not a method, never a member"
2,SD-H0,0.01,SDH0_MAIN9,SD-H0,MAIN9,"SDH0_MAIN9:M1[relative,apply_to_dm=False]@alpha=0.01",M1_safety_margin,M1_safety_margin[apply_to_dm=False],sensitivity_line,False,not_met,,,"no value of the declared grid met the validation screen (candidate statuses: optimal, proven_infeasible); a grid without a solution is not a statement about the whole decision space",main_reference_plan_domain,cp_upper,,,,,False,0,5,1,0.9563,0.9596137447540961,k=0.0,minimum attainable main-event rate_upper over the declared grid (descriptive; its cost is not a comparable cost),1024,feasible_time_limit,0.3955078125,0.6923828125,0.6124,0.6128,0.6208372231126451,"diagnostic frontier point (training scenarios only); not a method, never a member"
2,SD-H0,0.01,SDH0_MAIN9,SD-H0,MAIN9,"SDH0_MAIN9:M1[relative,apply_to_dm=True]@alpha=0.01",M1_safety_margin,M1_safety_margin[apply_to_dm=True],entry,False,not_met,,,"no value of the declared grid met the validation screen (candidate statuses: optimal, proven_infeasible); a grid without a solution is not a statement about the whole decision space",main_reference_plan_domain,cp_upper,,,,,False,0,5,1,0.9563,0.9596137447540961,k=0.0,minimum attainable main-event rate_upper over the declared grid (descriptive; its cost is not a comparable cost),1024,feasible_time_limit,0.3955078125,0.6923828125,0.6124,0.6128,0.6208372231126451,"diagnostic frontier point (training scenarios only); not a method, never a member"
2,SD-H0,0.01,SDH0_MAIN9,SD-H0,MAIN9,SDH0_MAIN9:M2[N=1024]@alpha=0.01,M2_joint_chance_saa,M2_joint_chance_saa[N=1024],entry,False,not_met,,,"SAA over the N training scenarios proven infeasible for every alpha_train of the declared grid (training scenarios only; not a population, field or whole-space statement)",main_reference_plan_domain,cp_upper,,,,,False,0,4,0,,,,no scored grid candidate with a ration (not a whole-space statement),1024,feasible_time_limit,0.3955078125,0.6923828125,0.6124,0.6128,0.6208372231126451,"diagnostic frontier point (training scenarios only); not a method, never a member"
2,SD-H0,0.01,SDH0_MAIN9,SD-H0,MAIN9,SDH0_MAIN9:M2[N=128]@alpha=0.01,M2_joint_chance_saa,M2_joint_chance_saa[N=128],entry,False,not_met,,,"SAA over the N training scenarios proven infeasible for every alpha_train of the declared grid (training scenarios only; not a population, field or whole-space statement)",main_reference_plan_domain,cp_upper,,,,,False,0,4,0,,,,no scored grid candidate with a ration (not a whole-space statement),128,optimal,0.6796875,0.6796875,0.6708,0.6711,0.6788402131514004,"diagnostic frontier point (training scenarios only); not a method, never a member"
2,SD-H0,0.01,SDH0_MAIN9,SD-H0,MAIN9,SDH0_MAIN9:M2[N=512]@alpha=0.01,M2_joint_chance_saa,M2_joint_chance_saa[N=512],entry,False,not_met,,,"SAA over the N training scenarios proven infeasible for every alpha_train of the declared grid (training scenarios only; not a population, field or whole-space statement)",main_reference_plan_domain,cp_upper,,,,,False,0,4,0,,,,no scored grid candidate with a ration (not a whole-space statement),512,frontier_no_feasible_solution_found_no_ration,0.521484375,0.654296875,,,,
2,SD-H0,0.01,SDH0_MAIN9,SD-H0,MAIN9,SDH0_MAIN9:M3a[factory box]@alpha=0.01,M3a_box_robust,M3a_box_robust,entry,False,not_met,,,no value of the declared grid met the validation screen (candidate statuses: proven_infeasible); a grid without a solution is not a statement about the whole decision space,main_reference_plan_domain,cp_upper,,,,,False,0,5,0,,,,no scored grid candidate with a ration (not a whole-space statement),1024,feasible_time_limit,0.3955078125,0.6923828125,0.6124,0.6128,0.6208372231126451,"diagnostic frontier point (training scenarios only); not a method, never a member"
2,SD-H0,0.01,SDH0_MAIN9,SD-H0,MAIN9,SDH0_MAIN9:M3b[factory box]@alpha=0.01,M3b_budget_robust,M3b_budget_robust,entry,False,not_met,,,"no value of the declared grid met the validation screen (candidate statuses: optimal, proven_infeasible); a grid without a solution is not a statement about the whole decision space",main_reference_plan_domain,cp_upper,,,,,False,0,35,5,0.9563,0.9596137447540961,"gamma=0 {""k_box"": 1.0}",minimum attainable main-event rate_upper over the declared grid (descriptive; its cost is not a comparable cost),1024,feasible_time_limit,0.3955078125,0.6923828125,0.6124,0.6128,0.6208372231126451,"diagnostic frontier point (training scenarios only); not a method, never a member"
2,SD-H0,0.01,SDS2_MAIN9,SD-S2,MAIN9,SDS2_MAIN9:M0,M0_nominal,M0_nominal,entry,True,,,optimal,,main_reference_plan_domain,cp_upper,0.9563,0.9563,0.9596137447540961,False,False,0,1,1,0.9563,0.9596137447540961,,minimum attainable main-event rate_upper over the declared grid (descriptive; its cost is not a comparable cost),1024,frontier_no_feasible_solution_found_no_ration,0.14453125,0.3828125,,,,
2,SD-H0,0.01,SDS2_MAIN9,SD-S2,MAIN9,"SDS2_MAIN9:M1[relative,apply_to_dm=False]@alpha=0.01",M1_safety_margin,M1_safety_margin[apply_to_dm=False],sensitivity_line,False,not_met,,,"no value of the declared grid met the validation screen (candidate statuses: optimal, proven_infeasible); a grid without a solution is not a statement about the whole decision space",main_reference_plan_domain,cp_upper,,,,,False,0,5,1,0.9563,0.9596137447540961,k=0.0,minimum attainable main-event rate_upper over the declared grid (descriptive; its cost is not a comparable cost),1024,frontier_no_feasible_solution_found_no_ration,0.14453125,0.3828125,,,,
2,SD-H0,0.01,SDS2_MAIN9,SD-S2,MAIN9,"SDS2_MAIN9:M1[relative,apply_to_dm=True]@alpha=0.01",M1_safety_margin,M1_safety_margin[apply_to_dm=True],entry,False,not_met,,,"no value of the declared grid met the validation screen (candidate statuses: optimal, proven_infeasible); a grid without a solution is not a statement about the whole decision space",main_reference_plan_domain,cp_upper,,,,,False,0,5,1,0.9563,0.9596137447540961,k=0.0,minimum attainable main-event rate_upper over the declared grid (descriptive; its cost is not a comparable cost),1024,frontier_no_feasible_solution_found_no_ration,0.14453125,0.3828125,,,,
2,SD-H0,0.01,SDS2_MAIN9,SD-S2,MAIN9,SDS2_MAIN9:M2[N=1024]@alpha=0.01,M2_joint_chance_saa,M2_joint_chance_saa[N=1024],entry,False,not_met,,,"SAA over the N training scenarios proven infeasible for every alpha_train of the declared grid (training scenarios only; not a population, field or whole-space statement)",main_reference_plan_domain,cp_upper,,,,,False,0,4,0,,,,no scored grid candidate with a ration (not a whole-space statement),1024,frontier_no_feasible_solution_found_no_ration,0.14453125,0.3828125,,,,
2,SD-H0,0.01,SDS2_MAIN9,SD-S2,MAIN9,SDS2_MAIN9:M2[N=128]@alpha=0.01,M2_joint_chance_saa,M2_joint_chance_saa[N=128],entry,False,not_met,,,"SAA over the N training scenarios proven infeasible for every alpha_train of the declared grid (training scenarios only; not a population, field or whole-space statement)",main_reference_plan_domain,cp_upper,,,,,False,0,4,0,,,,no scored grid candidate with a ration (not a whole-space statement),128,optimal,0.3984375,0.3984375,0.7476,0.7478,0.7549392265689725,"diagnostic frontier point (training scenarios only); not a method, never a member"
2,SD-H0,0.01,SDS2_MAIN9,SD-S2,MAIN9,SDS2_MAIN9:M2[N=512]@alpha=0.01,M2_joint_chance_saa,M2_joint_chance_saa[N=512],entry,False,not_met,,,"SAA over the N training scenarios proven infeasible for every alpha_train of the declared grid (training scenarios only; not a population, field or whole-space statement)",main_reference_plan_domain,cp_upper,,,,,False,0,4,0,,,,no scored grid candidate with a ration (not a whole-space statement),512,frontier_no_feasible_solution_found_no_ration,0.23828125,0.384765625,,,,
2,SD-H0,0.01,SDS2_MAIN9,SD-S2,MAIN9,SDS2_MAIN9:M3a[factory box]@alpha=0.01,M3a_box_robust,M3a_box_robust,entry,False,not_met,,,no value of the declared grid met the validation screen (candidate statuses: proven_infeasible); a grid without a solution is not a statement about the whole decision space,main_reference_plan_domain,cp_upper,,,,,False,0,5,0,,,,no scored grid candidate with a ration (not a whole-space statement),1024,frontier_no_feasible_solution_found_no_ration,0.14453125,0.3828125,,,,
2,SD-H0,0.01,SDS2_MAIN9,SD-S2,MAIN9,SDS2_MAIN9:M3b[factory box]@alpha=0.01,M3b_budget_robust,M3b_budget_robust,entry,False,not_met,,,"no value of the declared grid met the validation screen (candidate statuses: optimal, proven_infeasible); a grid without a solution is not a statement about the whole decision space",main_reference_plan_domain,cp_upper,,,,,False,0,35,5,0.9563,0.9596137447540961,"gamma=0 {""k_box"": 1.0}",minimum attainable main-event rate_upper over the declared grid (descriptive; its cost is not a comparable cost),1024,frontier_no_feasible_solution_found_no_ration,0.14453125,0.3828125,,,,
2,SD-H0,0.01,SDSRC12_MAIN9,SD-SRC12,MAIN9,SDSRC12_MAIN9:M0,M0_nominal,M0_nominal,entry,True,,,optimal,,main_reference_plan_domain,cp_upper,0.9563,0.9563,0.9596137447540961,False,False,0,1,1,0.9563,0.9596137447540961,,minimum attainable main-event rate_upper over the declared grid (descriptive; its cost is not a comparable cost),1024,frontier_no_feasible_solution_found_no_ration,0.2607421875,0.6767578125,,,,
2,SD-H0,0.01,SDSRC12_MAIN9,SD-SRC12,MAIN9,"SDSRC12_MAIN9:M1[relative,apply_to_dm=False]@alpha=0.01",M1_safety_margin,M1_safety_margin[apply_to_dm=False],sensitivity_line,False,not_met,,,"no value of the declared grid met the validation screen (candidate statuses: optimal, proven_infeasible); a grid without a solution is not a statement about the whole decision space",main_reference_plan_domain,cp_upper,,,,,False,0,5,1,0.9563,0.9596137447540961,k=0.0,minimum attainable main-event rate_upper over the declared grid (descriptive; its cost is not a comparable cost),1024,frontier_no_feasible_solution_found_no_ration,0.2607421875,0.6767578125,,,,
2,SD-H0,0.01,SDSRC12_MAIN9,SD-SRC12,MAIN9,"SDSRC12_MAIN9:M1[relative,apply_to_dm=True]@alpha=0.01",M1_safety_margin,M1_safety_margin[apply_to_dm=True],entry,False,not_met,,,"no value of the declared grid met the validation screen (candidate statuses: optimal, proven_infeasible); a grid without a solution is not a statement about the whole decision space",main_reference_plan_domain,cp_upper,,,,,False,0,5,1,0.9563,0.9596137447540961,k=0.0,minimum attainable main-event rate_upper over the declared grid (descriptive; its cost is not a comparable cost),1024,frontier_no_feasible_solution_found_no_ration,0.2607421875,0.6767578125,,,,
2,SD-H0,0.01,SDSRC12_MAIN9,SD-SRC12,MAIN9,SDSRC12_MAIN9:M2[N=1024]@alpha=0.01,M2_joint_chance_saa,M2_joint_chance_saa[N=1024],entry,False,not_met,,,"SAA over the N training scenarios proven infeasible for every alpha_train of the declared grid (training scenarios only; not a population, field or whole-space statement)",main_reference_plan_domain,cp_upper,,,,,False,0,4,0,,,,no scored grid candidate with a ration (not a whole-space statement),1024,frontier_no_feasible_solution_found_no_ration,0.2607421875,0.6767578125,,,,
2,SD-H0,0.01,SDSRC12_MAIN9,SD-SRC12,MAIN9,SDSRC12_MAIN9:M2[N=128]@alpha=0.01,M2_joint_chance_saa,M2_joint_chance_saa[N=128],entry,False,not_met,,,"SAA over the N training scenarios proven infeasible for every alpha_train of the declared grid (training scenarios only; not a population, field or whole-space statement)",main_reference_plan_domain,cp_upper,,,,,False,0,4,0,,,,no scored grid candidate with a ration (not a whole-space statement),128,optimal,0.6328125,0.6328125,0.6494,0.6497,0.65756405938934,"diagnostic frontier point (training scenarios only); not a method, never a member"
2,SD-H0,0.01,SDSRC12_MAIN9,SD-SRC12,MAIN9,SDSRC12_MAIN9:M2[N=512]@alpha=0.01,M2_joint_chance_saa,M2_joint_chance_saa[N=512],entry,False,not_met,,,"SAA over the N training scenarios proven infeasible for every alpha_train of the declared grid (training scenarios only; not a population, field or whole-space statement)",main_reference_plan_domain,cp_upper,,,,,False,0,4,0,,,,no scored grid candidate with a ration (not a whole-space statement),512,frontier_no_feasible_solution_found_no_ration,0.4375,0.662109375,,,,
2,SD-H0,0.01,SDSRC12_MAIN9,SD-SRC12,MAIN9,SDSRC12_MAIN9:M3a[factory box]@alpha=0.01,M3a_box_robust,M3a_box_robust,entry,False,not_met,,,no value of the declared grid met the validation screen (candidate statuses: proven_infeasible); a grid without a solution is not a statement about the whole decision space,main_reference_plan_domain,cp_upper,,,,,False,0,5,0,,,,no scored grid candidate with a ration (not a whole-space statement),1024,frontier_no_feasible_solution_found_no_ration,0.2607421875,0.6767578125,,,,
2,SD-H0,0.01,SDSRC12_MAIN9,SD-SRC12,MAIN9,SDSRC12_MAIN9:M3b[factory box]@alpha=0.01,M3b_budget_robust,M3b_budget_robust,entry,False,not_met,,,"no value of the declared grid met the validation screen (candidate statuses: optimal, proven_infeasible); a grid without a solution is not a statement about the whole decision space",main_reference_plan_domain,cp_upper,,,,,False,0,35,5,0.9563,0.9596137447540961,"gamma=0 {""k_box"": 1.0}",minimum attainable main-event rate_upper over the declared grid (descriptive; its cost is not a comparable cost),1024,frontier_no_feasible_solution_found_no_ration,0.2607421875,0.6767578125,,,,
2,SD-H0,0.01,SDSRC14_MAIN9,SD-SRC14,MAIN9,SDSRC14_MAIN9:M0,M0_nominal,M0_nominal,entry,True,,,optimal,,main_reference_plan_domain,cp_upper,0.9563,0.9563,0.9596137447540961,False,False,0,1,1,0.9563,0.9596137447540961,,minimum attainable main-event rate_upper over the declared grid (descriptive; its cost is not a comparable cost),1024,frontier_no_feasible_solution_found_no_ration,0.123046875,0.5205078125,,,,
2,SD-H0,0.01,SDSRC14_MAIN9,SD-SRC14,MAIN9,"SDSRC14_MAIN9:M1[relative,apply_to_dm=False]@alpha=0.01",M1_safety_margin,M1_safety_margin[apply_to_dm=False],sensitivity_line,False,not_met,,,"no value of the declared grid met the validation screen (candidate statuses: optimal, proven_infeasible); a grid without a solution is not a statement about the whole decision space",main_reference_plan_domain,cp_upper,,,,,False,0,5,1,0.9563,0.9596137447540961,k=0.0,minimum attainable main-event rate_upper over the declared grid (descriptive; its cost is not a comparable cost),1024,frontier_no_feasible_solution_found_no_ration,0.123046875,0.5205078125,,,,
2,SD-H0,0.01,SDSRC14_MAIN9,SD-SRC14,MAIN9,"SDSRC14_MAIN9:M1[relative,apply_to_dm=True]@alpha=0.01",M1_safety_margin,M1_safety_margin[apply_to_dm=True],entry,False,not_met,,,"no value of the declared grid met the validation screen (candidate statuses: optimal, proven_infeasible); a grid without a solution is not a statement about the whole decision space",main_reference_plan_domain,cp_upper,,,,,False,0,5,1,0.9563,0.9596137447540961,k=0.0,minimum attainable main-event rate_upper over the declared grid (descriptive; its cost is not a comparable cost),1024,frontier_no_feasible_solution_found_no_ration,0.123046875,0.5205078125,,,,
2,SD-H0,0.01,SDSRC14_MAIN9,SD-SRC14,MAIN9,SDSRC14_MAIN9:M2[N=1024]@alpha=0.01,M2_joint_chance_saa,M2_joint_chance_saa[N=1024],entry,False,not_met,,,"SAA over the N training scenarios proven infeasible for every alpha_train of the declared grid (training scenarios only; not a population, field or whole-space statement)",main_reference_plan_domain,cp_upper,,,,,False,0,4,0,,,,no scored grid candidate with a ration (not a whole-space statement),1024,frontier_no_feasible_solution_found_no_ration,0.123046875,0.5205078125,,,,
2,SD-H0,0.01,SDSRC14_MAIN9,SD-SRC14,MAIN9,SDSRC14_MAIN9:M2[N=128]@alpha=0.01,M2_joint_chance_saa,M2_joint_chance_saa[N=128],entry,False,not_met,,,"SAA over the N training scenarios proven infeasible for every alpha_train of the declared grid (training scenarios only; not a population, field or whole-space statement)",main_reference_plan_domain,cp_upper,,,,,False,0,4,0,,,,no scored grid candidate with a ration (not a whole-space statement),128,optimal,0.4609375,0.5,0.7181,0.7184,0.7258005406365217,"diagnostic frontier point (training scenarios only); not a method, never a member"
2,SD-H0,0.01,SDSRC14_MAIN9,SD-SRC14,MAIN9,SDSRC14_MAIN9:M2[N=512]@alpha=0.01,M2_joint_chance_saa,M2_joint_chance_saa[N=512],entry,False,not_met,,,"SAA over the N training scenarios proven infeasible for every alpha_train of the declared grid (training scenarios only; not a population, field or whole-space statement)",main_reference_plan_domain,cp_upper,,,,,False,0,4,0,,,,no scored grid candidate with a ration (not a whole-space statement),512,frontier_no_feasible_solution_found_no_ration,0.2890625,0.5,,,,
2,SD-H0,0.01,SDSRC14_MAIN9,SD-SRC14,MAIN9,SDSRC14_MAIN9:M3a[factory box]@alpha=0.01,M3a_box_robust,M3a_box_robust,entry,False,not_met,,,no value of the declared grid met the validation screen (candidate statuses: proven_infeasible); a grid without a solution is not a statement about the whole decision space,main_reference_plan_domain,cp_upper,,,,,False,0,5,0,,,,no scored grid candidate with a ration (not a whole-space statement),1024,frontier_no_feasible_solution_found_no_ration,0.123046875,0.5205078125,,,,
2,SD-H0,0.01,SDSRC14_MAIN9,SD-SRC14,MAIN9,SDSRC14_MAIN9:M3b[factory box]@alpha=0.01,M3b_budget_robust,M3b_budget_robust,entry,False,not_met,,,"no value of the declared grid met the validation screen (candidate statuses: optimal, proven_infeasible); a grid without a solution is not a statement about the whole decision space",main_reference_plan_domain,cp_upper,,,,,False,0,35,5,0.9563,0.9596137447540961,"gamma=0 {""k_box"": 1.0}",minimum attainable main-event rate_upper over the declared grid (descriptive; its cost is not a comparable cost),1024,frontier_no_feasible_solution_found_no_ration,0.123046875,0.5205078125,,,,
2,SD-S2,0.05,SD12MO_MAIN9,SD-12MO,MAIN9,SD12MO_MAIN9:M0,M0_nominal,M0_nominal,entry,True,,,optimal,,main_reference_plan_domain,cp_upper,0.9668,0.9668,0.9696957782503732,False,False,0,1,1,0.9668,0.9696957782503732,,minimum attainable main-event rate_upper over the declared grid (descriptive; its cost is not a comparable cost),1024,frontier_no_feasible_solution_found_no_ration,0.265625,0.5498046875,,,,
2,SD-S2,0.05,SD12MO_MAIN9,SD-12MO,MAIN9,"SD12MO_MAIN9:M1[relative,apply_to_dm=False]@alpha=0.05",M1_safety_margin,M1_safety_margin[apply_to_dm=False],sensitivity_line,False,not_met,,,"no value of the declared grid met the validation screen (candidate statuses: optimal, proven_infeasible); a grid without a solution is not a statement about the whole decision space",main_reference_plan_domain,cp_upper,,,,,False,0,5,1,0.9668,0.9696957782503732,k=0.0,minimum attainable main-event rate_upper over the declared grid (descriptive; its cost is not a comparable cost),1024,frontier_no_feasible_solution_found_no_ration,0.265625,0.5498046875,,,,
2,SD-S2,0.05,SD12MO_MAIN9,SD-12MO,MAIN9,"SD12MO_MAIN9:M1[relative,apply_to_dm=True]@alpha=0.05",M1_safety_margin,M1_safety_margin[apply_to_dm=True],entry,False,not_met,,,"no value of the declared grid met the validation screen (candidate statuses: optimal, proven_infeasible); a grid without a solution is not a statement about the whole decision space",main_reference_plan_domain,cp_upper,,,,,False,0,5,1,0.9668,0.9696957782503732,k=0.0,minimum attainable main-event rate_upper over the declared grid (descriptive; its cost is not a comparable cost),1024,frontier_no_feasible_solution_found_no_ration,0.265625,0.5498046875,,,,
2,SD-S2,0.05,SD12MO_MAIN9,SD-12MO,MAIN9,SD12MO_MAIN9:M2[N=1024]@alpha=0.05,M2_joint_chance_saa,M2_joint_chance_saa[N=1024],entry,False,not_met,,,"SAA over the N training scenarios proven infeasible for every alpha_train of the declared grid (training scenarios only; not a population, field or whole-space statement)",main_reference_plan_domain,cp_upper,,,,,False,0,4,0,,,,no scored grid candidate with a ration (not a whole-space statement),1024,frontier_no_feasible_solution_found_no_ration,0.265625,0.5498046875,,,,
2,SD-S2,0.05,SD12MO_MAIN9,SD-12MO,MAIN9,SD12MO_MAIN9:M2[N=128]@alpha=0.05,M2_joint_chance_saa,M2_joint_chance_saa[N=128],entry,False,not_met,,,"SAA over the N training scenarios proven infeasible for every alpha_train of the declared grid (training scenarios only; not a population, field or whole-space statement)",main_reference_plan_domain,cp_upper,,,,,False,0,4,0,,,,no scored grid candidate with a ration (not a whole-space statement),128,optimal,0.53125,0.53125,0.2957,0.2957,0.30329979570165144,"diagnostic frontier point (training scenarios only); not a method, never a member"
2,SD-S2,0.05,SD12MO_MAIN9,SD-12MO,MAIN9,SD12MO_MAIN9:M2[N=512]@alpha=0.05,M2_joint_chance_saa,M2_joint_chance_saa[N=512],entry,False,not_met,,,"SAA over the N training scenarios proven infeasible for every alpha_train of the declared grid (training scenarios only; not a population, field or whole-space statement)",main_reference_plan_domain,cp_upper,,,,,False,0,4,0,,,,no scored grid candidate with a ration (not a whole-space statement),512,frontier_no_feasible_solution_found_no_ration,0.41015625,0.521484375,,,,
2,SD-S2,0.05,SD12MO_MAIN9,SD-12MO,MAIN9,SD12MO_MAIN9:M3a[factory box]@alpha=0.05,M3a_box_robust,M3a_box_robust,entry,False,not_met,,,no value of the declared grid met the validation screen (candidate statuses: proven_infeasible); a grid without a solution is not a statement about the whole decision space,main_reference_plan_domain,cp_upper,,,,,False,0,5,0,,,,no scored grid candidate with a ration (not a whole-space statement),1024,frontier_no_feasible_solution_found_no_ration,0.265625,0.5498046875,,,,
2,SD-S2,0.05,SD12MO_MAIN9,SD-12MO,MAIN9,SD12MO_MAIN9:M3b[factory box]@alpha=0.05,M3b_budget_robust,M3b_budget_robust,entry,False,not_met,,,"no value of the declared grid met the validation screen (candidate statuses: optimal, proven_infeasible); a grid without a solution is not a statement about the whole decision space",main_reference_plan_domain,cp_upper,,,,,False,0,35,5,0.9668,0.9696957782503732,"gamma=0 {""k_box"": 1.0}",minimum attainable main-event rate_upper over the declared grid (descriptive; its cost is not a comparable cost),1024,frontier_no_feasible_solution_found_no_ration,0.265625,0.5498046875,,,,
2,SD-S2,0.05,SDH0_MAIN9,SD-H0,MAIN9,SDH0_MAIN9:M0,M0_nominal,M0_nominal,entry,True,,,optimal,,main_reference_plan_domain,cp_upper,0.9668,0.9668,0.9696957782503732,False,False,0,1,1,0.9668,0.9696957782503732,,minimum attainable main-event rate_upper over the declared grid (descriptive; its cost is not a comparable cost),1024,feasible_time_limit,0.3955078125,0.6923828125,0.5161,0.5161,0.5243657650273957,"diagnostic frontier point (training scenarios only); not a method, never a member"
2,SD-S2,0.05,SDH0_MAIN9,SD-H0,MAIN9,"SDH0_MAIN9:M1[relative,apply_to_dm=False]@alpha=0.05",M1_safety_margin,M1_safety_margin[apply_to_dm=False],sensitivity_line,False,not_met,,,"no value of the declared grid met the validation screen (candidate statuses: optimal, proven_infeasible); a grid without a solution is not a statement about the whole decision space",main_reference_plan_domain,cp_upper,,,,,False,0,5,1,0.9668,0.9696957782503732,k=0.0,minimum attainable main-event rate_upper over the declared grid (descriptive; its cost is not a comparable cost),1024,feasible_time_limit,0.3955078125,0.6923828125,0.5161,0.5161,0.5243657650273957,"diagnostic frontier point (training scenarios only); not a method, never a member"
2,SD-S2,0.05,SDH0_MAIN9,SD-H0,MAIN9,"SDH0_MAIN9:M1[relative,apply_to_dm=True]@alpha=0.05",M1_safety_margin,M1_safety_margin[apply_to_dm=True],entry,False,not_met,,,"no value of the declared grid met the validation screen (candidate statuses: optimal, proven_infeasible); a grid without a solution is not a statement about the whole decision space",main_reference_plan_domain,cp_upper,,,,,False,0,5,1,0.9668,0.9696957782503732,k=0.0,minimum attainable main-event rate_upper over the declared grid (descriptive; its cost is not a comparable cost),1024,feasible_time_limit,0.3955078125,0.6923828125,0.5161,0.5161,0.5243657650273957,"diagnostic frontier point (training scenarios only); not a method, never a member"
2,SD-S2,0.05,SDH0_MAIN9,SD-H0,MAIN9,SDH0_MAIN9:M2[N=1024]@alpha=0.05,M2_joint_chance_saa,M2_joint_chance_saa[N=1024],entry,False,not_met,,,"SAA over the N training scenarios proven infeasible for every alpha_train of the declared grid (training scenarios only; not a population, field or whole-space statement)",main_reference_plan_domain,cp_upper,,,,,False,0,4,0,,,,no scored grid candidate with a ration (not a whole-space statement),1024,feasible_time_limit,0.3955078125,0.6923828125,0.5161,0.5161,0.5243657650273957,"diagnostic frontier point (training scenarios only); not a method, never a member"
2,SD-S2,0.05,SDH0_MAIN9,SD-H0,MAIN9,SDH0_MAIN9:M2[N=128]@alpha=0.05,M2_joint_chance_saa,M2_joint_chance_saa[N=128],entry,False,not_met,,,"SAA over the N training scenarios proven infeasible for every alpha_train of the declared grid (training scenarios only; not a population, field or whole-space statement)",main_reference_plan_domain,cp_upper,,,,,False,0,4,0,,,,no scored grid candidate with a ration (not a whole-space statement),128,optimal,0.6796875,0.6796875,0.3796,0.3796,0.38765747322413785,"diagnostic frontier point (training scenarios only); not a method, never a member"
2,SD-S2,0.05,SDH0_MAIN9,SD-H0,MAIN9,SDH0_MAIN9:M2[N=512]@alpha=0.05,M2_joint_chance_saa,M2_joint_chance_saa[N=512],entry,False,not_met,,,"SAA over the N training scenarios proven infeasible for every alpha_train of the declared grid (training scenarios only; not a population, field or whole-space statement)",main_reference_plan_domain,cp_upper,,,,,False,0,4,0,,,,no scored grid candidate with a ration (not a whole-space statement),512,frontier_no_feasible_solution_found_no_ration,0.521484375,0.654296875,,,,
2,SD-S2,0.05,SDH0_MAIN9,SD-H0,MAIN9,SDH0_MAIN9:M3a[factory box]@alpha=0.05,M3a_box_robust,M3a_box_robust,entry,False,not_met,,,no value of the declared grid met the validation screen (candidate statuses: proven_infeasible); a grid without a solution is not a statement about the whole decision space,main_reference_plan_domain,cp_upper,,,,,False,0,5,0,,,,no scored grid candidate with a ration (not a whole-space statement),1024,feasible_time_limit,0.3955078125,0.6923828125,0.5161,0.5161,0.5243657650273957,"diagnostic frontier point (training scenarios only); not a method, never a member"
2,SD-S2,0.05,SDH0_MAIN9,SD-H0,MAIN9,SDH0_MAIN9:M3b[factory box]@alpha=0.05,M3b_budget_robust,M3b_budget_robust,entry,False,not_met,,,"no value of the declared grid met the validation screen (candidate statuses: optimal, proven_infeasible); a grid without a solution is not a statement about the whole decision space",main_reference_plan_domain,cp_upper,,,,,False,0,35,5,0.9668,0.9696957782503732,"gamma=0 {""k_box"": 1.0}",minimum attainable main-event rate_upper over the declared grid (descriptive; its cost is not a comparable cost),1024,feasible_time_limit,0.3955078125,0.6923828125,0.5161,0.5161,0.5243657650273957,"diagnostic frontier point (training scenarios only); not a method, never a member"
2,SD-S2,0.05,SDS2_MAIN9,SD-S2,MAIN9,SDS2_MAIN9:M0,M0_nominal,M0_nominal,entry,True,,,optimal,,main_reference_plan_domain,cp_upper,0.9668,0.9668,0.9696957782503732,False,False,0,1,1,0.9668,0.9696957782503732,,minimum attainable main-event rate_upper over the declared grid (descriptive; its cost is not a comparable cost),1024,frontier_no_feasible_solution_found_no_ration,0.14453125,0.3828125,,,,
2,SD-S2,0.05,SDS2_MAIN9,SD-S2,MAIN9,"SDS2_MAIN9:M1[relative,apply_to_dm=False]@alpha=0.05",M1_safety_margin,M1_safety_margin[apply_to_dm=False],sensitivity_line,False,not_met,,,"no value of the declared grid met the validation screen (candidate statuses: optimal, proven_infeasible); a grid without a solution is not a statement about the whole decision space",main_reference_plan_domain,cp_upper,,,,,False,0,5,1,0.9668,0.9696957782503732,k=0.0,minimum attainable main-event rate_upper over the declared grid (descriptive; its cost is not a comparable cost),1024,frontier_no_feasible_solution_found_no_ration,0.14453125,0.3828125,,,,
2,SD-S2,0.05,SDS2_MAIN9,SD-S2,MAIN9,"SDS2_MAIN9:M1[relative,apply_to_dm=True]@alpha=0.05",M1_safety_margin,M1_safety_margin[apply_to_dm=True],entry,False,not_met,,,"no value of the declared grid met the validation screen (candidate statuses: optimal, proven_infeasible); a grid without a solution is not a statement about the whole decision space",main_reference_plan_domain,cp_upper,,,,,False,0,5,1,0.9668,0.9696957782503732,k=0.0,minimum attainable main-event rate_upper over the declared grid (descriptive; its cost is not a comparable cost),1024,frontier_no_feasible_solution_found_no_ration,0.14453125,0.3828125,,,,
2,SD-S2,0.05,SDS2_MAIN9,SD-S2,MAIN9,SDS2_MAIN9:M2[N=1024]@alpha=0.05,M2_joint_chance_saa,M2_joint_chance_saa[N=1024],entry,False,not_met,,,"SAA over the N training scenarios proven infeasible for every alpha_train of the declared grid (training scenarios only; not a population, field or whole-space statement)",main_reference_plan_domain,cp_upper,,,,,False,0,4,0,,,,no scored grid candidate with a ration (not a whole-space statement),1024,frontier_no_feasible_solution_found_no_ration,0.14453125,0.3828125,,,,
2,SD-S2,0.05,SDS2_MAIN9,SD-S2,MAIN9,SDS2_MAIN9:M2[N=128]@alpha=0.05,M2_joint_chance_saa,M2_joint_chance_saa[N=128],entry,False,not_met,,,"SAA over the N training scenarios proven infeasible for every alpha_train of the declared grid (training scenarios only; not a population, field or whole-space statement)",main_reference_plan_domain,cp_upper,,,,,False,0,4,0,,,,no scored grid candidate with a ration (not a whole-space statement),128,optimal,0.3984375,0.3984375,0.287,0.287,0.29453597225327194,"diagnostic frontier point (training scenarios only); not a method, never a member"
2,SD-S2,0.05,SDS2_MAIN9,SD-S2,MAIN9,SDS2_MAIN9:M2[N=512]@alpha=0.05,M2_joint_chance_saa,M2_joint_chance_saa[N=512],entry,False,not_met,,,"SAA over the N training scenarios proven infeasible for every alpha_train of the declared grid (training scenarios only; not a population, field or whole-space statement)",main_reference_plan_domain,cp_upper,,,,,False,0,4,0,,,,no scored grid candidate with a ration (not a whole-space statement),512,frontier_no_feasible_solution_found_no_ration,0.23828125,0.384765625,,,,
2,SD-S2,0.05,SDS2_MAIN9,SD-S2,MAIN9,SDS2_MAIN9:M3a[factory box]@alpha=0.05,M3a_box_robust,M3a_box_robust,entry,False,not_met,,,no value of the declared grid met the validation screen (candidate statuses: proven_infeasible); a grid without a solution is not a statement about the whole decision space,main_reference_plan_domain,cp_upper,,,,,False,0,5,0,,,,no scored grid candidate with a ration (not a whole-space statement),1024,frontier_no_feasible_solution_found_no_ration,0.14453125,0.3828125,,,,
2,SD-S2,0.05,SDS2_MAIN9,SD-S2,MAIN9,SDS2_MAIN9:M3b[factory box]@alpha=0.05,M3b_budget_robust,M3b_budget_robust,entry,False,not_met,,,"no value of the declared grid met the validation screen (candidate statuses: optimal, proven_infeasible); a grid without a solution is not a statement about the whole decision space",main_reference_plan_domain,cp_upper,,,,,False,0,35,5,0.9668,0.9696957782503732,"gamma=0 {""k_box"": 1.0}",minimum attainable main-event rate_upper over the declared grid (descriptive; its cost is not a comparable cost),1024,frontier_no_feasible_solution_found_no_ration,0.14453125,0.3828125,,,,
2,SD-S2,0.05,SDSRC12_MAIN9,SD-SRC12,MAIN9,SDSRC12_MAIN9:M0,M0_nominal,M0_nominal,entry,True,,,optimal,,main_reference_plan_domain,cp_upper,0.9668,0.9668,0.9696957782503732,False,False,0,1,1,0.9668,0.9696957782503732,,minimum attainable main-event rate_upper over the declared grid (descriptive; its cost is not a comparable cost),1024,frontier_no_feasible_solution_found_no_ration,0.2607421875,0.6767578125,,,,
2,SD-S2,0.05,SDSRC12_MAIN9,SD-SRC12,MAIN9,"SDSRC12_MAIN9:M1[relative,apply_to_dm=False]@alpha=0.05",M1_safety_margin,M1_safety_margin[apply_to_dm=False],sensitivity_line,False,not_met,,,"no value of the declared grid met the validation screen (candidate statuses: optimal, proven_infeasible); a grid without a solution is not a statement about the whole decision space",main_reference_plan_domain,cp_upper,,,,,False,0,5,1,0.9668,0.9696957782503732,k=0.0,minimum attainable main-event rate_upper over the declared grid (descriptive; its cost is not a comparable cost),1024,frontier_no_feasible_solution_found_no_ration,0.2607421875,0.6767578125,,,,
2,SD-S2,0.05,SDSRC12_MAIN9,SD-SRC12,MAIN9,"SDSRC12_MAIN9:M1[relative,apply_to_dm=True]@alpha=0.05",M1_safety_margin,M1_safety_margin[apply_to_dm=True],entry,False,not_met,,,"no value of the declared grid met the validation screen (candidate statuses: optimal, proven_infeasible); a grid without a solution is not a statement about the whole decision space",main_reference_plan_domain,cp_upper,,,,,False,0,5,1,0.9668,0.9696957782503732,k=0.0,minimum attainable main-event rate_upper over the declared grid (descriptive; its cost is not a comparable cost),1024,frontier_no_feasible_solution_found_no_ration,0.2607421875,0.6767578125,,,,
2,SD-S2,0.05,SDSRC12_MAIN9,SD-SRC12,MAIN9,SDSRC12_MAIN9:M2[N=1024]@alpha=0.05,M2_joint_chance_saa,M2_joint_chance_saa[N=1024],entry,False,not_met,,,"SAA over the N training scenarios proven infeasible for every alpha_train of the declared grid (training scenarios only; not a population, field or whole-space statement)",main_reference_plan_domain,cp_upper,,,,,False,0,4,0,,,,no scored grid candidate with a ration (not a whole-space statement),1024,frontier_no_feasible_solution_found_no_ration,0.2607421875,0.6767578125,,,,
2,SD-S2,0.05,SDSRC12_MAIN9,SD-SRC12,MAIN9,SDSRC12_MAIN9:M2[N=128]@alpha=0.05,M2_joint_chance_saa,M2_joint_chance_saa[N=128],entry,False,not_met,,,"SAA over the N training scenarios proven infeasible for every alpha_train of the declared grid (training scenarios only; not a population, field or whole-space statement)",main_reference_plan_domain,cp_upper,,,,,False,0,4,0,,,,no scored grid candidate with a ration (not a whole-space statement),128,optimal,0.6328125,0.6328125,0.3602,0.3602,0.3681756603849066,"diagnostic frontier point (training scenarios only); not a method, never a member"
2,SD-S2,0.05,SDSRC12_MAIN9,SD-SRC12,MAIN9,SDSRC12_MAIN9:M2[N=512]@alpha=0.05,M2_joint_chance_saa,M2_joint_chance_saa[N=512],entry,False,not_met,,,"SAA over the N training scenarios proven infeasible for every alpha_train of the declared grid (training scenarios only; not a population, field or whole-space statement)",main_reference_plan_domain,cp_upper,,,,,False,0,4,0,,,,no scored grid candidate with a ration (not a whole-space statement),512,frontier_no_feasible_solution_found_no_ration,0.4375,0.662109375,,,,
2,SD-S2,0.05,SDSRC12_MAIN9,SD-SRC12,MAIN9,SDSRC12_MAIN9:M3a[factory box]@alpha=0.05,M3a_box_robust,M3a_box_robust,entry,False,not_met,,,no value of the declared grid met the validation screen (candidate statuses: proven_infeasible); a grid without a solution is not a statement about the whole decision space,main_reference_plan_domain,cp_upper,,,,,False,0,5,0,,,,no scored grid candidate with a ration (not a whole-space statement),1024,frontier_no_feasible_solution_found_no_ration,0.2607421875,0.6767578125,,,,
2,SD-S2,0.05,SDSRC12_MAIN9,SD-SRC12,MAIN9,SDSRC12_MAIN9:M3b[factory box]@alpha=0.05,M3b_budget_robust,M3b_budget_robust,entry,False,not_met,,,"no value of the declared grid met the validation screen (candidate statuses: optimal, proven_infeasible); a grid without a solution is not a statement about the whole decision space",main_reference_plan_domain,cp_upper,,,,,False,0,35,5,0.9668,0.9696957782503732,"gamma=0 {""k_box"": 1.0}",minimum attainable main-event rate_upper over the declared grid (descriptive; its cost is not a comparable cost),1024,frontier_no_feasible_solution_found_no_ration,0.2607421875,0.6767578125,,,,
2,SD-S2,0.05,SDSRC14_MAIN9,SD-SRC14,MAIN9,SDSRC14_MAIN9:M0,M0_nominal,M0_nominal,entry,True,,,optimal,,main_reference_plan_domain,cp_upper,0.9668,0.9668,0.9696957782503732,False,False,0,1,1,0.9668,0.9696957782503732,,minimum attainable main-event rate_upper over the declared grid (descriptive; its cost is not a comparable cost),1024,frontier_no_feasible_solution_found_no_ration,0.123046875,0.5205078125,,,,
2,SD-S2,0.05,SDSRC14_MAIN9,SD-SRC14,MAIN9,"SDSRC14_MAIN9:M1[relative,apply_to_dm=False]@alpha=0.05",M1_safety_margin,M1_safety_margin[apply_to_dm=False],sensitivity_line,False,not_met,,,"no value of the declared grid met the validation screen (candidate statuses: optimal, proven_infeasible); a grid without a solution is not a statement about the whole decision space",main_reference_plan_domain,cp_upper,,,,,False,0,5,1,0.9668,0.9696957782503732,k=0.0,minimum attainable main-event rate_upper over the declared grid (descriptive; its cost is not a comparable cost),1024,frontier_no_feasible_solution_found_no_ration,0.123046875,0.5205078125,,,,
2,SD-S2,0.05,SDSRC14_MAIN9,SD-SRC14,MAIN9,"SDSRC14_MAIN9:M1[relative,apply_to_dm=True]@alpha=0.05",M1_safety_margin,M1_safety_margin[apply_to_dm=True],entry,False,not_met,,,"no value of the declared grid met the validation screen (candidate statuses: optimal, proven_infeasible); a grid without a solution is not a statement about the whole decision space",main_reference_plan_domain,cp_upper,,,,,False,0,5,1,0.9668,0.9696957782503732,k=0.0,minimum attainable main-event rate_upper over the declared grid (descriptive; its cost is not a comparable cost),1024,frontier_no_feasible_solution_found_no_ration,0.123046875,0.5205078125,,,,
2,SD-S2,0.05,SDSRC14_MAIN9,SD-SRC14,MAIN9,SDSRC14_MAIN9:M2[N=1024]@alpha=0.05,M2_joint_chance_saa,M2_joint_chance_saa[N=1024],entry,False,not_met,,,"SAA over the N training scenarios proven infeasible for every alpha_train of the declared grid (training scenarios only; not a population, field or whole-space statement)",main_reference_plan_domain,cp_upper,,,,,False,0,4,0,,,,no scored grid candidate with a ration (not a whole-space statement),1024,frontier_no_feasible_solution_found_no_ration,0.123046875,0.5205078125,,,,
2,SD-S2,0.05,SDSRC14_MAIN9,SD-SRC14,MAIN9,SDSRC14_MAIN9:M2[N=128]@alpha=0.05,M2_joint_chance_saa,M2_joint_chance_saa[N=128],entry,False,not_met,,,"SAA over the N training scenarios proven infeasible for every alpha_train of the declared grid (training scenarios only; not a population, field or whole-space statement)",main_reference_plan_domain,cp_upper,,,,,False,0,4,0,,,,no scored grid candidate with a ration (not a whole-space statement),128,optimal,0.4609375,0.5,0.3052,0.3052,0.31286575115733845,"diagnostic frontier point (training scenarios only); not a method, never a member"
2,SD-S2,0.05,SDSRC14_MAIN9,SD-SRC14,MAIN9,SDSRC14_MAIN9:M2[N=512]@alpha=0.05,M2_joint_chance_saa,M2_joint_chance_saa[N=512],entry,False,not_met,,,"SAA over the N training scenarios proven infeasible for every alpha_train of the declared grid (training scenarios only; not a population, field or whole-space statement)",main_reference_plan_domain,cp_upper,,,,,False,0,4,0,,,,no scored grid candidate with a ration (not a whole-space statement),512,frontier_no_feasible_solution_found_no_ration,0.2890625,0.5,,,,
2,SD-S2,0.05,SDSRC14_MAIN9,SD-SRC14,MAIN9,SDSRC14_MAIN9:M3a[factory box]@alpha=0.05,M3a_box_robust,M3a_box_robust,entry,False,not_met,,,no value of the declared grid met the validation screen (candidate statuses: proven_infeasible); a grid without a solution is not a statement about the whole decision space,main_reference_plan_domain,cp_upper,,,,,False,0,5,0,,,,no scored grid candidate with a ration (not a whole-space statement),1024,frontier_no_feasible_solution_found_no_ration,0.123046875,0.5205078125,,,,
2,SD-S2,0.05,SDSRC14_MAIN9,SD-SRC14,MAIN9,SDSRC14_MAIN9:M3b[factory box]@alpha=0.05,M3b_budget_robust,M3b_budget_robust,entry,False,not_met,,,"no value of the declared grid met the validation screen (candidate statuses: optimal, proven_infeasible); a grid without a solution is not a statement about the whole decision space",main_reference_plan_domain,cp_upper,,,,,False,0,35,5,0.9668,0.9696957782503732,"gamma=0 {""k_box"": 1.0}",minimum attainable main-event rate_upper over the declared grid (descriptive; its cost is not a comparable cost),1024,frontier_no_feasible_solution_found_no_ration,0.123046875,0.5205078125,,,,
2,SD-S2,0.1,SD12MO_MAIN9,SD-12MO,MAIN9,SD12MO_MAIN9:M0,M0_nominal,M0_nominal,entry,True,,,optimal,,main_reference_plan_domain,cp_upper,0.9668,0.9668,0.9696957782503732,False,False,0,1,1,0.9668,0.9696957782503732,,minimum attainable main-event rate_upper over the declared grid (descriptive; its cost is not a comparable cost),1024,frontier_no_feasible_solution_found_no_ration,0.265625,0.5498046875,,,,
2,SD-S2,0.1,SD12MO_MAIN9,SD-12MO,MAIN9,"SD12MO_MAIN9:M1[relative,apply_to_dm=False]@alpha=0.1",M1_safety_margin,M1_safety_margin[apply_to_dm=False],sensitivity_line,False,not_met,,,"no value of the declared grid met the validation screen (candidate statuses: optimal, proven_infeasible); a grid without a solution is not a statement about the whole decision space",main_reference_plan_domain,cp_upper,,,,,False,0,5,1,0.9668,0.9696957782503732,k=0.0,minimum attainable main-event rate_upper over the declared grid (descriptive; its cost is not a comparable cost),1024,frontier_no_feasible_solution_found_no_ration,0.265625,0.5498046875,,,,
2,SD-S2,0.1,SD12MO_MAIN9,SD-12MO,MAIN9,"SD12MO_MAIN9:M1[relative,apply_to_dm=True]@alpha=0.1",M1_safety_margin,M1_safety_margin[apply_to_dm=True],entry,False,not_met,,,"no value of the declared grid met the validation screen (candidate statuses: optimal, proven_infeasible); a grid without a solution is not a statement about the whole decision space",main_reference_plan_domain,cp_upper,,,,,False,0,5,1,0.9668,0.9696957782503732,k=0.0,minimum attainable main-event rate_upper over the declared grid (descriptive; its cost is not a comparable cost),1024,frontier_no_feasible_solution_found_no_ration,0.265625,0.5498046875,,,,
2,SD-S2,0.1,SD12MO_MAIN9,SD-12MO,MAIN9,SD12MO_MAIN9:M2[N=1024]@alpha=0.1,M2_joint_chance_saa,M2_joint_chance_saa[N=1024],entry,False,not_met,,,"SAA over the N training scenarios proven infeasible for every alpha_train of the declared grid (training scenarios only; not a population, field or whole-space statement)",main_reference_plan_domain,cp_upper,,,,,False,0,4,0,,,,no scored grid candidate with a ration (not a whole-space statement),1024,frontier_no_feasible_solution_found_no_ration,0.265625,0.5498046875,,,,
2,SD-S2,0.1,SD12MO_MAIN9,SD-12MO,MAIN9,SD12MO_MAIN9:M2[N=128]@alpha=0.1,M2_joint_chance_saa,M2_joint_chance_saa[N=128],entry,False,not_met,,,"SAA over the N training scenarios proven infeasible for every alpha_train of the declared grid (training scenarios only; not a population, field or whole-space statement)",main_reference_plan_domain,cp_upper,,,,,False,0,4,0,,,,no scored grid candidate with a ration (not a whole-space statement),128,optimal,0.53125,0.53125,0.2957,0.2957,0.30329979570165144,"diagnostic frontier point (training scenarios only); not a method, never a member"
2,SD-S2,0.1,SD12MO_MAIN9,SD-12MO,MAIN9,SD12MO_MAIN9:M2[N=512]@alpha=0.1,M2_joint_chance_saa,M2_joint_chance_saa[N=512],entry,False,not_met,,,"SAA over the N training scenarios proven infeasible for every alpha_train of the declared grid (training scenarios only; not a population, field or whole-space statement)",main_reference_plan_domain,cp_upper,,,,,False,0,4,0,,,,no scored grid candidate with a ration (not a whole-space statement),512,frontier_no_feasible_solution_found_no_ration,0.41015625,0.521484375,,,,
2,SD-S2,0.1,SD12MO_MAIN9,SD-12MO,MAIN9,SD12MO_MAIN9:M3a[factory box]@alpha=0.1,M3a_box_robust,M3a_box_robust,entry,False,not_met,,,no value of the declared grid met the validation screen (candidate statuses: proven_infeasible); a grid without a solution is not a statement about the whole decision space,main_reference_plan_domain,cp_upper,,,,,False,0,5,0,,,,no scored grid candidate with a ration (not a whole-space statement),1024,frontier_no_feasible_solution_found_no_ration,0.265625,0.5498046875,,,,
2,SD-S2,0.1,SD12MO_MAIN9,SD-12MO,MAIN9,SD12MO_MAIN9:M3b[factory box]@alpha=0.1,M3b_budget_robust,M3b_budget_robust,entry,False,not_met,,,"no value of the declared grid met the validation screen (candidate statuses: optimal, proven_infeasible); a grid without a solution is not a statement about the whole decision space",main_reference_plan_domain,cp_upper,,,,,False,0,35,5,0.9668,0.9696957782503732,"gamma=0 {""k_box"": 1.0}",minimum attainable main-event rate_upper over the declared grid (descriptive; its cost is not a comparable cost),1024,frontier_no_feasible_solution_found_no_ration,0.265625,0.5498046875,,,,
2,SD-S2,0.1,SDH0_MAIN9,SD-H0,MAIN9,SDH0_MAIN9:M0,M0_nominal,M0_nominal,entry,True,,,optimal,,main_reference_plan_domain,cp_upper,0.9668,0.9668,0.9696957782503732,False,False,0,1,1,0.9668,0.9696957782503732,,minimum attainable main-event rate_upper over the declared grid (descriptive; its cost is not a comparable cost),1024,feasible_time_limit,0.3955078125,0.6923828125,0.5161,0.5161,0.5243657650273957,"diagnostic frontier point (training scenarios only); not a method, never a member"
2,SD-S2,0.1,SDH0_MAIN9,SD-H0,MAIN9,"SDH0_MAIN9:M1[relative,apply_to_dm=False]@alpha=0.1",M1_safety_margin,M1_safety_margin[apply_to_dm=False],sensitivity_line,False,not_met,,,"no value of the declared grid met the validation screen (candidate statuses: optimal, proven_infeasible); a grid without a solution is not a statement about the whole decision space",main_reference_plan_domain,cp_upper,,,,,False,0,5,1,0.9668,0.9696957782503732,k=0.0,minimum attainable main-event rate_upper over the declared grid (descriptive; its cost is not a comparable cost),1024,feasible_time_limit,0.3955078125,0.6923828125,0.5161,0.5161,0.5243657650273957,"diagnostic frontier point (training scenarios only); not a method, never a member"
2,SD-S2,0.1,SDH0_MAIN9,SD-H0,MAIN9,"SDH0_MAIN9:M1[relative,apply_to_dm=True]@alpha=0.1",M1_safety_margin,M1_safety_margin[apply_to_dm=True],entry,False,not_met,,,"no value of the declared grid met the validation screen (candidate statuses: optimal, proven_infeasible); a grid without a solution is not a statement about the whole decision space",main_reference_plan_domain,cp_upper,,,,,False,0,5,1,0.9668,0.9696957782503732,k=0.0,minimum attainable main-event rate_upper over the declared grid (descriptive; its cost is not a comparable cost),1024,feasible_time_limit,0.3955078125,0.6923828125,0.5161,0.5161,0.5243657650273957,"diagnostic frontier point (training scenarios only); not a method, never a member"
2,SD-S2,0.1,SDH0_MAIN9,SD-H0,MAIN9,SDH0_MAIN9:M2[N=1024]@alpha=0.1,M2_joint_chance_saa,M2_joint_chance_saa[N=1024],entry,False,not_met,,,"SAA over the N training scenarios proven infeasible for every alpha_train of the declared grid (training scenarios only; not a population, field or whole-space statement)",main_reference_plan_domain,cp_upper,,,,,False,0,4,0,,,,no scored grid candidate with a ration (not a whole-space statement),1024,feasible_time_limit,0.3955078125,0.6923828125,0.5161,0.5161,0.5243657650273957,"diagnostic frontier point (training scenarios only); not a method, never a member"
2,SD-S2,0.1,SDH0_MAIN9,SD-H0,MAIN9,SDH0_MAIN9:M2[N=128]@alpha=0.1,M2_joint_chance_saa,M2_joint_chance_saa[N=128],entry,False,not_met,,,"SAA over the N training scenarios proven infeasible for every alpha_train of the declared grid (training scenarios only; not a population, field or whole-space statement)",main_reference_plan_domain,cp_upper,,,,,False,0,4,0,,,,no scored grid candidate with a ration (not a whole-space statement),128,optimal,0.6796875,0.6796875,0.3796,0.3796,0.38765747322413785,"diagnostic frontier point (training scenarios only); not a method, never a member"
2,SD-S2,0.1,SDH0_MAIN9,SD-H0,MAIN9,SDH0_MAIN9:M2[N=512]@alpha=0.1,M2_joint_chance_saa,M2_joint_chance_saa[N=512],entry,False,not_met,,,"SAA over the N training scenarios proven infeasible for every alpha_train of the declared grid (training scenarios only; not a population, field or whole-space statement)",main_reference_plan_domain,cp_upper,,,,,False,0,4,0,,,,no scored grid candidate with a ration (not a whole-space statement),512,frontier_no_feasible_solution_found_no_ration,0.521484375,0.654296875,,,,
2,SD-S2,0.1,SDH0_MAIN9,SD-H0,MAIN9,SDH0_MAIN9:M3a[factory box]@alpha=0.1,M3a_box_robust,M3a_box_robust,entry,False,not_met,,,no value of the declared grid met the validation screen (candidate statuses: proven_infeasible); a grid without a solution is not a statement about the whole decision space,main_reference_plan_domain,cp_upper,,,,,False,0,5,0,,,,no scored grid candidate with a ration (not a whole-space statement),1024,feasible_time_limit,0.3955078125,0.6923828125,0.5161,0.5161,0.5243657650273957,"diagnostic frontier point (training scenarios only); not a method, never a member"
2,SD-S2,0.1,SDH0_MAIN9,SD-H0,MAIN9,SDH0_MAIN9:M3b[factory box]@alpha=0.1,M3b_budget_robust,M3b_budget_robust,entry,False,not_met,,,"no value of the declared grid met the validation screen (candidate statuses: optimal, proven_infeasible); a grid without a solution is not a statement about the whole decision space",main_reference_plan_domain,cp_upper,,,,,False,0,35,5,0.9668,0.9696957782503732,"gamma=0 {""k_box"": 1.0}",minimum attainable main-event rate_upper over the declared grid (descriptive; its cost is not a comparable cost),1024,feasible_time_limit,0.3955078125,0.6923828125,0.5161,0.5161,0.5243657650273957,"diagnostic frontier point (training scenarios only); not a method, never a member"
2,SD-S2,0.1,SDS2_MAIN9,SD-S2,MAIN9,SDS2_MAIN9:M0,M0_nominal,M0_nominal,entry,True,,,optimal,,main_reference_plan_domain,cp_upper,0.9668,0.9668,0.9696957782503732,False,False,0,1,1,0.9668,0.9696957782503732,,minimum attainable main-event rate_upper over the declared grid (descriptive; its cost is not a comparable cost),1024,frontier_no_feasible_solution_found_no_ration,0.14453125,0.3828125,,,,
2,SD-S2,0.1,SDS2_MAIN9,SD-S2,MAIN9,"SDS2_MAIN9:M1[relative,apply_to_dm=False]@alpha=0.1",M1_safety_margin,M1_safety_margin[apply_to_dm=False],sensitivity_line,False,not_met,,,"no value of the declared grid met the validation screen (candidate statuses: optimal, proven_infeasible); a grid without a solution is not a statement about the whole decision space",main_reference_plan_domain,cp_upper,,,,,False,0,5,1,0.9668,0.9696957782503732,k=0.0,minimum attainable main-event rate_upper over the declared grid (descriptive; its cost is not a comparable cost),1024,frontier_no_feasible_solution_found_no_ration,0.14453125,0.3828125,,,,
2,SD-S2,0.1,SDS2_MAIN9,SD-S2,MAIN9,"SDS2_MAIN9:M1[relative,apply_to_dm=True]@alpha=0.1",M1_safety_margin,M1_safety_margin[apply_to_dm=True],entry,False,not_met,,,"no value of the declared grid met the validation screen (candidate statuses: optimal, proven_infeasible); a grid without a solution is not a statement about the whole decision space",main_reference_plan_domain,cp_upper,,,,,False,0,5,1,0.9668,0.9696957782503732,k=0.0,minimum attainable main-event rate_upper over the declared grid (descriptive; its cost is not a comparable cost),1024,frontier_no_feasible_solution_found_no_ration,0.14453125,0.3828125,,,,
2,SD-S2,0.1,SDS2_MAIN9,SD-S2,MAIN9,SDS2_MAIN9:M2[N=1024]@alpha=0.1,M2_joint_chance_saa,M2_joint_chance_saa[N=1024],entry,False,not_met,,,"SAA over the N training scenarios proven infeasible for every alpha_train of the declared grid (training scenarios only; not a population, field or whole-space statement)",main_reference_plan_domain,cp_upper,,,,,False,0,4,0,,,,no scored grid candidate with a ration (not a whole-space statement),1024,frontier_no_feasible_solution_found_no_ration,0.14453125,0.3828125,,,,
2,SD-S2,0.1,SDS2_MAIN9,SD-S2,MAIN9,SDS2_MAIN9:M2[N=128]@alpha=0.1,M2_joint_chance_saa,M2_joint_chance_saa[N=128],entry,False,not_met,,,"SAA over the N training scenarios proven infeasible for every alpha_train of the declared grid (training scenarios only; not a population, field or whole-space statement)",main_reference_plan_domain,cp_upper,,,,,False,0,4,0,,,,no scored grid candidate with a ration (not a whole-space statement),128,optimal,0.3984375,0.3984375,0.287,0.287,0.29453597225327194,"diagnostic frontier point (training scenarios only); not a method, never a member"
2,SD-S2,0.1,SDS2_MAIN9,SD-S2,MAIN9,SDS2_MAIN9:M2[N=512]@alpha=0.1,M2_joint_chance_saa,M2_joint_chance_saa[N=512],entry,False,not_met,,,"SAA over the N training scenarios proven infeasible for every alpha_train of the declared grid (training scenarios only; not a population, field or whole-space statement)",main_reference_plan_domain,cp_upper,,,,,False,0,4,0,,,,no scored grid candidate with a ration (not a whole-space statement),512,frontier_no_feasible_solution_found_no_ration,0.23828125,0.384765625,,,,
2,SD-S2,0.1,SDS2_MAIN9,SD-S2,MAIN9,SDS2_MAIN9:M3a[factory box]@alpha=0.1,M3a_box_robust,M3a_box_robust,entry,False,not_met,,,no value of the declared grid met the validation screen (candidate statuses: proven_infeasible); a grid without a solution is not a statement about the whole decision space,main_reference_plan_domain,cp_upper,,,,,False,0,5,0,,,,no scored grid candidate with a ration (not a whole-space statement),1024,frontier_no_feasible_solution_found_no_ration,0.14453125,0.3828125,,,,
2,SD-S2,0.1,SDS2_MAIN9,SD-S2,MAIN9,SDS2_MAIN9:M3b[factory box]@alpha=0.1,M3b_budget_robust,M3b_budget_robust,entry,False,not_met,,,"no value of the declared grid met the validation screen (candidate statuses: optimal, proven_infeasible); a grid without a solution is not a statement about the whole decision space",main_reference_plan_domain,cp_upper,,,,,False,0,35,5,0.9668,0.9696957782503732,"gamma=0 {""k_box"": 1.0}",minimum attainable main-event rate_upper over the declared grid (descriptive; its cost is not a comparable cost),1024,frontier_no_feasible_solution_found_no_ration,0.14453125,0.3828125,,,,
2,SD-S2,0.1,SDSRC12_MAIN9,SD-SRC12,MAIN9,SDSRC12_MAIN9:M0,M0_nominal,M0_nominal,entry,True,,,optimal,,main_reference_plan_domain,cp_upper,0.9668,0.9668,0.9696957782503732,False,False,0,1,1,0.9668,0.9696957782503732,,minimum attainable main-event rate_upper over the declared grid (descriptive; its cost is not a comparable cost),1024,frontier_no_feasible_solution_found_no_ration,0.2607421875,0.6767578125,,,,
2,SD-S2,0.1,SDSRC12_MAIN9,SD-SRC12,MAIN9,"SDSRC12_MAIN9:M1[relative,apply_to_dm=False]@alpha=0.1",M1_safety_margin,M1_safety_margin[apply_to_dm=False],sensitivity_line,False,not_met,,,"no value of the declared grid met the validation screen (candidate statuses: optimal, proven_infeasible); a grid without a solution is not a statement about the whole decision space",main_reference_plan_domain,cp_upper,,,,,False,0,5,1,0.9668,0.9696957782503732,k=0.0,minimum attainable main-event rate_upper over the declared grid (descriptive; its cost is not a comparable cost),1024,frontier_no_feasible_solution_found_no_ration,0.2607421875,0.6767578125,,,,
2,SD-S2,0.1,SDSRC12_MAIN9,SD-SRC12,MAIN9,"SDSRC12_MAIN9:M1[relative,apply_to_dm=True]@alpha=0.1",M1_safety_margin,M1_safety_margin[apply_to_dm=True],entry,False,not_met,,,"no value of the declared grid met the validation screen (candidate statuses: optimal, proven_infeasible); a grid without a solution is not a statement about the whole decision space",main_reference_plan_domain,cp_upper,,,,,False,0,5,1,0.9668,0.9696957782503732,k=0.0,minimum attainable main-event rate_upper over the declared grid (descriptive; its cost is not a comparable cost),1024,frontier_no_feasible_solution_found_no_ration,0.2607421875,0.6767578125,,,,
2,SD-S2,0.1,SDSRC12_MAIN9,SD-SRC12,MAIN9,SDSRC12_MAIN9:M2[N=1024]@alpha=0.1,M2_joint_chance_saa,M2_joint_chance_saa[N=1024],entry,False,not_met,,,"SAA over the N training scenarios proven infeasible for every alpha_train of the declared grid (training scenarios only; not a population, field or whole-space statement)",main_reference_plan_domain,cp_upper,,,,,False,0,4,0,,,,no scored grid candidate with a ration (not a whole-space statement),1024,frontier_no_feasible_solution_found_no_ration,0.2607421875,0.6767578125,,,,
2,SD-S2,0.1,SDSRC12_MAIN9,SD-SRC12,MAIN9,SDSRC12_MAIN9:M2[N=128]@alpha=0.1,M2_joint_chance_saa,M2_joint_chance_saa[N=128],entry,False,not_met,,,"SAA over the N training scenarios proven infeasible for every alpha_train of the declared grid (training scenarios only; not a population, field or whole-space statement)",main_reference_plan_domain,cp_upper,,,,,False,0,4,0,,,,no scored grid candidate with a ration (not a whole-space statement),128,optimal,0.6328125,0.6328125,0.3602,0.3602,0.3681756603849066,"diagnostic frontier point (training scenarios only); not a method, never a member"
2,SD-S2,0.1,SDSRC12_MAIN9,SD-SRC12,MAIN9,SDSRC12_MAIN9:M2[N=512]@alpha=0.1,M2_joint_chance_saa,M2_joint_chance_saa[N=512],entry,False,not_met,,,"SAA over the N training scenarios proven infeasible for every alpha_train of the declared grid (training scenarios only; not a population, field or whole-space statement)",main_reference_plan_domain,cp_upper,,,,,False,0,4,0,,,,no scored grid candidate with a ration (not a whole-space statement),512,frontier_no_feasible_solution_found_no_ration,0.4375,0.662109375,,,,
2,SD-S2,0.1,SDSRC12_MAIN9,SD-SRC12,MAIN9,SDSRC12_MAIN9:M3a[factory box]@alpha=0.1,M3a_box_robust,M3a_box_robust,entry,False,not_met,,,no value of the declared grid met the validation screen (candidate statuses: proven_infeasible); a grid without a solution is not a statement about the whole decision space,main_reference_plan_domain,cp_upper,,,,,False,0,5,0,,,,no scored grid candidate with a ration (not a whole-space statement),1024,frontier_no_feasible_solution_found_no_ration,0.2607421875,0.6767578125,,,,
2,SD-S2,0.1,SDSRC12_MAIN9,SD-SRC12,MAIN9,SDSRC12_MAIN9:M3b[factory box]@alpha=0.1,M3b_budget_robust,M3b_budget_robust,entry,False,not_met,,,"no value of the declared grid met the validation screen (candidate statuses: optimal, proven_infeasible); a grid without a solution is not a statement about the whole decision space",main_reference_plan_domain,cp_upper,,,,,False,0,35,5,0.9668,0.9696957782503732,"gamma=0 {""k_box"": 1.0}",minimum attainable main-event rate_upper over the declared grid (descriptive; its cost is not a comparable cost),1024,frontier_no_feasible_solution_found_no_ration,0.2607421875,0.6767578125,,,,
2,SD-S2,0.1,SDSRC14_MAIN9,SD-SRC14,MAIN9,SDSRC14_MAIN9:M0,M0_nominal,M0_nominal,entry,True,,,optimal,,main_reference_plan_domain,cp_upper,0.9668,0.9668,0.9696957782503732,False,False,0,1,1,0.9668,0.9696957782503732,,minimum attainable main-event rate_upper over the declared grid (descriptive; its cost is not a comparable cost),1024,frontier_no_feasible_solution_found_no_ration,0.123046875,0.5205078125,,,,
2,SD-S2,0.1,SDSRC14_MAIN9,SD-SRC14,MAIN9,"SDSRC14_MAIN9:M1[relative,apply_to_dm=False]@alpha=0.1",M1_safety_margin,M1_safety_margin[apply_to_dm=False],sensitivity_line,False,not_met,,,"no value of the declared grid met the validation screen (candidate statuses: optimal, proven_infeasible); a grid without a solution is not a statement about the whole decision space",main_reference_plan_domain,cp_upper,,,,,False,0,5,1,0.9668,0.9696957782503732,k=0.0,minimum attainable main-event rate_upper over the declared grid (descriptive; its cost is not a comparable cost),1024,frontier_no_feasible_solution_found_no_ration,0.123046875,0.5205078125,,,,
2,SD-S2,0.1,SDSRC14_MAIN9,SD-SRC14,MAIN9,"SDSRC14_MAIN9:M1[relative,apply_to_dm=True]@alpha=0.1",M1_safety_margin,M1_safety_margin[apply_to_dm=True],entry,False,not_met,,,"no value of the declared grid met the validation screen (candidate statuses: optimal, proven_infeasible); a grid without a solution is not a statement about the whole decision space",main_reference_plan_domain,cp_upper,,,,,False,0,5,1,0.9668,0.9696957782503732,k=0.0,minimum attainable main-event rate_upper over the declared grid (descriptive; its cost is not a comparable cost),1024,frontier_no_feasible_solution_found_no_ration,0.123046875,0.5205078125,,,,
2,SD-S2,0.1,SDSRC14_MAIN9,SD-SRC14,MAIN9,SDSRC14_MAIN9:M2[N=1024]@alpha=0.1,M2_joint_chance_saa,M2_joint_chance_saa[N=1024],entry,False,not_met,,,"SAA over the N training scenarios proven infeasible for every alpha_train of the declared grid (training scenarios only; not a population, field or whole-space statement)",main_reference_plan_domain,cp_upper,,,,,False,0,4,0,,,,no scored grid candidate with a ration (not a whole-space statement),1024,frontier_no_feasible_solution_found_no_ration,0.123046875,0.5205078125,,,,
2,SD-S2,0.1,SDSRC14_MAIN9,SD-SRC14,MAIN9,SDSRC14_MAIN9:M2[N=128]@alpha=0.1,M2_joint_chance_saa,M2_joint_chance_saa[N=128],entry,False,not_met,,,"SAA over the N training scenarios proven infeasible for every alpha_train of the declared grid (training scenarios only; not a population, field or whole-space statement)",main_reference_plan_domain,cp_upper,,,,,False,0,4,0,,,,no scored grid candidate with a ration (not a whole-space statement),128,optimal,0.4609375,0.5,0.3052,0.3052,0.31286575115733845,"diagnostic frontier point (training scenarios only); not a method, never a member"
2,SD-S2,0.1,SDSRC14_MAIN9,SD-SRC14,MAIN9,SDSRC14_MAIN9:M2[N=512]@alpha=0.1,M2_joint_chance_saa,M2_joint_chance_saa[N=512],entry,False,not_met,,,"SAA over the N training scenarios proven infeasible for every alpha_train of the declared grid (training scenarios only; not a population, field or whole-space statement)",main_reference_plan_domain,cp_upper,,,,,False,0,4,0,,,,no scored grid candidate with a ration (not a whole-space statement),512,frontier_no_feasible_solution_found_no_ration,0.2890625,0.5,,,,
2,SD-S2,0.1,SDSRC14_MAIN9,SD-SRC14,MAIN9,SDSRC14_MAIN9:M3a[factory box]@alpha=0.1,M3a_box_robust,M3a_box_robust,entry,False,not_met,,,no value of the declared grid met the validation screen (candidate statuses: proven_infeasible); a grid without a solution is not a statement about the whole decision space,main_reference_plan_domain,cp_upper,,,,,False,0,5,0,,,,no scored grid candidate with a ration (not a whole-space statement),1024,frontier_no_feasible_solution_found_no_ration,0.123046875,0.5205078125,,,,
2,SD-S2,0.1,SDSRC14_MAIN9,SD-SRC14,MAIN9,SDSRC14_MAIN9:M3b[factory box]@alpha=0.1,M3b_budget_robust,M3b_budget_robust,entry,False,not_met,,,"no value of the declared grid met the validation screen (candidate statuses: optimal, proven_infeasible); a grid without a solution is not a statement about the whole decision space",main_reference_plan_domain,cp_upper,,,,,False,0,35,5,0.9668,0.9696957782503732,"gamma=0 {""k_box"": 1.0}",minimum attainable main-event rate_upper over the declared grid (descriptive; its cost is not a comparable cost),1024,frontier_no_feasible_solution_found_no_ration,0.123046875,0.5205078125,,,,
2,SD-S2,0.01,SD12MO_MAIN9,SD-12MO,MAIN9,SD12MO_MAIN9:M0,M0_nominal,M0_nominal,entry,True,,,optimal,,main_reference_plan_domain,cp_upper,0.9668,0.9668,0.9696957782503732,False,False,0,1,1,0.9668,0.9696957782503732,,minimum attainable main-event rate_upper over the declared grid (descriptive; its cost is not a comparable cost),1024,frontier_no_feasible_solution_found_no_ration,0.265625,0.5498046875,,,,
2,SD-S2,0.01,SD12MO_MAIN9,SD-12MO,MAIN9,"SD12MO_MAIN9:M1[relative,apply_to_dm=False]@alpha=0.01",M1_safety_margin,M1_safety_margin[apply_to_dm=False],sensitivity_line,False,not_met,,,"no value of the declared grid met the validation screen (candidate statuses: optimal, proven_infeasible); a grid without a solution is not a statement about the whole decision space",main_reference_plan_domain,cp_upper,,,,,False,0,5,1,0.9668,0.9696957782503732,k=0.0,minimum attainable main-event rate_upper over the declared grid (descriptive; its cost is not a comparable cost),1024,frontier_no_feasible_solution_found_no_ration,0.265625,0.5498046875,,,,
2,SD-S2,0.01,SD12MO_MAIN9,SD-12MO,MAIN9,"SD12MO_MAIN9:M1[relative,apply_to_dm=True]@alpha=0.01",M1_safety_margin,M1_safety_margin[apply_to_dm=True],entry,False,not_met,,,"no value of the declared grid met the validation screen (candidate statuses: optimal, proven_infeasible); a grid without a solution is not a statement about the whole decision space",main_reference_plan_domain,cp_upper,,,,,False,0,5,1,0.9668,0.9696957782503732,k=0.0,minimum attainable main-event rate_upper over the declared grid (descriptive; its cost is not a comparable cost),1024,frontier_no_feasible_solution_found_no_ration,0.265625,0.5498046875,,,,
2,SD-S2,0.01,SD12MO_MAIN9,SD-12MO,MAIN9,SD12MO_MAIN9:M2[N=1024]@alpha=0.01,M2_joint_chance_saa,M2_joint_chance_saa[N=1024],entry,False,not_met,,,"SAA over the N training scenarios proven infeasible for every alpha_train of the declared grid (training scenarios only; not a population, field or whole-space statement)",main_reference_plan_domain,cp_upper,,,,,False,0,4,0,,,,no scored grid candidate with a ration (not a whole-space statement),1024,frontier_no_feasible_solution_found_no_ration,0.265625,0.5498046875,,,,
2,SD-S2,0.01,SD12MO_MAIN9,SD-12MO,MAIN9,SD12MO_MAIN9:M2[N=128]@alpha=0.01,M2_joint_chance_saa,M2_joint_chance_saa[N=128],entry,False,not_met,,,"SAA over the N training scenarios proven infeasible for every alpha_train of the declared grid (training scenarios only; not a population, field or whole-space statement)",main_reference_plan_domain,cp_upper,,,,,False,0,4,0,,,,no scored grid candidate with a ration (not a whole-space statement),128,optimal,0.53125,0.53125,0.2957,0.2957,0.30329979570165144,"diagnostic frontier point (training scenarios only); not a method, never a member"
2,SD-S2,0.01,SD12MO_MAIN9,SD-12MO,MAIN9,SD12MO_MAIN9:M2[N=512]@alpha=0.01,M2_joint_chance_saa,M2_joint_chance_saa[N=512],entry,False,not_met,,,"SAA over the N training scenarios proven infeasible for every alpha_train of the declared grid (training scenarios only; not a population, field or whole-space statement)",main_reference_plan_domain,cp_upper,,,,,False,0,4,0,,,,no scored grid candidate with a ration (not a whole-space statement),512,frontier_no_feasible_solution_found_no_ration,0.41015625,0.521484375,,,,
2,SD-S2,0.01,SD12MO_MAIN9,SD-12MO,MAIN9,SD12MO_MAIN9:M3a[factory box]@alpha=0.01,M3a_box_robust,M3a_box_robust,entry,False,not_met,,,no value of the declared grid met the validation screen (candidate statuses: proven_infeasible); a grid without a solution is not a statement about the whole decision space,main_reference_plan_domain,cp_upper,,,,,False,0,5,0,,,,no scored grid candidate with a ration (not a whole-space statement),1024,frontier_no_feasible_solution_found_no_ration,0.265625,0.5498046875,,,,
2,SD-S2,0.01,SD12MO_MAIN9,SD-12MO,MAIN9,SD12MO_MAIN9:M3b[factory box]@alpha=0.01,M3b_budget_robust,M3b_budget_robust,entry,False,not_met,,,"no value of the declared grid met the validation screen (candidate statuses: optimal, proven_infeasible); a grid without a solution is not a statement about the whole decision space",main_reference_plan_domain,cp_upper,,,,,False,0,35,5,0.9668,0.9696957782503732,"gamma=0 {""k_box"": 1.0}",minimum attainable main-event rate_upper over the declared grid (descriptive; its cost is not a comparable cost),1024,frontier_no_feasible_solution_found_no_ration,0.265625,0.5498046875,,,,
2,SD-S2,0.01,SDH0_MAIN9,SD-H0,MAIN9,SDH0_MAIN9:M0,M0_nominal,M0_nominal,entry,True,,,optimal,,main_reference_plan_domain,cp_upper,0.9668,0.9668,0.9696957782503732,False,False,0,1,1,0.9668,0.9696957782503732,,minimum attainable main-event rate_upper over the declared grid (descriptive; its cost is not a comparable cost),1024,feasible_time_limit,0.3955078125,0.6923828125,0.5161,0.5161,0.5243657650273957,"diagnostic frontier point (training scenarios only); not a method, never a member"
2,SD-S2,0.01,SDH0_MAIN9,SD-H0,MAIN9,"SDH0_MAIN9:M1[relative,apply_to_dm=False]@alpha=0.01",M1_safety_margin,M1_safety_margin[apply_to_dm=False],sensitivity_line,False,not_met,,,"no value of the declared grid met the validation screen (candidate statuses: optimal, proven_infeasible); a grid without a solution is not a statement about the whole decision space",main_reference_plan_domain,cp_upper,,,,,False,0,5,1,0.9668,0.9696957782503732,k=0.0,minimum attainable main-event rate_upper over the declared grid (descriptive; its cost is not a comparable cost),1024,feasible_time_limit,0.3955078125,0.6923828125,0.5161,0.5161,0.5243657650273957,"diagnostic frontier point (training scenarios only); not a method, never a member"
2,SD-S2,0.01,SDH0_MAIN9,SD-H0,MAIN9,"SDH0_MAIN9:M1[relative,apply_to_dm=True]@alpha=0.01",M1_safety_margin,M1_safety_margin[apply_to_dm=True],entry,False,not_met,,,"no value of the declared grid met the validation screen (candidate statuses: optimal, proven_infeasible); a grid without a solution is not a statement about the whole decision space",main_reference_plan_domain,cp_upper,,,,,False,0,5,1,0.9668,0.9696957782503732,k=0.0,minimum attainable main-event rate_upper over the declared grid (descriptive; its cost is not a comparable cost),1024,feasible_time_limit,0.3955078125,0.6923828125,0.5161,0.5161,0.5243657650273957,"diagnostic frontier point (training scenarios only); not a method, never a member"
2,SD-S2,0.01,SDH0_MAIN9,SD-H0,MAIN9,SDH0_MAIN9:M2[N=1024]@alpha=0.01,M2_joint_chance_saa,M2_joint_chance_saa[N=1024],entry,False,not_met,,,"SAA over the N training scenarios proven infeasible for every alpha_train of the declared grid (training scenarios only; not a population, field or whole-space statement)",main_reference_plan_domain,cp_upper,,,,,False,0,4,0,,,,no scored grid candidate with a ration (not a whole-space statement),1024,feasible_time_limit,0.3955078125,0.6923828125,0.5161,0.5161,0.5243657650273957,"diagnostic frontier point (training scenarios only); not a method, never a member"
2,SD-S2,0.01,SDH0_MAIN9,SD-H0,MAIN9,SDH0_MAIN9:M2[N=128]@alpha=0.01,M2_joint_chance_saa,M2_joint_chance_saa[N=128],entry,False,not_met,,,"SAA over the N training scenarios proven infeasible for every alpha_train of the declared grid (training scenarios only; not a population, field or whole-space statement)",main_reference_plan_domain,cp_upper,,,,,False,0,4,0,,,,no scored grid candidate with a ration (not a whole-space statement),128,optimal,0.6796875,0.6796875,0.3796,0.3796,0.38765747322413785,"diagnostic frontier point (training scenarios only); not a method, never a member"
2,SD-S2,0.01,SDH0_MAIN9,SD-H0,MAIN9,SDH0_MAIN9:M2[N=512]@alpha=0.01,M2_joint_chance_saa,M2_joint_chance_saa[N=512],entry,False,not_met,,,"SAA over the N training scenarios proven infeasible for every alpha_train of the declared grid (training scenarios only; not a population, field or whole-space statement)",main_reference_plan_domain,cp_upper,,,,,False,0,4,0,,,,no scored grid candidate with a ration (not a whole-space statement),512,frontier_no_feasible_solution_found_no_ration,0.521484375,0.654296875,,,,
2,SD-S2,0.01,SDH0_MAIN9,SD-H0,MAIN9,SDH0_MAIN9:M3a[factory box]@alpha=0.01,M3a_box_robust,M3a_box_robust,entry,False,not_met,,,no value of the declared grid met the validation screen (candidate statuses: proven_infeasible); a grid without a solution is not a statement about the whole decision space,main_reference_plan_domain,cp_upper,,,,,False,0,5,0,,,,no scored grid candidate with a ration (not a whole-space statement),1024,feasible_time_limit,0.3955078125,0.6923828125,0.5161,0.5161,0.5243657650273957,"diagnostic frontier point (training scenarios only); not a method, never a member"
2,SD-S2,0.01,SDH0_MAIN9,SD-H0,MAIN9,SDH0_MAIN9:M3b[factory box]@alpha=0.01,M3b_budget_robust,M3b_budget_robust,entry,False,not_met,,,"no value of the declared grid met the validation screen (candidate statuses: optimal, proven_infeasible); a grid without a solution is not a statement about the whole decision space",main_reference_plan_domain,cp_upper,,,,,False,0,35,5,0.9668,0.9696957782503732,"gamma=0 {""k_box"": 1.0}",minimum attainable main-event rate_upper over the declared grid (descriptive; its cost is not a comparable cost),1024,feasible_time_limit,0.3955078125,0.6923828125,0.5161,0.5161,0.5243657650273957,"diagnostic frontier point (training scenarios only); not a method, never a member"
2,SD-S2,0.01,SDS2_MAIN9,SD-S2,MAIN9,SDS2_MAIN9:M0,M0_nominal,M0_nominal,entry,True,,,optimal,,main_reference_plan_domain,cp_upper,0.9668,0.9668,0.9696957782503732,False,False,0,1,1,0.9668,0.9696957782503732,,minimum attainable main-event rate_upper over the declared grid (descriptive; its cost is not a comparable cost),1024,frontier_no_feasible_solution_found_no_ration,0.14453125,0.3828125,,,,
2,SD-S2,0.01,SDS2_MAIN9,SD-S2,MAIN9,"SDS2_MAIN9:M1[relative,apply_to_dm=False]@alpha=0.01",M1_safety_margin,M1_safety_margin[apply_to_dm=False],sensitivity_line,False,not_met,,,"no value of the declared grid met the validation screen (candidate statuses: optimal, proven_infeasible); a grid without a solution is not a statement about the whole decision space",main_reference_plan_domain,cp_upper,,,,,False,0,5,1,0.9668,0.9696957782503732,k=0.0,minimum attainable main-event rate_upper over the declared grid (descriptive; its cost is not a comparable cost),1024,frontier_no_feasible_solution_found_no_ration,0.14453125,0.3828125,,,,
2,SD-S2,0.01,SDS2_MAIN9,SD-S2,MAIN9,"SDS2_MAIN9:M1[relative,apply_to_dm=True]@alpha=0.01",M1_safety_margin,M1_safety_margin[apply_to_dm=True],entry,False,not_met,,,"no value of the declared grid met the validation screen (candidate statuses: optimal, proven_infeasible); a grid without a solution is not a statement about the whole decision space",main_reference_plan_domain,cp_upper,,,,,False,0,5,1,0.9668,0.9696957782503732,k=0.0,minimum attainable main-event rate_upper over the declared grid (descriptive; its cost is not a comparable cost),1024,frontier_no_feasible_solution_found_no_ration,0.14453125,0.3828125,,,,
2,SD-S2,0.01,SDS2_MAIN9,SD-S2,MAIN9,SDS2_MAIN9:M2[N=1024]@alpha=0.01,M2_joint_chance_saa,M2_joint_chance_saa[N=1024],entry,False,not_met,,,"SAA over the N training scenarios proven infeasible for every alpha_train of the declared grid (training scenarios only; not a population, field or whole-space statement)",main_reference_plan_domain,cp_upper,,,,,False,0,4,0,,,,no scored grid candidate with a ration (not a whole-space statement),1024,frontier_no_feasible_solution_found_no_ration,0.14453125,0.3828125,,,,
2,SD-S2,0.01,SDS2_MAIN9,SD-S2,MAIN9,SDS2_MAIN9:M2[N=128]@alpha=0.01,M2_joint_chance_saa,M2_joint_chance_saa[N=128],entry,False,not_met,,,"SAA over the N training scenarios proven infeasible for every alpha_train of the declared grid (training scenarios only; not a population, field or whole-space statement)",main_reference_plan_domain,cp_upper,,,,,False,0,4,0,,,,no scored grid candidate with a ration (not a whole-space statement),128,optimal,0.3984375,0.3984375,0.287,0.287,0.29453597225327194,"diagnostic frontier point (training scenarios only); not a method, never a member"
2,SD-S2,0.01,SDS2_MAIN9,SD-S2,MAIN9,SDS2_MAIN9:M2[N=512]@alpha=0.01,M2_joint_chance_saa,M2_joint_chance_saa[N=512],entry,False,not_met,,,"SAA over the N training scenarios proven infeasible for every alpha_train of the declared grid (training scenarios only; not a population, field or whole-space statement)",main_reference_plan_domain,cp_upper,,,,,False,0,4,0,,,,no scored grid candidate with a ration (not a whole-space statement),512,frontier_no_feasible_solution_found_no_ration,0.23828125,0.384765625,,,,
2,SD-S2,0.01,SDS2_MAIN9,SD-S2,MAIN9,SDS2_MAIN9:M3a[factory box]@alpha=0.01,M3a_box_robust,M3a_box_robust,entry,False,not_met,,,no value of the declared grid met the validation screen (candidate statuses: proven_infeasible); a grid without a solution is not a statement about the whole decision space,main_reference_plan_domain,cp_upper,,,,,False,0,5,0,,,,no scored grid candidate with a ration (not a whole-space statement),1024,frontier_no_feasible_solution_found_no_ration,0.14453125,0.3828125,,,,
2,SD-S2,0.01,SDS2_MAIN9,SD-S2,MAIN9,SDS2_MAIN9:M3b[factory box]@alpha=0.01,M3b_budget_robust,M3b_budget_robust,entry,False,not_met,,,"no value of the declared grid met the validation screen (candidate statuses: optimal, proven_infeasible); a grid without a solution is not a statement about the whole decision space",main_reference_plan_domain,cp_upper,,,,,False,0,35,5,0.9668,0.9696957782503732,"gamma=0 {""k_box"": 1.0}",minimum attainable main-event rate_upper over the declared grid (descriptive; its cost is not a comparable cost),1024,frontier_no_feasible_solution_found_no_ration,0.14453125,0.3828125,,,,
2,SD-S2,0.01,SDSRC12_MAIN9,SD-SRC12,MAIN9,SDSRC12_MAIN9:M0,M0_nominal,M0_nominal,entry,True,,,optimal,,main_reference_plan_domain,cp_upper,0.9668,0.9668,0.9696957782503732,False,False,0,1,1,0.9668,0.9696957782503732,,minimum attainable main-event rate_upper over the declared grid (descriptive; its cost is not a comparable cost),1024,frontier_no_feasible_solution_found_no_ration,0.2607421875,0.6767578125,,,,
2,SD-S2,0.01,SDSRC12_MAIN9,SD-SRC12,MAIN9,"SDSRC12_MAIN9:M1[relative,apply_to_dm=False]@alpha=0.01",M1_safety_margin,M1_safety_margin[apply_to_dm=False],sensitivity_line,False,not_met,,,"no value of the declared grid met the validation screen (candidate statuses: optimal, proven_infeasible); a grid without a solution is not a statement about the whole decision space",main_reference_plan_domain,cp_upper,,,,,False,0,5,1,0.9668,0.9696957782503732,k=0.0,minimum attainable main-event rate_upper over the declared grid (descriptive; its cost is not a comparable cost),1024,frontier_no_feasible_solution_found_no_ration,0.2607421875,0.6767578125,,,,
2,SD-S2,0.01,SDSRC12_MAIN9,SD-SRC12,MAIN9,"SDSRC12_MAIN9:M1[relative,apply_to_dm=True]@alpha=0.01",M1_safety_margin,M1_safety_margin[apply_to_dm=True],entry,False,not_met,,,"no value of the declared grid met the validation screen (candidate statuses: optimal, proven_infeasible); a grid without a solution is not a statement about the whole decision space",main_reference_plan_domain,cp_upper,,,,,False,0,5,1,0.9668,0.9696957782503732,k=0.0,minimum attainable main-event rate_upper over the declared grid (descriptive; its cost is not a comparable cost),1024,frontier_no_feasible_solution_found_no_ration,0.2607421875,0.6767578125,,,,
2,SD-S2,0.01,SDSRC12_MAIN9,SD-SRC12,MAIN9,SDSRC12_MAIN9:M2[N=1024]@alpha=0.01,M2_joint_chance_saa,M2_joint_chance_saa[N=1024],entry,False,not_met,,,"SAA over the N training scenarios proven infeasible for every alpha_train of the declared grid (training scenarios only; not a population, field or whole-space statement)",main_reference_plan_domain,cp_upper,,,,,False,0,4,0,,,,no scored grid candidate with a ration (not a whole-space statement),1024,frontier_no_feasible_solution_found_no_ration,0.2607421875,0.6767578125,,,,
2,SD-S2,0.01,SDSRC12_MAIN9,SD-SRC12,MAIN9,SDSRC12_MAIN9:M2[N=128]@alpha=0.01,M2_joint_chance_saa,M2_joint_chance_saa[N=128],entry,False,not_met,,,"SAA over the N training scenarios proven infeasible for every alpha_train of the declared grid (training scenarios only; not a population, field or whole-space statement)",main_reference_plan_domain,cp_upper,,,,,False,0,4,0,,,,no scored grid candidate with a ration (not a whole-space statement),128,optimal,0.6328125,0.6328125,0.3602,0.3602,0.3681756603849066,"diagnostic frontier point (training scenarios only); not a method, never a member"
2,SD-S2,0.01,SDSRC12_MAIN9,SD-SRC12,MAIN9,SDSRC12_MAIN9:M2[N=512]@alpha=0.01,M2_joint_chance_saa,M2_joint_chance_saa[N=512],entry,False,not_met,,,"SAA over the N training scenarios proven infeasible for every alpha_train of the declared grid (training scenarios only; not a population, field or whole-space statement)",main_reference_plan_domain,cp_upper,,,,,False,0,4,0,,,,no scored grid candidate with a ration (not a whole-space statement),512,frontier_no_feasible_solution_found_no_ration,0.4375,0.662109375,,,,
2,SD-S2,0.01,SDSRC12_MAIN9,SD-SRC12,MAIN9,SDSRC12_MAIN9:M3a[factory box]@alpha=0.01,M3a_box_robust,M3a_box_robust,entry,False,not_met,,,no value of the declared grid met the validation screen (candidate statuses: proven_infeasible); a grid without a solution is not a statement about the whole decision space,main_reference_plan_domain,cp_upper,,,,,False,0,5,0,,,,no scored grid candidate with a ration (not a whole-space statement),1024,frontier_no_feasible_solution_found_no_ration,0.2607421875,0.6767578125,,,,
2,SD-S2,0.01,SDSRC12_MAIN9,SD-SRC12,MAIN9,SDSRC12_MAIN9:M3b[factory box]@alpha=0.01,M3b_budget_robust,M3b_budget_robust,entry,False,not_met,,,"no value of the declared grid met the validation screen (candidate statuses: optimal, proven_infeasible); a grid without a solution is not a statement about the whole decision space",main_reference_plan_domain,cp_upper,,,,,False,0,35,5,0.9668,0.9696957782503732,"gamma=0 {""k_box"": 1.0}",minimum attainable main-event rate_upper over the declared grid (descriptive; its cost is not a comparable cost),1024,frontier_no_feasible_solution_found_no_ration,0.2607421875,0.6767578125,,,,
2,SD-S2,0.01,SDSRC14_MAIN9,SD-SRC14,MAIN9,SDSRC14_MAIN9:M0,M0_nominal,M0_nominal,entry,True,,,optimal,,main_reference_plan_domain,cp_upper,0.9668,0.9668,0.9696957782503732,False,False,0,1,1,0.9668,0.9696957782503732,,minimum attainable main-event rate_upper over the declared grid (descriptive; its cost is not a comparable cost),1024,frontier_no_feasible_solution_found_no_ration,0.123046875,0.5205078125,,,,
2,SD-S2,0.01,SDSRC14_MAIN9,SD-SRC14,MAIN9,"SDSRC14_MAIN9:M1[relative,apply_to_dm=False]@alpha=0.01",M1_safety_margin,M1_safety_margin[apply_to_dm=False],sensitivity_line,False,not_met,,,"no value of the declared grid met the validation screen (candidate statuses: optimal, proven_infeasible); a grid without a solution is not a statement about the whole decision space",main_reference_plan_domain,cp_upper,,,,,False,0,5,1,0.9668,0.9696957782503732,k=0.0,minimum attainable main-event rate_upper over the declared grid (descriptive; its cost is not a comparable cost),1024,frontier_no_feasible_solution_found_no_ration,0.123046875,0.5205078125,,,,
2,SD-S2,0.01,SDSRC14_MAIN9,SD-SRC14,MAIN9,"SDSRC14_MAIN9:M1[relative,apply_to_dm=True]@alpha=0.01",M1_safety_margin,M1_safety_margin[apply_to_dm=True],entry,False,not_met,,,"no value of the declared grid met the validation screen (candidate statuses: optimal, proven_infeasible); a grid without a solution is not a statement about the whole decision space",main_reference_plan_domain,cp_upper,,,,,False,0,5,1,0.9668,0.9696957782503732,k=0.0,minimum attainable main-event rate_upper over the declared grid (descriptive; its cost is not a comparable cost),1024,frontier_no_feasible_solution_found_no_ration,0.123046875,0.5205078125,,,,
2,SD-S2,0.01,SDSRC14_MAIN9,SD-SRC14,MAIN9,SDSRC14_MAIN9:M2[N=1024]@alpha=0.01,M2_joint_chance_saa,M2_joint_chance_saa[N=1024],entry,False,not_met,,,"SAA over the N training scenarios proven infeasible for every alpha_train of the declared grid (training scenarios only; not a population, field or whole-space statement)",main_reference_plan_domain,cp_upper,,,,,False,0,4,0,,,,no scored grid candidate with a ration (not a whole-space statement),1024,frontier_no_feasible_solution_found_no_ration,0.123046875,0.5205078125,,,,
2,SD-S2,0.01,SDSRC14_MAIN9,SD-SRC14,MAIN9,SDSRC14_MAIN9:M2[N=128]@alpha=0.01,M2_joint_chance_saa,M2_joint_chance_saa[N=128],entry,False,not_met,,,"SAA over the N training scenarios proven infeasible for every alpha_train of the declared grid (training scenarios only; not a population, field or whole-space statement)",main_reference_plan_domain,cp_upper,,,,,False,0,4,0,,,,no scored grid candidate with a ration (not a whole-space statement),128,optimal,0.4609375,0.5,0.3052,0.3052,0.31286575115733845,"diagnostic frontier point (training scenarios only); not a method, never a member"
2,SD-S2,0.01,SDSRC14_MAIN9,SD-SRC14,MAIN9,SDSRC14_MAIN9:M2[N=512]@alpha=0.01,M2_joint_chance_saa,M2_joint_chance_saa[N=512],entry,False,not_met,,,"SAA over the N training scenarios proven infeasible for every alpha_train of the declared grid (training scenarios only; not a population, field or whole-space statement)",main_reference_plan_domain,cp_upper,,,,,False,0,4,0,,,,no scored grid candidate with a ration (not a whole-space statement),512,frontier_no_feasible_solution_found_no_ration,0.2890625,0.5,,,,
2,SD-S2,0.01,SDSRC14_MAIN9,SD-SRC14,MAIN9,SDSRC14_MAIN9:M3a[factory box]@alpha=0.01,M3a_box_robust,M3a_box_robust,entry,False,not_met,,,no value of the declared grid met the validation screen (candidate statuses: proven_infeasible); a grid without a solution is not a statement about the whole decision space,main_reference_plan_domain,cp_upper,,,,,False,0,5,0,,,,no scored grid candidate with a ration (not a whole-space statement),1024,frontier_no_feasible_solution_found_no_ration,0.123046875,0.5205078125,,,,
2,SD-S2,0.01,SDSRC14_MAIN9,SD-SRC14,MAIN9,SDSRC14_MAIN9:M3b[factory box]@alpha=0.01,M3b_budget_robust,M3b_budget_robust,entry,False,not_met,,,"no value of the declared grid met the validation screen (candidate statuses: optimal, proven_infeasible); a grid without a solution is not a statement about the whole decision space",main_reference_plan_domain,cp_upper,,,,,False,0,35,5,0.9668,0.9696957782503732,"gamma=0 {""k_box"": 1.0}",minimum attainable main-event rate_upper over the declared grid (descriptive; its cost is not a comparable cost),1024,frontier_no_feasible_solution_found_no_ration,0.123046875,0.5205078125,,,,
2,SD-SRC14,0.05,SD12MO_MAIN9,SD-12MO,MAIN9,SD12MO_MAIN9:M0,M0_nominal,M0_nominal,entry,True,,,optimal,,main_reference_plan_domain,cp_upper,0.9723,0.9724,0.9750422709423038,False,False,0,1,1,0.9724,0.9750422709423038,,minimum attainable main-event rate_upper over the declared grid (descriptive; its cost is not a comparable cost),1024,frontier_no_feasible_solution_found_no_ration,0.265625,0.5498046875,,,,
2,SD-SRC14,0.05,SD12MO_MAIN9,SD-12MO,MAIN9,"SD12MO_MAIN9:M1[relative,apply_to_dm=False]@alpha=0.05",M1_safety_margin,M1_safety_margin[apply_to_dm=False],sensitivity_line,False,not_met,,,"no value of the declared grid met the validation screen (candidate statuses: optimal, proven_infeasible); a grid without a solution is not a statement about the whole decision space",main_reference_plan_domain,cp_upper,,,,,False,0,5,1,0.9724,0.9750422709423038,k=0.0,minimum attainable main-event rate_upper over the declared grid (descriptive; its cost is not a comparable cost),1024,frontier_no_feasible_solution_found_no_ration,0.265625,0.5498046875,,,,
2,SD-SRC14,0.05,SD12MO_MAIN9,SD-12MO,MAIN9,"SD12MO_MAIN9:M1[relative,apply_to_dm=True]@alpha=0.05",M1_safety_margin,M1_safety_margin[apply_to_dm=True],entry,False,not_met,,,"no value of the declared grid met the validation screen (candidate statuses: optimal, proven_infeasible); a grid without a solution is not a statement about the whole decision space",main_reference_plan_domain,cp_upper,,,,,False,0,5,1,0.9724,0.9750422709423038,k=0.0,minimum attainable main-event rate_upper over the declared grid (descriptive; its cost is not a comparable cost),1024,frontier_no_feasible_solution_found_no_ration,0.265625,0.5498046875,,,,
2,SD-SRC14,0.05,SD12MO_MAIN9,SD-12MO,MAIN9,SD12MO_MAIN9:M2[N=1024]@alpha=0.05,M2_joint_chance_saa,M2_joint_chance_saa[N=1024],entry,False,not_met,,,"SAA over the N training scenarios proven infeasible for every alpha_train of the declared grid (training scenarios only; not a population, field or whole-space statement)",main_reference_plan_domain,cp_upper,,,,,False,0,4,0,,,,no scored grid candidate with a ration (not a whole-space statement),1024,frontier_no_feasible_solution_found_no_ration,0.265625,0.5498046875,,,,
2,SD-SRC14,0.05,SD12MO_MAIN9,SD-12MO,MAIN9,SD12MO_MAIN9:M2[N=128]@alpha=0.05,M2_joint_chance_saa,M2_joint_chance_saa[N=128],entry,False,not_met,,,"SAA over the N training scenarios proven infeasible for every alpha_train of the declared grid (training scenarios only; not a population, field or whole-space statement)",main_reference_plan_domain,cp_upper,,,,,False,0,4,0,,,,no scored grid candidate with a ration (not a whole-space statement),128,optimal,0.53125,0.53125,0.4829,0.4832,0.49147247017161905,"diagnostic frontier point (training scenarios only); not a method, never a member"
2,SD-SRC14,0.05,SD12MO_MAIN9,SD-12MO,MAIN9,SD12MO_MAIN9:M2[N=512]@alpha=0.05,M2_joint_chance_saa,M2_joint_chance_saa[N=512],entry,False,not_met,,,"SAA over the N training scenarios proven infeasible for every alpha_train of the declared grid (training scenarios only; not a population, field or whole-space statement)",main_reference_plan_domain,cp_upper,,,,,False,0,4,0,,,,no scored grid candidate with a ration (not a whole-space statement),512,frontier_no_feasible_solution_found_no_ration,0.41015625,0.521484375,,,,
2,SD-SRC14,0.05,SD12MO_MAIN9,SD-12MO,MAIN9,SD12MO_MAIN9:M3a[factory box]@alpha=0.05,M3a_box_robust,M3a_box_robust,entry,False,not_met,,,no value of the declared grid met the validation screen (candidate statuses: proven_infeasible); a grid without a solution is not a statement about the whole decision space,main_reference_plan_domain,cp_upper,,,,,False,0,5,0,,,,no scored grid candidate with a ration (not a whole-space statement),1024,frontier_no_feasible_solution_found_no_ration,0.265625,0.5498046875,,,,
2,SD-SRC14,0.05,SD12MO_MAIN9,SD-12MO,MAIN9,SD12MO_MAIN9:M3b[factory box]@alpha=0.05,M3b_budget_robust,M3b_budget_robust,entry,False,not_met,,,"no value of the declared grid met the validation screen (candidate statuses: optimal, proven_infeasible); a grid without a solution is not a statement about the whole decision space",main_reference_plan_domain,cp_upper,,,,,False,0,35,5,0.9724,0.9750422709423038,"gamma=0 {""k_box"": 1.0}",minimum attainable main-event rate_upper over the declared grid (descriptive; its cost is not a comparable cost),1024,frontier_no_feasible_solution_found_no_ration,0.265625,0.5498046875,,,,
2,SD-SRC14,0.05,SDH0_MAIN9,SD-H0,MAIN9,SDH0_MAIN9:M0,M0_nominal,M0_nominal,entry,True,,,optimal,,main_reference_plan_domain,cp_upper,0.9723,0.9724,0.9750422709423038,False,False,0,1,1,0.9724,0.9750422709423038,,minimum attainable main-event rate_upper over the declared grid (descriptive; its cost is not a comparable cost),1024,feasible_time_limit,0.3955078125,0.6923828125,0.537,0.5374,0.5456424071442658,"diagnostic frontier point (training scenarios only); not a method, never a member"
2,SD-SRC14,0.05,SDH0_MAIN9,SD-H0,MAIN9,"SDH0_MAIN9:M1[relative,apply_to_dm=False]@alpha=0.05",M1_safety_margin,M1_safety_margin[apply_to_dm=False],sensitivity_line,False,not_met,,,"no value of the declared grid met the validation screen (candidate statuses: optimal, proven_infeasible); a grid without a solution is not a statement about the whole decision space",main_reference_plan_domain,cp_upper,,,,,False,0,5,1,0.9724,0.9750422709423038,k=0.0,minimum attainable main-event rate_upper over the declared grid (descriptive; its cost is not a comparable cost),1024,feasible_time_limit,0.3955078125,0.6923828125,0.537,0.5374,0.5456424071442658,"diagnostic frontier point (training scenarios only); not a method, never a member"
2,SD-SRC14,0.05,SDH0_MAIN9,SD-H0,MAIN9,"SDH0_MAIN9:M1[relative,apply_to_dm=True]@alpha=0.05",M1_safety_margin,M1_safety_margin[apply_to_dm=True],entry,False,not_met,,,"no value of the declared grid met the validation screen (candidate statuses: optimal, proven_infeasible); a grid without a solution is not a statement about the whole decision space",main_reference_plan_domain,cp_upper,,,,,False,0,5,1,0.9724,0.9750422709423038,k=0.0,minimum attainable main-event rate_upper over the declared grid (descriptive; its cost is not a comparable cost),1024,feasible_time_limit,0.3955078125,0.6923828125,0.537,0.5374,0.5456424071442658,"diagnostic frontier point (training scenarios only); not a method, never a member"
2,SD-SRC14,0.05,SDH0_MAIN9,SD-H0,MAIN9,SDH0_MAIN9:M2[N=1024]@alpha=0.05,M2_joint_chance_saa,M2_joint_chance_saa[N=1024],entry,False,not_met,,,"SAA over the N training scenarios proven infeasible for every alpha_train of the declared grid (training scenarios only; not a population, field or whole-space statement)",main_reference_plan_domain,cp_upper,,,,,False,0,4,0,,,,no scored grid candidate with a ration (not a whole-space statement),1024,feasible_time_limit,0.3955078125,0.6923828125,0.537,0.5374,0.5456424071442658,"diagnostic frontier point (training scenarios only); not a method, never a member"
2,SD-SRC14,0.05,SDH0_MAIN9,SD-H0,MAIN9,SDH0_MAIN9:M2[N=128]@alpha=0.05,M2_joint_chance_saa,M2_joint_chance_saa[N=128],entry,False,not_met,,,"SAA over the N training scenarios proven infeasible for every alpha_train of the declared grid (training scenarios only; not a population, field or whole-space statement)",main_reference_plan_domain,cp_upper,,,,,False,0,4,0,,,,no scored grid candidate with a ration (not a whole-space statement),128,optimal,0.6796875,0.6796875,0.4624,0.4628,0.47105871646918057,"diagnostic frontier point (training scenarios only); not a method, never a member"
2,SD-SRC14,0.05,SDH0_MAIN9,SD-H0,MAIN9,SDH0_MAIN9:M2[N=512]@alpha=0.05,M2_joint_chance_saa,M2_joint_chance_saa[N=512],entry,False,not_met,,,"SAA over the N training scenarios proven infeasible for every alpha_train of the declared grid (training scenarios only; not a population, field or whole-space statement)",main_reference_plan_domain,cp_upper,,,,,False,0,4,0,,,,no scored grid candidate with a ration (not a whole-space statement),512,frontier_no_feasible_solution_found_no_ration,0.521484375,0.654296875,,,,
2,SD-SRC14,0.05,SDH0_MAIN9,SD-H0,MAIN9,SDH0_MAIN9:M3a[factory box]@alpha=0.05,M3a_box_robust,M3a_box_robust,entry,False,not_met,,,no value of the declared grid met the validation screen (candidate statuses: proven_infeasible); a grid without a solution is not a statement about the whole decision space,main_reference_plan_domain,cp_upper,,,,,False,0,5,0,,,,no scored grid candidate with a ration (not a whole-space statement),1024,feasible_time_limit,0.3955078125,0.6923828125,0.537,0.5374,0.5456424071442658,"diagnostic frontier point (training scenarios only); not a method, never a member"
2,SD-SRC14,0.05,SDH0_MAIN9,SD-H0,MAIN9,SDH0_MAIN9:M3b[factory box]@alpha=0.05,M3b_budget_robust,M3b_budget_robust,entry,False,not_met,,,"no value of the declared grid met the validation screen (candidate statuses: optimal, proven_infeasible); a grid without a solution is not a statement about the whole decision space",main_reference_plan_domain,cp_upper,,,,,False,0,35,5,0.9724,0.9750422709423038,"gamma=0 {""k_box"": 1.0}",minimum attainable main-event rate_upper over the declared grid (descriptive; its cost is not a comparable cost),1024,feasible_time_limit,0.3955078125,0.6923828125,0.537,0.5374,0.5456424071442658,"diagnostic frontier point (training scenarios only); not a method, never a member"
2,SD-SRC14,0.05,SDS2_MAIN9,SD-S2,MAIN9,SDS2_MAIN9:M0,M0_nominal,M0_nominal,entry,True,,,optimal,,main_reference_plan_domain,cp_upper,0.9723,0.9724,0.9750422709423038,False,False,0,1,1,0.9724,0.9750422709423038,,minimum attainable main-event rate_upper over the declared grid (descriptive; its cost is not a comparable cost),1024,frontier_no_feasible_solution_found_no_ration,0.14453125,0.3828125,,,,
2,SD-SRC14,0.05,SDS2_MAIN9,SD-S2,MAIN9,"SDS2_MAIN9:M1[relative,apply_to_dm=False]@alpha=0.05",M1_safety_margin,M1_safety_margin[apply_to_dm=False],sensitivity_line,False,not_met,,,"no value of the declared grid met the validation screen (candidate statuses: optimal, proven_infeasible); a grid without a solution is not a statement about the whole decision space",main_reference_plan_domain,cp_upper,,,,,False,0,5,1,0.9724,0.9750422709423038,k=0.0,minimum attainable main-event rate_upper over the declared grid (descriptive; its cost is not a comparable cost),1024,frontier_no_feasible_solution_found_no_ration,0.14453125,0.3828125,,,,
2,SD-SRC14,0.05,SDS2_MAIN9,SD-S2,MAIN9,"SDS2_MAIN9:M1[relative,apply_to_dm=True]@alpha=0.05",M1_safety_margin,M1_safety_margin[apply_to_dm=True],entry,False,not_met,,,"no value of the declared grid met the validation screen (candidate statuses: optimal, proven_infeasible); a grid without a solution is not a statement about the whole decision space",main_reference_plan_domain,cp_upper,,,,,False,0,5,1,0.9724,0.9750422709423038,k=0.0,minimum attainable main-event rate_upper over the declared grid (descriptive; its cost is not a comparable cost),1024,frontier_no_feasible_solution_found_no_ration,0.14453125,0.3828125,,,,
2,SD-SRC14,0.05,SDS2_MAIN9,SD-S2,MAIN9,SDS2_MAIN9:M2[N=1024]@alpha=0.05,M2_joint_chance_saa,M2_joint_chance_saa[N=1024],entry,False,not_met,,,"SAA over the N training scenarios proven infeasible for every alpha_train of the declared grid (training scenarios only; not a population, field or whole-space statement)",main_reference_plan_domain,cp_upper,,,,,False,0,4,0,,,,no scored grid candidate with a ration (not a whole-space statement),1024,frontier_no_feasible_solution_found_no_ration,0.14453125,0.3828125,,,,
2,SD-SRC14,0.05,SDS2_MAIN9,SD-S2,MAIN9,SDS2_MAIN9:M2[N=128]@alpha=0.05,M2_joint_chance_saa,M2_joint_chance_saa[N=128],entry,False,not_met,,,"SAA over the N training scenarios proven infeasible for every alpha_train of the declared grid (training scenarios only; not a population, field or whole-space statement)",main_reference_plan_domain,cp_upper,,,,,False,0,4,0,,,,no scored grid candidate with a ration (not a whole-space statement),128,optimal,0.3984375,0.3984375,0.4976,0.4979,0.5061738752459699,"diagnostic frontier point (training scenarios only); not a method, never a member"
2,SD-SRC14,0.05,SDS2_MAIN9,SD-S2,MAIN9,SDS2_MAIN9:M2[N=512]@alpha=0.05,M2_joint_chance_saa,M2_joint_chance_saa[N=512],entry,False,not_met,,,"SAA over the N training scenarios proven infeasible for every alpha_train of the declared grid (training scenarios only; not a population, field or whole-space statement)",main_reference_plan_domain,cp_upper,,,,,False,0,4,0,,,,no scored grid candidate with a ration (not a whole-space statement),512,frontier_no_feasible_solution_found_no_ration,0.23828125,0.384765625,,,,
2,SD-SRC14,0.05,SDS2_MAIN9,SD-S2,MAIN9,SDS2_MAIN9:M3a[factory box]@alpha=0.05,M3a_box_robust,M3a_box_robust,entry,False,not_met,,,no value of the declared grid met the validation screen (candidate statuses: proven_infeasible); a grid without a solution is not a statement about the whole decision space,main_reference_plan_domain,cp_upper,,,,,False,0,5,0,,,,no scored grid candidate with a ration (not a whole-space statement),1024,frontier_no_feasible_solution_found_no_ration,0.14453125,0.3828125,,,,
2,SD-SRC14,0.05,SDS2_MAIN9,SD-S2,MAIN9,SDS2_MAIN9:M3b[factory box]@alpha=0.05,M3b_budget_robust,M3b_budget_robust,entry,False,not_met,,,"no value of the declared grid met the validation screen (candidate statuses: optimal, proven_infeasible); a grid without a solution is not a statement about the whole decision space",main_reference_plan_domain,cp_upper,,,,,False,0,35,5,0.9724,0.9750422709423038,"gamma=0 {""k_box"": 1.0}",minimum attainable main-event rate_upper over the declared grid (descriptive; its cost is not a comparable cost),1024,frontier_no_feasible_solution_found_no_ration,0.14453125,0.3828125,,,,
2,SD-SRC14,0.05,SDSRC12_MAIN9,SD-SRC12,MAIN9,SDSRC12_MAIN9:M0,M0_nominal,M0_nominal,entry,True,,,optimal,,main_reference_plan_domain,cp_upper,0.9723,0.9724,0.9750422709423038,False,False,0,1,1,0.9724,0.9750422709423038,,minimum attainable main-event rate_upper over the declared grid (descriptive; its cost is not a comparable cost),1024,frontier_no_feasible_solution_found_no_ration,0.2607421875,0.6767578125,,,,
2,SD-SRC14,0.05,SDSRC12_MAIN9,SD-SRC12,MAIN9,"SDSRC12_MAIN9:M1[relative,apply_to_dm=False]@alpha=0.05",M1_safety_margin,M1_safety_margin[apply_to_dm=False],sensitivity_line,False,not_met,,,"no value of the declared grid met the validation screen (candidate statuses: optimal, proven_infeasible); a grid without a solution is not a statement about the whole decision space",main_reference_plan_domain,cp_upper,,,,,False,0,5,1,0.9724,0.9750422709423038,k=0.0,minimum attainable main-event rate_upper over the declared grid (descriptive; its cost is not a comparable cost),1024,frontier_no_feasible_solution_found_no_ration,0.2607421875,0.6767578125,,,,
2,SD-SRC14,0.05,SDSRC12_MAIN9,SD-SRC12,MAIN9,"SDSRC12_MAIN9:M1[relative,apply_to_dm=True]@alpha=0.05",M1_safety_margin,M1_safety_margin[apply_to_dm=True],entry,False,not_met,,,"no value of the declared grid met the validation screen (candidate statuses: optimal, proven_infeasible); a grid without a solution is not a statement about the whole decision space",main_reference_plan_domain,cp_upper,,,,,False,0,5,1,0.9724,0.9750422709423038,k=0.0,minimum attainable main-event rate_upper over the declared grid (descriptive; its cost is not a comparable cost),1024,frontier_no_feasible_solution_found_no_ration,0.2607421875,0.6767578125,,,,
2,SD-SRC14,0.05,SDSRC12_MAIN9,SD-SRC12,MAIN9,SDSRC12_MAIN9:M2[N=1024]@alpha=0.05,M2_joint_chance_saa,M2_joint_chance_saa[N=1024],entry,False,not_met,,,"SAA over the N training scenarios proven infeasible for every alpha_train of the declared grid (training scenarios only; not a population, field or whole-space statement)",main_reference_plan_domain,cp_upper,,,,,False,0,4,0,,,,no scored grid candidate with a ration (not a whole-space statement),1024,frontier_no_feasible_solution_found_no_ration,0.2607421875,0.6767578125,,,,
2,SD-SRC14,0.05,SDSRC12_MAIN9,SD-SRC12,MAIN9,SDSRC12_MAIN9:M2[N=128]@alpha=0.05,M2_joint_chance_saa,M2_joint_chance_saa[N=128],entry,False,not_met,,,"SAA over the N training scenarios proven infeasible for every alpha_train of the declared grid (training scenarios only; not a population, field or whole-space statement)",main_reference_plan_domain,cp_upper,,,,,False,0,4,0,,,,no scored grid candidate with a ration (not a whole-space statement),128,optimal,0.6328125,0.6328125,0.4263,0.4267,0.4349004413128674,"diagnostic frontier point (training scenarios only); not a method, never a member"
2,SD-SRC14,0.05,SDSRC12_MAIN9,SD-SRC12,MAIN9,SDSRC12_MAIN9:M2[N=512]@alpha=0.05,M2_joint_chance_saa,M2_joint_chance_saa[N=512],entry,False,not_met,,,"SAA over the N training scenarios proven infeasible for every alpha_train of the declared grid (training scenarios only; not a population, field or whole-space statement)",main_reference_plan_domain,cp_upper,,,,,False,0,4,0,,,,no scored grid candidate with a ration (not a whole-space statement),512,frontier_no_feasible_solution_found_no_ration,0.4375,0.662109375,,,,
2,SD-SRC14,0.05,SDSRC12_MAIN9,SD-SRC12,MAIN9,SDSRC12_MAIN9:M3a[factory box]@alpha=0.05,M3a_box_robust,M3a_box_robust,entry,False,not_met,,,no value of the declared grid met the validation screen (candidate statuses: proven_infeasible); a grid without a solution is not a statement about the whole decision space,main_reference_plan_domain,cp_upper,,,,,False,0,5,0,,,,no scored grid candidate with a ration (not a whole-space statement),1024,frontier_no_feasible_solution_found_no_ration,0.2607421875,0.6767578125,,,,
2,SD-SRC14,0.05,SDSRC12_MAIN9,SD-SRC12,MAIN9,SDSRC12_MAIN9:M3b[factory box]@alpha=0.05,M3b_budget_robust,M3b_budget_robust,entry,False,not_met,,,"no value of the declared grid met the validation screen (candidate statuses: optimal, proven_infeasible); a grid without a solution is not a statement about the whole decision space",main_reference_plan_domain,cp_upper,,,,,False,0,35,5,0.9724,0.9750422709423038,"gamma=0 {""k_box"": 1.0}",minimum attainable main-event rate_upper over the declared grid (descriptive; its cost is not a comparable cost),1024,frontier_no_feasible_solution_found_no_ration,0.2607421875,0.6767578125,,,,
2,SD-SRC14,0.05,SDSRC14_MAIN9,SD-SRC14,MAIN9,SDSRC14_MAIN9:M0,M0_nominal,M0_nominal,entry,True,,,optimal,,main_reference_plan_domain,cp_upper,0.9723,0.9724,0.9750422709423038,False,False,0,1,1,0.9724,0.9750422709423038,,minimum attainable main-event rate_upper over the declared grid (descriptive; its cost is not a comparable cost),1024,frontier_no_feasible_solution_found_no_ration,0.123046875,0.5205078125,,,,
2,SD-SRC14,0.05,SDSRC14_MAIN9,SD-SRC14,MAIN9,"SDSRC14_MAIN9:M1[relative,apply_to_dm=False]@alpha=0.05",M1_safety_margin,M1_safety_margin[apply_to_dm=False],sensitivity_line,False,not_met,,,"no value of the declared grid met the validation screen (candidate statuses: optimal, proven_infeasible); a grid without a solution is not a statement about the whole decision space",main_reference_plan_domain,cp_upper,,,,,False,0,5,1,0.9724,0.9750422709423038,k=0.0,minimum attainable main-event rate_upper over the declared grid (descriptive; its cost is not a comparable cost),1024,frontier_no_feasible_solution_found_no_ration,0.123046875,0.5205078125,,,,
2,SD-SRC14,0.05,SDSRC14_MAIN9,SD-SRC14,MAIN9,"SDSRC14_MAIN9:M1[relative,apply_to_dm=True]@alpha=0.05",M1_safety_margin,M1_safety_margin[apply_to_dm=True],entry,False,not_met,,,"no value of the declared grid met the validation screen (candidate statuses: optimal, proven_infeasible); a grid without a solution is not a statement about the whole decision space",main_reference_plan_domain,cp_upper,,,,,False,0,5,1,0.9724,0.9750422709423038,k=0.0,minimum attainable main-event rate_upper over the declared grid (descriptive; its cost is not a comparable cost),1024,frontier_no_feasible_solution_found_no_ration,0.123046875,0.5205078125,,,,
2,SD-SRC14,0.05,SDSRC14_MAIN9,SD-SRC14,MAIN9,SDSRC14_MAIN9:M2[N=1024]@alpha=0.05,M2_joint_chance_saa,M2_joint_chance_saa[N=1024],entry,False,not_met,,,"SAA over the N training scenarios proven infeasible for every alpha_train of the declared grid (training scenarios only; not a population, field or whole-space statement)",main_reference_plan_domain,cp_upper,,,,,False,0,4,0,,,,no scored grid candidate with a ration (not a whole-space statement),1024,frontier_no_feasible_solution_found_no_ration,0.123046875,0.5205078125,,,,
2,SD-SRC14,0.05,SDSRC14_MAIN9,SD-SRC14,MAIN9,SDSRC14_MAIN9:M2[N=128]@alpha=0.05,M2_joint_chance_saa,M2_joint_chance_saa[N=128],entry,False,not_met,,,"SAA over the N training scenarios proven infeasible for every alpha_train of the declared grid (training scenarios only; not a population, field or whole-space statement)",main_reference_plan_domain,cp_upper,,,,,False,0,4,0,,,,no scored grid candidate with a ration (not a whole-space statement),128,optimal,0.4609375,0.5,0.4553,0.4557,0.46395069729260335,"diagnostic frontier point (training scenarios only); not a method, never a member"
2,SD-SRC14,0.05,SDSRC14_MAIN9,SD-SRC14,MAIN9,SDSRC14_MAIN9:M2[N=512]@alpha=0.05,M2_joint_chance_saa,M2_joint_chance_saa[N=512],entry,False,not_met,,,"SAA over the N training scenarios proven infeasible for every alpha_train of the declared grid (training scenarios only; not a population, field or whole-space statement)",main_reference_plan_domain,cp_upper,,,,,False,0,4,0,,,,no scored grid candidate with a ration (not a whole-space statement),512,frontier_no_feasible_solution_found_no_ration,0.2890625,0.5,,,,
2,SD-SRC14,0.05,SDSRC14_MAIN9,SD-SRC14,MAIN9,SDSRC14_MAIN9:M3a[factory box]@alpha=0.05,M3a_box_robust,M3a_box_robust,entry,False,not_met,,,no value of the declared grid met the validation screen (candidate statuses: proven_infeasible); a grid without a solution is not a statement about the whole decision space,main_reference_plan_domain,cp_upper,,,,,False,0,5,0,,,,no scored grid candidate with a ration (not a whole-space statement),1024,frontier_no_feasible_solution_found_no_ration,0.123046875,0.5205078125,,,,
2,SD-SRC14,0.05,SDSRC14_MAIN9,SD-SRC14,MAIN9,SDSRC14_MAIN9:M3b[factory box]@alpha=0.05,M3b_budget_robust,M3b_budget_robust,entry,False,not_met,,,"no value of the declared grid met the validation screen (candidate statuses: optimal, proven_infeasible); a grid without a solution is not a statement about the whole decision space",main_reference_plan_domain,cp_upper,,,,,False,0,35,5,0.9724,0.9750422709423038,"gamma=0 {""k_box"": 1.0}",minimum attainable main-event rate_upper over the declared grid (descriptive; its cost is not a comparable cost),1024,frontier_no_feasible_solution_found_no_ration,0.123046875,0.5205078125,,,,
2,SD-SRC14,0.1,SD12MO_MAIN9,SD-12MO,MAIN9,SD12MO_MAIN9:M0,M0_nominal,M0_nominal,entry,True,,,optimal,,main_reference_plan_domain,cp_upper,0.9723,0.9724,0.9750422709423038,False,False,0,1,1,0.9724,0.9750422709423038,,minimum attainable main-event rate_upper over the declared grid (descriptive; its cost is not a comparable cost),1024,frontier_no_feasible_solution_found_no_ration,0.265625,0.5498046875,,,,
2,SD-SRC14,0.1,SD12MO_MAIN9,SD-12MO,MAIN9,"SD12MO_MAIN9:M1[relative,apply_to_dm=False]@alpha=0.1",M1_safety_margin,M1_safety_margin[apply_to_dm=False],sensitivity_line,False,not_met,,,"no value of the declared grid met the validation screen (candidate statuses: optimal, proven_infeasible); a grid without a solution is not a statement about the whole decision space",main_reference_plan_domain,cp_upper,,,,,False,0,5,1,0.9724,0.9750422709423038,k=0.0,minimum attainable main-event rate_upper over the declared grid (descriptive; its cost is not a comparable cost),1024,frontier_no_feasible_solution_found_no_ration,0.265625,0.5498046875,,,,
2,SD-SRC14,0.1,SD12MO_MAIN9,SD-12MO,MAIN9,"SD12MO_MAIN9:M1[relative,apply_to_dm=True]@alpha=0.1",M1_safety_margin,M1_safety_margin[apply_to_dm=True],entry,False,not_met,,,"no value of the declared grid met the validation screen (candidate statuses: optimal, proven_infeasible); a grid without a solution is not a statement about the whole decision space",main_reference_plan_domain,cp_upper,,,,,False,0,5,1,0.9724,0.9750422709423038,k=0.0,minimum attainable main-event rate_upper over the declared grid (descriptive; its cost is not a comparable cost),1024,frontier_no_feasible_solution_found_no_ration,0.265625,0.5498046875,,,,
2,SD-SRC14,0.1,SD12MO_MAIN9,SD-12MO,MAIN9,SD12MO_MAIN9:M2[N=1024]@alpha=0.1,M2_joint_chance_saa,M2_joint_chance_saa[N=1024],entry,False,not_met,,,"SAA over the N training scenarios proven infeasible for every alpha_train of the declared grid (training scenarios only; not a population, field or whole-space statement)",main_reference_plan_domain,cp_upper,,,,,False,0,4,0,,,,no scored grid candidate with a ration (not a whole-space statement),1024,frontier_no_feasible_solution_found_no_ration,0.265625,0.5498046875,,,,
2,SD-SRC14,0.1,SD12MO_MAIN9,SD-12MO,MAIN9,SD12MO_MAIN9:M2[N=128]@alpha=0.1,M2_joint_chance_saa,M2_joint_chance_saa[N=128],entry,False,not_met,,,"SAA over the N training scenarios proven infeasible for every alpha_train of the declared grid (training scenarios only; not a population, field or whole-space statement)",main_reference_plan_domain,cp_upper,,,,,False,0,4,0,,,,no scored grid candidate with a ration (not a whole-space statement),128,optimal,0.53125,0.53125,0.4829,0.4832,0.49147247017161905,"diagnostic frontier point (training scenarios only); not a method, never a member"
2,SD-SRC14,0.1,SD12MO_MAIN9,SD-12MO,MAIN9,SD12MO_MAIN9:M2[N=512]@alpha=0.1,M2_joint_chance_saa,M2_joint_chance_saa[N=512],entry,False,not_met,,,"SAA over the N training scenarios proven infeasible for every alpha_train of the declared grid (training scenarios only; not a population, field or whole-space statement)",main_reference_plan_domain,cp_upper,,,,,False,0,4,0,,,,no scored grid candidate with a ration (not a whole-space statement),512,frontier_no_feasible_solution_found_no_ration,0.41015625,0.521484375,,,,
2,SD-SRC14,0.1,SD12MO_MAIN9,SD-12MO,MAIN9,SD12MO_MAIN9:M3a[factory box]@alpha=0.1,M3a_box_robust,M3a_box_robust,entry,False,not_met,,,no value of the declared grid met the validation screen (candidate statuses: proven_infeasible); a grid without a solution is not a statement about the whole decision space,main_reference_plan_domain,cp_upper,,,,,False,0,5,0,,,,no scored grid candidate with a ration (not a whole-space statement),1024,frontier_no_feasible_solution_found_no_ration,0.265625,0.5498046875,,,,
2,SD-SRC14,0.1,SD12MO_MAIN9,SD-12MO,MAIN9,SD12MO_MAIN9:M3b[factory box]@alpha=0.1,M3b_budget_robust,M3b_budget_robust,entry,False,not_met,,,"no value of the declared grid met the validation screen (candidate statuses: optimal, proven_infeasible); a grid without a solution is not a statement about the whole decision space",main_reference_plan_domain,cp_upper,,,,,False,0,35,5,0.9724,0.9750422709423038,"gamma=0 {""k_box"": 1.0}",minimum attainable main-event rate_upper over the declared grid (descriptive; its cost is not a comparable cost),1024,frontier_no_feasible_solution_found_no_ration,0.265625,0.5498046875,,,,
2,SD-SRC14,0.1,SDH0_MAIN9,SD-H0,MAIN9,SDH0_MAIN9:M0,M0_nominal,M0_nominal,entry,True,,,optimal,,main_reference_plan_domain,cp_upper,0.9723,0.9724,0.9750422709423038,False,False,0,1,1,0.9724,0.9750422709423038,,minimum attainable main-event rate_upper over the declared grid (descriptive; its cost is not a comparable cost),1024,feasible_time_limit,0.3955078125,0.6923828125,0.537,0.5374,0.5456424071442658,"diagnostic frontier point (training scenarios only); not a method, never a member"
2,SD-SRC14,0.1,SDH0_MAIN9,SD-H0,MAIN9,"SDH0_MAIN9:M1[relative,apply_to_dm=False]@alpha=0.1",M1_safety_margin,M1_safety_margin[apply_to_dm=False],sensitivity_line,False,not_met,,,"no value of the declared grid met the validation screen (candidate statuses: optimal, proven_infeasible); a grid without a solution is not a statement about the whole decision space",main_reference_plan_domain,cp_upper,,,,,False,0,5,1,0.9724,0.9750422709423038,k=0.0,minimum attainable main-event rate_upper over the declared grid (descriptive; its cost is not a comparable cost),1024,feasible_time_limit,0.3955078125,0.6923828125,0.537,0.5374,0.5456424071442658,"diagnostic frontier point (training scenarios only); not a method, never a member"
2,SD-SRC14,0.1,SDH0_MAIN9,SD-H0,MAIN9,"SDH0_MAIN9:M1[relative,apply_to_dm=True]@alpha=0.1",M1_safety_margin,M1_safety_margin[apply_to_dm=True],entry,False,not_met,,,"no value of the declared grid met the validation screen (candidate statuses: optimal, proven_infeasible); a grid without a solution is not a statement about the whole decision space",main_reference_plan_domain,cp_upper,,,,,False,0,5,1,0.9724,0.9750422709423038,k=0.0,minimum attainable main-event rate_upper over the declared grid (descriptive; its cost is not a comparable cost),1024,feasible_time_limit,0.3955078125,0.6923828125,0.537,0.5374,0.5456424071442658,"diagnostic frontier point (training scenarios only); not a method, never a member"
2,SD-SRC14,0.1,SDH0_MAIN9,SD-H0,MAIN9,SDH0_MAIN9:M2[N=1024]@alpha=0.1,M2_joint_chance_saa,M2_joint_chance_saa[N=1024],entry,False,not_met,,,"SAA over the N training scenarios proven infeasible for every alpha_train of the declared grid (training scenarios only; not a population, field or whole-space statement)",main_reference_plan_domain,cp_upper,,,,,False,0,4,0,,,,no scored grid candidate with a ration (not a whole-space statement),1024,feasible_time_limit,0.3955078125,0.6923828125,0.537,0.5374,0.5456424071442658,"diagnostic frontier point (training scenarios only); not a method, never a member"
2,SD-SRC14,0.1,SDH0_MAIN9,SD-H0,MAIN9,SDH0_MAIN9:M2[N=128]@alpha=0.1,M2_joint_chance_saa,M2_joint_chance_saa[N=128],entry,False,not_met,,,"SAA over the N training scenarios proven infeasible for every alpha_train of the declared grid (training scenarios only; not a population, field or whole-space statement)",main_reference_plan_domain,cp_upper,,,,,False,0,4,0,,,,no scored grid candidate with a ration (not a whole-space statement),128,optimal,0.6796875,0.6796875,0.4624,0.4628,0.47105871646918057,"diagnostic frontier point (training scenarios only); not a method, never a member"
2,SD-SRC14,0.1,SDH0_MAIN9,SD-H0,MAIN9,SDH0_MAIN9:M2[N=512]@alpha=0.1,M2_joint_chance_saa,M2_joint_chance_saa[N=512],entry,False,not_met,,,"SAA over the N training scenarios proven infeasible for every alpha_train of the declared grid (training scenarios only; not a population, field or whole-space statement)",main_reference_plan_domain,cp_upper,,,,,False,0,4,0,,,,no scored grid candidate with a ration (not a whole-space statement),512,frontier_no_feasible_solution_found_no_ration,0.521484375,0.654296875,,,,
2,SD-SRC14,0.1,SDH0_MAIN9,SD-H0,MAIN9,SDH0_MAIN9:M3a[factory box]@alpha=0.1,M3a_box_robust,M3a_box_robust,entry,False,not_met,,,no value of the declared grid met the validation screen (candidate statuses: proven_infeasible); a grid without a solution is not a statement about the whole decision space,main_reference_plan_domain,cp_upper,,,,,False,0,5,0,,,,no scored grid candidate with a ration (not a whole-space statement),1024,feasible_time_limit,0.3955078125,0.6923828125,0.537,0.5374,0.5456424071442658,"diagnostic frontier point (training scenarios only); not a method, never a member"
2,SD-SRC14,0.1,SDH0_MAIN9,SD-H0,MAIN9,SDH0_MAIN9:M3b[factory box]@alpha=0.1,M3b_budget_robust,M3b_budget_robust,entry,False,not_met,,,"no value of the declared grid met the validation screen (candidate statuses: optimal, proven_infeasible); a grid without a solution is not a statement about the whole decision space",main_reference_plan_domain,cp_upper,,,,,False,0,35,5,0.9724,0.9750422709423038,"gamma=0 {""k_box"": 1.0}",minimum attainable main-event rate_upper over the declared grid (descriptive; its cost is not a comparable cost),1024,feasible_time_limit,0.3955078125,0.6923828125,0.537,0.5374,0.5456424071442658,"diagnostic frontier point (training scenarios only); not a method, never a member"
2,SD-SRC14,0.1,SDS2_MAIN9,SD-S2,MAIN9,SDS2_MAIN9:M0,M0_nominal,M0_nominal,entry,True,,,optimal,,main_reference_plan_domain,cp_upper,0.9723,0.9724,0.9750422709423038,False,False,0,1,1,0.9724,0.9750422709423038,,minimum attainable main-event rate_upper over the declared grid (descriptive; its cost is not a comparable cost),1024,frontier_no_feasible_solution_found_no_ration,0.14453125,0.3828125,,,,
2,SD-SRC14,0.1,SDS2_MAIN9,SD-S2,MAIN9,"SDS2_MAIN9:M1[relative,apply_to_dm=False]@alpha=0.1",M1_safety_margin,M1_safety_margin[apply_to_dm=False],sensitivity_line,False,not_met,,,"no value of the declared grid met the validation screen (candidate statuses: optimal, proven_infeasible); a grid without a solution is not a statement about the whole decision space",main_reference_plan_domain,cp_upper,,,,,False,0,5,1,0.9724,0.9750422709423038,k=0.0,minimum attainable main-event rate_upper over the declared grid (descriptive; its cost is not a comparable cost),1024,frontier_no_feasible_solution_found_no_ration,0.14453125,0.3828125,,,,
2,SD-SRC14,0.1,SDS2_MAIN9,SD-S2,MAIN9,"SDS2_MAIN9:M1[relative,apply_to_dm=True]@alpha=0.1",M1_safety_margin,M1_safety_margin[apply_to_dm=True],entry,False,not_met,,,"no value of the declared grid met the validation screen (candidate statuses: optimal, proven_infeasible); a grid without a solution is not a statement about the whole decision space",main_reference_plan_domain,cp_upper,,,,,False,0,5,1,0.9724,0.9750422709423038,k=0.0,minimum attainable main-event rate_upper over the declared grid (descriptive; its cost is not a comparable cost),1024,frontier_no_feasible_solution_found_no_ration,0.14453125,0.3828125,,,,
2,SD-SRC14,0.1,SDS2_MAIN9,SD-S2,MAIN9,SDS2_MAIN9:M2[N=1024]@alpha=0.1,M2_joint_chance_saa,M2_joint_chance_saa[N=1024],entry,False,not_met,,,"SAA over the N training scenarios proven infeasible for every alpha_train of the declared grid (training scenarios only; not a population, field or whole-space statement)",main_reference_plan_domain,cp_upper,,,,,False,0,4,0,,,,no scored grid candidate with a ration (not a whole-space statement),1024,frontier_no_feasible_solution_found_no_ration,0.14453125,0.3828125,,,,
2,SD-SRC14,0.1,SDS2_MAIN9,SD-S2,MAIN9,SDS2_MAIN9:M2[N=128]@alpha=0.1,M2_joint_chance_saa,M2_joint_chance_saa[N=128],entry,False,not_met,,,"SAA over the N training scenarios proven infeasible for every alpha_train of the declared grid (training scenarios only; not a population, field or whole-space statement)",main_reference_plan_domain,cp_upper,,,,,False,0,4,0,,,,no scored grid candidate with a ration (not a whole-space statement),128,optimal,0.3984375,0.3984375,0.4976,0.4979,0.5061738752459699,"diagnostic frontier point (training scenarios only); not a method, never a member"
2,SD-SRC14,0.1,SDS2_MAIN9,SD-S2,MAIN9,SDS2_MAIN9:M2[N=512]@alpha=0.1,M2_joint_chance_saa,M2_joint_chance_saa[N=512],entry,False,not_met,,,"SAA over the N training scenarios proven infeasible for every alpha_train of the declared grid (training scenarios only; not a population, field or whole-space statement)",main_reference_plan_domain,cp_upper,,,,,False,0,4,0,,,,no scored grid candidate with a ration (not a whole-space statement),512,frontier_no_feasible_solution_found_no_ration,0.23828125,0.384765625,,,,
2,SD-SRC14,0.1,SDS2_MAIN9,SD-S2,MAIN9,SDS2_MAIN9:M3a[factory box]@alpha=0.1,M3a_box_robust,M3a_box_robust,entry,False,not_met,,,no value of the declared grid met the validation screen (candidate statuses: proven_infeasible); a grid without a solution is not a statement about the whole decision space,main_reference_plan_domain,cp_upper,,,,,False,0,5,0,,,,no scored grid candidate with a ration (not a whole-space statement),1024,frontier_no_feasible_solution_found_no_ration,0.14453125,0.3828125,,,,
2,SD-SRC14,0.1,SDS2_MAIN9,SD-S2,MAIN9,SDS2_MAIN9:M3b[factory box]@alpha=0.1,M3b_budget_robust,M3b_budget_robust,entry,False,not_met,,,"no value of the declared grid met the validation screen (candidate statuses: optimal, proven_infeasible); a grid without a solution is not a statement about the whole decision space",main_reference_plan_domain,cp_upper,,,,,False,0,35,5,0.9724,0.9750422709423038,"gamma=0 {""k_box"": 1.0}",minimum attainable main-event rate_upper over the declared grid (descriptive; its cost is not a comparable cost),1024,frontier_no_feasible_solution_found_no_ration,0.14453125,0.3828125,,,,
2,SD-SRC14,0.1,SDSRC12_MAIN9,SD-SRC12,MAIN9,SDSRC12_MAIN9:M0,M0_nominal,M0_nominal,entry,True,,,optimal,,main_reference_plan_domain,cp_upper,0.9723,0.9724,0.9750422709423038,False,False,0,1,1,0.9724,0.9750422709423038,,minimum attainable main-event rate_upper over the declared grid (descriptive; its cost is not a comparable cost),1024,frontier_no_feasible_solution_found_no_ration,0.2607421875,0.6767578125,,,,
2,SD-SRC14,0.1,SDSRC12_MAIN9,SD-SRC12,MAIN9,"SDSRC12_MAIN9:M1[relative,apply_to_dm=False]@alpha=0.1",M1_safety_margin,M1_safety_margin[apply_to_dm=False],sensitivity_line,False,not_met,,,"no value of the declared grid met the validation screen (candidate statuses: optimal, proven_infeasible); a grid without a solution is not a statement about the whole decision space",main_reference_plan_domain,cp_upper,,,,,False,0,5,1,0.9724,0.9750422709423038,k=0.0,minimum attainable main-event rate_upper over the declared grid (descriptive; its cost is not a comparable cost),1024,frontier_no_feasible_solution_found_no_ration,0.2607421875,0.6767578125,,,,
2,SD-SRC14,0.1,SDSRC12_MAIN9,SD-SRC12,MAIN9,"SDSRC12_MAIN9:M1[relative,apply_to_dm=True]@alpha=0.1",M1_safety_margin,M1_safety_margin[apply_to_dm=True],entry,False,not_met,,,"no value of the declared grid met the validation screen (candidate statuses: optimal, proven_infeasible); a grid without a solution is not a statement about the whole decision space",main_reference_plan_domain,cp_upper,,,,,False,0,5,1,0.9724,0.9750422709423038,k=0.0,minimum attainable main-event rate_upper over the declared grid (descriptive; its cost is not a comparable cost),1024,frontier_no_feasible_solution_found_no_ration,0.2607421875,0.6767578125,,,,
2,SD-SRC14,0.1,SDSRC12_MAIN9,SD-SRC12,MAIN9,SDSRC12_MAIN9:M2[N=1024]@alpha=0.1,M2_joint_chance_saa,M2_joint_chance_saa[N=1024],entry,False,not_met,,,"SAA over the N training scenarios proven infeasible for every alpha_train of the declared grid (training scenarios only; not a population, field or whole-space statement)",main_reference_plan_domain,cp_upper,,,,,False,0,4,0,,,,no scored grid candidate with a ration (not a whole-space statement),1024,frontier_no_feasible_solution_found_no_ration,0.2607421875,0.6767578125,,,,
2,SD-SRC14,0.1,SDSRC12_MAIN9,SD-SRC12,MAIN9,SDSRC12_MAIN9:M2[N=128]@alpha=0.1,M2_joint_chance_saa,M2_joint_chance_saa[N=128],entry,False,not_met,,,"SAA over the N training scenarios proven infeasible for every alpha_train of the declared grid (training scenarios only; not a population, field or whole-space statement)",main_reference_plan_domain,cp_upper,,,,,False,0,4,0,,,,no scored grid candidate with a ration (not a whole-space statement),128,optimal,0.6328125,0.6328125,0.4263,0.4267,0.4349004413128674,"diagnostic frontier point (training scenarios only); not a method, never a member"
2,SD-SRC14,0.1,SDSRC12_MAIN9,SD-SRC12,MAIN9,SDSRC12_MAIN9:M2[N=512]@alpha=0.1,M2_joint_chance_saa,M2_joint_chance_saa[N=512],entry,False,not_met,,,"SAA over the N training scenarios proven infeasible for every alpha_train of the declared grid (training scenarios only; not a population, field or whole-space statement)",main_reference_plan_domain,cp_upper,,,,,False,0,4,0,,,,no scored grid candidate with a ration (not a whole-space statement),512,frontier_no_feasible_solution_found_no_ration,0.4375,0.662109375,,,,
2,SD-SRC14,0.1,SDSRC12_MAIN9,SD-SRC12,MAIN9,SDSRC12_MAIN9:M3a[factory box]@alpha=0.1,M3a_box_robust,M3a_box_robust,entry,False,not_met,,,no value of the declared grid met the validation screen (candidate statuses: proven_infeasible); a grid without a solution is not a statement about the whole decision space,main_reference_plan_domain,cp_upper,,,,,False,0,5,0,,,,no scored grid candidate with a ration (not a whole-space statement),1024,frontier_no_feasible_solution_found_no_ration,0.2607421875,0.6767578125,,,,
2,SD-SRC14,0.1,SDSRC12_MAIN9,SD-SRC12,MAIN9,SDSRC12_MAIN9:M3b[factory box]@alpha=0.1,M3b_budget_robust,M3b_budget_robust,entry,False,not_met,,,"no value of the declared grid met the validation screen (candidate statuses: optimal, proven_infeasible); a grid without a solution is not a statement about the whole decision space",main_reference_plan_domain,cp_upper,,,,,False,0,35,5,0.9724,0.9750422709423038,"gamma=0 {""k_box"": 1.0}",minimum attainable main-event rate_upper over the declared grid (descriptive; its cost is not a comparable cost),1024,frontier_no_feasible_solution_found_no_ration,0.2607421875,0.6767578125,,,,
2,SD-SRC14,0.1,SDSRC14_MAIN9,SD-SRC14,MAIN9,SDSRC14_MAIN9:M0,M0_nominal,M0_nominal,entry,True,,,optimal,,main_reference_plan_domain,cp_upper,0.9723,0.9724,0.9750422709423038,False,False,0,1,1,0.9724,0.9750422709423038,,minimum attainable main-event rate_upper over the declared grid (descriptive; its cost is not a comparable cost),1024,frontier_no_feasible_solution_found_no_ration,0.123046875,0.5205078125,,,,
2,SD-SRC14,0.1,SDSRC14_MAIN9,SD-SRC14,MAIN9,"SDSRC14_MAIN9:M1[relative,apply_to_dm=False]@alpha=0.1",M1_safety_margin,M1_safety_margin[apply_to_dm=False],sensitivity_line,False,not_met,,,"no value of the declared grid met the validation screen (candidate statuses: optimal, proven_infeasible); a grid without a solution is not a statement about the whole decision space",main_reference_plan_domain,cp_upper,,,,,False,0,5,1,0.9724,0.9750422709423038,k=0.0,minimum attainable main-event rate_upper over the declared grid (descriptive; its cost is not a comparable cost),1024,frontier_no_feasible_solution_found_no_ration,0.123046875,0.5205078125,,,,
2,SD-SRC14,0.1,SDSRC14_MAIN9,SD-SRC14,MAIN9,"SDSRC14_MAIN9:M1[relative,apply_to_dm=True]@alpha=0.1",M1_safety_margin,M1_safety_margin[apply_to_dm=True],entry,False,not_met,,,"no value of the declared grid met the validation screen (candidate statuses: optimal, proven_infeasible); a grid without a solution is not a statement about the whole decision space",main_reference_plan_domain,cp_upper,,,,,False,0,5,1,0.9724,0.9750422709423038,k=0.0,minimum attainable main-event rate_upper over the declared grid (descriptive; its cost is not a comparable cost),1024,frontier_no_feasible_solution_found_no_ration,0.123046875,0.5205078125,,,,
2,SD-SRC14,0.1,SDSRC14_MAIN9,SD-SRC14,MAIN9,SDSRC14_MAIN9:M2[N=1024]@alpha=0.1,M2_joint_chance_saa,M2_joint_chance_saa[N=1024],entry,False,not_met,,,"SAA over the N training scenarios proven infeasible for every alpha_train of the declared grid (training scenarios only; not a population, field or whole-space statement)",main_reference_plan_domain,cp_upper,,,,,False,0,4,0,,,,no scored grid candidate with a ration (not a whole-space statement),1024,frontier_no_feasible_solution_found_no_ration,0.123046875,0.5205078125,,,,
2,SD-SRC14,0.1,SDSRC14_MAIN9,SD-SRC14,MAIN9,SDSRC14_MAIN9:M2[N=128]@alpha=0.1,M2_joint_chance_saa,M2_joint_chance_saa[N=128],entry,False,not_met,,,"SAA over the N training scenarios proven infeasible for every alpha_train of the declared grid (training scenarios only; not a population, field or whole-space statement)",main_reference_plan_domain,cp_upper,,,,,False,0,4,0,,,,no scored grid candidate with a ration (not a whole-space statement),128,optimal,0.4609375,0.5,0.4553,0.4557,0.46395069729260335,"diagnostic frontier point (training scenarios only); not a method, never a member"
2,SD-SRC14,0.1,SDSRC14_MAIN9,SD-SRC14,MAIN9,SDSRC14_MAIN9:M2[N=512]@alpha=0.1,M2_joint_chance_saa,M2_joint_chance_saa[N=512],entry,False,not_met,,,"SAA over the N training scenarios proven infeasible for every alpha_train of the declared grid (training scenarios only; not a population, field or whole-space statement)",main_reference_plan_domain,cp_upper,,,,,False,0,4,0,,,,no scored grid candidate with a ration (not a whole-space statement),512,frontier_no_feasible_solution_found_no_ration,0.2890625,0.5,,,,
2,SD-SRC14,0.1,SDSRC14_MAIN9,SD-SRC14,MAIN9,SDSRC14_MAIN9:M3a[factory box]@alpha=0.1,M3a_box_robust,M3a_box_robust,entry,False,not_met,,,no value of the declared grid met the validation screen (candidate statuses: proven_infeasible); a grid without a solution is not a statement about the whole decision space,main_reference_plan_domain,cp_upper,,,,,False,0,5,0,,,,no scored grid candidate with a ration (not a whole-space statement),1024,frontier_no_feasible_solution_found_no_ration,0.123046875,0.5205078125,,,,
2,SD-SRC14,0.1,SDSRC14_MAIN9,SD-SRC14,MAIN9,SDSRC14_MAIN9:M3b[factory box]@alpha=0.1,M3b_budget_robust,M3b_budget_robust,entry,False,not_met,,,"no value of the declared grid met the validation screen (candidate statuses: optimal, proven_infeasible); a grid without a solution is not a statement about the whole decision space",main_reference_plan_domain,cp_upper,,,,,False,0,35,5,0.9724,0.9750422709423038,"gamma=0 {""k_box"": 1.0}",minimum attainable main-event rate_upper over the declared grid (descriptive; its cost is not a comparable cost),1024,frontier_no_feasible_solution_found_no_ration,0.123046875,0.5205078125,,,,
2,SD-SRC14,0.01,SD12MO_MAIN9,SD-12MO,MAIN9,SD12MO_MAIN9:M0,M0_nominal,M0_nominal,entry,True,,,optimal,,main_reference_plan_domain,cp_upper,0.9723,0.9724,0.9750422709423038,False,False,0,1,1,0.9724,0.9750422709423038,,minimum attainable main-event rate_upper over the declared grid (descriptive; its cost is not a comparable cost),1024,frontier_no_feasible_solution_found_no_ration,0.265625,0.5498046875,,,,
2,SD-SRC14,0.01,SD12MO_MAIN9,SD-12MO,MAIN9,"SD12MO_MAIN9:M1[relative,apply_to_dm=False]@alpha=0.01",M1_safety_margin,M1_safety_margin[apply_to_dm=False],sensitivity_line,False,not_met,,,"no value of the declared grid met the validation screen (candidate statuses: optimal, proven_infeasible); a grid without a solution is not a statement about the whole decision space",main_reference_plan_domain,cp_upper,,,,,False,0,5,1,0.9724,0.9750422709423038,k=0.0,minimum attainable main-event rate_upper over the declared grid (descriptive; its cost is not a comparable cost),1024,frontier_no_feasible_solution_found_no_ration,0.265625,0.5498046875,,,,
2,SD-SRC14,0.01,SD12MO_MAIN9,SD-12MO,MAIN9,"SD12MO_MAIN9:M1[relative,apply_to_dm=True]@alpha=0.01",M1_safety_margin,M1_safety_margin[apply_to_dm=True],entry,False,not_met,,,"no value of the declared grid met the validation screen (candidate statuses: optimal, proven_infeasible); a grid without a solution is not a statement about the whole decision space",main_reference_plan_domain,cp_upper,,,,,False,0,5,1,0.9724,0.9750422709423038,k=0.0,minimum attainable main-event rate_upper over the declared grid (descriptive; its cost is not a comparable cost),1024,frontier_no_feasible_solution_found_no_ration,0.265625,0.5498046875,,,,
2,SD-SRC14,0.01,SD12MO_MAIN9,SD-12MO,MAIN9,SD12MO_MAIN9:M2[N=1024]@alpha=0.01,M2_joint_chance_saa,M2_joint_chance_saa[N=1024],entry,False,not_met,,,"SAA over the N training scenarios proven infeasible for every alpha_train of the declared grid (training scenarios only; not a population, field or whole-space statement)",main_reference_plan_domain,cp_upper,,,,,False,0,4,0,,,,no scored grid candidate with a ration (not a whole-space statement),1024,frontier_no_feasible_solution_found_no_ration,0.265625,0.5498046875,,,,
2,SD-SRC14,0.01,SD12MO_MAIN9,SD-12MO,MAIN9,SD12MO_MAIN9:M2[N=128]@alpha=0.01,M2_joint_chance_saa,M2_joint_chance_saa[N=128],entry,False,not_met,,,"SAA over the N training scenarios proven infeasible for every alpha_train of the declared grid (training scenarios only; not a population, field or whole-space statement)",main_reference_plan_domain,cp_upper,,,,,False,0,4,0,,,,no scored grid candidate with a ration (not a whole-space statement),128,optimal,0.53125,0.53125,0.4829,0.4832,0.49147247017161905,"diagnostic frontier point (training scenarios only); not a method, never a member"
2,SD-SRC14,0.01,SD12MO_MAIN9,SD-12MO,MAIN9,SD12MO_MAIN9:M2[N=512]@alpha=0.01,M2_joint_chance_saa,M2_joint_chance_saa[N=512],entry,False,not_met,,,"SAA over the N training scenarios proven infeasible for every alpha_train of the declared grid (training scenarios only; not a population, field or whole-space statement)",main_reference_plan_domain,cp_upper,,,,,False,0,4,0,,,,no scored grid candidate with a ration (not a whole-space statement),512,frontier_no_feasible_solution_found_no_ration,0.41015625,0.521484375,,,,
2,SD-SRC14,0.01,SD12MO_MAIN9,SD-12MO,MAIN9,SD12MO_MAIN9:M3a[factory box]@alpha=0.01,M3a_box_robust,M3a_box_robust,entry,False,not_met,,,no value of the declared grid met the validation screen (candidate statuses: proven_infeasible); a grid without a solution is not a statement about the whole decision space,main_reference_plan_domain,cp_upper,,,,,False,0,5,0,,,,no scored grid candidate with a ration (not a whole-space statement),1024,frontier_no_feasible_solution_found_no_ration,0.265625,0.5498046875,,,,
2,SD-SRC14,0.01,SD12MO_MAIN9,SD-12MO,MAIN9,SD12MO_MAIN9:M3b[factory box]@alpha=0.01,M3b_budget_robust,M3b_budget_robust,entry,False,not_met,,,"no value of the declared grid met the validation screen (candidate statuses: optimal, proven_infeasible); a grid without a solution is not a statement about the whole decision space",main_reference_plan_domain,cp_upper,,,,,False,0,35,5,0.9724,0.9750422709423038,"gamma=0 {""k_box"": 1.0}",minimum attainable main-event rate_upper over the declared grid (descriptive; its cost is not a comparable cost),1024,frontier_no_feasible_solution_found_no_ration,0.265625,0.5498046875,,,,
2,SD-SRC14,0.01,SDH0_MAIN9,SD-H0,MAIN9,SDH0_MAIN9:M0,M0_nominal,M0_nominal,entry,True,,,optimal,,main_reference_plan_domain,cp_upper,0.9723,0.9724,0.9750422709423038,False,False,0,1,1,0.9724,0.9750422709423038,,minimum attainable main-event rate_upper over the declared grid (descriptive; its cost is not a comparable cost),1024,feasible_time_limit,0.3955078125,0.6923828125,0.537,0.5374,0.5456424071442658,"diagnostic frontier point (training scenarios only); not a method, never a member"
2,SD-SRC14,0.01,SDH0_MAIN9,SD-H0,MAIN9,"SDH0_MAIN9:M1[relative,apply_to_dm=False]@alpha=0.01",M1_safety_margin,M1_safety_margin[apply_to_dm=False],sensitivity_line,False,not_met,,,"no value of the declared grid met the validation screen (candidate statuses: optimal, proven_infeasible); a grid without a solution is not a statement about the whole decision space",main_reference_plan_domain,cp_upper,,,,,False,0,5,1,0.9724,0.9750422709423038,k=0.0,minimum attainable main-event rate_upper over the declared grid (descriptive; its cost is not a comparable cost),1024,feasible_time_limit,0.3955078125,0.6923828125,0.537,0.5374,0.5456424071442658,"diagnostic frontier point (training scenarios only); not a method, never a member"
2,SD-SRC14,0.01,SDH0_MAIN9,SD-H0,MAIN9,"SDH0_MAIN9:M1[relative,apply_to_dm=True]@alpha=0.01",M1_safety_margin,M1_safety_margin[apply_to_dm=True],entry,False,not_met,,,"no value of the declared grid met the validation screen (candidate statuses: optimal, proven_infeasible); a grid without a solution is not a statement about the whole decision space",main_reference_plan_domain,cp_upper,,,,,False,0,5,1,0.9724,0.9750422709423038,k=0.0,minimum attainable main-event rate_upper over the declared grid (descriptive; its cost is not a comparable cost),1024,feasible_time_limit,0.3955078125,0.6923828125,0.537,0.5374,0.5456424071442658,"diagnostic frontier point (training scenarios only); not a method, never a member"
2,SD-SRC14,0.01,SDH0_MAIN9,SD-H0,MAIN9,SDH0_MAIN9:M2[N=1024]@alpha=0.01,M2_joint_chance_saa,M2_joint_chance_saa[N=1024],entry,False,not_met,,,"SAA over the N training scenarios proven infeasible for every alpha_train of the declared grid (training scenarios only; not a population, field or whole-space statement)",main_reference_plan_domain,cp_upper,,,,,False,0,4,0,,,,no scored grid candidate with a ration (not a whole-space statement),1024,feasible_time_limit,0.3955078125,0.6923828125,0.537,0.5374,0.5456424071442658,"diagnostic frontier point (training scenarios only); not a method, never a member"
2,SD-SRC14,0.01,SDH0_MAIN9,SD-H0,MAIN9,SDH0_MAIN9:M2[N=128]@alpha=0.01,M2_joint_chance_saa,M2_joint_chance_saa[N=128],entry,False,not_met,,,"SAA over the N training scenarios proven infeasible for every alpha_train of the declared grid (training scenarios only; not a population, field or whole-space statement)",main_reference_plan_domain,cp_upper,,,,,False,0,4,0,,,,no scored grid candidate with a ration (not a whole-space statement),128,optimal,0.6796875,0.6796875,0.4624,0.4628,0.47105871646918057,"diagnostic frontier point (training scenarios only); not a method, never a member"
2,SD-SRC14,0.01,SDH0_MAIN9,SD-H0,MAIN9,SDH0_MAIN9:M2[N=512]@alpha=0.01,M2_joint_chance_saa,M2_joint_chance_saa[N=512],entry,False,not_met,,,"SAA over the N training scenarios proven infeasible for every alpha_train of the declared grid (training scenarios only; not a population, field or whole-space statement)",main_reference_plan_domain,cp_upper,,,,,False,0,4,0,,,,no scored grid candidate with a ration (not a whole-space statement),512,frontier_no_feasible_solution_found_no_ration,0.521484375,0.654296875,,,,
2,SD-SRC14,0.01,SDH0_MAIN9,SD-H0,MAIN9,SDH0_MAIN9:M3a[factory box]@alpha=0.01,M3a_box_robust,M3a_box_robust,entry,False,not_met,,,no value of the declared grid met the validation screen (candidate statuses: proven_infeasible); a grid without a solution is not a statement about the whole decision space,main_reference_plan_domain,cp_upper,,,,,False,0,5,0,,,,no scored grid candidate with a ration (not a whole-space statement),1024,feasible_time_limit,0.3955078125,0.6923828125,0.537,0.5374,0.5456424071442658,"diagnostic frontier point (training scenarios only); not a method, never a member"
2,SD-SRC14,0.01,SDH0_MAIN9,SD-H0,MAIN9,SDH0_MAIN9:M3b[factory box]@alpha=0.01,M3b_budget_robust,M3b_budget_robust,entry,False,not_met,,,"no value of the declared grid met the validation screen (candidate statuses: optimal, proven_infeasible); a grid without a solution is not a statement about the whole decision space",main_reference_plan_domain,cp_upper,,,,,False,0,35,5,0.9724,0.9750422709423038,"gamma=0 {""k_box"": 1.0}",minimum attainable main-event rate_upper over the declared grid (descriptive; its cost is not a comparable cost),1024,feasible_time_limit,0.3955078125,0.6923828125,0.537,0.5374,0.5456424071442658,"diagnostic frontier point (training scenarios only); not a method, never a member"
2,SD-SRC14,0.01,SDS2_MAIN9,SD-S2,MAIN9,SDS2_MAIN9:M0,M0_nominal,M0_nominal,entry,True,,,optimal,,main_reference_plan_domain,cp_upper,0.9723,0.9724,0.9750422709423038,False,False,0,1,1,0.9724,0.9750422709423038,,minimum attainable main-event rate_upper over the declared grid (descriptive; its cost is not a comparable cost),1024,frontier_no_feasible_solution_found_no_ration,0.14453125,0.3828125,,,,
2,SD-SRC14,0.01,SDS2_MAIN9,SD-S2,MAIN9,"SDS2_MAIN9:M1[relative,apply_to_dm=False]@alpha=0.01",M1_safety_margin,M1_safety_margin[apply_to_dm=False],sensitivity_line,False,not_met,,,"no value of the declared grid met the validation screen (candidate statuses: optimal, proven_infeasible); a grid without a solution is not a statement about the whole decision space",main_reference_plan_domain,cp_upper,,,,,False,0,5,1,0.9724,0.9750422709423038,k=0.0,minimum attainable main-event rate_upper over the declared grid (descriptive; its cost is not a comparable cost),1024,frontier_no_feasible_solution_found_no_ration,0.14453125,0.3828125,,,,
2,SD-SRC14,0.01,SDS2_MAIN9,SD-S2,MAIN9,"SDS2_MAIN9:M1[relative,apply_to_dm=True]@alpha=0.01",M1_safety_margin,M1_safety_margin[apply_to_dm=True],entry,False,not_met,,,"no value of the declared grid met the validation screen (candidate statuses: optimal, proven_infeasible); a grid without a solution is not a statement about the whole decision space",main_reference_plan_domain,cp_upper,,,,,False,0,5,1,0.9724,0.9750422709423038,k=0.0,minimum attainable main-event rate_upper over the declared grid (descriptive; its cost is not a comparable cost),1024,frontier_no_feasible_solution_found_no_ration,0.14453125,0.3828125,,,,
2,SD-SRC14,0.01,SDS2_MAIN9,SD-S2,MAIN9,SDS2_MAIN9:M2[N=1024]@alpha=0.01,M2_joint_chance_saa,M2_joint_chance_saa[N=1024],entry,False,not_met,,,"SAA over the N training scenarios proven infeasible for every alpha_train of the declared grid (training scenarios only; not a population, field or whole-space statement)",main_reference_plan_domain,cp_upper,,,,,False,0,4,0,,,,no scored grid candidate with a ration (not a whole-space statement),1024,frontier_no_feasible_solution_found_no_ration,0.14453125,0.3828125,,,,
2,SD-SRC14,0.01,SDS2_MAIN9,SD-S2,MAIN9,SDS2_MAIN9:M2[N=128]@alpha=0.01,M2_joint_chance_saa,M2_joint_chance_saa[N=128],entry,False,not_met,,,"SAA over the N training scenarios proven infeasible for every alpha_train of the declared grid (training scenarios only; not a population, field or whole-space statement)",main_reference_plan_domain,cp_upper,,,,,False,0,4,0,,,,no scored grid candidate with a ration (not a whole-space statement),128,optimal,0.3984375,0.3984375,0.4976,0.4979,0.5061738752459699,"diagnostic frontier point (training scenarios only); not a method, never a member"
2,SD-SRC14,0.01,SDS2_MAIN9,SD-S2,MAIN9,SDS2_MAIN9:M2[N=512]@alpha=0.01,M2_joint_chance_saa,M2_joint_chance_saa[N=512],entry,False,not_met,,,"SAA over the N training scenarios proven infeasible for every alpha_train of the declared grid (training scenarios only; not a population, field or whole-space statement)",main_reference_plan_domain,cp_upper,,,,,False,0,4,0,,,,no scored grid candidate with a ration (not a whole-space statement),512,frontier_no_feasible_solution_found_no_ration,0.23828125,0.384765625,,,,
2,SD-SRC14,0.01,SDS2_MAIN9,SD-S2,MAIN9,SDS2_MAIN9:M3a[factory box]@alpha=0.01,M3a_box_robust,M3a_box_robust,entry,False,not_met,,,no value of the declared grid met the validation screen (candidate statuses: proven_infeasible); a grid without a solution is not a statement about the whole decision space,main_reference_plan_domain,cp_upper,,,,,False,0,5,0,,,,no scored grid candidate with a ration (not a whole-space statement),1024,frontier_no_feasible_solution_found_no_ration,0.14453125,0.3828125,,,,
2,SD-SRC14,0.01,SDS2_MAIN9,SD-S2,MAIN9,SDS2_MAIN9:M3b[factory box]@alpha=0.01,M3b_budget_robust,M3b_budget_robust,entry,False,not_met,,,"no value of the declared grid met the validation screen (candidate statuses: optimal, proven_infeasible); a grid without a solution is not a statement about the whole decision space",main_reference_plan_domain,cp_upper,,,,,False,0,35,5,0.9724,0.9750422709423038,"gamma=0 {""k_box"": 1.0}",minimum attainable main-event rate_upper over the declared grid (descriptive; its cost is not a comparable cost),1024,frontier_no_feasible_solution_found_no_ration,0.14453125,0.3828125,,,,
2,SD-SRC14,0.01,SDSRC12_MAIN9,SD-SRC12,MAIN9,SDSRC12_MAIN9:M0,M0_nominal,M0_nominal,entry,True,,,optimal,,main_reference_plan_domain,cp_upper,0.9723,0.9724,0.9750422709423038,False,False,0,1,1,0.9724,0.9750422709423038,,minimum attainable main-event rate_upper over the declared grid (descriptive; its cost is not a comparable cost),1024,frontier_no_feasible_solution_found_no_ration,0.2607421875,0.6767578125,,,,
2,SD-SRC14,0.01,SDSRC12_MAIN9,SD-SRC12,MAIN9,"SDSRC12_MAIN9:M1[relative,apply_to_dm=False]@alpha=0.01",M1_safety_margin,M1_safety_margin[apply_to_dm=False],sensitivity_line,False,not_met,,,"no value of the declared grid met the validation screen (candidate statuses: optimal, proven_infeasible); a grid without a solution is not a statement about the whole decision space",main_reference_plan_domain,cp_upper,,,,,False,0,5,1,0.9724,0.9750422709423038,k=0.0,minimum attainable main-event rate_upper over the declared grid (descriptive; its cost is not a comparable cost),1024,frontier_no_feasible_solution_found_no_ration,0.2607421875,0.6767578125,,,,
2,SD-SRC14,0.01,SDSRC12_MAIN9,SD-SRC12,MAIN9,"SDSRC12_MAIN9:M1[relative,apply_to_dm=True]@alpha=0.01",M1_safety_margin,M1_safety_margin[apply_to_dm=True],entry,False,not_met,,,"no value of the declared grid met the validation screen (candidate statuses: optimal, proven_infeasible); a grid without a solution is not a statement about the whole decision space",main_reference_plan_domain,cp_upper,,,,,False,0,5,1,0.9724,0.9750422709423038,k=0.0,minimum attainable main-event rate_upper over the declared grid (descriptive; its cost is not a comparable cost),1024,frontier_no_feasible_solution_found_no_ration,0.2607421875,0.6767578125,,,,
2,SD-SRC14,0.01,SDSRC12_MAIN9,SD-SRC12,MAIN9,SDSRC12_MAIN9:M2[N=1024]@alpha=0.01,M2_joint_chance_saa,M2_joint_chance_saa[N=1024],entry,False,not_met,,,"SAA over the N training scenarios proven infeasible for every alpha_train of the declared grid (training scenarios only; not a population, field or whole-space statement)",main_reference_plan_domain,cp_upper,,,,,False,0,4,0,,,,no scored grid candidate with a ration (not a whole-space statement),1024,frontier_no_feasible_solution_found_no_ration,0.2607421875,0.6767578125,,,,
2,SD-SRC14,0.01,SDSRC12_MAIN9,SD-SRC12,MAIN9,SDSRC12_MAIN9:M2[N=128]@alpha=0.01,M2_joint_chance_saa,M2_joint_chance_saa[N=128],entry,False,not_met,,,"SAA over the N training scenarios proven infeasible for every alpha_train of the declared grid (training scenarios only; not a population, field or whole-space statement)",main_reference_plan_domain,cp_upper,,,,,False,0,4,0,,,,no scored grid candidate with a ration (not a whole-space statement),128,optimal,0.6328125,0.6328125,0.4263,0.4267,0.4349004413128674,"diagnostic frontier point (training scenarios only); not a method, never a member"
2,SD-SRC14,0.01,SDSRC12_MAIN9,SD-SRC12,MAIN9,SDSRC12_MAIN9:M2[N=512]@alpha=0.01,M2_joint_chance_saa,M2_joint_chance_saa[N=512],entry,False,not_met,,,"SAA over the N training scenarios proven infeasible for every alpha_train of the declared grid (training scenarios only; not a population, field or whole-space statement)",main_reference_plan_domain,cp_upper,,,,,False,0,4,0,,,,no scored grid candidate with a ration (not a whole-space statement),512,frontier_no_feasible_solution_found_no_ration,0.4375,0.662109375,,,,
2,SD-SRC14,0.01,SDSRC12_MAIN9,SD-SRC12,MAIN9,SDSRC12_MAIN9:M3a[factory box]@alpha=0.01,M3a_box_robust,M3a_box_robust,entry,False,not_met,,,no value of the declared grid met the validation screen (candidate statuses: proven_infeasible); a grid without a solution is not a statement about the whole decision space,main_reference_plan_domain,cp_upper,,,,,False,0,5,0,,,,no scored grid candidate with a ration (not a whole-space statement),1024,frontier_no_feasible_solution_found_no_ration,0.2607421875,0.6767578125,,,,
2,SD-SRC14,0.01,SDSRC12_MAIN9,SD-SRC12,MAIN9,SDSRC12_MAIN9:M3b[factory box]@alpha=0.01,M3b_budget_robust,M3b_budget_robust,entry,False,not_met,,,"no value of the declared grid met the validation screen (candidate statuses: optimal, proven_infeasible); a grid without a solution is not a statement about the whole decision space",main_reference_plan_domain,cp_upper,,,,,False,0,35,5,0.9724,0.9750422709423038,"gamma=0 {""k_box"": 1.0}",minimum attainable main-event rate_upper over the declared grid (descriptive; its cost is not a comparable cost),1024,frontier_no_feasible_solution_found_no_ration,0.2607421875,0.6767578125,,,,
2,SD-SRC14,0.01,SDSRC14_MAIN9,SD-SRC14,MAIN9,SDSRC14_MAIN9:M0,M0_nominal,M0_nominal,entry,True,,,optimal,,main_reference_plan_domain,cp_upper,0.9723,0.9724,0.9750422709423038,False,False,0,1,1,0.9724,0.9750422709423038,,minimum attainable main-event rate_upper over the declared grid (descriptive; its cost is not a comparable cost),1024,frontier_no_feasible_solution_found_no_ration,0.123046875,0.5205078125,,,,
2,SD-SRC14,0.01,SDSRC14_MAIN9,SD-SRC14,MAIN9,"SDSRC14_MAIN9:M1[relative,apply_to_dm=False]@alpha=0.01",M1_safety_margin,M1_safety_margin[apply_to_dm=False],sensitivity_line,False,not_met,,,"no value of the declared grid met the validation screen (candidate statuses: optimal, proven_infeasible); a grid without a solution is not a statement about the whole decision space",main_reference_plan_domain,cp_upper,,,,,False,0,5,1,0.9724,0.9750422709423038,k=0.0,minimum attainable main-event rate_upper over the declared grid (descriptive; its cost is not a comparable cost),1024,frontier_no_feasible_solution_found_no_ration,0.123046875,0.5205078125,,,,
2,SD-SRC14,0.01,SDSRC14_MAIN9,SD-SRC14,MAIN9,"SDSRC14_MAIN9:M1[relative,apply_to_dm=True]@alpha=0.01",M1_safety_margin,M1_safety_margin[apply_to_dm=True],entry,False,not_met,,,"no value of the declared grid met the validation screen (candidate statuses: optimal, proven_infeasible); a grid without a solution is not a statement about the whole decision space",main_reference_plan_domain,cp_upper,,,,,False,0,5,1,0.9724,0.9750422709423038,k=0.0,minimum attainable main-event rate_upper over the declared grid (descriptive; its cost is not a comparable cost),1024,frontier_no_feasible_solution_found_no_ration,0.123046875,0.5205078125,,,,
2,SD-SRC14,0.01,SDSRC14_MAIN9,SD-SRC14,MAIN9,SDSRC14_MAIN9:M2[N=1024]@alpha=0.01,M2_joint_chance_saa,M2_joint_chance_saa[N=1024],entry,False,not_met,,,"SAA over the N training scenarios proven infeasible for every alpha_train of the declared grid (training scenarios only; not a population, field or whole-space statement)",main_reference_plan_domain,cp_upper,,,,,False,0,4,0,,,,no scored grid candidate with a ration (not a whole-space statement),1024,frontier_no_feasible_solution_found_no_ration,0.123046875,0.5205078125,,,,
2,SD-SRC14,0.01,SDSRC14_MAIN9,SD-SRC14,MAIN9,SDSRC14_MAIN9:M2[N=128]@alpha=0.01,M2_joint_chance_saa,M2_joint_chance_saa[N=128],entry,False,not_met,,,"SAA over the N training scenarios proven infeasible for every alpha_train of the declared grid (training scenarios only; not a population, field or whole-space statement)",main_reference_plan_domain,cp_upper,,,,,False,0,4,0,,,,no scored grid candidate with a ration (not a whole-space statement),128,optimal,0.4609375,0.5,0.4553,0.4557,0.46395069729260335,"diagnostic frontier point (training scenarios only); not a method, never a member"
2,SD-SRC14,0.01,SDSRC14_MAIN9,SD-SRC14,MAIN9,SDSRC14_MAIN9:M2[N=512]@alpha=0.01,M2_joint_chance_saa,M2_joint_chance_saa[N=512],entry,False,not_met,,,"SAA over the N training scenarios proven infeasible for every alpha_train of the declared grid (training scenarios only; not a population, field or whole-space statement)",main_reference_plan_domain,cp_upper,,,,,False,0,4,0,,,,no scored grid candidate with a ration (not a whole-space statement),512,frontier_no_feasible_solution_found_no_ration,0.2890625,0.5,,,,
2,SD-SRC14,0.01,SDSRC14_MAIN9,SD-SRC14,MAIN9,SDSRC14_MAIN9:M3a[factory box]@alpha=0.01,M3a_box_robust,M3a_box_robust,entry,False,not_met,,,no value of the declared grid met the validation screen (candidate statuses: proven_infeasible); a grid without a solution is not a statement about the whole decision space,main_reference_plan_domain,cp_upper,,,,,False,0,5,0,,,,no scored grid candidate with a ration (not a whole-space statement),1024,frontier_no_feasible_solution_found_no_ration,0.123046875,0.5205078125,,,,
2,SD-SRC14,0.01,SDSRC14_MAIN9,SD-SRC14,MAIN9,SDSRC14_MAIN9:M3b[factory box]@alpha=0.01,M3b_budget_robust,M3b_budget_robust,entry,False,not_met,,,"no value of the declared grid met the validation screen (candidate statuses: optimal, proven_infeasible); a grid without a solution is not a statement about the whole decision space",main_reference_plan_domain,cp_upper,,,,,False,0,35,5,0.9724,0.9750422709423038,"gamma=0 {""k_box"": 1.0}",minimum attainable main-event rate_upper over the declared grid (descriptive; its cost is not a comparable cost),1024,frontier_no_feasible_solution_found_no_ration,0.123046875,0.5205078125,,,,
2,SD-12MO,0.05,SD12MO_MAIN9,SD-12MO,MAIN9,SD12MO_MAIN9:M0,M0_nominal,M0_nominal,entry,True,,,optimal,,main_reference_plan_domain,cp_upper,0.9543,0.9543,0.957686672857363,False,False,0,1,1,0.9543,0.957686672857363,,minimum attainable main-event rate_upper over the declared grid (descriptive; its cost is not a comparable cost),1024,frontier_no_feasible_solution_found_no_ration,0.265625,0.5498046875,,,,
2,SD-12MO,0.05,SD12MO_MAIN9,SD-12MO,MAIN9,"SD12MO_MAIN9:M1[relative,apply_to_dm=False]@alpha=0.05",M1_safety_margin,M1_safety_margin[apply_to_dm=False],sensitivity_line,False,not_met,,,"no value of the declared grid met the validation screen (candidate statuses: optimal, proven_infeasible); a grid without a solution is not a statement about the whole decision space",main_reference_plan_domain,cp_upper,,,,,False,0,5,1,0.9543,0.957686672857363,k=0.0,minimum attainable main-event rate_upper over the declared grid (descriptive; its cost is not a comparable cost),1024,frontier_no_feasible_solution_found_no_ration,0.265625,0.5498046875,,,,
2,SD-12MO,0.05,SD12MO_MAIN9,SD-12MO,MAIN9,"SD12MO_MAIN9:M1[relative,apply_to_dm=True]@alpha=0.05",M1_safety_margin,M1_safety_margin[apply_to_dm=True],entry,False,not_met,,,"no value of the declared grid met the validation screen (candidate statuses: optimal, proven_infeasible); a grid without a solution is not a statement about the whole decision space",main_reference_plan_domain,cp_upper,,,,,False,0,5,1,0.9543,0.957686672857363,k=0.0,minimum attainable main-event rate_upper over the declared grid (descriptive; its cost is not a comparable cost),1024,frontier_no_feasible_solution_found_no_ration,0.265625,0.5498046875,,,,
2,SD-12MO,0.05,SD12MO_MAIN9,SD-12MO,MAIN9,SD12MO_MAIN9:M2[N=1024]@alpha=0.05,M2_joint_chance_saa,M2_joint_chance_saa[N=1024],entry,False,not_met,,,"SAA over the N training scenarios proven infeasible for every alpha_train of the declared grid (training scenarios only; not a population, field or whole-space statement)",main_reference_plan_domain,cp_upper,,,,,False,0,4,0,,,,no scored grid candidate with a ration (not a whole-space statement),1024,frontier_no_feasible_solution_found_no_ration,0.265625,0.5498046875,,,,
2,SD-12MO,0.05,SD12MO_MAIN9,SD-12MO,MAIN9,SD12MO_MAIN9:M2[N=128]@alpha=0.05,M2_joint_chance_saa,M2_joint_chance_saa[N=128],entry,False,not_met,,,"SAA over the N training scenarios proven infeasible for every alpha_train of the declared grid (training scenarios only; not a population, field or whole-space statement)",main_reference_plan_domain,cp_upper,,,,,False,0,4,0,,,,no scored grid candidate with a ration (not a whole-space statement),128,optimal,0.53125,0.53125,0.4621,0.4621,0.47035800022618857,"diagnostic frontier point (training scenarios only); not a method, never a member"
2,SD-12MO,0.05,SD12MO_MAIN9,SD-12MO,MAIN9,SD12MO_MAIN9:M2[N=512]@alpha=0.05,M2_joint_chance_saa,M2_joint_chance_saa[N=512],entry,False,not_met,,,"SAA over the N training scenarios proven infeasible for every alpha_train of the declared grid (training scenarios only; not a population, field or whole-space statement)",main_reference_plan_domain,cp_upper,,,,,False,0,4,0,,,,no scored grid candidate with a ration (not a whole-space statement),512,frontier_no_feasible_solution_found_no_ration,0.41015625,0.521484375,,,,
2,SD-12MO,0.05,SD12MO_MAIN9,SD-12MO,MAIN9,SD12MO_MAIN9:M3a[factory box]@alpha=0.05,M3a_box_robust,M3a_box_robust,entry,False,not_met,,,no value of the declared grid met the validation screen (candidate statuses: proven_infeasible); a grid without a solution is not a statement about the whole decision space,main_reference_plan_domain,cp_upper,,,,,False,0,5,0,,,,no scored grid candidate with a ration (not a whole-space statement),1024,frontier_no_feasible_solution_found_no_ration,0.265625,0.5498046875,,,,
2,SD-12MO,0.05,SD12MO_MAIN9,SD-12MO,MAIN9,SD12MO_MAIN9:M3b[factory box]@alpha=0.05,M3b_budget_robust,M3b_budget_robust,entry,False,not_met,,,"no value of the declared grid met the validation screen (candidate statuses: optimal, proven_infeasible); a grid without a solution is not a statement about the whole decision space",main_reference_plan_domain,cp_upper,,,,,False,0,35,5,0.9543,0.957686672857363,"gamma=0 {""k_box"": 1.0}",minimum attainable main-event rate_upper over the declared grid (descriptive; its cost is not a comparable cost),1024,frontier_no_feasible_solution_found_no_ration,0.265625,0.5498046875,,,,
2,SD-12MO,0.05,SDH0_MAIN9,SD-H0,MAIN9,SDH0_MAIN9:M0,M0_nominal,M0_nominal,entry,True,,,optimal,,main_reference_plan_domain,cp_upper,0.9543,0.9543,0.957686672857363,False,False,0,1,1,0.9543,0.957686672857363,,minimum attainable main-event rate_upper over the declared grid (descriptive; its cost is not a comparable cost),1024,feasible_time_limit,0.3955078125,0.6923828125,0.5071,0.5071,0.515371137768188,"diagnostic frontier point (training scenarios only); not a method, never a member"
2,SD-12MO,0.05,SDH0_MAIN9,SD-H0,MAIN9,"SDH0_MAIN9:M1[relative,apply_to_dm=False]@alpha=0.05",M1_safety_margin,M1_safety_margin[apply_to_dm=False],sensitivity_line,False,not_met,,,"no value of the declared grid met the validation screen (candidate statuses: optimal, proven_infeasible); a grid without a solution is not a statement about the whole decision space",main_reference_plan_domain,cp_upper,,,,,False,0,5,1,0.9543,0.957686672857363,k=0.0,minimum attainable main-event rate_upper over the declared grid (descriptive; its cost is not a comparable cost),1024,feasible_time_limit,0.3955078125,0.6923828125,0.5071,0.5071,0.515371137768188,"diagnostic frontier point (training scenarios only); not a method, never a member"
2,SD-12MO,0.05,SDH0_MAIN9,SD-H0,MAIN9,"SDH0_MAIN9:M1[relative,apply_to_dm=True]@alpha=0.05",M1_safety_margin,M1_safety_margin[apply_to_dm=True],entry,False,not_met,,,"no value of the declared grid met the validation screen (candidate statuses: optimal, proven_infeasible); a grid without a solution is not a statement about the whole decision space",main_reference_plan_domain,cp_upper,,,,,False,0,5,1,0.9543,0.957686672857363,k=0.0,minimum attainable main-event rate_upper over the declared grid (descriptive; its cost is not a comparable cost),1024,feasible_time_limit,0.3955078125,0.6923828125,0.5071,0.5071,0.515371137768188,"diagnostic frontier point (training scenarios only); not a method, never a member"
2,SD-12MO,0.05,SDH0_MAIN9,SD-H0,MAIN9,SDH0_MAIN9:M2[N=1024]@alpha=0.05,M2_joint_chance_saa,M2_joint_chance_saa[N=1024],entry,False,not_met,,,"SAA over the N training scenarios proven infeasible for every alpha_train of the declared grid (training scenarios only; not a population, field or whole-space statement)",main_reference_plan_domain,cp_upper,,,,,False,0,4,0,,,,no scored grid candidate with a ration (not a whole-space statement),1024,feasible_time_limit,0.3955078125,0.6923828125,0.5071,0.5071,0.515371137768188,"diagnostic frontier point (training scenarios only); not a method, never a member"
2,SD-12MO,0.05,SDH0_MAIN9,SD-H0,MAIN9,SDH0_MAIN9:M2[N=128]@alpha=0.05,M2_joint_chance_saa,M2_joint_chance_saa[N=128],entry,False,not_met,,,"SAA over the N training scenarios proven infeasible for every alpha_train of the declared grid (training scenarios only; not a population, field or whole-space statement)",main_reference_plan_domain,cp_upper,,,,,False,0,4,0,,,,no scored grid candidate with a ration (not a whole-space statement),128,optimal,0.6796875,0.6796875,0.487,0.487,0.4952735150499202,"diagnostic frontier point (training scenarios only); not a method, never a member"
2,SD-12MO,0.05,SDH0_MAIN9,SD-H0,MAIN9,SDH0_MAIN9:M2[N=512]@alpha=0.05,M2_joint_chance_saa,M2_joint_chance_saa[N=512],entry,False,not_met,,,"SAA over the N training scenarios proven infeasible for every alpha_train of the declared grid (training scenarios only; not a population, field or whole-space statement)",main_reference_plan_domain,cp_upper,,,,,False,0,4,0,,,,no scored grid candidate with a ration (not a whole-space statement),512,frontier_no_feasible_solution_found_no_ration,0.521484375,0.654296875,,,,
2,SD-12MO,0.05,SDH0_MAIN9,SD-H0,MAIN9,SDH0_MAIN9:M3a[factory box]@alpha=0.05,M3a_box_robust,M3a_box_robust,entry,False,not_met,,,no value of the declared grid met the validation screen (candidate statuses: proven_infeasible); a grid without a solution is not a statement about the whole decision space,main_reference_plan_domain,cp_upper,,,,,False,0,5,0,,,,no scored grid candidate with a ration (not a whole-space statement),1024,feasible_time_limit,0.3955078125,0.6923828125,0.5071,0.5071,0.515371137768188,"diagnostic frontier point (training scenarios only); not a method, never a member"
2,SD-12MO,0.05,SDH0_MAIN9,SD-H0,MAIN9,SDH0_MAIN9:M3b[factory box]@alpha=0.05,M3b_budget_robust,M3b_budget_robust,entry,False,not_met,,,"no value of the declared grid met the validation screen (candidate statuses: optimal, proven_infeasible); a grid without a solution is not a statement about the whole decision space",main_reference_plan_domain,cp_upper,,,,,False,0,35,5,0.9543,0.957686672857363,"gamma=0 {""k_box"": 1.0}",minimum attainable main-event rate_upper over the declared grid (descriptive; its cost is not a comparable cost),1024,feasible_time_limit,0.3955078125,0.6923828125,0.5071,0.5071,0.515371137768188,"diagnostic frontier point (training scenarios only); not a method, never a member"
2,SD-12MO,0.05,SDS2_MAIN9,SD-S2,MAIN9,SDS2_MAIN9:M0,M0_nominal,M0_nominal,entry,True,,,optimal,,main_reference_plan_domain,cp_upper,0.9543,0.9543,0.957686672857363,False,False,0,1,1,0.9543,0.957686672857363,,minimum attainable main-event rate_upper over the declared grid (descriptive; its cost is not a comparable cost),1024,frontier_no_feasible_solution_found_no_ration,0.14453125,0.3828125,,,,
2,SD-12MO,0.05,SDS2_MAIN9,SD-S2,MAIN9,"SDS2_MAIN9:M1[relative,apply_to_dm=False]@alpha=0.05",M1_safety_margin,M1_safety_margin[apply_to_dm=False],sensitivity_line,False,not_met,,,"no value of the declared grid met the validation screen (candidate statuses: optimal, proven_infeasible); a grid without a solution is not a statement about the whole decision space",main_reference_plan_domain,cp_upper,,,,,False,0,5,1,0.9543,0.957686672857363,k=0.0,minimum attainable main-event rate_upper over the declared grid (descriptive; its cost is not a comparable cost),1024,frontier_no_feasible_solution_found_no_ration,0.14453125,0.3828125,,,,
2,SD-12MO,0.05,SDS2_MAIN9,SD-S2,MAIN9,"SDS2_MAIN9:M1[relative,apply_to_dm=True]@alpha=0.05",M1_safety_margin,M1_safety_margin[apply_to_dm=True],entry,False,not_met,,,"no value of the declared grid met the validation screen (candidate statuses: optimal, proven_infeasible); a grid without a solution is not a statement about the whole decision space",main_reference_plan_domain,cp_upper,,,,,False,0,5,1,0.9543,0.957686672857363,k=0.0,minimum attainable main-event rate_upper over the declared grid (descriptive; its cost is not a comparable cost),1024,frontier_no_feasible_solution_found_no_ration,0.14453125,0.3828125,,,,
2,SD-12MO,0.05,SDS2_MAIN9,SD-S2,MAIN9,SDS2_MAIN9:M2[N=1024]@alpha=0.05,M2_joint_chance_saa,M2_joint_chance_saa[N=1024],entry,False,not_met,,,"SAA over the N training scenarios proven infeasible for every alpha_train of the declared grid (training scenarios only; not a population, field or whole-space statement)",main_reference_plan_domain,cp_upper,,,,,False,0,4,0,,,,no scored grid candidate with a ration (not a whole-space statement),1024,frontier_no_feasible_solution_found_no_ration,0.14453125,0.3828125,,,,
2,SD-12MO,0.05,SDS2_MAIN9,SD-S2,MAIN9,SDS2_MAIN9:M2[N=128]@alpha=0.05,M2_joint_chance_saa,M2_joint_chance_saa[N=128],entry,False,not_met,,,"SAA over the N training scenarios proven infeasible for every alpha_train of the declared grid (training scenarios only; not a population, field or whole-space statement)",main_reference_plan_domain,cp_upper,,,,,False,0,4,0,,,,no scored grid candidate with a ration (not a whole-space statement),128,optimal,0.3984375,0.3984375,0.5228,0.5228,0.5310600328730699,"diagnostic frontier point (training scenarios only); not a method, never a member"
2,SD-12MO,0.05,SDS2_MAIN9,SD-S2,MAIN9,SDS2_MAIN9:M2[N=512]@alpha=0.05,M2_joint_chance_saa,M2_joint_chance_saa[N=512],entry,False,not_met,,,"SAA over the N training scenarios proven infeasible for every alpha_train of the declared grid (training scenarios only; not a population, field or whole-space statement)",main_reference_plan_domain,cp_upper,,,,,False,0,4,0,,,,no scored grid candidate with a ration (not a whole-space statement),512,frontier_no_feasible_solution_found_no_ration,0.23828125,0.384765625,,,,
2,SD-12MO,0.05,SDS2_MAIN9,SD-S2,MAIN9,SDS2_MAIN9:M3a[factory box]@alpha=0.05,M3a_box_robust,M3a_box_robust,entry,False,not_met,,,no value of the declared grid met the validation screen (candidate statuses: proven_infeasible); a grid without a solution is not a statement about the whole decision space,main_reference_plan_domain,cp_upper,,,,,False,0,5,0,,,,no scored grid candidate with a ration (not a whole-space statement),1024,frontier_no_feasible_solution_found_no_ration,0.14453125,0.3828125,,,,
2,SD-12MO,0.05,SDS2_MAIN9,SD-S2,MAIN9,SDS2_MAIN9:M3b[factory box]@alpha=0.05,M3b_budget_robust,M3b_budget_robust,entry,False,not_met,,,"no value of the declared grid met the validation screen (candidate statuses: optimal, proven_infeasible); a grid without a solution is not a statement about the whole decision space",main_reference_plan_domain,cp_upper,,,,,False,0,35,5,0.9543,0.957686672857363,"gamma=0 {""k_box"": 1.0}",minimum attainable main-event rate_upper over the declared grid (descriptive; its cost is not a comparable cost),1024,frontier_no_feasible_solution_found_no_ration,0.14453125,0.3828125,,,,
2,SD-12MO,0.05,SDSRC12_MAIN9,SD-SRC12,MAIN9,SDSRC12_MAIN9:M0,M0_nominal,M0_nominal,entry,True,,,optimal,,main_reference_plan_domain,cp_upper,0.9543,0.9543,0.957686672857363,False,False,0,1,1,0.9543,0.957686672857363,,minimum attainable main-event rate_upper over the declared grid (descriptive; its cost is not a comparable cost),1024,frontier_no_feasible_solution_found_no_ration,0.2607421875,0.6767578125,,,,
2,SD-12MO,0.05,SDSRC12_MAIN9,SD-SRC12,MAIN9,"SDSRC12_MAIN9:M1[relative,apply_to_dm=False]@alpha=0.05",M1_safety_margin,M1_safety_margin[apply_to_dm=False],sensitivity_line,False,not_met,,,"no value of the declared grid met the validation screen (candidate statuses: optimal, proven_infeasible); a grid without a solution is not a statement about the whole decision space",main_reference_plan_domain,cp_upper,,,,,False,0,5,1,0.9543,0.957686672857363,k=0.0,minimum attainable main-event rate_upper over the declared grid (descriptive; its cost is not a comparable cost),1024,frontier_no_feasible_solution_found_no_ration,0.2607421875,0.6767578125,,,,
2,SD-12MO,0.05,SDSRC12_MAIN9,SD-SRC12,MAIN9,"SDSRC12_MAIN9:M1[relative,apply_to_dm=True]@alpha=0.05",M1_safety_margin,M1_safety_margin[apply_to_dm=True],entry,False,not_met,,,"no value of the declared grid met the validation screen (candidate statuses: optimal, proven_infeasible); a grid without a solution is not a statement about the whole decision space",main_reference_plan_domain,cp_upper,,,,,False,0,5,1,0.9543,0.957686672857363,k=0.0,minimum attainable main-event rate_upper over the declared grid (descriptive; its cost is not a comparable cost),1024,frontier_no_feasible_solution_found_no_ration,0.2607421875,0.6767578125,,,,
2,SD-12MO,0.05,SDSRC12_MAIN9,SD-SRC12,MAIN9,SDSRC12_MAIN9:M2[N=1024]@alpha=0.05,M2_joint_chance_saa,M2_joint_chance_saa[N=1024],entry,False,not_met,,,"SAA over the N training scenarios proven infeasible for every alpha_train of the declared grid (training scenarios only; not a population, field or whole-space statement)",main_reference_plan_domain,cp_upper,,,,,False,0,4,0,,,,no scored grid candidate with a ration (not a whole-space statement),1024,frontier_no_feasible_solution_found_no_ration,0.2607421875,0.6767578125,,,,
2,SD-12MO,0.05,SDSRC12_MAIN9,SD-SRC12,MAIN9,SDSRC12_MAIN9:M2[N=128]@alpha=0.05,M2_joint_chance_saa,M2_joint_chance_saa[N=128],entry,False,not_met,,,"SAA over the N training scenarios proven infeasible for every alpha_train of the declared grid (training scenarios only; not a population, field or whole-space statement)",main_reference_plan_domain,cp_upper,,,,,False,0,4,0,,,,no scored grid candidate with a ration (not a whole-space statement),128,optimal,0.6328125,0.6328125,0.4596,0.4596,0.46785530947718706,"diagnostic frontier point (training scenarios only); not a method, never a member"
2,SD-12MO,0.05,SDSRC12_MAIN9,SD-SRC12,MAIN9,SDSRC12_MAIN9:M2[N=512]@alpha=0.05,M2_joint_chance_saa,M2_joint_chance_saa[N=512],entry,False,not_met,,,"SAA over the N training scenarios proven infeasible for every alpha_train of the declared grid (training scenarios only; not a population, field or whole-space statement)",main_reference_plan_domain,cp_upper,,,,,False,0,4,0,,,,no scored grid candidate with a ration (not a whole-space statement),512,frontier_no_feasible_solution_found_no_ration,0.4375,0.662109375,,,,
2,SD-12MO,0.05,SDSRC12_MAIN9,SD-SRC12,MAIN9,SDSRC12_MAIN9:M3a[factory box]@alpha=0.05,M3a_box_robust,M3a_box_robust,entry,False,not_met,,,no value of the declared grid met the validation screen (candidate statuses: proven_infeasible); a grid without a solution is not a statement about the whole decision space,main_reference_plan_domain,cp_upper,,,,,False,0,5,0,,,,no scored grid candidate with a ration (not a whole-space statement),1024,frontier_no_feasible_solution_found_no_ration,0.2607421875,0.6767578125,,,,
2,SD-12MO,0.05,SDSRC12_MAIN9,SD-SRC12,MAIN9,SDSRC12_MAIN9:M3b[factory box]@alpha=0.05,M3b_budget_robust,M3b_budget_robust,entry,False,not_met,,,"no value of the declared grid met the validation screen (candidate statuses: optimal, proven_infeasible); a grid without a solution is not a statement about the whole decision space",main_reference_plan_domain,cp_upper,,,,,False,0,35,5,0.9543,0.957686672857363,"gamma=0 {""k_box"": 1.0}",minimum attainable main-event rate_upper over the declared grid (descriptive; its cost is not a comparable cost),1024,frontier_no_feasible_solution_found_no_ration,0.2607421875,0.6767578125,,,,
2,SD-12MO,0.05,SDSRC14_MAIN9,SD-SRC14,MAIN9,SDSRC14_MAIN9:M0,M0_nominal,M0_nominal,entry,True,,,optimal,,main_reference_plan_domain,cp_upper,0.9543,0.9543,0.957686672857363,False,False,0,1,1,0.9543,0.957686672857363,,minimum attainable main-event rate_upper over the declared grid (descriptive; its cost is not a comparable cost),1024,frontier_no_feasible_solution_found_no_ration,0.123046875,0.5205078125,,,,
2,SD-12MO,0.05,SDSRC14_MAIN9,SD-SRC14,MAIN9,"SDSRC14_MAIN9:M1[relative,apply_to_dm=False]@alpha=0.05",M1_safety_margin,M1_safety_margin[apply_to_dm=False],sensitivity_line,False,not_met,,,"no value of the declared grid met the validation screen (candidate statuses: optimal, proven_infeasible); a grid without a solution is not a statement about the whole decision space",main_reference_plan_domain,cp_upper,,,,,False,0,5,1,0.9543,0.957686672857363,k=0.0,minimum attainable main-event rate_upper over the declared grid (descriptive; its cost is not a comparable cost),1024,frontier_no_feasible_solution_found_no_ration,0.123046875,0.5205078125,,,,
2,SD-12MO,0.05,SDSRC14_MAIN9,SD-SRC14,MAIN9,"SDSRC14_MAIN9:M1[relative,apply_to_dm=True]@alpha=0.05",M1_safety_margin,M1_safety_margin[apply_to_dm=True],entry,False,not_met,,,"no value of the declared grid met the validation screen (candidate statuses: optimal, proven_infeasible); a grid without a solution is not a statement about the whole decision space",main_reference_plan_domain,cp_upper,,,,,False,0,5,1,0.9543,0.957686672857363,k=0.0,minimum attainable main-event rate_upper over the declared grid (descriptive; its cost is not a comparable cost),1024,frontier_no_feasible_solution_found_no_ration,0.123046875,0.5205078125,,,,
2,SD-12MO,0.05,SDSRC14_MAIN9,SD-SRC14,MAIN9,SDSRC14_MAIN9:M2[N=1024]@alpha=0.05,M2_joint_chance_saa,M2_joint_chance_saa[N=1024],entry,False,not_met,,,"SAA over the N training scenarios proven infeasible for every alpha_train of the declared grid (training scenarios only; not a population, field or whole-space statement)",main_reference_plan_domain,cp_upper,,,,,False,0,4,0,,,,no scored grid candidate with a ration (not a whole-space statement),1024,frontier_no_feasible_solution_found_no_ration,0.123046875,0.5205078125,,,,
2,SD-12MO,0.05,SDSRC14_MAIN9,SD-SRC14,MAIN9,SDSRC14_MAIN9:M2[N=128]@alpha=0.05,M2_joint_chance_saa,M2_joint_chance_saa[N=128],entry,False,not_met,,,"SAA over the N training scenarios proven infeasible for every alpha_train of the declared grid (training scenarios only; not a population, field or whole-space statement)",main_reference_plan_domain,cp_upper,,,,,False,0,4,0,,,,no scored grid candidate with a ration (not a whole-space statement),128,optimal,0.4609375,0.5,0.5036,0.5036,0.511872507307363,"diagnostic frontier point (training scenarios only); not a method, never a member"
2,SD-12MO,0.05,SDSRC14_MAIN9,SD-SRC14,MAIN9,SDSRC14_MAIN9:M2[N=512]@alpha=0.05,M2_joint_chance_saa,M2_joint_chance_saa[N=512],entry,False,not_met,,,"SAA over the N training scenarios proven infeasible for every alpha_train of the declared grid (training scenarios only; not a population, field or whole-space statement)",main_reference_plan_domain,cp_upper,,,,,False,0,4,0,,,,no scored grid candidate with a ration (not a whole-space statement),512,frontier_no_feasible_solution_found_no_ration,0.2890625,0.5,,,,
2,SD-12MO,0.05,SDSRC14_MAIN9,SD-SRC14,MAIN9,SDSRC14_MAIN9:M3a[factory box]@alpha=0.05,M3a_box_robust,M3a_box_robust,entry,False,not_met,,,no value of the declared grid met the validation screen (candidate statuses: proven_infeasible); a grid without a solution is not a statement about the whole decision space,main_reference_plan_domain,cp_upper,,,,,False,0,5,0,,,,no scored grid candidate with a ration (not a whole-space statement),1024,frontier_no_feasible_solution_found_no_ration,0.123046875,0.5205078125,,,,
2,SD-12MO,0.05,SDSRC14_MAIN9,SD-SRC14,MAIN9,SDSRC14_MAIN9:M3b[factory box]@alpha=0.05,M3b_budget_robust,M3b_budget_robust,entry,False,not_met,,,"no value of the declared grid met the validation screen (candidate statuses: optimal, proven_infeasible); a grid without a solution is not a statement about the whole decision space",main_reference_plan_domain,cp_upper,,,,,False,0,35,5,0.9543,0.957686672857363,"gamma=0 {""k_box"": 1.0}",minimum attainable main-event rate_upper over the declared grid (descriptive; its cost is not a comparable cost),1024,frontier_no_feasible_solution_found_no_ration,0.123046875,0.5205078125,,,,
2,SD-12MO,0.1,SD12MO_MAIN9,SD-12MO,MAIN9,SD12MO_MAIN9:M0,M0_nominal,M0_nominal,entry,True,,,optimal,,main_reference_plan_domain,cp_upper,0.9543,0.9543,0.957686672857363,False,False,0,1,1,0.9543,0.957686672857363,,minimum attainable main-event rate_upper over the declared grid (descriptive; its cost is not a comparable cost),1024,frontier_no_feasible_solution_found_no_ration,0.265625,0.5498046875,,,,
2,SD-12MO,0.1,SD12MO_MAIN9,SD-12MO,MAIN9,"SD12MO_MAIN9:M1[relative,apply_to_dm=False]@alpha=0.1",M1_safety_margin,M1_safety_margin[apply_to_dm=False],sensitivity_line,False,not_met,,,"no value of the declared grid met the validation screen (candidate statuses: optimal, proven_infeasible); a grid without a solution is not a statement about the whole decision space",main_reference_plan_domain,cp_upper,,,,,False,0,5,1,0.9543,0.957686672857363,k=0.0,minimum attainable main-event rate_upper over the declared grid (descriptive; its cost is not a comparable cost),1024,frontier_no_feasible_solution_found_no_ration,0.265625,0.5498046875,,,,
2,SD-12MO,0.1,SD12MO_MAIN9,SD-12MO,MAIN9,"SD12MO_MAIN9:M1[relative,apply_to_dm=True]@alpha=0.1",M1_safety_margin,M1_safety_margin[apply_to_dm=True],entry,False,not_met,,,"no value of the declared grid met the validation screen (candidate statuses: optimal, proven_infeasible); a grid without a solution is not a statement about the whole decision space",main_reference_plan_domain,cp_upper,,,,,False,0,5,1,0.9543,0.957686672857363,k=0.0,minimum attainable main-event rate_upper over the declared grid (descriptive; its cost is not a comparable cost),1024,frontier_no_feasible_solution_found_no_ration,0.265625,0.5498046875,,,,
2,SD-12MO,0.1,SD12MO_MAIN9,SD-12MO,MAIN9,SD12MO_MAIN9:M2[N=1024]@alpha=0.1,M2_joint_chance_saa,M2_joint_chance_saa[N=1024],entry,False,not_met,,,"SAA over the N training scenarios proven infeasible for every alpha_train of the declared grid (training scenarios only; not a population, field or whole-space statement)",main_reference_plan_domain,cp_upper,,,,,False,0,4,0,,,,no scored grid candidate with a ration (not a whole-space statement),1024,frontier_no_feasible_solution_found_no_ration,0.265625,0.5498046875,,,,
2,SD-12MO,0.1,SD12MO_MAIN9,SD-12MO,MAIN9,SD12MO_MAIN9:M2[N=128]@alpha=0.1,M2_joint_chance_saa,M2_joint_chance_saa[N=128],entry,False,not_met,,,"SAA over the N training scenarios proven infeasible for every alpha_train of the declared grid (training scenarios only; not a population, field or whole-space statement)",main_reference_plan_domain,cp_upper,,,,,False,0,4,0,,,,no scored grid candidate with a ration (not a whole-space statement),128,optimal,0.53125,0.53125,0.4621,0.4621,0.47035800022618857,"diagnostic frontier point (training scenarios only); not a method, never a member"
2,SD-12MO,0.1,SD12MO_MAIN9,SD-12MO,MAIN9,SD12MO_MAIN9:M2[N=512]@alpha=0.1,M2_joint_chance_saa,M2_joint_chance_saa[N=512],entry,False,not_met,,,"SAA over the N training scenarios proven infeasible for every alpha_train of the declared grid (training scenarios only; not a population, field or whole-space statement)",main_reference_plan_domain,cp_upper,,,,,False,0,4,0,,,,no scored grid candidate with a ration (not a whole-space statement),512,frontier_no_feasible_solution_found_no_ration,0.41015625,0.521484375,,,,
2,SD-12MO,0.1,SD12MO_MAIN9,SD-12MO,MAIN9,SD12MO_MAIN9:M3a[factory box]@alpha=0.1,M3a_box_robust,M3a_box_robust,entry,False,not_met,,,no value of the declared grid met the validation screen (candidate statuses: proven_infeasible); a grid without a solution is not a statement about the whole decision space,main_reference_plan_domain,cp_upper,,,,,False,0,5,0,,,,no scored grid candidate with a ration (not a whole-space statement),1024,frontier_no_feasible_solution_found_no_ration,0.265625,0.5498046875,,,,
2,SD-12MO,0.1,SD12MO_MAIN9,SD-12MO,MAIN9,SD12MO_MAIN9:M3b[factory box]@alpha=0.1,M3b_budget_robust,M3b_budget_robust,entry,False,not_met,,,"no value of the declared grid met the validation screen (candidate statuses: optimal, proven_infeasible); a grid without a solution is not a statement about the whole decision space",main_reference_plan_domain,cp_upper,,,,,False,0,35,5,0.9543,0.957686672857363,"gamma=0 {""k_box"": 1.0}",minimum attainable main-event rate_upper over the declared grid (descriptive; its cost is not a comparable cost),1024,frontier_no_feasible_solution_found_no_ration,0.265625,0.5498046875,,,,
2,SD-12MO,0.1,SDH0_MAIN9,SD-H0,MAIN9,SDH0_MAIN9:M0,M0_nominal,M0_nominal,entry,True,,,optimal,,main_reference_plan_domain,cp_upper,0.9543,0.9543,0.957686672857363,False,False,0,1,1,0.9543,0.957686672857363,,minimum attainable main-event rate_upper over the declared grid (descriptive; its cost is not a comparable cost),1024,feasible_time_limit,0.3955078125,0.6923828125,0.5071,0.5071,0.515371137768188,"diagnostic frontier point (training scenarios only); not a method, never a member"
2,SD-12MO,0.1,SDH0_MAIN9,SD-H0,MAIN9,"SDH0_MAIN9:M1[relative,apply_to_dm=False]@alpha=0.1",M1_safety_margin,M1_safety_margin[apply_to_dm=False],sensitivity_line,False,not_met,,,"no value of the declared grid met the validation screen (candidate statuses: optimal, proven_infeasible); a grid without a solution is not a statement about the whole decision space",main_reference_plan_domain,cp_upper,,,,,False,0,5,1,0.9543,0.957686672857363,k=0.0,minimum attainable main-event rate_upper over the declared grid (descriptive; its cost is not a comparable cost),1024,feasible_time_limit,0.3955078125,0.6923828125,0.5071,0.5071,0.515371137768188,"diagnostic frontier point (training scenarios only); not a method, never a member"
2,SD-12MO,0.1,SDH0_MAIN9,SD-H0,MAIN9,"SDH0_MAIN9:M1[relative,apply_to_dm=True]@alpha=0.1",M1_safety_margin,M1_safety_margin[apply_to_dm=True],entry,False,not_met,,,"no value of the declared grid met the validation screen (candidate statuses: optimal, proven_infeasible); a grid without a solution is not a statement about the whole decision space",main_reference_plan_domain,cp_upper,,,,,False,0,5,1,0.9543,0.957686672857363,k=0.0,minimum attainable main-event rate_upper over the declared grid (descriptive; its cost is not a comparable cost),1024,feasible_time_limit,0.3955078125,0.6923828125,0.5071,0.5071,0.515371137768188,"diagnostic frontier point (training scenarios only); not a method, never a member"
2,SD-12MO,0.1,SDH0_MAIN9,SD-H0,MAIN9,SDH0_MAIN9:M2[N=1024]@alpha=0.1,M2_joint_chance_saa,M2_joint_chance_saa[N=1024],entry,False,not_met,,,"SAA over the N training scenarios proven infeasible for every alpha_train of the declared grid (training scenarios only; not a population, field or whole-space statement)",main_reference_plan_domain,cp_upper,,,,,False,0,4,0,,,,no scored grid candidate with a ration (not a whole-space statement),1024,feasible_time_limit,0.3955078125,0.6923828125,0.5071,0.5071,0.515371137768188,"diagnostic frontier point (training scenarios only); not a method, never a member"
2,SD-12MO,0.1,SDH0_MAIN9,SD-H0,MAIN9,SDH0_MAIN9:M2[N=128]@alpha=0.1,M2_joint_chance_saa,M2_joint_chance_saa[N=128],entry,False,not_met,,,"SAA over the N training scenarios proven infeasible for every alpha_train of the declared grid (training scenarios only; not a population, field or whole-space statement)",main_reference_plan_domain,cp_upper,,,,,False,0,4,0,,,,no scored grid candidate with a ration (not a whole-space statement),128,optimal,0.6796875,0.6796875,0.487,0.487,0.4952735150499202,"diagnostic frontier point (training scenarios only); not a method, never a member"
2,SD-12MO,0.1,SDH0_MAIN9,SD-H0,MAIN9,SDH0_MAIN9:M2[N=512]@alpha=0.1,M2_joint_chance_saa,M2_joint_chance_saa[N=512],entry,False,not_met,,,"SAA over the N training scenarios proven infeasible for every alpha_train of the declared grid (training scenarios only; not a population, field or whole-space statement)",main_reference_plan_domain,cp_upper,,,,,False,0,4,0,,,,no scored grid candidate with a ration (not a whole-space statement),512,frontier_no_feasible_solution_found_no_ration,0.521484375,0.654296875,,,,
2,SD-12MO,0.1,SDH0_MAIN9,SD-H0,MAIN9,SDH0_MAIN9:M3a[factory box]@alpha=0.1,M3a_box_robust,M3a_box_robust,entry,False,not_met,,,no value of the declared grid met the validation screen (candidate statuses: proven_infeasible); a grid without a solution is not a statement about the whole decision space,main_reference_plan_domain,cp_upper,,,,,False,0,5,0,,,,no scored grid candidate with a ration (not a whole-space statement),1024,feasible_time_limit,0.3955078125,0.6923828125,0.5071,0.5071,0.515371137768188,"diagnostic frontier point (training scenarios only); not a method, never a member"
2,SD-12MO,0.1,SDH0_MAIN9,SD-H0,MAIN9,SDH0_MAIN9:M3b[factory box]@alpha=0.1,M3b_budget_robust,M3b_budget_robust,entry,False,not_met,,,"no value of the declared grid met the validation screen (candidate statuses: optimal, proven_infeasible); a grid without a solution is not a statement about the whole decision space",main_reference_plan_domain,cp_upper,,,,,False,0,35,5,0.9543,0.957686672857363,"gamma=0 {""k_box"": 1.0}",minimum attainable main-event rate_upper over the declared grid (descriptive; its cost is not a comparable cost),1024,feasible_time_limit,0.3955078125,0.6923828125,0.5071,0.5071,0.515371137768188,"diagnostic frontier point (training scenarios only); not a method, never a member"
2,SD-12MO,0.1,SDS2_MAIN9,SD-S2,MAIN9,SDS2_MAIN9:M0,M0_nominal,M0_nominal,entry,True,,,optimal,,main_reference_plan_domain,cp_upper,0.9543,0.9543,0.957686672857363,False,False,0,1,1,0.9543,0.957686672857363,,minimum attainable main-event rate_upper over the declared grid (descriptive; its cost is not a comparable cost),1024,frontier_no_feasible_solution_found_no_ration,0.14453125,0.3828125,,,,
2,SD-12MO,0.1,SDS2_MAIN9,SD-S2,MAIN9,"SDS2_MAIN9:M1[relative,apply_to_dm=False]@alpha=0.1",M1_safety_margin,M1_safety_margin[apply_to_dm=False],sensitivity_line,False,not_met,,,"no value of the declared grid met the validation screen (candidate statuses: optimal, proven_infeasible); a grid without a solution is not a statement about the whole decision space",main_reference_plan_domain,cp_upper,,,,,False,0,5,1,0.9543,0.957686672857363,k=0.0,minimum attainable main-event rate_upper over the declared grid (descriptive; its cost is not a comparable cost),1024,frontier_no_feasible_solution_found_no_ration,0.14453125,0.3828125,,,,
2,SD-12MO,0.1,SDS2_MAIN9,SD-S2,MAIN9,"SDS2_MAIN9:M1[relative,apply_to_dm=True]@alpha=0.1",M1_safety_margin,M1_safety_margin[apply_to_dm=True],entry,False,not_met,,,"no value of the declared grid met the validation screen (candidate statuses: optimal, proven_infeasible); a grid without a solution is not a statement about the whole decision space",main_reference_plan_domain,cp_upper,,,,,False,0,5,1,0.9543,0.957686672857363,k=0.0,minimum attainable main-event rate_upper over the declared grid (descriptive; its cost is not a comparable cost),1024,frontier_no_feasible_solution_found_no_ration,0.14453125,0.3828125,,,,
2,SD-12MO,0.1,SDS2_MAIN9,SD-S2,MAIN9,SDS2_MAIN9:M2[N=1024]@alpha=0.1,M2_joint_chance_saa,M2_joint_chance_saa[N=1024],entry,False,not_met,,,"SAA over the N training scenarios proven infeasible for every alpha_train of the declared grid (training scenarios only; not a population, field or whole-space statement)",main_reference_plan_domain,cp_upper,,,,,False,0,4,0,,,,no scored grid candidate with a ration (not a whole-space statement),1024,frontier_no_feasible_solution_found_no_ration,0.14453125,0.3828125,,,,
2,SD-12MO,0.1,SDS2_MAIN9,SD-S2,MAIN9,SDS2_MAIN9:M2[N=128]@alpha=0.1,M2_joint_chance_saa,M2_joint_chance_saa[N=128],entry,False,not_met,,,"SAA over the N training scenarios proven infeasible for every alpha_train of the declared grid (training scenarios only; not a population, field or whole-space statement)",main_reference_plan_domain,cp_upper,,,,,False,0,4,0,,,,no scored grid candidate with a ration (not a whole-space statement),128,optimal,0.3984375,0.3984375,0.5228,0.5228,0.5310600328730699,"diagnostic frontier point (training scenarios only); not a method, never a member"
2,SD-12MO,0.1,SDS2_MAIN9,SD-S2,MAIN9,SDS2_MAIN9:M2[N=512]@alpha=0.1,M2_joint_chance_saa,M2_joint_chance_saa[N=512],entry,False,not_met,,,"SAA over the N training scenarios proven infeasible for every alpha_train of the declared grid (training scenarios only; not a population, field or whole-space statement)",main_reference_plan_domain,cp_upper,,,,,False,0,4,0,,,,no scored grid candidate with a ration (not a whole-space statement),512,frontier_no_feasible_solution_found_no_ration,0.23828125,0.384765625,,,,
2,SD-12MO,0.1,SDS2_MAIN9,SD-S2,MAIN9,SDS2_MAIN9:M3a[factory box]@alpha=0.1,M3a_box_robust,M3a_box_robust,entry,False,not_met,,,no value of the declared grid met the validation screen (candidate statuses: proven_infeasible); a grid without a solution is not a statement about the whole decision space,main_reference_plan_domain,cp_upper,,,,,False,0,5,0,,,,no scored grid candidate with a ration (not a whole-space statement),1024,frontier_no_feasible_solution_found_no_ration,0.14453125,0.3828125,,,,
2,SD-12MO,0.1,SDS2_MAIN9,SD-S2,MAIN9,SDS2_MAIN9:M3b[factory box]@alpha=0.1,M3b_budget_robust,M3b_budget_robust,entry,False,not_met,,,"no value of the declared grid met the validation screen (candidate statuses: optimal, proven_infeasible); a grid without a solution is not a statement about the whole decision space",main_reference_plan_domain,cp_upper,,,,,False,0,35,5,0.9543,0.957686672857363,"gamma=0 {""k_box"": 1.0}",minimum attainable main-event rate_upper over the declared grid (descriptive; its cost is not a comparable cost),1024,frontier_no_feasible_solution_found_no_ration,0.14453125,0.3828125,,,,
2,SD-12MO,0.1,SDSRC12_MAIN9,SD-SRC12,MAIN9,SDSRC12_MAIN9:M0,M0_nominal,M0_nominal,entry,True,,,optimal,,main_reference_plan_domain,cp_upper,0.9543,0.9543,0.957686672857363,False,False,0,1,1,0.9543,0.957686672857363,,minimum attainable main-event rate_upper over the declared grid (descriptive; its cost is not a comparable cost),1024,frontier_no_feasible_solution_found_no_ration,0.2607421875,0.6767578125,,,,
2,SD-12MO,0.1,SDSRC12_MAIN9,SD-SRC12,MAIN9,"SDSRC12_MAIN9:M1[relative,apply_to_dm=False]@alpha=0.1",M1_safety_margin,M1_safety_margin[apply_to_dm=False],sensitivity_line,False,not_met,,,"no value of the declared grid met the validation screen (candidate statuses: optimal, proven_infeasible); a grid without a solution is not a statement about the whole decision space",main_reference_plan_domain,cp_upper,,,,,False,0,5,1,0.9543,0.957686672857363,k=0.0,minimum attainable main-event rate_upper over the declared grid (descriptive; its cost is not a comparable cost),1024,frontier_no_feasible_solution_found_no_ration,0.2607421875,0.6767578125,,,,
2,SD-12MO,0.1,SDSRC12_MAIN9,SD-SRC12,MAIN9,"SDSRC12_MAIN9:M1[relative,apply_to_dm=True]@alpha=0.1",M1_safety_margin,M1_safety_margin[apply_to_dm=True],entry,False,not_met,,,"no value of the declared grid met the validation screen (candidate statuses: optimal, proven_infeasible); a grid without a solution is not a statement about the whole decision space",main_reference_plan_domain,cp_upper,,,,,False,0,5,1,0.9543,0.957686672857363,k=0.0,minimum attainable main-event rate_upper over the declared grid (descriptive; its cost is not a comparable cost),1024,frontier_no_feasible_solution_found_no_ration,0.2607421875,0.6767578125,,,,
2,SD-12MO,0.1,SDSRC12_MAIN9,SD-SRC12,MAIN9,SDSRC12_MAIN9:M2[N=1024]@alpha=0.1,M2_joint_chance_saa,M2_joint_chance_saa[N=1024],entry,False,not_met,,,"SAA over the N training scenarios proven infeasible for every alpha_train of the declared grid (training scenarios only; not a population, field or whole-space statement)",main_reference_plan_domain,cp_upper,,,,,False,0,4,0,,,,no scored grid candidate with a ration (not a whole-space statement),1024,frontier_no_feasible_solution_found_no_ration,0.2607421875,0.6767578125,,,,
2,SD-12MO,0.1,SDSRC12_MAIN9,SD-SRC12,MAIN9,SDSRC12_MAIN9:M2[N=128]@alpha=0.1,M2_joint_chance_saa,M2_joint_chance_saa[N=128],entry,False,not_met,,,"SAA over the N training scenarios proven infeasible for every alpha_train of the declared grid (training scenarios only; not a population, field or whole-space statement)",main_reference_plan_domain,cp_upper,,,,,False,0,4,0,,,,no scored grid candidate with a ration (not a whole-space statement),128,optimal,0.6328125,0.6328125,0.4596,0.4596,0.46785530947718706,"diagnostic frontier point (training scenarios only); not a method, never a member"
2,SD-12MO,0.1,SDSRC12_MAIN9,SD-SRC12,MAIN9,SDSRC12_MAIN9:M2[N=512]@alpha=0.1,M2_joint_chance_saa,M2_joint_chance_saa[N=512],entry,False,not_met,,,"SAA over the N training scenarios proven infeasible for every alpha_train of the declared grid (training scenarios only; not a population, field or whole-space statement)",main_reference_plan_domain,cp_upper,,,,,False,0,4,0,,,,no scored grid candidate with a ration (not a whole-space statement),512,frontier_no_feasible_solution_found_no_ration,0.4375,0.662109375,,,,
2,SD-12MO,0.1,SDSRC12_MAIN9,SD-SRC12,MAIN9,SDSRC12_MAIN9:M3a[factory box]@alpha=0.1,M3a_box_robust,M3a_box_robust,entry,False,not_met,,,no value of the declared grid met the validation screen (candidate statuses: proven_infeasible); a grid without a solution is not a statement about the whole decision space,main_reference_plan_domain,cp_upper,,,,,False,0,5,0,,,,no scored grid candidate with a ration (not a whole-space statement),1024,frontier_no_feasible_solution_found_no_ration,0.2607421875,0.6767578125,,,,
2,SD-12MO,0.1,SDSRC12_MAIN9,SD-SRC12,MAIN9,SDSRC12_MAIN9:M3b[factory box]@alpha=0.1,M3b_budget_robust,M3b_budget_robust,entry,False,not_met,,,"no value of the declared grid met the validation screen (candidate statuses: optimal, proven_infeasible); a grid without a solution is not a statement about the whole decision space",main_reference_plan_domain,cp_upper,,,,,False,0,35,5,0.9543,0.957686672857363,"gamma=0 {""k_box"": 1.0}",minimum attainable main-event rate_upper over the declared grid (descriptive; its cost is not a comparable cost),1024,frontier_no_feasible_solution_found_no_ration,0.2607421875,0.6767578125,,,,
2,SD-12MO,0.1,SDSRC14_MAIN9,SD-SRC14,MAIN9,SDSRC14_MAIN9:M0,M0_nominal,M0_nominal,entry,True,,,optimal,,main_reference_plan_domain,cp_upper,0.9543,0.9543,0.957686672857363,False,False,0,1,1,0.9543,0.957686672857363,,minimum attainable main-event rate_upper over the declared grid (descriptive; its cost is not a comparable cost),1024,frontier_no_feasible_solution_found_no_ration,0.123046875,0.5205078125,,,,
2,SD-12MO,0.1,SDSRC14_MAIN9,SD-SRC14,MAIN9,"SDSRC14_MAIN9:M1[relative,apply_to_dm=False]@alpha=0.1",M1_safety_margin,M1_safety_margin[apply_to_dm=False],sensitivity_line,False,not_met,,,"no value of the declared grid met the validation screen (candidate statuses: optimal, proven_infeasible); a grid without a solution is not a statement about the whole decision space",main_reference_plan_domain,cp_upper,,,,,False,0,5,1,0.9543,0.957686672857363,k=0.0,minimum attainable main-event rate_upper over the declared grid (descriptive; its cost is not a comparable cost),1024,frontier_no_feasible_solution_found_no_ration,0.123046875,0.5205078125,,,,
2,SD-12MO,0.1,SDSRC14_MAIN9,SD-SRC14,MAIN9,"SDSRC14_MAIN9:M1[relative,apply_to_dm=True]@alpha=0.1",M1_safety_margin,M1_safety_margin[apply_to_dm=True],entry,False,not_met,,,"no value of the declared grid met the validation screen (candidate statuses: optimal, proven_infeasible); a grid without a solution is not a statement about the whole decision space",main_reference_plan_domain,cp_upper,,,,,False,0,5,1,0.9543,0.957686672857363,k=0.0,minimum attainable main-event rate_upper over the declared grid (descriptive; its cost is not a comparable cost),1024,frontier_no_feasible_solution_found_no_ration,0.123046875,0.5205078125,,,,
2,SD-12MO,0.1,SDSRC14_MAIN9,SD-SRC14,MAIN9,SDSRC14_MAIN9:M2[N=1024]@alpha=0.1,M2_joint_chance_saa,M2_joint_chance_saa[N=1024],entry,False,not_met,,,"SAA over the N training scenarios proven infeasible for every alpha_train of the declared grid (training scenarios only; not a population, field or whole-space statement)",main_reference_plan_domain,cp_upper,,,,,False,0,4,0,,,,no scored grid candidate with a ration (not a whole-space statement),1024,frontier_no_feasible_solution_found_no_ration,0.123046875,0.5205078125,,,,
2,SD-12MO,0.1,SDSRC14_MAIN9,SD-SRC14,MAIN9,SDSRC14_MAIN9:M2[N=128]@alpha=0.1,M2_joint_chance_saa,M2_joint_chance_saa[N=128],entry,False,not_met,,,"SAA over the N training scenarios proven infeasible for every alpha_train of the declared grid (training scenarios only; not a population, field or whole-space statement)",main_reference_plan_domain,cp_upper,,,,,False,0,4,0,,,,no scored grid candidate with a ration (not a whole-space statement),128,optimal,0.4609375,0.5,0.5036,0.5036,0.511872507307363,"diagnostic frontier point (training scenarios only); not a method, never a member"
2,SD-12MO,0.1,SDSRC14_MAIN9,SD-SRC14,MAIN9,SDSRC14_MAIN9:M2[N=512]@alpha=0.1,M2_joint_chance_saa,M2_joint_chance_saa[N=512],entry,False,not_met,,,"SAA over the N training scenarios proven infeasible for every alpha_train of the declared grid (training scenarios only; not a population, field or whole-space statement)",main_reference_plan_domain,cp_upper,,,,,False,0,4,0,,,,no scored grid candidate with a ration (not a whole-space statement),512,frontier_no_feasible_solution_found_no_ration,0.2890625,0.5,,,,
2,SD-12MO,0.1,SDSRC14_MAIN9,SD-SRC14,MAIN9,SDSRC14_MAIN9:M3a[factory box]@alpha=0.1,M3a_box_robust,M3a_box_robust,entry,False,not_met,,,no value of the declared grid met the validation screen (candidate statuses: proven_infeasible); a grid without a solution is not a statement about the whole decision space,main_reference_plan_domain,cp_upper,,,,,False,0,5,0,,,,no scored grid candidate with a ration (not a whole-space statement),1024,frontier_no_feasible_solution_found_no_ration,0.123046875,0.5205078125,,,,
2,SD-12MO,0.1,SDSRC14_MAIN9,SD-SRC14,MAIN9,SDSRC14_MAIN9:M3b[factory box]@alpha=0.1,M3b_budget_robust,M3b_budget_robust,entry,False,not_met,,,"no value of the declared grid met the validation screen (candidate statuses: optimal, proven_infeasible); a grid without a solution is not a statement about the whole decision space",main_reference_plan_domain,cp_upper,,,,,False,0,35,5,0.9543,0.957686672857363,"gamma=0 {""k_box"": 1.0}",minimum attainable main-event rate_upper over the declared grid (descriptive; its cost is not a comparable cost),1024,frontier_no_feasible_solution_found_no_ration,0.123046875,0.5205078125,,,,
2,SD-12MO,0.01,SD12MO_MAIN9,SD-12MO,MAIN9,SD12MO_MAIN9:M0,M0_nominal,M0_nominal,entry,True,,,optimal,,main_reference_plan_domain,cp_upper,0.9543,0.9543,0.957686672857363,False,False,0,1,1,0.9543,0.957686672857363,,minimum attainable main-event rate_upper over the declared grid (descriptive; its cost is not a comparable cost),1024,frontier_no_feasible_solution_found_no_ration,0.265625,0.5498046875,,,,
2,SD-12MO,0.01,SD12MO_MAIN9,SD-12MO,MAIN9,"SD12MO_MAIN9:M1[relative,apply_to_dm=False]@alpha=0.01",M1_safety_margin,M1_safety_margin[apply_to_dm=False],sensitivity_line,False,not_met,,,"no value of the declared grid met the validation screen (candidate statuses: optimal, proven_infeasible); a grid without a solution is not a statement about the whole decision space",main_reference_plan_domain,cp_upper,,,,,False,0,5,1,0.9543,0.957686672857363,k=0.0,minimum attainable main-event rate_upper over the declared grid (descriptive; its cost is not a comparable cost),1024,frontier_no_feasible_solution_found_no_ration,0.265625,0.5498046875,,,,
2,SD-12MO,0.01,SD12MO_MAIN9,SD-12MO,MAIN9,"SD12MO_MAIN9:M1[relative,apply_to_dm=True]@alpha=0.01",M1_safety_margin,M1_safety_margin[apply_to_dm=True],entry,False,not_met,,,"no value of the declared grid met the validation screen (candidate statuses: optimal, proven_infeasible); a grid without a solution is not a statement about the whole decision space",main_reference_plan_domain,cp_upper,,,,,False,0,5,1,0.9543,0.957686672857363,k=0.0,minimum attainable main-event rate_upper over the declared grid (descriptive; its cost is not a comparable cost),1024,frontier_no_feasible_solution_found_no_ration,0.265625,0.5498046875,,,,
2,SD-12MO,0.01,SD12MO_MAIN9,SD-12MO,MAIN9,SD12MO_MAIN9:M2[N=1024]@alpha=0.01,M2_joint_chance_saa,M2_joint_chance_saa[N=1024],entry,False,not_met,,,"SAA over the N training scenarios proven infeasible for every alpha_train of the declared grid (training scenarios only; not a population, field or whole-space statement)",main_reference_plan_domain,cp_upper,,,,,False,0,4,0,,,,no scored grid candidate with a ration (not a whole-space statement),1024,frontier_no_feasible_solution_found_no_ration,0.265625,0.5498046875,,,,
2,SD-12MO,0.01,SD12MO_MAIN9,SD-12MO,MAIN9,SD12MO_MAIN9:M2[N=128]@alpha=0.01,M2_joint_chance_saa,M2_joint_chance_saa[N=128],entry,False,not_met,,,"SAA over the N training scenarios proven infeasible for every alpha_train of the declared grid (training scenarios only; not a population, field or whole-space statement)",main_reference_plan_domain,cp_upper,,,,,False,0,4,0,,,,no scored grid candidate with a ration (not a whole-space statement),128,optimal,0.53125,0.53125,0.4621,0.4621,0.47035800022618857,"diagnostic frontier point (training scenarios only); not a method, never a member"
2,SD-12MO,0.01,SD12MO_MAIN9,SD-12MO,MAIN9,SD12MO_MAIN9:M2[N=512]@alpha=0.01,M2_joint_chance_saa,M2_joint_chance_saa[N=512],entry,False,not_met,,,"SAA over the N training scenarios proven infeasible for every alpha_train of the declared grid (training scenarios only; not a population, field or whole-space statement)",main_reference_plan_domain,cp_upper,,,,,False,0,4,0,,,,no scored grid candidate with a ration (not a whole-space statement),512,frontier_no_feasible_solution_found_no_ration,0.41015625,0.521484375,,,,
2,SD-12MO,0.01,SD12MO_MAIN9,SD-12MO,MAIN9,SD12MO_MAIN9:M3a[factory box]@alpha=0.01,M3a_box_robust,M3a_box_robust,entry,False,not_met,,,no value of the declared grid met the validation screen (candidate statuses: proven_infeasible); a grid without a solution is not a statement about the whole decision space,main_reference_plan_domain,cp_upper,,,,,False,0,5,0,,,,no scored grid candidate with a ration (not a whole-space statement),1024,frontier_no_feasible_solution_found_no_ration,0.265625,0.5498046875,,,,
2,SD-12MO,0.01,SD12MO_MAIN9,SD-12MO,MAIN9,SD12MO_MAIN9:M3b[factory box]@alpha=0.01,M3b_budget_robust,M3b_budget_robust,entry,False,not_met,,,"no value of the declared grid met the validation screen (candidate statuses: optimal, proven_infeasible); a grid without a solution is not a statement about the whole decision space",main_reference_plan_domain,cp_upper,,,,,False,0,35,5,0.9543,0.957686672857363,"gamma=0 {""k_box"": 1.0}",minimum attainable main-event rate_upper over the declared grid (descriptive; its cost is not a comparable cost),1024,frontier_no_feasible_solution_found_no_ration,0.265625,0.5498046875,,,,
2,SD-12MO,0.01,SDH0_MAIN9,SD-H0,MAIN9,SDH0_MAIN9:M0,M0_nominal,M0_nominal,entry,True,,,optimal,,main_reference_plan_domain,cp_upper,0.9543,0.9543,0.957686672857363,False,False,0,1,1,0.9543,0.957686672857363,,minimum attainable main-event rate_upper over the declared grid (descriptive; its cost is not a comparable cost),1024,feasible_time_limit,0.3955078125,0.6923828125,0.5071,0.5071,0.515371137768188,"diagnostic frontier point (training scenarios only); not a method, never a member"
2,SD-12MO,0.01,SDH0_MAIN9,SD-H0,MAIN9,"SDH0_MAIN9:M1[relative,apply_to_dm=False]@alpha=0.01",M1_safety_margin,M1_safety_margin[apply_to_dm=False],sensitivity_line,False,not_met,,,"no value of the declared grid met the validation screen (candidate statuses: optimal, proven_infeasible); a grid without a solution is not a statement about the whole decision space",main_reference_plan_domain,cp_upper,,,,,False,0,5,1,0.9543,0.957686672857363,k=0.0,minimum attainable main-event rate_upper over the declared grid (descriptive; its cost is not a comparable cost),1024,feasible_time_limit,0.3955078125,0.6923828125,0.5071,0.5071,0.515371137768188,"diagnostic frontier point (training scenarios only); not a method, never a member"
2,SD-12MO,0.01,SDH0_MAIN9,SD-H0,MAIN9,"SDH0_MAIN9:M1[relative,apply_to_dm=True]@alpha=0.01",M1_safety_margin,M1_safety_margin[apply_to_dm=True],entry,False,not_met,,,"no value of the declared grid met the validation screen (candidate statuses: optimal, proven_infeasible); a grid without a solution is not a statement about the whole decision space",main_reference_plan_domain,cp_upper,,,,,False,0,5,1,0.9543,0.957686672857363,k=0.0,minimum attainable main-event rate_upper over the declared grid (descriptive; its cost is not a comparable cost),1024,feasible_time_limit,0.3955078125,0.6923828125,0.5071,0.5071,0.515371137768188,"diagnostic frontier point (training scenarios only); not a method, never a member"
2,SD-12MO,0.01,SDH0_MAIN9,SD-H0,MAIN9,SDH0_MAIN9:M2[N=1024]@alpha=0.01,M2_joint_chance_saa,M2_joint_chance_saa[N=1024],entry,False,not_met,,,"SAA over the N training scenarios proven infeasible for every alpha_train of the declared grid (training scenarios only; not a population, field or whole-space statement)",main_reference_plan_domain,cp_upper,,,,,False,0,4,0,,,,no scored grid candidate with a ration (not a whole-space statement),1024,feasible_time_limit,0.3955078125,0.6923828125,0.5071,0.5071,0.515371137768188,"diagnostic frontier point (training scenarios only); not a method, never a member"
2,SD-12MO,0.01,SDH0_MAIN9,SD-H0,MAIN9,SDH0_MAIN9:M2[N=128]@alpha=0.01,M2_joint_chance_saa,M2_joint_chance_saa[N=128],entry,False,not_met,,,"SAA over the N training scenarios proven infeasible for every alpha_train of the declared grid (training scenarios only; not a population, field or whole-space statement)",main_reference_plan_domain,cp_upper,,,,,False,0,4,0,,,,no scored grid candidate with a ration (not a whole-space statement),128,optimal,0.6796875,0.6796875,0.487,0.487,0.4952735150499202,"diagnostic frontier point (training scenarios only); not a method, never a member"
2,SD-12MO,0.01,SDH0_MAIN9,SD-H0,MAIN9,SDH0_MAIN9:M2[N=512]@alpha=0.01,M2_joint_chance_saa,M2_joint_chance_saa[N=512],entry,False,not_met,,,"SAA over the N training scenarios proven infeasible for every alpha_train of the declared grid (training scenarios only; not a population, field or whole-space statement)",main_reference_plan_domain,cp_upper,,,,,False,0,4,0,,,,no scored grid candidate with a ration (not a whole-space statement),512,frontier_no_feasible_solution_found_no_ration,0.521484375,0.654296875,,,,
2,SD-12MO,0.01,SDH0_MAIN9,SD-H0,MAIN9,SDH0_MAIN9:M3a[factory box]@alpha=0.01,M3a_box_robust,M3a_box_robust,entry,False,not_met,,,no value of the declared grid met the validation screen (candidate statuses: proven_infeasible); a grid without a solution is not a statement about the whole decision space,main_reference_plan_domain,cp_upper,,,,,False,0,5,0,,,,no scored grid candidate with a ration (not a whole-space statement),1024,feasible_time_limit,0.3955078125,0.6923828125,0.5071,0.5071,0.515371137768188,"diagnostic frontier point (training scenarios only); not a method, never a member"
2,SD-12MO,0.01,SDH0_MAIN9,SD-H0,MAIN9,SDH0_MAIN9:M3b[factory box]@alpha=0.01,M3b_budget_robust,M3b_budget_robust,entry,False,not_met,,,"no value of the declared grid met the validation screen (candidate statuses: optimal, proven_infeasible); a grid without a solution is not a statement about the whole decision space",main_reference_plan_domain,cp_upper,,,,,False,0,35,5,0.9543,0.957686672857363,"gamma=0 {""k_box"": 1.0}",minimum attainable main-event rate_upper over the declared grid (descriptive; its cost is not a comparable cost),1024,feasible_time_limit,0.3955078125,0.6923828125,0.5071,0.5071,0.515371137768188,"diagnostic frontier point (training scenarios only); not a method, never a member"
2,SD-12MO,0.01,SDS2_MAIN9,SD-S2,MAIN9,SDS2_MAIN9:M0,M0_nominal,M0_nominal,entry,True,,,optimal,,main_reference_plan_domain,cp_upper,0.9543,0.9543,0.957686672857363,False,False,0,1,1,0.9543,0.957686672857363,,minimum attainable main-event rate_upper over the declared grid (descriptive; its cost is not a comparable cost),1024,frontier_no_feasible_solution_found_no_ration,0.14453125,0.3828125,,,,
2,SD-12MO,0.01,SDS2_MAIN9,SD-S2,MAIN9,"SDS2_MAIN9:M1[relative,apply_to_dm=False]@alpha=0.01",M1_safety_margin,M1_safety_margin[apply_to_dm=False],sensitivity_line,False,not_met,,,"no value of the declared grid met the validation screen (candidate statuses: optimal, proven_infeasible); a grid without a solution is not a statement about the whole decision space",main_reference_plan_domain,cp_upper,,,,,False,0,5,1,0.9543,0.957686672857363,k=0.0,minimum attainable main-event rate_upper over the declared grid (descriptive; its cost is not a comparable cost),1024,frontier_no_feasible_solution_found_no_ration,0.14453125,0.3828125,,,,
2,SD-12MO,0.01,SDS2_MAIN9,SD-S2,MAIN9,"SDS2_MAIN9:M1[relative,apply_to_dm=True]@alpha=0.01",M1_safety_margin,M1_safety_margin[apply_to_dm=True],entry,False,not_met,,,"no value of the declared grid met the validation screen (candidate statuses: optimal, proven_infeasible); a grid without a solution is not a statement about the whole decision space",main_reference_plan_domain,cp_upper,,,,,False,0,5,1,0.9543,0.957686672857363,k=0.0,minimum attainable main-event rate_upper over the declared grid (descriptive; its cost is not a comparable cost),1024,frontier_no_feasible_solution_found_no_ration,0.14453125,0.3828125,,,,
2,SD-12MO,0.01,SDS2_MAIN9,SD-S2,MAIN9,SDS2_MAIN9:M2[N=1024]@alpha=0.01,M2_joint_chance_saa,M2_joint_chance_saa[N=1024],entry,False,not_met,,,"SAA over the N training scenarios proven infeasible for every alpha_train of the declared grid (training scenarios only; not a population, field or whole-space statement)",main_reference_plan_domain,cp_upper,,,,,False,0,4,0,,,,no scored grid candidate with a ration (not a whole-space statement),1024,frontier_no_feasible_solution_found_no_ration,0.14453125,0.3828125,,,,
2,SD-12MO,0.01,SDS2_MAIN9,SD-S2,MAIN9,SDS2_MAIN9:M2[N=128]@alpha=0.01,M2_joint_chance_saa,M2_joint_chance_saa[N=128],entry,False,not_met,,,"SAA over the N training scenarios proven infeasible for every alpha_train of the declared grid (training scenarios only; not a population, field or whole-space statement)",main_reference_plan_domain,cp_upper,,,,,False,0,4,0,,,,no scored grid candidate with a ration (not a whole-space statement),128,optimal,0.3984375,0.3984375,0.5228,0.5228,0.5310600328730699,"diagnostic frontier point (training scenarios only); not a method, never a member"
2,SD-12MO,0.01,SDS2_MAIN9,SD-S2,MAIN9,SDS2_MAIN9:M2[N=512]@alpha=0.01,M2_joint_chance_saa,M2_joint_chance_saa[N=512],entry,False,not_met,,,"SAA over the N training scenarios proven infeasible for every alpha_train of the declared grid (training scenarios only; not a population, field or whole-space statement)",main_reference_plan_domain,cp_upper,,,,,False,0,4,0,,,,no scored grid candidate with a ration (not a whole-space statement),512,frontier_no_feasible_solution_found_no_ration,0.23828125,0.384765625,,,,
2,SD-12MO,0.01,SDS2_MAIN9,SD-S2,MAIN9,SDS2_MAIN9:M3a[factory box]@alpha=0.01,M3a_box_robust,M3a_box_robust,entry,False,not_met,,,no value of the declared grid met the validation screen (candidate statuses: proven_infeasible); a grid without a solution is not a statement about the whole decision space,main_reference_plan_domain,cp_upper,,,,,False,0,5,0,,,,no scored grid candidate with a ration (not a whole-space statement),1024,frontier_no_feasible_solution_found_no_ration,0.14453125,0.3828125,,,,
2,SD-12MO,0.01,SDS2_MAIN9,SD-S2,MAIN9,SDS2_MAIN9:M3b[factory box]@alpha=0.01,M3b_budget_robust,M3b_budget_robust,entry,False,not_met,,,"no value of the declared grid met the validation screen (candidate statuses: optimal, proven_infeasible); a grid without a solution is not a statement about the whole decision space",main_reference_plan_domain,cp_upper,,,,,False,0,35,5,0.9543,0.957686672857363,"gamma=0 {""k_box"": 1.0}",minimum attainable main-event rate_upper over the declared grid (descriptive; its cost is not a comparable cost),1024,frontier_no_feasible_solution_found_no_ration,0.14453125,0.3828125,,,,
2,SD-12MO,0.01,SDSRC12_MAIN9,SD-SRC12,MAIN9,SDSRC12_MAIN9:M0,M0_nominal,M0_nominal,entry,True,,,optimal,,main_reference_plan_domain,cp_upper,0.9543,0.9543,0.957686672857363,False,False,0,1,1,0.9543,0.957686672857363,,minimum attainable main-event rate_upper over the declared grid (descriptive; its cost is not a comparable cost),1024,frontier_no_feasible_solution_found_no_ration,0.2607421875,0.6767578125,,,,
2,SD-12MO,0.01,SDSRC12_MAIN9,SD-SRC12,MAIN9,"SDSRC12_MAIN9:M1[relative,apply_to_dm=False]@alpha=0.01",M1_safety_margin,M1_safety_margin[apply_to_dm=False],sensitivity_line,False,not_met,,,"no value of the declared grid met the validation screen (candidate statuses: optimal, proven_infeasible); a grid without a solution is not a statement about the whole decision space",main_reference_plan_domain,cp_upper,,,,,False,0,5,1,0.9543,0.957686672857363,k=0.0,minimum attainable main-event rate_upper over the declared grid (descriptive; its cost is not a comparable cost),1024,frontier_no_feasible_solution_found_no_ration,0.2607421875,0.6767578125,,,,
2,SD-12MO,0.01,SDSRC12_MAIN9,SD-SRC12,MAIN9,"SDSRC12_MAIN9:M1[relative,apply_to_dm=True]@alpha=0.01",M1_safety_margin,M1_safety_margin[apply_to_dm=True],entry,False,not_met,,,"no value of the declared grid met the validation screen (candidate statuses: optimal, proven_infeasible); a grid without a solution is not a statement about the whole decision space",main_reference_plan_domain,cp_upper,,,,,False,0,5,1,0.9543,0.957686672857363,k=0.0,minimum attainable main-event rate_upper over the declared grid (descriptive; its cost is not a comparable cost),1024,frontier_no_feasible_solution_found_no_ration,0.2607421875,0.6767578125,,,,
2,SD-12MO,0.01,SDSRC12_MAIN9,SD-SRC12,MAIN9,SDSRC12_MAIN9:M2[N=1024]@alpha=0.01,M2_joint_chance_saa,M2_joint_chance_saa[N=1024],entry,False,not_met,,,"SAA over the N training scenarios proven infeasible for every alpha_train of the declared grid (training scenarios only; not a population, field or whole-space statement)",main_reference_plan_domain,cp_upper,,,,,False,0,4,0,,,,no scored grid candidate with a ration (not a whole-space statement),1024,frontier_no_feasible_solution_found_no_ration,0.2607421875,0.6767578125,,,,
2,SD-12MO,0.01,SDSRC12_MAIN9,SD-SRC12,MAIN9,SDSRC12_MAIN9:M2[N=128]@alpha=0.01,M2_joint_chance_saa,M2_joint_chance_saa[N=128],entry,False,not_met,,,"SAA over the N training scenarios proven infeasible for every alpha_train of the declared grid (training scenarios only; not a population, field or whole-space statement)",main_reference_plan_domain,cp_upper,,,,,False,0,4,0,,,,no scored grid candidate with a ration (not a whole-space statement),128,optimal,0.6328125,0.6328125,0.4596,0.4596,0.46785530947718706,"diagnostic frontier point (training scenarios only); not a method, never a member"
2,SD-12MO,0.01,SDSRC12_MAIN9,SD-SRC12,MAIN9,SDSRC12_MAIN9:M2[N=512]@alpha=0.01,M2_joint_chance_saa,M2_joint_chance_saa[N=512],entry,False,not_met,,,"SAA over the N training scenarios proven infeasible for every alpha_train of the declared grid (training scenarios only; not a population, field or whole-space statement)",main_reference_plan_domain,cp_upper,,,,,False,0,4,0,,,,no scored grid candidate with a ration (not a whole-space statement),512,frontier_no_feasible_solution_found_no_ration,0.4375,0.662109375,,,,
2,SD-12MO,0.01,SDSRC12_MAIN9,SD-SRC12,MAIN9,SDSRC12_MAIN9:M3a[factory box]@alpha=0.01,M3a_box_robust,M3a_box_robust,entry,False,not_met,,,no value of the declared grid met the validation screen (candidate statuses: proven_infeasible); a grid without a solution is not a statement about the whole decision space,main_reference_plan_domain,cp_upper,,,,,False,0,5,0,,,,no scored grid candidate with a ration (not a whole-space statement),1024,frontier_no_feasible_solution_found_no_ration,0.2607421875,0.6767578125,,,,
2,SD-12MO,0.01,SDSRC12_MAIN9,SD-SRC12,MAIN9,SDSRC12_MAIN9:M3b[factory box]@alpha=0.01,M3b_budget_robust,M3b_budget_robust,entry,False,not_met,,,"no value of the declared grid met the validation screen (candidate statuses: optimal, proven_infeasible); a grid without a solution is not a statement about the whole decision space",main_reference_plan_domain,cp_upper,,,,,False,0,35,5,0.9543,0.957686672857363,"gamma=0 {""k_box"": 1.0}",minimum attainable main-event rate_upper over the declared grid (descriptive; its cost is not a comparable cost),1024,frontier_no_feasible_solution_found_no_ration,0.2607421875,0.6767578125,,,,
2,SD-12MO,0.01,SDSRC14_MAIN9,SD-SRC14,MAIN9,SDSRC14_MAIN9:M0,M0_nominal,M0_nominal,entry,True,,,optimal,,main_reference_plan_domain,cp_upper,0.9543,0.9543,0.957686672857363,False,False,0,1,1,0.9543,0.957686672857363,,minimum attainable main-event rate_upper over the declared grid (descriptive; its cost is not a comparable cost),1024,frontier_no_feasible_solution_found_no_ration,0.123046875,0.5205078125,,,,
2,SD-12MO,0.01,SDSRC14_MAIN9,SD-SRC14,MAIN9,"SDSRC14_MAIN9:M1[relative,apply_to_dm=False]@alpha=0.01",M1_safety_margin,M1_safety_margin[apply_to_dm=False],sensitivity_line,False,not_met,,,"no value of the declared grid met the validation screen (candidate statuses: optimal, proven_infeasible); a grid without a solution is not a statement about the whole decision space",main_reference_plan_domain,cp_upper,,,,,False,0,5,1,0.9543,0.957686672857363,k=0.0,minimum attainable main-event rate_upper over the declared grid (descriptive; its cost is not a comparable cost),1024,frontier_no_feasible_solution_found_no_ration,0.123046875,0.5205078125,,,,
2,SD-12MO,0.01,SDSRC14_MAIN9,SD-SRC14,MAIN9,"SDSRC14_MAIN9:M1[relative,apply_to_dm=True]@alpha=0.01",M1_safety_margin,M1_safety_margin[apply_to_dm=True],entry,False,not_met,,,"no value of the declared grid met the validation screen (candidate statuses: optimal, proven_infeasible); a grid without a solution is not a statement about the whole decision space",main_reference_plan_domain,cp_upper,,,,,False,0,5,1,0.9543,0.957686672857363,k=0.0,minimum attainable main-event rate_upper over the declared grid (descriptive; its cost is not a comparable cost),1024,frontier_no_feasible_solution_found_no_ration,0.123046875,0.5205078125,,,,
2,SD-12MO,0.01,SDSRC14_MAIN9,SD-SRC14,MAIN9,SDSRC14_MAIN9:M2[N=1024]@alpha=0.01,M2_joint_chance_saa,M2_joint_chance_saa[N=1024],entry,False,not_met,,,"SAA over the N training scenarios proven infeasible for every alpha_train of the declared grid (training scenarios only; not a population, field or whole-space statement)",main_reference_plan_domain,cp_upper,,,,,False,0,4,0,,,,no scored grid candidate with a ration (not a whole-space statement),1024,frontier_no_feasible_solution_found_no_ration,0.123046875,0.5205078125,,,,
2,SD-12MO,0.01,SDSRC14_MAIN9,SD-SRC14,MAIN9,SDSRC14_MAIN9:M2[N=128]@alpha=0.01,M2_joint_chance_saa,M2_joint_chance_saa[N=128],entry,False,not_met,,,"SAA over the N training scenarios proven infeasible for every alpha_train of the declared grid (training scenarios only; not a population, field or whole-space statement)",main_reference_plan_domain,cp_upper,,,,,False,0,4,0,,,,no scored grid candidate with a ration (not a whole-space statement),128,optimal,0.4609375,0.5,0.5036,0.5036,0.511872507307363,"diagnostic frontier point (training scenarios only); not a method, never a member"
2,SD-12MO,0.01,SDSRC14_MAIN9,SD-SRC14,MAIN9,SDSRC14_MAIN9:M2[N=512]@alpha=0.01,M2_joint_chance_saa,M2_joint_chance_saa[N=512],entry,False,not_met,,,"SAA over the N training scenarios proven infeasible for every alpha_train of the declared grid (training scenarios only; not a population, field or whole-space statement)",main_reference_plan_domain,cp_upper,,,,,False,0,4,0,,,,no scored grid candidate with a ration (not a whole-space statement),512,frontier_no_feasible_solution_found_no_ration,0.2890625,0.5,,,,
2,SD-12MO,0.01,SDSRC14_MAIN9,SD-SRC14,MAIN9,SDSRC14_MAIN9:M3a[factory box]@alpha=0.01,M3a_box_robust,M3a_box_robust,entry,False,not_met,,,no value of the declared grid met the validation screen (candidate statuses: proven_infeasible); a grid without a solution is not a statement about the whole decision space,main_reference_plan_domain,cp_upper,,,,,False,0,5,0,,,,no scored grid candidate with a ration (not a whole-space statement),1024,frontier_no_feasible_solution_found_no_ration,0.123046875,0.5205078125,,,,
2,SD-12MO,0.01,SDSRC14_MAIN9,SD-SRC14,MAIN9,SDSRC14_MAIN9:M3b[factory box]@alpha=0.01,M3b_budget_robust,M3b_budget_robust,entry,False,not_met,,,"no value of the declared grid met the validation screen (candidate statuses: optimal, proven_infeasible); a grid without a solution is not a statement about the whole decision space",main_reference_plan_domain,cp_upper,,,,,False,0,35,5,0.9543,0.957686672857363,"gamma=0 {""k_box"": 1.0}",minimum attainable main-event rate_upper over the declared grid (descriptive; its cost is not a comparable cost),1024,frontier_no_feasible_solution_found_no_ration,0.123046875,0.5205078125,,,,
2,SD-SRC12,0.05,SD12MO_MAIN9,SD-12MO,MAIN9,SD12MO_MAIN9:M0,M0_nominal,M0_nominal,entry,True,,,optimal,,main_reference_plan_domain,cp_upper,0.9587,0.9587,0.9619236748112338,False,False,0,1,1,0.9587,0.9619236748112338,,minimum attainable main-event rate_upper over the declared grid (descriptive; its cost is not a comparable cost),1024,frontier_no_feasible_solution_found_no_ration,0.265625,0.5498046875,,,,
2,SD-SRC12,0.05,SD12MO_MAIN9,SD-12MO,MAIN9,"SD12MO_MAIN9:M1[relative,apply_to_dm=False]@alpha=0.05",M1_safety_margin,M1_safety_margin[apply_to_dm=False],sensitivity_line,False,not_met,,,"no value of the declared grid met the validation screen (candidate statuses: optimal, proven_infeasible); a grid without a solution is not a statement about the whole decision space",main_reference_plan_domain,cp_upper,,,,,False,0,5,1,0.9587,0.9619236748112338,k=0.0,minimum attainable main-event rate_upper over the declared grid (descriptive; its cost is not a comparable cost),1024,frontier_no_feasible_solution_found_no_ration,0.265625,0.5498046875,,,,
2,SD-SRC12,0.05,SD12MO_MAIN9,SD-12MO,MAIN9,"SD12MO_MAIN9:M1[relative,apply_to_dm=True]@alpha=0.05",M1_safety_margin,M1_safety_margin[apply_to_dm=True],entry,False,not_met,,,"no value of the declared grid met the validation screen (candidate statuses: optimal, proven_infeasible); a grid without a solution is not a statement about the whole decision space",main_reference_plan_domain,cp_upper,,,,,False,0,5,1,0.9587,0.9619236748112338,k=0.0,minimum attainable main-event rate_upper over the declared grid (descriptive; its cost is not a comparable cost),1024,frontier_no_feasible_solution_found_no_ration,0.265625,0.5498046875,,,,
2,SD-SRC12,0.05,SD12MO_MAIN9,SD-12MO,MAIN9,SD12MO_MAIN9:M2[N=1024]@alpha=0.05,M2_joint_chance_saa,M2_joint_chance_saa[N=1024],entry,False,not_met,,,"SAA over the N training scenarios proven infeasible for every alpha_train of the declared grid (training scenarios only; not a population, field or whole-space statement)",main_reference_plan_domain,cp_upper,,,,,False,0,4,0,,,,no scored grid candidate with a ration (not a whole-space statement),1024,frontier_no_feasible_solution_found_no_ration,0.265625,0.5498046875,,,,
2,SD-SRC12,0.05,SD12MO_MAIN9,SD-12MO,MAIN9,SD12MO_MAIN9:M2[N=128]@alpha=0.05,M2_joint_chance_saa,M2_joint_chance_saa[N=128],entry,False,not_met,,,"SAA over the N training scenarios proven infeasible for every alpha_train of the declared grid (training scenarios only; not a population, field or whole-space statement)",main_reference_plan_domain,cp_upper,,,,,False,0,4,0,,,,no scored grid candidate with a ration (not a whole-space statement),128,optimal,0.53125,0.53125,0.6433,0.6435,0.6513966655670271,"diagnostic frontier point (training scenarios only); not a method, never a member"
2,SD-SRC12,0.05,SD12MO_MAIN9,SD-12MO,MAIN9,SD12MO_MAIN9:M2[N=512]@alpha=0.05,M2_joint_chance_saa,M2_joint_chance_saa[N=512],entry,False,not_met,,,"SAA over the N training scenarios proven infeasible for every alpha_train of the declared grid (training scenarios only; not a population, field or whole-space statement)",main_reference_plan_domain,cp_upper,,,,,False,0,4,0,,,,no scored grid candidate with a ration (not a whole-space statement),512,frontier_no_feasible_solution_found_no_ration,0.41015625,0.521484375,,,,
2,SD-SRC12,0.05,SD12MO_MAIN9,SD-12MO,MAIN9,SD12MO_MAIN9:M3a[factory box]@alpha=0.05,M3a_box_robust,M3a_box_robust,entry,False,not_met,,,no value of the declared grid met the validation screen (candidate statuses: proven_infeasible); a grid without a solution is not a statement about the whole decision space,main_reference_plan_domain,cp_upper,,,,,False,0,5,0,,,,no scored grid candidate with a ration (not a whole-space statement),1024,frontier_no_feasible_solution_found_no_ration,0.265625,0.5498046875,,,,
2,SD-SRC12,0.05,SD12MO_MAIN9,SD-12MO,MAIN9,SD12MO_MAIN9:M3b[factory box]@alpha=0.05,M3b_budget_robust,M3b_budget_robust,entry,False,not_met,,,"no value of the declared grid met the validation screen (candidate statuses: optimal, proven_infeasible); a grid without a solution is not a statement about the whole decision space",main_reference_plan_domain,cp_upper,,,,,False,0,35,5,0.9587,0.9619236748112338,"gamma=0 {""k_box"": 1.0}",minimum attainable main-event rate_upper over the declared grid (descriptive; its cost is not a comparable cost),1024,frontier_no_feasible_solution_found_no_ration,0.265625,0.5498046875,,,,
2,SD-SRC12,0.05,SDH0_MAIN9,SD-H0,MAIN9,SDH0_MAIN9:M0,M0_nominal,M0_nominal,entry,True,,,optimal,,main_reference_plan_domain,cp_upper,0.9587,0.9587,0.9619236748112338,False,False,0,1,1,0.9587,0.9619236748112338,,minimum attainable main-event rate_upper over the declared grid (descriptive; its cost is not a comparable cost),1024,feasible_time_limit,0.3955078125,0.6923828125,0.5699,0.5703,0.578476677626352,"diagnostic frontier point (training scenarios only); not a method, never a member"
2,SD-SRC12,0.05,SDH0_MAIN9,SD-H0,MAIN9,"SDH0_MAIN9:M1[relative,apply_to_dm=False]@alpha=0.05",M1_safety_margin,M1_safety_margin[apply_to_dm=False],sensitivity_line,False,not_met,,,"no value of the declared grid met the validation screen (candidate statuses: optimal, proven_infeasible); a grid without a solution is not a statement about the whole decision space",main_reference_plan_domain,cp_upper,,,,,False,0,5,1,0.9587,0.9619236748112338,k=0.0,minimum attainable main-event rate_upper over the declared grid (descriptive; its cost is not a comparable cost),1024,feasible_time_limit,0.3955078125,0.6923828125,0.5699,0.5703,0.578476677626352,"diagnostic frontier point (training scenarios only); not a method, never a member"
2,SD-SRC12,0.05,SDH0_MAIN9,SD-H0,MAIN9,"SDH0_MAIN9:M1[relative,apply_to_dm=True]@alpha=0.05",M1_safety_margin,M1_safety_margin[apply_to_dm=True],entry,False,not_met,,,"no value of the declared grid met the validation screen (candidate statuses: optimal, proven_infeasible); a grid without a solution is not a statement about the whole decision space",main_reference_plan_domain,cp_upper,,,,,False,0,5,1,0.9587,0.9619236748112338,k=0.0,minimum attainable main-event rate_upper over the declared grid (descriptive; its cost is not a comparable cost),1024,feasible_time_limit,0.3955078125,0.6923828125,0.5699,0.5703,0.578476677626352,"diagnostic frontier point (training scenarios only); not a method, never a member"
2,SD-SRC12,0.05,SDH0_MAIN9,SD-H0,MAIN9,SDH0_MAIN9:M2[N=1024]@alpha=0.05,M2_joint_chance_saa,M2_joint_chance_saa[N=1024],entry,False,not_met,,,"SAA over the N training scenarios proven infeasible for every alpha_train of the declared grid (training scenarios only; not a population, field or whole-space statement)",main_reference_plan_domain,cp_upper,,,,,False,0,4,0,,,,no scored grid candidate with a ration (not a whole-space statement),1024,feasible_time_limit,0.3955078125,0.6923828125,0.5699,0.5703,0.578476677626352,"diagnostic frontier point (training scenarios only); not a method, never a member"
2,SD-SRC12,0.05,SDH0_MAIN9,SD-H0,MAIN9,SDH0_MAIN9:M2[N=128]@alpha=0.05,M2_joint_chance_saa,M2_joint_chance_saa[N=128],entry,False,not_met,,,"SAA over the N training scenarios proven infeasible for every alpha_train of the declared grid (training scenarios only; not a population, field or whole-space statement)",main_reference_plan_domain,cp_upper,,,,,False,0,4,0,,,,no scored grid candidate with a ration (not a whole-space statement),128,optimal,0.6796875,0.6796875,0.6001,0.6004,0.6084843973982348,"diagnostic frontier point (training scenarios only); not a method, never a member"
2,SD-SRC12,0.05,SDH0_MAIN9,SD-H0,MAIN9,SDH0_MAIN9:M2[N=512]@alpha=0.05,M2_joint_chance_saa,M2_joint_chance_saa[N=512],entry,False,not_met,,,"SAA over the N training scenarios proven infeasible for every alpha_train of the declared grid (training scenarios only; not a population, field or whole-space statement)",main_reference_plan_domain,cp_upper,,,,,False,0,4,0,,,,no scored grid candidate with a ration (not a whole-space statement),512,frontier_no_feasible_solution_found_no_ration,0.521484375,0.654296875,,,,
2,SD-SRC12,0.05,SDH0_MAIN9,SD-H0,MAIN9,SDH0_MAIN9:M3a[factory box]@alpha=0.05,M3a_box_robust,M3a_box_robust,entry,False,not_met,,,no value of the declared grid met the validation screen (candidate statuses: proven_infeasible); a grid without a solution is not a statement about the whole decision space,main_reference_plan_domain,cp_upper,,,,,False,0,5,0,,,,no scored grid candidate with a ration (not a whole-space statement),1024,feasible_time_limit,0.3955078125,0.6923828125,0.5699,0.5703,0.578476677626352,"diagnostic frontier point (training scenarios only); not a method, never a member"
2,SD-SRC12,0.05,SDH0_MAIN9,SD-H0,MAIN9,SDH0_MAIN9:M3b[factory box]@alpha=0.05,M3b_budget_robust,M3b_budget_robust,entry,False,not_met,,,"no value of the declared grid met the validation screen (candidate statuses: optimal, proven_infeasible); a grid without a solution is not a statement about the whole decision space",main_reference_plan_domain,cp_upper,,,,,False,0,35,5,0.9587,0.9619236748112338,"gamma=0 {""k_box"": 1.0}",minimum attainable main-event rate_upper over the declared grid (descriptive; its cost is not a comparable cost),1024,feasible_time_limit,0.3955078125,0.6923828125,0.5699,0.5703,0.578476677626352,"diagnostic frontier point (training scenarios only); not a method, never a member"
2,SD-SRC12,0.05,SDS2_MAIN9,SD-S2,MAIN9,SDS2_MAIN9:M0,M0_nominal,M0_nominal,entry,True,,,optimal,,main_reference_plan_domain,cp_upper,0.9587,0.9587,0.9619236748112338,False,False,0,1,1,0.9587,0.9619236748112338,,minimum attainable main-event rate_upper over the declared grid (descriptive; its cost is not a comparable cost),1024,frontier_no_feasible_solution_found_no_ration,0.14453125,0.3828125,,,,
2,SD-SRC12,0.05,SDS2_MAIN9,SD-S2,MAIN9,"SDS2_MAIN9:M1[relative,apply_to_dm=False]@alpha=0.05",M1_safety_margin,M1_safety_margin[apply_to_dm=False],sensitivity_line,False,not_met,,,"no value of the declared grid met the validation screen (candidate statuses: optimal, proven_infeasible); a grid without a solution is not a statement about the whole decision space",main_reference_plan_domain,cp_upper,,,,,False,0,5,1,0.9587,0.9619236748112338,k=0.0,minimum attainable main-event rate_upper over the declared grid (descriptive; its cost is not a comparable cost),1024,frontier_no_feasible_solution_found_no_ration,0.14453125,0.3828125,,,,
2,SD-SRC12,0.05,SDS2_MAIN9,SD-S2,MAIN9,"SDS2_MAIN9:M1[relative,apply_to_dm=True]@alpha=0.05",M1_safety_margin,M1_safety_margin[apply_to_dm=True],entry,False,not_met,,,"no value of the declared grid met the validation screen (candidate statuses: optimal, proven_infeasible); a grid without a solution is not a statement about the whole decision space",main_reference_plan_domain,cp_upper,,,,,False,0,5,1,0.9587,0.9619236748112338,k=0.0,minimum attainable main-event rate_upper over the declared grid (descriptive; its cost is not a comparable cost),1024,frontier_no_feasible_solution_found_no_ration,0.14453125,0.3828125,,,,
2,SD-SRC12,0.05,SDS2_MAIN9,SD-S2,MAIN9,SDS2_MAIN9:M2[N=1024]@alpha=0.05,M2_joint_chance_saa,M2_joint_chance_saa[N=1024],entry,False,not_met,,,"SAA over the N training scenarios proven infeasible for every alpha_train of the declared grid (training scenarios only; not a population, field or whole-space statement)",main_reference_plan_domain,cp_upper,,,,,False,0,4,0,,,,no scored grid candidate with a ration (not a whole-space statement),1024,frontier_no_feasible_solution_found_no_ration,0.14453125,0.3828125,,,,
2,SD-SRC12,0.05,SDS2_MAIN9,SD-S2,MAIN9,SDS2_MAIN9:M2[N=128]@alpha=0.05,M2_joint_chance_saa,M2_joint_chance_saa[N=128],entry,False,not_met,,,"SAA over the N training scenarios proven infeasible for every alpha_train of the declared grid (training scenarios only; not a population, field or whole-space statement)",main_reference_plan_domain,cp_upper,,,,,False,0,4,0,,,,no scored grid candidate with a ration (not a whole-space statement),128,optimal,0.3984375,0.3984375,0.6626,0.6628,0.670590355670799,"diagnostic frontier point (training scenarios only); not a method, never a member"
2,SD-SRC12,0.05,SDS2_MAIN9,SD-S2,MAIN9,SDS2_MAIN9:M2[N=512]@alpha=0.05,M2_joint_chance_saa,M2_joint_chance_saa[N=512],entry,False,not_met,,,"SAA over the N training scenarios proven infeasible for every alpha_train of the declared grid (training scenarios only; not a population, field or whole-space statement)",main_reference_plan_domain,cp_upper,,,,,False,0,4,0,,,,no scored grid candidate with a ration (not a whole-space statement),512,frontier_no_feasible_solution_found_no_ration,0.23828125,0.384765625,,,,
2,SD-SRC12,0.05,SDS2_MAIN9,SD-S2,MAIN9,SDS2_MAIN9:M3a[factory box]@alpha=0.05,M3a_box_robust,M3a_box_robust,entry,False,not_met,,,no value of the declared grid met the validation screen (candidate statuses: proven_infeasible); a grid without a solution is not a statement about the whole decision space,main_reference_plan_domain,cp_upper,,,,,False,0,5,0,,,,no scored grid candidate with a ration (not a whole-space statement),1024,frontier_no_feasible_solution_found_no_ration,0.14453125,0.3828125,,,,
2,SD-SRC12,0.05,SDS2_MAIN9,SD-S2,MAIN9,SDS2_MAIN9:M3b[factory box]@alpha=0.05,M3b_budget_robust,M3b_budget_robust,entry,False,not_met,,,"no value of the declared grid met the validation screen (candidate statuses: optimal, proven_infeasible); a grid without a solution is not a statement about the whole decision space",main_reference_plan_domain,cp_upper,,,,,False,0,35,5,0.9587,0.9619236748112338,"gamma=0 {""k_box"": 1.0}",minimum attainable main-event rate_upper over the declared grid (descriptive; its cost is not a comparable cost),1024,frontier_no_feasible_solution_found_no_ration,0.14453125,0.3828125,,,,
2,SD-SRC12,0.05,SDSRC12_MAIN9,SD-SRC12,MAIN9,SDSRC12_MAIN9:M0,M0_nominal,M0_nominal,entry,True,,,optimal,,main_reference_plan_domain,cp_upper,0.9587,0.9587,0.9619236748112338,False,False,0,1,1,0.9587,0.9619236748112338,,minimum attainable main-event rate_upper over the declared grid (descriptive; its cost is not a comparable cost),1024,frontier_no_feasible_solution_found_no_ration,0.2607421875,0.6767578125,,,,
2,SD-SRC12,0.05,SDSRC12_MAIN9,SD-SRC12,MAIN9,"SDSRC12_MAIN9:M1[relative,apply_to_dm=False]@alpha=0.05",M1_safety_margin,M1_safety_margin[apply_to_dm=False],sensitivity_line,False,not_met,,,"no value of the declared grid met the validation screen (candidate statuses: optimal, proven_infeasible); a grid without a solution is not a statement about the whole decision space",main_reference_plan_domain,cp_upper,,,,,False,0,5,1,0.9587,0.9619236748112338,k=0.0,minimum attainable main-event rate_upper over the declared grid (descriptive; its cost is not a comparable cost),1024,frontier_no_feasible_solution_found_no_ration,0.2607421875,0.6767578125,,,,
2,SD-SRC12,0.05,SDSRC12_MAIN9,SD-SRC12,MAIN9,"SDSRC12_MAIN9:M1[relative,apply_to_dm=True]@alpha=0.05",M1_safety_margin,M1_safety_margin[apply_to_dm=True],entry,False,not_met,,,"no value of the declared grid met the validation screen (candidate statuses: optimal, proven_infeasible); a grid without a solution is not a statement about the whole decision space",main_reference_plan_domain,cp_upper,,,,,False,0,5,1,0.9587,0.9619236748112338,k=0.0,minimum attainable main-event rate_upper over the declared grid (descriptive; its cost is not a comparable cost),1024,frontier_no_feasible_solution_found_no_ration,0.2607421875,0.6767578125,,,,
2,SD-SRC12,0.05,SDSRC12_MAIN9,SD-SRC12,MAIN9,SDSRC12_MAIN9:M2[N=1024]@alpha=0.05,M2_joint_chance_saa,M2_joint_chance_saa[N=1024],entry,False,not_met,,,"SAA over the N training scenarios proven infeasible for every alpha_train of the declared grid (training scenarios only; not a population, field or whole-space statement)",main_reference_plan_domain,cp_upper,,,,,False,0,4,0,,,,no scored grid candidate with a ration (not a whole-space statement),1024,frontier_no_feasible_solution_found_no_ration,0.2607421875,0.6767578125,,,,
2,SD-SRC12,0.05,SDSRC12_MAIN9,SD-SRC12,MAIN9,SDSRC12_MAIN9:M2[N=128]@alpha=0.05,M2_joint_chance_saa,M2_joint_chance_saa[N=128],entry,False,not_met,,,"SAA over the N training scenarios proven infeasible for every alpha_train of the declared grid (training scenarios only; not a population, field or whole-space statement)",main_reference_plan_domain,cp_upper,,,,,False,0,4,0,,,,no scored grid candidate with a ration (not a whole-space statement),128,optimal,0.6328125,0.6328125,0.5689,0.5692,0.5773794629809428,"diagnostic frontier point (training scenarios only); not a method, never a member"
2,SD-SRC12,0.05,SDSRC12_MAIN9,SD-SRC12,MAIN9,SDSRC12_MAIN9:M2[N=512]@alpha=0.05,M2_joint_chance_saa,M2_joint_chance_saa[N=512],entry,False,not_met,,,"SAA over the N training scenarios proven infeasible for every alpha_train of the declared grid (training scenarios only; not a population, field or whole-space statement)",main_reference_plan_domain,cp_upper,,,,,False,0,4,0,,,,no scored grid candidate with a ration (not a whole-space statement),512,frontier_no_feasible_solution_found_no_ration,0.4375,0.662109375,,,,
2,SD-SRC12,0.05,SDSRC12_MAIN9,SD-SRC12,MAIN9,SDSRC12_MAIN9:M3a[factory box]@alpha=0.05,M3a_box_robust,M3a_box_robust,entry,False,not_met,,,no value of the declared grid met the validation screen (candidate statuses: proven_infeasible); a grid without a solution is not a statement about the whole decision space,main_reference_plan_domain,cp_upper,,,,,False,0,5,0,,,,no scored grid candidate with a ration (not a whole-space statement),1024,frontier_no_feasible_solution_found_no_ration,0.2607421875,0.6767578125,,,,
2,SD-SRC12,0.05,SDSRC12_MAIN9,SD-SRC12,MAIN9,SDSRC12_MAIN9:M3b[factory box]@alpha=0.05,M3b_budget_robust,M3b_budget_robust,entry,False,not_met,,,"no value of the declared grid met the validation screen (candidate statuses: optimal, proven_infeasible); a grid without a solution is not a statement about the whole decision space",main_reference_plan_domain,cp_upper,,,,,False,0,35,5,0.9587,0.9619236748112338,"gamma=0 {""k_box"": 1.0}",minimum attainable main-event rate_upper over the declared grid (descriptive; its cost is not a comparable cost),1024,frontier_no_feasible_solution_found_no_ration,0.2607421875,0.6767578125,,,,
2,SD-SRC12,0.05,SDSRC14_MAIN9,SD-SRC14,MAIN9,SDSRC14_MAIN9:M0,M0_nominal,M0_nominal,entry,True,,,optimal,,main_reference_plan_domain,cp_upper,0.9587,0.9587,0.9619236748112338,False,False,0,1,1,0.9587,0.9619236748112338,,minimum attainable main-event rate_upper over the declared grid (descriptive; its cost is not a comparable cost),1024,frontier_no_feasible_solution_found_no_ration,0.123046875,0.5205078125,,,,
2,SD-SRC12,0.05,SDSRC14_MAIN9,SD-SRC14,MAIN9,"SDSRC14_MAIN9:M1[relative,apply_to_dm=False]@alpha=0.05",M1_safety_margin,M1_safety_margin[apply_to_dm=False],sensitivity_line,False,not_met,,,"no value of the declared grid met the validation screen (candidate statuses: optimal, proven_infeasible); a grid without a solution is not a statement about the whole decision space",main_reference_plan_domain,cp_upper,,,,,False,0,5,1,0.9587,0.9619236748112338,k=0.0,minimum attainable main-event rate_upper over the declared grid (descriptive; its cost is not a comparable cost),1024,frontier_no_feasible_solution_found_no_ration,0.123046875,0.5205078125,,,,
2,SD-SRC12,0.05,SDSRC14_MAIN9,SD-SRC14,MAIN9,"SDSRC14_MAIN9:M1[relative,apply_to_dm=True]@alpha=0.05",M1_safety_margin,M1_safety_margin[apply_to_dm=True],entry,False,not_met,,,"no value of the declared grid met the validation screen (candidate statuses: optimal, proven_infeasible); a grid without a solution is not a statement about the whole decision space",main_reference_plan_domain,cp_upper,,,,,False,0,5,1,0.9587,0.9619236748112338,k=0.0,minimum attainable main-event rate_upper over the declared grid (descriptive; its cost is not a comparable cost),1024,frontier_no_feasible_solution_found_no_ration,0.123046875,0.5205078125,,,,
2,SD-SRC12,0.05,SDSRC14_MAIN9,SD-SRC14,MAIN9,SDSRC14_MAIN9:M2[N=1024]@alpha=0.05,M2_joint_chance_saa,M2_joint_chance_saa[N=1024],entry,False,not_met,,,"SAA over the N training scenarios proven infeasible for every alpha_train of the declared grid (training scenarios only; not a population, field or whole-space statement)",main_reference_plan_domain,cp_upper,,,,,False,0,4,0,,,,no scored grid candidate with a ration (not a whole-space statement),1024,frontier_no_feasible_solution_found_no_ration,0.123046875,0.5205078125,,,,
2,SD-SRC12,0.05,SDSRC14_MAIN9,SD-SRC14,MAIN9,SDSRC14_MAIN9:M2[N=128]@alpha=0.05,M2_joint_chance_saa,M2_joint_chance_saa[N=128],entry,False,not_met,,,"SAA over the N training scenarios proven infeasible for every alpha_train of the declared grid (training scenarios only; not a population, field or whole-space statement)",main_reference_plan_domain,cp_upper,,,,,False,0,4,0,,,,no scored grid candidate with a ration (not a whole-space statement),128,optimal,0.4609375,0.5,0.6336,0.6339,0.6418443203395745,"diagnostic frontier point (training scenarios only); not a method, never a member"
2,SD-SRC12,0.05,SDSRC14_MAIN9,SD-SRC14,MAIN9,SDSRC14_MAIN9:M2[N=512]@alpha=0.05,M2_joint_chance_saa,M2_joint_chance_saa[N=512],entry,False,not_met,,,"SAA over the N training scenarios proven infeasible for every alpha_train of the declared grid (training scenarios only; not a population, field or whole-space statement)",main_reference_plan_domain,cp_upper,,,,,False,0,4,0,,,,no scored grid candidate with a ration (not a whole-space statement),512,frontier_no_feasible_solution_found_no_ration,0.2890625,0.5,,,,
2,SD-SRC12,0.05,SDSRC14_MAIN9,SD-SRC14,MAIN9,SDSRC14_MAIN9:M3a[factory box]@alpha=0.05,M3a_box_robust,M3a_box_robust,entry,False,not_met,,,no value of the declared grid met the validation screen (candidate statuses: proven_infeasible); a grid without a solution is not a statement about the whole decision space,main_reference_plan_domain,cp_upper,,,,,False,0,5,0,,,,no scored grid candidate with a ration (not a whole-space statement),1024,frontier_no_feasible_solution_found_no_ration,0.123046875,0.5205078125,,,,
2,SD-SRC12,0.05,SDSRC14_MAIN9,SD-SRC14,MAIN9,SDSRC14_MAIN9:M3b[factory box]@alpha=0.05,M3b_budget_robust,M3b_budget_robust,entry,False,not_met,,,"no value of the declared grid met the validation screen (candidate statuses: optimal, proven_infeasible); a grid without a solution is not a statement about the whole decision space",main_reference_plan_domain,cp_upper,,,,,False,0,35,5,0.9587,0.9619236748112338,"gamma=0 {""k_box"": 1.0}",minimum attainable main-event rate_upper over the declared grid (descriptive; its cost is not a comparable cost),1024,frontier_no_feasible_solution_found_no_ration,0.123046875,0.5205078125,,,,
2,SD-SRC12,0.1,SD12MO_MAIN9,SD-12MO,MAIN9,SD12MO_MAIN9:M0,M0_nominal,M0_nominal,entry,True,,,optimal,,main_reference_plan_domain,cp_upper,0.9587,0.9587,0.9619236748112338,False,False,0,1,1,0.9587,0.9619236748112338,,minimum attainable main-event rate_upper over the declared grid (descriptive; its cost is not a comparable cost),1024,frontier_no_feasible_solution_found_no_ration,0.265625,0.5498046875,,,,
2,SD-SRC12,0.1,SD12MO_MAIN9,SD-12MO,MAIN9,"SD12MO_MAIN9:M1[relative,apply_to_dm=False]@alpha=0.1",M1_safety_margin,M1_safety_margin[apply_to_dm=False],sensitivity_line,False,not_met,,,"no value of the declared grid met the validation screen (candidate statuses: optimal, proven_infeasible); a grid without a solution is not a statement about the whole decision space",main_reference_plan_domain,cp_upper,,,,,False,0,5,1,0.9587,0.9619236748112338,k=0.0,minimum attainable main-event rate_upper over the declared grid (descriptive; its cost is not a comparable cost),1024,frontier_no_feasible_solution_found_no_ration,0.265625,0.5498046875,,,,
2,SD-SRC12,0.1,SD12MO_MAIN9,SD-12MO,MAIN9,"SD12MO_MAIN9:M1[relative,apply_to_dm=True]@alpha=0.1",M1_safety_margin,M1_safety_margin[apply_to_dm=True],entry,False,not_met,,,"no value of the declared grid met the validation screen (candidate statuses: optimal, proven_infeasible); a grid without a solution is not a statement about the whole decision space",main_reference_plan_domain,cp_upper,,,,,False,0,5,1,0.9587,0.9619236748112338,k=0.0,minimum attainable main-event rate_upper over the declared grid (descriptive; its cost is not a comparable cost),1024,frontier_no_feasible_solution_found_no_ration,0.265625,0.5498046875,,,,
2,SD-SRC12,0.1,SD12MO_MAIN9,SD-12MO,MAIN9,SD12MO_MAIN9:M2[N=1024]@alpha=0.1,M2_joint_chance_saa,M2_joint_chance_saa[N=1024],entry,False,not_met,,,"SAA over the N training scenarios proven infeasible for every alpha_train of the declared grid (training scenarios only; not a population, field or whole-space statement)",main_reference_plan_domain,cp_upper,,,,,False,0,4,0,,,,no scored grid candidate with a ration (not a whole-space statement),1024,frontier_no_feasible_solution_found_no_ration,0.265625,0.5498046875,,,,
2,SD-SRC12,0.1,SD12MO_MAIN9,SD-12MO,MAIN9,SD12MO_MAIN9:M2[N=128]@alpha=0.1,M2_joint_chance_saa,M2_joint_chance_saa[N=128],entry,False,not_met,,,"SAA over the N training scenarios proven infeasible for every alpha_train of the declared grid (training scenarios only; not a population, field or whole-space statement)",main_reference_plan_domain,cp_upper,,,,,False,0,4,0,,,,no scored grid candidate with a ration (not a whole-space statement),128,optimal,0.53125,0.53125,0.6433,0.6435,0.6513966655670271,"diagnostic frontier point (training scenarios only); not a method, never a member"
2,SD-SRC12,0.1,SD12MO_MAIN9,SD-12MO,MAIN9,SD12MO_MAIN9:M2[N=512]@alpha=0.1,M2_joint_chance_saa,M2_joint_chance_saa[N=512],entry,False,not_met,,,"SAA over the N training scenarios proven infeasible for every alpha_train of the declared grid (training scenarios only; not a population, field or whole-space statement)",main_reference_plan_domain,cp_upper,,,,,False,0,4,0,,,,no scored grid candidate with a ration (not a whole-space statement),512,frontier_no_feasible_solution_found_no_ration,0.41015625,0.521484375,,,,
2,SD-SRC12,0.1,SD12MO_MAIN9,SD-12MO,MAIN9,SD12MO_MAIN9:M3a[factory box]@alpha=0.1,M3a_box_robust,M3a_box_robust,entry,False,not_met,,,no value of the declared grid met the validation screen (candidate statuses: proven_infeasible); a grid without a solution is not a statement about the whole decision space,main_reference_plan_domain,cp_upper,,,,,False,0,5,0,,,,no scored grid candidate with a ration (not a whole-space statement),1024,frontier_no_feasible_solution_found_no_ration,0.265625,0.5498046875,,,,
2,SD-SRC12,0.1,SD12MO_MAIN9,SD-12MO,MAIN9,SD12MO_MAIN9:M3b[factory box]@alpha=0.1,M3b_budget_robust,M3b_budget_robust,entry,False,not_met,,,"no value of the declared grid met the validation screen (candidate statuses: optimal, proven_infeasible); a grid without a solution is not a statement about the whole decision space",main_reference_plan_domain,cp_upper,,,,,False,0,35,5,0.9587,0.9619236748112338,"gamma=0 {""k_box"": 1.0}",minimum attainable main-event rate_upper over the declared grid (descriptive; its cost is not a comparable cost),1024,frontier_no_feasible_solution_found_no_ration,0.265625,0.5498046875,,,,
2,SD-SRC12,0.1,SDH0_MAIN9,SD-H0,MAIN9,SDH0_MAIN9:M0,M0_nominal,M0_nominal,entry,True,,,optimal,,main_reference_plan_domain,cp_upper,0.9587,0.9587,0.9619236748112338,False,False,0,1,1,0.9587,0.9619236748112338,,minimum attainable main-event rate_upper over the declared grid (descriptive; its cost is not a comparable cost),1024,feasible_time_limit,0.3955078125,0.6923828125,0.5699,0.5703,0.578476677626352,"diagnostic frontier point (training scenarios only); not a method, never a member"
2,SD-SRC12,0.1,SDH0_MAIN9,SD-H0,MAIN9,"SDH0_MAIN9:M1[relative,apply_to_dm=False]@alpha=0.1",M1_safety_margin,M1_safety_margin[apply_to_dm=False],sensitivity_line,False,not_met,,,"no value of the declared grid met the validation screen (candidate statuses: optimal, proven_infeasible); a grid without a solution is not a statement about the whole decision space",main_reference_plan_domain,cp_upper,,,,,False,0,5,1,0.9587,0.9619236748112338,k=0.0,minimum attainable main-event rate_upper over the declared grid (descriptive; its cost is not a comparable cost),1024,feasible_time_limit,0.3955078125,0.6923828125,0.5699,0.5703,0.578476677626352,"diagnostic frontier point (training scenarios only); not a method, never a member"
2,SD-SRC12,0.1,SDH0_MAIN9,SD-H0,MAIN9,"SDH0_MAIN9:M1[relative,apply_to_dm=True]@alpha=0.1",M1_safety_margin,M1_safety_margin[apply_to_dm=True],entry,False,not_met,,,"no value of the declared grid met the validation screen (candidate statuses: optimal, proven_infeasible); a grid without a solution is not a statement about the whole decision space",main_reference_plan_domain,cp_upper,,,,,False,0,5,1,0.9587,0.9619236748112338,k=0.0,minimum attainable main-event rate_upper over the declared grid (descriptive; its cost is not a comparable cost),1024,feasible_time_limit,0.3955078125,0.6923828125,0.5699,0.5703,0.578476677626352,"diagnostic frontier point (training scenarios only); not a method, never a member"
2,SD-SRC12,0.1,SDH0_MAIN9,SD-H0,MAIN9,SDH0_MAIN9:M2[N=1024]@alpha=0.1,M2_joint_chance_saa,M2_joint_chance_saa[N=1024],entry,False,not_met,,,"SAA over the N training scenarios proven infeasible for every alpha_train of the declared grid (training scenarios only; not a population, field or whole-space statement)",main_reference_plan_domain,cp_upper,,,,,False,0,4,0,,,,no scored grid candidate with a ration (not a whole-space statement),1024,feasible_time_limit,0.3955078125,0.6923828125,0.5699,0.5703,0.578476677626352,"diagnostic frontier point (training scenarios only); not a method, never a member"
2,SD-SRC12,0.1,SDH0_MAIN9,SD-H0,MAIN9,SDH0_MAIN9:M2[N=128]@alpha=0.1,M2_joint_chance_saa,M2_joint_chance_saa[N=128],entry,False,not_met,,,"SAA over the N training scenarios proven infeasible for every alpha_train of the declared grid (training scenarios only; not a population, field or whole-space statement)",main_reference_plan_domain,cp_upper,,,,,False,0,4,0,,,,no scored grid candidate with a ration (not a whole-space statement),128,optimal,0.6796875,0.6796875,0.6001,0.6004,0.6084843973982348,"diagnostic frontier point (training scenarios only); not a method, never a member"
2,SD-SRC12,0.1,SDH0_MAIN9,SD-H0,MAIN9,SDH0_MAIN9:M2[N=512]@alpha=0.1,M2_joint_chance_saa,M2_joint_chance_saa[N=512],entry,False,not_met,,,"SAA over the N training scenarios proven infeasible for every alpha_train of the declared grid (training scenarios only; not a population, field or whole-space statement)",main_reference_plan_domain,cp_upper,,,,,False,0,4,0,,,,no scored grid candidate with a ration (not a whole-space statement),512,frontier_no_feasible_solution_found_no_ration,0.521484375,0.654296875,,,,
2,SD-SRC12,0.1,SDH0_MAIN9,SD-H0,MAIN9,SDH0_MAIN9:M3a[factory box]@alpha=0.1,M3a_box_robust,M3a_box_robust,entry,False,not_met,,,no value of the declared grid met the validation screen (candidate statuses: proven_infeasible); a grid without a solution is not a statement about the whole decision space,main_reference_plan_domain,cp_upper,,,,,False,0,5,0,,,,no scored grid candidate with a ration (not a whole-space statement),1024,feasible_time_limit,0.3955078125,0.6923828125,0.5699,0.5703,0.578476677626352,"diagnostic frontier point (training scenarios only); not a method, never a member"
2,SD-SRC12,0.1,SDH0_MAIN9,SD-H0,MAIN9,SDH0_MAIN9:M3b[factory box]@alpha=0.1,M3b_budget_robust,M3b_budget_robust,entry,False,not_met,,,"no value of the declared grid met the validation screen (candidate statuses: optimal, proven_infeasible); a grid without a solution is not a statement about the whole decision space",main_reference_plan_domain,cp_upper,,,,,False,0,35,5,0.9587,0.9619236748112338,"gamma=0 {""k_box"": 1.0}",minimum attainable main-event rate_upper over the declared grid (descriptive; its cost is not a comparable cost),1024,feasible_time_limit,0.3955078125,0.6923828125,0.5699,0.5703,0.578476677626352,"diagnostic frontier point (training scenarios only); not a method, never a member"
2,SD-SRC12,0.1,SDS2_MAIN9,SD-S2,MAIN9,SDS2_MAIN9:M0,M0_nominal,M0_nominal,entry,True,,,optimal,,main_reference_plan_domain,cp_upper,0.9587,0.9587,0.9619236748112338,False,False,0,1,1,0.9587,0.9619236748112338,,minimum attainable main-event rate_upper over the declared grid (descriptive; its cost is not a comparable cost),1024,frontier_no_feasible_solution_found_no_ration,0.14453125,0.3828125,,,,
2,SD-SRC12,0.1,SDS2_MAIN9,SD-S2,MAIN9,"SDS2_MAIN9:M1[relative,apply_to_dm=False]@alpha=0.1",M1_safety_margin,M1_safety_margin[apply_to_dm=False],sensitivity_line,False,not_met,,,"no value of the declared grid met the validation screen (candidate statuses: optimal, proven_infeasible); a grid without a solution is not a statement about the whole decision space",main_reference_plan_domain,cp_upper,,,,,False,0,5,1,0.9587,0.9619236748112338,k=0.0,minimum attainable main-event rate_upper over the declared grid (descriptive; its cost is not a comparable cost),1024,frontier_no_feasible_solution_found_no_ration,0.14453125,0.3828125,,,,
2,SD-SRC12,0.1,SDS2_MAIN9,SD-S2,MAIN9,"SDS2_MAIN9:M1[relative,apply_to_dm=True]@alpha=0.1",M1_safety_margin,M1_safety_margin[apply_to_dm=True],entry,False,not_met,,,"no value of the declared grid met the validation screen (candidate statuses: optimal, proven_infeasible); a grid without a solution is not a statement about the whole decision space",main_reference_plan_domain,cp_upper,,,,,False,0,5,1,0.9587,0.9619236748112338,k=0.0,minimum attainable main-event rate_upper over the declared grid (descriptive; its cost is not a comparable cost),1024,frontier_no_feasible_solution_found_no_ration,0.14453125,0.3828125,,,,
2,SD-SRC12,0.1,SDS2_MAIN9,SD-S2,MAIN9,SDS2_MAIN9:M2[N=1024]@alpha=0.1,M2_joint_chance_saa,M2_joint_chance_saa[N=1024],entry,False,not_met,,,"SAA over the N training scenarios proven infeasible for every alpha_train of the declared grid (training scenarios only; not a population, field or whole-space statement)",main_reference_plan_domain,cp_upper,,,,,False,0,4,0,,,,no scored grid candidate with a ration (not a whole-space statement),1024,frontier_no_feasible_solution_found_no_ration,0.14453125,0.3828125,,,,
2,SD-SRC12,0.1,SDS2_MAIN9,SD-S2,MAIN9,SDS2_MAIN9:M2[N=128]@alpha=0.1,M2_joint_chance_saa,M2_joint_chance_saa[N=128],entry,False,not_met,,,"SAA over the N training scenarios proven infeasible for every alpha_train of the declared grid (training scenarios only; not a population, field or whole-space statement)",main_reference_plan_domain,cp_upper,,,,,False,0,4,0,,,,no scored grid candidate with a ration (not a whole-space statement),128,optimal,0.3984375,0.3984375,0.6626,0.6628,0.670590355670799,"diagnostic frontier point (training scenarios only); not a method, never a member"
2,SD-SRC12,0.1,SDS2_MAIN9,SD-S2,MAIN9,SDS2_MAIN9:M2[N=512]@alpha=0.1,M2_joint_chance_saa,M2_joint_chance_saa[N=512],entry,False,not_met,,,"SAA over the N training scenarios proven infeasible for every alpha_train of the declared grid (training scenarios only; not a population, field or whole-space statement)",main_reference_plan_domain,cp_upper,,,,,False,0,4,0,,,,no scored grid candidate with a ration (not a whole-space statement),512,frontier_no_feasible_solution_found_no_ration,0.23828125,0.384765625,,,,
2,SD-SRC12,0.1,SDS2_MAIN9,SD-S2,MAIN9,SDS2_MAIN9:M3a[factory box]@alpha=0.1,M3a_box_robust,M3a_box_robust,entry,False,not_met,,,no value of the declared grid met the validation screen (candidate statuses: proven_infeasible); a grid without a solution is not a statement about the whole decision space,main_reference_plan_domain,cp_upper,,,,,False,0,5,0,,,,no scored grid candidate with a ration (not a whole-space statement),1024,frontier_no_feasible_solution_found_no_ration,0.14453125,0.3828125,,,,
2,SD-SRC12,0.1,SDS2_MAIN9,SD-S2,MAIN9,SDS2_MAIN9:M3b[factory box]@alpha=0.1,M3b_budget_robust,M3b_budget_robust,entry,False,not_met,,,"no value of the declared grid met the validation screen (candidate statuses: optimal, proven_infeasible); a grid without a solution is not a statement about the whole decision space",main_reference_plan_domain,cp_upper,,,,,False,0,35,5,0.9587,0.9619236748112338,"gamma=0 {""k_box"": 1.0}",minimum attainable main-event rate_upper over the declared grid (descriptive; its cost is not a comparable cost),1024,frontier_no_feasible_solution_found_no_ration,0.14453125,0.3828125,,,,
2,SD-SRC12,0.1,SDSRC12_MAIN9,SD-SRC12,MAIN9,SDSRC12_MAIN9:M0,M0_nominal,M0_nominal,entry,True,,,optimal,,main_reference_plan_domain,cp_upper,0.9587,0.9587,0.9619236748112338,False,False,0,1,1,0.9587,0.9619236748112338,,minimum attainable main-event rate_upper over the declared grid (descriptive; its cost is not a comparable cost),1024,frontier_no_feasible_solution_found_no_ration,0.2607421875,0.6767578125,,,,
2,SD-SRC12,0.1,SDSRC12_MAIN9,SD-SRC12,MAIN9,"SDSRC12_MAIN9:M1[relative,apply_to_dm=False]@alpha=0.1",M1_safety_margin,M1_safety_margin[apply_to_dm=False],sensitivity_line,False,not_met,,,"no value of the declared grid met the validation screen (candidate statuses: optimal, proven_infeasible); a grid without a solution is not a statement about the whole decision space",main_reference_plan_domain,cp_upper,,,,,False,0,5,1,0.9587,0.9619236748112338,k=0.0,minimum attainable main-event rate_upper over the declared grid (descriptive; its cost is not a comparable cost),1024,frontier_no_feasible_solution_found_no_ration,0.2607421875,0.6767578125,,,,
2,SD-SRC12,0.1,SDSRC12_MAIN9,SD-SRC12,MAIN9,"SDSRC12_MAIN9:M1[relative,apply_to_dm=True]@alpha=0.1",M1_safety_margin,M1_safety_margin[apply_to_dm=True],entry,False,not_met,,,"no value of the declared grid met the validation screen (candidate statuses: optimal, proven_infeasible); a grid without a solution is not a statement about the whole decision space",main_reference_plan_domain,cp_upper,,,,,False,0,5,1,0.9587,0.9619236748112338,k=0.0,minimum attainable main-event rate_upper over the declared grid (descriptive; its cost is not a comparable cost),1024,frontier_no_feasible_solution_found_no_ration,0.2607421875,0.6767578125,,,,
2,SD-SRC12,0.1,SDSRC12_MAIN9,SD-SRC12,MAIN9,SDSRC12_MAIN9:M2[N=1024]@alpha=0.1,M2_joint_chance_saa,M2_joint_chance_saa[N=1024],entry,False,not_met,,,"SAA over the N training scenarios proven infeasible for every alpha_train of the declared grid (training scenarios only; not a population, field or whole-space statement)",main_reference_plan_domain,cp_upper,,,,,False,0,4,0,,,,no scored grid candidate with a ration (not a whole-space statement),1024,frontier_no_feasible_solution_found_no_ration,0.2607421875,0.6767578125,,,,
2,SD-SRC12,0.1,SDSRC12_MAIN9,SD-SRC12,MAIN9,SDSRC12_MAIN9:M2[N=128]@alpha=0.1,M2_joint_chance_saa,M2_joint_chance_saa[N=128],entry,False,not_met,,,"SAA over the N training scenarios proven infeasible for every alpha_train of the declared grid (training scenarios only; not a population, field or whole-space statement)",main_reference_plan_domain,cp_upper,,,,,False,0,4,0,,,,no scored grid candidate with a ration (not a whole-space statement),128,optimal,0.6328125,0.6328125,0.5689,0.5692,0.5773794629809428,"diagnostic frontier point (training scenarios only); not a method, never a member"
2,SD-SRC12,0.1,SDSRC12_MAIN9,SD-SRC12,MAIN9,SDSRC12_MAIN9:M2[N=512]@alpha=0.1,M2_joint_chance_saa,M2_joint_chance_saa[N=512],entry,False,not_met,,,"SAA over the N training scenarios proven infeasible for every alpha_train of the declared grid (training scenarios only; not a population, field or whole-space statement)",main_reference_plan_domain,cp_upper,,,,,False,0,4,0,,,,no scored grid candidate with a ration (not a whole-space statement),512,frontier_no_feasible_solution_found_no_ration,0.4375,0.662109375,,,,
2,SD-SRC12,0.1,SDSRC12_MAIN9,SD-SRC12,MAIN9,SDSRC12_MAIN9:M3a[factory box]@alpha=0.1,M3a_box_robust,M3a_box_robust,entry,False,not_met,,,no value of the declared grid met the validation screen (candidate statuses: proven_infeasible); a grid without a solution is not a statement about the whole decision space,main_reference_plan_domain,cp_upper,,,,,False,0,5,0,,,,no scored grid candidate with a ration (not a whole-space statement),1024,frontier_no_feasible_solution_found_no_ration,0.2607421875,0.6767578125,,,,
2,SD-SRC12,0.1,SDSRC12_MAIN9,SD-SRC12,MAIN9,SDSRC12_MAIN9:M3b[factory box]@alpha=0.1,M3b_budget_robust,M3b_budget_robust,entry,False,not_met,,,"no value of the declared grid met the validation screen (candidate statuses: optimal, proven_infeasible); a grid without a solution is not a statement about the whole decision space",main_reference_plan_domain,cp_upper,,,,,False,0,35,5,0.9587,0.9619236748112338,"gamma=0 {""k_box"": 1.0}",minimum attainable main-event rate_upper over the declared grid (descriptive; its cost is not a comparable cost),1024,frontier_no_feasible_solution_found_no_ration,0.2607421875,0.6767578125,,,,
2,SD-SRC12,0.1,SDSRC14_MAIN9,SD-SRC14,MAIN9,SDSRC14_MAIN9:M0,M0_nominal,M0_nominal,entry,True,,,optimal,,main_reference_plan_domain,cp_upper,0.9587,0.9587,0.9619236748112338,False,False,0,1,1,0.9587,0.9619236748112338,,minimum attainable main-event rate_upper over the declared grid (descriptive; its cost is not a comparable cost),1024,frontier_no_feasible_solution_found_no_ration,0.123046875,0.5205078125,,,,
2,SD-SRC12,0.1,SDSRC14_MAIN9,SD-SRC14,MAIN9,"SDSRC14_MAIN9:M1[relative,apply_to_dm=False]@alpha=0.1",M1_safety_margin,M1_safety_margin[apply_to_dm=False],sensitivity_line,False,not_met,,,"no value of the declared grid met the validation screen (candidate statuses: optimal, proven_infeasible); a grid without a solution is not a statement about the whole decision space",main_reference_plan_domain,cp_upper,,,,,False,0,5,1,0.9587,0.9619236748112338,k=0.0,minimum attainable main-event rate_upper over the declared grid (descriptive; its cost is not a comparable cost),1024,frontier_no_feasible_solution_found_no_ration,0.123046875,0.5205078125,,,,
2,SD-SRC12,0.1,SDSRC14_MAIN9,SD-SRC14,MAIN9,"SDSRC14_MAIN9:M1[relative,apply_to_dm=True]@alpha=0.1",M1_safety_margin,M1_safety_margin[apply_to_dm=True],entry,False,not_met,,,"no value of the declared grid met the validation screen (candidate statuses: optimal, proven_infeasible); a grid without a solution is not a statement about the whole decision space",main_reference_plan_domain,cp_upper,,,,,False,0,5,1,0.9587,0.9619236748112338,k=0.0,minimum attainable main-event rate_upper over the declared grid (descriptive; its cost is not a comparable cost),1024,frontier_no_feasible_solution_found_no_ration,0.123046875,0.5205078125,,,,
2,SD-SRC12,0.1,SDSRC14_MAIN9,SD-SRC14,MAIN9,SDSRC14_MAIN9:M2[N=1024]@alpha=0.1,M2_joint_chance_saa,M2_joint_chance_saa[N=1024],entry,False,not_met,,,"SAA over the N training scenarios proven infeasible for every alpha_train of the declared grid (training scenarios only; not a population, field or whole-space statement)",main_reference_plan_domain,cp_upper,,,,,False,0,4,0,,,,no scored grid candidate with a ration (not a whole-space statement),1024,frontier_no_feasible_solution_found_no_ration,0.123046875,0.5205078125,,,,
2,SD-SRC12,0.1,SDSRC14_MAIN9,SD-SRC14,MAIN9,SDSRC14_MAIN9:M2[N=128]@alpha=0.1,M2_joint_chance_saa,M2_joint_chance_saa[N=128],entry,False,not_met,,,"SAA over the N training scenarios proven infeasible for every alpha_train of the declared grid (training scenarios only; not a population, field or whole-space statement)",main_reference_plan_domain,cp_upper,,,,,False,0,4,0,,,,no scored grid candidate with a ration (not a whole-space statement),128,optimal,0.4609375,0.5,0.6336,0.6339,0.6418443203395745,"diagnostic frontier point (training scenarios only); not a method, never a member"
2,SD-SRC12,0.1,SDSRC14_MAIN9,SD-SRC14,MAIN9,SDSRC14_MAIN9:M2[N=512]@alpha=0.1,M2_joint_chance_saa,M2_joint_chance_saa[N=512],entry,False,not_met,,,"SAA over the N training scenarios proven infeasible for every alpha_train of the declared grid (training scenarios only; not a population, field or whole-space statement)",main_reference_plan_domain,cp_upper,,,,,False,0,4,0,,,,no scored grid candidate with a ration (not a whole-space statement),512,frontier_no_feasible_solution_found_no_ration,0.2890625,0.5,,,,
2,SD-SRC12,0.1,SDSRC14_MAIN9,SD-SRC14,MAIN9,SDSRC14_MAIN9:M3a[factory box]@alpha=0.1,M3a_box_robust,M3a_box_robust,entry,False,not_met,,,no value of the declared grid met the validation screen (candidate statuses: proven_infeasible); a grid without a solution is not a statement about the whole decision space,main_reference_plan_domain,cp_upper,,,,,False,0,5,0,,,,no scored grid candidate with a ration (not a whole-space statement),1024,frontier_no_feasible_solution_found_no_ration,0.123046875,0.5205078125,,,,
2,SD-SRC12,0.1,SDSRC14_MAIN9,SD-SRC14,MAIN9,SDSRC14_MAIN9:M3b[factory box]@alpha=0.1,M3b_budget_robust,M3b_budget_robust,entry,False,not_met,,,"no value of the declared grid met the validation screen (candidate statuses: optimal, proven_infeasible); a grid without a solution is not a statement about the whole decision space",main_reference_plan_domain,cp_upper,,,,,False,0,35,5,0.9587,0.9619236748112338,"gamma=0 {""k_box"": 1.0}",minimum attainable main-event rate_upper over the declared grid (descriptive; its cost is not a comparable cost),1024,frontier_no_feasible_solution_found_no_ration,0.123046875,0.5205078125,,,,
2,SD-SRC12,0.01,SD12MO_MAIN9,SD-12MO,MAIN9,SD12MO_MAIN9:M0,M0_nominal,M0_nominal,entry,True,,,optimal,,main_reference_plan_domain,cp_upper,0.9587,0.9587,0.9619236748112338,False,False,0,1,1,0.9587,0.9619236748112338,,minimum attainable main-event rate_upper over the declared grid (descriptive; its cost is not a comparable cost),1024,frontier_no_feasible_solution_found_no_ration,0.265625,0.5498046875,,,,
2,SD-SRC12,0.01,SD12MO_MAIN9,SD-12MO,MAIN9,"SD12MO_MAIN9:M1[relative,apply_to_dm=False]@alpha=0.01",M1_safety_margin,M1_safety_margin[apply_to_dm=False],sensitivity_line,False,not_met,,,"no value of the declared grid met the validation screen (candidate statuses: optimal, proven_infeasible); a grid without a solution is not a statement about the whole decision space",main_reference_plan_domain,cp_upper,,,,,False,0,5,1,0.9587,0.9619236748112338,k=0.0,minimum attainable main-event rate_upper over the declared grid (descriptive; its cost is not a comparable cost),1024,frontier_no_feasible_solution_found_no_ration,0.265625,0.5498046875,,,,
2,SD-SRC12,0.01,SD12MO_MAIN9,SD-12MO,MAIN9,"SD12MO_MAIN9:M1[relative,apply_to_dm=True]@alpha=0.01",M1_safety_margin,M1_safety_margin[apply_to_dm=True],entry,False,not_met,,,"no value of the declared grid met the validation screen (candidate statuses: optimal, proven_infeasible); a grid without a solution is not a statement about the whole decision space",main_reference_plan_domain,cp_upper,,,,,False,0,5,1,0.9587,0.9619236748112338,k=0.0,minimum attainable main-event rate_upper over the declared grid (descriptive; its cost is not a comparable cost),1024,frontier_no_feasible_solution_found_no_ration,0.265625,0.5498046875,,,,
2,SD-SRC12,0.01,SD12MO_MAIN9,SD-12MO,MAIN9,SD12MO_MAIN9:M2[N=1024]@alpha=0.01,M2_joint_chance_saa,M2_joint_chance_saa[N=1024],entry,False,not_met,,,"SAA over the N training scenarios proven infeasible for every alpha_train of the declared grid (training scenarios only; not a population, field or whole-space statement)",main_reference_plan_domain,cp_upper,,,,,False,0,4,0,,,,no scored grid candidate with a ration (not a whole-space statement),1024,frontier_no_feasible_solution_found_no_ration,0.265625,0.5498046875,,,,
2,SD-SRC12,0.01,SD12MO_MAIN9,SD-12MO,MAIN9,SD12MO_MAIN9:M2[N=128]@alpha=0.01,M2_joint_chance_saa,M2_joint_chance_saa[N=128],entry,False,not_met,,,"SAA over the N training scenarios proven infeasible for every alpha_train of the declared grid (training scenarios only; not a population, field or whole-space statement)",main_reference_plan_domain,cp_upper,,,,,False,0,4,0,,,,no scored grid candidate with a ration (not a whole-space statement),128,optimal,0.53125,0.53125,0.6433,0.6435,0.6513966655670271,"diagnostic frontier point (training scenarios only); not a method, never a member"
2,SD-SRC12,0.01,SD12MO_MAIN9,SD-12MO,MAIN9,SD12MO_MAIN9:M2[N=512]@alpha=0.01,M2_joint_chance_saa,M2_joint_chance_saa[N=512],entry,False,not_met,,,"SAA over the N training scenarios proven infeasible for every alpha_train of the declared grid (training scenarios only; not a population, field or whole-space statement)",main_reference_plan_domain,cp_upper,,,,,False,0,4,0,,,,no scored grid candidate with a ration (not a whole-space statement),512,frontier_no_feasible_solution_found_no_ration,0.41015625,0.521484375,,,,
2,SD-SRC12,0.01,SD12MO_MAIN9,SD-12MO,MAIN9,SD12MO_MAIN9:M3a[factory box]@alpha=0.01,M3a_box_robust,M3a_box_robust,entry,False,not_met,,,no value of the declared grid met the validation screen (candidate statuses: proven_infeasible); a grid without a solution is not a statement about the whole decision space,main_reference_plan_domain,cp_upper,,,,,False,0,5,0,,,,no scored grid candidate with a ration (not a whole-space statement),1024,frontier_no_feasible_solution_found_no_ration,0.265625,0.5498046875,,,,
2,SD-SRC12,0.01,SD12MO_MAIN9,SD-12MO,MAIN9,SD12MO_MAIN9:M3b[factory box]@alpha=0.01,M3b_budget_robust,M3b_budget_robust,entry,False,not_met,,,"no value of the declared grid met the validation screen (candidate statuses: optimal, proven_infeasible); a grid without a solution is not a statement about the whole decision space",main_reference_plan_domain,cp_upper,,,,,False,0,35,5,0.9587,0.9619236748112338,"gamma=0 {""k_box"": 1.0}",minimum attainable main-event rate_upper over the declared grid (descriptive; its cost is not a comparable cost),1024,frontier_no_feasible_solution_found_no_ration,0.265625,0.5498046875,,,,
2,SD-SRC12,0.01,SDH0_MAIN9,SD-H0,MAIN9,SDH0_MAIN9:M0,M0_nominal,M0_nominal,entry,True,,,optimal,,main_reference_plan_domain,cp_upper,0.9587,0.9587,0.9619236748112338,False,False,0,1,1,0.9587,0.9619236748112338,,minimum attainable main-event rate_upper over the declared grid (descriptive; its cost is not a comparable cost),1024,feasible_time_limit,0.3955078125,0.6923828125,0.5699,0.5703,0.578476677626352,"diagnostic frontier point (training scenarios only); not a method, never a member"
2,SD-SRC12,0.01,SDH0_MAIN9,SD-H0,MAIN9,"SDH0_MAIN9:M1[relative,apply_to_dm=False]@alpha=0.01",M1_safety_margin,M1_safety_margin[apply_to_dm=False],sensitivity_line,False,not_met,,,"no value of the declared grid met the validation screen (candidate statuses: optimal, proven_infeasible); a grid without a solution is not a statement about the whole decision space",main_reference_plan_domain,cp_upper,,,,,False,0,5,1,0.9587,0.9619236748112338,k=0.0,minimum attainable main-event rate_upper over the declared grid (descriptive; its cost is not a comparable cost),1024,feasible_time_limit,0.3955078125,0.6923828125,0.5699,0.5703,0.578476677626352,"diagnostic frontier point (training scenarios only); not a method, never a member"
2,SD-SRC12,0.01,SDH0_MAIN9,SD-H0,MAIN9,"SDH0_MAIN9:M1[relative,apply_to_dm=True]@alpha=0.01",M1_safety_margin,M1_safety_margin[apply_to_dm=True],entry,False,not_met,,,"no value of the declared grid met the validation screen (candidate statuses: optimal, proven_infeasible); a grid without a solution is not a statement about the whole decision space",main_reference_plan_domain,cp_upper,,,,,False,0,5,1,0.9587,0.9619236748112338,k=0.0,minimum attainable main-event rate_upper over the declared grid (descriptive; its cost is not a comparable cost),1024,feasible_time_limit,0.3955078125,0.6923828125,0.5699,0.5703,0.578476677626352,"diagnostic frontier point (training scenarios only); not a method, never a member"
2,SD-SRC12,0.01,SDH0_MAIN9,SD-H0,MAIN9,SDH0_MAIN9:M2[N=1024]@alpha=0.01,M2_joint_chance_saa,M2_joint_chance_saa[N=1024],entry,False,not_met,,,"SAA over the N training scenarios proven infeasible for every alpha_train of the declared grid (training scenarios only; not a population, field or whole-space statement)",main_reference_plan_domain,cp_upper,,,,,False,0,4,0,,,,no scored grid candidate with a ration (not a whole-space statement),1024,feasible_time_limit,0.3955078125,0.6923828125,0.5699,0.5703,0.578476677626352,"diagnostic frontier point (training scenarios only); not a method, never a member"
2,SD-SRC12,0.01,SDH0_MAIN9,SD-H0,MAIN9,SDH0_MAIN9:M2[N=128]@alpha=0.01,M2_joint_chance_saa,M2_joint_chance_saa[N=128],entry,False,not_met,,,"SAA over the N training scenarios proven infeasible for every alpha_train of the declared grid (training scenarios only; not a population, field or whole-space statement)",main_reference_plan_domain,cp_upper,,,,,False,0,4,0,,,,no scored grid candidate with a ration (not a whole-space statement),128,optimal,0.6796875,0.6796875,0.6001,0.6004,0.6084843973982348,"diagnostic frontier point (training scenarios only); not a method, never a member"
2,SD-SRC12,0.01,SDH0_MAIN9,SD-H0,MAIN9,SDH0_MAIN9:M2[N=512]@alpha=0.01,M2_joint_chance_saa,M2_joint_chance_saa[N=512],entry,False,not_met,,,"SAA over the N training scenarios proven infeasible for every alpha_train of the declared grid (training scenarios only; not a population, field or whole-space statement)",main_reference_plan_domain,cp_upper,,,,,False,0,4,0,,,,no scored grid candidate with a ration (not a whole-space statement),512,frontier_no_feasible_solution_found_no_ration,0.521484375,0.654296875,,,,
2,SD-SRC12,0.01,SDH0_MAIN9,SD-H0,MAIN9,SDH0_MAIN9:M3a[factory box]@alpha=0.01,M3a_box_robust,M3a_box_robust,entry,False,not_met,,,no value of the declared grid met the validation screen (candidate statuses: proven_infeasible); a grid without a solution is not a statement about the whole decision space,main_reference_plan_domain,cp_upper,,,,,False,0,5,0,,,,no scored grid candidate with a ration (not a whole-space statement),1024,feasible_time_limit,0.3955078125,0.6923828125,0.5699,0.5703,0.578476677626352,"diagnostic frontier point (training scenarios only); not a method, never a member"
2,SD-SRC12,0.01,SDH0_MAIN9,SD-H0,MAIN9,SDH0_MAIN9:M3b[factory box]@alpha=0.01,M3b_budget_robust,M3b_budget_robust,entry,False,not_met,,,"no value of the declared grid met the validation screen (candidate statuses: optimal, proven_infeasible); a grid without a solution is not a statement about the whole decision space",main_reference_plan_domain,cp_upper,,,,,False,0,35,5,0.9587,0.9619236748112338,"gamma=0 {""k_box"": 1.0}",minimum attainable main-event rate_upper over the declared grid (descriptive; its cost is not a comparable cost),1024,feasible_time_limit,0.3955078125,0.6923828125,0.5699,0.5703,0.578476677626352,"diagnostic frontier point (training scenarios only); not a method, never a member"
2,SD-SRC12,0.01,SDS2_MAIN9,SD-S2,MAIN9,SDS2_MAIN9:M0,M0_nominal,M0_nominal,entry,True,,,optimal,,main_reference_plan_domain,cp_upper,0.9587,0.9587,0.9619236748112338,False,False,0,1,1,0.9587,0.9619236748112338,,minimum attainable main-event rate_upper over the declared grid (descriptive; its cost is not a comparable cost),1024,frontier_no_feasible_solution_found_no_ration,0.14453125,0.3828125,,,,
2,SD-SRC12,0.01,SDS2_MAIN9,SD-S2,MAIN9,"SDS2_MAIN9:M1[relative,apply_to_dm=False]@alpha=0.01",M1_safety_margin,M1_safety_margin[apply_to_dm=False],sensitivity_line,False,not_met,,,"no value of the declared grid met the validation screen (candidate statuses: optimal, proven_infeasible); a grid without a solution is not a statement about the whole decision space",main_reference_plan_domain,cp_upper,,,,,False,0,5,1,0.9587,0.9619236748112338,k=0.0,minimum attainable main-event rate_upper over the declared grid (descriptive; its cost is not a comparable cost),1024,frontier_no_feasible_solution_found_no_ration,0.14453125,0.3828125,,,,
2,SD-SRC12,0.01,SDS2_MAIN9,SD-S2,MAIN9,"SDS2_MAIN9:M1[relative,apply_to_dm=True]@alpha=0.01",M1_safety_margin,M1_safety_margin[apply_to_dm=True],entry,False,not_met,,,"no value of the declared grid met the validation screen (candidate statuses: optimal, proven_infeasible); a grid without a solution is not a statement about the whole decision space",main_reference_plan_domain,cp_upper,,,,,False,0,5,1,0.9587,0.9619236748112338,k=0.0,minimum attainable main-event rate_upper over the declared grid (descriptive; its cost is not a comparable cost),1024,frontier_no_feasible_solution_found_no_ration,0.14453125,0.3828125,,,,
2,SD-SRC12,0.01,SDS2_MAIN9,SD-S2,MAIN9,SDS2_MAIN9:M2[N=1024]@alpha=0.01,M2_joint_chance_saa,M2_joint_chance_saa[N=1024],entry,False,not_met,,,"SAA over the N training scenarios proven infeasible for every alpha_train of the declared grid (training scenarios only; not a population, field or whole-space statement)",main_reference_plan_domain,cp_upper,,,,,False,0,4,0,,,,no scored grid candidate with a ration (not a whole-space statement),1024,frontier_no_feasible_solution_found_no_ration,0.14453125,0.3828125,,,,
2,SD-SRC12,0.01,SDS2_MAIN9,SD-S2,MAIN9,SDS2_MAIN9:M2[N=128]@alpha=0.01,M2_joint_chance_saa,M2_joint_chance_saa[N=128],entry,False,not_met,,,"SAA over the N training scenarios proven infeasible for every alpha_train of the declared grid (training scenarios only; not a population, field or whole-space statement)",main_reference_plan_domain,cp_upper,,,,,False,0,4,0,,,,no scored grid candidate with a ration (not a whole-space statement),128,optimal,0.3984375,0.3984375,0.6626,0.6628,0.670590355670799,"diagnostic frontier point (training scenarios only); not a method, never a member"
2,SD-SRC12,0.01,SDS2_MAIN9,SD-S2,MAIN9,SDS2_MAIN9:M2[N=512]@alpha=0.01,M2_joint_chance_saa,M2_joint_chance_saa[N=512],entry,False,not_met,,,"SAA over the N training scenarios proven infeasible for every alpha_train of the declared grid (training scenarios only; not a population, field or whole-space statement)",main_reference_plan_domain,cp_upper,,,,,False,0,4,0,,,,no scored grid candidate with a ration (not a whole-space statement),512,frontier_no_feasible_solution_found_no_ration,0.23828125,0.384765625,,,,
2,SD-SRC12,0.01,SDS2_MAIN9,SD-S2,MAIN9,SDS2_MAIN9:M3a[factory box]@alpha=0.01,M3a_box_robust,M3a_box_robust,entry,False,not_met,,,no value of the declared grid met the validation screen (candidate statuses: proven_infeasible); a grid without a solution is not a statement about the whole decision space,main_reference_plan_domain,cp_upper,,,,,False,0,5,0,,,,no scored grid candidate with a ration (not a whole-space statement),1024,frontier_no_feasible_solution_found_no_ration,0.14453125,0.3828125,,,,
2,SD-SRC12,0.01,SDS2_MAIN9,SD-S2,MAIN9,SDS2_MAIN9:M3b[factory box]@alpha=0.01,M3b_budget_robust,M3b_budget_robust,entry,False,not_met,,,"no value of the declared grid met the validation screen (candidate statuses: optimal, proven_infeasible); a grid without a solution is not a statement about the whole decision space",main_reference_plan_domain,cp_upper,,,,,False,0,35,5,0.9587,0.9619236748112338,"gamma=0 {""k_box"": 1.0}",minimum attainable main-event rate_upper over the declared grid (descriptive; its cost is not a comparable cost),1024,frontier_no_feasible_solution_found_no_ration,0.14453125,0.3828125,,,,
2,SD-SRC12,0.01,SDSRC12_MAIN9,SD-SRC12,MAIN9,SDSRC12_MAIN9:M0,M0_nominal,M0_nominal,entry,True,,,optimal,,main_reference_plan_domain,cp_upper,0.9587,0.9587,0.9619236748112338,False,False,0,1,1,0.9587,0.9619236748112338,,minimum attainable main-event rate_upper over the declared grid (descriptive; its cost is not a comparable cost),1024,frontier_no_feasible_solution_found_no_ration,0.2607421875,0.6767578125,,,,
2,SD-SRC12,0.01,SDSRC12_MAIN9,SD-SRC12,MAIN9,"SDSRC12_MAIN9:M1[relative,apply_to_dm=False]@alpha=0.01",M1_safety_margin,M1_safety_margin[apply_to_dm=False],sensitivity_line,False,not_met,,,"no value of the declared grid met the validation screen (candidate statuses: optimal, proven_infeasible); a grid without a solution is not a statement about the whole decision space",main_reference_plan_domain,cp_upper,,,,,False,0,5,1,0.9587,0.9619236748112338,k=0.0,minimum attainable main-event rate_upper over the declared grid (descriptive; its cost is not a comparable cost),1024,frontier_no_feasible_solution_found_no_ration,0.2607421875,0.6767578125,,,,
2,SD-SRC12,0.01,SDSRC12_MAIN9,SD-SRC12,MAIN9,"SDSRC12_MAIN9:M1[relative,apply_to_dm=True]@alpha=0.01",M1_safety_margin,M1_safety_margin[apply_to_dm=True],entry,False,not_met,,,"no value of the declared grid met the validation screen (candidate statuses: optimal, proven_infeasible); a grid without a solution is not a statement about the whole decision space",main_reference_plan_domain,cp_upper,,,,,False,0,5,1,0.9587,0.9619236748112338,k=0.0,minimum attainable main-event rate_upper over the declared grid (descriptive; its cost is not a comparable cost),1024,frontier_no_feasible_solution_found_no_ration,0.2607421875,0.6767578125,,,,
2,SD-SRC12,0.01,SDSRC12_MAIN9,SD-SRC12,MAIN9,SDSRC12_MAIN9:M2[N=1024]@alpha=0.01,M2_joint_chance_saa,M2_joint_chance_saa[N=1024],entry,False,not_met,,,"SAA over the N training scenarios proven infeasible for every alpha_train of the declared grid (training scenarios only; not a population, field or whole-space statement)",main_reference_plan_domain,cp_upper,,,,,False,0,4,0,,,,no scored grid candidate with a ration (not a whole-space statement),1024,frontier_no_feasible_solution_found_no_ration,0.2607421875,0.6767578125,,,,
2,SD-SRC12,0.01,SDSRC12_MAIN9,SD-SRC12,MAIN9,SDSRC12_MAIN9:M2[N=128]@alpha=0.01,M2_joint_chance_saa,M2_joint_chance_saa[N=128],entry,False,not_met,,,"SAA over the N training scenarios proven infeasible for every alpha_train of the declared grid (training scenarios only; not a population, field or whole-space statement)",main_reference_plan_domain,cp_upper,,,,,False,0,4,0,,,,no scored grid candidate with a ration (not a whole-space statement),128,optimal,0.6328125,0.6328125,0.5689,0.5692,0.5773794629809428,"diagnostic frontier point (training scenarios only); not a method, never a member"
2,SD-SRC12,0.01,SDSRC12_MAIN9,SD-SRC12,MAIN9,SDSRC12_MAIN9:M2[N=512]@alpha=0.01,M2_joint_chance_saa,M2_joint_chance_saa[N=512],entry,False,not_met,,,"SAA over the N training scenarios proven infeasible for every alpha_train of the declared grid (training scenarios only; not a population, field or whole-space statement)",main_reference_plan_domain,cp_upper,,,,,False,0,4,0,,,,no scored grid candidate with a ration (not a whole-space statement),512,frontier_no_feasible_solution_found_no_ration,0.4375,0.662109375,,,,
2,SD-SRC12,0.01,SDSRC12_MAIN9,SD-SRC12,MAIN9,SDSRC12_MAIN9:M3a[factory box]@alpha=0.01,M3a_box_robust,M3a_box_robust,entry,False,not_met,,,no value of the declared grid met the validation screen (candidate statuses: proven_infeasible); a grid without a solution is not a statement about the whole decision space,main_reference_plan_domain,cp_upper,,,,,False,0,5,0,,,,no scored grid candidate with a ration (not a whole-space statement),1024,frontier_no_feasible_solution_found_no_ration,0.2607421875,0.6767578125,,,,
2,SD-SRC12,0.01,SDSRC12_MAIN9,SD-SRC12,MAIN9,SDSRC12_MAIN9:M3b[factory box]@alpha=0.01,M3b_budget_robust,M3b_budget_robust,entry,False,not_met,,,"no value of the declared grid met the validation screen (candidate statuses: optimal, proven_infeasible); a grid without a solution is not a statement about the whole decision space",main_reference_plan_domain,cp_upper,,,,,False,0,35,5,0.9587,0.9619236748112338,"gamma=0 {""k_box"": 1.0}",minimum attainable main-event rate_upper over the declared grid (descriptive; its cost is not a comparable cost),1024,frontier_no_feasible_solution_found_no_ration,0.2607421875,0.6767578125,,,,
2,SD-SRC12,0.01,SDSRC14_MAIN9,SD-SRC14,MAIN9,SDSRC14_MAIN9:M0,M0_nominal,M0_nominal,entry,True,,,optimal,,main_reference_plan_domain,cp_upper,0.9587,0.9587,0.9619236748112338,False,False,0,1,1,0.9587,0.9619236748112338,,minimum attainable main-event rate_upper over the declared grid (descriptive; its cost is not a comparable cost),1024,frontier_no_feasible_solution_found_no_ration,0.123046875,0.5205078125,,,,
2,SD-SRC12,0.01,SDSRC14_MAIN9,SD-SRC14,MAIN9,"SDSRC14_MAIN9:M1[relative,apply_to_dm=False]@alpha=0.01",M1_safety_margin,M1_safety_margin[apply_to_dm=False],sensitivity_line,False,not_met,,,"no value of the declared grid met the validation screen (candidate statuses: optimal, proven_infeasible); a grid without a solution is not a statement about the whole decision space",main_reference_plan_domain,cp_upper,,,,,False,0,5,1,0.9587,0.9619236748112338,k=0.0,minimum attainable main-event rate_upper over the declared grid (descriptive; its cost is not a comparable cost),1024,frontier_no_feasible_solution_found_no_ration,0.123046875,0.5205078125,,,,
2,SD-SRC12,0.01,SDSRC14_MAIN9,SD-SRC14,MAIN9,"SDSRC14_MAIN9:M1[relative,apply_to_dm=True]@alpha=0.01",M1_safety_margin,M1_safety_margin[apply_to_dm=True],entry,False,not_met,,,"no value of the declared grid met the validation screen (candidate statuses: optimal, proven_infeasible); a grid without a solution is not a statement about the whole decision space",main_reference_plan_domain,cp_upper,,,,,False,0,5,1,0.9587,0.9619236748112338,k=0.0,minimum attainable main-event rate_upper over the declared grid (descriptive; its cost is not a comparable cost),1024,frontier_no_feasible_solution_found_no_ration,0.123046875,0.5205078125,,,,
2,SD-SRC12,0.01,SDSRC14_MAIN9,SD-SRC14,MAIN9,SDSRC14_MAIN9:M2[N=1024]@alpha=0.01,M2_joint_chance_saa,M2_joint_chance_saa[N=1024],entry,False,not_met,,,"SAA over the N training scenarios proven infeasible for every alpha_train of the declared grid (training scenarios only; not a population, field or whole-space statement)",main_reference_plan_domain,cp_upper,,,,,False,0,4,0,,,,no scored grid candidate with a ration (not a whole-space statement),1024,frontier_no_feasible_solution_found_no_ration,0.123046875,0.5205078125,,,,
2,SD-SRC12,0.01,SDSRC14_MAIN9,SD-SRC14,MAIN9,SDSRC14_MAIN9:M2[N=128]@alpha=0.01,M2_joint_chance_saa,M2_joint_chance_saa[N=128],entry,False,not_met,,,"SAA over the N training scenarios proven infeasible for every alpha_train of the declared grid (training scenarios only; not a population, field or whole-space statement)",main_reference_plan_domain,cp_upper,,,,,False,0,4,0,,,,no scored grid candidate with a ration (not a whole-space statement),128,optimal,0.4609375,0.5,0.6336,0.6339,0.6418443203395745,"diagnostic frontier point (training scenarios only); not a method, never a member"
2,SD-SRC12,0.01,SDSRC14_MAIN9,SD-SRC14,MAIN9,SDSRC14_MAIN9:M2[N=512]@alpha=0.01,M2_joint_chance_saa,M2_joint_chance_saa[N=512],entry,False,not_met,,,"SAA over the N training scenarios proven infeasible for every alpha_train of the declared grid (training scenarios only; not a population, field or whole-space statement)",main_reference_plan_domain,cp_upper,,,,,False,0,4,0,,,,no scored grid candidate with a ration (not a whole-space statement),512,frontier_no_feasible_solution_found_no_ration,0.2890625,0.5,,,,
2,SD-SRC12,0.01,SDSRC14_MAIN9,SD-SRC14,MAIN9,SDSRC14_MAIN9:M3a[factory box]@alpha=0.01,M3a_box_robust,M3a_box_robust,entry,False,not_met,,,no value of the declared grid met the validation screen (candidate statuses: proven_infeasible); a grid without a solution is not a statement about the whole decision space,main_reference_plan_domain,cp_upper,,,,,False,0,5,0,,,,no scored grid candidate with a ration (not a whole-space statement),1024,frontier_no_feasible_solution_found_no_ration,0.123046875,0.5205078125,,,,
2,SD-SRC12,0.01,SDSRC14_MAIN9,SD-SRC14,MAIN9,SDSRC14_MAIN9:M3b[factory box]@alpha=0.01,M3b_budget_robust,M3b_budget_robust,entry,False,not_met,,,"no value of the declared grid met the validation screen (candidate statuses: optimal, proven_infeasible); a grid without a solution is not a statement about the whole decision space",main_reference_plan_domain,cp_upper,,,,,False,0,35,5,0.9587,0.9619236748112338,"gamma=0 {""k_box"": 1.0}",minimum attainable main-event rate_upper over the declared grid (descriptive; its cost is not a comparable cost),1024,frontier_no_feasible_solution_found_no_ration,0.123046875,0.5205078125,,,,
