case,world,scenario,root_index,policy,n_states,fMCP_multiplier,scope,known_failure_count,unknown_count,failure_count,failure_rate,base_failure_count,new_only_failure,base_only_failure,energy_violation_count
R0,TAB,C0,0,old_static,20000,0.8,hypothetical_selected_chain_fixed_actions_not_new_certificate,17948,1,17949,0.89745,18023,0,74,9100
R0,TAB,C0,0,old_static,20000,0.9,hypothetical_selected_chain_fixed_actions_not_new_certificate,17990,1,17991,0.89955,18023,0,32,9370
R0,TAB,C0,0,old_static,20000,1.0,hypothetical_selected_chain_fixed_actions_not_new_certificate,18022,1,18023,0.90115,18023,0,0,9652
R0,TAB,C0,0,old_static,20000,1.1,hypothetical_selected_chain_fixed_actions_not_new_certificate,18068,1,18069,0.90345,18023,46,0,9959
R0,TAB,C0,0,old_static,20000,1.2,hypothetical_selected_chain_fixed_actions_not_new_certificate,18102,1,18103,0.90515,18023,80,0,10230
R0,TAB,C0,0,old_delta,20000,0.8,hypothetical_selected_chain_fixed_actions_not_new_certificate,17913,1,17914,0.8957,17991,0,77,9113
R0,TAB,C0,0,old_delta,20000,0.9,hypothetical_selected_chain_fixed_actions_not_new_certificate,17958,1,17959,0.89795,17991,0,32,9391
R0,TAB,C0,0,old_delta,20000,1.0,hypothetical_selected_chain_fixed_actions_not_new_certificate,17990,1,17991,0.89955,17991,0,0,9669
R0,TAB,C0,0,old_delta,20000,1.1,hypothetical_selected_chain_fixed_actions_not_new_certificate,18036,1,18037,0.90185,17991,46,0,9968
R0,TAB,C0,0,old_delta,20000,1.2,hypothetical_selected_chain_fixed_actions_not_new_certificate,18071,1,18072,0.9036,17991,81,0,10244
R0,TAB,C0,0,expanded_static,20000,0.8,hypothetical_selected_chain_fixed_actions_not_new_certificate,17948,1,17949,0.89745,18023,0,74,9100
R0,TAB,C0,0,expanded_static,20000,0.9,hypothetical_selected_chain_fixed_actions_not_new_certificate,17990,1,17991,0.89955,18023,0,32,9370
R0,TAB,C0,0,expanded_static,20000,1.0,hypothetical_selected_chain_fixed_actions_not_new_certificate,18022,1,18023,0.90115,18023,0,0,9652
R0,TAB,C0,0,expanded_static,20000,1.1,hypothetical_selected_chain_fixed_actions_not_new_certificate,18068,1,18069,0.90345,18023,46,0,9959
R0,TAB,C0,0,expanded_static,20000,1.2,hypothetical_selected_chain_fixed_actions_not_new_certificate,18102,1,18103,0.90515,18023,80,0,10230
R0,TAB,C0,0,expanded_delta,20000,0.8,hypothetical_selected_chain_fixed_actions_not_new_certificate,17922,1,17923,0.89615,17997,0,74,9105
R0,TAB,C0,0,expanded_delta,20000,0.9,hypothetical_selected_chain_fixed_actions_not_new_certificate,17964,1,17965,0.89825,17997,0,32,9377
R0,TAB,C0,0,expanded_delta,20000,1.0,hypothetical_selected_chain_fixed_actions_not_new_certificate,17996,1,17997,0.89985,17997,0,0,9665
R0,TAB,C0,0,expanded_delta,20000,1.1,hypothetical_selected_chain_fixed_actions_not_new_certificate,18042,1,18043,0.90215,17997,46,0,9959
R0,TAB,C0,0,expanded_delta,20000,1.2,hypothetical_selected_chain_fixed_actions_not_new_certificate,18076,1,18077,0.90385,17997,80,0,10233
R0,TAB,C0,0,joint64,20000,0.8,hypothetical_selected_chain_fixed_actions_not_new_certificate,17915,0,17915,0.89575,17997,0,82,9317
R0,TAB,C0,0,joint64,20000,0.9,hypothetical_selected_chain_fixed_actions_not_new_certificate,17961,0,17961,0.89805,17997,0,36,9627
R0,TAB,C0,0,joint64,20000,1.0,hypothetical_selected_chain_fixed_actions_not_new_certificate,17997,0,17997,0.89985,17997,0,0,9911
R0,TAB,C0,0,joint64,20000,1.1,hypothetical_selected_chain_fixed_actions_not_new_certificate,18042,0,18042,0.9021,17997,45,0,10247
R0,TAB,C0,0,joint64,20000,1.2,hypothetical_selected_chain_fixed_actions_not_new_certificate,18074,0,18074,0.9037,17997,77,0,10537
R0,TAB,C0,0,rb16,20000,0.8,hypothetical_selected_chain_fixed_actions_not_new_certificate,17897,0,17897,0.89485,17973,0,76,9295
R0,TAB,C0,0,rb16,20000,0.9,hypothetical_selected_chain_fixed_actions_not_new_certificate,17939,0,17939,0.89695,17973,0,34,9593
R0,TAB,C0,0,rb16,20000,1.0,hypothetical_selected_chain_fixed_actions_not_new_certificate,17973,0,17973,0.89865,17973,0,0,9875
R0,TAB,C0,0,rb16,20000,1.1,hypothetical_selected_chain_fixed_actions_not_new_certificate,18019,0,18019,0.90095,17973,46,0,10203
R0,TAB,C0,0,rb16,20000,1.2,hypothetical_selected_chain_fixed_actions_not_new_certificate,18052,0,18052,0.9026,17973,79,0,10491
R0,TAB,C0,0,joint64_prior,20000,0.8,hypothetical_selected_chain_fixed_actions_not_new_certificate,17915,0,17915,0.89575,17997,0,82,9317
R0,TAB,C0,0,joint64_prior,20000,0.9,hypothetical_selected_chain_fixed_actions_not_new_certificate,17961,0,17961,0.89805,17997,0,36,9627
R0,TAB,C0,0,joint64_prior,20000,1.0,hypothetical_selected_chain_fixed_actions_not_new_certificate,17997,0,17997,0.89985,17997,0,0,9911
R0,TAB,C0,0,joint64_prior,20000,1.1,hypothetical_selected_chain_fixed_actions_not_new_certificate,18042,0,18042,0.9021,17997,45,0,10247
R0,TAB,C0,0,joint64_prior,20000,1.2,hypothetical_selected_chain_fixed_actions_not_new_certificate,18074,0,18074,0.9037,17997,77,0,10537
R0,TAB,C0,1,old_static,20000,0.8,hypothetical_selected_chain_fixed_actions_not_new_certificate,18020,1,18021,0.90105,18101,0,80,9244
R0,TAB,C0,1,old_static,20000,0.9,hypothetical_selected_chain_fixed_actions_not_new_certificate,18061,1,18062,0.9031,18101,0,39,9517
R0,TAB,C0,1,old_static,20000,1.0,hypothetical_selected_chain_fixed_actions_not_new_certificate,18100,1,18101,0.90505,18101,0,0,9762
R0,TAB,C0,1,old_static,20000,1.1,hypothetical_selected_chain_fixed_actions_not_new_certificate,18130,1,18131,0.90655,18101,30,0,10031
R0,TAB,C0,1,old_static,20000,1.2,hypothetical_selected_chain_fixed_actions_not_new_certificate,18168,1,18169,0.90845,18101,68,0,10322
R0,TAB,C0,1,old_delta,20000,0.8,hypothetical_selected_chain_fixed_actions_not_new_certificate,17984,1,17985,0.89925,18065,0,80,9257
R0,TAB,C0,1,old_delta,20000,0.9,hypothetical_selected_chain_fixed_actions_not_new_certificate,18025,1,18026,0.9013,18065,0,39,9531
R0,TAB,C0,1,old_delta,20000,1.0,hypothetical_selected_chain_fixed_actions_not_new_certificate,18064,1,18065,0.90325,18065,0,0,9769
R0,TAB,C0,1,old_delta,20000,1.1,hypothetical_selected_chain_fixed_actions_not_new_certificate,18095,1,18096,0.9048,18065,31,0,10050
R0,TAB,C0,1,old_delta,20000,1.2,hypothetical_selected_chain_fixed_actions_not_new_certificate,18134,1,18135,0.90675,18065,70,0,10345
R0,TAB,C0,1,expanded_static,20000,0.8,hypothetical_selected_chain_fixed_actions_not_new_certificate,18029,1,18030,0.9015,18111,0,81,9256
R0,TAB,C0,1,expanded_static,20000,0.9,hypothetical_selected_chain_fixed_actions_not_new_certificate,18069,1,18070,0.9035,18111,0,41,9521
R0,TAB,C0,1,expanded_static,20000,1.0,hypothetical_selected_chain_fixed_actions_not_new_certificate,18110,1,18111,0.90555,18111,0,0,9770
R0,TAB,C0,1,expanded_static,20000,1.1,hypothetical_selected_chain_fixed_actions_not_new_certificate,18138,1,18139,0.90695,18111,28,0,10041
R0,TAB,C0,1,expanded_static,20000,1.2,hypothetical_selected_chain_fixed_actions_not_new_certificate,18177,1,18178,0.9089,18111,67,0,10335
R0,TAB,C0,1,expanded_delta,20000,0.8,hypothetical_selected_chain_fixed_actions_not_new_certificate,17992,1,17993,0.89965,18073,0,80,9257
R0,TAB,C0,1,expanded_delta,20000,0.9,hypothetical_selected_chain_fixed_actions_not_new_certificate,18033,1,18034,0.9017,18073,0,39,9526
R0,TAB,C0,1,expanded_delta,20000,1.0,hypothetical_selected_chain_fixed_actions_not_new_certificate,18072,1,18073,0.90365,18073,0,0,9768
R0,TAB,C0,1,expanded_delta,20000,1.1,hypothetical_selected_chain_fixed_actions_not_new_certificate,18101,1,18102,0.9051,18073,29,0,10047
R0,TAB,C0,1,expanded_delta,20000,1.2,hypothetical_selected_chain_fixed_actions_not_new_certificate,18141,1,18142,0.9071,18073,69,0,10338
R0,TAB,C0,1,joint64,20000,0.8,hypothetical_selected_chain_fixed_actions_not_new_certificate,17996,0,17996,0.8998,18073,0,77,9449
R0,TAB,C0,1,joint64,20000,0.9,hypothetical_selected_chain_fixed_actions_not_new_certificate,18037,0,18037,0.90185,18073,0,36,9732
R0,TAB,C0,1,joint64,20000,1.0,hypothetical_selected_chain_fixed_actions_not_new_certificate,18073,0,18073,0.90365,18073,0,0,10027
R0,TAB,C0,1,joint64,20000,1.1,hypothetical_selected_chain_fixed_actions_not_new_certificate,18108,0,18108,0.9054,18073,35,0,10336
R0,TAB,C0,1,joint64,20000,1.2,hypothetical_selected_chain_fixed_actions_not_new_certificate,18145,0,18145,0.90725,18073,72,0,10635
R0,TAB,C0,1,rb16,20000,0.8,hypothetical_selected_chain_fixed_actions_not_new_certificate,17948,0,17948,0.8974,18029,0,81,9417
R0,TAB,C0,1,rb16,20000,0.9,hypothetical_selected_chain_fixed_actions_not_new_certificate,17989,0,17989,0.89945,18029,0,40,9702
R0,TAB,C0,1,rb16,20000,1.0,hypothetical_selected_chain_fixed_actions_not_new_certificate,18029,0,18029,0.90145,18029,0,0,9989
R0,TAB,C0,1,rb16,20000,1.1,hypothetical_selected_chain_fixed_actions_not_new_certificate,18061,0,18061,0.90305,18029,32,0,10289
R0,TAB,C0,1,rb16,20000,1.2,hypothetical_selected_chain_fixed_actions_not_new_certificate,18102,0,18102,0.9051,18029,73,0,10597
R0,TAB,C0,1,joint64_prior,20000,0.8,hypothetical_selected_chain_fixed_actions_not_new_certificate,17996,0,17996,0.8998,18073,0,77,9449
R0,TAB,C0,1,joint64_prior,20000,0.9,hypothetical_selected_chain_fixed_actions_not_new_certificate,18037,0,18037,0.90185,18073,0,36,9732
R0,TAB,C0,1,joint64_prior,20000,1.0,hypothetical_selected_chain_fixed_actions_not_new_certificate,18073,0,18073,0.90365,18073,0,0,10027
R0,TAB,C0,1,joint64_prior,20000,1.1,hypothetical_selected_chain_fixed_actions_not_new_certificate,18108,0,18108,0.9054,18073,35,0,10336
R0,TAB,C0,1,joint64_prior,20000,1.2,hypothetical_selected_chain_fixed_actions_not_new_certificate,18145,0,18145,0.90725,18073,72,0,10635
R0,TAB,C0,2,old_static,20000,0.8,hypothetical_selected_chain_fixed_actions_not_new_certificate,18041,0,18041,0.90205,18113,0,72,9156
R0,TAB,C0,2,old_static,20000,0.9,hypothetical_selected_chain_fixed_actions_not_new_certificate,18072,0,18072,0.9036,18113,0,41,9406
R0,TAB,C0,2,old_static,20000,1.0,hypothetical_selected_chain_fixed_actions_not_new_certificate,18113,0,18113,0.90565,18113,0,0,9688
R0,TAB,C0,2,old_static,20000,1.1,hypothetical_selected_chain_fixed_actions_not_new_certificate,18147,0,18147,0.90735,18113,34,0,9944
R0,TAB,C0,2,old_static,20000,1.2,hypothetical_selected_chain_fixed_actions_not_new_certificate,18186,0,18186,0.9093,18113,73,0,10235
R0,TAB,C0,2,old_delta,20000,0.8,hypothetical_selected_chain_fixed_actions_not_new_certificate,18009,0,18009,0.90045,18082,0,73,9171
R0,TAB,C0,2,old_delta,20000,0.9,hypothetical_selected_chain_fixed_actions_not_new_certificate,18041,0,18041,0.90205,18082,0,41,9425
R0,TAB,C0,2,old_delta,20000,1.0,hypothetical_selected_chain_fixed_actions_not_new_certificate,18082,0,18082,0.9041,18082,0,0,9700
R0,TAB,C0,2,old_delta,20000,1.1,hypothetical_selected_chain_fixed_actions_not_new_certificate,18116,0,18116,0.9058,18082,34,0,9961
R0,TAB,C0,2,old_delta,20000,1.2,hypothetical_selected_chain_fixed_actions_not_new_certificate,18158,0,18158,0.9079,18082,76,0,10255
R0,TAB,C0,2,expanded_static,20000,0.8,hypothetical_selected_chain_fixed_actions_not_new_certificate,18041,0,18041,0.90205,18113,0,72,9156
R0,TAB,C0,2,expanded_static,20000,0.9,hypothetical_selected_chain_fixed_actions_not_new_certificate,18072,0,18072,0.9036,18113,0,41,9406
R0,TAB,C0,2,expanded_static,20000,1.0,hypothetical_selected_chain_fixed_actions_not_new_certificate,18113,0,18113,0.90565,18113,0,0,9688
R0,TAB,C0,2,expanded_static,20000,1.1,hypothetical_selected_chain_fixed_actions_not_new_certificate,18147,0,18147,0.90735,18113,34,0,9944
R0,TAB,C0,2,expanded_static,20000,1.2,hypothetical_selected_chain_fixed_actions_not_new_certificate,18186,0,18186,0.9093,18113,73,0,10235
R0,TAB,C0,2,expanded_delta,20000,0.8,hypothetical_selected_chain_fixed_actions_not_new_certificate,18009,0,18009,0.90045,18083,0,74,9165
R0,TAB,C0,2,expanded_delta,20000,0.9,hypothetical_selected_chain_fixed_actions_not_new_certificate,18041,0,18041,0.90205,18083,0,42,9424
R0,TAB,C0,2,expanded_delta,20000,1.0,hypothetical_selected_chain_fixed_actions_not_new_certificate,18083,0,18083,0.90415,18083,0,0,9700
R0,TAB,C0,2,expanded_delta,20000,1.1,hypothetical_selected_chain_fixed_actions_not_new_certificate,18118,0,18118,0.9059,18083,35,0,9961
R0,TAB,C0,2,expanded_delta,20000,1.2,hypothetical_selected_chain_fixed_actions_not_new_certificate,18158,0,18158,0.9079,18083,75,0,10254
R0,TAB,C0,2,joint64,20000,0.8,hypothetical_selected_chain_fixed_actions_not_new_certificate,18000,0,18000,0.9,18073,0,73,9302
R0,TAB,C0,2,joint64,20000,0.9,hypothetical_selected_chain_fixed_actions_not_new_certificate,18030,0,18030,0.9015,18073,0,43,9584
R0,TAB,C0,2,joint64,20000,1.0,hypothetical_selected_chain_fixed_actions_not_new_certificate,18073,0,18073,0.90365,18073,0,0,9872
R0,TAB,C0,2,joint64,20000,1.1,hypothetical_selected_chain_fixed_actions_not_new_certificate,18114,0,18114,0.9057,18073,41,0,10182
R0,TAB,C0,2,joint64,20000,1.2,hypothetical_selected_chain_fixed_actions_not_new_certificate,18147,0,18147,0.90735,18073,74,0,10453
R0,TAB,C0,2,rb16,20000,0.8,hypothetical_selected_chain_fixed_actions_not_new_certificate,17972,0,17972,0.8986,18046,0,74,9287
R0,TAB,C0,2,rb16,20000,0.9,hypothetical_selected_chain_fixed_actions_not_new_certificate,18004,0,18004,0.9002,18046,0,42,9558
R0,TAB,C0,2,rb16,20000,1.0,hypothetical_selected_chain_fixed_actions_not_new_certificate,18046,0,18046,0.9023,18046,0,0,9842
R0,TAB,C0,2,rb16,20000,1.1,hypothetical_selected_chain_fixed_actions_not_new_certificate,18082,0,18082,0.9041,18046,36,0,10150
R0,TAB,C0,2,rb16,20000,1.2,hypothetical_selected_chain_fixed_actions_not_new_certificate,18120,0,18120,0.906,18046,74,0,10426
R0,TAB,C0,2,joint64_prior,20000,0.8,hypothetical_selected_chain_fixed_actions_not_new_certificate,18000,0,18000,0.9,18073,0,73,9302
R0,TAB,C0,2,joint64_prior,20000,0.9,hypothetical_selected_chain_fixed_actions_not_new_certificate,18030,0,18030,0.9015,18073,0,43,9584
R0,TAB,C0,2,joint64_prior,20000,1.0,hypothetical_selected_chain_fixed_actions_not_new_certificate,18073,0,18073,0.90365,18073,0,0,9872
R0,TAB,C0,2,joint64_prior,20000,1.1,hypothetical_selected_chain_fixed_actions_not_new_certificate,18114,0,18114,0.9057,18073,41,0,10182
R0,TAB,C0,2,joint64_prior,20000,1.2,hypothetical_selected_chain_fixed_actions_not_new_certificate,18147,0,18147,0.90735,18073,74,0,10453
R0,TAB,C1,0,old_static,20000,0.8,hypothetical_selected_chain_fixed_actions_not_new_certificate,17805,0,17805,0.89025,17883,0,78,9064
R0,TAB,C1,0,old_static,20000,0.9,hypothetical_selected_chain_fixed_actions_not_new_certificate,17846,0,17846,0.8923,17883,0,37,9344
R0,TAB,C1,0,old_static,20000,1.0,hypothetical_selected_chain_fixed_actions_not_new_certificate,17883,0,17883,0.89415,17883,0,0,9618
R0,TAB,C1,0,old_static,20000,1.1,hypothetical_selected_chain_fixed_actions_not_new_certificate,17932,0,17932,0.8966,17883,49,0,9883
R0,TAB,C1,0,old_static,20000,1.2,hypothetical_selected_chain_fixed_actions_not_new_certificate,17976,0,17976,0.8988,17883,93,0,10182
R0,TAB,C1,0,old_delta,20000,0.8,hypothetical_selected_chain_fixed_actions_not_new_certificate,17785,0,17785,0.88925,17863,0,78,9080
R0,TAB,C1,0,old_delta,20000,0.9,hypothetical_selected_chain_fixed_actions_not_new_certificate,17826,0,17826,0.8913,17863,0,37,9357
R0,TAB,C1,0,old_delta,20000,1.0,hypothetical_selected_chain_fixed_actions_not_new_certificate,17863,0,17863,0.89315,17863,0,0,9630
R0,TAB,C1,0,old_delta,20000,1.1,hypothetical_selected_chain_fixed_actions_not_new_certificate,17913,0,17913,0.89565,17863,50,0,9901
R0,TAB,C1,0,old_delta,20000,1.2,hypothetical_selected_chain_fixed_actions_not_new_certificate,17956,0,17956,0.8978,17863,93,0,10195
R0,TAB,C1,0,expanded_static,20000,0.8,hypothetical_selected_chain_fixed_actions_not_new_certificate,17805,0,17805,0.89025,17883,0,78,9064
R0,TAB,C1,0,expanded_static,20000,0.9,hypothetical_selected_chain_fixed_actions_not_new_certificate,17846,0,17846,0.8923,17883,0,37,9344
R0,TAB,C1,0,expanded_static,20000,1.0,hypothetical_selected_chain_fixed_actions_not_new_certificate,17883,0,17883,0.89415,17883,0,0,9618
R0,TAB,C1,0,expanded_static,20000,1.1,hypothetical_selected_chain_fixed_actions_not_new_certificate,17932,0,17932,0.8966,17883,49,0,9883
R0,TAB,C1,0,expanded_static,20000,1.2,hypothetical_selected_chain_fixed_actions_not_new_certificate,17976,0,17976,0.8988,17883,93,0,10182
R0,TAB,C1,0,expanded_delta,20000,0.8,hypothetical_selected_chain_fixed_actions_not_new_certificate,17783,0,17783,0.88915,17861,0,78,9079
R0,TAB,C1,0,expanded_delta,20000,0.9,hypothetical_selected_chain_fixed_actions_not_new_certificate,17823,0,17823,0.89115,17861,0,38,9349
R0,TAB,C1,0,expanded_delta,20000,1.0,hypothetical_selected_chain_fixed_actions_not_new_certificate,17861,0,17861,0.89305,17861,0,0,9630
R0,TAB,C1,0,expanded_delta,20000,1.1,hypothetical_selected_chain_fixed_actions_not_new_certificate,17911,0,17911,0.89555,17861,50,0,9894
R0,TAB,C1,0,expanded_delta,20000,1.2,hypothetical_selected_chain_fixed_actions_not_new_certificate,17954,0,17954,0.8977,17861,93,0,10192
R0,TAB,C1,0,joint64,20000,0.8,hypothetical_selected_chain_fixed_actions_not_new_certificate,17766,0,17766,0.8883,17845,0,79,9277
R0,TAB,C1,0,joint64,20000,0.9,hypothetical_selected_chain_fixed_actions_not_new_certificate,17808,0,17808,0.8904,17845,0,37,9577
R0,TAB,C1,0,joint64,20000,1.0,hypothetical_selected_chain_fixed_actions_not_new_certificate,17845,0,17845,0.89225,17845,0,0,9870
R0,TAB,C1,0,joint64,20000,1.1,hypothetical_selected_chain_fixed_actions_not_new_certificate,17896,0,17896,0.8948,17845,51,0,10184
R0,TAB,C1,0,joint64,20000,1.2,hypothetical_selected_chain_fixed_actions_not_new_certificate,17945,0,17945,0.89725,17845,100,0,10449
R0,TAB,C1,0,rb16,20000,0.8,hypothetical_selected_chain_fixed_actions_not_new_certificate,17747,0,17747,0.88735,17826,0,79,9242
R0,TAB,C1,0,rb16,20000,0.9,hypothetical_selected_chain_fixed_actions_not_new_certificate,17787,0,17787,0.88935,17826,0,39,9541
R0,TAB,C1,0,rb16,20000,1.0,hypothetical_selected_chain_fixed_actions_not_new_certificate,17826,0,17826,0.8913,17826,0,0,9837
R0,TAB,C1,0,rb16,20000,1.1,hypothetical_selected_chain_fixed_actions_not_new_certificate,17876,0,17876,0.8938,17826,50,0,10140
R0,TAB,C1,0,rb16,20000,1.2,hypothetical_selected_chain_fixed_actions_not_new_certificate,17921,0,17921,0.89605,17826,95,0,10406
R0,TAB,C1,0,joint64_prior,20000,0.8,hypothetical_selected_chain_fixed_actions_not_new_certificate,17766,0,17766,0.8883,17845,0,79,9277
R0,TAB,C1,0,joint64_prior,20000,0.9,hypothetical_selected_chain_fixed_actions_not_new_certificate,17808,0,17808,0.8904,17845,0,37,9577
R0,TAB,C1,0,joint64_prior,20000,1.0,hypothetical_selected_chain_fixed_actions_not_new_certificate,17845,0,17845,0.89225,17845,0,0,9870
R0,TAB,C1,0,joint64_prior,20000,1.1,hypothetical_selected_chain_fixed_actions_not_new_certificate,17896,0,17896,0.8948,17845,51,0,10184
R0,TAB,C1,0,joint64_prior,20000,1.2,hypothetical_selected_chain_fixed_actions_not_new_certificate,17945,0,17945,0.89725,17845,100,0,10449
R0,TAB,C1,1,old_static,20000,0.8,hypothetical_selected_chain_fixed_actions_not_new_certificate,17808,2,17810,0.8905,17905,0,95,9021
R0,TAB,C1,1,old_static,20000,0.9,hypothetical_selected_chain_fixed_actions_not_new_certificate,17856,2,17858,0.8929,17905,0,47,9279
R0,TAB,C1,1,old_static,20000,1.0,hypothetical_selected_chain_fixed_actions_not_new_certificate,17903,2,17905,0.89525,17905,0,0,9568
R0,TAB,C1,1,old_static,20000,1.1,hypothetical_selected_chain_fixed_actions_not_new_certificate,17951,2,17953,0.89765,17905,48,0,9862
R0,TAB,C1,1,old_static,20000,1.2,hypothetical_selected_chain_fixed_actions_not_new_certificate,17992,2,17994,0.8997,17905,89,0,10126
R0,TAB,C1,1,old_delta,20000,0.8,hypothetical_selected_chain_fixed_actions_not_new_certificate,17782,2,17784,0.8892,17882,0,98,9036
R0,TAB,C1,1,old_delta,20000,0.9,hypothetical_selected_chain_fixed_actions_not_new_certificate,17831,2,17833,0.89165,17882,0,49,9295
R0,TAB,C1,1,old_delta,20000,1.0,hypothetical_selected_chain_fixed_actions_not_new_certificate,17880,2,17882,0.8941,17882,0,0,9586
R0,TAB,C1,1,old_delta,20000,1.1,hypothetical_selected_chain_fixed_actions_not_new_certificate,17929,2,17931,0.89655,17882,49,0,9874
R0,TAB,C1,1,old_delta,20000,1.2,hypothetical_selected_chain_fixed_actions_not_new_certificate,17971,2,17973,0.89865,17882,91,0,10140
R0,TAB,C1,1,expanded_static,20000,0.8,hypothetical_selected_chain_fixed_actions_not_new_certificate,17808,2,17810,0.8905,17905,0,95,9021
R0,TAB,C1,1,expanded_static,20000,0.9,hypothetical_selected_chain_fixed_actions_not_new_certificate,17856,2,17858,0.8929,17905,0,47,9279
R0,TAB,C1,1,expanded_static,20000,1.0,hypothetical_selected_chain_fixed_actions_not_new_certificate,17903,2,17905,0.89525,17905,0,0,9568
R0,TAB,C1,1,expanded_static,20000,1.1,hypothetical_selected_chain_fixed_actions_not_new_certificate,17951,2,17953,0.89765,17905,48,0,9862
R0,TAB,C1,1,expanded_static,20000,1.2,hypothetical_selected_chain_fixed_actions_not_new_certificate,17992,2,17994,0.8997,17905,89,0,10126
R0,TAB,C1,1,expanded_delta,20000,0.8,hypothetical_selected_chain_fixed_actions_not_new_certificate,17783,2,17785,0.88925,17882,0,97,9040
R0,TAB,C1,1,expanded_delta,20000,0.9,hypothetical_selected_chain_fixed_actions_not_new_certificate,17830,2,17832,0.8916,17882,0,50,9289
R0,TAB,C1,1,expanded_delta,20000,1.0,hypothetical_selected_chain_fixed_actions_not_new_certificate,17880,2,17882,0.8941,17882,0,0,9584
R0,TAB,C1,1,expanded_delta,20000,1.1,hypothetical_selected_chain_fixed_actions_not_new_certificate,17932,2,17934,0.8967,17882,52,0,9879
R0,TAB,C1,1,expanded_delta,20000,1.2,hypothetical_selected_chain_fixed_actions_not_new_certificate,17971,2,17973,0.89865,17882,91,0,10140
R0,TAB,C1,1,joint64,20000,0.8,hypothetical_selected_chain_fixed_actions_not_new_certificate,17788,0,17788,0.8894,17883,0,95,9226
R0,TAB,C1,1,joint64,20000,0.9,hypothetical_selected_chain_fixed_actions_not_new_certificate,17837,0,17837,0.89185,17883,0,46,9523
R0,TAB,C1,1,joint64,20000,1.0,hypothetical_selected_chain_fixed_actions_not_new_certificate,17883,0,17883,0.89415,17883,0,0,9834
R0,TAB,C1,1,joint64,20000,1.1,hypothetical_selected_chain_fixed_actions_not_new_certificate,17926,0,17926,0.8963,17883,43,0,10126
R0,TAB,C1,1,joint64,20000,1.2,hypothetical_selected_chain_fixed_actions_not_new_certificate,17967,0,17967,0.89835,17883,84,0,10391
R0,TAB,C1,1,rb16,20000,0.8,hypothetical_selected_chain_fixed_actions_not_new_certificate,17748,0,17748,0.8874,17844,0,96,9183
R0,TAB,C1,1,rb16,20000,0.9,hypothetical_selected_chain_fixed_actions_not_new_certificate,17796,0,17796,0.8898,17844,0,48,9476
R0,TAB,C1,1,rb16,20000,1.0,hypothetical_selected_chain_fixed_actions_not_new_certificate,17844,0,17844,0.8922,17844,0,0,9790
R0,TAB,C1,1,rb16,20000,1.1,hypothetical_selected_chain_fixed_actions_not_new_certificate,17898,0,17898,0.8949,17844,54,0,10093
R0,TAB,C1,1,rb16,20000,1.2,hypothetical_selected_chain_fixed_actions_not_new_certificate,17938,0,17938,0.8969,17844,94,0,10346
R0,TAB,C1,1,joint64_prior,20000,0.8,hypothetical_selected_chain_fixed_actions_not_new_certificate,17788,0,17788,0.8894,17883,0,95,9226
R0,TAB,C1,1,joint64_prior,20000,0.9,hypothetical_selected_chain_fixed_actions_not_new_certificate,17837,0,17837,0.89185,17883,0,46,9523
R0,TAB,C1,1,joint64_prior,20000,1.0,hypothetical_selected_chain_fixed_actions_not_new_certificate,17883,0,17883,0.89415,17883,0,0,9834
R0,TAB,C1,1,joint64_prior,20000,1.1,hypothetical_selected_chain_fixed_actions_not_new_certificate,17926,0,17926,0.8963,17883,43,0,10126
R0,TAB,C1,1,joint64_prior,20000,1.2,hypothetical_selected_chain_fixed_actions_not_new_certificate,17967,0,17967,0.89835,17883,84,0,10391
R0,TAB,C1,2,old_static,20000,0.8,hypothetical_selected_chain_fixed_actions_not_new_certificate,17811,0,17811,0.89055,17914,0,103,9074
R0,TAB,C1,2,old_static,20000,0.9,hypothetical_selected_chain_fixed_actions_not_new_certificate,17861,0,17861,0.89305,17914,0,53,9351
R0,TAB,C1,2,old_static,20000,1.0,hypothetical_selected_chain_fixed_actions_not_new_certificate,17914,0,17914,0.8957,17914,0,0,9645
R0,TAB,C1,2,old_static,20000,1.1,hypothetical_selected_chain_fixed_actions_not_new_certificate,17961,0,17961,0.89805,17914,47,0,9932
R0,TAB,C1,2,old_static,20000,1.2,hypothetical_selected_chain_fixed_actions_not_new_certificate,18001,0,18001,0.90005,17914,87,0,10203
R0,TAB,C1,2,old_delta,20000,0.8,hypothetical_selected_chain_fixed_actions_not_new_certificate,17780,0,17780,0.889,17884,0,104,9092
R0,TAB,C1,2,old_delta,20000,0.9,hypothetical_selected_chain_fixed_actions_not_new_certificate,17831,0,17831,0.89155,17884,0,53,9366
R0,TAB,C1,2,old_delta,20000,1.0,hypothetical_selected_chain_fixed_actions_not_new_certificate,17884,0,17884,0.8942,17884,0,0,9659
R0,TAB,C1,2,old_delta,20000,1.1,hypothetical_selected_chain_fixed_actions_not_new_certificate,17933,0,17933,0.89665,17884,49,0,9946
R0,TAB,C1,2,old_delta,20000,1.2,hypothetical_selected_chain_fixed_actions_not_new_certificate,17973,0,17973,0.89865,17884,89,0,10214
R0,TAB,C1,2,expanded_static,20000,0.8,hypothetical_selected_chain_fixed_actions_not_new_certificate,17811,0,17811,0.89055,17914,0,103,9074
R0,TAB,C1,2,expanded_static,20000,0.9,hypothetical_selected_chain_fixed_actions_not_new_certificate,17861,0,17861,0.89305,17914,0,53,9351
R0,TAB,C1,2,expanded_static,20000,1.0,hypothetical_selected_chain_fixed_actions_not_new_certificate,17914,0,17914,0.8957,17914,0,0,9645
R0,TAB,C1,2,expanded_static,20000,1.1,hypothetical_selected_chain_fixed_actions_not_new_certificate,17961,0,17961,0.89805,17914,47,0,9932
R0,TAB,C1,2,expanded_static,20000,1.2,hypothetical_selected_chain_fixed_actions_not_new_certificate,18001,0,18001,0.90005,17914,87,0,10203
R0,TAB,C1,2,expanded_delta,20000,0.8,hypothetical_selected_chain_fixed_actions_not_new_certificate,17780,0,17780,0.889,17883,0,103,9085
R0,TAB,C1,2,expanded_delta,20000,0.9,hypothetical_selected_chain_fixed_actions_not_new_certificate,17831,0,17831,0.89155,17883,0,52,9366
R0,TAB,C1,2,expanded_delta,20000,1.0,hypothetical_selected_chain_fixed_actions_not_new_certificate,17883,0,17883,0.89415,17883,0,0,9656
R0,TAB,C1,2,expanded_delta,20000,1.1,hypothetical_selected_chain_fixed_actions_not_new_certificate,17932,0,17932,0.8966,17883,49,0,9944
R0,TAB,C1,2,expanded_delta,20000,1.2,hypothetical_selected_chain_fixed_actions_not_new_certificate,17972,0,17972,0.8986,17883,89,0,10212
R0,TAB,C1,2,joint64,20000,0.8,hypothetical_selected_chain_fixed_actions_not_new_certificate,17782,0,17782,0.8891,17886,0,104,9284
R0,TAB,C1,2,joint64,20000,0.9,hypothetical_selected_chain_fixed_actions_not_new_certificate,17832,0,17832,0.8916,17886,0,54,9586
R0,TAB,C1,2,joint64,20000,1.0,hypothetical_selected_chain_fixed_actions_not_new_certificate,17886,0,17886,0.8943,17886,0,0,9907
R0,TAB,C1,2,joint64,20000,1.1,hypothetical_selected_chain_fixed_actions_not_new_certificate,17931,0,17931,0.89655,17886,45,0,10189
R0,TAB,C1,2,joint64,20000,1.2,hypothetical_selected_chain_fixed_actions_not_new_certificate,17979,0,17979,0.89895,17886,93,0,10485
R0,TAB,C1,2,rb16,20000,0.8,hypothetical_selected_chain_fixed_actions_not_new_certificate,17747,0,17747,0.88735,17852,0,105,9244
R0,TAB,C1,2,rb16,20000,0.9,hypothetical_selected_chain_fixed_actions_not_new_certificate,17798,0,17798,0.8899,17852,0,54,9548
R0,TAB,C1,2,rb16,20000,1.0,hypothetical_selected_chain_fixed_actions_not_new_certificate,17852,0,17852,0.8926,17852,0,0,9864
R0,TAB,C1,2,rb16,20000,1.1,hypothetical_selected_chain_fixed_actions_not_new_certificate,17900,0,17900,0.895,17852,48,0,10154
R0,TAB,C1,2,rb16,20000,1.2,hypothetical_selected_chain_fixed_actions_not_new_certificate,17942,0,17942,0.8971,17852,90,0,10438
R0,TAB,C1,2,joint64_prior,20000,0.8,hypothetical_selected_chain_fixed_actions_not_new_certificate,17782,0,17782,0.8891,17886,0,104,9284
R0,TAB,C1,2,joint64_prior,20000,0.9,hypothetical_selected_chain_fixed_actions_not_new_certificate,17832,0,17832,0.8916,17886,0,54,9586
R0,TAB,C1,2,joint64_prior,20000,1.0,hypothetical_selected_chain_fixed_actions_not_new_certificate,17886,0,17886,0.8943,17886,0,0,9907
R0,TAB,C1,2,joint64_prior,20000,1.1,hypothetical_selected_chain_fixed_actions_not_new_certificate,17931,0,17931,0.89655,17886,45,0,10189
R0,TAB,C1,2,joint64_prior,20000,1.2,hypothetical_selected_chain_fixed_actions_not_new_certificate,17979,0,17979,0.89895,17886,93,0,10485
R0,TAB,C2,0,old_static,20000,0.8,hypothetical_selected_chain_fixed_actions_not_new_certificate,18464,1,18465,0.92325,18559,0,94,9037
R0,TAB,C2,0,old_static,20000,0.9,hypothetical_selected_chain_fixed_actions_not_new_certificate,18513,1,18514,0.9257,18559,0,45,9317
R0,TAB,C2,0,old_static,20000,1.0,hypothetical_selected_chain_fixed_actions_not_new_certificate,18558,1,18559,0.92795,18559,0,0,9568
R0,TAB,C2,0,old_static,20000,1.1,hypothetical_selected_chain_fixed_actions_not_new_certificate,18605,1,18606,0.9303,18559,47,0,9845
R0,TAB,C2,0,old_static,20000,1.2,hypothetical_selected_chain_fixed_actions_not_new_certificate,18655,1,18656,0.9328,18559,97,0,10114
R0,TAB,C2,0,old_delta,20000,0.8,hypothetical_selected_chain_fixed_actions_not_new_certificate,18450,1,18451,0.92255,18549,0,98,9048
R0,TAB,C2,0,old_delta,20000,0.9,hypothetical_selected_chain_fixed_actions_not_new_certificate,18502,1,18503,0.92515,18549,0,46,9328
R0,TAB,C2,0,old_delta,20000,1.0,hypothetical_selected_chain_fixed_actions_not_new_certificate,18548,1,18549,0.92745,18549,0,0,9586
R0,TAB,C2,0,old_delta,20000,1.1,hypothetical_selected_chain_fixed_actions_not_new_certificate,18594,1,18595,0.92975,18549,46,0,9854
R0,TAB,C2,0,old_delta,20000,1.2,hypothetical_selected_chain_fixed_actions_not_new_certificate,18645,1,18646,0.9323,18549,97,0,10125
R0,TAB,C2,0,expanded_static,20000,0.8,hypothetical_selected_chain_fixed_actions_not_new_certificate,18464,1,18465,0.92325,18559,0,94,9037
R0,TAB,C2,0,expanded_static,20000,0.9,hypothetical_selected_chain_fixed_actions_not_new_certificate,18513,1,18514,0.9257,18559,0,45,9317
R0,TAB,C2,0,expanded_static,20000,1.0,hypothetical_selected_chain_fixed_actions_not_new_certificate,18558,1,18559,0.92795,18559,0,0,9568
R0,TAB,C2,0,expanded_static,20000,1.1,hypothetical_selected_chain_fixed_actions_not_new_certificate,18605,1,18606,0.9303,18559,47,0,9845
R0,TAB,C2,0,expanded_static,20000,1.2,hypothetical_selected_chain_fixed_actions_not_new_certificate,18655,1,18656,0.9328,18559,97,0,10114
R0,TAB,C2,0,expanded_delta,20000,0.8,hypothetical_selected_chain_fixed_actions_not_new_certificate,18442,1,18443,0.92215,18541,0,98,9041
R0,TAB,C2,0,expanded_delta,20000,0.9,hypothetical_selected_chain_fixed_actions_not_new_certificate,18496,1,18497,0.92485,18541,0,44,9323
R0,TAB,C2,0,expanded_delta,20000,1.0,hypothetical_selected_chain_fixed_actions_not_new_certificate,18540,1,18541,0.92705,18541,0,0,9570
R0,TAB,C2,0,expanded_delta,20000,1.1,hypothetical_selected_chain_fixed_actions_not_new_certificate,18588,1,18589,0.92945,18541,48,0,9847
R0,TAB,C2,0,expanded_delta,20000,1.2,hypothetical_selected_chain_fixed_actions_not_new_certificate,18641,1,18642,0.9321,18541,101,0,10121
R0,TAB,C2,0,joint64,20000,0.8,hypothetical_selected_chain_fixed_actions_not_new_certificate,18441,1,18442,0.9221,18544,0,102,9247
R0,TAB,C2,0,joint64,20000,0.9,hypothetical_selected_chain_fixed_actions_not_new_certificate,18492,1,18493,0.92465,18544,0,51,9545
R0,TAB,C2,0,joint64,20000,1.0,hypothetical_selected_chain_fixed_actions_not_new_certificate,18543,1,18544,0.9272,18544,0,0,9821
R0,TAB,C2,0,joint64,20000,1.1,hypothetical_selected_chain_fixed_actions_not_new_certificate,18596,1,18597,0.92985,18544,53,0,10116
R0,TAB,C2,0,joint64,20000,1.2,hypothetical_selected_chain_fixed_actions_not_new_certificate,18639,1,18640,0.932,18544,96,0,10431
R0,TAB,C2,0,rb16,20000,0.8,hypothetical_selected_chain_fixed_actions_not_new_certificate,18412,1,18413,0.92065,18513,0,100,9213
R0,TAB,C2,0,rb16,20000,0.9,hypothetical_selected_chain_fixed_actions_not_new_certificate,18465,1,18466,0.9233,18513,0,47,9507
R0,TAB,C2,0,rb16,20000,1.0,hypothetical_selected_chain_fixed_actions_not_new_certificate,18512,1,18513,0.92565,18513,0,0,9784
R0,TAB,C2,0,rb16,20000,1.1,hypothetical_selected_chain_fixed_actions_not_new_certificate,18560,1,18561,0.92805,18513,48,0,10064
R0,TAB,C2,0,rb16,20000,1.2,hypothetical_selected_chain_fixed_actions_not_new_certificate,18610,1,18611,0.93055,18513,98,0,10379
R0,TAB,C2,0,joint64_prior,20000,0.8,hypothetical_selected_chain_fixed_actions_not_new_certificate,18435,1,18436,0.9218,18534,0,98,9241
R0,TAB,C2,0,joint64_prior,20000,0.9,hypothetical_selected_chain_fixed_actions_not_new_certificate,18485,1,18486,0.9243,18534,0,48,9540
R0,TAB,C2,0,joint64_prior,20000,1.0,hypothetical_selected_chain_fixed_actions_not_new_certificate,18533,1,18534,0.9267,18534,0,0,9820
R0,TAB,C2,0,joint64_prior,20000,1.1,hypothetical_selected_chain_fixed_actions_not_new_certificate,18586,1,18587,0.92935,18534,53,0,10107
R0,TAB,C2,0,joint64_prior,20000,1.2,hypothetical_selected_chain_fixed_actions_not_new_certificate,18638,1,18639,0.93195,18534,105,0,10436
R0,TAB,C2,1,old_static,20000,0.8,hypothetical_selected_chain_fixed_actions_not_new_certificate,18423,0,18423,0.92115,18522,0,99,9189
R0,TAB,C2,1,old_static,20000,0.9,hypothetical_selected_chain_fixed_actions_not_new_certificate,18469,0,18469,0.92345,18522,0,53,9457
R0,TAB,C2,1,old_static,20000,1.0,hypothetical_selected_chain_fixed_actions_not_new_certificate,18522,0,18522,0.9261,18522,0,0,9727
R0,TAB,C2,1,old_static,20000,1.1,hypothetical_selected_chain_fixed_actions_not_new_certificate,18572,0,18572,0.9286,18522,50,0,9998
R0,TAB,C2,1,old_static,20000,1.2,hypothetical_selected_chain_fixed_actions_not_new_certificate,18629,0,18629,0.93145,18522,107,0,10287
R0,TAB,C2,1,old_delta,20000,0.8,hypothetical_selected_chain_fixed_actions_not_new_certificate,18403,0,18403,0.92015,18505,0,102,9197
R0,TAB,C2,1,old_delta,20000,0.9,hypothetical_selected_chain_fixed_actions_not_new_certificate,18452,0,18452,0.9226,18505,0,53,9476
R0,TAB,C2,1,old_delta,20000,1.0,hypothetical_selected_chain_fixed_actions_not_new_certificate,18505,0,18505,0.92525,18505,0,0,9742
R0,TAB,C2,1,old_delta,20000,1.1,hypothetical_selected_chain_fixed_actions_not_new_certificate,18556,0,18556,0.9278,18505,51,0,10012
R0,TAB,C2,1,old_delta,20000,1.2,hypothetical_selected_chain_fixed_actions_not_new_certificate,18615,0,18615,0.93075,18505,110,0,10300
R0,TAB,C2,1,expanded_static,20000,0.8,hypothetical_selected_chain_fixed_actions_not_new_certificate,18423,0,18423,0.92115,18522,0,99,9189
R0,TAB,C2,1,expanded_static,20000,0.9,hypothetical_selected_chain_fixed_actions_not_new_certificate,18469,0,18469,0.92345,18522,0,53,9457
R0,TAB,C2,1,expanded_static,20000,1.0,hypothetical_selected_chain_fixed_actions_not_new_certificate,18522,0,18522,0.9261,18522,0,0,9727
R0,TAB,C2,1,expanded_static,20000,1.1,hypothetical_selected_chain_fixed_actions_not_new_certificate,18572,0,18572,0.9286,18522,50,0,9998
R0,TAB,C2,1,expanded_static,20000,1.2,hypothetical_selected_chain_fixed_actions_not_new_certificate,18629,0,18629,0.93145,18522,107,0,10287
R0,TAB,C2,1,expanded_delta,20000,0.8,hypothetical_selected_chain_fixed_actions_not_new_certificate,18407,0,18407,0.92035,18509,0,102,9198
R0,TAB,C2,1,expanded_delta,20000,0.9,hypothetical_selected_chain_fixed_actions_not_new_certificate,18456,0,18456,0.9228,18509,0,53,9471
R0,TAB,C2,1,expanded_delta,20000,1.0,hypothetical_selected_chain_fixed_actions_not_new_certificate,18509,0,18509,0.92545,18509,0,0,9740
R0,TAB,C2,1,expanded_delta,20000,1.1,hypothetical_selected_chain_fixed_actions_not_new_certificate,18561,0,18561,0.92805,18509,52,0,10011
R0,TAB,C2,1,expanded_delta,20000,1.2,hypothetical_selected_chain_fixed_actions_not_new_certificate,18617,0,18617,0.93085,18509,108,0,10302
R0,TAB,C2,1,joint64,20000,0.8,hypothetical_selected_chain_fixed_actions_not_new_certificate,18417,0,18417,0.92085,18511,0,94,9421
R0,TAB,C2,1,joint64,20000,0.9,hypothetical_selected_chain_fixed_actions_not_new_certificate,18467,0,18467,0.92335,18511,0,44,9704
R0,TAB,C2,1,joint64,20000,1.0,hypothetical_selected_chain_fixed_actions_not_new_certificate,18511,0,18511,0.92555,18511,0,0,9951
R0,TAB,C2,1,joint64,20000,1.1,hypothetical_selected_chain_fixed_actions_not_new_certificate,18571,0,18571,0.92855,18511,60,0,10270
R0,TAB,C2,1,joint64,20000,1.2,hypothetical_selected_chain_fixed_actions_not_new_certificate,18629,0,18629,0.93145,18511,118,0,10592
R0,TAB,C2,1,rb16,20000,0.8,hypothetical_selected_chain_fixed_actions_not_new_certificate,18398,0,18398,0.9199,18499,0,101,9383
R0,TAB,C2,1,rb16,20000,0.9,hypothetical_selected_chain_fixed_actions_not_new_certificate,18447,0,18447,0.92235,18499,0,52,9665
R0,TAB,C2,1,rb16,20000,1.0,hypothetical_selected_chain_fixed_actions_not_new_certificate,18499,0,18499,0.92495,18499,0,0,9929
R0,TAB,C2,1,rb16,20000,1.1,hypothetical_selected_chain_fixed_actions_not_new_certificate,18550,0,18550,0.9275,18499,51,0,10239
R0,TAB,C2,1,rb16,20000,1.2,hypothetical_selected_chain_fixed_actions_not_new_certificate,18607,0,18607,0.93035,18499,108,0,10552
R0,TAB,C2,1,joint64_prior,20000,0.8,hypothetical_selected_chain_fixed_actions_not_new_certificate,18418,0,18418,0.9209,18515,0,97,9412
R0,TAB,C2,1,joint64_prior,20000,0.9,hypothetical_selected_chain_fixed_actions_not_new_certificate,18468,0,18468,0.9234,18515,0,47,9695
R0,TAB,C2,1,joint64_prior,20000,1.0,hypothetical_selected_chain_fixed_actions_not_new_certificate,18515,0,18515,0.92575,18515,0,0,9951
R0,TAB,C2,1,joint64_prior,20000,1.1,hypothetical_selected_chain_fixed_actions_not_new_certificate,18574,0,18574,0.9287,18515,59,0,10267
R0,TAB,C2,1,joint64_prior,20000,1.2,hypothetical_selected_chain_fixed_actions_not_new_certificate,18634,0,18634,0.9317,18515,119,0,10590
R0,TAB,C2,2,old_static,20000,0.8,hypothetical_selected_chain_fixed_actions_not_new_certificate,18407,0,18407,0.92035,18529,0,122,8950
R0,TAB,C2,2,old_static,20000,0.9,hypothetical_selected_chain_fixed_actions_not_new_certificate,18475,0,18475,0.92375,18529,0,54,9251
R0,TAB,C2,2,old_static,20000,1.0,hypothetical_selected_chain_fixed_actions_not_new_certificate,18529,0,18529,0.92645,18529,0,0,9542
R0,TAB,C2,2,old_static,20000,1.1,hypothetical_selected_chain_fixed_actions_not_new_certificate,18575,0,18575,0.92875,18529,46,0,9813
R0,TAB,C2,2,old_static,20000,1.2,hypothetical_selected_chain_fixed_actions_not_new_certificate,18630,0,18630,0.9315,18529,101,0,10117
R0,TAB,C2,2,old_delta,20000,0.8,hypothetical_selected_chain_fixed_actions_not_new_certificate,18384,0,18384,0.9192,18508,0,124,8963
R0,TAB,C2,2,old_delta,20000,0.9,hypothetical_selected_chain_fixed_actions_not_new_certificate,18456,0,18456,0.9228,18508,0,52,9263
R0,TAB,C2,2,old_delta,20000,1.0,hypothetical_selected_chain_fixed_actions_not_new_certificate,18508,0,18508,0.9254,18508,0,0,9556
R0,TAB,C2,2,old_delta,20000,1.1,hypothetical_selected_chain_fixed_actions_not_new_certificate,18557,0,18557,0.92785,18508,49,0,9827
R0,TAB,C2,2,old_delta,20000,1.2,hypothetical_selected_chain_fixed_actions_not_new_certificate,18613,0,18613,0.93065,18508,105,0,10130
R0,TAB,C2,2,expanded_static,20000,0.8,hypothetical_selected_chain_fixed_actions_not_new_certificate,18407,0,18407,0.92035,18529,0,122,8950
R0,TAB,C2,2,expanded_static,20000,0.9,hypothetical_selected_chain_fixed_actions_not_new_certificate,18475,0,18475,0.92375,18529,0,54,9251
R0,TAB,C2,2,expanded_static,20000,1.0,hypothetical_selected_chain_fixed_actions_not_new_certificate,18529,0,18529,0.92645,18529,0,0,9542
R0,TAB,C2,2,expanded_static,20000,1.1,hypothetical_selected_chain_fixed_actions_not_new_certificate,18575,0,18575,0.92875,18529,46,0,9813
R0,TAB,C2,2,expanded_static,20000,1.2,hypothetical_selected_chain_fixed_actions_not_new_certificate,18630,0,18630,0.9315,18529,101,0,10117
R0,TAB,C2,2,expanded_delta,20000,0.8,hypothetical_selected_chain_fixed_actions_not_new_certificate,18378,0,18378,0.9189,18502,0,124,8964
R0,TAB,C2,2,expanded_delta,20000,0.9,hypothetical_selected_chain_fixed_actions_not_new_certificate,18451,0,18451,0.92255,18502,0,51,9261
R0,TAB,C2,2,expanded_delta,20000,1.0,hypothetical_selected_chain_fixed_actions_not_new_certificate,18502,0,18502,0.9251,18502,0,0,9554
R0,TAB,C2,2,expanded_delta,20000,1.1,hypothetical_selected_chain_fixed_actions_not_new_certificate,18550,0,18550,0.9275,18502,48,0,9825
R0,TAB,C2,2,expanded_delta,20000,1.2,hypothetical_selected_chain_fixed_actions_not_new_certificate,18607,0,18607,0.93035,18502,105,0,10131
R0,TAB,C2,2,joint64,20000,0.8,hypothetical_selected_chain_fixed_actions_not_new_certificate,18392,0,18392,0.9196,18510,0,118,9187
R0,TAB,C2,2,joint64,20000,0.9,hypothetical_selected_chain_fixed_actions_not_new_certificate,18459,0,18459,0.92295,18510,0,51,9514
R0,TAB,C2,2,joint64,20000,1.0,hypothetical_selected_chain_fixed_actions_not_new_certificate,18510,0,18510,0.9255,18510,0,0,9800
R0,TAB,C2,2,joint64,20000,1.1,hypothetical_selected_chain_fixed_actions_not_new_certificate,18554,0,18554,0.9277,18510,44,0,10085
R0,TAB,C2,2,joint64,20000,1.2,hypothetical_selected_chain_fixed_actions_not_new_certificate,18607,0,18607,0.93035,18510,97,0,10410
R0,TAB,C2,2,rb16,20000,0.8,hypothetical_selected_chain_fixed_actions_not_new_certificate,18351,0,18351,0.91755,18482,0,131,9143
R0,TAB,C2,2,rb16,20000,0.9,hypothetical_selected_chain_fixed_actions_not_new_certificate,18426,0,18426,0.9213,18482,0,56,9470
R0,TAB,C2,2,rb16,20000,1.0,hypothetical_selected_chain_fixed_actions_not_new_certificate,18482,0,18482,0.9241,18482,0,0,9766
R0,TAB,C2,2,rb16,20000,1.1,hypothetical_selected_chain_fixed_actions_not_new_certificate,18527,0,18527,0.92635,18482,45,0,10046
R0,TAB,C2,2,rb16,20000,1.2,hypothetical_selected_chain_fixed_actions_not_new_certificate,18585,0,18585,0.92925,18482,103,0,10366
R0,TAB,C2,2,joint64_prior,20000,0.8,hypothetical_selected_chain_fixed_actions_not_new_certificate,18386,0,18386,0.9193,18509,0,123,9178
R0,TAB,C2,2,joint64_prior,20000,0.9,hypothetical_selected_chain_fixed_actions_not_new_certificate,18455,0,18455,0.92275,18509,0,54,9504
R0,TAB,C2,2,joint64_prior,20000,1.0,hypothetical_selected_chain_fixed_actions_not_new_certificate,18509,0,18509,0.92545,18509,0,0,9795
R0,TAB,C2,2,joint64_prior,20000,1.1,hypothetical_selected_chain_fixed_actions_not_new_certificate,18552,0,18552,0.9276,18509,43,0,10077
R0,TAB,C2,2,joint64_prior,20000,1.2,hypothetical_selected_chain_fixed_actions_not_new_certificate,18608,0,18608,0.9304,18509,99,0,10407
R0,NARROW,C0,0,old_static,20000,0.8,hypothetical_selected_chain_fixed_actions_not_new_certificate,15294,0,15294,0.7647,15978,0,684,6487
R0,NARROW,C0,0,old_static,20000,0.9,hypothetical_selected_chain_fixed_actions_not_new_certificate,15630,0,15630,0.7815,15978,0,348,7551
R0,NARROW,C0,0,old_static,20000,1.0,hypothetical_selected_chain_fixed_actions_not_new_certificate,15978,0,15978,0.7989,15978,0,0,8677
R0,NARROW,C0,0,old_static,20000,1.1,hypothetical_selected_chain_fixed_actions_not_new_certificate,16364,0,16364,0.8182,15978,386,0,9828
R0,NARROW,C0,0,old_static,20000,1.2,hypothetical_selected_chain_fixed_actions_not_new_certificate,16764,0,16764,0.8382,15978,786,0,11012
R0,NARROW,C0,0,old_delta,20000,0.8,hypothetical_selected_chain_fixed_actions_not_new_certificate,15235,0,15235,0.76175,15937,0,702,6500
R0,NARROW,C0,0,old_delta,20000,0.9,hypothetical_selected_chain_fixed_actions_not_new_certificate,15576,0,15576,0.7788,15937,0,361,7572
R0,NARROW,C0,0,old_delta,20000,1.0,hypothetical_selected_chain_fixed_actions_not_new_certificate,15937,0,15937,0.79685,15937,0,0,8701
R0,NARROW,C0,0,old_delta,20000,1.1,hypothetical_selected_chain_fixed_actions_not_new_certificate,16331,0,16331,0.81655,15937,394,0,9852
R0,NARROW,C0,0,old_delta,20000,1.2,hypothetical_selected_chain_fixed_actions_not_new_certificate,16737,0,16737,0.83685,15937,800,0,11038
R0,NARROW,C0,0,expanded_static,20000,0.8,hypothetical_selected_chain_fixed_actions_not_new_certificate,15294,0,15294,0.7647,15978,0,684,6487
R0,NARROW,C0,0,expanded_static,20000,0.9,hypothetical_selected_chain_fixed_actions_not_new_certificate,15630,0,15630,0.7815,15978,0,348,7551
R0,NARROW,C0,0,expanded_static,20000,1.0,hypothetical_selected_chain_fixed_actions_not_new_certificate,15978,0,15978,0.7989,15978,0,0,8677
R0,NARROW,C0,0,expanded_static,20000,1.1,hypothetical_selected_chain_fixed_actions_not_new_certificate,16364,0,16364,0.8182,15978,386,0,9828
R0,NARROW,C0,0,expanded_static,20000,1.2,hypothetical_selected_chain_fixed_actions_not_new_certificate,16764,0,16764,0.8382,15978,786,0,11012
R0,NARROW,C0,0,expanded_delta,20000,0.8,hypothetical_selected_chain_fixed_actions_not_new_certificate,15209,0,15209,0.76045,15919,0,710,6508
R0,NARROW,C0,0,expanded_delta,20000,0.9,hypothetical_selected_chain_fixed_actions_not_new_certificate,15549,0,15549,0.77745,15919,0,370,7575
R0,NARROW,C0,0,expanded_delta,20000,1.0,hypothetical_selected_chain_fixed_actions_not_new_certificate,15919,0,15919,0.79595,15919,0,0,8719
R0,NARROW,C0,0,expanded_delta,20000,1.1,hypothetical_selected_chain_fixed_actions_not_new_certificate,16314,0,16314,0.8157,15919,395,0,9862
R0,NARROW,C0,0,expanded_delta,20000,1.2,hypothetical_selected_chain_fixed_actions_not_new_certificate,16721,0,16721,0.83605,15919,802,0,11048
R0,NARROW,C0,0,joint64,20000,0.8,hypothetical_selected_chain_fixed_actions_not_new_certificate,15234,0,15234,0.7617,15924,0,690,7168
R0,NARROW,C0,0,joint64,20000,0.9,hypothetical_selected_chain_fixed_actions_not_new_certificate,15561,0,15561,0.77805,15924,0,363,8307
R0,NARROW,C0,0,joint64,20000,1.0,hypothetical_selected_chain_fixed_actions_not_new_certificate,15924,0,15924,0.7962,15924,0,0,9522
R0,NARROW,C0,0,joint64,20000,1.1,hypothetical_selected_chain_fixed_actions_not_new_certificate,16325,0,16325,0.81625,15924,401,0,10707
R0,NARROW,C0,0,joint64,20000,1.2,hypothetical_selected_chain_fixed_actions_not_new_certificate,16732,0,16732,0.8366,15924,808,0,11895
R0,NARROW,C0,0,rb16,20000,0.8,hypothetical_selected_chain_fixed_actions_not_new_certificate,15171,0,15171,0.75855,15869,0,698,7024
R0,NARROW,C0,0,rb16,20000,0.9,hypothetical_selected_chain_fixed_actions_not_new_certificate,15509,0,15509,0.77545,15869,0,360,8182
R0,NARROW,C0,0,rb16,20000,1.0,hypothetical_selected_chain_fixed_actions_not_new_certificate,15869,0,15869,0.79345,15869,0,0,9386
R0,NARROW,C0,0,rb16,20000,1.1,hypothetical_selected_chain_fixed_actions_not_new_certificate,16267,0,16267,0.81335,15869,398,0,10559
R0,NARROW,C0,0,rb16,20000,1.2,hypothetical_selected_chain_fixed_actions_not_new_certificate,16685,0,16685,0.83425,15869,816,0,11748
R0,NARROW,C0,0,joint64_prior,20000,0.8,hypothetical_selected_chain_fixed_actions_not_new_certificate,15234,0,15234,0.7617,15924,0,690,7168
R0,NARROW,C0,0,joint64_prior,20000,0.9,hypothetical_selected_chain_fixed_actions_not_new_certificate,15561,0,15561,0.77805,15924,0,363,8307
R0,NARROW,C0,0,joint64_prior,20000,1.0,hypothetical_selected_chain_fixed_actions_not_new_certificate,15924,0,15924,0.7962,15924,0,0,9522
R0,NARROW,C0,0,joint64_prior,20000,1.1,hypothetical_selected_chain_fixed_actions_not_new_certificate,16325,0,16325,0.81625,15924,401,0,10707
R0,NARROW,C0,0,joint64_prior,20000,1.2,hypothetical_selected_chain_fixed_actions_not_new_certificate,16732,0,16732,0.8366,15924,808,0,11895
R0,NARROW,C0,1,old_static,20000,0.8,hypothetical_selected_chain_fixed_actions_not_new_certificate,15345,0,15345,0.76725,16045,0,700,6459
R0,NARROW,C0,1,old_static,20000,0.9,hypothetical_selected_chain_fixed_actions_not_new_certificate,15677,0,15677,0.78385,16045,0,368,7522
R0,NARROW,C0,1,old_static,20000,1.0,hypothetical_selected_chain_fixed_actions_not_new_certificate,16045,0,16045,0.80225,16045,0,0,8675
R0,NARROW,C0,1,old_static,20000,1.1,hypothetical_selected_chain_fixed_actions_not_new_certificate,16389,0,16389,0.81945,16045,344,0,9812
R0,NARROW,C0,1,old_static,20000,1.2,hypothetical_selected_chain_fixed_actions_not_new_certificate,16777,0,16777,0.83885,16045,732,0,10951
R0,NARROW,C0,1,old_delta,20000,0.8,hypothetical_selected_chain_fixed_actions_not_new_certificate,15275,0,15275,0.76375,15985,0,710,6482
R0,NARROW,C0,1,old_delta,20000,0.9,hypothetical_selected_chain_fixed_actions_not_new_certificate,15611,0,15611,0.78055,15985,0,374,7547
R0,NARROW,C0,1,old_delta,20000,1.0,hypothetical_selected_chain_fixed_actions_not_new_certificate,15985,0,15985,0.79925,15985,0,0,8709
R0,NARROW,C0,1,old_delta,20000,1.1,hypothetical_selected_chain_fixed_actions_not_new_certificate,16338,0,16338,0.8169,15985,353,0,9837
R0,NARROW,C0,1,old_delta,20000,1.2,hypothetical_selected_chain_fixed_actions_not_new_certificate,16734,0,16734,0.8367,15985,749,0,10974
R0,NARROW,C0,1,expanded_static,20000,0.8,hypothetical_selected_chain_fixed_actions_not_new_certificate,15345,0,15345,0.76725,16045,0,700,6459
R0,NARROW,C0,1,expanded_static,20000,0.9,hypothetical_selected_chain_fixed_actions_not_new_certificate,15677,0,15677,0.78385,16045,0,368,7522
R0,NARROW,C0,1,expanded_static,20000,1.0,hypothetical_selected_chain_fixed_actions_not_new_certificate,16045,0,16045,0.80225,16045,0,0,8675
R0,NARROW,C0,1,expanded_static,20000,1.1,hypothetical_selected_chain_fixed_actions_not_new_certificate,16389,0,16389,0.81945,16045,344,0,9812
R0,NARROW,C0,1,expanded_static,20000,1.2,hypothetical_selected_chain_fixed_actions_not_new_certificate,16777,0,16777,0.83885,16045,732,0,10951
R0,NARROW,C0,1,expanded_delta,20000,0.8,hypothetical_selected_chain_fixed_actions_not_new_certificate,15262,0,15262,0.7631,15972,0,710,6484
R0,NARROW,C0,1,expanded_delta,20000,0.9,hypothetical_selected_chain_fixed_actions_not_new_certificate,15602,0,15602,0.7801,15972,0,370,7552
R0,NARROW,C0,1,expanded_delta,20000,1.0,hypothetical_selected_chain_fixed_actions_not_new_certificate,15972,0,15972,0.7986,15972,0,0,8711
R0,NARROW,C0,1,expanded_delta,20000,1.1,hypothetical_selected_chain_fixed_actions_not_new_certificate,16330,0,16330,0.8165,15972,358,0,9844
R0,NARROW,C0,1,expanded_delta,20000,1.2,hypothetical_selected_chain_fixed_actions_not_new_certificate,16727,0,16727,0.83635,15972,755,0,10980
R0,NARROW,C0,1,joint64,20000,0.8,hypothetical_selected_chain_fixed_actions_not_new_certificate,15271,0,15271,0.76355,15981,0,710,7105
R0,NARROW,C0,1,joint64,20000,0.9,hypothetical_selected_chain_fixed_actions_not_new_certificate,15611,0,15611,0.78055,15981,0,370,8280
R0,NARROW,C0,1,joint64,20000,1.0,hypothetical_selected_chain_fixed_actions_not_new_certificate,15981,0,15981,0.79905,15981,0,0,9482
R0,NARROW,C0,1,joint64,20000,1.1,hypothetical_selected_chain_fixed_actions_not_new_certificate,16338,0,16338,0.8169,15981,357,0,10627
R0,NARROW,C0,1,joint64,20000,1.2,hypothetical_selected_chain_fixed_actions_not_new_certificate,16725,0,16725,0.83625,15981,744,0,11863
R0,NARROW,C0,1,rb16,20000,0.8,hypothetical_selected_chain_fixed_actions_not_new_certificate,15230,0,15230,0.7615,15939,0,709,6998
R0,NARROW,C0,1,rb16,20000,0.9,hypothetical_selected_chain_fixed_actions_not_new_certificate,15568,0,15568,0.7784,15939,0,371,8146
R0,NARROW,C0,1,rb16,20000,1.0,hypothetical_selected_chain_fixed_actions_not_new_certificate,15939,0,15939,0.79695,15939,0,0,9355
R0,NARROW,C0,1,rb16,20000,1.1,hypothetical_selected_chain_fixed_actions_not_new_certificate,16299,0,16299,0.81495,15939,360,0,10495
R0,NARROW,C0,1,rb16,20000,1.2,hypothetical_selected_chain_fixed_actions_not_new_certificate,16694,0,16694,0.8347,15939,755,0,11719
R0,NARROW,C0,1,joint64_prior,20000,0.8,hypothetical_selected_chain_fixed_actions_not_new_certificate,15271,0,15271,0.76355,15981,0,710,7105
R0,NARROW,C0,1,joint64_prior,20000,0.9,hypothetical_selected_chain_fixed_actions_not_new_certificate,15611,0,15611,0.78055,15981,0,370,8280
R0,NARROW,C0,1,joint64_prior,20000,1.0,hypothetical_selected_chain_fixed_actions_not_new_certificate,15981,0,15981,0.79905,15981,0,0,9482
R0,NARROW,C0,1,joint64_prior,20000,1.1,hypothetical_selected_chain_fixed_actions_not_new_certificate,16338,0,16338,0.8169,15981,357,0,10627
R0,NARROW,C0,1,joint64_prior,20000,1.2,hypothetical_selected_chain_fixed_actions_not_new_certificate,16725,0,16725,0.83625,15981,744,0,11863
R0,NARROW,C0,2,old_static,20000,0.8,hypothetical_selected_chain_fixed_actions_not_new_certificate,15295,0,15295,0.76475,15981,0,686,6373
R0,NARROW,C0,2,old_static,20000,0.9,hypothetical_selected_chain_fixed_actions_not_new_certificate,15603,0,15603,0.78015,15981,0,378,7442
R0,NARROW,C0,2,old_static,20000,1.0,hypothetical_selected_chain_fixed_actions_not_new_certificate,15981,0,15981,0.79905,15981,0,0,8583
R0,NARROW,C0,2,old_static,20000,1.1,hypothetical_selected_chain_fixed_actions_not_new_certificate,16359,0,16359,0.81795,15981,378,0,9738
R0,NARROW,C0,2,old_static,20000,1.2,hypothetical_selected_chain_fixed_actions_not_new_certificate,16770,0,16770,0.8385,15981,789,0,10955
R0,NARROW,C0,2,old_delta,20000,0.8,hypothetical_selected_chain_fixed_actions_not_new_certificate,15218,0,15218,0.7609,15921,0,703,6402
R0,NARROW,C0,2,old_delta,20000,0.9,hypothetical_selected_chain_fixed_actions_not_new_certificate,15537,0,15537,0.77685,15921,0,384,7466
R0,NARROW,C0,2,old_delta,20000,1.0,hypothetical_selected_chain_fixed_actions_not_new_certificate,15921,0,15921,0.79605,15921,0,0,8602
R0,NARROW,C0,2,old_delta,20000,1.1,hypothetical_selected_chain_fixed_actions_not_new_certificate,16303,0,16303,0.81515,15921,382,0,9761
R0,NARROW,C0,2,old_delta,20000,1.2,hypothetical_selected_chain_fixed_actions_not_new_certificate,16724,0,16724,0.8362,15921,803,0,10984
R0,NARROW,C0,2,expanded_static,20000,0.8,hypothetical_selected_chain_fixed_actions_not_new_certificate,15295,0,15295,0.76475,15981,0,686,6373
R0,NARROW,C0,2,expanded_static,20000,0.9,hypothetical_selected_chain_fixed_actions_not_new_certificate,15603,0,15603,0.78015,15981,0,378,7442
R0,NARROW,C0,2,expanded_static,20000,1.0,hypothetical_selected_chain_fixed_actions_not_new_certificate,15981,0,15981,0.79905,15981,0,0,8583
R0,NARROW,C0,2,expanded_static,20000,1.1,hypothetical_selected_chain_fixed_actions_not_new_certificate,16359,0,16359,0.81795,15981,378,0,9738
R0,NARROW,C0,2,expanded_static,20000,1.2,hypothetical_selected_chain_fixed_actions_not_new_certificate,16770,0,16770,0.8385,15981,789,0,10955
R0,NARROW,C0,2,expanded_delta,20000,0.8,hypothetical_selected_chain_fixed_actions_not_new_certificate,15190,0,15190,0.7595,15905,0,715,6403
R0,NARROW,C0,2,expanded_delta,20000,0.9,hypothetical_selected_chain_fixed_actions_not_new_certificate,15518,0,15518,0.7759,15905,0,387,7477
R0,NARROW,C0,2,expanded_delta,20000,1.0,hypothetical_selected_chain_fixed_actions_not_new_certificate,15905,0,15905,0.79525,15905,0,0,8609
R0,NARROW,C0,2,expanded_delta,20000,1.1,hypothetical_selected_chain_fixed_actions_not_new_certificate,16290,0,16290,0.8145,15905,385,0,9766
R0,NARROW,C0,2,expanded_delta,20000,1.2,hypothetical_selected_chain_fixed_actions_not_new_certificate,16713,0,16713,0.83565,15905,808,0,10983
R0,NARROW,C0,2,joint64,20000,0.8,hypothetical_selected_chain_fixed_actions_not_new_certificate,15213,0,15213,0.76065,15929,0,716,6909
R0,NARROW,C0,2,joint64,20000,0.9,hypothetical_selected_chain_fixed_actions_not_new_certificate,15531,0,15531,0.77655,15929,0,398,8030
R0,NARROW,C0,2,joint64,20000,1.0,hypothetical_selected_chain_fixed_actions_not_new_certificate,15929,0,15929,0.79645,15929,0,0,9228
R0,NARROW,C0,2,joint64,20000,1.1,hypothetical_selected_chain_fixed_actions_not_new_certificate,16309,0,16309,0.81545,15929,380,0,10434
R0,NARROW,C0,2,joint64,20000,1.2,hypothetical_selected_chain_fixed_actions_not_new_certificate,16727,0,16727,0.83635,15929,798,0,11640
R0,NARROW,C0,2,rb16,20000,0.8,hypothetical_selected_chain_fixed_actions_not_new_certificate,15168,0,15168,0.7584,15876,0,708,6802
R0,NARROW,C0,2,rb16,20000,0.9,hypothetical_selected_chain_fixed_actions_not_new_certificate,15492,0,15492,0.7746,15876,0,384,7909
R0,NARROW,C0,2,rb16,20000,1.0,hypothetical_selected_chain_fixed_actions_not_new_certificate,15876,0,15876,0.7938,15876,0,0,9102
R0,NARROW,C0,2,rb16,20000,1.1,hypothetical_selected_chain_fixed_actions_not_new_certificate,16264,0,16264,0.8132,15876,388,0,10310
R0,NARROW,C0,2,rb16,20000,1.2,hypothetical_selected_chain_fixed_actions_not_new_certificate,16685,0,16685,0.83425,15876,809,0,11509
R0,NARROW,C0,2,joint64_prior,20000,0.8,hypothetical_selected_chain_fixed_actions_not_new_certificate,15213,0,15213,0.76065,15929,0,716,6909
R0,NARROW,C0,2,joint64_prior,20000,0.9,hypothetical_selected_chain_fixed_actions_not_new_certificate,15531,0,15531,0.77655,15929,0,398,8030
R0,NARROW,C0,2,joint64_prior,20000,1.0,hypothetical_selected_chain_fixed_actions_not_new_certificate,15929,0,15929,0.79645,15929,0,0,9228
R0,NARROW,C0,2,joint64_prior,20000,1.1,hypothetical_selected_chain_fixed_actions_not_new_certificate,16309,0,16309,0.81545,15929,380,0,10434
R0,NARROW,C0,2,joint64_prior,20000,1.2,hypothetical_selected_chain_fixed_actions_not_new_certificate,16727,0,16727,0.83635,15929,798,0,11640
R0,NARROW,C1,0,old_static,20000,0.8,hypothetical_selected_chain_fixed_actions_not_new_certificate,15335,0,15335,0.76675,16057,0,722,6415
R0,NARROW,C1,0,old_static,20000,0.9,hypothetical_selected_chain_fixed_actions_not_new_certificate,15661,0,15661,0.78305,16057,0,396,7461
R0,NARROW,C1,0,old_static,20000,1.0,hypothetical_selected_chain_fixed_actions_not_new_certificate,16057,0,16057,0.80285,16057,0,0,8642
R0,NARROW,C1,0,old_static,20000,1.1,hypothetical_selected_chain_fixed_actions_not_new_certificate,16450,0,16450,0.8225,16057,393,0,9852
R0,NARROW,C1,0,old_static,20000,1.2,hypothetical_selected_chain_fixed_actions_not_new_certificate,16825,0,16825,0.84125,16057,768,0,11017
R0,NARROW,C1,0,old_delta,20000,0.8,hypothetical_selected_chain_fixed_actions_not_new_certificate,15266,0,15266,0.7633,16001,0,735,6441
R0,NARROW,C1,0,old_delta,20000,0.9,hypothetical_selected_chain_fixed_actions_not_new_certificate,15597,0,15597,0.77985,16001,0,404,7489
R0,NARROW,C1,0,old_delta,20000,1.0,hypothetical_selected_chain_fixed_actions_not_new_certificate,16001,0,16001,0.80005,16001,0,0,8678
R0,NARROW,C1,0,old_delta,20000,1.1,hypothetical_selected_chain_fixed_actions_not_new_certificate,16402,0,16402,0.8201,16001,401,0,9883
R0,NARROW,C1,0,old_delta,20000,1.2,hypothetical_selected_chain_fixed_actions_not_new_certificate,16786,0,16786,0.8393,16001,785,0,11048
R0,NARROW,C1,0,expanded_static,20000,0.8,hypothetical_selected_chain_fixed_actions_not_new_certificate,15335,0,15335,0.76675,16057,0,722,6415
R0,NARROW,C1,0,expanded_static,20000,0.9,hypothetical_selected_chain_fixed_actions_not_new_certificate,15661,0,15661,0.78305,16057,0,396,7461
R0,NARROW,C1,0,expanded_static,20000,1.0,hypothetical_selected_chain_fixed_actions_not_new_certificate,16057,0,16057,0.80285,16057,0,0,8642
R0,NARROW,C1,0,expanded_static,20000,1.1,hypothetical_selected_chain_fixed_actions_not_new_certificate,16450,0,16450,0.8225,16057,393,0,9852
R0,NARROW,C1,0,expanded_static,20000,1.2,hypothetical_selected_chain_fixed_actions_not_new_certificate,16825,0,16825,0.84125,16057,768,0,11017
R0,NARROW,C1,0,expanded_delta,20000,0.8,hypothetical_selected_chain_fixed_actions_not_new_certificate,15251,0,15251,0.76255,15986,0,735,6451
R0,NARROW,C1,0,expanded_delta,20000,0.9,hypothetical_selected_chain_fixed_actions_not_new_certificate,15584,0,15584,0.7792,15986,0,402,7492
R0,NARROW,C1,0,expanded_delta,20000,1.0,hypothetical_selected_chain_fixed_actions_not_new_certificate,15986,0,15986,0.7993,15986,0,0,8681
R0,NARROW,C1,0,expanded_delta,20000,1.1,hypothetical_selected_chain_fixed_actions_not_new_certificate,16388,0,16388,0.8194,15986,402,0,9890
R0,NARROW,C1,0,expanded_delta,20000,1.2,hypothetical_selected_chain_fixed_actions_not_new_certificate,16777,0,16777,0.83885,15986,791,0,11055
R0,NARROW,C1,0,joint64,20000,0.8,hypothetical_selected_chain_fixed_actions_not_new_certificate,15271,0,15271,0.76355,15996,0,725,6924
R0,NARROW,C1,0,joint64,20000,0.9,hypothetical_selected_chain_fixed_actions_not_new_certificate,15602,0,15602,0.7801,15996,0,394,8032
R0,NARROW,C1,0,joint64,20000,1.0,hypothetical_selected_chain_fixed_actions_not_new_certificate,15996,0,15996,0.7998,15996,0,0,9281
R0,NARROW,C1,0,joint64,20000,1.1,hypothetical_selected_chain_fixed_actions_not_new_certificate,16414,0,16414,0.8207,15996,418,0,10533
R0,NARROW,C1,0,joint64,20000,1.2,hypothetical_selected_chain_fixed_actions_not_new_certificate,16804,0,16804,0.8402,15996,808,0,11687
R0,NARROW,C1,0,rb16,20000,0.8,hypothetical_selected_chain_fixed_actions_not_new_certificate,15213,0,15213,0.76065,15950,0,737,6822
R0,NARROW,C1,0,rb16,20000,0.9,hypothetical_selected_chain_fixed_actions_not_new_certificate,15544,0,15544,0.7772,15950,0,406,7936
R0,NARROW,C1,0,rb16,20000,1.0,hypothetical_selected_chain_fixed_actions_not_new_certificate,15950,0,15950,0.7975,15950,0,0,9164
R0,NARROW,C1,0,rb16,20000,1.1,hypothetical_selected_chain_fixed_actions_not_new_certificate,16354,0,16354,0.8177,15950,404,0,10420
R0,NARROW,C1,0,rb16,20000,1.2,hypothetical_selected_chain_fixed_actions_not_new_certificate,16746,0,16746,0.8373,15950,796,0,11586
R0,NARROW,C1,0,joint64_prior,20000,0.8,hypothetical_selected_chain_fixed_actions_not_new_certificate,15271,0,15271,0.76355,15996,0,725,6924
R0,NARROW,C1,0,joint64_prior,20000,0.9,hypothetical_selected_chain_fixed_actions_not_new_certificate,15602,0,15602,0.7801,15996,0,394,8032
R0,NARROW,C1,0,joint64_prior,20000,1.0,hypothetical_selected_chain_fixed_actions_not_new_certificate,15996,0,15996,0.7998,15996,0,0,9281
R0,NARROW,C1,0,joint64_prior,20000,1.1,hypothetical_selected_chain_fixed_actions_not_new_certificate,16414,0,16414,0.8207,15996,418,0,10533
R0,NARROW,C1,0,joint64_prior,20000,1.2,hypothetical_selected_chain_fixed_actions_not_new_certificate,16804,0,16804,0.8402,15996,808,0,11687
R0,NARROW,C1,1,old_static,20000,0.8,hypothetical_selected_chain_fixed_actions_not_new_certificate,15428,0,15428,0.7714,16111,0,683,6303
R0,NARROW,C1,1,old_static,20000,0.9,hypothetical_selected_chain_fixed_actions_not_new_certificate,15782,0,15782,0.7891,16111,0,329,7425
R0,NARROW,C1,1,old_static,20000,1.0,hypothetical_selected_chain_fixed_actions_not_new_certificate,16111,0,16111,0.80555,16111,0,0,8513
R0,NARROW,C1,1,old_static,20000,1.1,hypothetical_selected_chain_fixed_actions_not_new_certificate,16487,0,16487,0.82435,16111,376,0,9647
R0,NARROW,C1,1,old_static,20000,1.2,hypothetical_selected_chain_fixed_actions_not_new_certificate,16872,0,16872,0.8436,16111,761,0,10850
R0,NARROW,C1,1,old_delta,20000,0.8,hypothetical_selected_chain_fixed_actions_not_new_certificate,15375,0,15375,0.76875,16068,0,693,6323
R0,NARROW,C1,1,old_delta,20000,0.9,hypothetical_selected_chain_fixed_actions_not_new_certificate,15736,0,15736,0.7868,16068,0,332,7447
R0,NARROW,C1,1,old_delta,20000,1.0,hypothetical_selected_chain_fixed_actions_not_new_certificate,16068,0,16068,0.8034,16068,0,0,8542
R0,NARROW,C1,1,old_delta,20000,1.1,hypothetical_selected_chain_fixed_actions_not_new_certificate,16451,0,16451,0.82255,16068,383,0,9671
R0,NARROW,C1,1,old_delta,20000,1.2,hypothetical_selected_chain_fixed_actions_not_new_certificate,16842,0,16842,0.8421,16068,774,0,10876
R0,NARROW,C1,1,expanded_static,20000,0.8,hypothetical_selected_chain_fixed_actions_not_new_certificate,15428,0,15428,0.7714,16111,0,683,6303
R0,NARROW,C1,1,expanded_static,20000,0.9,hypothetical_selected_chain_fixed_actions_not_new_certificate,15782,0,15782,0.7891,16111,0,329,7425
R0,NARROW,C1,1,expanded_static,20000,1.0,hypothetical_selected_chain_fixed_actions_not_new_certificate,16111,0,16111,0.80555,16111,0,0,8513
R0,NARROW,C1,1,expanded_static,20000,1.1,hypothetical_selected_chain_fixed_actions_not_new_certificate,16487,0,16487,0.82435,16111,376,0,9647
R0,NARROW,C1,1,expanded_static,20000,1.2,hypothetical_selected_chain_fixed_actions_not_new_certificate,16872,0,16872,0.8436,16111,761,0,10850
R0,NARROW,C1,1,expanded_delta,20000,0.8,hypothetical_selected_chain_fixed_actions_not_new_certificate,15356,0,15356,0.7678,16054,0,698,6324
R0,NARROW,C1,1,expanded_delta,20000,0.9,hypothetical_selected_chain_fixed_actions_not_new_certificate,15720,0,15720,0.786,16054,0,334,7454
R0,NARROW,C1,1,expanded_delta,20000,1.0,hypothetical_selected_chain_fixed_actions_not_new_certificate,16054,0,16054,0.8027,16054,0,0,8548
R0,NARROW,C1,1,expanded_delta,20000,1.1,hypothetical_selected_chain_fixed_actions_not_new_certificate,16435,0,16435,0.82175,16054,381,0,9669
R0,NARROW,C1,1,expanded_delta,20000,1.2,hypothetical_selected_chain_fixed_actions_not_new_certificate,16831,0,16831,0.84155,16054,777,0,10880
R0,NARROW,C1,1,joint64,20000,0.8,hypothetical_selected_chain_fixed_actions_not_new_certificate,15370,0,15370,0.7685,16061,0,691,6986
R0,NARROW,C1,1,joint64,20000,0.9,hypothetical_selected_chain_fixed_actions_not_new_certificate,15736,0,15736,0.7868,16061,0,325,8199
R0,NARROW,C1,1,joint64,20000,1.0,hypothetical_selected_chain_fixed_actions_not_new_certificate,16061,0,16061,0.80305,16061,0,0,9353
R0,NARROW,C1,1,joint64,20000,1.1,hypothetical_selected_chain_fixed_actions_not_new_certificate,16436,0,16436,0.8218,16061,375,0,10572
R0,NARROW,C1,1,joint64,20000,1.2,hypothetical_selected_chain_fixed_actions_not_new_certificate,16836,0,16836,0.8418,16061,775,0,11762
R0,NARROW,C1,1,rb16,20000,0.8,hypothetical_selected_chain_fixed_actions_not_new_certificate,15325,0,15325,0.76625,16030,0,705,6862
R0,NARROW,C1,1,rb16,20000,0.9,hypothetical_selected_chain_fixed_actions_not_new_certificate,15691,0,15691,0.78455,16030,0,339,8062
R0,NARROW,C1,1,rb16,20000,1.0,hypothetical_selected_chain_fixed_actions_not_new_certificate,16030,0,16030,0.8015,16030,0,0,9225
R0,NARROW,C1,1,rb16,20000,1.1,hypothetical_selected_chain_fixed_actions_not_new_certificate,16410,0,16410,0.8205,16030,380,0,10413
R0,NARROW,C1,1,rb16,20000,1.2,hypothetical_selected_chain_fixed_actions_not_new_certificate,16803,0,16803,0.84015,16030,773,0,11598
R0,NARROW,C1,1,joint64_prior,20000,0.8,hypothetical_selected_chain_fixed_actions_not_new_certificate,15370,0,15370,0.7685,16061,0,691,6986
R0,NARROW,C1,1,joint64_prior,20000,0.9,hypothetical_selected_chain_fixed_actions_not_new_certificate,15736,0,15736,0.7868,16061,0,325,8199
R0,NARROW,C1,1,joint64_prior,20000,1.0,hypothetical_selected_chain_fixed_actions_not_new_certificate,16061,0,16061,0.80305,16061,0,0,9353
R0,NARROW,C1,1,joint64_prior,20000,1.1,hypothetical_selected_chain_fixed_actions_not_new_certificate,16436,0,16436,0.8218,16061,375,0,10572
R0,NARROW,C1,1,joint64_prior,20000,1.2,hypothetical_selected_chain_fixed_actions_not_new_certificate,16836,0,16836,0.8418,16061,775,0,11762
R0,NARROW,C1,2,old_static,20000,0.8,hypothetical_selected_chain_fixed_actions_not_new_certificate,15326,0,15326,0.7663,16070,0,744,6395
R0,NARROW,C1,2,old_static,20000,0.9,hypothetical_selected_chain_fixed_actions_not_new_certificate,15705,0,15705,0.78525,16070,0,365,7491
R0,NARROW,C1,2,old_static,20000,1.0,hypothetical_selected_chain_fixed_actions_not_new_certificate,16070,0,16070,0.8035,16070,0,0,8651
R0,NARROW,C1,2,old_static,20000,1.1,hypothetical_selected_chain_fixed_actions_not_new_certificate,16474,0,16474,0.8237,16070,404,0,9899
R0,NARROW,C1,2,old_static,20000,1.2,hypothetical_selected_chain_fixed_actions_not_new_certificate,16842,0,16842,0.8421,16070,772,0,11044
R0,NARROW,C1,2,old_delta,20000,0.8,hypothetical_selected_chain_fixed_actions_not_new_certificate,15255,0,15255,0.76275,16018,0,763,6416
R0,NARROW,C1,2,old_delta,20000,0.9,hypothetical_selected_chain_fixed_actions_not_new_certificate,15649,0,15649,0.78245,16018,0,369,7526
R0,NARROW,C1,2,old_delta,20000,1.0,hypothetical_selected_chain_fixed_actions_not_new_certificate,16018,0,16018,0.8009,16018,0,0,8679
R0,NARROW,C1,2,old_delta,20000,1.1,hypothetical_selected_chain_fixed_actions_not_new_certificate,16437,0,16437,0.82185,16018,419,0,9925
R0,NARROW,C1,2,old_delta,20000,1.2,hypothetical_selected_chain_fixed_actions_not_new_certificate,16811,0,16811,0.84055,16018,793,0,11068
R0,NARROW,C1,2,expanded_static,20000,0.8,hypothetical_selected_chain_fixed_actions_not_new_certificate,15326,0,15326,0.7663,16070,0,744,6395
R0,NARROW,C1,2,expanded_static,20000,0.9,hypothetical_selected_chain_fixed_actions_not_new_certificate,15705,0,15705,0.78525,16070,0,365,7491
R0,NARROW,C1,2,expanded_static,20000,1.0,hypothetical_selected_chain_fixed_actions_not_new_certificate,16070,0,16070,0.8035,16070,0,0,8651
R0,NARROW,C1,2,expanded_static,20000,1.1,hypothetical_selected_chain_fixed_actions_not_new_certificate,16474,0,16474,0.8237,16070,404,0,9899
R0,NARROW,C1,2,expanded_static,20000,1.2,hypothetical_selected_chain_fixed_actions_not_new_certificate,16842,0,16842,0.8421,16070,772,0,11044
R0,NARROW,C1,2,expanded_delta,20000,0.8,hypothetical_selected_chain_fixed_actions_not_new_certificate,15244,0,15244,0.7622,16010,0,766,6423
R0,NARROW,C1,2,expanded_delta,20000,0.9,hypothetical_selected_chain_fixed_actions_not_new_certificate,15641,0,15641,0.78205,16010,0,369,7530
R0,NARROW,C1,2,expanded_delta,20000,1.0,hypothetical_selected_chain_fixed_actions_not_new_certificate,16010,0,16010,0.8005,16010,0,0,8690
R0,NARROW,C1,2,expanded_delta,20000,1.1,hypothetical_selected_chain_fixed_actions_not_new_certificate,16432,0,16432,0.8216,16010,422,0,9933
R0,NARROW,C1,2,expanded_delta,20000,1.2,hypothetical_selected_chain_fixed_actions_not_new_certificate,16808,0,16808,0.8404,16010,798,0,11075
R0,NARROW,C1,2,joint64,20000,0.8,hypothetical_selected_chain_fixed_actions_not_new_certificate,15278,0,15278,0.7639,16048,0,770,7058
R0,NARROW,C1,2,joint64,20000,0.9,hypothetical_selected_chain_fixed_actions_not_new_certificate,15676,0,15676,0.7838,16048,0,372,8266
R0,NARROW,C1,2,joint64,20000,1.0,hypothetical_selected_chain_fixed_actions_not_new_certificate,16048,0,16048,0.8024,16048,0,0,9547
R0,NARROW,C1,2,joint64,20000,1.1,hypothetical_selected_chain_fixed_actions_not_new_certificate,16461,0,16461,0.82305,16048,413,0,10762
R0,NARROW,C1,2,joint64,20000,1.2,hypothetical_selected_chain_fixed_actions_not_new_certificate,16832,0,16832,0.8416,16048,784,0,11961
R0,NARROW,C1,2,rb16,20000,0.8,hypothetical_selected_chain_fixed_actions_not_new_certificate,15230,0,15230,0.7615,15998,0,768,6944
R0,NARROW,C1,2,rb16,20000,0.9,hypothetical_selected_chain_fixed_actions_not_new_certificate,15622,0,15622,0.7811,15998,0,376,8132
R0,NARROW,C1,2,rb16,20000,1.0,hypothetical_selected_chain_fixed_actions_not_new_certificate,15998,0,15998,0.7999,15998,0,0,9379
R0,NARROW,C1,2,rb16,20000,1.1,hypothetical_selected_chain_fixed_actions_not_new_certificate,16417,0,16417,0.82085,15998,419,0,10601
R0,NARROW,C1,2,rb16,20000,1.2,hypothetical_selected_chain_fixed_actions_not_new_certificate,16792,0,16792,0.8396,15998,794,0,11803
R0,NARROW,C1,2,joint64_prior,20000,0.8,hypothetical_selected_chain_fixed_actions_not_new_certificate,15278,0,15278,0.7639,16048,0,770,7058
R0,NARROW,C1,2,joint64_prior,20000,0.9,hypothetical_selected_chain_fixed_actions_not_new_certificate,15676,0,15676,0.7838,16048,0,372,8266
R0,NARROW,C1,2,joint64_prior,20000,1.0,hypothetical_selected_chain_fixed_actions_not_new_certificate,16048,0,16048,0.8024,16048,0,0,9547
R0,NARROW,C1,2,joint64_prior,20000,1.1,hypothetical_selected_chain_fixed_actions_not_new_certificate,16461,0,16461,0.82305,16048,413,0,10762
R0,NARROW,C1,2,joint64_prior,20000,1.2,hypothetical_selected_chain_fixed_actions_not_new_certificate,16832,0,16832,0.8416,16048,784,0,11961
R0,NARROW,C2,0,old_static,20000,0.8,hypothetical_selected_chain_fixed_actions_not_new_certificate,15588,0,15588,0.7794,16308,0,720,6404
R0,NARROW,C2,0,old_static,20000,0.9,hypothetical_selected_chain_fixed_actions_not_new_certificate,15968,0,15968,0.7984,16308,0,340,7450
R0,NARROW,C2,0,old_static,20000,1.0,hypothetical_selected_chain_fixed_actions_not_new_certificate,16308,0,16308,0.8154,16308,0,0,8528
R0,NARROW,C2,0,old_static,20000,1.1,hypothetical_selected_chain_fixed_actions_not_new_certificate,16712,0,16712,0.8356,16308,404,0,9685
R0,NARROW,C2,0,old_static,20000,1.2,hypothetical_selected_chain_fixed_actions_not_new_certificate,17110,0,17110,0.8555,16308,802,0,10829
R0,NARROW,C2,0,old_delta,20000,0.8,hypothetical_selected_chain_fixed_actions_not_new_certificate,15548,0,15548,0.7774,16279,0,731,6434
R0,NARROW,C2,0,old_delta,20000,0.9,hypothetical_selected_chain_fixed_actions_not_new_certificate,15930,0,15930,0.7965,16279,0,349,7474
R0,NARROW,C2,0,old_delta,20000,1.0,hypothetical_selected_chain_fixed_actions_not_new_certificate,16279,0,16279,0.81395,16279,0,0,8554
R0,NARROW,C2,0,old_delta,20000,1.1,hypothetical_selected_chain_fixed_actions_not_new_certificate,16693,0,16693,0.83465,16279,414,0,9712
R0,NARROW,C2,0,old_delta,20000,1.2,hypothetical_selected_chain_fixed_actions_not_new_certificate,17100,0,17100,0.855,16279,821,0,10859
R0,NARROW,C2,0,expanded_static,20000,0.8,hypothetical_selected_chain_fixed_actions_not_new_certificate,15588,0,15588,0.7794,16308,0,720,6404
R0,NARROW,C2,0,expanded_static,20000,0.9,hypothetical_selected_chain_fixed_actions_not_new_certificate,15968,0,15968,0.7984,16308,0,340,7450
R0,NARROW,C2,0,expanded_static,20000,1.0,hypothetical_selected_chain_fixed_actions_not_new_certificate,16308,0,16308,0.8154,16308,0,0,8528
R0,NARROW,C2,0,expanded_static,20000,1.1,hypothetical_selected_chain_fixed_actions_not_new_certificate,16712,0,16712,0.8356,16308,404,0,9685
R0,NARROW,C2,0,expanded_static,20000,1.2,hypothetical_selected_chain_fixed_actions_not_new_certificate,17110,0,17110,0.8555,16308,802,0,10829
R0,NARROW,C2,0,expanded_delta,20000,0.8,hypothetical_selected_chain_fixed_actions_not_new_certificate,15524,0,15524,0.7762,16258,0,734,6441
R0,NARROW,C2,0,expanded_delta,20000,0.9,hypothetical_selected_chain_fixed_actions_not_new_certificate,15905,0,15905,0.79525,16258,0,353,7476
R0,NARROW,C2,0,expanded_delta,20000,1.0,hypothetical_selected_chain_fixed_actions_not_new_certificate,16258,0,16258,0.8129,16258,0,0,8560
R0,NARROW,C2,0,expanded_delta,20000,1.1,hypothetical_selected_chain_fixed_actions_not_new_certificate,16675,0,16675,0.83375,16258,417,0,9723
R0,NARROW,C2,0,expanded_delta,20000,1.2,hypothetical_selected_chain_fixed_actions_not_new_certificate,17081,0,17081,0.85405,16258,823,0,10864
R0,NARROW,C2,0,joint64,20000,0.8,hypothetical_selected_chain_fixed_actions_not_new_certificate,15564,0,15564,0.7782,16276,0,712,7074
R0,NARROW,C2,0,joint64,20000,0.9,hypothetical_selected_chain_fixed_actions_not_new_certificate,15938,0,15938,0.7969,16276,0,338,8201
R0,NARROW,C2,0,joint64,20000,1.0,hypothetical_selected_chain_fixed_actions_not_new_certificate,16276,0,16276,0.8138,16276,0,0,9325
R0,NARROW,C2,0,joint64,20000,1.1,hypothetical_selected_chain_fixed_actions_not_new_certificate,16686,0,16686,0.8343,16276,410,0,10555
R0,NARROW,C2,0,joint64,20000,1.2,hypothetical_selected_chain_fixed_actions_not_new_certificate,17100,0,17100,0.855,16276,824,0,11747
R0,NARROW,C2,0,rb16,20000,0.8,hypothetical_selected_chain_fixed_actions_not_new_certificate,15490,0,15490,0.7745,16225,0,735,6942
R0,NARROW,C2,0,rb16,20000,0.9,hypothetical_selected_chain_fixed_actions_not_new_certificate,15873,0,15873,0.79365,16225,0,352,8064
R0,NARROW,C2,0,rb16,20000,1.0,hypothetical_selected_chain_fixed_actions_not_new_certificate,16225,0,16225,0.81125,16225,0,0,9194
R0,NARROW,C2,0,rb16,20000,1.1,hypothetical_selected_chain_fixed_actions_not_new_certificate,16639,0,16639,0.83195,16225,414,0,10412
R0,NARROW,C2,0,rb16,20000,1.2,hypothetical_selected_chain_fixed_actions_not_new_certificate,17050,0,17050,0.8525,16225,825,0,11607
R0,NARROW,C2,0,joint64_prior,20000,0.8,hypothetical_selected_chain_fixed_actions_not_new_certificate,15566,0,15566,0.7783,16278,0,712,7062
R0,NARROW,C2,0,joint64_prior,20000,0.9,hypothetical_selected_chain_fixed_actions_not_new_certificate,15941,0,15941,0.79705,16278,0,337,8173
R0,NARROW,C2,0,joint64_prior,20000,1.0,hypothetical_selected_chain_fixed_actions_not_new_certificate,16278,0,16278,0.8139,16278,0,0,9314
R0,NARROW,C2,0,joint64_prior,20000,1.1,hypothetical_selected_chain_fixed_actions_not_new_certificate,16692,0,16692,0.8346,16278,414,0,10549
R0,NARROW,C2,0,joint64_prior,20000,1.2,hypothetical_selected_chain_fixed_actions_not_new_certificate,17100,0,17100,0.855,16278,822,0,11740
R0,NARROW,C2,1,old_static,20000,0.8,hypothetical_selected_chain_fixed_actions_not_new_certificate,15529,0,15529,0.77645,16280,0,751,6354
R0,NARROW,C2,1,old_static,20000,0.9,hypothetical_selected_chain_fixed_actions_not_new_certificate,15915,0,15915,0.79575,16280,0,365,7389
R0,NARROW,C2,1,old_static,20000,1.0,hypothetical_selected_chain_fixed_actions_not_new_certificate,16280,0,16280,0.814,16280,0,0,8508
R0,NARROW,C2,1,old_static,20000,1.1,hypothetical_selected_chain_fixed_actions_not_new_certificate,16674,0,16674,0.8337,16280,394,0,9676
R0,NARROW,C2,1,old_static,20000,1.2,hypothetical_selected_chain_fixed_actions_not_new_certificate,17060,0,17060,0.853,16280,780,0,10838
R0,NARROW,C2,1,old_delta,20000,0.8,hypothetical_selected_chain_fixed_actions_not_new_certificate,15485,0,15485,0.77425,16246,0,761,6371
R0,NARROW,C2,1,old_delta,20000,0.9,hypothetical_selected_chain_fixed_actions_not_new_certificate,15872,0,15872,0.7936,16246,0,374,7413
R0,NARROW,C2,1,old_delta,20000,1.0,hypothetical_selected_chain_fixed_actions_not_new_certificate,16246,0,16246,0.8123,16246,0,0,8532
R0,NARROW,C2,1,old_delta,20000,1.1,hypothetical_selected_chain_fixed_actions_not_new_certificate,16642,0,16642,0.8321,16246,396,0,9701
R0,NARROW,C2,1,old_delta,20000,1.2,hypothetical_selected_chain_fixed_actions_not_new_certificate,17039,0,17039,0.85195,16246,793,0,10865
R0,NARROW,C2,1,expanded_static,20000,0.8,hypothetical_selected_chain_fixed_actions_not_new_certificate,15529,0,15529,0.77645,16280,0,751,6354
R0,NARROW,C2,1,expanded_static,20000,0.9,hypothetical_selected_chain_fixed_actions_not_new_certificate,15915,0,15915,0.79575,16280,0,365,7389
R0,NARROW,C2,1,expanded_static,20000,1.0,hypothetical_selected_chain_fixed_actions_not_new_certificate,16280,0,16280,0.814,16280,0,0,8508
R0,NARROW,C2,1,expanded_static,20000,1.1,hypothetical_selected_chain_fixed_actions_not_new_certificate,16674,0,16674,0.8337,16280,394,0,9676
R0,NARROW,C2,1,expanded_static,20000,1.2,hypothetical_selected_chain_fixed_actions_not_new_certificate,17060,0,17060,0.853,16280,780,0,10838
R0,NARROW,C2,1,expanded_delta,20000,0.8,hypothetical_selected_chain_fixed_actions_not_new_certificate,15460,0,15460,0.773,16229,0,769,6376
R0,NARROW,C2,1,expanded_delta,20000,0.9,hypothetical_selected_chain_fixed_actions_not_new_certificate,15853,0,15853,0.79265,16229,0,376,7417
R0,NARROW,C2,1,expanded_delta,20000,1.0,hypothetical_selected_chain_fixed_actions_not_new_certificate,16229,0,16229,0.81145,16229,0,0,8535
R0,NARROW,C2,1,expanded_delta,20000,1.1,hypothetical_selected_chain_fixed_actions_not_new_certificate,16629,0,16629,0.83145,16229,400,0,9705
R0,NARROW,C2,1,expanded_delta,20000,1.2,hypothetical_selected_chain_fixed_actions_not_new_certificate,17030,0,17030,0.8515,16229,801,0,10871
R0,NARROW,C2,1,joint64,20000,0.8,hypothetical_selected_chain_fixed_actions_not_new_certificate,15489,0,15489,0.77445,16264,0,775,6826
R0,NARROW,C2,1,joint64,20000,0.9,hypothetical_selected_chain_fixed_actions_not_new_certificate,15887,0,15887,0.79435,16264,0,377,7996
R0,NARROW,C2,1,joint64,20000,1.0,hypothetical_selected_chain_fixed_actions_not_new_certificate,16264,0,16264,0.8132,16264,0,0,9192
R0,NARROW,C2,1,joint64,20000,1.1,hypothetical_selected_chain_fixed_actions_not_new_certificate,16651,0,16651,0.83255,16264,387,0,10393
R0,NARROW,C2,1,joint64,20000,1.2,hypothetical_selected_chain_fixed_actions_not_new_certificate,17065,0,17065,0.85325,16264,801,0,11577
R0,NARROW,C2,1,rb16,20000,0.8,hypothetical_selected_chain_fixed_actions_not_new_certificate,15434,0,15434,0.7717,16197,0,763,6730
R0,NARROW,C2,1,rb16,20000,0.9,hypothetical_selected_chain_fixed_actions_not_new_certificate,15824,0,15824,0.7912,16197,0,373,7868
R0,NARROW,C2,1,rb16,20000,1.0,hypothetical_selected_chain_fixed_actions_not_new_certificate,16197,0,16197,0.80985,16197,0,0,9056
R0,NARROW,C2,1,rb16,20000,1.1,hypothetical_selected_chain_fixed_actions_not_new_certificate,16601,0,16601,0.83005,16197,404,0,10271
R0,NARROW,C2,1,rb16,20000,1.2,hypothetical_selected_chain_fixed_actions_not_new_certificate,16994,0,16994,0.8497,16197,797,0,11432
R0,NARROW,C2,1,joint64_prior,20000,0.8,hypothetical_selected_chain_fixed_actions_not_new_certificate,15512,0,15512,0.7756,16277,0,765,6813
R0,NARROW,C2,1,joint64_prior,20000,0.9,hypothetical_selected_chain_fixed_actions_not_new_certificate,15904,0,15904,0.7952,16277,0,373,7980
R0,NARROW,C2,1,joint64_prior,20000,1.0,hypothetical_selected_chain_fixed_actions_not_new_certificate,16277,0,16277,0.81385,16277,0,0,9182
R0,NARROW,C2,1,joint64_prior,20000,1.1,hypothetical_selected_chain_fixed_actions_not_new_certificate,16670,0,16670,0.8335,16277,393,0,10389
R0,NARROW,C2,1,joint64_prior,20000,1.2,hypothetical_selected_chain_fixed_actions_not_new_certificate,17069,0,17069,0.85345,16277,792,0,11565
R0,NARROW,C2,2,old_static,20000,0.8,hypothetical_selected_chain_fixed_actions_not_new_certificate,15571,0,15571,0.77855,16308,0,737,6512
R0,NARROW,C2,2,old_static,20000,0.9,hypothetical_selected_chain_fixed_actions_not_new_certificate,15899,0,15899,0.79495,16308,0,409,7540
R0,NARROW,C2,2,old_static,20000,1.0,hypothetical_selected_chain_fixed_actions_not_new_certificate,16308,0,16308,0.8154,16308,0,0,8660
R0,NARROW,C2,2,old_static,20000,1.1,hypothetical_selected_chain_fixed_actions_not_new_certificate,16677,0,16677,0.83385,16308,369,0,9750
R0,NARROW,C2,2,old_static,20000,1.2,hypothetical_selected_chain_fixed_actions_not_new_certificate,17084,0,17084,0.8542,16308,776,0,10940
R0,NARROW,C2,2,old_delta,20000,0.8,hypothetical_selected_chain_fixed_actions_not_new_certificate,15536,0,15536,0.7768,16286,0,750,6524
R0,NARROW,C2,2,old_delta,20000,0.9,hypothetical_selected_chain_fixed_actions_not_new_certificate,15878,0,15878,0.7939,16286,0,408,7558
R0,NARROW,C2,2,old_delta,20000,1.0,hypothetical_selected_chain_fixed_actions_not_new_certificate,16286,0,16286,0.8143,16286,0,0,8686
R0,NARROW,C2,2,old_delta,20000,1.1,hypothetical_selected_chain_fixed_actions_not_new_certificate,16659,0,16659,0.83295,16286,373,0,9780
R0,NARROW,C2,2,old_delta,20000,1.2,hypothetical_selected_chain_fixed_actions_not_new_certificate,17064,0,17064,0.8532,16286,778,0,10958
R0,NARROW,C2,2,expanded_static,20000,0.8,hypothetical_selected_chain_fixed_actions_not_new_certificate,15571,0,15571,0.77855,16308,0,737,6512
R0,NARROW,C2,2,expanded_static,20000,0.9,hypothetical_selected_chain_fixed_actions_not_new_certificate,15899,0,15899,0.79495,16308,0,409,7540
R0,NARROW,C2,2,expanded_static,20000,1.0,hypothetical_selected_chain_fixed_actions_not_new_certificate,16308,0,16308,0.8154,16308,0,0,8660
R0,NARROW,C2,2,expanded_static,20000,1.1,hypothetical_selected_chain_fixed_actions_not_new_certificate,16677,0,16677,0.83385,16308,369,0,9750
R0,NARROW,C2,2,expanded_static,20000,1.2,hypothetical_selected_chain_fixed_actions_not_new_certificate,17084,0,17084,0.8542,16308,776,0,10940
R0,NARROW,C2,2,expanded_delta,20000,0.8,hypothetical_selected_chain_fixed_actions_not_new_certificate,15532,0,15532,0.7766,16284,0,752,6527
R0,NARROW,C2,2,expanded_delta,20000,0.9,hypothetical_selected_chain_fixed_actions_not_new_certificate,15875,0,15875,0.79375,16284,0,409,7561
R0,NARROW,C2,2,expanded_delta,20000,1.0,hypothetical_selected_chain_fixed_actions_not_new_certificate,16284,0,16284,0.8142,16284,0,0,8685
R0,NARROW,C2,2,expanded_delta,20000,1.1,hypothetical_selected_chain_fixed_actions_not_new_certificate,16661,0,16661,0.83305,16284,377,0,9785
R0,NARROW,C2,2,expanded_delta,20000,1.2,hypothetical_selected_chain_fixed_actions_not_new_certificate,17065,0,17065,0.85325,16284,781,0,10959
R0,NARROW,C2,2,joint64,20000,0.8,hypothetical_selected_chain_fixed_actions_not_new_certificate,15571,0,15571,0.77855,16315,0,744,7012
R0,NARROW,C2,2,joint64,20000,0.9,hypothetical_selected_chain_fixed_actions_not_new_certificate,15924,0,15924,0.7962,16315,0,391,8094
R0,NARROW,C2,2,joint64,20000,1.0,hypothetical_selected_chain_fixed_actions_not_new_certificate,16315,0,16315,0.81575,16315,0,0,9267
R0,NARROW,C2,2,joint64,20000,1.1,hypothetical_selected_chain_fixed_actions_not_new_certificate,16687,0,16687,0.83435,16315,372,0,10452
R0,NARROW,C2,2,joint64,20000,1.2,hypothetical_selected_chain_fixed_actions_not_new_certificate,17083,0,17083,0.85415,16315,768,0,11632
R0,NARROW,C2,2,rb16,20000,0.8,hypothetical_selected_chain_fixed_actions_not_new_certificate,15518,0,15518,0.7759,16270,0,752,6929
R0,NARROW,C2,2,rb16,20000,0.9,hypothetical_selected_chain_fixed_actions_not_new_certificate,15855,0,15855,0.79275,16270,0,415,7977
R0,NARROW,C2,2,rb16,20000,1.0,hypothetical_selected_chain_fixed_actions_not_new_certificate,16270,0,16270,0.8135,16270,0,0,9161
R0,NARROW,C2,2,rb16,20000,1.1,hypothetical_selected_chain_fixed_actions_not_new_certificate,16639,0,16639,0.83195,16270,369,0,10338
R0,NARROW,C2,2,rb16,20000,1.2,hypothetical_selected_chain_fixed_actions_not_new_certificate,17045,0,17045,0.85225,16270,775,0,11520
R0,NARROW,C2,2,joint64_prior,20000,0.8,hypothetical_selected_chain_fixed_actions_not_new_certificate,15569,0,15569,0.77845,16313,0,744,7007
R0,NARROW,C2,2,joint64_prior,20000,0.9,hypothetical_selected_chain_fixed_actions_not_new_certificate,15918,0,15918,0.7959,16313,0,395,8087
R0,NARROW,C2,2,joint64_prior,20000,1.0,hypothetical_selected_chain_fixed_actions_not_new_certificate,16313,0,16313,0.81565,16313,0,0,9255
R0,NARROW,C2,2,joint64_prior,20000,1.1,hypothetical_selected_chain_fixed_actions_not_new_certificate,16699,0,16699,0.83495,16313,386,0,10460
R0,NARROW,C2,2,joint64_prior,20000,1.2,hypothetical_selected_chain_fixed_actions_not_new_certificate,17098,0,17098,0.8549,16313,785,0,11644
A,TAB,C0,0,old_static,20000,0.8,hypothetical_selected_chain_fixed_actions_not_new_certificate,2378,7,2385,0.11925,2581,0,196,1187
A,TAB,C0,0,old_static,20000,0.9,hypothetical_selected_chain_fixed_actions_not_new_certificate,2475,7,2482,0.1241,2581,0,99,1307
A,TAB,C0,0,old_static,20000,1.0,hypothetical_selected_chain_fixed_actions_not_new_certificate,2574,7,2581,0.12905,2581,0,0,1423
A,TAB,C0,0,old_static,20000,1.1,hypothetical_selected_chain_fixed_actions_not_new_certificate,2713,7,2720,0.136,2581,139,0,1579
A,TAB,C0,0,old_static,20000,1.2,hypothetical_selected_chain_fixed_actions_not_new_certificate,2854,7,2861,0.14305,2581,280,0,1733
A,TAB,C0,0,old_delta,20000,0.8,hypothetical_selected_chain_fixed_actions_not_new_certificate,637,0,637,0.03185,776,0,139,393
A,TAB,C0,0,old_delta,20000,0.9,hypothetical_selected_chain_fixed_actions_not_new_certificate,688,0,688,0.0344,776,0,88,453
A,TAB,C0,0,old_delta,20000,1.0,hypothetical_selected_chain_fixed_actions_not_new_certificate,776,0,776,0.0388,776,0,0,549
A,TAB,C0,0,old_delta,20000,1.1,hypothetical_selected_chain_fixed_actions_not_new_certificate,872,0,872,0.0436,776,96,0,651
A,TAB,C0,0,old_delta,20000,1.2,hypothetical_selected_chain_fixed_actions_not_new_certificate,1002,0,1002,0.0501,776,226,0,788
A,TAB,C0,0,expanded_static,20000,0.8,hypothetical_selected_chain_fixed_actions_not_new_certificate,1329,9,1338,0.0669,1565,0,227,659
A,TAB,C0,0,expanded_static,20000,0.9,hypothetical_selected_chain_fixed_actions_not_new_certificate,1443,9,1452,0.0726,1565,0,113,779
A,TAB,C0,0,expanded_static,20000,1.0,hypothetical_selected_chain_fixed_actions_not_new_certificate,1556,9,1565,0.07825,1565,0,0,901
A,TAB,C0,0,expanded_static,20000,1.1,hypothetical_selected_chain_fixed_actions_not_new_certificate,1684,9,1693,0.08465,1565,128,0,1035
A,TAB,C0,0,expanded_static,20000,1.2,hypothetical_selected_chain_fixed_actions_not_new_certificate,1843,9,1852,0.0926,1565,287,0,1200
A,TAB,C0,0,expanded_delta,20000,0.8,hypothetical_selected_chain_fixed_actions_not_new_certificate,406,0,406,0.0203,578,0,172,352
A,TAB,C0,0,expanded_delta,20000,0.9,hypothetical_selected_chain_fixed_actions_not_new_certificate,478,0,478,0.0239,578,0,100,425
A,TAB,C0,0,expanded_delta,20000,1.0,hypothetical_selected_chain_fixed_actions_not_new_certificate,578,0,578,0.0289,578,0,0,526
A,TAB,C0,0,expanded_delta,20000,1.1,hypothetical_selected_chain_fixed_actions_not_new_certificate,687,0,687,0.03435,578,109,0,638
A,TAB,C0,0,expanded_delta,20000,1.2,hypothetical_selected_chain_fixed_actions_not_new_certificate,814,0,814,0.0407,578,236,0,768
A,TAB,C0,0,joint64,20000,0.8,hypothetical_selected_chain_fixed_actions_not_new_certificate,446,1,447,0.02235,638,0,191,364
A,TAB,C0,0,joint64,20000,0.9,hypothetical_selected_chain_fixed_actions_not_new_certificate,530,1,531,0.02655,638,0,107,451
A,TAB,C0,0,joint64,20000,1.0,hypothetical_selected_chain_fixed_actions_not_new_certificate,637,1,638,0.0319,638,0,0,559
A,TAB,C0,0,joint64,20000,1.1,hypothetical_selected_chain_fixed_actions_not_new_certificate,761,1,762,0.0381,638,124,0,688
A,TAB,C0,0,joint64,20000,1.2,hypothetical_selected_chain_fixed_actions_not_new_certificate,933,1,934,0.0467,638,296,0,864
A,TAB,C0,0,rb16,20000,0.8,hypothetical_selected_chain_fixed_actions_not_new_certificate,414,1,415,0.02075,571,0,156,329
A,TAB,C0,0,rb16,20000,0.9,hypothetical_selected_chain_fixed_actions_not_new_certificate,480,1,481,0.02405,571,0,90,397
A,TAB,C0,0,rb16,20000,1.0,hypothetical_selected_chain_fixed_actions_not_new_certificate,570,1,571,0.02855,571,0,0,489
A,TAB,C0,0,rb16,20000,1.1,hypothetical_selected_chain_fixed_actions_not_new_certificate,679,1,680,0.034,571,109,0,605
A,TAB,C0,0,rb16,20000,1.2,hypothetical_selected_chain_fixed_actions_not_new_certificate,814,1,815,0.04075,571,244,0,744
A,TAB,C0,0,joint64_prior,20000,0.8,hypothetical_selected_chain_fixed_actions_not_new_certificate,446,1,447,0.02235,638,0,191,364
A,TAB,C0,0,joint64_prior,20000,0.9,hypothetical_selected_chain_fixed_actions_not_new_certificate,530,1,531,0.02655,638,0,107,451
A,TAB,C0,0,joint64_prior,20000,1.0,hypothetical_selected_chain_fixed_actions_not_new_certificate,637,1,638,0.0319,638,0,0,559
A,TAB,C0,0,joint64_prior,20000,1.1,hypothetical_selected_chain_fixed_actions_not_new_certificate,761,1,762,0.0381,638,124,0,688
A,TAB,C0,0,joint64_prior,20000,1.2,hypothetical_selected_chain_fixed_actions_not_new_certificate,933,1,934,0.0467,638,296,0,864
A,TAB,C0,1,old_static,20000,0.8,hypothetical_selected_chain_fixed_actions_not_new_certificate,2335,6,2341,0.11705,2575,0,234,1193
A,TAB,C0,1,old_static,20000,0.9,hypothetical_selected_chain_fixed_actions_not_new_certificate,2447,6,2453,0.12265,2575,0,122,1316
A,TAB,C0,1,old_static,20000,1.0,hypothetical_selected_chain_fixed_actions_not_new_certificate,2569,6,2575,0.12875,2575,0,0,1447
A,TAB,C0,1,old_static,20000,1.1,hypothetical_selected_chain_fixed_actions_not_new_certificate,2694,6,2700,0.135,2575,125,0,1593
A,TAB,C0,1,old_static,20000,1.2,hypothetical_selected_chain_fixed_actions_not_new_certificate,2827,6,2833,0.14165,2575,258,0,1748
A,TAB,C0,1,old_delta,20000,0.8,hypothetical_selected_chain_fixed_actions_not_new_certificate,631,0,631,0.03155,793,0,162,410
A,TAB,C0,1,old_delta,20000,0.9,hypothetical_selected_chain_fixed_actions_not_new_certificate,696,0,696,0.0348,793,0,97,481
A,TAB,C0,1,old_delta,20000,1.0,hypothetical_selected_chain_fixed_actions_not_new_certificate,793,0,793,0.03965,793,0,0,584
A,TAB,C0,1,old_delta,20000,1.1,hypothetical_selected_chain_fixed_actions_not_new_certificate,894,0,894,0.0447,793,101,0,690
A,TAB,C0,1,old_delta,20000,1.2,hypothetical_selected_chain_fixed_actions_not_new_certificate,1004,0,1004,0.0502,793,211,0,806
A,TAB,C0,1,expanded_static,20000,0.8,hypothetical_selected_chain_fixed_actions_not_new_certificate,1255,6,1261,0.06305,1496,0,235,635
A,TAB,C0,1,expanded_static,20000,0.9,hypothetical_selected_chain_fixed_actions_not_new_certificate,1366,6,1372,0.0686,1496,0,124,751
A,TAB,C0,1,expanded_static,20000,1.0,hypothetical_selected_chain_fixed_actions_not_new_certificate,1490,6,1496,0.0748,1496,0,0,881
A,TAB,C0,1,expanded_static,20000,1.1,hypothetical_selected_chain_fixed_actions_not_new_certificate,1622,6,1628,0.0814,1496,132,0,1020
A,TAB,C0,1,expanded_static,20000,1.2,hypothetical_selected_chain_fixed_actions_not_new_certificate,1795,6,1801,0.09005,1496,305,0,1199
A,TAB,C0,1,expanded_delta,20000,0.8,hypothetical_selected_chain_fixed_actions_not_new_certificate,358,6,364,0.0182,555,0,191,319
A,TAB,C0,1,expanded_delta,20000,0.9,hypothetical_selected_chain_fixed_actions_not_new_certificate,441,6,447,0.02235,555,0,108,407
A,TAB,C0,1,expanded_delta,20000,1.0,hypothetical_selected_chain_fixed_actions_not_new_certificate,549,6,555,0.02775,555,0,0,515
A,TAB,C0,1,expanded_delta,20000,1.1,hypothetical_selected_chain_fixed_actions_not_new_certificate,658,6,664,0.0332,555,109,0,626
A,TAB,C0,1,expanded_delta,20000,1.2,hypothetical_selected_chain_fixed_actions_not_new_certificate,788,6,794,0.0397,555,239,0,762
A,TAB,C0,1,joint64,20000,0.8,hypothetical_selected_chain_fixed_actions_not_new_certificate,442,4,446,0.0223,639,0,193,385
A,TAB,C0,1,joint64,20000,0.9,hypothetical_selected_chain_fixed_actions_not_new_certificate,533,4,537,0.02685,639,0,102,480
A,TAB,C0,1,joint64,20000,1.0,hypothetical_selected_chain_fixed_actions_not_new_certificate,635,4,639,0.03195,639,0,0,586
A,TAB,C0,1,joint64,20000,1.1,hypothetical_selected_chain_fixed_actions_not_new_certificate,778,4,782,0.0391,639,143,0,732
A,TAB,C0,1,joint64,20000,1.2,hypothetical_selected_chain_fixed_actions_not_new_certificate,946,4,950,0.0475,639,311,0,906
A,TAB,C0,1,rb16,20000,0.8,hypothetical_selected_chain_fixed_actions_not_new_certificate,379,4,383,0.01915,554,0,171,302
A,TAB,C0,1,rb16,20000,0.9,hypothetical_selected_chain_fixed_actions_not_new_certificate,451,4,455,0.02275,554,0,99,381
A,TAB,C0,1,rb16,20000,1.0,hypothetical_selected_chain_fixed_actions_not_new_certificate,550,4,554,0.0277,554,0,0,486
A,TAB,C0,1,rb16,20000,1.1,hypothetical_selected_chain_fixed_actions_not_new_certificate,662,4,666,0.0333,554,112,0,605
A,TAB,C0,1,rb16,20000,1.2,hypothetical_selected_chain_fixed_actions_not_new_certificate,791,4,795,0.03975,554,241,0,743
A,TAB,C0,1,joint64_prior,20000,0.8,hypothetical_selected_chain_fixed_actions_not_new_certificate,442,4,446,0.0223,639,0,193,385
A,TAB,C0,1,joint64_prior,20000,0.9,hypothetical_selected_chain_fixed_actions_not_new_certificate,533,4,537,0.02685,639,0,102,480
A,TAB,C0,1,joint64_prior,20000,1.0,hypothetical_selected_chain_fixed_actions_not_new_certificate,635,4,639,0.03195,639,0,0,586
A,TAB,C0,1,joint64_prior,20000,1.1,hypothetical_selected_chain_fixed_actions_not_new_certificate,778,4,782,0.0391,639,143,0,732
A,TAB,C0,1,joint64_prior,20000,1.2,hypothetical_selected_chain_fixed_actions_not_new_certificate,946,4,950,0.0475,639,311,0,906
A,TAB,C0,2,old_static,20000,0.8,hypothetical_selected_chain_fixed_actions_not_new_certificate,2242,6,2248,0.1124,2508,0,260,1256
A,TAB,C0,2,old_static,20000,0.9,hypothetical_selected_chain_fixed_actions_not_new_certificate,2382,6,2388,0.1194,2508,0,120,1407
A,TAB,C0,2,old_static,20000,1.0,hypothetical_selected_chain_fixed_actions_not_new_certificate,2502,6,2508,0.1254,2508,0,0,1535
A,TAB,C0,2,old_static,20000,1.1,hypothetical_selected_chain_fixed_actions_not_new_certificate,2617,6,2623,0.13115,2508,115,0,1661
A,TAB,C0,2,old_static,20000,1.2,hypothetical_selected_chain_fixed_actions_not_new_certificate,2763,6,2769,0.13845,2508,261,0,1821
A,TAB,C0,2,old_delta,20000,0.8,hypothetical_selected_chain_fixed_actions_not_new_certificate,634,0,634,0.0317,777,0,143,419
A,TAB,C0,2,old_delta,20000,0.9,hypothetical_selected_chain_fixed_actions_not_new_certificate,692,0,692,0.0346,777,0,85,481
A,TAB,C0,2,old_delta,20000,1.0,hypothetical_selected_chain_fixed_actions_not_new_certificate,777,0,777,0.03885,777,0,0,572
A,TAB,C0,2,old_delta,20000,1.1,hypothetical_selected_chain_fixed_actions_not_new_certificate,862,0,862,0.0431,777,85,0,666
A,TAB,C0,2,old_delta,20000,1.2,hypothetical_selected_chain_fixed_actions_not_new_certificate,984,0,984,0.0492,777,207,0,794
A,TAB,C0,2,expanded_static,20000,0.8,hypothetical_selected_chain_fixed_actions_not_new_certificate,1266,7,1273,0.06365,1520,0,247,636
A,TAB,C0,2,expanded_static,20000,0.9,hypothetical_selected_chain_fixed_actions_not_new_certificate,1391,7,1398,0.0699,1520,0,122,770
A,TAB,C0,2,expanded_static,20000,1.0,hypothetical_selected_chain_fixed_actions_not_new_certificate,1513,7,1520,0.076,1520,0,0,899
A,TAB,C0,2,expanded_static,20000,1.1,hypothetical_selected_chain_fixed_actions_not_new_certificate,1632,7,1639,0.08195,1520,119,0,1022
A,TAB,C0,2,expanded_static,20000,1.2,hypothetical_selected_chain_fixed_actions_not_new_certificate,1799,7,1806,0.0903,1520,286,0,1195
A,TAB,C0,2,expanded_delta,20000,0.8,hypothetical_selected_chain_fixed_actions_not_new_certificate,372,7,379,0.01895,523,0,144,317
A,TAB,C0,2,expanded_delta,20000,0.9,hypothetical_selected_chain_fixed_actions_not_new_certificate,440,7,447,0.02235,523,0,76,390
A,TAB,C0,2,expanded_delta,20000,1.0,hypothetical_selected_chain_fixed_actions_not_new_certificate,516,7,523,0.02615,523,0,0,469
A,TAB,C0,2,expanded_delta,20000,1.1,hypothetical_selected_chain_fixed_actions_not_new_certificate,615,7,622,0.0311,523,99,0,574
A,TAB,C0,2,expanded_delta,20000,1.2,hypothetical_selected_chain_fixed_actions_not_new_certificate,749,7,756,0.0378,523,233,0,712
A,TAB,C0,2,joint64,20000,0.8,hypothetical_selected_chain_fixed_actions_not_new_certificate,430,4,434,0.0217,614,0,180,344
A,TAB,C0,2,joint64,20000,0.9,hypothetical_selected_chain_fixed_actions_not_new_certificate,511,4,515,0.02575,614,0,99,433
A,TAB,C0,2,joint64,20000,1.0,hypothetical_selected_chain_fixed_actions_not_new_certificate,610,4,614,0.0307,614,0,0,536
A,TAB,C0,2,joint64,20000,1.1,hypothetical_selected_chain_fixed_actions_not_new_certificate,754,4,758,0.0379,614,144,0,688
A,TAB,C0,2,joint64,20000,1.2,hypothetical_selected_chain_fixed_actions_not_new_certificate,912,4,916,0.0458,614,302,0,856
A,TAB,C0,2,rb16,20000,0.8,hypothetical_selected_chain_fixed_actions_not_new_certificate,394,4,398,0.0199,530,0,132,307
A,TAB,C0,2,rb16,20000,0.9,hypothetical_selected_chain_fixed_actions_not_new_certificate,455,4,459,0.02295,530,0,71,376
A,TAB,C0,2,rb16,20000,1.0,hypothetical_selected_chain_fixed_actions_not_new_certificate,526,4,530,0.0265,530,0,0,451
A,TAB,C0,2,rb16,20000,1.1,hypothetical_selected_chain_fixed_actions_not_new_certificate,623,4,627,0.03135,530,97,0,554
A,TAB,C0,2,rb16,20000,1.2,hypothetical_selected_chain_fixed_actions_not_new_certificate,762,4,766,0.0383,530,236,0,700
A,TAB,C0,2,joint64_prior,20000,0.8,hypothetical_selected_chain_fixed_actions_not_new_certificate,430,4,434,0.0217,614,0,180,344
A,TAB,C0,2,joint64_prior,20000,0.9,hypothetical_selected_chain_fixed_actions_not_new_certificate,511,4,515,0.02575,614,0,99,433
A,TAB,C0,2,joint64_prior,20000,1.0,hypothetical_selected_chain_fixed_actions_not_new_certificate,610,4,614,0.0307,614,0,0,536
A,TAB,C0,2,joint64_prior,20000,1.1,hypothetical_selected_chain_fixed_actions_not_new_certificate,754,4,758,0.0379,614,144,0,688
A,TAB,C0,2,joint64_prior,20000,1.2,hypothetical_selected_chain_fixed_actions_not_new_certificate,912,4,916,0.0458,614,302,0,856
A,TAB,C1,0,old_static,20000,0.8,hypothetical_selected_chain_fixed_actions_not_new_certificate,2521,7,2528,0.1264,2782,0,254,1351
A,TAB,C1,0,old_static,20000,0.9,hypothetical_selected_chain_fixed_actions_not_new_certificate,2643,7,2650,0.1325,2782,0,132,1489
A,TAB,C1,0,old_static,20000,1.0,hypothetical_selected_chain_fixed_actions_not_new_certificate,2775,7,2782,0.1391,2782,0,0,1635
A,TAB,C1,0,old_static,20000,1.1,hypothetical_selected_chain_fixed_actions_not_new_certificate,2922,7,2929,0.14645,2782,147,0,1799
A,TAB,C1,0,old_static,20000,1.2,hypothetical_selected_chain_fixed_actions_not_new_certificate,3097,7,3104,0.1552,2782,322,0,2001
A,TAB,C1,0,old_delta,20000,0.8,hypothetical_selected_chain_fixed_actions_not_new_certificate,662,0,662,0.0331,814,0,152,390
A,TAB,C1,0,old_delta,20000,0.9,hypothetical_selected_chain_fixed_actions_not_new_certificate,725,0,725,0.03625,814,0,89,459
A,TAB,C1,0,old_delta,20000,1.0,hypothetical_selected_chain_fixed_actions_not_new_certificate,814,0,814,0.0407,814,0,0,557
A,TAB,C1,0,old_delta,20000,1.1,hypothetical_selected_chain_fixed_actions_not_new_certificate,900,0,900,0.045,814,86,0,647
A,TAB,C1,0,old_delta,20000,1.2,hypothetical_selected_chain_fixed_actions_not_new_certificate,1016,0,1016,0.0508,814,202,0,769
A,TAB,C1,0,expanded_static,20000,0.8,hypothetical_selected_chain_fixed_actions_not_new_certificate,1220,7,1227,0.06135,1438,0,211,636
A,TAB,C1,0,expanded_static,20000,0.9,hypothetical_selected_chain_fixed_actions_not_new_certificate,1323,7,1330,0.0665,1438,0,108,748
A,TAB,C1,0,expanded_static,20000,1.0,hypothetical_selected_chain_fixed_actions_not_new_certificate,1431,7,1438,0.0719,1438,0,0,862
A,TAB,C1,0,expanded_static,20000,1.1,hypothetical_selected_chain_fixed_actions_not_new_certificate,1582,7,1589,0.07945,1438,151,0,1023
A,TAB,C1,0,expanded_static,20000,1.2,hypothetical_selected_chain_fixed_actions_not_new_certificate,1752,7,1759,0.08795,1438,321,0,1203
A,TAB,C1,0,expanded_delta,20000,0.8,hypothetical_selected_chain_fixed_actions_not_new_certificate,365,7,372,0.0186,523,0,151,305
A,TAB,C1,0,expanded_delta,20000,0.9,hypothetical_selected_chain_fixed_actions_not_new_certificate,435,7,442,0.0221,523,0,81,379
A,TAB,C1,0,expanded_delta,20000,1.0,hypothetical_selected_chain_fixed_actions_not_new_certificate,516,7,523,0.02615,523,0,0,463
A,TAB,C1,0,expanded_delta,20000,1.1,hypothetical_selected_chain_fixed_actions_not_new_certificate,616,7,623,0.03115,523,100,0,565
A,TAB,C1,0,expanded_delta,20000,1.2,hypothetical_selected_chain_fixed_actions_not_new_certificate,747,7,754,0.0377,523,231,0,698
A,TAB,C1,0,joint64,20000,0.8,hypothetical_selected_chain_fixed_actions_not_new_certificate,437,4,441,0.02205,613,0,172,347
A,TAB,C1,0,joint64,20000,0.9,hypothetical_selected_chain_fixed_actions_not_new_certificate,509,4,513,0.02565,613,0,100,423
A,TAB,C1,0,joint64,20000,1.0,hypothetical_selected_chain_fixed_actions_not_new_certificate,609,4,613,0.03065,613,0,0,529
A,TAB,C1,0,joint64,20000,1.1,hypothetical_selected_chain_fixed_actions_not_new_certificate,732,4,736,0.0368,613,123,0,656
A,TAB,C1,0,joint64,20000,1.2,hypothetical_selected_chain_fixed_actions_not_new_certificate,880,4,884,0.0442,613,271,0,811
A,TAB,C1,0,rb16,20000,0.8,hypothetical_selected_chain_fixed_actions_not_new_certificate,372,4,376,0.0188,536,0,160,283
A,TAB,C1,0,rb16,20000,0.9,hypothetical_selected_chain_fixed_actions_not_new_certificate,445,4,449,0.02245,536,0,87,359
A,TAB,C1,0,rb16,20000,1.0,hypothetical_selected_chain_fixed_actions_not_new_certificate,532,4,536,0.0268,536,0,0,453
A,TAB,C1,0,rb16,20000,1.1,hypothetical_selected_chain_fixed_actions_not_new_certificate,630,4,634,0.0317,536,98,0,555
A,TAB,C1,0,rb16,20000,1.2,hypothetical_selected_chain_fixed_actions_not_new_certificate,765,4,769,0.03845,536,233,0,694
A,TAB,C1,0,joint64_prior,20000,0.8,hypothetical_selected_chain_fixed_actions_not_new_certificate,437,4,441,0.02205,613,0,172,347
A,TAB,C1,0,joint64_prior,20000,0.9,hypothetical_selected_chain_fixed_actions_not_new_certificate,509,4,513,0.02565,613,0,100,423
A,TAB,C1,0,joint64_prior,20000,1.0,hypothetical_selected_chain_fixed_actions_not_new_certificate,609,4,613,0.03065,613,0,0,529
A,TAB,C1,0,joint64_prior,20000,1.1,hypothetical_selected_chain_fixed_actions_not_new_certificate,732,4,736,0.0368,613,123,0,656
A,TAB,C1,0,joint64_prior,20000,1.2,hypothetical_selected_chain_fixed_actions_not_new_certificate,880,4,884,0.0442,613,271,0,811
A,TAB,C1,1,old_static,20000,0.8,hypothetical_selected_chain_fixed_actions_not_new_certificate,2492,6,2498,0.1249,2745,0,247,1246
A,TAB,C1,1,old_static,20000,0.9,hypothetical_selected_chain_fixed_actions_not_new_certificate,2606,6,2612,0.1306,2745,0,133,1368
A,TAB,C1,1,old_static,20000,1.0,hypothetical_selected_chain_fixed_actions_not_new_certificate,2739,6,2745,0.13725,2745,0,0,1516
A,TAB,C1,1,old_static,20000,1.1,hypothetical_selected_chain_fixed_actions_not_new_certificate,2858,6,2864,0.1432,2745,119,0,1656
A,TAB,C1,1,old_static,20000,1.2,hypothetical_selected_chain_fixed_actions_not_new_certificate,2987,6,2993,0.14965,2745,248,0,1797
A,TAB,C1,1,old_delta,20000,0.8,hypothetical_selected_chain_fixed_actions_not_new_certificate,710,0,710,0.0355,850,0,140,414
A,TAB,C1,1,old_delta,20000,0.9,hypothetical_selected_chain_fixed_actions_not_new_certificate,779,0,779,0.03895,850,0,71,493
A,TAB,C1,1,old_delta,20000,1.0,hypothetical_selected_chain_fixed_actions_not_new_certificate,850,0,850,0.0425,850,0,0,568
A,TAB,C1,1,old_delta,20000,1.1,hypothetical_selected_chain_fixed_actions_not_new_certificate,946,0,946,0.0473,850,96,0,666
A,TAB,C1,1,old_delta,20000,1.2,hypothetical_selected_chain_fixed_actions_not_new_certificate,1050,0,1050,0.0525,850,200,0,776
A,TAB,C1,1,expanded_static,20000,0.8,hypothetical_selected_chain_fixed_actions_not_new_certificate,1219,6,1225,0.06125,1447,0,222,615
A,TAB,C1,1,expanded_static,20000,0.9,hypothetical_selected_chain_fixed_actions_not_new_certificate,1325,6,1331,0.06655,1447,0,116,726
A,TAB,C1,1,expanded_static,20000,1.0,hypothetical_selected_chain_fixed_actions_not_new_certificate,1441,6,1447,0.07235,1447,0,0,852
A,TAB,C1,1,expanded_static,20000,1.1,hypothetical_selected_chain_fixed_actions_not_new_certificate,1550,6,1556,0.0778,1447,109,0,968
A,TAB,C1,1,expanded_static,20000,1.2,hypothetical_selected_chain_fixed_actions_not_new_certificate,1708,6,1714,0.0857,1447,267,0,1138
A,TAB,C1,1,expanded_delta,20000,0.8,hypothetical_selected_chain_fixed_actions_not_new_certificate,342,0,342,0.0171,481,0,139,311
A,TAB,C1,1,expanded_delta,20000,0.9,hypothetical_selected_chain_fixed_actions_not_new_certificate,404,0,404,0.0202,481,0,77,378
A,TAB,C1,1,expanded_delta,20000,1.0,hypothetical_selected_chain_fixed_actions_not_new_certificate,481,0,481,0.02405,481,0,0,456
A,TAB,C1,1,expanded_delta,20000,1.1,hypothetical_selected_chain_fixed_actions_not_new_certificate,582,0,582,0.0291,481,101,0,557
A,TAB,C1,1,expanded_delta,20000,1.2,hypothetical_selected_chain_fixed_actions_not_new_certificate,718,0,718,0.0359,481,237,0,698
A,TAB,C1,1,joint64,20000,0.8,hypothetical_selected_chain_fixed_actions_not_new_certificate,401,0,401,0.02005,591,0,190,353
A,TAB,C1,1,joint64,20000,0.9,hypothetical_selected_chain_fixed_actions_not_new_certificate,488,0,488,0.0244,591,0,103,447
A,TAB,C1,1,joint64,20000,1.0,hypothetical_selected_chain_fixed_actions_not_new_certificate,591,0,591,0.02955,591,0,0,552
A,TAB,C1,1,joint64,20000,1.1,hypothetical_selected_chain_fixed_actions_not_new_certificate,716,0,716,0.0358,591,125,0,680
A,TAB,C1,1,joint64,20000,1.2,hypothetical_selected_chain_fixed_actions_not_new_certificate,885,0,885,0.04425,591,294,0,854
A,TAB,C1,1,rb16,20000,0.8,hypothetical_selected_chain_fixed_actions_not_new_certificate,369,0,369,0.01845,500,0,131,303
A,TAB,C1,1,rb16,20000,0.9,hypothetical_selected_chain_fixed_actions_not_new_certificate,424,0,424,0.0212,500,0,76,366
A,TAB,C1,1,rb16,20000,1.0,hypothetical_selected_chain_fixed_actions_not_new_certificate,500,0,500,0.025,500,0,0,444
A,TAB,C1,1,rb16,20000,1.1,hypothetical_selected_chain_fixed_actions_not_new_certificate,591,0,591,0.02955,500,91,0,538
A,TAB,C1,1,rb16,20000,1.2,hypothetical_selected_chain_fixed_actions_not_new_certificate,724,0,724,0.0362,500,224,0,680
A,TAB,C1,1,joint64_prior,20000,0.8,hypothetical_selected_chain_fixed_actions_not_new_certificate,401,0,401,0.02005,591,0,190,353
A,TAB,C1,1,joint64_prior,20000,0.9,hypothetical_selected_chain_fixed_actions_not_new_certificate,488,0,488,0.0244,591,0,103,447
A,TAB,C1,1,joint64_prior,20000,1.0,hypothetical_selected_chain_fixed_actions_not_new_certificate,591,0,591,0.02955,591,0,0,552
A,TAB,C1,1,joint64_prior,20000,1.1,hypothetical_selected_chain_fixed_actions_not_new_certificate,716,0,716,0.0358,591,125,0,680
A,TAB,C1,1,joint64_prior,20000,1.2,hypothetical_selected_chain_fixed_actions_not_new_certificate,885,0,885,0.04425,591,294,0,854
A,TAB,C1,2,old_static,20000,0.8,hypothetical_selected_chain_fixed_actions_not_new_certificate,2542,11,2553,0.12765,2790,0,237,892
A,TAB,C1,2,old_static,20000,0.9,hypothetical_selected_chain_fixed_actions_not_new_certificate,2648,11,2659,0.13295,2790,0,131,1012
A,TAB,C1,2,old_static,20000,1.0,hypothetical_selected_chain_fixed_actions_not_new_certificate,2779,11,2790,0.1395,2790,0,0,1153
A,TAB,C1,2,old_static,20000,1.1,hypothetical_selected_chain_fixed_actions_not_new_certificate,2895,11,2906,0.1453,2790,116,0,1291
A,TAB,C1,2,old_static,20000,1.2,hypothetical_selected_chain_fixed_actions_not_new_certificate,3043,11,3054,0.1527,2790,264,0,1465
A,TAB,C1,2,old_delta,20000,0.8,hypothetical_selected_chain_fixed_actions_not_new_certificate,719,0,719,0.03595,861,0,142,410
A,TAB,C1,2,old_delta,20000,0.9,hypothetical_selected_chain_fixed_actions_not_new_certificate,784,0,784,0.0392,861,0,77,480
A,TAB,C1,2,old_delta,20000,1.0,hypothetical_selected_chain_fixed_actions_not_new_certificate,861,0,861,0.04305,861,0,0,559
A,TAB,C1,2,old_delta,20000,1.1,hypothetical_selected_chain_fixed_actions_not_new_certificate,953,0,953,0.04765,861,92,0,654
A,TAB,C1,2,old_delta,20000,1.2,hypothetical_selected_chain_fixed_actions_not_new_certificate,1051,0,1051,0.05255,861,190,0,760
A,TAB,C1,2,expanded_static,20000,0.8,hypothetical_selected_chain_fixed_actions_not_new_certificate,1236,11,1247,0.06235,1474,0,227,613
A,TAB,C1,2,expanded_static,20000,0.9,hypothetical_selected_chain_fixed_actions_not_new_certificate,1339,11,1350,0.0675,1474,0,124,725
A,TAB,C1,2,expanded_static,20000,1.0,hypothetical_selected_chain_fixed_actions_not_new_certificate,1463,11,1474,0.0737,1474,0,0,856
A,TAB,C1,2,expanded_static,20000,1.1,hypothetical_selected_chain_fixed_actions_not_new_certificate,1568,11,1579,0.07895,1474,105,0,970
A,TAB,C1,2,expanded_static,20000,1.2,hypothetical_selected_chain_fixed_actions_not_new_certificate,1722,11,1733,0.08665,1474,259,0,1132
A,TAB,C1,2,expanded_delta,20000,0.8,hypothetical_selected_chain_fixed_actions_not_new_certificate,359,0,359,0.01795,506,0,147,316
A,TAB,C1,2,expanded_delta,20000,0.9,hypothetical_selected_chain_fixed_actions_not_new_certificate,417,0,417,0.02085,506,0,89,376
A,TAB,C1,2,expanded_delta,20000,1.0,hypothetical_selected_chain_fixed_actions_not_new_certificate,506,0,506,0.0253,506,0,0,470
A,TAB,C1,2,expanded_delta,20000,1.1,hypothetical_selected_chain_fixed_actions_not_new_certificate,587,0,587,0.02935,506,81,0,552
A,TAB,C1,2,expanded_delta,20000,1.2,hypothetical_selected_chain_fixed_actions_not_new_certificate,707,0,707,0.03535,506,201,0,675
A,TAB,C1,2,joint64,20000,0.8,hypothetical_selected_chain_fixed_actions_not_new_certificate,399,6,405,0.02025,560,0,155,339
A,TAB,C1,2,joint64,20000,0.9,hypothetical_selected_chain_fixed_actions_not_new_certificate,464,6,470,0.0235,560,0,90,406
A,TAB,C1,2,joint64,20000,1.0,hypothetical_selected_chain_fixed_actions_not_new_certificate,554,6,560,0.028,560,0,0,503
A,TAB,C1,2,joint64,20000,1.1,hypothetical_selected_chain_fixed_actions_not_new_certificate,681,6,687,0.03435,560,127,0,631
A,TAB,C1,2,joint64,20000,1.2,hypothetical_selected_chain_fixed_actions_not_new_certificate,829,6,835,0.04175,560,275,0,783
A,TAB,C1,2,rb16,20000,0.8,hypothetical_selected_chain_fixed_actions_not_new_certificate,363,6,369,0.01845,507,0,138,302
A,TAB,C1,2,rb16,20000,0.9,hypothetical_selected_chain_fixed_actions_not_new_certificate,421,6,427,0.02135,507,0,80,363
A,TAB,C1,2,rb16,20000,1.0,hypothetical_selected_chain_fixed_actions_not_new_certificate,501,6,507,0.02535,507,0,0,447
A,TAB,C1,2,rb16,20000,1.1,hypothetical_selected_chain_fixed_actions_not_new_certificate,591,6,597,0.02985,507,90,0,542
A,TAB,C1,2,rb16,20000,1.2,hypothetical_selected_chain_fixed_actions_not_new_certificate,715,6,721,0.03605,507,214,0,669
A,TAB,C1,2,joint64_prior,20000,0.8,hypothetical_selected_chain_fixed_actions_not_new_certificate,399,6,405,0.02025,560,0,155,339
A,TAB,C1,2,joint64_prior,20000,0.9,hypothetical_selected_chain_fixed_actions_not_new_certificate,464,6,470,0.0235,560,0,90,406
A,TAB,C1,2,joint64_prior,20000,1.0,hypothetical_selected_chain_fixed_actions_not_new_certificate,554,6,560,0.028,560,0,0,503
A,TAB,C1,2,joint64_prior,20000,1.1,hypothetical_selected_chain_fixed_actions_not_new_certificate,681,6,687,0.03435,560,127,0,631
A,TAB,C1,2,joint64_prior,20000,1.2,hypothetical_selected_chain_fixed_actions_not_new_certificate,829,6,835,0.04175,560,275,0,783
A,TAB,C2,0,old_static,20000,0.8,hypothetical_selected_chain_fixed_actions_not_new_certificate,2429,5,2434,0.1217,2708,0,274,1102
A,TAB,C2,0,old_static,20000,0.9,hypothetical_selected_chain_fixed_actions_not_new_certificate,2571,5,2576,0.1288,2708,0,132,1245
A,TAB,C2,0,old_static,20000,1.0,hypothetical_selected_chain_fixed_actions_not_new_certificate,2703,5,2708,0.1354,2708,0,0,1381
A,TAB,C2,0,old_static,20000,1.1,hypothetical_selected_chain_fixed_actions_not_new_certificate,2840,5,2845,0.14225,2708,137,0,1521
A,TAB,C2,0,old_static,20000,1.2,hypothetical_selected_chain_fixed_actions_not_new_certificate,2984,5,2989,0.14945,2708,281,0,1670
A,TAB,C2,0,old_delta,20000,0.8,hypothetical_selected_chain_fixed_actions_not_new_certificate,592,0,592,0.0296,718,0,126,319
A,TAB,C2,0,old_delta,20000,0.9,hypothetical_selected_chain_fixed_actions_not_new_certificate,657,0,657,0.03285,718,0,61,387
A,TAB,C2,0,old_delta,20000,1.0,hypothetical_selected_chain_fixed_actions_not_new_certificate,718,0,718,0.0359,718,0,0,449
A,TAB,C2,0,old_delta,20000,1.1,hypothetical_selected_chain_fixed_actions_not_new_certificate,817,0,817,0.04085,718,99,0,553
A,TAB,C2,0,old_delta,20000,1.2,hypothetical_selected_chain_fixed_actions_not_new_certificate,930,0,930,0.0465,718,212,0,671
A,TAB,C2,0,expanded_static,20000,0.8,hypothetical_selected_chain_fixed_actions_not_new_certificate,1070,6,1076,0.0538,1285,0,209,547
A,TAB,C2,0,expanded_static,20000,0.9,hypothetical_selected_chain_fixed_actions_not_new_certificate,1166,6,1172,0.0586,1285,0,113,648
A,TAB,C2,0,expanded_static,20000,1.0,hypothetical_selected_chain_fixed_actions_not_new_certificate,1279,6,1285,0.06425,1285,0,0,764
A,TAB,C2,0,expanded_static,20000,1.1,hypothetical_selected_chain_fixed_actions_not_new_certificate,1414,6,1420,0.071,1285,135,0,905
A,TAB,C2,0,expanded_static,20000,1.2,hypothetical_selected_chain_fixed_actions_not_new_certificate,1562,6,1568,0.0784,1285,283,0,1056
A,TAB,C2,0,expanded_delta,20000,0.8,hypothetical_selected_chain_fixed_actions_not_new_certificate,305,0,305,0.01525,412,0,107,261
A,TAB,C2,0,expanded_delta,20000,0.9,hypothetical_selected_chain_fixed_actions_not_new_certificate,349,0,349,0.01745,412,0,63,306
A,TAB,C2,0,expanded_delta,20000,1.0,hypothetical_selected_chain_fixed_actions_not_new_certificate,412,0,412,0.0206,412,0,0,372
A,TAB,C2,0,expanded_delta,20000,1.1,hypothetical_selected_chain_fixed_actions_not_new_certificate,506,0,506,0.0253,412,94,0,468
A,TAB,C2,0,expanded_delta,20000,1.2,hypothetical_selected_chain_fixed_actions_not_new_certificate,640,0,640,0.032,412,228,0,603
A,TAB,C2,0,joint64,20000,0.8,hypothetical_selected_chain_fixed_actions_not_new_certificate,339,1,340,0.017,491,0,151,280
A,TAB,C2,0,joint64,20000,0.9,hypothetical_selected_chain_fixed_actions_not_new_certificate,404,1,405,0.02025,491,0,86,349
A,TAB,C2,0,joint64,20000,1.0,hypothetical_selected_chain_fixed_actions_not_new_certificate,490,1,491,0.02455,491,0,0,440
A,TAB,C2,0,joint64,20000,1.1,hypothetical_selected_chain_fixed_actions_not_new_certificate,611,1,612,0.0306,491,121,0,566
A,TAB,C2,0,joint64,20000,1.2,hypothetical_selected_chain_fixed_actions_not_new_certificate,790,1,791,0.03955,491,300,0,746
A,TAB,C2,0,rb16,20000,0.8,hypothetical_selected_chain_fixed_actions_not_new_certificate,290,1,291,0.01455,389,0,98,228
A,TAB,C2,0,rb16,20000,0.9,hypothetical_selected_chain_fixed_actions_not_new_certificate,332,1,333,0.01665,389,0,56,273
A,TAB,C2,0,rb16,20000,1.0,hypothetical_selected_chain_fixed_actions_not_new_certificate,388,1,389,0.01945,389,0,0,332
A,TAB,C2,0,rb16,20000,1.1,hypothetical_selected_chain_fixed_actions_not_new_certificate,481,1,482,0.0241,389,93,0,428
A,TAB,C2,0,rb16,20000,1.2,hypothetical_selected_chain_fixed_actions_not_new_certificate,613,1,614,0.0307,389,225,0,564
A,TAB,C2,0,joint64_prior,20000,0.8,hypothetical_selected_chain_fixed_actions_not_new_certificate,346,1,347,0.01735,517,0,170,287
A,TAB,C2,0,joint64_prior,20000,0.9,hypothetical_selected_chain_fixed_actions_not_new_certificate,411,1,412,0.0206,517,0,105,354
A,TAB,C2,0,joint64_prior,20000,1.0,hypothetical_selected_chain_fixed_actions_not_new_certificate,516,1,517,0.02585,517,0,0,462
A,TAB,C2,0,joint64_prior,20000,1.1,hypothetical_selected_chain_fixed_actions_not_new_certificate,625,1,626,0.0313,517,109,0,575
A,TAB,C2,0,joint64_prior,20000,1.2,hypothetical_selected_chain_fixed_actions_not_new_certificate,777,1,778,0.0389,517,261,0,729
A,TAB,C2,1,old_static,20000,0.8,hypothetical_selected_chain_fixed_actions_not_new_certificate,2402,6,2408,0.1204,2642,0,234,1205
A,TAB,C2,1,old_static,20000,0.9,hypothetical_selected_chain_fixed_actions_not_new_certificate,2510,6,2516,0.1258,2642,0,126,1318
A,TAB,C2,1,old_static,20000,1.0,hypothetical_selected_chain_fixed_actions_not_new_certificate,2636,6,2642,0.1321,2642,0,0,1449
A,TAB,C2,1,old_static,20000,1.1,hypothetical_selected_chain_fixed_actions_not_new_certificate,2784,6,2790,0.1395,2642,148,0,1605
A,TAB,C2,1,old_static,20000,1.2,hypothetical_selected_chain_fixed_actions_not_new_certificate,2917,6,2923,0.14615,2642,281,0,1746
A,TAB,C2,1,old_delta,20000,0.8,hypothetical_selected_chain_fixed_actions_not_new_certificate,657,0,657,0.03285,784,0,127,380
A,TAB,C2,1,old_delta,20000,0.9,hypothetical_selected_chain_fixed_actions_not_new_certificate,718,0,718,0.0359,784,0,66,443
A,TAB,C2,1,old_delta,20000,1.0,hypothetical_selected_chain_fixed_actions_not_new_certificate,784,0,784,0.0392,784,0,0,512
A,TAB,C2,1,old_delta,20000,1.1,hypothetical_selected_chain_fixed_actions_not_new_certificate,872,0,872,0.0436,784,88,0,601
A,TAB,C2,1,old_delta,20000,1.2,hypothetical_selected_chain_fixed_actions_not_new_certificate,984,0,984,0.0492,784,200,0,715
A,TAB,C2,1,expanded_static,20000,0.8,hypothetical_selected_chain_fixed_actions_not_new_certificate,1093,8,1101,0.05505,1335,0,234,553
A,TAB,C2,1,expanded_static,20000,0.9,hypothetical_selected_chain_fixed_actions_not_new_certificate,1198,8,1206,0.0603,1335,0,129,661
A,TAB,C2,1,expanded_static,20000,1.0,hypothetical_selected_chain_fixed_actions_not_new_certificate,1327,8,1335,0.06675,1335,0,0,793
A,TAB,C2,1,expanded_static,20000,1.1,hypothetical_selected_chain_fixed_actions_not_new_certificate,1458,8,1466,0.0733,1335,131,0,929
A,TAB,C2,1,expanded_static,20000,1.2,hypothetical_selected_chain_fixed_actions_not_new_certificate,1610,8,1618,0.0809,1335,283,0,1085
A,TAB,C2,1,expanded_delta,20000,0.8,hypothetical_selected_chain_fixed_actions_not_new_certificate,346,8,354,0.0177,492,0,138,298
A,TAB,C2,1,expanded_delta,20000,0.9,hypothetical_selected_chain_fixed_actions_not_new_certificate,410,8,418,0.0209,492,0,74,364
A,TAB,C2,1,expanded_delta,20000,1.0,hypothetical_selected_chain_fixed_actions_not_new_certificate,484,8,492,0.0246,492,0,0,439
A,TAB,C2,1,expanded_delta,20000,1.1,hypothetical_selected_chain_fixed_actions_not_new_certificate,576,8,584,0.0292,492,92,0,535
A,TAB,C2,1,expanded_delta,20000,1.2,hypothetical_selected_chain_fixed_actions_not_new_certificate,719,8,727,0.03635,492,235,0,682
A,TAB,C2,1,joint64,20000,0.8,hypothetical_selected_chain_fixed_actions_not_new_certificate,394,8,402,0.0201,563,0,161,346
A,TAB,C2,1,joint64,20000,0.9,hypothetical_selected_chain_fixed_actions_not_new_certificate,463,8,471,0.02355,563,0,92,419
A,TAB,C2,1,joint64,20000,1.0,hypothetical_selected_chain_fixed_actions_not_new_certificate,555,8,563,0.02815,563,0,0,513
A,TAB,C2,1,joint64,20000,1.1,hypothetical_selected_chain_fixed_actions_not_new_certificate,663,8,671,0.03355,563,108,0,624
A,TAB,C2,1,joint64,20000,1.2,hypothetical_selected_chain_fixed_actions_not_new_certificate,836,8,844,0.0422,563,281,0,803
A,TAB,C2,1,rb16,20000,0.8,hypothetical_selected_chain_fixed_actions_not_new_certificate,327,8,335,0.01675,464,0,129,263
A,TAB,C2,1,rb16,20000,0.9,hypothetical_selected_chain_fixed_actions_not_new_certificate,388,8,396,0.0198,464,0,68,326
A,TAB,C2,1,rb16,20000,1.0,hypothetical_selected_chain_fixed_actions_not_new_certificate,456,8,464,0.0232,464,0,0,398
A,TAB,C2,1,rb16,20000,1.1,hypothetical_selected_chain_fixed_actions_not_new_certificate,539,8,547,0.02735,464,83,0,487
A,TAB,C2,1,rb16,20000,1.2,hypothetical_selected_chain_fixed_actions_not_new_certificate,672,8,680,0.034,464,216,0,629
A,TAB,C2,1,joint64_prior,20000,0.8,hypothetical_selected_chain_fixed_actions_not_new_certificate,411,8,419,0.02095,590,0,171,353
A,TAB,C2,1,joint64_prior,20000,0.9,hypothetical_selected_chain_fixed_actions_not_new_certificate,482,8,490,0.0245,590,0,100,429
A,TAB,C2,1,joint64_prior,20000,1.0,hypothetical_selected_chain_fixed_actions_not_new_certificate,582,8,590,0.0295,590,0,0,530
A,TAB,C2,1,joint64_prior,20000,1.1,hypothetical_selected_chain_fixed_actions_not_new_certificate,681,8,689,0.03445,590,99,0,633
A,TAB,C2,1,joint64_prior,20000,1.2,hypothetical_selected_chain_fixed_actions_not_new_certificate,846,8,854,0.0427,590,264,0,804
A,TAB,C2,2,old_static,20000,0.8,hypothetical_selected_chain_fixed_actions_not_new_certificate,2422,7,2429,0.12145,2674,0,245,1222
A,TAB,C2,2,old_static,20000,0.9,hypothetical_selected_chain_fixed_actions_not_new_certificate,2531,7,2538,0.1269,2674,0,136,1335
A,TAB,C2,2,old_static,20000,1.0,hypothetical_selected_chain_fixed_actions_not_new_certificate,2667,7,2674,0.1337,2674,0,0,1482
A,TAB,C2,2,old_static,20000,1.1,hypothetical_selected_chain_fixed_actions_not_new_certificate,2806,7,2813,0.14065,2674,139,0,1632
A,TAB,C2,2,old_static,20000,1.2,hypothetical_selected_chain_fixed_actions_not_new_certificate,2963,7,2970,0.1485,2674,296,0,1799
A,TAB,C2,2,old_delta,20000,0.8,hypothetical_selected_chain_fixed_actions_not_new_certificate,576,0,576,0.0288,713,0,137,320
A,TAB,C2,2,old_delta,20000,0.9,hypothetical_selected_chain_fixed_actions_not_new_certificate,634,0,634,0.0317,713,0,79,381
A,TAB,C2,2,old_delta,20000,1.0,hypothetical_selected_chain_fixed_actions_not_new_certificate,713,0,713,0.03565,713,0,0,462
A,TAB,C2,2,old_delta,20000,1.1,hypothetical_selected_chain_fixed_actions_not_new_certificate,790,0,790,0.0395,713,77,0,544
A,TAB,C2,2,old_delta,20000,1.2,hypothetical_selected_chain_fixed_actions_not_new_certificate,917,0,917,0.04585,713,204,0,674
A,TAB,C2,2,expanded_static,20000,0.8,hypothetical_selected_chain_fixed_actions_not_new_certificate,1018,7,1025,0.05125,1250,0,225,543
A,TAB,C2,2,expanded_static,20000,0.9,hypothetical_selected_chain_fixed_actions_not_new_certificate,1122,7,1129,0.05645,1250,0,121,650
A,TAB,C2,2,expanded_static,20000,1.0,hypothetical_selected_chain_fixed_actions_not_new_certificate,1243,7,1250,0.0625,1250,0,0,774
A,TAB,C2,2,expanded_static,20000,1.1,hypothetical_selected_chain_fixed_actions_not_new_certificate,1384,7,1391,0.06955,1250,141,0,916
A,TAB,C2,2,expanded_static,20000,1.2,hypothetical_selected_chain_fixed_actions_not_new_certificate,1522,7,1529,0.07645,1250,279,0,1058
A,TAB,C2,2,expanded_delta,20000,0.8,hypothetical_selected_chain_fixed_actions_not_new_certificate,270,7,277,0.01385,409,0,132,230
A,TAB,C2,2,expanded_delta,20000,0.9,hypothetical_selected_chain_fixed_actions_not_new_certificate,337,7,344,0.0172,409,0,65,298
A,TAB,C2,2,expanded_delta,20000,1.0,hypothetical_selected_chain_fixed_actions_not_new_certificate,402,7,409,0.02045,409,0,0,366
A,TAB,C2,2,expanded_delta,20000,1.1,hypothetical_selected_chain_fixed_actions_not_new_certificate,474,7,481,0.02405,409,72,0,440
A,TAB,C2,2,expanded_delta,20000,1.2,hypothetical_selected_chain_fixed_actions_not_new_certificate,597,7,604,0.0302,409,195,0,565
A,TAB,C2,2,joint64,20000,0.8,hypothetical_selected_chain_fixed_actions_not_new_certificate,319,5,324,0.0162,473,0,149,261
A,TAB,C2,2,joint64,20000,0.9,hypothetical_selected_chain_fixed_actions_not_new_certificate,380,5,385,0.01925,473,0,88,327
A,TAB,C2,2,joint64,20000,1.0,hypothetical_selected_chain_fixed_actions_not_new_certificate,468,5,473,0.02365,473,0,0,419
A,TAB,C2,2,joint64,20000,1.1,hypothetical_selected_chain_fixed_actions_not_new_certificate,559,5,564,0.0282,473,91,0,513
A,TAB,C2,2,joint64,20000,1.2,hypothetical_selected_chain_fixed_actions_not_new_certificate,688,5,693,0.03465,473,220,0,647
A,TAB,C2,2,rb16,20000,0.8,hypothetical_selected_chain_fixed_actions_not_new_certificate,274,5,279,0.01395,391,0,112,206
A,TAB,C2,2,rb16,20000,0.9,hypothetical_selected_chain_fixed_actions_not_new_certificate,330,5,335,0.01675,391,0,56,267
A,TAB,C2,2,rb16,20000,1.0,hypothetical_selected_chain_fixed_actions_not_new_certificate,386,5,391,0.01955,391,0,0,326
A,TAB,C2,2,rb16,20000,1.1,hypothetical_selected_chain_fixed_actions_not_new_certificate,465,5,470,0.0235,391,79,0,408
A,TAB,C2,2,rb16,20000,1.2,hypothetical_selected_chain_fixed_actions_not_new_certificate,568,5,573,0.02865,391,182,0,513
A,TAB,C2,2,joint64_prior,20000,0.8,hypothetical_selected_chain_fixed_actions_not_new_certificate,326,5,331,0.01655,495,0,164,265
A,TAB,C2,2,joint64_prior,20000,0.9,hypothetical_selected_chain_fixed_actions_not_new_certificate,402,5,407,0.02035,495,0,88,347
A,TAB,C2,2,joint64_prior,20000,1.0,hypothetical_selected_chain_fixed_actions_not_new_certificate,490,5,495,0.02475,495,0,0,439
A,TAB,C2,2,joint64_prior,20000,1.1,hypothetical_selected_chain_fixed_actions_not_new_certificate,606,5,611,0.03055,495,116,0,560
A,TAB,C2,2,joint64_prior,20000,1.2,hypothetical_selected_chain_fixed_actions_not_new_certificate,752,5,757,0.03785,495,262,0,710
A,NARROW,C0,0,old_static,20000,0.8,hypothetical_selected_chain_fixed_actions_not_new_certificate,3,0,3,0.00015,5,0,2,0
A,NARROW,C0,0,old_static,20000,0.9,hypothetical_selected_chain_fixed_actions_not_new_certificate,3,0,3,0.00015,5,0,2,0
A,NARROW,C0,0,old_static,20000,1.0,hypothetical_selected_chain_fixed_actions_not_new_certificate,5,0,5,0.00025,5,0,0,2
A,NARROW,C0,0,old_static,20000,1.1,hypothetical_selected_chain_fixed_actions_not_new_certificate,5,0,5,0.00025,5,0,0,2
A,NARROW,C0,0,old_static,20000,1.2,hypothetical_selected_chain_fixed_actions_not_new_certificate,5,0,5,0.00025,5,0,0,2
A,NARROW,C0,0,old_delta,20000,0.8,hypothetical_selected_chain_fixed_actions_not_new_certificate,0,0,0,0.0,0,0,0,0
A,NARROW,C0,0,old_delta,20000,0.9,hypothetical_selected_chain_fixed_actions_not_new_certificate,0,0,0,0.0,0,0,0,0
A,NARROW,C0,0,old_delta,20000,1.0,hypothetical_selected_chain_fixed_actions_not_new_certificate,0,0,0,0.0,0,0,0,0
A,NARROW,C0,0,old_delta,20000,1.1,hypothetical_selected_chain_fixed_actions_not_new_certificate,0,0,0,0.0,0,0,0,0
A,NARROW,C0,0,old_delta,20000,1.2,hypothetical_selected_chain_fixed_actions_not_new_certificate,0,0,0,0.0,0,0,0,0
A,NARROW,C0,0,expanded_static,20000,0.8,hypothetical_selected_chain_fixed_actions_not_new_certificate,2,0,2,0.0001,2,0,0,0
A,NARROW,C0,0,expanded_static,20000,0.9,hypothetical_selected_chain_fixed_actions_not_new_certificate,2,0,2,0.0001,2,0,0,0
A,NARROW,C0,0,expanded_static,20000,1.0,hypothetical_selected_chain_fixed_actions_not_new_certificate,2,0,2,0.0001,2,0,0,0
A,NARROW,C0,0,expanded_static,20000,1.1,hypothetical_selected_chain_fixed_actions_not_new_certificate,3,0,3,0.00015,2,1,0,1
A,NARROW,C0,0,expanded_static,20000,1.2,hypothetical_selected_chain_fixed_actions_not_new_certificate,6,0,6,0.0003,2,4,0,4
A,NARROW,C0,0,expanded_delta,20000,0.8,hypothetical_selected_chain_fixed_actions_not_new_certificate,2,0,2,0.0001,2,0,0,0
A,NARROW,C0,0,expanded_delta,20000,0.9,hypothetical_selected_chain_fixed_actions_not_new_certificate,2,0,2,0.0001,2,0,0,0
A,NARROW,C0,0,expanded_delta,20000,1.0,hypothetical_selected_chain_fixed_actions_not_new_certificate,2,0,2,0.0001,2,0,0,0
A,NARROW,C0,0,expanded_delta,20000,1.1,hypothetical_selected_chain_fixed_actions_not_new_certificate,3,0,3,0.00015,2,1,0,1
A,NARROW,C0,0,expanded_delta,20000,1.2,hypothetical_selected_chain_fixed_actions_not_new_certificate,6,0,6,0.0003,2,4,0,4
A,NARROW,C0,0,joint64,20000,0.8,hypothetical_selected_chain_fixed_actions_not_new_certificate,2,0,2,0.0001,2,0,0,0
A,NARROW,C0,0,joint64,20000,0.9,hypothetical_selected_chain_fixed_actions_not_new_certificate,2,0,2,0.0001,2,0,0,0
A,NARROW,C0,0,joint64,20000,1.0,hypothetical_selected_chain_fixed_actions_not_new_certificate,2,0,2,0.0001,2,0,0,0
A,NARROW,C0,0,joint64,20000,1.1,hypothetical_selected_chain_fixed_actions_not_new_certificate,3,0,3,0.00015,2,1,0,1
A,NARROW,C0,0,joint64,20000,1.2,hypothetical_selected_chain_fixed_actions_not_new_certificate,6,0,6,0.0003,2,4,0,4
A,NARROW,C0,0,rb16,20000,0.8,hypothetical_selected_chain_fixed_actions_not_new_certificate,2,0,2,0.0001,2,0,0,0
A,NARROW,C0,0,rb16,20000,0.9,hypothetical_selected_chain_fixed_actions_not_new_certificate,2,0,2,0.0001,2,0,0,0
A,NARROW,C0,0,rb16,20000,1.0,hypothetical_selected_chain_fixed_actions_not_new_certificate,2,0,2,0.0001,2,0,0,0
A,NARROW,C0,0,rb16,20000,1.1,hypothetical_selected_chain_fixed_actions_not_new_certificate,3,0,3,0.00015,2,1,0,1
A,NARROW,C0,0,rb16,20000,1.2,hypothetical_selected_chain_fixed_actions_not_new_certificate,6,0,6,0.0003,2,4,0,4
A,NARROW,C0,0,joint64_prior,20000,0.8,hypothetical_selected_chain_fixed_actions_not_new_certificate,2,0,2,0.0001,2,0,0,0
A,NARROW,C0,0,joint64_prior,20000,0.9,hypothetical_selected_chain_fixed_actions_not_new_certificate,2,0,2,0.0001,2,0,0,0
A,NARROW,C0,0,joint64_prior,20000,1.0,hypothetical_selected_chain_fixed_actions_not_new_certificate,2,0,2,0.0001,2,0,0,0
A,NARROW,C0,0,joint64_prior,20000,1.1,hypothetical_selected_chain_fixed_actions_not_new_certificate,3,0,3,0.00015,2,1,0,1
A,NARROW,C0,0,joint64_prior,20000,1.2,hypothetical_selected_chain_fixed_actions_not_new_certificate,6,0,6,0.0003,2,4,0,4
A,NARROW,C0,1,old_static,20000,0.8,hypothetical_selected_chain_fixed_actions_not_new_certificate,8,0,8,0.0004,9,0,1,0
A,NARROW,C0,1,old_static,20000,0.9,hypothetical_selected_chain_fixed_actions_not_new_certificate,8,0,8,0.0004,9,0,1,0
A,NARROW,C0,1,old_static,20000,1.0,hypothetical_selected_chain_fixed_actions_not_new_certificate,9,0,9,0.00045,9,0,0,1
A,NARROW,C0,1,old_static,20000,1.1,hypothetical_selected_chain_fixed_actions_not_new_certificate,9,0,9,0.00045,9,0,0,1
A,NARROW,C0,1,old_static,20000,1.2,hypothetical_selected_chain_fixed_actions_not_new_certificate,9,0,9,0.00045,9,0,0,1
A,NARROW,C0,1,old_delta,20000,0.8,hypothetical_selected_chain_fixed_actions_not_new_certificate,0,0,0,0.0,0,0,0,0
A,NARROW,C0,1,old_delta,20000,0.9,hypothetical_selected_chain_fixed_actions_not_new_certificate,0,0,0,0.0,0,0,0,0
A,NARROW,C0,1,old_delta,20000,1.0,hypothetical_selected_chain_fixed_actions_not_new_certificate,0,0,0,0.0,0,0,0,0
A,NARROW,C0,1,old_delta,20000,1.1,hypothetical_selected_chain_fixed_actions_not_new_certificate,0,0,0,0.0,0,0,0,0
A,NARROW,C0,1,old_delta,20000,1.2,hypothetical_selected_chain_fixed_actions_not_new_certificate,0,0,0,0.0,0,0,0,0
A,NARROW,C0,1,expanded_static,20000,0.8,hypothetical_selected_chain_fixed_actions_not_new_certificate,0,0,0,0.0,2,0,2,0
A,NARROW,C0,1,expanded_static,20000,0.9,hypothetical_selected_chain_fixed_actions_not_new_certificate,0,0,0,0.0,2,0,2,0
A,NARROW,C0,1,expanded_static,20000,1.0,hypothetical_selected_chain_fixed_actions_not_new_certificate,2,0,2,0.0001,2,0,0,2
A,NARROW,C0,1,expanded_static,20000,1.1,hypothetical_selected_chain_fixed_actions_not_new_certificate,5,0,5,0.00025,2,3,0,5
A,NARROW,C0,1,expanded_static,20000,1.2,hypothetical_selected_chain_fixed_actions_not_new_certificate,8,0,8,0.0004,2,6,0,8
A,NARROW,C0,1,expanded_delta,20000,0.8,hypothetical_selected_chain_fixed_actions_not_new_certificate,0,0,0,0.0,2,0,2,0
A,NARROW,C0,1,expanded_delta,20000,0.9,hypothetical_selected_chain_fixed_actions_not_new_certificate,0,0,0,0.0,2,0,2,0
A,NARROW,C0,1,expanded_delta,20000,1.0,hypothetical_selected_chain_fixed_actions_not_new_certificate,2,0,2,0.0001,2,0,0,2
A,NARROW,C0,1,expanded_delta,20000,1.1,hypothetical_selected_chain_fixed_actions_not_new_certificate,5,0,5,0.00025,2,3,0,5
A,NARROW,C0,1,expanded_delta,20000,1.2,hypothetical_selected_chain_fixed_actions_not_new_certificate,8,0,8,0.0004,2,6,0,8
A,NARROW,C0,1,joint64,20000,0.8,hypothetical_selected_chain_fixed_actions_not_new_certificate,0,0,0,0.0,2,0,2,0
A,NARROW,C0,1,joint64,20000,0.9,hypothetical_selected_chain_fixed_actions_not_new_certificate,0,0,0,0.0,2,0,2,0
A,NARROW,C0,1,joint64,20000,1.0,hypothetical_selected_chain_fixed_actions_not_new_certificate,2,0,2,0.0001,2,0,0,2
A,NARROW,C0,1,joint64,20000,1.1,hypothetical_selected_chain_fixed_actions_not_new_certificate,5,0,5,0.00025,2,3,0,5
A,NARROW,C0,1,joint64,20000,1.2,hypothetical_selected_chain_fixed_actions_not_new_certificate,8,0,8,0.0004,2,6,0,8
A,NARROW,C0,1,rb16,20000,0.8,hypothetical_selected_chain_fixed_actions_not_new_certificate,0,0,0,0.0,2,0,2,0
A,NARROW,C0,1,rb16,20000,0.9,hypothetical_selected_chain_fixed_actions_not_new_certificate,0,0,0,0.0,2,0,2,0
A,NARROW,C0,1,rb16,20000,1.0,hypothetical_selected_chain_fixed_actions_not_new_certificate,2,0,2,0.0001,2,0,0,2
A,NARROW,C0,1,rb16,20000,1.1,hypothetical_selected_chain_fixed_actions_not_new_certificate,5,0,5,0.00025,2,3,0,5
A,NARROW,C0,1,rb16,20000,1.2,hypothetical_selected_chain_fixed_actions_not_new_certificate,8,0,8,0.0004,2,6,0,8
A,NARROW,C0,1,joint64_prior,20000,0.8,hypothetical_selected_chain_fixed_actions_not_new_certificate,0,0,0,0.0,2,0,2,0
A,NARROW,C0,1,joint64_prior,20000,0.9,hypothetical_selected_chain_fixed_actions_not_new_certificate,0,0,0,0.0,2,0,2,0
A,NARROW,C0,1,joint64_prior,20000,1.0,hypothetical_selected_chain_fixed_actions_not_new_certificate,2,0,2,0.0001,2,0,0,2
A,NARROW,C0,1,joint64_prior,20000,1.1,hypothetical_selected_chain_fixed_actions_not_new_certificate,5,0,5,0.00025,2,3,0,5
A,NARROW,C0,1,joint64_prior,20000,1.2,hypothetical_selected_chain_fixed_actions_not_new_certificate,8,0,8,0.0004,2,6,0,8
A,NARROW,C0,2,old_static,20000,0.8,hypothetical_selected_chain_fixed_actions_not_new_certificate,2,0,2,0.0001,2,0,0,0
A,NARROW,C0,2,old_static,20000,0.9,hypothetical_selected_chain_fixed_actions_not_new_certificate,2,0,2,0.0001,2,0,0,0
A,NARROW,C0,2,old_static,20000,1.0,hypothetical_selected_chain_fixed_actions_not_new_certificate,2,0,2,0.0001,2,0,0,0
A,NARROW,C0,2,old_static,20000,1.1,hypothetical_selected_chain_fixed_actions_not_new_certificate,2,0,2,0.0001,2,0,0,0
A,NARROW,C0,2,old_static,20000,1.2,hypothetical_selected_chain_fixed_actions_not_new_certificate,2,0,2,0.0001,2,0,0,0
A,NARROW,C0,2,old_delta,20000,0.8,hypothetical_selected_chain_fixed_actions_not_new_certificate,0,0,0,0.0,0,0,0,0
A,NARROW,C0,2,old_delta,20000,0.9,hypothetical_selected_chain_fixed_actions_not_new_certificate,0,0,0,0.0,0,0,0,0
A,NARROW,C0,2,old_delta,20000,1.0,hypothetical_selected_chain_fixed_actions_not_new_certificate,0,0,0,0.0,0,0,0,0
A,NARROW,C0,2,old_delta,20000,1.1,hypothetical_selected_chain_fixed_actions_not_new_certificate,0,0,0,0.0,0,0,0,0
A,NARROW,C0,2,old_delta,20000,1.2,hypothetical_selected_chain_fixed_actions_not_new_certificate,0,0,0,0.0,0,0,0,0
A,NARROW,C0,2,expanded_static,20000,0.8,hypothetical_selected_chain_fixed_actions_not_new_certificate,0,0,0,0.0,2,0,2,0
A,NARROW,C0,2,expanded_static,20000,0.9,hypothetical_selected_chain_fixed_actions_not_new_certificate,0,0,0,0.0,2,0,2,0
A,NARROW,C0,2,expanded_static,20000,1.0,hypothetical_selected_chain_fixed_actions_not_new_certificate,2,0,2,0.0001,2,0,0,2
A,NARROW,C0,2,expanded_static,20000,1.1,hypothetical_selected_chain_fixed_actions_not_new_certificate,3,0,3,0.00015,2,1,0,3
A,NARROW,C0,2,expanded_static,20000,1.2,hypothetical_selected_chain_fixed_actions_not_new_certificate,10,0,10,0.0005,2,8,0,10
A,NARROW,C0,2,expanded_delta,20000,0.8,hypothetical_selected_chain_fixed_actions_not_new_certificate,0,0,0,0.0,2,0,2,0
A,NARROW,C0,2,expanded_delta,20000,0.9,hypothetical_selected_chain_fixed_actions_not_new_certificate,0,0,0,0.0,2,0,2,0
A,NARROW,C0,2,expanded_delta,20000,1.0,hypothetical_selected_chain_fixed_actions_not_new_certificate,2,0,2,0.0001,2,0,0,2
A,NARROW,C0,2,expanded_delta,20000,1.1,hypothetical_selected_chain_fixed_actions_not_new_certificate,3,0,3,0.00015,2,1,0,3
A,NARROW,C0,2,expanded_delta,20000,1.2,hypothetical_selected_chain_fixed_actions_not_new_certificate,10,0,10,0.0005,2,8,0,10
A,NARROW,C0,2,joint64,20000,0.8,hypothetical_selected_chain_fixed_actions_not_new_certificate,0,0,0,0.0,2,0,2,0
A,NARROW,C0,2,joint64,20000,0.9,hypothetical_selected_chain_fixed_actions_not_new_certificate,0,0,0,0.0,2,0,2,0
A,NARROW,C0,2,joint64,20000,1.0,hypothetical_selected_chain_fixed_actions_not_new_certificate,2,0,2,0.0001,2,0,0,2
A,NARROW,C0,2,joint64,20000,1.1,hypothetical_selected_chain_fixed_actions_not_new_certificate,3,0,3,0.00015,2,1,0,3
A,NARROW,C0,2,joint64,20000,1.2,hypothetical_selected_chain_fixed_actions_not_new_certificate,10,0,10,0.0005,2,8,0,10
A,NARROW,C0,2,rb16,20000,0.8,hypothetical_selected_chain_fixed_actions_not_new_certificate,0,0,0,0.0,2,0,2,0
A,NARROW,C0,2,rb16,20000,0.9,hypothetical_selected_chain_fixed_actions_not_new_certificate,0,0,0,0.0,2,0,2,0
A,NARROW,C0,2,rb16,20000,1.0,hypothetical_selected_chain_fixed_actions_not_new_certificate,2,0,2,0.0001,2,0,0,2
A,NARROW,C0,2,rb16,20000,1.1,hypothetical_selected_chain_fixed_actions_not_new_certificate,3,0,3,0.00015,2,1,0,3
A,NARROW,C0,2,rb16,20000,1.2,hypothetical_selected_chain_fixed_actions_not_new_certificate,10,0,10,0.0005,2,8,0,10
A,NARROW,C0,2,joint64_prior,20000,0.8,hypothetical_selected_chain_fixed_actions_not_new_certificate,0,0,0,0.0,2,0,2,0
A,NARROW,C0,2,joint64_prior,20000,0.9,hypothetical_selected_chain_fixed_actions_not_new_certificate,0,0,0,0.0,2,0,2,0
A,NARROW,C0,2,joint64_prior,20000,1.0,hypothetical_selected_chain_fixed_actions_not_new_certificate,2,0,2,0.0001,2,0,0,2
A,NARROW,C0,2,joint64_prior,20000,1.1,hypothetical_selected_chain_fixed_actions_not_new_certificate,3,0,3,0.00015,2,1,0,3
A,NARROW,C0,2,joint64_prior,20000,1.2,hypothetical_selected_chain_fixed_actions_not_new_certificate,10,0,10,0.0005,2,8,0,10
A,NARROW,C1,0,old_static,20000,0.8,hypothetical_selected_chain_fixed_actions_not_new_certificate,2,0,2,0.0001,3,0,1,0
A,NARROW,C1,0,old_static,20000,0.9,hypothetical_selected_chain_fixed_actions_not_new_certificate,3,0,3,0.00015,3,0,0,1
A,NARROW,C1,0,old_static,20000,1.0,hypothetical_selected_chain_fixed_actions_not_new_certificate,3,0,3,0.00015,3,0,0,1
A,NARROW,C1,0,old_static,20000,1.1,hypothetical_selected_chain_fixed_actions_not_new_certificate,3,0,3,0.00015,3,0,0,1
A,NARROW,C1,0,old_static,20000,1.2,hypothetical_selected_chain_fixed_actions_not_new_certificate,4,0,4,0.0002,3,1,0,2
A,NARROW,C1,0,old_delta,20000,0.8,hypothetical_selected_chain_fixed_actions_not_new_certificate,0,0,0,0.0,0,0,0,0
A,NARROW,C1,0,old_delta,20000,0.9,hypothetical_selected_chain_fixed_actions_not_new_certificate,0,0,0,0.0,0,0,0,0
A,NARROW,C1,0,old_delta,20000,1.0,hypothetical_selected_chain_fixed_actions_not_new_certificate,0,0,0,0.0,0,0,0,0
A,NARROW,C1,0,old_delta,20000,1.1,hypothetical_selected_chain_fixed_actions_not_new_certificate,0,0,0,0.0,0,0,0,0
A,NARROW,C1,0,old_delta,20000,1.2,hypothetical_selected_chain_fixed_actions_not_new_certificate,0,0,0,0.0,0,0,0,0
A,NARROW,C1,0,expanded_static,20000,0.8,hypothetical_selected_chain_fixed_actions_not_new_certificate,6,0,6,0.0003,12,0,6,4
A,NARROW,C1,0,expanded_static,20000,0.9,hypothetical_selected_chain_fixed_actions_not_new_certificate,8,0,8,0.0004,12,0,4,6
A,NARROW,C1,0,expanded_static,20000,1.0,hypothetical_selected_chain_fixed_actions_not_new_certificate,12,0,12,0.0006,12,0,0,10
A,NARROW,C1,0,expanded_static,20000,1.1,hypothetical_selected_chain_fixed_actions_not_new_certificate,18,0,18,0.0009,12,6,0,16
A,NARROW,C1,0,expanded_static,20000,1.2,hypothetical_selected_chain_fixed_actions_not_new_certificate,51,0,51,0.00255,12,39,0,49
A,NARROW,C1,0,expanded_delta,20000,0.8,hypothetical_selected_chain_fixed_actions_not_new_certificate,6,0,6,0.0003,12,0,6,4
A,NARROW,C1,0,expanded_delta,20000,0.9,hypothetical_selected_chain_fixed_actions_not_new_certificate,8,0,8,0.0004,12,0,4,6
A,NARROW,C1,0,expanded_delta,20000,1.0,hypothetical_selected_chain_fixed_actions_not_new_certificate,12,0,12,0.0006,12,0,0,10
A,NARROW,C1,0,expanded_delta,20000,1.1,hypothetical_selected_chain_fixed_actions_not_new_certificate,18,0,18,0.0009,12,6,0,16
A,NARROW,C1,0,expanded_delta,20000,1.2,hypothetical_selected_chain_fixed_actions_not_new_certificate,51,0,51,0.00255,12,39,0,49
A,NARROW,C1,0,joint64,20000,0.8,hypothetical_selected_chain_fixed_actions_not_new_certificate,6,0,6,0.0003,12,0,6,4
A,NARROW,C1,0,joint64,20000,0.9,hypothetical_selected_chain_fixed_actions_not_new_certificate,8,0,8,0.0004,12,0,4,6
A,NARROW,C1,0,joint64,20000,1.0,hypothetical_selected_chain_fixed_actions_not_new_certificate,12,0,12,0.0006,12,0,0,10
A,NARROW,C1,0,joint64,20000,1.1,hypothetical_selected_chain_fixed_actions_not_new_certificate,18,0,18,0.0009,12,6,0,16
A,NARROW,C1,0,joint64,20000,1.2,hypothetical_selected_chain_fixed_actions_not_new_certificate,51,0,51,0.00255,12,39,0,49
A,NARROW,C1,0,rb16,20000,0.8,hypothetical_selected_chain_fixed_actions_not_new_certificate,6,0,6,0.0003,12,0,6,4
A,NARROW,C1,0,rb16,20000,0.9,hypothetical_selected_chain_fixed_actions_not_new_certificate,8,0,8,0.0004,12,0,4,6
A,NARROW,C1,0,rb16,20000,1.0,hypothetical_selected_chain_fixed_actions_not_new_certificate,12,0,12,0.0006,12,0,0,10
A,NARROW,C1,0,rb16,20000,1.1,hypothetical_selected_chain_fixed_actions_not_new_certificate,18,0,18,0.0009,12,6,0,16
A,NARROW,C1,0,rb16,20000,1.2,hypothetical_selected_chain_fixed_actions_not_new_certificate,51,0,51,0.00255,12,39,0,49
A,NARROW,C1,0,joint64_prior,20000,0.8,hypothetical_selected_chain_fixed_actions_not_new_certificate,6,0,6,0.0003,12,0,6,4
A,NARROW,C1,0,joint64_prior,20000,0.9,hypothetical_selected_chain_fixed_actions_not_new_certificate,8,0,8,0.0004,12,0,4,6
A,NARROW,C1,0,joint64_prior,20000,1.0,hypothetical_selected_chain_fixed_actions_not_new_certificate,12,0,12,0.0006,12,0,0,10
A,NARROW,C1,0,joint64_prior,20000,1.1,hypothetical_selected_chain_fixed_actions_not_new_certificate,18,0,18,0.0009,12,6,0,16
A,NARROW,C1,0,joint64_prior,20000,1.2,hypothetical_selected_chain_fixed_actions_not_new_certificate,51,0,51,0.00255,12,39,0,49
A,NARROW,C1,1,old_static,20000,0.8,hypothetical_selected_chain_fixed_actions_not_new_certificate,10,0,10,0.0005,10,0,0,0
A,NARROW,C1,1,old_static,20000,0.9,hypothetical_selected_chain_fixed_actions_not_new_certificate,10,0,10,0.0005,10,0,0,0
A,NARROW,C1,1,old_static,20000,1.0,hypothetical_selected_chain_fixed_actions_not_new_certificate,10,0,10,0.0005,10,0,0,0
A,NARROW,C1,1,old_static,20000,1.1,hypothetical_selected_chain_fixed_actions_not_new_certificate,10,0,10,0.0005,10,0,0,0
A,NARROW,C1,1,old_static,20000,1.2,hypothetical_selected_chain_fixed_actions_not_new_certificate,11,0,11,0.00055,10,1,0,1
A,NARROW,C1,1,old_delta,20000,0.8,hypothetical_selected_chain_fixed_actions_not_new_certificate,0,0,0,0.0,0,0,0,0
A,NARROW,C1,1,old_delta,20000,0.9,hypothetical_selected_chain_fixed_actions_not_new_certificate,0,0,0,0.0,0,0,0,0
A,NARROW,C1,1,old_delta,20000,1.0,hypothetical_selected_chain_fixed_actions_not_new_certificate,0,0,0,0.0,0,0,0,0
A,NARROW,C1,1,old_delta,20000,1.1,hypothetical_selected_chain_fixed_actions_not_new_certificate,0,0,0,0.0,0,0,0,0
A,NARROW,C1,1,old_delta,20000,1.2,hypothetical_selected_chain_fixed_actions_not_new_certificate,0,0,0,0.0,0,0,0,0
A,NARROW,C1,1,expanded_static,20000,0.8,hypothetical_selected_chain_fixed_actions_not_new_certificate,0,0,0,0.0,14,0,14,0
A,NARROW,C1,1,expanded_static,20000,0.9,hypothetical_selected_chain_fixed_actions_not_new_certificate,5,0,5,0.00025,14,0,9,5
A,NARROW,C1,1,expanded_static,20000,1.0,hypothetical_selected_chain_fixed_actions_not_new_certificate,14,0,14,0.0007,14,0,0,14
A,NARROW,C1,1,expanded_static,20000,1.1,hypothetical_selected_chain_fixed_actions_not_new_certificate,23,0,23,0.00115,14,9,0,23
A,NARROW,C1,1,expanded_static,20000,1.2,hypothetical_selected_chain_fixed_actions_not_new_certificate,55,0,55,0.00275,14,41,0,55
A,NARROW,C1,1,expanded_delta,20000,0.8,hypothetical_selected_chain_fixed_actions_not_new_certificate,0,0,0,0.0,14,0,14,0
A,NARROW,C1,1,expanded_delta,20000,0.9,hypothetical_selected_chain_fixed_actions_not_new_certificate,5,0,5,0.00025,14,0,9,5
A,NARROW,C1,1,expanded_delta,20000,1.0,hypothetical_selected_chain_fixed_actions_not_new_certificate,14,0,14,0.0007,14,0,0,14
A,NARROW,C1,1,expanded_delta,20000,1.1,hypothetical_selected_chain_fixed_actions_not_new_certificate,23,0,23,0.00115,14,9,0,23
A,NARROW,C1,1,expanded_delta,20000,1.2,hypothetical_selected_chain_fixed_actions_not_new_certificate,55,0,55,0.00275,14,41,0,55
A,NARROW,C1,1,joint64,20000,0.8,hypothetical_selected_chain_fixed_actions_not_new_certificate,0,0,0,0.0,14,0,14,0
A,NARROW,C1,1,joint64,20000,0.9,hypothetical_selected_chain_fixed_actions_not_new_certificate,5,0,5,0.00025,14,0,9,5
A,NARROW,C1,1,joint64,20000,1.0,hypothetical_selected_chain_fixed_actions_not_new_certificate,14,0,14,0.0007,14,0,0,14
A,NARROW,C1,1,joint64,20000,1.1,hypothetical_selected_chain_fixed_actions_not_new_certificate,23,0,23,0.00115,14,9,0,23
A,NARROW,C1,1,joint64,20000,1.2,hypothetical_selected_chain_fixed_actions_not_new_certificate,55,0,55,0.00275,14,41,0,55
A,NARROW,C1,1,rb16,20000,0.8,hypothetical_selected_chain_fixed_actions_not_new_certificate,0,0,0,0.0,14,0,14,0
A,NARROW,C1,1,rb16,20000,0.9,hypothetical_selected_chain_fixed_actions_not_new_certificate,5,0,5,0.00025,14,0,9,5
A,NARROW,C1,1,rb16,20000,1.0,hypothetical_selected_chain_fixed_actions_not_new_certificate,14,0,14,0.0007,14,0,0,14
A,NARROW,C1,1,rb16,20000,1.1,hypothetical_selected_chain_fixed_actions_not_new_certificate,23,0,23,0.00115,14,9,0,23
A,NARROW,C1,1,rb16,20000,1.2,hypothetical_selected_chain_fixed_actions_not_new_certificate,55,0,55,0.00275,14,41,0,55
A,NARROW,C1,1,joint64_prior,20000,0.8,hypothetical_selected_chain_fixed_actions_not_new_certificate,0,0,0,0.0,14,0,14,0
A,NARROW,C1,1,joint64_prior,20000,0.9,hypothetical_selected_chain_fixed_actions_not_new_certificate,5,0,5,0.00025,14,0,9,5
A,NARROW,C1,1,joint64_prior,20000,1.0,hypothetical_selected_chain_fixed_actions_not_new_certificate,14,0,14,0.0007,14,0,0,14
A,NARROW,C1,1,joint64_prior,20000,1.1,hypothetical_selected_chain_fixed_actions_not_new_certificate,23,0,23,0.00115,14,9,0,23
A,NARROW,C1,1,joint64_prior,20000,1.2,hypothetical_selected_chain_fixed_actions_not_new_certificate,55,0,55,0.00275,14,41,0,55
A,NARROW,C1,2,old_static,20000,0.8,hypothetical_selected_chain_fixed_actions_not_new_certificate,5,0,5,0.00025,5,0,0,0
A,NARROW,C1,2,old_static,20000,0.9,hypothetical_selected_chain_fixed_actions_not_new_certificate,5,0,5,0.00025,5,0,0,0
A,NARROW,C1,2,old_static,20000,1.0,hypothetical_selected_chain_fixed_actions_not_new_certificate,5,0,5,0.00025,5,0,0,0
A,NARROW,C1,2,old_static,20000,1.1,hypothetical_selected_chain_fixed_actions_not_new_certificate,5,0,5,0.00025,5,0,0,0
A,NARROW,C1,2,old_static,20000,1.2,hypothetical_selected_chain_fixed_actions_not_new_certificate,6,0,6,0.0003,5,1,0,1
A,NARROW,C1,2,old_delta,20000,0.8,hypothetical_selected_chain_fixed_actions_not_new_certificate,0,0,0,0.0,0,0,0,0
A,NARROW,C1,2,old_delta,20000,0.9,hypothetical_selected_chain_fixed_actions_not_new_certificate,0,0,0,0.0,0,0,0,0
A,NARROW,C1,2,old_delta,20000,1.0,hypothetical_selected_chain_fixed_actions_not_new_certificate,0,0,0,0.0,0,0,0,0
A,NARROW,C1,2,old_delta,20000,1.1,hypothetical_selected_chain_fixed_actions_not_new_certificate,0,0,0,0.0,0,0,0,0
A,NARROW,C1,2,old_delta,20000,1.2,hypothetical_selected_chain_fixed_actions_not_new_certificate,0,0,0,0.0,0,0,0,0
A,NARROW,C1,2,expanded_static,20000,0.8,hypothetical_selected_chain_fixed_actions_not_new_certificate,2,0,2,0.0001,5,0,3,2
A,NARROW,C1,2,expanded_static,20000,0.9,hypothetical_selected_chain_fixed_actions_not_new_certificate,3,0,3,0.00015,5,0,2,3
A,NARROW,C1,2,expanded_static,20000,1.0,hypothetical_selected_chain_fixed_actions_not_new_certificate,5,0,5,0.00025,5,0,0,5
A,NARROW,C1,2,expanded_static,20000,1.1,hypothetical_selected_chain_fixed_actions_not_new_certificate,14,0,14,0.0007,5,9,0,14
A,NARROW,C1,2,expanded_static,20000,1.2,hypothetical_selected_chain_fixed_actions_not_new_certificate,34,0,34,0.0017,5,29,0,34
A,NARROW,C1,2,expanded_delta,20000,0.8,hypothetical_selected_chain_fixed_actions_not_new_certificate,2,0,2,0.0001,5,0,3,2
A,NARROW,C1,2,expanded_delta,20000,0.9,hypothetical_selected_chain_fixed_actions_not_new_certificate,3,0,3,0.00015,5,0,2,3
A,NARROW,C1,2,expanded_delta,20000,1.0,hypothetical_selected_chain_fixed_actions_not_new_certificate,5,0,5,0.00025,5,0,0,5
A,NARROW,C1,2,expanded_delta,20000,1.1,hypothetical_selected_chain_fixed_actions_not_new_certificate,14,0,14,0.0007,5,9,0,14
A,NARROW,C1,2,expanded_delta,20000,1.2,hypothetical_selected_chain_fixed_actions_not_new_certificate,34,0,34,0.0017,5,29,0,34
A,NARROW,C1,2,joint64,20000,0.8,hypothetical_selected_chain_fixed_actions_not_new_certificate,2,0,2,0.0001,5,0,3,2
A,NARROW,C1,2,joint64,20000,0.9,hypothetical_selected_chain_fixed_actions_not_new_certificate,3,0,3,0.00015,5,0,2,3
A,NARROW,C1,2,joint64,20000,1.0,hypothetical_selected_chain_fixed_actions_not_new_certificate,5,0,5,0.00025,5,0,0,5
A,NARROW,C1,2,joint64,20000,1.1,hypothetical_selected_chain_fixed_actions_not_new_certificate,14,0,14,0.0007,5,9,0,14
A,NARROW,C1,2,joint64,20000,1.2,hypothetical_selected_chain_fixed_actions_not_new_certificate,34,0,34,0.0017,5,29,0,34
A,NARROW,C1,2,rb16,20000,0.8,hypothetical_selected_chain_fixed_actions_not_new_certificate,2,0,2,0.0001,5,0,3,2
A,NARROW,C1,2,rb16,20000,0.9,hypothetical_selected_chain_fixed_actions_not_new_certificate,3,0,3,0.00015,5,0,2,3
A,NARROW,C1,2,rb16,20000,1.0,hypothetical_selected_chain_fixed_actions_not_new_certificate,5,0,5,0.00025,5,0,0,5
A,NARROW,C1,2,rb16,20000,1.1,hypothetical_selected_chain_fixed_actions_not_new_certificate,14,0,14,0.0007,5,9,0,14
A,NARROW,C1,2,rb16,20000,1.2,hypothetical_selected_chain_fixed_actions_not_new_certificate,34,0,34,0.0017,5,29,0,34
A,NARROW,C1,2,joint64_prior,20000,0.8,hypothetical_selected_chain_fixed_actions_not_new_certificate,2,0,2,0.0001,5,0,3,2
A,NARROW,C1,2,joint64_prior,20000,0.9,hypothetical_selected_chain_fixed_actions_not_new_certificate,3,0,3,0.00015,5,0,2,3
A,NARROW,C1,2,joint64_prior,20000,1.0,hypothetical_selected_chain_fixed_actions_not_new_certificate,5,0,5,0.00025,5,0,0,5
A,NARROW,C1,2,joint64_prior,20000,1.1,hypothetical_selected_chain_fixed_actions_not_new_certificate,14,0,14,0.0007,5,9,0,14
A,NARROW,C1,2,joint64_prior,20000,1.2,hypothetical_selected_chain_fixed_actions_not_new_certificate,34,0,34,0.0017,5,29,0,34
A,NARROW,C2,0,old_static,20000,0.8,hypothetical_selected_chain_fixed_actions_not_new_certificate,7,0,7,0.00035,7,0,0,0
A,NARROW,C2,0,old_static,20000,0.9,hypothetical_selected_chain_fixed_actions_not_new_certificate,7,0,7,0.00035,7,0,0,0
A,NARROW,C2,0,old_static,20000,1.0,hypothetical_selected_chain_fixed_actions_not_new_certificate,7,0,7,0.00035,7,0,0,0
A,NARROW,C2,0,old_static,20000,1.1,hypothetical_selected_chain_fixed_actions_not_new_certificate,7,0,7,0.00035,7,0,0,0
A,NARROW,C2,0,old_static,20000,1.2,hypothetical_selected_chain_fixed_actions_not_new_certificate,7,0,7,0.00035,7,0,0,0
A,NARROW,C2,0,old_delta,20000,0.8,hypothetical_selected_chain_fixed_actions_not_new_certificate,0,0,0,0.0,0,0,0,0
A,NARROW,C2,0,old_delta,20000,0.9,hypothetical_selected_chain_fixed_actions_not_new_certificate,0,0,0,0.0,0,0,0,0
A,NARROW,C2,0,old_delta,20000,1.0,hypothetical_selected_chain_fixed_actions_not_new_certificate,0,0,0,0.0,0,0,0,0
A,NARROW,C2,0,old_delta,20000,1.1,hypothetical_selected_chain_fixed_actions_not_new_certificate,0,0,0,0.0,0,0,0,0
A,NARROW,C2,0,old_delta,20000,1.2,hypothetical_selected_chain_fixed_actions_not_new_certificate,0,0,0,0.0,0,0,0,0
A,NARROW,C2,0,expanded_static,20000,0.8,hypothetical_selected_chain_fixed_actions_not_new_certificate,21,0,21,0.00105,24,0,3,0
A,NARROW,C2,0,expanded_static,20000,0.9,hypothetical_selected_chain_fixed_actions_not_new_certificate,22,0,22,0.0011,24,0,2,1
A,NARROW,C2,0,expanded_static,20000,1.0,hypothetical_selected_chain_fixed_actions_not_new_certificate,24,0,24,0.0012,24,0,0,3
A,NARROW,C2,0,expanded_static,20000,1.1,hypothetical_selected_chain_fixed_actions_not_new_certificate,27,0,27,0.00135,24,3,0,6
A,NARROW,C2,0,expanded_static,20000,1.2,hypothetical_selected_chain_fixed_actions_not_new_certificate,30,0,30,0.0015,24,6,0,9
A,NARROW,C2,0,expanded_delta,20000,0.8,hypothetical_selected_chain_fixed_actions_not_new_certificate,21,0,21,0.00105,24,0,3,0
A,NARROW,C2,0,expanded_delta,20000,0.9,hypothetical_selected_chain_fixed_actions_not_new_certificate,22,0,22,0.0011,24,0,2,1
A,NARROW,C2,0,expanded_delta,20000,1.0,hypothetical_selected_chain_fixed_actions_not_new_certificate,24,0,24,0.0012,24,0,0,3
A,NARROW,C2,0,expanded_delta,20000,1.1,hypothetical_selected_chain_fixed_actions_not_new_certificate,27,0,27,0.00135,24,3,0,6
A,NARROW,C2,0,expanded_delta,20000,1.2,hypothetical_selected_chain_fixed_actions_not_new_certificate,30,0,30,0.0015,24,6,0,9
A,NARROW,C2,0,joint64,20000,0.8,hypothetical_selected_chain_fixed_actions_not_new_certificate,21,0,21,0.00105,24,0,3,0
A,NARROW,C2,0,joint64,20000,0.9,hypothetical_selected_chain_fixed_actions_not_new_certificate,22,0,22,0.0011,24,0,2,1
A,NARROW,C2,0,joint64,20000,1.0,hypothetical_selected_chain_fixed_actions_not_new_certificate,24,0,24,0.0012,24,0,0,3
A,NARROW,C2,0,joint64,20000,1.1,hypothetical_selected_chain_fixed_actions_not_new_certificate,27,0,27,0.00135,24,3,0,6
A,NARROW,C2,0,joint64,20000,1.2,hypothetical_selected_chain_fixed_actions_not_new_certificate,30,0,30,0.0015,24,6,0,9
A,NARROW,C2,0,rb16,20000,0.8,hypothetical_selected_chain_fixed_actions_not_new_certificate,21,0,21,0.00105,24,0,3,0
A,NARROW,C2,0,rb16,20000,0.9,hypothetical_selected_chain_fixed_actions_not_new_certificate,22,0,22,0.0011,24,0,2,1
A,NARROW,C2,0,rb16,20000,1.0,hypothetical_selected_chain_fixed_actions_not_new_certificate,24,0,24,0.0012,24,0,0,3
A,NARROW,C2,0,rb16,20000,1.1,hypothetical_selected_chain_fixed_actions_not_new_certificate,27,0,27,0.00135,24,3,0,6
A,NARROW,C2,0,rb16,20000,1.2,hypothetical_selected_chain_fixed_actions_not_new_certificate,30,0,30,0.0015,24,6,0,9
A,NARROW,C2,0,joint64_prior,20000,0.8,hypothetical_selected_chain_fixed_actions_not_new_certificate,21,0,21,0.00105,24,0,3,0
A,NARROW,C2,0,joint64_prior,20000,0.9,hypothetical_selected_chain_fixed_actions_not_new_certificate,22,0,22,0.0011,24,0,2,1
A,NARROW,C2,0,joint64_prior,20000,1.0,hypothetical_selected_chain_fixed_actions_not_new_certificate,24,0,24,0.0012,24,0,0,3
A,NARROW,C2,0,joint64_prior,20000,1.1,hypothetical_selected_chain_fixed_actions_not_new_certificate,27,0,27,0.00135,24,3,0,6
A,NARROW,C2,0,joint64_prior,20000,1.2,hypothetical_selected_chain_fixed_actions_not_new_certificate,30,0,30,0.0015,24,6,0,9
A,NARROW,C2,1,old_static,20000,0.8,hypothetical_selected_chain_fixed_actions_not_new_certificate,3,0,3,0.00015,3,0,0,0
A,NARROW,C2,1,old_static,20000,0.9,hypothetical_selected_chain_fixed_actions_not_new_certificate,3,0,3,0.00015,3,0,0,0
A,NARROW,C2,1,old_static,20000,1.0,hypothetical_selected_chain_fixed_actions_not_new_certificate,3,0,3,0.00015,3,0,0,0
A,NARROW,C2,1,old_static,20000,1.1,hypothetical_selected_chain_fixed_actions_not_new_certificate,3,0,3,0.00015,3,0,0,0
A,NARROW,C2,1,old_static,20000,1.2,hypothetical_selected_chain_fixed_actions_not_new_certificate,3,0,3,0.00015,3,0,0,0
A,NARROW,C2,1,old_delta,20000,0.8,hypothetical_selected_chain_fixed_actions_not_new_certificate,0,0,0,0.0,0,0,0,0
A,NARROW,C2,1,old_delta,20000,0.9,hypothetical_selected_chain_fixed_actions_not_new_certificate,0,0,0,0.0,0,0,0,0
A,NARROW,C2,1,old_delta,20000,1.0,hypothetical_selected_chain_fixed_actions_not_new_certificate,0,0,0,0.0,0,0,0,0
A,NARROW,C2,1,old_delta,20000,1.1,hypothetical_selected_chain_fixed_actions_not_new_certificate,0,0,0,0.0,0,0,0,0
A,NARROW,C2,1,old_delta,20000,1.2,hypothetical_selected_chain_fixed_actions_not_new_certificate,0,0,0,0.0,0,0,0,0
A,NARROW,C2,1,expanded_static,20000,0.8,hypothetical_selected_chain_fixed_actions_not_new_certificate,2,0,2,0.0001,5,0,3,0
A,NARROW,C2,1,expanded_static,20000,0.9,hypothetical_selected_chain_fixed_actions_not_new_certificate,3,0,3,0.00015,5,0,2,1
A,NARROW,C2,1,expanded_static,20000,1.0,hypothetical_selected_chain_fixed_actions_not_new_certificate,5,0,5,0.00025,5,0,0,3
A,NARROW,C2,1,expanded_static,20000,1.1,hypothetical_selected_chain_fixed_actions_not_new_certificate,6,0,6,0.0003,5,1,0,4
A,NARROW,C2,1,expanded_static,20000,1.2,hypothetical_selected_chain_fixed_actions_not_new_certificate,13,0,13,0.00065,5,8,0,11
A,NARROW,C2,1,expanded_delta,20000,0.8,hypothetical_selected_chain_fixed_actions_not_new_certificate,2,0,2,0.0001,5,0,3,0
A,NARROW,C2,1,expanded_delta,20000,0.9,hypothetical_selected_chain_fixed_actions_not_new_certificate,3,0,3,0.00015,5,0,2,1
A,NARROW,C2,1,expanded_delta,20000,1.0,hypothetical_selected_chain_fixed_actions_not_new_certificate,5,0,5,0.00025,5,0,0,3
A,NARROW,C2,1,expanded_delta,20000,1.1,hypothetical_selected_chain_fixed_actions_not_new_certificate,6,0,6,0.0003,5,1,0,4
A,NARROW,C2,1,expanded_delta,20000,1.2,hypothetical_selected_chain_fixed_actions_not_new_certificate,13,0,13,0.00065,5,8,0,11
A,NARROW,C2,1,joint64,20000,0.8,hypothetical_selected_chain_fixed_actions_not_new_certificate,2,0,2,0.0001,5,0,3,0
A,NARROW,C2,1,joint64,20000,0.9,hypothetical_selected_chain_fixed_actions_not_new_certificate,3,0,3,0.00015,5,0,2,1
A,NARROW,C2,1,joint64,20000,1.0,hypothetical_selected_chain_fixed_actions_not_new_certificate,5,0,5,0.00025,5,0,0,3
A,NARROW,C2,1,joint64,20000,1.1,hypothetical_selected_chain_fixed_actions_not_new_certificate,6,0,6,0.0003,5,1,0,4
A,NARROW,C2,1,joint64,20000,1.2,hypothetical_selected_chain_fixed_actions_not_new_certificate,13,0,13,0.00065,5,8,0,11
A,NARROW,C2,1,rb16,20000,0.8,hypothetical_selected_chain_fixed_actions_not_new_certificate,2,0,2,0.0001,5,0,3,0
A,NARROW,C2,1,rb16,20000,0.9,hypothetical_selected_chain_fixed_actions_not_new_certificate,3,0,3,0.00015,5,0,2,1
A,NARROW,C2,1,rb16,20000,1.0,hypothetical_selected_chain_fixed_actions_not_new_certificate,5,0,5,0.00025,5,0,0,3
A,NARROW,C2,1,rb16,20000,1.1,hypothetical_selected_chain_fixed_actions_not_new_certificate,6,0,6,0.0003,5,1,0,4
A,NARROW,C2,1,rb16,20000,1.2,hypothetical_selected_chain_fixed_actions_not_new_certificate,13,0,13,0.00065,5,8,0,11
A,NARROW,C2,1,joint64_prior,20000,0.8,hypothetical_selected_chain_fixed_actions_not_new_certificate,2,0,2,0.0001,5,0,3,0
A,NARROW,C2,1,joint64_prior,20000,0.9,hypothetical_selected_chain_fixed_actions_not_new_certificate,3,0,3,0.00015,5,0,2,1
A,NARROW,C2,1,joint64_prior,20000,1.0,hypothetical_selected_chain_fixed_actions_not_new_certificate,5,0,5,0.00025,5,0,0,3
A,NARROW,C2,1,joint64_prior,20000,1.1,hypothetical_selected_chain_fixed_actions_not_new_certificate,6,0,6,0.0003,5,1,0,4
A,NARROW,C2,1,joint64_prior,20000,1.2,hypothetical_selected_chain_fixed_actions_not_new_certificate,13,0,13,0.00065,5,8,0,11
A,NARROW,C2,2,old_static,20000,0.8,hypothetical_selected_chain_fixed_actions_not_new_certificate,1,0,1,5e-05,1,0,0,0
A,NARROW,C2,2,old_static,20000,0.9,hypothetical_selected_chain_fixed_actions_not_new_certificate,1,0,1,5e-05,1,0,0,0
A,NARROW,C2,2,old_static,20000,1.0,hypothetical_selected_chain_fixed_actions_not_new_certificate,1,0,1,5e-05,1,0,0,0
A,NARROW,C2,2,old_static,20000,1.1,hypothetical_selected_chain_fixed_actions_not_new_certificate,1,0,1,5e-05,1,0,0,0
A,NARROW,C2,2,old_static,20000,1.2,hypothetical_selected_chain_fixed_actions_not_new_certificate,1,0,1,5e-05,1,0,0,0
A,NARROW,C2,2,old_delta,20000,0.8,hypothetical_selected_chain_fixed_actions_not_new_certificate,0,0,0,0.0,0,0,0,0
A,NARROW,C2,2,old_delta,20000,0.9,hypothetical_selected_chain_fixed_actions_not_new_certificate,0,0,0,0.0,0,0,0,0
A,NARROW,C2,2,old_delta,20000,1.0,hypothetical_selected_chain_fixed_actions_not_new_certificate,0,0,0,0.0,0,0,0,0
A,NARROW,C2,2,old_delta,20000,1.1,hypothetical_selected_chain_fixed_actions_not_new_certificate,0,0,0,0.0,0,0,0,0
A,NARROW,C2,2,old_delta,20000,1.2,hypothetical_selected_chain_fixed_actions_not_new_certificate,0,0,0,0.0,0,0,0,0
A,NARROW,C2,2,expanded_static,20000,0.8,hypothetical_selected_chain_fixed_actions_not_new_certificate,0,0,0,0.0,0,0,0,0
A,NARROW,C2,2,expanded_static,20000,0.9,hypothetical_selected_chain_fixed_actions_not_new_certificate,0,0,0,0.0,0,0,0,0
A,NARROW,C2,2,expanded_static,20000,1.0,hypothetical_selected_chain_fixed_actions_not_new_certificate,0,0,0,0.0,0,0,0,0
A,NARROW,C2,2,expanded_static,20000,1.1,hypothetical_selected_chain_fixed_actions_not_new_certificate,0,0,0,0.0,0,0,0,0
A,NARROW,C2,2,expanded_static,20000,1.2,hypothetical_selected_chain_fixed_actions_not_new_certificate,1,0,1,5e-05,0,1,0,1
A,NARROW,C2,2,expanded_delta,20000,0.8,hypothetical_selected_chain_fixed_actions_not_new_certificate,0,0,0,0.0,0,0,0,0
A,NARROW,C2,2,expanded_delta,20000,0.9,hypothetical_selected_chain_fixed_actions_not_new_certificate,0,0,0,0.0,0,0,0,0
A,NARROW,C2,2,expanded_delta,20000,1.0,hypothetical_selected_chain_fixed_actions_not_new_certificate,0,0,0,0.0,0,0,0,0
A,NARROW,C2,2,expanded_delta,20000,1.1,hypothetical_selected_chain_fixed_actions_not_new_certificate,0,0,0,0.0,0,0,0,0
A,NARROW,C2,2,expanded_delta,20000,1.2,hypothetical_selected_chain_fixed_actions_not_new_certificate,1,0,1,5e-05,0,1,0,1
A,NARROW,C2,2,joint64,20000,0.8,hypothetical_selected_chain_fixed_actions_not_new_certificate,0,0,0,0.0,0,0,0,0
A,NARROW,C2,2,joint64,20000,0.9,hypothetical_selected_chain_fixed_actions_not_new_certificate,0,0,0,0.0,0,0,0,0
A,NARROW,C2,2,joint64,20000,1.0,hypothetical_selected_chain_fixed_actions_not_new_certificate,0,0,0,0.0,0,0,0,0
A,NARROW,C2,2,joint64,20000,1.1,hypothetical_selected_chain_fixed_actions_not_new_certificate,0,0,0,0.0,0,0,0,0
A,NARROW,C2,2,joint64,20000,1.2,hypothetical_selected_chain_fixed_actions_not_new_certificate,1,0,1,5e-05,0,1,0,1
A,NARROW,C2,2,rb16,20000,0.8,hypothetical_selected_chain_fixed_actions_not_new_certificate,0,0,0,0.0,0,0,0,0
A,NARROW,C2,2,rb16,20000,0.9,hypothetical_selected_chain_fixed_actions_not_new_certificate,0,0,0,0.0,0,0,0,0
A,NARROW,C2,2,rb16,20000,1.0,hypothetical_selected_chain_fixed_actions_not_new_certificate,0,0,0,0.0,0,0,0,0
A,NARROW,C2,2,rb16,20000,1.1,hypothetical_selected_chain_fixed_actions_not_new_certificate,0,0,0,0.0,0,0,0,0
A,NARROW,C2,2,rb16,20000,1.2,hypothetical_selected_chain_fixed_actions_not_new_certificate,1,0,1,5e-05,0,1,0,1
A,NARROW,C2,2,joint64_prior,20000,0.8,hypothetical_selected_chain_fixed_actions_not_new_certificate,0,0,0,0.0,0,0,0,0
A,NARROW,C2,2,joint64_prior,20000,0.9,hypothetical_selected_chain_fixed_actions_not_new_certificate,0,0,0,0.0,0,0,0,0
A,NARROW,C2,2,joint64_prior,20000,1.0,hypothetical_selected_chain_fixed_actions_not_new_certificate,0,0,0,0.0,0,0,0,0
A,NARROW,C2,2,joint64_prior,20000,1.1,hypothetical_selected_chain_fixed_actions_not_new_certificate,0,0,0,0.0,0,0,0,0
A,NARROW,C2,2,joint64_prior,20000,1.2,hypothetical_selected_chain_fixed_actions_not_new_certificate,1,0,1,5e-05,0,1,0,1
B,TAB,C0,0,old_static,20000,0.8,hypothetical_selected_chain_fixed_actions_not_new_certificate,19113,0,19113,0.95565,19137,0,24,9503
B,TAB,C0,0,old_static,20000,0.9,hypothetical_selected_chain_fixed_actions_not_new_certificate,19125,0,19125,0.95625,19137,0,12,9793
B,TAB,C0,0,old_static,20000,1.0,hypothetical_selected_chain_fixed_actions_not_new_certificate,19137,0,19137,0.95685,19137,0,0,10072
B,TAB,C0,0,old_static,20000,1.1,hypothetical_selected_chain_fixed_actions_not_new_certificate,19150,0,19150,0.9575,19137,13,0,10346
B,TAB,C0,0,old_static,20000,1.2,hypothetical_selected_chain_fixed_actions_not_new_certificate,19159,0,19159,0.95795,19137,22,0,10667
B,TAB,C0,0,old_delta,20000,0.8,hypothetical_selected_chain_fixed_actions_not_new_certificate,19113,0,19113,0.95565,19137,0,24,9503
B,TAB,C0,0,old_delta,20000,0.9,hypothetical_selected_chain_fixed_actions_not_new_certificate,19125,0,19125,0.95625,19137,0,12,9793
B,TAB,C0,0,old_delta,20000,1.0,hypothetical_selected_chain_fixed_actions_not_new_certificate,19137,0,19137,0.95685,19137,0,0,10072
B,TAB,C0,0,old_delta,20000,1.1,hypothetical_selected_chain_fixed_actions_not_new_certificate,19150,0,19150,0.9575,19137,13,0,10346
B,TAB,C0,0,old_delta,20000,1.2,hypothetical_selected_chain_fixed_actions_not_new_certificate,19159,0,19159,0.95795,19137,22,0,10667
B,TAB,C0,0,expanded_static,20000,0.8,hypothetical_selected_chain_fixed_actions_not_new_certificate,18934,1,18935,0.94675,18977,0,42,9312
B,TAB,C0,0,expanded_static,20000,0.9,hypothetical_selected_chain_fixed_actions_not_new_certificate,18957,1,18958,0.9479,18977,0,19,9677
B,TAB,C0,0,expanded_static,20000,1.0,hypothetical_selected_chain_fixed_actions_not_new_certificate,18976,1,18977,0.94885,18977,0,0,10051
B,TAB,C0,0,expanded_static,20000,1.1,hypothetical_selected_chain_fixed_actions_not_new_certificate,18997,1,18998,0.9499,18977,21,0,10433
B,TAB,C0,0,expanded_static,20000,1.2,hypothetical_selected_chain_fixed_actions_not_new_certificate,19017,1,19018,0.9509,18977,41,0,10843
B,TAB,C0,0,expanded_delta,20000,0.8,hypothetical_selected_chain_fixed_actions_not_new_certificate,18611,1,18612,0.9306,18676,0,64,9436
B,TAB,C0,0,expanded_delta,20000,0.9,hypothetical_selected_chain_fixed_actions_not_new_certificate,18646,1,18647,0.93235,18676,0,29,9784
B,TAB,C0,0,expanded_delta,20000,1.0,hypothetical_selected_chain_fixed_actions_not_new_certificate,18675,1,18676,0.9338,18676,0,0,10145
B,TAB,C0,0,expanded_delta,20000,1.1,hypothetical_selected_chain_fixed_actions_not_new_certificate,18713,1,18714,0.9357,18676,38,0,10517
B,TAB,C0,0,expanded_delta,20000,1.2,hypothetical_selected_chain_fixed_actions_not_new_certificate,18734,1,18735,0.93675,18676,59,0,10892
B,TAB,C0,0,joint64,20000,0.8,hypothetical_selected_chain_fixed_actions_not_new_certificate,18517,0,18517,0.92585,18573,0,56,9464
B,TAB,C0,0,joint64,20000,0.9,hypothetical_selected_chain_fixed_actions_not_new_certificate,18548,0,18548,0.9274,18573,0,25,9754
B,TAB,C0,0,joint64,20000,1.0,hypothetical_selected_chain_fixed_actions_not_new_certificate,18573,0,18573,0.92865,18573,0,0,10058
B,TAB,C0,0,joint64,20000,1.1,hypothetical_selected_chain_fixed_actions_not_new_certificate,18607,0,18607,0.93035,18573,34,0,10362
B,TAB,C0,0,joint64,20000,1.2,hypothetical_selected_chain_fixed_actions_not_new_certificate,18627,0,18627,0.93135,18573,54,0,10709
B,TAB,C0,0,rb16,20000,0.8,hypothetical_selected_chain_fixed_actions_not_new_certificate,18509,0,18509,0.92545,18566,0,57,9467
B,TAB,C0,0,rb16,20000,0.9,hypothetical_selected_chain_fixed_actions_not_new_certificate,18538,0,18538,0.9269,18566,0,28,9756
B,TAB,C0,0,rb16,20000,1.0,hypothetical_selected_chain_fixed_actions_not_new_certificate,18566,0,18566,0.9283,18566,0,0,10066
B,TAB,C0,0,rb16,20000,1.1,hypothetical_selected_chain_fixed_actions_not_new_certificate,18603,0,18603,0.93015,18566,37,0,10384
B,TAB,C0,0,rb16,20000,1.2,hypothetical_selected_chain_fixed_actions_not_new_certificate,18626,0,18626,0.9313,18566,60,0,10728
B,TAB,C0,0,joint64_prior,20000,0.8,hypothetical_selected_chain_fixed_actions_not_new_certificate,18517,0,18517,0.92585,18573,0,56,9464
B,TAB,C0,0,joint64_prior,20000,0.9,hypothetical_selected_chain_fixed_actions_not_new_certificate,18548,0,18548,0.9274,18573,0,25,9754
B,TAB,C0,0,joint64_prior,20000,1.0,hypothetical_selected_chain_fixed_actions_not_new_certificate,18573,0,18573,0.92865,18573,0,0,10058
B,TAB,C0,0,joint64_prior,20000,1.1,hypothetical_selected_chain_fixed_actions_not_new_certificate,18607,0,18607,0.93035,18573,34,0,10362
B,TAB,C0,0,joint64_prior,20000,1.2,hypothetical_selected_chain_fixed_actions_not_new_certificate,18627,0,18627,0.93135,18573,54,0,10709
B,TAB,C0,1,old_static,20000,0.8,hypothetical_selected_chain_fixed_actions_not_new_certificate,19143,0,19143,0.95715,19169,0,26,9473
B,TAB,C0,1,old_static,20000,0.9,hypothetical_selected_chain_fixed_actions_not_new_certificate,19157,0,19157,0.95785,19169,0,12,9785
B,TAB,C0,1,old_static,20000,1.0,hypothetical_selected_chain_fixed_actions_not_new_certificate,19169,0,19169,0.95845,19169,0,0,10090
B,TAB,C0,1,old_static,20000,1.1,hypothetical_selected_chain_fixed_actions_not_new_certificate,19186,0,19186,0.9593,19169,17,0,10374
B,TAB,C0,1,old_static,20000,1.2,hypothetical_selected_chain_fixed_actions_not_new_certificate,19198,0,19198,0.9599,19169,29,0,10665
B,TAB,C0,1,old_delta,20000,0.8,hypothetical_selected_chain_fixed_actions_not_new_certificate,19143,0,19143,0.95715,19169,0,26,9473
B,TAB,C0,1,old_delta,20000,0.9,hypothetical_selected_chain_fixed_actions_not_new_certificate,19157,0,19157,0.95785,19169,0,12,9785
B,TAB,C0,1,old_delta,20000,1.0,hypothetical_selected_chain_fixed_actions_not_new_certificate,19169,0,19169,0.95845,19169,0,0,10090
B,TAB,C0,1,old_delta,20000,1.1,hypothetical_selected_chain_fixed_actions_not_new_certificate,19186,0,19186,0.9593,19169,17,0,10374
B,TAB,C0,1,old_delta,20000,1.2,hypothetical_selected_chain_fixed_actions_not_new_certificate,19198,0,19198,0.9599,19169,29,0,10665
B,TAB,C0,1,expanded_static,20000,0.8,hypothetical_selected_chain_fixed_actions_not_new_certificate,18986,1,18987,0.94935,19039,0,52,9249
B,TAB,C0,1,expanded_static,20000,0.9,hypothetical_selected_chain_fixed_actions_not_new_certificate,19013,1,19014,0.9507,19039,0,25,9672
B,TAB,C0,1,expanded_static,20000,1.0,hypothetical_selected_chain_fixed_actions_not_new_certificate,19038,1,19039,0.95195,19039,0,0,10076
B,TAB,C0,1,expanded_static,20000,1.1,hypothetical_selected_chain_fixed_actions_not_new_certificate,19054,1,19055,0.95275,19039,16,0,10451
B,TAB,C0,1,expanded_static,20000,1.2,hypothetical_selected_chain_fixed_actions_not_new_certificate,19083,1,19084,0.9542,19039,45,0,10848
B,TAB,C0,1,expanded_delta,20000,0.8,hypothetical_selected_chain_fixed_actions_not_new_certificate,18633,1,18634,0.9317,18699,0,65,9416
B,TAB,C0,1,expanded_delta,20000,0.9,hypothetical_selected_chain_fixed_actions_not_new_certificate,18670,1,18671,0.93355,18699,0,28,9801
B,TAB,C0,1,expanded_delta,20000,1.0,hypothetical_selected_chain_fixed_actions_not_new_certificate,18698,1,18699,0.93495,18699,0,0,10155
B,TAB,C0,1,expanded_delta,20000,1.1,hypothetical_selected_chain_fixed_actions_not_new_certificate,18724,1,18725,0.93625,18699,26,0,10518
B,TAB,C0,1,expanded_delta,20000,1.2,hypothetical_selected_chain_fixed_actions_not_new_certificate,18755,1,18756,0.9378,18699,57,0,10876
B,TAB,C0,1,joint64,20000,0.8,hypothetical_selected_chain_fixed_actions_not_new_certificate,18525,0,18525,0.92625,18585,0,60,9450
B,TAB,C0,1,joint64,20000,0.9,hypothetical_selected_chain_fixed_actions_not_new_certificate,18555,0,18555,0.92775,18585,0,30,9791
B,TAB,C0,1,joint64,20000,1.0,hypothetical_selected_chain_fixed_actions_not_new_certificate,18585,0,18585,0.92925,18585,0,0,10097
B,TAB,C0,1,joint64,20000,1.1,hypothetical_selected_chain_fixed_actions_not_new_certificate,18613,0,18613,0.93065,18585,28,0,10383
B,TAB,C0,1,joint64,20000,1.2,hypothetical_selected_chain_fixed_actions_not_new_certificate,18643,0,18643,0.93215,18585,58,0,10696
B,TAB,C0,1,rb16,20000,0.8,hypothetical_selected_chain_fixed_actions_not_new_certificate,18516,0,18516,0.9258,18576,0,60,9431
B,TAB,C0,1,rb16,20000,0.9,hypothetical_selected_chain_fixed_actions_not_new_certificate,18550,0,18550,0.9275,18576,0,26,9784
B,TAB,C0,1,rb16,20000,1.0,hypothetical_selected_chain_fixed_actions_not_new_certificate,18576,0,18576,0.9288,18576,0,0,10086
B,TAB,C0,1,rb16,20000,1.1,hypothetical_selected_chain_fixed_actions_not_new_certificate,18603,0,18603,0.93015,18576,27,0,10377
B,TAB,C0,1,rb16,20000,1.2,hypothetical_selected_chain_fixed_actions_not_new_certificate,18640,0,18640,0.932,18576,64,0,10707
B,TAB,C0,1,joint64_prior,20000,0.8,hypothetical_selected_chain_fixed_actions_not_new_certificate,18525,0,18525,0.92625,18585,0,60,9450
B,TAB,C0,1,joint64_prior,20000,0.9,hypothetical_selected_chain_fixed_actions_not_new_certificate,18555,0,18555,0.92775,18585,0,30,9791
B,TAB,C0,1,joint64_prior,20000,1.0,hypothetical_selected_chain_fixed_actions_not_new_certificate,18585,0,18585,0.92925,18585,0,0,10097
B,TAB,C0,1,joint64_prior,20000,1.1,hypothetical_selected_chain_fixed_actions_not_new_certificate,18613,0,18613,0.93065,18585,28,0,10383
B,TAB,C0,1,joint64_prior,20000,1.2,hypothetical_selected_chain_fixed_actions_not_new_certificate,18643,0,18643,0.93215,18585,58,0,10696
B,TAB,C0,2,old_static,20000,0.8,hypothetical_selected_chain_fixed_actions_not_new_certificate,19129,1,19130,0.9565,19152,0,22,9443
B,TAB,C0,2,old_static,20000,0.9,hypothetical_selected_chain_fixed_actions_not_new_certificate,19143,1,19144,0.9572,19152,0,8,9707
B,TAB,C0,2,old_static,20000,1.0,hypothetical_selected_chain_fixed_actions_not_new_certificate,19151,1,19152,0.9576,19152,0,0,10038
B,TAB,C0,2,old_static,20000,1.1,hypothetical_selected_chain_fixed_actions_not_new_certificate,19165,1,19166,0.9583,19152,14,0,10361
B,TAB,C0,2,old_static,20000,1.2,hypothetical_selected_chain_fixed_actions_not_new_certificate,19175,1,19176,0.9588,19152,24,0,10682
B,TAB,C0,2,old_delta,20000,0.8,hypothetical_selected_chain_fixed_actions_not_new_certificate,19129,1,19130,0.9565,19152,0,22,9443
B,TAB,C0,2,old_delta,20000,0.9,hypothetical_selected_chain_fixed_actions_not_new_certificate,19143,1,19144,0.9572,19152,0,8,9707
B,TAB,C0,2,old_delta,20000,1.0,hypothetical_selected_chain_fixed_actions_not_new_certificate,19151,1,19152,0.9576,19152,0,0,10038
B,TAB,C0,2,old_delta,20000,1.1,hypothetical_selected_chain_fixed_actions_not_new_certificate,19165,1,19166,0.9583,19152,14,0,10361
B,TAB,C0,2,old_delta,20000,1.2,hypothetical_selected_chain_fixed_actions_not_new_certificate,19175,1,19176,0.9588,19152,24,0,10682
B,TAB,C0,2,expanded_static,20000,0.8,hypothetical_selected_chain_fixed_actions_not_new_certificate,18961,1,18962,0.9481,19001,0,39,9235
B,TAB,C0,2,expanded_static,20000,0.9,hypothetical_selected_chain_fixed_actions_not_new_certificate,18982,1,18983,0.94915,19001,0,18,9653
B,TAB,C0,2,expanded_static,20000,1.0,hypothetical_selected_chain_fixed_actions_not_new_certificate,19000,1,19001,0.95005,19001,0,0,10035
B,TAB,C0,2,expanded_static,20000,1.1,hypothetical_selected_chain_fixed_actions_not_new_certificate,19020,1,19021,0.95105,19001,20,0,10455
B,TAB,C0,2,expanded_static,20000,1.2,hypothetical_selected_chain_fixed_actions_not_new_certificate,19048,1,19049,0.95245,19001,48,0,10868
B,TAB,C0,2,expanded_delta,20000,0.8,hypothetical_selected_chain_fixed_actions_not_new_certificate,18622,1,18623,0.93115,18671,0,48,9403
B,TAB,C0,2,expanded_delta,20000,0.9,hypothetical_selected_chain_fixed_actions_not_new_certificate,18645,1,18646,0.9323,18671,0,25,9753
B,TAB,C0,2,expanded_delta,20000,1.0,hypothetical_selected_chain_fixed_actions_not_new_certificate,18670,1,18671,0.93355,18671,0,0,10106
B,TAB,C0,2,expanded_delta,20000,1.1,hypothetical_selected_chain_fixed_actions_not_new_certificate,18701,1,18702,0.9351,18671,31,0,10493
B,TAB,C0,2,expanded_delta,20000,1.2,hypothetical_selected_chain_fixed_actions_not_new_certificate,18734,1,18735,0.93675,18671,64,0,10871
B,TAB,C0,2,joint64,20000,0.8,hypothetical_selected_chain_fixed_actions_not_new_certificate,18535,1,18536,0.9268,18577,0,41,9422
B,TAB,C0,2,joint64,20000,0.9,hypothetical_selected_chain_fixed_actions_not_new_certificate,18555,1,18556,0.9278,18577,0,21,9694
B,TAB,C0,2,joint64,20000,1.0,hypothetical_selected_chain_fixed_actions_not_new_certificate,18576,1,18577,0.92885,18577,0,0,10029
B,TAB,C0,2,joint64,20000,1.1,hypothetical_selected_chain_fixed_actions_not_new_certificate,18603,1,18604,0.9302,18577,27,0,10357
B,TAB,C0,2,joint64,20000,1.2,hypothetical_selected_chain_fixed_actions_not_new_certificate,18635,1,18636,0.9318,18577,59,0,10698
B,TAB,C0,2,rb16,20000,0.8,hypothetical_selected_chain_fixed_actions_not_new_certificate,18515,1,18516,0.9258,18562,0,46,9413
B,TAB,C0,2,rb16,20000,0.9,hypothetical_selected_chain_fixed_actions_not_new_certificate,18535,1,18536,0.9268,18562,0,26,9698
B,TAB,C0,2,rb16,20000,1.0,hypothetical_selected_chain_fixed_actions_not_new_certificate,18561,1,18562,0.9281,18562,0,0,10037
B,TAB,C0,2,rb16,20000,1.1,hypothetical_selected_chain_fixed_actions_not_new_certificate,18586,1,18587,0.92935,18562,25,0,10365
B,TAB,C0,2,rb16,20000,1.2,hypothetical_selected_chain_fixed_actions_not_new_certificate,18620,1,18621,0.93105,18562,59,0,10705
B,TAB,C0,2,joint64_prior,20000,0.8,hypothetical_selected_chain_fixed_actions_not_new_certificate,18535,1,18536,0.9268,18577,0,41,9422
B,TAB,C0,2,joint64_prior,20000,0.9,hypothetical_selected_chain_fixed_actions_not_new_certificate,18555,1,18556,0.9278,18577,0,21,9694
B,TAB,C0,2,joint64_prior,20000,1.0,hypothetical_selected_chain_fixed_actions_not_new_certificate,18576,1,18577,0.92885,18577,0,0,10029
B,TAB,C0,2,joint64_prior,20000,1.1,hypothetical_selected_chain_fixed_actions_not_new_certificate,18603,1,18604,0.9302,18577,27,0,10357
B,TAB,C0,2,joint64_prior,20000,1.2,hypothetical_selected_chain_fixed_actions_not_new_certificate,18635,1,18636,0.9318,18577,59,0,10698
B,TAB,C1,0,old_static,20000,0.8,hypothetical_selected_chain_fixed_actions_not_new_certificate,18968,0,18968,0.9484,18997,0,29,9380
B,TAB,C1,0,old_static,20000,0.9,hypothetical_selected_chain_fixed_actions_not_new_certificate,18985,0,18985,0.94925,18997,0,12,9701
B,TAB,C1,0,old_static,20000,1.0,hypothetical_selected_chain_fixed_actions_not_new_certificate,18997,0,18997,0.94985,18997,0,0,9977
B,TAB,C1,0,old_static,20000,1.1,hypothetical_selected_chain_fixed_actions_not_new_certificate,19014,0,19014,0.9507,18997,17,0,10290
B,TAB,C1,0,old_static,20000,1.2,hypothetical_selected_chain_fixed_actions_not_new_certificate,19030,0,19030,0.9515,18997,33,0,10549
B,TAB,C1,0,old_delta,20000,0.8,hypothetical_selected_chain_fixed_actions_not_new_certificate,18968,0,18968,0.9484,18997,0,29,9380
B,TAB,C1,0,old_delta,20000,0.9,hypothetical_selected_chain_fixed_actions_not_new_certificate,18985,0,18985,0.94925,18997,0,12,9701
B,TAB,C1,0,old_delta,20000,1.0,hypothetical_selected_chain_fixed_actions_not_new_certificate,18997,0,18997,0.94985,18997,0,0,9977
B,TAB,C1,0,old_delta,20000,1.1,hypothetical_selected_chain_fixed_actions_not_new_certificate,19014,0,19014,0.9507,18997,17,0,10290
B,TAB,C1,0,old_delta,20000,1.2,hypothetical_selected_chain_fixed_actions_not_new_certificate,19030,0,19030,0.9515,18997,33,0,10549
B,TAB,C1,0,expanded_static,20000,0.8,hypothetical_selected_chain_fixed_actions_not_new_certificate,18725,0,18725,0.93625,18789,0,64,9228
B,TAB,C1,0,expanded_static,20000,0.9,hypothetical_selected_chain_fixed_actions_not_new_certificate,18750,0,18750,0.9375,18789,0,39,9599
B,TAB,C1,0,expanded_static,20000,1.0,hypothetical_selected_chain_fixed_actions_not_new_certificate,18789,0,18789,0.93945,18789,0,0,9983
B,TAB,C1,0,expanded_static,20000,1.1,hypothetical_selected_chain_fixed_actions_not_new_certificate,18824,0,18824,0.9412,18789,35,0,10353
B,TAB,C1,0,expanded_static,20000,1.2,hypothetical_selected_chain_fixed_actions_not_new_certificate,18864,0,18864,0.9432,18789,75,0,10763
B,TAB,C1,0,expanded_delta,20000,0.8,hypothetical_selected_chain_fixed_actions_not_new_certificate,18338,0,18338,0.9169,18418,0,80,9309
B,TAB,C1,0,expanded_delta,20000,0.9,hypothetical_selected_chain_fixed_actions_not_new_certificate,18371,0,18371,0.91855,18418,0,47,9684
B,TAB,C1,0,expanded_delta,20000,1.0,hypothetical_selected_chain_fixed_actions_not_new_certificate,18418,0,18418,0.9209,18418,0,0,10061
B,TAB,C1,0,expanded_delta,20000,1.1,hypothetical_selected_chain_fixed_actions_not_new_certificate,18461,0,18461,0.92305,18418,43,0,10435
B,TAB,C1,0,expanded_delta,20000,1.2,hypothetical_selected_chain_fixed_actions_not_new_certificate,18501,0,18501,0.92505,18418,83,0,10791
B,TAB,C1,0,joint64,20000,0.8,hypothetical_selected_chain_fixed_actions_not_new_certificate,18221,0,18221,0.91105,18292,0,71,9334
B,TAB,C1,0,joint64,20000,0.9,hypothetical_selected_chain_fixed_actions_not_new_certificate,18256,0,18256,0.9128,18292,0,36,9671
B,TAB,C1,0,joint64,20000,1.0,hypothetical_selected_chain_fixed_actions_not_new_certificate,18292,0,18292,0.9146,18292,0,0,9959
B,TAB,C1,0,joint64,20000,1.1,hypothetical_selected_chain_fixed_actions_not_new_certificate,18333,0,18333,0.91665,18292,41,0,10299
B,TAB,C1,0,joint64,20000,1.2,hypothetical_selected_chain_fixed_actions_not_new_certificate,18379,0,18379,0.91895,18292,87,0,10578
B,TAB,C1,0,rb16,20000,0.8,hypothetical_selected_chain_fixed_actions_not_new_certificate,18197,0,18197,0.90985,18270,0,73,9325
B,TAB,C1,0,rb16,20000,0.9,hypothetical_selected_chain_fixed_actions_not_new_certificate,18230,0,18230,0.9115,18270,0,40,9665
B,TAB,C1,0,rb16,20000,1.0,hypothetical_selected_chain_fixed_actions_not_new_certificate,18270,0,18270,0.9135,18270,0,0,9968
B,TAB,C1,0,rb16,20000,1.1,hypothetical_selected_chain_fixed_actions_not_new_certificate,18315,0,18315,0.91575,18270,45,0,10313
B,TAB,C1,0,rb16,20000,1.2,hypothetical_selected_chain_fixed_actions_not_new_certificate,18362,0,18362,0.9181,18270,92,0,10590
B,TAB,C1,0,joint64_prior,20000,0.8,hypothetical_selected_chain_fixed_actions_not_new_certificate,18221,0,18221,0.91105,18292,0,71,9334
B,TAB,C1,0,joint64_prior,20000,0.9,hypothetical_selected_chain_fixed_actions_not_new_certificate,18256,0,18256,0.9128,18292,0,36,9671
B,TAB,C1,0,joint64_prior,20000,1.0,hypothetical_selected_chain_fixed_actions_not_new_certificate,18292,0,18292,0.9146,18292,0,0,9959
B,TAB,C1,0,joint64_prior,20000,1.1,hypothetical_selected_chain_fixed_actions_not_new_certificate,18333,0,18333,0.91665,18292,41,0,10299
B,TAB,C1,0,joint64_prior,20000,1.2,hypothetical_selected_chain_fixed_actions_not_new_certificate,18379,0,18379,0.91895,18292,87,0,10578
B,TAB,C1,1,old_static,20000,0.8,hypothetical_selected_chain_fixed_actions_not_new_certificate,18980,1,18981,0.94905,19015,0,34,9290
B,TAB,C1,1,old_static,20000,0.9,hypothetical_selected_chain_fixed_actions_not_new_certificate,18999,1,19000,0.95,19015,0,15,9561
B,TAB,C1,1,old_static,20000,1.0,hypothetical_selected_chain_fixed_actions_not_new_certificate,19014,1,19015,0.95075,19015,0,0,9865
B,TAB,C1,1,old_static,20000,1.1,hypothetical_selected_chain_fixed_actions_not_new_certificate,19032,1,19033,0.95165,19015,18,0,10214
B,TAB,C1,1,old_static,20000,1.2,hypothetical_selected_chain_fixed_actions_not_new_certificate,19051,1,19052,0.9526,19015,37,0,10494
B,TAB,C1,1,old_delta,20000,0.8,hypothetical_selected_chain_fixed_actions_not_new_certificate,18980,1,18981,0.94905,19015,0,34,9290
B,TAB,C1,1,old_delta,20000,0.9,hypothetical_selected_chain_fixed_actions_not_new_certificate,18999,1,19000,0.95,19015,0,15,9561
B,TAB,C1,1,old_delta,20000,1.0,hypothetical_selected_chain_fixed_actions_not_new_certificate,19014,1,19015,0.95075,19015,0,0,9865
B,TAB,C1,1,old_delta,20000,1.1,hypothetical_selected_chain_fixed_actions_not_new_certificate,19032,1,19033,0.95165,19015,18,0,10214
B,TAB,C1,1,old_delta,20000,1.2,hypothetical_selected_chain_fixed_actions_not_new_certificate,19051,1,19052,0.9526,19015,37,0,10494
B,TAB,C1,1,expanded_static,20000,0.8,hypothetical_selected_chain_fixed_actions_not_new_certificate,18734,0,18734,0.9367,18807,0,73,9062
B,TAB,C1,1,expanded_static,20000,0.9,hypothetical_selected_chain_fixed_actions_not_new_certificate,18766,0,18766,0.9383,18807,0,41,9445
B,TAB,C1,1,expanded_static,20000,1.0,hypothetical_selected_chain_fixed_actions_not_new_certificate,18807,0,18807,0.94035,18807,0,0,9864
B,TAB,C1,1,expanded_static,20000,1.1,hypothetical_selected_chain_fixed_actions_not_new_certificate,18844,0,18844,0.9422,18807,37,0,10275
B,TAB,C1,1,expanded_static,20000,1.2,hypothetical_selected_chain_fixed_actions_not_new_certificate,18879,0,18879,0.94395,18807,72,0,10700
B,TAB,C1,1,expanded_delta,20000,0.8,hypothetical_selected_chain_fixed_actions_not_new_certificate,18354,0,18354,0.9177,18441,0,87,9200
B,TAB,C1,1,expanded_delta,20000,0.9,hypothetical_selected_chain_fixed_actions_not_new_certificate,18393,0,18393,0.91965,18441,0,48,9538
B,TAB,C1,1,expanded_delta,20000,1.0,hypothetical_selected_chain_fixed_actions_not_new_certificate,18441,0,18441,0.92205,18441,0,0,9921
B,TAB,C1,1,expanded_delta,20000,1.1,hypothetical_selected_chain_fixed_actions_not_new_certificate,18486,0,18486,0.9243,18441,45,0,10317
B,TAB,C1,1,expanded_delta,20000,1.2,hypothetical_selected_chain_fixed_actions_not_new_certificate,18527,0,18527,0.92635,18441,86,0,10701
B,TAB,C1,1,joint64,20000,0.8,hypothetical_selected_chain_fixed_actions_not_new_certificate,18261,1,18262,0.9131,18344,0,82,9263
B,TAB,C1,1,joint64,20000,0.9,hypothetical_selected_chain_fixed_actions_not_new_certificate,18299,1,18300,0.915,18344,0,44,9538
B,TAB,C1,1,joint64,20000,1.0,hypothetical_selected_chain_fixed_actions_not_new_certificate,18343,1,18344,0.9172,18344,0,0,9852
B,TAB,C1,1,joint64,20000,1.1,hypothetical_selected_chain_fixed_actions_not_new_certificate,18379,1,18380,0.919,18344,36,0,10223
B,TAB,C1,1,joint64,20000,1.2,hypothetical_selected_chain_fixed_actions_not_new_certificate,18420,1,18421,0.92105,18344,77,0,10507
B,TAB,C1,1,rb16,20000,0.8,hypothetical_selected_chain_fixed_actions_not_new_certificate,18247,1,18248,0.9124,18326,0,78,9245
B,TAB,C1,1,rb16,20000,0.9,hypothetical_selected_chain_fixed_actions_not_new_certificate,18287,1,18288,0.9144,18326,0,38,9527
B,TAB,C1,1,rb16,20000,1.0,hypothetical_selected_chain_fixed_actions_not_new_certificate,18325,1,18326,0.9163,18326,0,0,9839
B,TAB,C1,1,rb16,20000,1.1,hypothetical_selected_chain_fixed_actions_not_new_certificate,18363,1,18364,0.9182,18326,38,0,10203
B,TAB,C1,1,rb16,20000,1.2,hypothetical_selected_chain_fixed_actions_not_new_certificate,18411,1,18412,0.9206,18326,86,0,10506
B,TAB,C1,1,joint64_prior,20000,0.8,hypothetical_selected_chain_fixed_actions_not_new_certificate,18261,1,18262,0.9131,18344,0,82,9263
B,TAB,C1,1,joint64_prior,20000,0.9,hypothetical_selected_chain_fixed_actions_not_new_certificate,18299,1,18300,0.915,18344,0,44,9538
B,TAB,C1,1,joint64_prior,20000,1.0,hypothetical_selected_chain_fixed_actions_not_new_certificate,18343,1,18344,0.9172,18344,0,0,9852
B,TAB,C1,1,joint64_prior,20000,1.1,hypothetical_selected_chain_fixed_actions_not_new_certificate,18379,1,18380,0.919,18344,36,0,10223
B,TAB,C1,1,joint64_prior,20000,1.2,hypothetical_selected_chain_fixed_actions_not_new_certificate,18420,1,18421,0.92105,18344,77,0,10507
B,TAB,C1,2,old_static,20000,0.8,hypothetical_selected_chain_fixed_actions_not_new_certificate,18933,0,18933,0.94665,18972,0,39,9335
B,TAB,C1,2,old_static,20000,0.9,hypothetical_selected_chain_fixed_actions_not_new_certificate,18951,0,18951,0.94755,18972,0,21,9581
B,TAB,C1,2,old_static,20000,1.0,hypothetical_selected_chain_fixed_actions_not_new_certificate,18972,0,18972,0.9486,18972,0,0,9883
B,TAB,C1,2,old_static,20000,1.1,hypothetical_selected_chain_fixed_actions_not_new_certificate,18996,0,18996,0.9498,18972,24,0,10244
B,TAB,C1,2,old_static,20000,1.2,hypothetical_selected_chain_fixed_actions_not_new_certificate,19007,0,19007,0.95035,18972,35,0,10515
B,TAB,C1,2,old_delta,20000,0.8,hypothetical_selected_chain_fixed_actions_not_new_certificate,18933,0,18933,0.94665,18972,0,39,9335
B,TAB,C1,2,old_delta,20000,0.9,hypothetical_selected_chain_fixed_actions_not_new_certificate,18951,0,18951,0.94755,18972,0,21,9581
B,TAB,C1,2,old_delta,20000,1.0,hypothetical_selected_chain_fixed_actions_not_new_certificate,18972,0,18972,0.9486,18972,0,0,9883
B,TAB,C1,2,old_delta,20000,1.1,hypothetical_selected_chain_fixed_actions_not_new_certificate,18996,0,18996,0.9498,18972,24,0,10244
B,TAB,C1,2,old_delta,20000,1.2,hypothetical_selected_chain_fixed_actions_not_new_certificate,19007,0,19007,0.95035,18972,35,0,10515
B,TAB,C1,2,expanded_static,20000,0.8,hypothetical_selected_chain_fixed_actions_not_new_certificate,18752,1,18753,0.93765,18815,0,62,9152
B,TAB,C1,2,expanded_static,20000,0.9,hypothetical_selected_chain_fixed_actions_not_new_certificate,18778,1,18779,0.93895,18815,0,36,9536
B,TAB,C1,2,expanded_static,20000,1.0,hypothetical_selected_chain_fixed_actions_not_new_certificate,18814,1,18815,0.94075,18815,0,0,9915
B,TAB,C1,2,expanded_static,20000,1.1,hypothetical_selected_chain_fixed_actions_not_new_certificate,18847,1,18848,0.9424,18815,33,0,10295
B,TAB,C1,2,expanded_static,20000,1.2,hypothetical_selected_chain_fixed_actions_not_new_certificate,18890,1,18891,0.94455,18815,76,0,10702
B,TAB,C1,2,expanded_delta,20000,0.8,hypothetical_selected_chain_fixed_actions_not_new_certificate,18376,1,18377,0.91885,18459,0,82,9249
B,TAB,C1,2,expanded_delta,20000,0.9,hypothetical_selected_chain_fixed_actions_not_new_certificate,18414,1,18415,0.92075,18459,0,44,9602
B,TAB,C1,2,expanded_delta,20000,1.0,hypothetical_selected_chain_fixed_actions_not_new_certificate,18458,1,18459,0.92295,18459,0,0,9988
B,TAB,C1,2,expanded_delta,20000,1.1,hypothetical_selected_chain_fixed_actions_not_new_certificate,18503,1,18504,0.9252,18459,45,0,10366
B,TAB,C1,2,expanded_delta,20000,1.2,hypothetical_selected_chain_fixed_actions_not_new_certificate,18552,1,18553,0.92765,18459,94,0,10743
B,TAB,C1,2,joint64,20000,0.8,hypothetical_selected_chain_fixed_actions_not_new_certificate,18292,0,18292,0.9146,18372,0,80,9305
B,TAB,C1,2,joint64,20000,0.9,hypothetical_selected_chain_fixed_actions_not_new_certificate,18329,0,18329,0.91645,18372,0,43,9573
B,TAB,C1,2,joint64,20000,1.0,hypothetical_selected_chain_fixed_actions_not_new_certificate,18372,0,18372,0.9186,18372,0,0,9885
B,TAB,C1,2,joint64,20000,1.1,hypothetical_selected_chain_fixed_actions_not_new_certificate,18420,0,18420,0.921,18372,48,0,10254
B,TAB,C1,2,joint64,20000,1.2,hypothetical_selected_chain_fixed_actions_not_new_certificate,18459,0,18459,0.92295,18372,87,0,10549
B,TAB,C1,2,rb16,20000,0.8,hypothetical_selected_chain_fixed_actions_not_new_certificate,18266,0,18266,0.9133,18348,0,82,9292
B,TAB,C1,2,rb16,20000,0.9,hypothetical_selected_chain_fixed_actions_not_new_certificate,18299,0,18299,0.91495,18348,0,49,9564
B,TAB,C1,2,rb16,20000,1.0,hypothetical_selected_chain_fixed_actions_not_new_certificate,18348,0,18348,0.9174,18348,0,0,9879
B,TAB,C1,2,rb16,20000,1.1,hypothetical_selected_chain_fixed_actions_not_new_certificate,18394,0,18394,0.9197,18348,46,0,10240
B,TAB,C1,2,rb16,20000,1.2,hypothetical_selected_chain_fixed_actions_not_new_certificate,18435,0,18435,0.92175,18348,87,0,10546
B,TAB,C1,2,joint64_prior,20000,0.8,hypothetical_selected_chain_fixed_actions_not_new_certificate,18292,0,18292,0.9146,18372,0,80,9305
B,TAB,C1,2,joint64_prior,20000,0.9,hypothetical_selected_chain_fixed_actions_not_new_certificate,18329,0,18329,0.91645,18372,0,43,9573
B,TAB,C1,2,joint64_prior,20000,1.0,hypothetical_selected_chain_fixed_actions_not_new_certificate,18372,0,18372,0.9186,18372,0,0,9885
B,TAB,C1,2,joint64_prior,20000,1.1,hypothetical_selected_chain_fixed_actions_not_new_certificate,18420,0,18420,0.921,18372,48,0,10254
B,TAB,C1,2,joint64_prior,20000,1.2,hypothetical_selected_chain_fixed_actions_not_new_certificate,18459,0,18459,0.92295,18372,87,0,10549
B,TAB,C2,0,old_static,20000,0.8,hypothetical_selected_chain_fixed_actions_not_new_certificate,19434,0,19434,0.9717,19474,0,40,9411
B,TAB,C2,0,old_static,20000,0.9,hypothetical_selected_chain_fixed_actions_not_new_certificate,19449,0,19449,0.97245,19474,0,25,9699
B,TAB,C2,0,old_static,20000,1.0,hypothetical_selected_chain_fixed_actions_not_new_certificate,19474,0,19474,0.9737,19474,0,0,10007
B,TAB,C2,0,old_static,20000,1.1,hypothetical_selected_chain_fixed_actions_not_new_certificate,19494,0,19494,0.9747,19474,20,0,10318
B,TAB,C2,0,old_static,20000,1.2,hypothetical_selected_chain_fixed_actions_not_new_certificate,19506,0,19506,0.9753,19474,32,0,10624
B,TAB,C2,0,old_delta,20000,0.8,hypothetical_selected_chain_fixed_actions_not_new_certificate,19434,0,19434,0.9717,19474,0,40,9411
B,TAB,C2,0,old_delta,20000,0.9,hypothetical_selected_chain_fixed_actions_not_new_certificate,19449,0,19449,0.97245,19474,0,25,9699
B,TAB,C2,0,old_delta,20000,1.0,hypothetical_selected_chain_fixed_actions_not_new_certificate,19474,0,19474,0.9737,19474,0,0,10007
B,TAB,C2,0,old_delta,20000,1.1,hypothetical_selected_chain_fixed_actions_not_new_certificate,19494,0,19494,0.9747,19474,20,0,10318
B,TAB,C2,0,old_delta,20000,1.2,hypothetical_selected_chain_fixed_actions_not_new_certificate,19506,0,19506,0.9753,19474,32,0,10624
B,TAB,C2,0,expanded_static,20000,0.8,hypothetical_selected_chain_fixed_actions_not_new_certificate,19263,0,19263,0.96315,19324,0,61,9224
B,TAB,C2,0,expanded_static,20000,0.9,hypothetical_selected_chain_fixed_actions_not_new_certificate,19293,0,19293,0.96465,19324,0,31,9619
B,TAB,C2,0,expanded_static,20000,1.0,hypothetical_selected_chain_fixed_actions_not_new_certificate,19324,0,19324,0.9662,19324,0,0,10016
B,TAB,C2,0,expanded_static,20000,1.1,hypothetical_selected_chain_fixed_actions_not_new_certificate,19354,0,19354,0.9677,19324,30,0,10396
B,TAB,C2,0,expanded_static,20000,1.2,hypothetical_selected_chain_fixed_actions_not_new_certificate,19396,0,19396,0.9698,19324,72,0,10804
B,TAB,C2,0,expanded_delta,20000,0.8,hypothetical_selected_chain_fixed_actions_not_new_certificate,19016,0,19016,0.9508,19097,0,81,9320
B,TAB,C2,0,expanded_delta,20000,0.9,hypothetical_selected_chain_fixed_actions_not_new_certificate,19053,0,19053,0.95265,19097,0,44,9697
B,TAB,C2,0,expanded_delta,20000,1.0,hypothetical_selected_chain_fixed_actions_not_new_certificate,19097,0,19097,0.95485,19097,0,0,10076
B,TAB,C2,0,expanded_delta,20000,1.1,hypothetical_selected_chain_fixed_actions_not_new_certificate,19145,0,19145,0.95725,19097,48,0,10489
B,TAB,C2,0,expanded_delta,20000,1.2,hypothetical_selected_chain_fixed_actions_not_new_certificate,19196,0,19196,0.9598,19097,99,0,10862
B,TAB,C2,0,joint64,20000,0.8,hypothetical_selected_chain_fixed_actions_not_new_certificate,18967,0,18967,0.94835,19041,0,74,9361
B,TAB,C2,0,joint64,20000,0.9,hypothetical_selected_chain_fixed_actions_not_new_certificate,19004,0,19004,0.9502,19041,0,37,9674
B,TAB,C2,0,joint64,20000,1.0,hypothetical_selected_chain_fixed_actions_not_new_certificate,19041,0,19041,0.95205,19041,0,0,9986
B,TAB,C2,0,joint64,20000,1.1,hypothetical_selected_chain_fixed_actions_not_new_certificate,19083,0,19083,0.95415,19041,42,0,10341
B,TAB,C2,0,joint64,20000,1.2,hypothetical_selected_chain_fixed_actions_not_new_certificate,19124,0,19124,0.9562,19041,83,0,10659
B,TAB,C2,0,rb16,20000,0.8,hypothetical_selected_chain_fixed_actions_not_new_certificate,18951,0,18951,0.94755,19025,0,74,9317
B,TAB,C2,0,rb16,20000,0.9,hypothetical_selected_chain_fixed_actions_not_new_certificate,18988,0,18988,0.9494,19025,0,37,9641
B,TAB,C2,0,rb16,20000,1.0,hypothetical_selected_chain_fixed_actions_not_new_certificate,19025,0,19025,0.95125,19025,0,0,9951
B,TAB,C2,0,rb16,20000,1.1,hypothetical_selected_chain_fixed_actions_not_new_certificate,19071,0,19071,0.95355,19025,46,0,10316
B,TAB,C2,0,rb16,20000,1.2,hypothetical_selected_chain_fixed_actions_not_new_certificate,19118,0,19118,0.9559,19025,93,0,10660
B,TAB,C2,0,joint64_prior,20000,0.8,hypothetical_selected_chain_fixed_actions_not_new_certificate,18974,0,18974,0.9487,19047,0,73,9356
B,TAB,C2,0,joint64_prior,20000,0.9,hypothetical_selected_chain_fixed_actions_not_new_certificate,19008,0,19008,0.9504,19047,0,39,9670
B,TAB,C2,0,joint64_prior,20000,1.0,hypothetical_selected_chain_fixed_actions_not_new_certificate,19047,0,19047,0.95235,19047,0,0,9980
B,TAB,C2,0,joint64_prior,20000,1.1,hypothetical_selected_chain_fixed_actions_not_new_certificate,19087,0,19087,0.95435,19047,40,0,10334
B,TAB,C2,0,joint64_prior,20000,1.2,hypothetical_selected_chain_fixed_actions_not_new_certificate,19127,0,19127,0.95635,19047,80,0,10661
B,TAB,C2,1,old_static,20000,0.8,hypothetical_selected_chain_fixed_actions_not_new_certificate,19378,0,19378,0.9689,19409,0,31,9484
B,TAB,C2,1,old_static,20000,0.9,hypothetical_selected_chain_fixed_actions_not_new_certificate,19391,0,19391,0.96955,19409,0,18,9779
B,TAB,C2,1,old_static,20000,1.0,hypothetical_selected_chain_fixed_actions_not_new_certificate,19409,0,19409,0.97045,19409,0,0,10070
B,TAB,C2,1,old_static,20000,1.1,hypothetical_selected_chain_fixed_actions_not_new_certificate,19428,0,19428,0.9714,19409,19,0,10379
B,TAB,C2,1,old_static,20000,1.2,hypothetical_selected_chain_fixed_actions_not_new_certificate,19454,0,19454,0.9727,19409,45,0,10696
B,TAB,C2,1,old_delta,20000,0.8,hypothetical_selected_chain_fixed_actions_not_new_certificate,19378,0,19378,0.9689,19409,0,31,9484
B,TAB,C2,1,old_delta,20000,0.9,hypothetical_selected_chain_fixed_actions_not_new_certificate,19391,0,19391,0.96955,19409,0,18,9779
B,TAB,C2,1,old_delta,20000,1.0,hypothetical_selected_chain_fixed_actions_not_new_certificate,19409,0,19409,0.97045,19409,0,0,10070
B,TAB,C2,1,old_delta,20000,1.1,hypothetical_selected_chain_fixed_actions_not_new_certificate,19428,0,19428,0.9714,19409,19,0,10379
B,TAB,C2,1,old_delta,20000,1.2,hypothetical_selected_chain_fixed_actions_not_new_certificate,19454,0,19454,0.9727,19409,45,0,10696
B,TAB,C2,1,expanded_static,20000,0.8,hypothetical_selected_chain_fixed_actions_not_new_certificate,19224,1,19225,0.96125,19278,0,53,9320
B,TAB,C2,1,expanded_static,20000,0.9,hypothetical_selected_chain_fixed_actions_not_new_certificate,19254,1,19255,0.96275,19278,0,23,9725
B,TAB,C2,1,expanded_static,20000,1.0,hypothetical_selected_chain_fixed_actions_not_new_certificate,19277,1,19278,0.9639,19278,0,0,10098
B,TAB,C2,1,expanded_static,20000,1.1,hypothetical_selected_chain_fixed_actions_not_new_certificate,19298,1,19299,0.96495,19278,21,0,10441
B,TAB,C2,1,expanded_static,20000,1.2,hypothetical_selected_chain_fixed_actions_not_new_certificate,19335,1,19336,0.9668,19278,58,0,10847
B,TAB,C2,1,expanded_delta,20000,0.8,hypothetical_selected_chain_fixed_actions_not_new_certificate,18966,1,18967,0.94835,19047,0,80,9440
B,TAB,C2,1,expanded_delta,20000,0.9,hypothetical_selected_chain_fixed_actions_not_new_certificate,19001,1,19002,0.9501,19047,0,45,9801
B,TAB,C2,1,expanded_delta,20000,1.0,hypothetical_selected_chain_fixed_actions_not_new_certificate,19046,1,19047,0.95235,19047,0,0,10162
B,TAB,C2,1,expanded_delta,20000,1.1,hypothetical_selected_chain_fixed_actions_not_new_certificate,19085,1,19086,0.9543,19047,39,0,10517
B,TAB,C2,1,expanded_delta,20000,1.2,hypothetical_selected_chain_fixed_actions_not_new_certificate,19128,1,19129,0.95645,19047,82,0,10905
B,TAB,C2,1,joint64,20000,0.8,hypothetical_selected_chain_fixed_actions_not_new_certificate,18905,0,18905,0.94525,18968,0,63,9462
B,TAB,C2,1,joint64,20000,0.9,hypothetical_selected_chain_fixed_actions_not_new_certificate,18937,0,18937,0.94685,18968,0,31,9758
B,TAB,C2,1,joint64,20000,1.0,hypothetical_selected_chain_fixed_actions_not_new_certificate,18968,0,18968,0.9484,18968,0,0,10058
B,TAB,C2,1,joint64,20000,1.1,hypothetical_selected_chain_fixed_actions_not_new_certificate,19006,0,19006,0.9503,18968,38,0,10391
B,TAB,C2,1,joint64,20000,1.2,hypothetical_selected_chain_fixed_actions_not_new_certificate,19056,0,19056,0.9528,18968,88,0,10730
B,TAB,C2,1,rb16,20000,0.8,hypothetical_selected_chain_fixed_actions_not_new_certificate,18892,0,18892,0.9446,18964,0,72,9435
B,TAB,C2,1,rb16,20000,0.9,hypothetical_selected_chain_fixed_actions_not_new_certificate,18928,0,18928,0.9464,18964,0,36,9733
B,TAB,C2,1,rb16,20000,1.0,hypothetical_selected_chain_fixed_actions_not_new_certificate,18964,0,18964,0.9482,18964,0,0,10039
B,TAB,C2,1,rb16,20000,1.1,hypothetical_selected_chain_fixed_actions_not_new_certificate,19003,0,19003,0.95015,18964,39,0,10382
B,TAB,C2,1,rb16,20000,1.2,hypothetical_selected_chain_fixed_actions_not_new_certificate,19051,0,19051,0.95255,18964,87,0,10724
B,TAB,C2,1,joint64_prior,20000,0.8,hypothetical_selected_chain_fixed_actions_not_new_certificate,18903,0,18903,0.94515,18969,0,66,9465
B,TAB,C2,1,joint64_prior,20000,0.9,hypothetical_selected_chain_fixed_actions_not_new_certificate,18937,0,18937,0.94685,18969,0,32,9757
B,TAB,C2,1,joint64_prior,20000,1.0,hypothetical_selected_chain_fixed_actions_not_new_certificate,18969,0,18969,0.94845,18969,0,0,10055
B,TAB,C2,1,joint64_prior,20000,1.1,hypothetical_selected_chain_fixed_actions_not_new_certificate,19006,0,19006,0.9503,18969,37,0,10385
B,TAB,C2,1,joint64_prior,20000,1.2,hypothetical_selected_chain_fixed_actions_not_new_certificate,19054,0,19054,0.9527,18969,85,0,10719
B,TAB,C2,2,old_static,20000,0.8,hypothetical_selected_chain_fixed_actions_not_new_certificate,19340,0,19340,0.967,19368,0,28,9336
B,TAB,C2,2,old_static,20000,0.9,hypothetical_selected_chain_fixed_actions_not_new_certificate,19354,0,19354,0.9677,19368,0,14,9682
B,TAB,C2,2,old_static,20000,1.0,hypothetical_selected_chain_fixed_actions_not_new_certificate,19368,0,19368,0.9684,19368,0,0,9981
B,TAB,C2,2,old_static,20000,1.1,hypothetical_selected_chain_fixed_actions_not_new_certificate,19385,0,19385,0.96925,19368,17,0,10276
B,TAB,C2,2,old_static,20000,1.2,hypothetical_selected_chain_fixed_actions_not_new_certificate,19407,0,19407,0.97035,19368,39,0,10606
B,TAB,C2,2,old_delta,20000,0.8,hypothetical_selected_chain_fixed_actions_not_new_certificate,19340,0,19340,0.967,19368,0,28,9336
B,TAB,C2,2,old_delta,20000,0.9,hypothetical_selected_chain_fixed_actions_not_new_certificate,19354,0,19354,0.9677,19368,0,14,9682
B,TAB,C2,2,old_delta,20000,1.0,hypothetical_selected_chain_fixed_actions_not_new_certificate,19368,0,19368,0.9684,19368,0,0,9981
B,TAB,C2,2,old_delta,20000,1.1,hypothetical_selected_chain_fixed_actions_not_new_certificate,19385,0,19385,0.96925,19368,17,0,10276
B,TAB,C2,2,old_delta,20000,1.2,hypothetical_selected_chain_fixed_actions_not_new_certificate,19407,0,19407,0.97035,19368,39,0,10606
B,TAB,C2,2,expanded_static,20000,0.8,hypothetical_selected_chain_fixed_actions_not_new_certificate,19169,0,19169,0.95845,19228,0,59,9210
B,TAB,C2,2,expanded_static,20000,0.9,hypothetical_selected_chain_fixed_actions_not_new_certificate,19205,0,19205,0.96025,19228,0,23,9612
B,TAB,C2,2,expanded_static,20000,1.0,hypothetical_selected_chain_fixed_actions_not_new_certificate,19228,0,19228,0.9614,19228,0,0,9997
B,TAB,C2,2,expanded_static,20000,1.1,hypothetical_selected_chain_fixed_actions_not_new_certificate,19262,0,19262,0.9631,19228,34,0,10388
B,TAB,C2,2,expanded_static,20000,1.2,hypothetical_selected_chain_fixed_actions_not_new_certificate,19294,0,19294,0.9647,19228,66,0,10748
B,TAB,C2,2,expanded_delta,20000,0.8,hypothetical_selected_chain_fixed_actions_not_new_certificate,18910,0,18910,0.9455,18988,0,78,9315
B,TAB,C2,2,expanded_delta,20000,0.9,hypothetical_selected_chain_fixed_actions_not_new_certificate,18953,0,18953,0.94765,18988,0,35,9709
B,TAB,C2,2,expanded_delta,20000,1.0,hypothetical_selected_chain_fixed_actions_not_new_certificate,18988,0,18988,0.9494,18988,0,0,10083
B,TAB,C2,2,expanded_delta,20000,1.1,hypothetical_selected_chain_fixed_actions_not_new_certificate,19031,0,19031,0.95155,18988,43,0,10434
B,TAB,C2,2,expanded_delta,20000,1.2,hypothetical_selected_chain_fixed_actions_not_new_certificate,19070,0,19070,0.9535,18988,82,0,10795
B,TAB,C2,2,joint64,20000,0.8,hypothetical_selected_chain_fixed_actions_not_new_certificate,18840,0,18840,0.942,18910,0,70,9299
B,TAB,C2,2,joint64,20000,0.9,hypothetical_selected_chain_fixed_actions_not_new_certificate,18878,0,18878,0.9439,18910,0,32,9664
B,TAB,C2,2,joint64,20000,1.0,hypothetical_selected_chain_fixed_actions_not_new_certificate,18910,0,18910,0.9455,18910,0,0,9975
B,TAB,C2,2,joint64,20000,1.1,hypothetical_selected_chain_fixed_actions_not_new_certificate,18957,0,18957,0.94785,18910,47,0,10291
B,TAB,C2,2,joint64,20000,1.2,hypothetical_selected_chain_fixed_actions_not_new_certificate,18998,0,18998,0.9499,18910,88,0,10628
B,TAB,C2,2,rb16,20000,0.8,hypothetical_selected_chain_fixed_actions_not_new_certificate,18828,0,18828,0.9414,18900,0,72,9290
B,TAB,C2,2,rb16,20000,0.9,hypothetical_selected_chain_fixed_actions_not_new_certificate,18866,0,18866,0.9433,18900,0,34,9637
B,TAB,C2,2,rb16,20000,1.0,hypothetical_selected_chain_fixed_actions_not_new_certificate,18900,0,18900,0.945,18900,0,0,9948
B,TAB,C2,2,rb16,20000,1.1,hypothetical_selected_chain_fixed_actions_not_new_certificate,18948,0,18948,0.9474,18900,48,0,10269
B,TAB,C2,2,rb16,20000,1.2,hypothetical_selected_chain_fixed_actions_not_new_certificate,18991,0,18991,0.94955,18900,91,0,10620
B,TAB,C2,2,joint64_prior,20000,0.8,hypothetical_selected_chain_fixed_actions_not_new_certificate,18840,0,18840,0.942,18910,0,70,9299
B,TAB,C2,2,joint64_prior,20000,0.9,hypothetical_selected_chain_fixed_actions_not_new_certificate,18877,0,18877,0.94385,18910,0,33,9653
B,TAB,C2,2,joint64_prior,20000,1.0,hypothetical_selected_chain_fixed_actions_not_new_certificate,18910,0,18910,0.9455,18910,0,0,9972
B,TAB,C2,2,joint64_prior,20000,1.1,hypothetical_selected_chain_fixed_actions_not_new_certificate,18956,0,18956,0.9478,18910,46,0,10284
B,TAB,C2,2,joint64_prior,20000,1.2,hypothetical_selected_chain_fixed_actions_not_new_certificate,18997,0,18997,0.94985,18910,87,0,10620
B,NARROW,C0,0,old_static,20000,0.8,hypothetical_selected_chain_fixed_actions_not_new_certificate,19286,0,19286,0.9643,19380,0,94,7643
B,NARROW,C0,0,old_static,20000,0.9,hypothetical_selected_chain_fixed_actions_not_new_certificate,19328,0,19328,0.9664,19380,0,52,8908
B,NARROW,C0,0,old_static,20000,1.0,hypothetical_selected_chain_fixed_actions_not_new_certificate,19380,0,19380,0.969,19380,0,0,10203
B,NARROW,C0,0,old_static,20000,1.1,hypothetical_selected_chain_fixed_actions_not_new_certificate,19427,0,19427,0.97135,19380,47,0,11391
B,NARROW,C0,0,old_static,20000,1.2,hypothetical_selected_chain_fixed_actions_not_new_certificate,19480,0,19480,0.974,19380,100,0,12625
B,NARROW,C0,0,old_delta,20000,0.8,hypothetical_selected_chain_fixed_actions_not_new_certificate,19286,0,19286,0.9643,19380,0,94,7643
B,NARROW,C0,0,old_delta,20000,0.9,hypothetical_selected_chain_fixed_actions_not_new_certificate,19328,0,19328,0.9664,19380,0,52,8908
B,NARROW,C0,0,old_delta,20000,1.0,hypothetical_selected_chain_fixed_actions_not_new_certificate,19380,0,19380,0.969,19380,0,0,10203
B,NARROW,C0,0,old_delta,20000,1.1,hypothetical_selected_chain_fixed_actions_not_new_certificate,19427,0,19427,0.97135,19380,47,0,11391
B,NARROW,C0,0,old_delta,20000,1.2,hypothetical_selected_chain_fixed_actions_not_new_certificate,19480,0,19480,0.974,19380,100,0,12625
B,NARROW,C0,0,expanded_static,20000,0.8,hypothetical_selected_chain_fixed_actions_not_new_certificate,18943,0,18943,0.94715,19110,0,167,7295
B,NARROW,C0,0,expanded_static,20000,0.9,hypothetical_selected_chain_fixed_actions_not_new_certificate,19031,0,19031,0.95155,19110,0,79,8746
B,NARROW,C0,0,expanded_static,20000,1.0,hypothetical_selected_chain_fixed_actions_not_new_certificate,19110,0,19110,0.9555,19110,0,0,10157
B,NARROW,C0,0,expanded_static,20000,1.1,hypothetical_selected_chain_fixed_actions_not_new_certificate,19214,0,19214,0.9607,19110,104,0,11572
B,NARROW,C0,0,expanded_static,20000,1.2,hypothetical_selected_chain_fixed_actions_not_new_certificate,19331,0,19331,0.96655,19110,221,0,12972
B,NARROW,C0,0,expanded_delta,20000,0.8,hypothetical_selected_chain_fixed_actions_not_new_certificate,18462,0,18462,0.9231,18742,0,280,7252
B,NARROW,C0,0,expanded_delta,20000,0.9,hypothetical_selected_chain_fixed_actions_not_new_certificate,18594,0,18594,0.9297,18742,0,148,8686
B,NARROW,C0,0,expanded_delta,20000,1.0,hypothetical_selected_chain_fixed_actions_not_new_certificate,18742,0,18742,0.9371,18742,0,0,10133
B,NARROW,C0,0,expanded_delta,20000,1.1,hypothetical_selected_chain_fixed_actions_not_new_certificate,18898,0,18898,0.9449,18742,156,0,11661
B,NARROW,C0,0,expanded_delta,20000,1.2,hypothetical_selected_chain_fixed_actions_not_new_certificate,19059,0,19059,0.95295,18742,317,0,13044
B,NARROW,C0,0,joint64,20000,0.8,hypothetical_selected_chain_fixed_actions_not_new_certificate,18405,0,18405,0.92025,18663,0,258,7544
B,NARROW,C0,0,joint64,20000,0.9,hypothetical_selected_chain_fixed_actions_not_new_certificate,18523,0,18523,0.92615,18663,0,140,8841
B,NARROW,C0,0,joint64,20000,1.0,hypothetical_selected_chain_fixed_actions_not_new_certificate,18663,0,18663,0.93315,18663,0,0,10195
B,NARROW,C0,0,joint64,20000,1.1,hypothetical_selected_chain_fixed_actions_not_new_certificate,18804,0,18804,0.9402,18663,141,0,11474
B,NARROW,C0,0,joint64,20000,1.2,hypothetical_selected_chain_fixed_actions_not_new_certificate,18976,0,18976,0.9488,18663,313,0,12785
B,NARROW,C0,0,rb16,20000,0.8,hypothetical_selected_chain_fixed_actions_not_new_certificate,18395,0,18395,0.91975,18664,0,269,7482
B,NARROW,C0,0,rb16,20000,0.9,hypothetical_selected_chain_fixed_actions_not_new_certificate,18522,0,18522,0.9261,18664,0,142,8799
B,NARROW,C0,0,rb16,20000,1.0,hypothetical_selected_chain_fixed_actions_not_new_certificate,18664,0,18664,0.9332,18664,0,0,10177
B,NARROW,C0,0,rb16,20000,1.1,hypothetical_selected_chain_fixed_actions_not_new_certificate,18805,0,18805,0.94025,18664,141,0,11494
B,NARROW,C0,0,rb16,20000,1.2,hypothetical_selected_chain_fixed_actions_not_new_certificate,18976,0,18976,0.9488,18664,312,0,12807
B,NARROW,C0,0,joint64_prior,20000,0.8,hypothetical_selected_chain_fixed_actions_not_new_certificate,18405,0,18405,0.92025,18663,0,258,7544
B,NARROW,C0,0,joint64_prior,20000,0.9,hypothetical_selected_chain_fixed_actions_not_new_certificate,18523,0,18523,0.92615,18663,0,140,8841
B,NARROW,C0,0,joint64_prior,20000,1.0,hypothetical_selected_chain_fixed_actions_not_new_certificate,18663,0,18663,0.93315,18663,0,0,10195
B,NARROW,C0,0,joint64_prior,20000,1.1,hypothetical_selected_chain_fixed_actions_not_new_certificate,18804,0,18804,0.9402,18663,141,0,11474
B,NARROW,C0,0,joint64_prior,20000,1.2,hypothetical_selected_chain_fixed_actions_not_new_certificate,18976,0,18976,0.9488,18663,313,0,12785
B,NARROW,C0,1,old_static,20000,0.8,hypothetical_selected_chain_fixed_actions_not_new_certificate,19272,0,19272,0.9636,19380,0,108,7536
B,NARROW,C0,1,old_static,20000,0.9,hypothetical_selected_chain_fixed_actions_not_new_certificate,19334,0,19334,0.9667,19380,0,46,8730
B,NARROW,C0,1,old_static,20000,1.0,hypothetical_selected_chain_fixed_actions_not_new_certificate,19380,0,19380,0.969,19380,0,0,10004
B,NARROW,C0,1,old_static,20000,1.1,hypothetical_selected_chain_fixed_actions_not_new_certificate,19436,0,19436,0.9718,19380,56,0,11261
B,NARROW,C0,1,old_static,20000,1.2,hypothetical_selected_chain_fixed_actions_not_new_certificate,19489,0,19489,0.97445,19380,109,0,12459
B,NARROW,C0,1,old_delta,20000,0.8,hypothetical_selected_chain_fixed_actions_not_new_certificate,19272,0,19272,0.9636,19380,0,108,7536
B,NARROW,C0,1,old_delta,20000,0.9,hypothetical_selected_chain_fixed_actions_not_new_certificate,19334,0,19334,0.9667,19380,0,46,8730
B,NARROW,C0,1,old_delta,20000,1.0,hypothetical_selected_chain_fixed_actions_not_new_certificate,19380,0,19380,0.969,19380,0,0,10004
B,NARROW,C0,1,old_delta,20000,1.1,hypothetical_selected_chain_fixed_actions_not_new_certificate,19436,0,19436,0.9718,19380,56,0,11261
B,NARROW,C0,1,old_delta,20000,1.2,hypothetical_selected_chain_fixed_actions_not_new_certificate,19489,0,19489,0.97445,19380,109,0,12459
B,NARROW,C0,1,expanded_static,20000,0.8,hypothetical_selected_chain_fixed_actions_not_new_certificate,18820,0,18820,0.941,19048,0,228,7096
B,NARROW,C0,1,expanded_static,20000,0.9,hypothetical_selected_chain_fixed_actions_not_new_certificate,18920,0,18920,0.946,19048,0,128,8495
B,NARROW,C0,1,expanded_static,20000,1.0,hypothetical_selected_chain_fixed_actions_not_new_certificate,19048,0,19048,0.9524,19048,0,0,9980
B,NARROW,C0,1,expanded_static,20000,1.1,hypothetical_selected_chain_fixed_actions_not_new_certificate,19165,0,19165,0.95825,19048,117,0,11445
B,NARROW,C0,1,expanded_static,20000,1.2,hypothetical_selected_chain_fixed_actions_not_new_certificate,19281,0,19281,0.96405,19048,233,0,12848
B,NARROW,C0,1,expanded_delta,20000,0.8,hypothetical_selected_chain_fixed_actions_not_new_certificate,18378,0,18378,0.9189,18694,0,316,7160
B,NARROW,C0,1,expanded_delta,20000,0.9,hypothetical_selected_chain_fixed_actions_not_new_certificate,18541,0,18541,0.92705,18694,0,153,8569
B,NARROW,C0,1,expanded_delta,20000,1.0,hypothetical_selected_chain_fixed_actions_not_new_certificate,18694,0,18694,0.9347,18694,0,0,9982
B,NARROW,C0,1,expanded_delta,20000,1.1,hypothetical_selected_chain_fixed_actions_not_new_certificate,18857,0,18857,0.94285,18694,163,0,11389
B,NARROW,C0,1,expanded_delta,20000,1.2,hypothetical_selected_chain_fixed_actions_not_new_certificate,19010,0,19010,0.9505,18694,316,0,12765
B,NARROW,C0,1,joint64,20000,0.8,hypothetical_selected_chain_fixed_actions_not_new_certificate,18344,0,18344,0.9172,18643,0,299,7465
B,NARROW,C0,1,joint64,20000,0.9,hypothetical_selected_chain_fixed_actions_not_new_certificate,18488,0,18488,0.9244,18643,0,155,8685
B,NARROW,C0,1,joint64,20000,1.0,hypothetical_selected_chain_fixed_actions_not_new_certificate,18643,0,18643,0.93215,18643,0,0,10021
B,NARROW,C0,1,joint64,20000,1.1,hypothetical_selected_chain_fixed_actions_not_new_certificate,18789,0,18789,0.93945,18643,146,0,11297
B,NARROW,C0,1,joint64,20000,1.2,hypothetical_selected_chain_fixed_actions_not_new_certificate,18939,0,18939,0.94695,18643,296,0,12586
B,NARROW,C0,1,rb16,20000,0.8,hypothetical_selected_chain_fixed_actions_not_new_certificate,18317,0,18317,0.91585,18627,0,310,7407
B,NARROW,C0,1,rb16,20000,0.9,hypothetical_selected_chain_fixed_actions_not_new_certificate,18470,0,18470,0.9235,18627,0,157,8663
B,NARROW,C0,1,rb16,20000,1.0,hypothetical_selected_chain_fixed_actions_not_new_certificate,18627,0,18627,0.93135,18627,0,0,10003
B,NARROW,C0,1,rb16,20000,1.1,hypothetical_selected_chain_fixed_actions_not_new_certificate,18771,0,18771,0.93855,18627,144,0,11313
B,NARROW,C0,1,rb16,20000,1.2,hypothetical_selected_chain_fixed_actions_not_new_certificate,18924,0,18924,0.9462,18627,297,0,12620
B,NARROW,C0,1,joint64_prior,20000,0.8,hypothetical_selected_chain_fixed_actions_not_new_certificate,18344,0,18344,0.9172,18643,0,299,7465
B,NARROW,C0,1,joint64_prior,20000,0.9,hypothetical_selected_chain_fixed_actions_not_new_certificate,18488,0,18488,0.9244,18643,0,155,8685
B,NARROW,C0,1,joint64_prior,20000,1.0,hypothetical_selected_chain_fixed_actions_not_new_certificate,18643,0,18643,0.93215,18643,0,0,10021
B,NARROW,C0,1,joint64_prior,20000,1.1,hypothetical_selected_chain_fixed_actions_not_new_certificate,18789,0,18789,0.93945,18643,146,0,11297
B,NARROW,C0,1,joint64_prior,20000,1.2,hypothetical_selected_chain_fixed_actions_not_new_certificate,18939,0,18939,0.94695,18643,296,0,12586
B,NARROW,C0,2,old_static,20000,0.8,hypothetical_selected_chain_fixed_actions_not_new_certificate,19267,0,19267,0.96335,19365,0,98,7630
B,NARROW,C0,2,old_static,20000,0.9,hypothetical_selected_chain_fixed_actions_not_new_certificate,19316,0,19316,0.9658,19365,0,49,8871
B,NARROW,C0,2,old_static,20000,1.0,hypothetical_selected_chain_fixed_actions_not_new_certificate,19365,0,19365,0.96825,19365,0,0,10064
B,NARROW,C0,2,old_static,20000,1.1,hypothetical_selected_chain_fixed_actions_not_new_certificate,19422,0,19422,0.9711,19365,57,0,11317
B,NARROW,C0,2,old_static,20000,1.2,hypothetical_selected_chain_fixed_actions_not_new_certificate,19470,0,19470,0.9735,19365,105,0,12552
B,NARROW,C0,2,old_delta,20000,0.8,hypothetical_selected_chain_fixed_actions_not_new_certificate,19267,0,19267,0.96335,19365,0,98,7630
B,NARROW,C0,2,old_delta,20000,0.9,hypothetical_selected_chain_fixed_actions_not_new_certificate,19316,0,19316,0.9658,19365,0,49,8871
B,NARROW,C0,2,old_delta,20000,1.0,hypothetical_selected_chain_fixed_actions_not_new_certificate,19365,0,19365,0.96825,19365,0,0,10064
B,NARROW,C0,2,old_delta,20000,1.1,hypothetical_selected_chain_fixed_actions_not_new_certificate,19422,0,19422,0.9711,19365,57,0,11317
B,NARROW,C0,2,old_delta,20000,1.2,hypothetical_selected_chain_fixed_actions_not_new_certificate,19470,0,19470,0.9735,19365,105,0,12552
B,NARROW,C0,2,expanded_static,20000,0.8,hypothetical_selected_chain_fixed_actions_not_new_certificate,18859,0,18859,0.94295,19064,0,205,7190
B,NARROW,C0,2,expanded_static,20000,0.9,hypothetical_selected_chain_fixed_actions_not_new_certificate,18956,0,18956,0.9478,19064,0,108,8609
B,NARROW,C0,2,expanded_static,20000,1.0,hypothetical_selected_chain_fixed_actions_not_new_certificate,19064,0,19064,0.9532,19064,0,0,10142
B,NARROW,C0,2,expanded_static,20000,1.1,hypothetical_selected_chain_fixed_actions_not_new_certificate,19178,0,19178,0.9589,19064,114,0,11623
B,NARROW,C0,2,expanded_static,20000,1.2,hypothetical_selected_chain_fixed_actions_not_new_certificate,19283,0,19283,0.96415,19064,219,0,13002
B,NARROW,C0,2,expanded_delta,20000,0.8,hypothetical_selected_chain_fixed_actions_not_new_certificate,18433,0,18433,0.92165,18706,0,273,7279
B,NARROW,C0,2,expanded_delta,20000,0.9,hypothetical_selected_chain_fixed_actions_not_new_certificate,18562,0,18562,0.9281,18706,0,144,8647
B,NARROW,C0,2,expanded_delta,20000,1.0,hypothetical_selected_chain_fixed_actions_not_new_certificate,18706,0,18706,0.9353,18706,0,0,10138
B,NARROW,C0,2,expanded_delta,20000,1.1,hypothetical_selected_chain_fixed_actions_not_new_certificate,18864,0,18864,0.9432,18706,158,0,11583
B,NARROW,C0,2,expanded_delta,20000,1.2,hypothetical_selected_chain_fixed_actions_not_new_certificate,19005,0,19005,0.95025,18706,299,0,12935
B,NARROW,C0,2,joint64,20000,0.8,hypothetical_selected_chain_fixed_actions_not_new_certificate,18368,0,18368,0.9184,18626,0,258,7535
B,NARROW,C0,2,joint64,20000,0.9,hypothetical_selected_chain_fixed_actions_not_new_certificate,18496,0,18496,0.9248,18626,0,130,8836
B,NARROW,C0,2,joint64,20000,1.0,hypothetical_selected_chain_fixed_actions_not_new_certificate,18626,0,18626,0.9313,18626,0,0,10078
B,NARROW,C0,2,joint64,20000,1.1,hypothetical_selected_chain_fixed_actions_not_new_certificate,18777,0,18777,0.93885,18626,151,0,11397
B,NARROW,C0,2,joint64,20000,1.2,hypothetical_selected_chain_fixed_actions_not_new_certificate,18923,0,18923,0.94615,18626,297,0,12696
B,NARROW,C0,2,rb16,20000,0.8,hypothetical_selected_chain_fixed_actions_not_new_certificate,18354,0,18354,0.9177,18609,0,255,7493
B,NARROW,C0,2,rb16,20000,0.9,hypothetical_selected_chain_fixed_actions_not_new_certificate,18480,0,18480,0.924,18609,0,129,8802
B,NARROW,C0,2,rb16,20000,1.0,hypothetical_selected_chain_fixed_actions_not_new_certificate,18609,0,18609,0.93045,18609,0,0,10077
B,NARROW,C0,2,rb16,20000,1.1,hypothetical_selected_chain_fixed_actions_not_new_certificate,18771,0,18771,0.93855,18609,162,0,11420
B,NARROW,C0,2,rb16,20000,1.2,hypothetical_selected_chain_fixed_actions_not_new_certificate,18915,0,18915,0.94575,18609,306,0,12715
B,NARROW,C0,2,joint64_prior,20000,0.8,hypothetical_selected_chain_fixed_actions_not_new_certificate,18368,0,18368,0.9184,18626,0,258,7535
B,NARROW,C0,2,joint64_prior,20000,0.9,hypothetical_selected_chain_fixed_actions_not_new_certificate,18496,0,18496,0.9248,18626,0,130,8836
B,NARROW,C0,2,joint64_prior,20000,1.0,hypothetical_selected_chain_fixed_actions_not_new_certificate,18626,0,18626,0.9313,18626,0,0,10078
B,NARROW,C0,2,joint64_prior,20000,1.1,hypothetical_selected_chain_fixed_actions_not_new_certificate,18777,0,18777,0.93885,18626,151,0,11397
B,NARROW,C0,2,joint64_prior,20000,1.2,hypothetical_selected_chain_fixed_actions_not_new_certificate,18923,0,18923,0.94615,18626,297,0,12696
B,NARROW,C1,0,old_static,20000,0.8,hypothetical_selected_chain_fixed_actions_not_new_certificate,19170,0,19170,0.9585,19303,0,133,7408
B,NARROW,C1,0,old_static,20000,0.9,hypothetical_selected_chain_fixed_actions_not_new_certificate,19234,0,19234,0.9617,19303,0,69,8642
B,NARROW,C1,0,old_static,20000,1.0,hypothetical_selected_chain_fixed_actions_not_new_certificate,19303,0,19303,0.96515,19303,0,0,9867
B,NARROW,C1,0,old_static,20000,1.1,hypothetical_selected_chain_fixed_actions_not_new_certificate,19382,0,19382,0.9691,19303,79,0,11141
B,NARROW,C1,0,old_static,20000,1.2,hypothetical_selected_chain_fixed_actions_not_new_certificate,19455,0,19455,0.97275,19303,152,0,12435
B,NARROW,C1,0,old_delta,20000,0.8,hypothetical_selected_chain_fixed_actions_not_new_certificate,19170,0,19170,0.9585,19303,0,133,7408
B,NARROW,C1,0,old_delta,20000,0.9,hypothetical_selected_chain_fixed_actions_not_new_certificate,19234,0,19234,0.9617,19303,0,69,8642
B,NARROW,C1,0,old_delta,20000,1.0,hypothetical_selected_chain_fixed_actions_not_new_certificate,19303,0,19303,0.96515,19303,0,0,9867
B,NARROW,C1,0,old_delta,20000,1.1,hypothetical_selected_chain_fixed_actions_not_new_certificate,19382,0,19382,0.9691,19303,79,0,11141
B,NARROW,C1,0,old_delta,20000,1.2,hypothetical_selected_chain_fixed_actions_not_new_certificate,19455,0,19455,0.97275,19303,152,0,12435
B,NARROW,C1,0,expanded_static,20000,0.8,hypothetical_selected_chain_fixed_actions_not_new_certificate,18768,0,18768,0.9384,18973,0,205,7147
B,NARROW,C1,0,expanded_static,20000,0.9,hypothetical_selected_chain_fixed_actions_not_new_certificate,18868,0,18868,0.9434,18973,0,105,8454
B,NARROW,C1,0,expanded_static,20000,1.0,hypothetical_selected_chain_fixed_actions_not_new_certificate,18973,0,18973,0.94865,18973,0,0,9867
B,NARROW,C1,0,expanded_static,20000,1.1,hypothetical_selected_chain_fixed_actions_not_new_certificate,19104,0,19104,0.9552,18973,131,0,11331
B,NARROW,C1,0,expanded_static,20000,1.2,hypothetical_selected_chain_fixed_actions_not_new_certificate,19235,0,19235,0.96175,18973,262,0,12690
B,NARROW,C1,0,expanded_delta,20000,0.8,hypothetical_selected_chain_fixed_actions_not_new_certificate,18212,0,18212,0.9106,18527,0,315,7052
B,NARROW,C1,0,expanded_delta,20000,0.9,hypothetical_selected_chain_fixed_actions_not_new_certificate,18356,0,18356,0.9178,18527,0,171,8388
B,NARROW,C1,0,expanded_delta,20000,1.0,hypothetical_selected_chain_fixed_actions_not_new_certificate,18527,0,18527,0.92635,18527,0,0,9838
B,NARROW,C1,0,expanded_delta,20000,1.1,hypothetical_selected_chain_fixed_actions_not_new_certificate,18764,0,18764,0.9382,18527,237,0,11337
B,NARROW,C1,0,expanded_delta,20000,1.2,hypothetical_selected_chain_fixed_actions_not_new_certificate,18937,0,18937,0.94685,18527,410,0,12775
B,NARROW,C1,0,joint64,20000,0.8,hypothetical_selected_chain_fixed_actions_not_new_certificate,18164,0,18164,0.9082,18481,0,317,7305
B,NARROW,C1,0,joint64,20000,0.9,hypothetical_selected_chain_fixed_actions_not_new_certificate,18313,0,18313,0.91565,18481,0,168,8584
B,NARROW,C1,0,joint64,20000,1.0,hypothetical_selected_chain_fixed_actions_not_new_certificate,18481,0,18481,0.92405,18481,0,0,9862
B,NARROW,C1,0,joint64,20000,1.1,hypothetical_selected_chain_fixed_actions_not_new_certificate,18698,0,18698,0.9349,18481,217,0,11204
B,NARROW,C1,0,joint64,20000,1.2,hypothetical_selected_chain_fixed_actions_not_new_certificate,18875,0,18875,0.94375,18481,394,0,12528
B,NARROW,C1,0,rb16,20000,0.8,hypothetical_selected_chain_fixed_actions_not_new_certificate,18128,0,18128,0.9064,18449,0,321,7265
B,NARROW,C1,0,rb16,20000,0.9,hypothetical_selected_chain_fixed_actions_not_new_certificate,18278,0,18278,0.9139,18449,0,171,8555
B,NARROW,C1,0,rb16,20000,1.0,hypothetical_selected_chain_fixed_actions_not_new_certificate,18449,0,18449,0.92245,18449,0,0,9855
B,NARROW,C1,0,rb16,20000,1.1,hypothetical_selected_chain_fixed_actions_not_new_certificate,18669,0,18669,0.93345,18449,220,0,11221
B,NARROW,C1,0,rb16,20000,1.2,hypothetical_selected_chain_fixed_actions_not_new_certificate,18852,0,18852,0.9426,18449,403,0,12562
B,NARROW,C1,0,joint64_prior,20000,0.8,hypothetical_selected_chain_fixed_actions_not_new_certificate,18164,0,18164,0.9082,18481,0,317,7305
B,NARROW,C1,0,joint64_prior,20000,0.9,hypothetical_selected_chain_fixed_actions_not_new_certificate,18313,0,18313,0.91565,18481,0,168,8584
B,NARROW,C1,0,joint64_prior,20000,1.0,hypothetical_selected_chain_fixed_actions_not_new_certificate,18481,0,18481,0.92405,18481,0,0,9862
B,NARROW,C1,0,joint64_prior,20000,1.1,hypothetical_selected_chain_fixed_actions_not_new_certificate,18698,0,18698,0.9349,18481,217,0,11204
B,NARROW,C1,0,joint64_prior,20000,1.2,hypothetical_selected_chain_fixed_actions_not_new_certificate,18875,0,18875,0.94375,18481,394,0,12528
B,NARROW,C1,1,old_static,20000,0.8,hypothetical_selected_chain_fixed_actions_not_new_certificate,19094,0,19094,0.9547,19243,0,149,7530
B,NARROW,C1,1,old_static,20000,0.9,hypothetical_selected_chain_fixed_actions_not_new_certificate,19158,0,19158,0.9579,19243,0,85,8735
B,NARROW,C1,1,old_static,20000,1.0,hypothetical_selected_chain_fixed_actions_not_new_certificate,19243,0,19243,0.96215,19243,0,0,9938
B,NARROW,C1,1,old_static,20000,1.1,hypothetical_selected_chain_fixed_actions_not_new_certificate,19318,0,19318,0.9659,19243,75,0,11220
B,NARROW,C1,1,old_static,20000,1.2,hypothetical_selected_chain_fixed_actions_not_new_certificate,19388,0,19388,0.9694,19243,145,0,12409
B,NARROW,C1,1,old_delta,20000,0.8,hypothetical_selected_chain_fixed_actions_not_new_certificate,19094,0,19094,0.9547,19243,0,149,7530
B,NARROW,C1,1,old_delta,20000,0.9,hypothetical_selected_chain_fixed_actions_not_new_certificate,19158,0,19158,0.9579,19243,0,85,8735
B,NARROW,C1,1,old_delta,20000,1.0,hypothetical_selected_chain_fixed_actions_not_new_certificate,19243,0,19243,0.96215,19243,0,0,9938
B,NARROW,C1,1,old_delta,20000,1.1,hypothetical_selected_chain_fixed_actions_not_new_certificate,19318,0,19318,0.9659,19243,75,0,11220
B,NARROW,C1,1,old_delta,20000,1.2,hypothetical_selected_chain_fixed_actions_not_new_certificate,19388,0,19388,0.9694,19243,145,0,12409
B,NARROW,C1,1,expanded_static,20000,0.8,hypothetical_selected_chain_fixed_actions_not_new_certificate,18677,0,18677,0.93385,18949,0,272,6862
B,NARROW,C1,1,expanded_static,20000,0.9,hypothetical_selected_chain_fixed_actions_not_new_certificate,18815,0,18815,0.94075,18949,0,134,8397
B,NARROW,C1,1,expanded_static,20000,1.0,hypothetical_selected_chain_fixed_actions_not_new_certificate,18949,0,18949,0.94745,18949,0,0,9944
B,NARROW,C1,1,expanded_static,20000,1.1,hypothetical_selected_chain_fixed_actions_not_new_certificate,19074,0,19074,0.9537,18949,125,0,11512
B,NARROW,C1,1,expanded_static,20000,1.2,hypothetical_selected_chain_fixed_actions_not_new_certificate,19240,0,19240,0.962,18949,291,0,13038
B,NARROW,C1,1,expanded_delta,20000,0.8,hypothetical_selected_chain_fixed_actions_not_new_certificate,18206,0,18206,0.9103,18555,0,349,7084
B,NARROW,C1,1,expanded_delta,20000,0.9,hypothetical_selected_chain_fixed_actions_not_new_certificate,18379,0,18379,0.91895,18555,0,176,8488
B,NARROW,C1,1,expanded_delta,20000,1.0,hypothetical_selected_chain_fixed_actions_not_new_certificate,18555,0,18555,0.92775,18555,0,0,9959
B,NARROW,C1,1,expanded_delta,20000,1.1,hypothetical_selected_chain_fixed_actions_not_new_certificate,18728,0,18728,0.9364,18555,173,0,11389
B,NARROW,C1,1,expanded_delta,20000,1.2,hypothetical_selected_chain_fixed_actions_not_new_certificate,18928,0,18928,0.9464,18555,373,0,12848
B,NARROW,C1,1,joint64,20000,0.8,hypothetical_selected_chain_fixed_actions_not_new_certificate,18123,0,18123,0.90615,18454,0,331,7384
B,NARROW,C1,1,joint64,20000,0.9,hypothetical_selected_chain_fixed_actions_not_new_certificate,18288,0,18288,0.9144,18454,0,166,8674
B,NARROW,C1,1,joint64,20000,1.0,hypothetical_selected_chain_fixed_actions_not_new_certificate,18454,0,18454,0.9227,18454,0,0,9959
B,NARROW,C1,1,joint64,20000,1.1,hypothetical_selected_chain_fixed_actions_not_new_certificate,18640,0,18640,0.932,18454,186,0,11286
B,NARROW,C1,1,joint64,20000,1.2,hypothetical_selected_chain_fixed_actions_not_new_certificate,18848,0,18848,0.9424,18454,394,0,12557
B,NARROW,C1,1,rb16,20000,0.8,hypothetical_selected_chain_fixed_actions_not_new_certificate,18109,0,18109,0.90545,18449,0,340,7333
B,NARROW,C1,1,rb16,20000,0.9,hypothetical_selected_chain_fixed_actions_not_new_certificate,18275,0,18275,0.91375,18449,0,174,8650
B,NARROW,C1,1,rb16,20000,1.0,hypothetical_selected_chain_fixed_actions_not_new_certificate,18449,0,18449,0.92245,18449,0,0,9977
B,NARROW,C1,1,rb16,20000,1.1,hypothetical_selected_chain_fixed_actions_not_new_certificate,18631,0,18631,0.93155,18449,182,0,11306
B,NARROW,C1,1,rb16,20000,1.2,hypothetical_selected_chain_fixed_actions_not_new_certificate,18835,0,18835,0.94175,18449,386,0,12580
B,NARROW,C1,1,joint64_prior,20000,0.8,hypothetical_selected_chain_fixed_actions_not_new_certificate,18123,0,18123,0.90615,18454,0,331,7384
B,NARROW,C1,1,joint64_prior,20000,0.9,hypothetical_selected_chain_fixed_actions_not_new_certificate,18288,0,18288,0.9144,18454,0,166,8674
B,NARROW,C1,1,joint64_prior,20000,1.0,hypothetical_selected_chain_fixed_actions_not_new_certificate,18454,0,18454,0.9227,18454,0,0,9959
B,NARROW,C1,1,joint64_prior,20000,1.1,hypothetical_selected_chain_fixed_actions_not_new_certificate,18640,0,18640,0.932,18454,186,0,11286
B,NARROW,C1,1,joint64_prior,20000,1.2,hypothetical_selected_chain_fixed_actions_not_new_certificate,18848,0,18848,0.9424,18454,394,0,12557
B,NARROW,C1,2,old_static,20000,0.8,hypothetical_selected_chain_fixed_actions_not_new_certificate,19193,0,19193,0.95965,19310,0,117,7426
B,NARROW,C1,2,old_static,20000,0.9,hypothetical_selected_chain_fixed_actions_not_new_certificate,19239,0,19239,0.96195,19310,0,71,8681
B,NARROW,C1,2,old_static,20000,1.0,hypothetical_selected_chain_fixed_actions_not_new_certificate,19310,0,19310,0.9655,19310,0,0,9961
B,NARROW,C1,2,old_static,20000,1.1,hypothetical_selected_chain_fixed_actions_not_new_certificate,19391,0,19391,0.96955,19310,81,0,11228
B,NARROW,C1,2,old_static,20000,1.2,hypothetical_selected_chain_fixed_actions_not_new_certificate,19468,0,19468,0.9734,19310,158,0,12450
B,NARROW,C1,2,old_delta,20000,0.8,hypothetical_selected_chain_fixed_actions_not_new_certificate,19193,0,19193,0.95965,19310,0,117,7426
B,NARROW,C1,2,old_delta,20000,0.9,hypothetical_selected_chain_fixed_actions_not_new_certificate,19239,0,19239,0.96195,19310,0,71,8681
B,NARROW,C1,2,old_delta,20000,1.0,hypothetical_selected_chain_fixed_actions_not_new_certificate,19310,0,19310,0.9655,19310,0,0,9961
B,NARROW,C1,2,old_delta,20000,1.1,hypothetical_selected_chain_fixed_actions_not_new_certificate,19391,0,19391,0.96955,19310,81,0,11228
B,NARROW,C1,2,old_delta,20000,1.2,hypothetical_selected_chain_fixed_actions_not_new_certificate,19468,0,19468,0.9734,19310,158,0,12450
B,NARROW,C1,2,expanded_static,20000,0.8,hypothetical_selected_chain_fixed_actions_not_new_certificate,18687,0,18687,0.93435,18971,0,284,6821
B,NARROW,C1,2,expanded_static,20000,0.9,hypothetical_selected_chain_fixed_actions_not_new_certificate,18820,0,18820,0.941,18971,0,151,8352
B,NARROW,C1,2,expanded_static,20000,1.0,hypothetical_selected_chain_fixed_actions_not_new_certificate,18971,0,18971,0.94855,18971,0,0,9967
B,NARROW,C1,2,expanded_static,20000,1.1,hypothetical_selected_chain_fixed_actions_not_new_certificate,19118,0,19118,0.9559,18971,147,0,11500
B,NARROW,C1,2,expanded_static,20000,1.2,hypothetical_selected_chain_fixed_actions_not_new_certificate,19263,0,19263,0.96315,18971,292,0,13053
B,NARROW,C1,2,expanded_delta,20000,0.8,hypothetical_selected_chain_fixed_actions_not_new_certificate,18218,0,18218,0.9109,18567,0,349,7014
B,NARROW,C1,2,expanded_delta,20000,0.9,hypothetical_selected_chain_fixed_actions_not_new_certificate,18371,0,18371,0.91855,18567,0,196,8486
B,NARROW,C1,2,expanded_delta,20000,1.0,hypothetical_selected_chain_fixed_actions_not_new_certificate,18567,0,18567,0.92835,18567,0,0,9962
B,NARROW,C1,2,expanded_delta,20000,1.1,hypothetical_selected_chain_fixed_actions_not_new_certificate,18748,0,18748,0.9374,18567,181,0,11337
B,NARROW,C1,2,expanded_delta,20000,1.2,hypothetical_selected_chain_fixed_actions_not_new_certificate,18955,0,18955,0.94775,18567,388,0,12806
B,NARROW,C1,2,joint64,20000,0.8,hypothetical_selected_chain_fixed_actions_not_new_certificate,18165,0,18165,0.90825,18488,0,323,7321
B,NARROW,C1,2,joint64,20000,0.9,hypothetical_selected_chain_fixed_actions_not_new_certificate,18308,0,18308,0.9154,18488,0,180,8670
B,NARROW,C1,2,joint64,20000,1.0,hypothetical_selected_chain_fixed_actions_not_new_certificate,18488,0,18488,0.9244,18488,0,0,9966
B,NARROW,C1,2,joint64,20000,1.1,hypothetical_selected_chain_fixed_actions_not_new_certificate,18674,0,18674,0.9337,18488,186,0,11277
B,NARROW,C1,2,joint64,20000,1.2,hypothetical_selected_chain_fixed_actions_not_new_certificate,18885,0,18885,0.94425,18488,397,0,12599
B,NARROW,C1,2,rb16,20000,0.8,hypothetical_selected_chain_fixed_actions_not_new_certificate,18140,0,18140,0.907,18482,0,342,7242
B,NARROW,C1,2,rb16,20000,0.9,hypothetical_selected_chain_fixed_actions_not_new_certificate,18285,0,18285,0.91425,18482,0,197,8618
B,NARROW,C1,2,rb16,20000,1.0,hypothetical_selected_chain_fixed_actions_not_new_certificate,18482,0,18482,0.9241,18482,0,0,9963
B,NARROW,C1,2,rb16,20000,1.1,hypothetical_selected_chain_fixed_actions_not_new_certificate,18662,0,18662,0.9331,18482,180,0,11280
B,NARROW,C1,2,rb16,20000,1.2,hypothetical_selected_chain_fixed_actions_not_new_certificate,18874,0,18874,0.9437,18482,392,0,12618
B,NARROW,C1,2,joint64_prior,20000,0.8,hypothetical_selected_chain_fixed_actions_not_new_certificate,18165,0,18165,0.90825,18488,0,323,7321
B,NARROW,C1,2,joint64_prior,20000,0.9,hypothetical_selected_chain_fixed_actions_not_new_certificate,18308,0,18308,0.9154,18488,0,180,8670
B,NARROW,C1,2,joint64_prior,20000,1.0,hypothetical_selected_chain_fixed_actions_not_new_certificate,18488,0,18488,0.9244,18488,0,0,9966
B,NARROW,C1,2,joint64_prior,20000,1.1,hypothetical_selected_chain_fixed_actions_not_new_certificate,18674,0,18674,0.9337,18488,186,0,11277
B,NARROW,C1,2,joint64_prior,20000,1.2,hypothetical_selected_chain_fixed_actions_not_new_certificate,18885,0,18885,0.94425,18488,397,0,12599
B,NARROW,C2,0,old_static,20000,0.8,hypothetical_selected_chain_fixed_actions_not_new_certificate,19408,0,19408,0.9704,19537,0,129,7582
B,NARROW,C2,0,old_static,20000,0.9,hypothetical_selected_chain_fixed_actions_not_new_certificate,19479,0,19479,0.97395,19537,0,58,8793
B,NARROW,C2,0,old_static,20000,1.0,hypothetical_selected_chain_fixed_actions_not_new_certificate,19537,0,19537,0.97685,19537,0,0,9985
B,NARROW,C2,0,old_static,20000,1.1,hypothetical_selected_chain_fixed_actions_not_new_certificate,19609,0,19609,0.98045,19537,72,0,11267
B,NARROW,C2,0,old_static,20000,1.2,hypothetical_selected_chain_fixed_actions_not_new_certificate,19673,0,19673,0.98365,19537,136,0,12482
B,NARROW,C2,0,old_delta,20000,0.8,hypothetical_selected_chain_fixed_actions_not_new_certificate,19408,0,19408,0.9704,19537,0,129,7582
B,NARROW,C2,0,old_delta,20000,0.9,hypothetical_selected_chain_fixed_actions_not_new_certificate,19479,0,19479,0.97395,19537,0,58,8793
B,NARROW,C2,0,old_delta,20000,1.0,hypothetical_selected_chain_fixed_actions_not_new_certificate,19537,0,19537,0.97685,19537,0,0,9985
B,NARROW,C2,0,old_delta,20000,1.1,hypothetical_selected_chain_fixed_actions_not_new_certificate,19609,0,19609,0.98045,19537,72,0,11267
B,NARROW,C2,0,old_delta,20000,1.2,hypothetical_selected_chain_fixed_actions_not_new_certificate,19673,0,19673,0.98365,19537,136,0,12482
B,NARROW,C2,0,expanded_static,20000,0.8,hypothetical_selected_chain_fixed_actions_not_new_certificate,18946,0,18946,0.9473,19231,0,285,6982
B,NARROW,C2,0,expanded_static,20000,0.9,hypothetical_selected_chain_fixed_actions_not_new_certificate,19096,0,19096,0.9548,19231,0,135,8451
B,NARROW,C2,0,expanded_static,20000,1.0,hypothetical_selected_chain_fixed_actions_not_new_certificate,19231,0,19231,0.96155,19231,0,0,9999
B,NARROW,C2,0,expanded_static,20000,1.1,hypothetical_selected_chain_fixed_actions_not_new_certificate,19383,0,19383,0.96915,19231,152,0,11560
B,NARROW,C2,0,expanded_static,20000,1.2,hypothetical_selected_chain_fixed_actions_not_new_certificate,19518,0,19518,0.9759,19231,287,0,13043
B,NARROW,C2,0,expanded_delta,20000,0.8,hypothetical_selected_chain_fixed_actions_not_new_certificate,18608,0,18608,0.9304,18986,0,378,7229
B,NARROW,C2,0,expanded_delta,20000,0.9,hypothetical_selected_chain_fixed_actions_not_new_certificate,18797,0,18797,0.93985,18986,0,189,8585
B,NARROW,C2,0,expanded_delta,20000,1.0,hypothetical_selected_chain_fixed_actions_not_new_certificate,18986,0,18986,0.9493,18986,0,0,10009
B,NARROW,C2,0,expanded_delta,20000,1.1,hypothetical_selected_chain_fixed_actions_not_new_certificate,19159,0,19159,0.95795,18986,173,0,11506
B,NARROW,C2,0,expanded_delta,20000,1.2,hypothetical_selected_chain_fixed_actions_not_new_certificate,19331,0,19331,0.96655,18986,345,0,12909
B,NARROW,C2,0,joint64,20000,0.8,hypothetical_selected_chain_fixed_actions_not_new_certificate,18572,0,18572,0.9286,18921,0,349,7422
B,NARROW,C2,0,joint64,20000,0.9,hypothetical_selected_chain_fixed_actions_not_new_certificate,18744,0,18744,0.9372,18921,0,177,8685
B,NARROW,C2,0,joint64,20000,1.0,hypothetical_selected_chain_fixed_actions_not_new_certificate,18921,0,18921,0.94605,18921,0,0,9979
B,NARROW,C2,0,joint64,20000,1.1,hypothetical_selected_chain_fixed_actions_not_new_certificate,19097,0,19097,0.95485,18921,176,0,11315
B,NARROW,C2,0,joint64,20000,1.2,hypothetical_selected_chain_fixed_actions_not_new_certificate,19281,0,19281,0.96405,18921,360,0,12598
B,NARROW,C2,0,rb16,20000,0.8,hypothetical_selected_chain_fixed_actions_not_new_certificate,18543,0,18543,0.92715,18918,0,375,7350
B,NARROW,C2,0,rb16,20000,0.9,hypothetical_selected_chain_fixed_actions_not_new_certificate,18731,0,18731,0.93655,18918,0,187,8639
B,NARROW,C2,0,rb16,20000,1.0,hypothetical_selected_chain_fixed_actions_not_new_certificate,18918,0,18918,0.9459,18918,0,0,9963
B,NARROW,C2,0,rb16,20000,1.1,hypothetical_selected_chain_fixed_actions_not_new_certificate,19092,0,19092,0.9546,18918,174,0,11328
B,NARROW,C2,0,rb16,20000,1.2,hypothetical_selected_chain_fixed_actions_not_new_certificate,19279,0,19279,0.96395,18918,361,0,12635
B,NARROW,C2,0,joint64_prior,20000,0.8,hypothetical_selected_chain_fixed_actions_not_new_certificate,18562,0,18562,0.9281,18924,0,362,7416
B,NARROW,C2,0,joint64_prior,20000,0.9,hypothetical_selected_chain_fixed_actions_not_new_certificate,18738,0,18738,0.9369,18924,0,186,8667
B,NARROW,C2,0,joint64_prior,20000,1.0,hypothetical_selected_chain_fixed_actions_not_new_certificate,18924,0,18924,0.9462,18924,0,0,9986
B,NARROW,C2,0,joint64_prior,20000,1.1,hypothetical_selected_chain_fixed_actions_not_new_certificate,19099,0,19099,0.95495,18924,175,0,11315
B,NARROW,C2,0,joint64_prior,20000,1.2,hypothetical_selected_chain_fixed_actions_not_new_certificate,19276,0,19276,0.9638,18924,352,0,12594
B,NARROW,C2,1,old_static,20000,0.8,hypothetical_selected_chain_fixed_actions_not_new_certificate,19400,0,19400,0.97,19543,0,143,7471
B,NARROW,C2,1,old_static,20000,0.9,hypothetical_selected_chain_fixed_actions_not_new_certificate,19460,0,19460,0.973,19543,0,83,8668
B,NARROW,C2,1,old_static,20000,1.0,hypothetical_selected_chain_fixed_actions_not_new_certificate,19543,0,19543,0.97715,19543,0,0,9885
B,NARROW,C2,1,old_static,20000,1.1,hypothetical_selected_chain_fixed_actions_not_new_certificate,19617,0,19617,0.98085,19543,74,0,11092
B,NARROW,C2,1,old_static,20000,1.2,hypothetical_selected_chain_fixed_actions_not_new_certificate,19677,0,19677,0.98385,19543,134,0,12318
B,NARROW,C2,1,old_delta,20000,0.8,hypothetical_selected_chain_fixed_actions_not_new_certificate,19400,0,19400,0.97,19543,0,143,7471
B,NARROW,C2,1,old_delta,20000,0.9,hypothetical_selected_chain_fixed_actions_not_new_certificate,19460,0,19460,0.973,19543,0,83,8668
B,NARROW,C2,1,old_delta,20000,1.0,hypothetical_selected_chain_fixed_actions_not_new_certificate,19543,0,19543,0.97715,19543,0,0,9885
B,NARROW,C2,1,old_delta,20000,1.1,hypothetical_selected_chain_fixed_actions_not_new_certificate,19617,0,19617,0.98085,19543,74,0,11092
B,NARROW,C2,1,old_delta,20000,1.2,hypothetical_selected_chain_fixed_actions_not_new_certificate,19677,0,19677,0.98385,19543,134,0,12318
B,NARROW,C2,1,expanded_static,20000,0.8,hypothetical_selected_chain_fixed_actions_not_new_certificate,18989,0,18989,0.94945,19296,0,307,6862
B,NARROW,C2,1,expanded_static,20000,0.9,hypothetical_selected_chain_fixed_actions_not_new_certificate,19149,0,19149,0.95745,19296,0,147,8353
B,NARROW,C2,1,expanded_static,20000,1.0,hypothetical_selected_chain_fixed_actions_not_new_certificate,19296,0,19296,0.9648,19296,0,0,9875
B,NARROW,C2,1,expanded_static,20000,1.1,hypothetical_selected_chain_fixed_actions_not_new_certificate,19413,0,19413,0.97065,19296,117,0,11438
B,NARROW,C2,1,expanded_static,20000,1.2,hypothetical_selected_chain_fixed_actions_not_new_certificate,19529,0,19529,0.97645,19296,233,0,12945
B,NARROW,C2,1,expanded_delta,20000,0.8,hypothetical_selected_chain_fixed_actions_not_new_certificate,18623,0,18623,0.93115,19021,0,398,7108
B,NARROW,C2,1,expanded_delta,20000,0.9,hypothetical_selected_chain_fixed_actions_not_new_certificate,18813,0,18813,0.94065,19021,0,208,8450
B,NARROW,C2,1,expanded_delta,20000,1.0,hypothetical_selected_chain_fixed_actions_not_new_certificate,19021,0,19021,0.95105,19021,0,0,9899
B,NARROW,C2,1,expanded_delta,20000,1.1,hypothetical_selected_chain_fixed_actions_not_new_certificate,19192,0,19192,0.9596,19021,171,0,11382
B,NARROW,C2,1,expanded_delta,20000,1.2,hypothetical_selected_chain_fixed_actions_not_new_certificate,19337,0,19337,0.96685,19021,316,0,12767
B,NARROW,C2,1,joint64,20000,0.8,hypothetical_selected_chain_fixed_actions_not_new_certificate,18593,0,18593,0.92965,18979,0,386,7355
B,NARROW,C2,1,joint64,20000,0.9,hypothetical_selected_chain_fixed_actions_not_new_certificate,18766,0,18766,0.9383,18979,0,213,8599
B,NARROW,C2,1,joint64,20000,1.0,hypothetical_selected_chain_fixed_actions_not_new_certificate,18979,0,18979,0.94895,18979,0,0,9891
B,NARROW,C2,1,joint64,20000,1.1,hypothetical_selected_chain_fixed_actions_not_new_certificate,19139,0,19139,0.95695,18979,160,0,11168
B,NARROW,C2,1,joint64,20000,1.2,hypothetical_selected_chain_fixed_actions_not_new_certificate,19292,0,19292,0.9646,18979,313,0,12425
B,NARROW,C2,1,rb16,20000,0.8,hypothetical_selected_chain_fixed_actions_not_new_certificate,18560,0,18560,0.928,18957,0,397,7286
B,NARROW,C2,1,rb16,20000,0.9,hypothetical_selected_chain_fixed_actions_not_new_certificate,18747,0,18747,0.93735,18957,0,210,8557
B,NARROW,C2,1,rb16,20000,1.0,hypothetical_selected_chain_fixed_actions_not_new_certificate,18957,0,18957,0.94785,18957,0,0,9862
B,NARROW,C2,1,rb16,20000,1.1,hypothetical_selected_chain_fixed_actions_not_new_certificate,19127,0,19127,0.95635,18957,170,0,11166
B,NARROW,C2,1,rb16,20000,1.2,hypothetical_selected_chain_fixed_actions_not_new_certificate,19282,0,19282,0.9641,18957,325,0,12441
B,NARROW,C2,1,joint64_prior,20000,0.8,hypothetical_selected_chain_fixed_actions_not_new_certificate,18602,0,18602,0.9301,18983,0,381,7363
B,NARROW,C2,1,joint64_prior,20000,0.9,hypothetical_selected_chain_fixed_actions_not_new_certificate,18777,0,18777,0.93885,18983,0,206,8594
B,NARROW,C2,1,joint64_prior,20000,1.0,hypothetical_selected_chain_fixed_actions_not_new_certificate,18983,0,18983,0.94915,18983,0,0,9877
B,NARROW,C2,1,joint64_prior,20000,1.1,hypothetical_selected_chain_fixed_actions_not_new_certificate,19136,0,19136,0.9568,18983,153,0,11157
B,NARROW,C2,1,joint64_prior,20000,1.2,hypothetical_selected_chain_fixed_actions_not_new_certificate,19294,0,19294,0.9647,18983,311,0,12426
B,NARROW,C2,2,old_static,20000,0.8,hypothetical_selected_chain_fixed_actions_not_new_certificate,19427,0,19427,0.97135,19567,0,140,7539
B,NARROW,C2,2,old_static,20000,0.9,hypothetical_selected_chain_fixed_actions_not_new_certificate,19502,0,19502,0.9751,19567,0,65,8764
B,NARROW,C2,2,old_static,20000,1.0,hypothetical_selected_chain_fixed_actions_not_new_certificate,19567,0,19567,0.97835,19567,0,0,10024
B,NARROW,C2,2,old_static,20000,1.1,hypothetical_selected_chain_fixed_actions_not_new_certificate,19629,0,19629,0.98145,19567,62,0,11242
B,NARROW,C2,2,old_static,20000,1.2,hypothetical_selected_chain_fixed_actions_not_new_certificate,19689,0,19689,0.98445,19567,122,0,12491
B,NARROW,C2,2,old_delta,20000,0.8,hypothetical_selected_chain_fixed_actions_not_new_certificate,19427,0,19427,0.97135,19567,0,140,7539
B,NARROW,C2,2,old_delta,20000,0.9,hypothetical_selected_chain_fixed_actions_not_new_certificate,19502,0,19502,0.9751,19567,0,65,8764
B,NARROW,C2,2,old_delta,20000,1.0,hypothetical_selected_chain_fixed_actions_not_new_certificate,19567,0,19567,0.97835,19567,0,0,10024
B,NARROW,C2,2,old_delta,20000,1.1,hypothetical_selected_chain_fixed_actions_not_new_certificate,19629,0,19629,0.98145,19567,62,0,11242
B,NARROW,C2,2,old_delta,20000,1.2,hypothetical_selected_chain_fixed_actions_not_new_certificate,19689,0,19689,0.98445,19567,122,0,12491
B,NARROW,C2,2,expanded_static,20000,0.8,hypothetical_selected_chain_fixed_actions_not_new_certificate,19015,0,19015,0.95075,19318,0,303,6986
B,NARROW,C2,2,expanded_static,20000,0.9,hypothetical_selected_chain_fixed_actions_not_new_certificate,19180,0,19180,0.959,19318,0,138,8452
B,NARROW,C2,2,expanded_static,20000,1.0,hypothetical_selected_chain_fixed_actions_not_new_certificate,19318,0,19318,0.9659,19318,0,0,10003
B,NARROW,C2,2,expanded_static,20000,1.1,hypothetical_selected_chain_fixed_actions_not_new_certificate,19458,0,19458,0.9729,19318,140,0,11561
B,NARROW,C2,2,expanded_static,20000,1.2,hypothetical_selected_chain_fixed_actions_not_new_certificate,19587,0,19587,0.97935,19318,269,0,13095
B,NARROW,C2,2,expanded_delta,20000,0.8,hypothetical_selected_chain_fixed_actions_not_new_certificate,18685,0,18685,0.93425,19078,0,393,7193
B,NARROW,C2,2,expanded_delta,20000,0.9,hypothetical_selected_chain_fixed_actions_not_new_certificate,18899,0,18899,0.94495,19078,0,179,8585
B,NARROW,C2,2,expanded_delta,20000,1.0,hypothetical_selected_chain_fixed_actions_not_new_certificate,19078,0,19078,0.9539,19078,0,0,10050
B,NARROW,C2,2,expanded_delta,20000,1.1,hypothetical_selected_chain_fixed_actions_not_new_certificate,19250,0,19250,0.9625,19078,172,0,11486
B,NARROW,C2,2,expanded_delta,20000,1.2,hypothetical_selected_chain_fixed_actions_not_new_certificate,19414,0,19414,0.9707,19078,336,0,12919
B,NARROW,C2,2,joint64,20000,0.8,hypothetical_selected_chain_fixed_actions_not_new_certificate,18659,0,18659,0.93295,19015,0,356,7391
B,NARROW,C2,2,joint64,20000,0.9,hypothetical_selected_chain_fixed_actions_not_new_certificate,18846,0,18846,0.9423,19015,0,169,8674
B,NARROW,C2,2,joint64,20000,1.0,hypothetical_selected_chain_fixed_actions_not_new_certificate,19015,0,19015,0.95075,19015,0,0,10010
B,NARROW,C2,2,joint64,20000,1.1,hypothetical_selected_chain_fixed_actions_not_new_certificate,19197,0,19197,0.95985,19015,182,0,11292
B,NARROW,C2,2,joint64,20000,1.2,hypothetical_selected_chain_fixed_actions_not_new_certificate,19363,0,19363,0.96815,19015,348,0,12599
B,NARROW,C2,2,rb16,20000,0.8,hypothetical_selected_chain_fixed_actions_not_new_certificate,18636,0,18636,0.9318,18996,0,360,7342
B,NARROW,C2,2,rb16,20000,0.9,hypothetical_selected_chain_fixed_actions_not_new_certificate,18836,0,18836,0.9418,18996,0,160,8634
B,NARROW,C2,2,rb16,20000,1.0,hypothetical_selected_chain_fixed_actions_not_new_certificate,18996,0,18996,0.9498,18996,0,0,9975
B,NARROW,C2,2,rb16,20000,1.1,hypothetical_selected_chain_fixed_actions_not_new_certificate,19182,0,19182,0.9591,18996,186,0,11289
B,NARROW,C2,2,rb16,20000,1.2,hypothetical_selected_chain_fixed_actions_not_new_certificate,19353,0,19353,0.96765,18996,357,0,12605
B,NARROW,C2,2,joint64_prior,20000,0.8,hypothetical_selected_chain_fixed_actions_not_new_certificate,18656,0,18656,0.9328,19008,0,352,7380
B,NARROW,C2,2,joint64_prior,20000,0.9,hypothetical_selected_chain_fixed_actions_not_new_certificate,18847,0,18847,0.94235,19008,0,161,8664
B,NARROW,C2,2,joint64_prior,20000,1.0,hypothetical_selected_chain_fixed_actions_not_new_certificate,19008,0,19008,0.9504,19008,0,0,9996
B,NARROW,C2,2,joint64_prior,20000,1.1,hypothetical_selected_chain_fixed_actions_not_new_certificate,19200,0,19200,0.96,19008,192,0,11300
B,NARROW,C2,2,joint64_prior,20000,1.2,hypothetical_selected_chain_fixed_actions_not_new_certificate,19360,0,19360,0.968,19008,352,0,12597
C,TAB,C0,0,old_static,20000,0.8,hypothetical_selected_chain_fixed_actions_not_new_certificate,1850,3,1853,0.09265,2065,0,212,1070
C,TAB,C0,0,old_static,20000,0.9,hypothetical_selected_chain_fixed_actions_not_new_certificate,1950,3,1953,0.09765,2065,0,112,1176
C,TAB,C0,0,old_static,20000,1.0,hypothetical_selected_chain_fixed_actions_not_new_certificate,2062,3,2065,0.10325,2065,0,0,1296
C,TAB,C0,0,old_static,20000,1.1,hypothetical_selected_chain_fixed_actions_not_new_certificate,2190,3,2193,0.10965,2065,128,0,1432
C,TAB,C0,0,old_static,20000,1.2,hypothetical_selected_chain_fixed_actions_not_new_certificate,2319,3,2322,0.1161,2065,257,0,1572
C,TAB,C0,0,old_delta,20000,0.8,hypothetical_selected_chain_fixed_actions_not_new_certificate,554,0,554,0.0277,711,0,157,458
C,TAB,C0,0,old_delta,20000,0.9,hypothetical_selected_chain_fixed_actions_not_new_certificate,623,0,623,0.03115,711,0,88,529
C,TAB,C0,0,old_delta,20000,1.0,hypothetical_selected_chain_fixed_actions_not_new_certificate,711,0,711,0.03555,711,0,0,621
C,TAB,C0,0,old_delta,20000,1.1,hypothetical_selected_chain_fixed_actions_not_new_certificate,819,0,819,0.04095,711,108,0,732
C,TAB,C0,0,old_delta,20000,1.2,hypothetical_selected_chain_fixed_actions_not_new_certificate,943,0,943,0.04715,711,232,0,858
C,TAB,C0,0,expanded_static,20000,0.8,hypothetical_selected_chain_fixed_actions_not_new_certificate,737,4,741,0.03705,934,0,193,342
C,TAB,C0,0,expanded_static,20000,0.9,hypothetical_selected_chain_fixed_actions_not_new_certificate,816,4,820,0.041,934,0,114,424
C,TAB,C0,0,expanded_static,20000,1.0,hypothetical_selected_chain_fixed_actions_not_new_certificate,930,4,934,0.0467,934,0,0,542
C,TAB,C0,0,expanded_static,20000,1.1,hypothetical_selected_chain_fixed_actions_not_new_certificate,1045,4,1049,0.05245,934,115,0,660
C,TAB,C0,0,expanded_static,20000,1.2,hypothetical_selected_chain_fixed_actions_not_new_certificate,1191,4,1195,0.05975,934,261,0,810
C,TAB,C0,0,expanded_delta,20000,0.8,hypothetical_selected_chain_fixed_actions_not_new_certificate,120,0,120,0.006,186,0,66,94
C,TAB,C0,0,expanded_delta,20000,0.9,hypothetical_selected_chain_fixed_actions_not_new_certificate,148,0,148,0.0074,186,0,38,123
C,TAB,C0,0,expanded_delta,20000,1.0,hypothetical_selected_chain_fixed_actions_not_new_certificate,186,0,186,0.0093,186,0,0,161
C,TAB,C0,0,expanded_delta,20000,1.1,hypothetical_selected_chain_fixed_actions_not_new_certificate,238,0,238,0.0119,186,52,0,214
C,TAB,C0,0,expanded_delta,20000,1.2,hypothetical_selected_chain_fixed_actions_not_new_certificate,302,0,302,0.0151,186,116,0,281
C,TAB,C0,0,joint64,20000,0.8,hypothetical_selected_chain_fixed_actions_not_new_certificate,141,0,141,0.00705,222,0,81,108
C,TAB,C0,0,joint64,20000,0.9,hypothetical_selected_chain_fixed_actions_not_new_certificate,173,0,173,0.00865,222,0,49,141
C,TAB,C0,0,joint64,20000,1.0,hypothetical_selected_chain_fixed_actions_not_new_certificate,222,0,222,0.0111,222,0,0,190
C,TAB,C0,0,joint64,20000,1.1,hypothetical_selected_chain_fixed_actions_not_new_certificate,281,0,281,0.01405,222,59,0,251
C,TAB,C0,0,joint64,20000,1.2,hypothetical_selected_chain_fixed_actions_not_new_certificate,367,0,367,0.01835,222,145,0,341
C,TAB,C0,0,rb16,20000,0.8,hypothetical_selected_chain_fixed_actions_not_new_certificate,131,0,131,0.00655,194,0,63,95
C,TAB,C0,0,rb16,20000,0.9,hypothetical_selected_chain_fixed_actions_not_new_certificate,159,0,159,0.00795,194,0,35,124
C,TAB,C0,0,rb16,20000,1.0,hypothetical_selected_chain_fixed_actions_not_new_certificate,194,0,194,0.0097,194,0,0,159
C,TAB,C0,0,rb16,20000,1.1,hypothetical_selected_chain_fixed_actions_not_new_certificate,236,0,236,0.0118,194,42,0,203
C,TAB,C0,0,rb16,20000,1.2,hypothetical_selected_chain_fixed_actions_not_new_certificate,291,0,291,0.01455,194,97,0,263
C,TAB,C0,0,joint64_prior,20000,0.8,hypothetical_selected_chain_fixed_actions_not_new_certificate,141,0,141,0.00705,222,0,81,108
C,TAB,C0,0,joint64_prior,20000,0.9,hypothetical_selected_chain_fixed_actions_not_new_certificate,173,0,173,0.00865,222,0,49,141
C,TAB,C0,0,joint64_prior,20000,1.0,hypothetical_selected_chain_fixed_actions_not_new_certificate,222,0,222,0.0111,222,0,0,190
C,TAB,C0,0,joint64_prior,20000,1.1,hypothetical_selected_chain_fixed_actions_not_new_certificate,281,0,281,0.01405,222,59,0,251
C,TAB,C0,0,joint64_prior,20000,1.2,hypothetical_selected_chain_fixed_actions_not_new_certificate,367,0,367,0.01835,222,145,0,341
C,TAB,C0,1,old_static,20000,0.8,hypothetical_selected_chain_fixed_actions_not_new_certificate,1826,3,1829,0.09145,2062,0,233,1082
C,TAB,C0,1,old_static,20000,0.9,hypothetical_selected_chain_fixed_actions_not_new_certificate,1931,3,1934,0.0967,2062,0,128,1191
C,TAB,C0,1,old_static,20000,1.0,hypothetical_selected_chain_fixed_actions_not_new_certificate,2059,3,2062,0.1031,2062,0,0,1327
C,TAB,C0,1,old_static,20000,1.1,hypothetical_selected_chain_fixed_actions_not_new_certificate,2168,3,2171,0.10855,2062,109,0,1442
C,TAB,C0,1,old_static,20000,1.2,hypothetical_selected_chain_fixed_actions_not_new_certificate,2287,3,2290,0.1145,2062,228,0,1571
C,TAB,C0,1,old_delta,20000,0.8,hypothetical_selected_chain_fixed_actions_not_new_certificate,572,0,572,0.0286,744,0,172,468
C,TAB,C0,1,old_delta,20000,0.9,hypothetical_selected_chain_fixed_actions_not_new_certificate,652,0,652,0.0326,744,0,92,550
C,TAB,C0,1,old_delta,20000,1.0,hypothetical_selected_chain_fixed_actions_not_new_certificate,744,0,744,0.0372,744,0,0,645
C,TAB,C0,1,old_delta,20000,1.1,hypothetical_selected_chain_fixed_actions_not_new_certificate,844,0,844,0.0422,744,100,0,747
C,TAB,C0,1,old_delta,20000,1.2,hypothetical_selected_chain_fixed_actions_not_new_certificate,955,0,955,0.04775,744,211,0,862
C,TAB,C0,1,expanded_static,20000,0.8,hypothetical_selected_chain_fixed_actions_not_new_certificate,919,3,922,0.0461,1084,0,162,265
C,TAB,C0,1,expanded_static,20000,0.9,hypothetical_selected_chain_fixed_actions_not_new_certificate,994,3,997,0.04985,1084,0,87,340
C,TAB,C0,1,expanded_static,20000,1.0,hypothetical_selected_chain_fixed_actions_not_new_certificate,1081,3,1084,0.0542,1084,0,0,431
C,TAB,C0,1,expanded_static,20000,1.1,hypothetical_selected_chain_fixed_actions_not_new_certificate,1188,3,1191,0.05955,1084,107,0,542
C,TAB,C0,1,expanded_static,20000,1.2,hypothetical_selected_chain_fixed_actions_not_new_certificate,1316,3,1319,0.06595,1084,235,0,671
C,TAB,C0,1,expanded_delta,20000,0.8,hypothetical_selected_chain_fixed_actions_not_new_certificate,165,0,165,0.00825,239,0,74,123
C,TAB,C0,1,expanded_delta,20000,0.9,hypothetical_selected_chain_fixed_actions_not_new_certificate,197,0,197,0.00985,239,0,42,159
C,TAB,C0,1,expanded_delta,20000,1.0,hypothetical_selected_chain_fixed_actions_not_new_certificate,239,0,239,0.01195,239,0,0,203
C,TAB,C0,1,expanded_delta,20000,1.1,hypothetical_selected_chain_fixed_actions_not_new_certificate,307,0,307,0.01535,239,68,0,271
C,TAB,C0,1,expanded_delta,20000,1.2,hypothetical_selected_chain_fixed_actions_not_new_certificate,368,0,368,0.0184,239,129,0,332
C,TAB,C0,1,joint64,20000,0.8,hypothetical_selected_chain_fixed_actions_not_new_certificate,195,0,195,0.00975,310,0,115,151
C,TAB,C0,1,joint64,20000,0.9,hypothetical_selected_chain_fixed_actions_not_new_certificate,238,0,238,0.0119,310,0,72,199
C,TAB,C0,1,joint64,20000,1.0,hypothetical_selected_chain_fixed_actions_not_new_certificate,310,0,310,0.0155,310,0,0,273
C,TAB,C0,1,joint64,20000,1.1,hypothetical_selected_chain_fixed_actions_not_new_certificate,388,0,388,0.0194,310,78,0,351
C,TAB,C0,1,joint64,20000,1.2,hypothetical_selected_chain_fixed_actions_not_new_certificate,487,0,487,0.02435,310,177,0,450
C,TAB,C0,1,rb16,20000,0.8,hypothetical_selected_chain_fixed_actions_not_new_certificate,173,0,173,0.00865,247,0,74,113
C,TAB,C0,1,rb16,20000,0.9,hypothetical_selected_chain_fixed_actions_not_new_certificate,204,0,204,0.0102,247,0,43,147
C,TAB,C0,1,rb16,20000,1.0,hypothetical_selected_chain_fixed_actions_not_new_certificate,247,0,247,0.01235,247,0,0,193
C,TAB,C0,1,rb16,20000,1.1,hypothetical_selected_chain_fixed_actions_not_new_certificate,309,0,309,0.01545,247,62,0,255
C,TAB,C0,1,rb16,20000,1.2,hypothetical_selected_chain_fixed_actions_not_new_certificate,362,0,362,0.0181,247,115,0,310
C,TAB,C0,1,joint64_prior,20000,0.8,hypothetical_selected_chain_fixed_actions_not_new_certificate,195,0,195,0.00975,310,0,115,151
C,TAB,C0,1,joint64_prior,20000,0.9,hypothetical_selected_chain_fixed_actions_not_new_certificate,238,0,238,0.0119,310,0,72,199
C,TAB,C0,1,joint64_prior,20000,1.0,hypothetical_selected_chain_fixed_actions_not_new_certificate,310,0,310,0.0155,310,0,0,273
C,TAB,C0,1,joint64_prior,20000,1.1,hypothetical_selected_chain_fixed_actions_not_new_certificate,388,0,388,0.0194,310,78,0,351
C,TAB,C0,1,joint64_prior,20000,1.2,hypothetical_selected_chain_fixed_actions_not_new_certificate,487,0,487,0.02435,310,177,0,450
C,TAB,C0,2,old_static,20000,0.8,hypothetical_selected_chain_fixed_actions_not_new_certificate,1787,10,1797,0.08985,2001,0,204,1028
C,TAB,C0,2,old_static,20000,0.9,hypothetical_selected_chain_fixed_actions_not_new_certificate,1880,10,1890,0.0945,2001,0,111,1130
C,TAB,C0,2,old_static,20000,1.0,hypothetical_selected_chain_fixed_actions_not_new_certificate,1991,10,2001,0.10005,2001,0,0,1245
C,TAB,C0,2,old_static,20000,1.1,hypothetical_selected_chain_fixed_actions_not_new_certificate,2114,10,2124,0.1062,2001,123,0,1373
C,TAB,C0,2,old_static,20000,1.2,hypothetical_selected_chain_fixed_actions_not_new_certificate,2223,10,2233,0.11165,2001,232,0,1495
C,TAB,C0,2,old_delta,20000,0.8,hypothetical_selected_chain_fixed_actions_not_new_certificate,543,0,543,0.02715,709,0,166,440
C,TAB,C0,2,old_delta,20000,0.9,hypothetical_selected_chain_fixed_actions_not_new_certificate,612,0,612,0.0306,709,0,97,511
C,TAB,C0,2,old_delta,20000,1.0,hypothetical_selected_chain_fixed_actions_not_new_certificate,709,0,709,0.03545,709,0,0,612
C,TAB,C0,2,old_delta,20000,1.1,hypothetical_selected_chain_fixed_actions_not_new_certificate,799,0,799,0.03995,709,90,0,702
C,TAB,C0,2,old_delta,20000,1.2,hypothetical_selected_chain_fixed_actions_not_new_certificate,919,0,919,0.04595,709,210,0,825
C,TAB,C0,2,expanded_static,20000,0.8,hypothetical_selected_chain_fixed_actions_not_new_certificate,772,10,782,0.0391,988,0,206,341
C,TAB,C0,2,expanded_static,20000,0.9,hypothetical_selected_chain_fixed_actions_not_new_certificate,867,10,877,0.04385,988,0,111,437
C,TAB,C0,2,expanded_static,20000,1.0,hypothetical_selected_chain_fixed_actions_not_new_certificate,978,10,988,0.0494,988,0,0,553
C,TAB,C0,2,expanded_static,20000,1.1,hypothetical_selected_chain_fixed_actions_not_new_certificate,1104,10,1114,0.0557,988,126,0,680
C,TAB,C0,2,expanded_static,20000,1.2,hypothetical_selected_chain_fixed_actions_not_new_certificate,1242,10,1252,0.0626,988,264,0,823
C,TAB,C0,2,expanded_delta,20000,0.8,hypothetical_selected_chain_fixed_actions_not_new_certificate,147,0,147,0.00735,225,0,78,97
C,TAB,C0,2,expanded_delta,20000,0.9,hypothetical_selected_chain_fixed_actions_not_new_certificate,184,0,184,0.0092,225,0,41,135
C,TAB,C0,2,expanded_delta,20000,1.0,hypothetical_selected_chain_fixed_actions_not_new_certificate,225,0,225,0.01125,225,0,0,176
C,TAB,C0,2,expanded_delta,20000,1.1,hypothetical_selected_chain_fixed_actions_not_new_certificate,270,0,270,0.0135,225,45,0,223
C,TAB,C0,2,expanded_delta,20000,1.2,hypothetical_selected_chain_fixed_actions_not_new_certificate,338,0,338,0.0169,225,113,0,294
C,TAB,C0,2,joint64,20000,0.8,hypothetical_selected_chain_fixed_actions_not_new_certificate,164,0,164,0.0082,255,0,91,114
C,TAB,C0,2,joint64,20000,0.9,hypothetical_selected_chain_fixed_actions_not_new_certificate,203,0,203,0.01015,255,0,52,154
C,TAB,C0,2,joint64,20000,1.0,hypothetical_selected_chain_fixed_actions_not_new_certificate,255,0,255,0.01275,255,0,0,207
C,TAB,C0,2,joint64,20000,1.1,hypothetical_selected_chain_fixed_actions_not_new_certificate,313,0,313,0.01565,255,58,0,267
C,TAB,C0,2,joint64,20000,1.2,hypothetical_selected_chain_fixed_actions_not_new_certificate,406,0,406,0.0203,255,151,0,364
C,TAB,C0,2,rb16,20000,0.8,hypothetical_selected_chain_fixed_actions_not_new_certificate,145,0,145,0.00725,224,0,79,88
C,TAB,C0,2,rb16,20000,0.9,hypothetical_selected_chain_fixed_actions_not_new_certificate,183,0,183,0.00915,224,0,41,127
C,TAB,C0,2,rb16,20000,1.0,hypothetical_selected_chain_fixed_actions_not_new_certificate,224,0,224,0.0112,224,0,0,168
C,TAB,C0,2,rb16,20000,1.1,hypothetical_selected_chain_fixed_actions_not_new_certificate,268,0,268,0.0134,224,44,0,214
C,TAB,C0,2,rb16,20000,1.2,hypothetical_selected_chain_fixed_actions_not_new_certificate,329,0,329,0.01645,224,105,0,279
C,TAB,C0,2,joint64_prior,20000,0.8,hypothetical_selected_chain_fixed_actions_not_new_certificate,164,0,164,0.0082,255,0,91,114
C,TAB,C0,2,joint64_prior,20000,0.9,hypothetical_selected_chain_fixed_actions_not_new_certificate,203,0,203,0.01015,255,0,52,154
C,TAB,C0,2,joint64_prior,20000,1.0,hypothetical_selected_chain_fixed_actions_not_new_certificate,255,0,255,0.01275,255,0,0,207
C,TAB,C0,2,joint64_prior,20000,1.1,hypothetical_selected_chain_fixed_actions_not_new_certificate,313,0,313,0.01565,255,58,0,267
C,TAB,C0,2,joint64_prior,20000,1.2,hypothetical_selected_chain_fixed_actions_not_new_certificate,406,0,406,0.0203,255,151,0,364
C,TAB,C1,0,old_static,20000,0.8,hypothetical_selected_chain_fixed_actions_not_new_certificate,1949,10,1959,0.09795,2150,0,191,989
C,TAB,C1,0,old_static,20000,0.9,hypothetical_selected_chain_fixed_actions_not_new_certificate,2049,10,2059,0.10295,2150,0,91,1096
C,TAB,C1,0,old_static,20000,1.0,hypothetical_selected_chain_fixed_actions_not_new_certificate,2140,10,2150,0.1075,2150,0,0,1194
C,TAB,C1,0,old_static,20000,1.1,hypothetical_selected_chain_fixed_actions_not_new_certificate,2239,10,2249,0.11245,2150,99,0,1304
C,TAB,C1,0,old_static,20000,1.2,hypothetical_selected_chain_fixed_actions_not_new_certificate,2373,10,2383,0.11915,2150,233,0,1447
C,TAB,C1,0,old_delta,20000,0.8,hypothetical_selected_chain_fixed_actions_not_new_certificate,560,0,560,0.028,722,0,162,430
C,TAB,C1,0,old_delta,20000,0.9,hypothetical_selected_chain_fixed_actions_not_new_certificate,638,0,638,0.0319,722,0,84,512
C,TAB,C1,0,old_delta,20000,1.0,hypothetical_selected_chain_fixed_actions_not_new_certificate,722,0,722,0.0361,722,0,0,601
C,TAB,C1,0,old_delta,20000,1.1,hypothetical_selected_chain_fixed_actions_not_new_certificate,822,0,822,0.0411,722,100,0,706
C,TAB,C1,0,old_delta,20000,1.2,hypothetical_selected_chain_fixed_actions_not_new_certificate,925,0,925,0.04625,722,203,0,812
C,TAB,C1,0,expanded_static,20000,0.8,hypothetical_selected_chain_fixed_actions_not_new_certificate,769,10,779,0.03895,973,0,194,361
C,TAB,C1,0,expanded_static,20000,0.9,hypothetical_selected_chain_fixed_actions_not_new_certificate,869,10,879,0.04395,973,0,94,463
C,TAB,C1,0,expanded_static,20000,1.0,hypothetical_selected_chain_fixed_actions_not_new_certificate,963,10,973,0.04865,973,0,0,559
C,TAB,C1,0,expanded_static,20000,1.1,hypothetical_selected_chain_fixed_actions_not_new_certificate,1096,10,1106,0.0553,973,133,0,695
C,TAB,C1,0,expanded_static,20000,1.2,hypothetical_selected_chain_fixed_actions_not_new_certificate,1275,10,1285,0.06425,973,312,0,876
C,TAB,C1,0,expanded_delta,20000,0.8,hypothetical_selected_chain_fixed_actions_not_new_certificate,143,0,143,0.00715,207,0,64,112
C,TAB,C1,0,expanded_delta,20000,0.9,hypothetical_selected_chain_fixed_actions_not_new_certificate,166,0,166,0.0083,207,0,41,137
C,TAB,C1,0,expanded_delta,20000,1.0,hypothetical_selected_chain_fixed_actions_not_new_certificate,207,0,207,0.01035,207,0,0,181
C,TAB,C1,0,expanded_delta,20000,1.1,hypothetical_selected_chain_fixed_actions_not_new_certificate,266,0,266,0.0133,207,59,0,241
C,TAB,C1,0,expanded_delta,20000,1.2,hypothetical_selected_chain_fixed_actions_not_new_certificate,341,0,341,0.01705,207,134,0,318
C,TAB,C1,0,joint64,20000,0.8,hypothetical_selected_chain_fixed_actions_not_new_certificate,183,0,183,0.00915,276,0,93,139
C,TAB,C1,0,joint64,20000,0.9,hypothetical_selected_chain_fixed_actions_not_new_certificate,216,0,216,0.0108,276,0,60,174
C,TAB,C1,0,joint64,20000,1.0,hypothetical_selected_chain_fixed_actions_not_new_certificate,276,0,276,0.0138,276,0,0,239
C,TAB,C1,0,joint64,20000,1.1,hypothetical_selected_chain_fixed_actions_not_new_certificate,343,0,343,0.01715,276,67,0,308
C,TAB,C1,0,joint64,20000,1.2,hypothetical_selected_chain_fixed_actions_not_new_certificate,438,0,438,0.0219,276,162,0,406
C,TAB,C1,0,rb16,20000,0.8,hypothetical_selected_chain_fixed_actions_not_new_certificate,157,0,157,0.00785,222,0,65,106
C,TAB,C1,0,rb16,20000,0.9,hypothetical_selected_chain_fixed_actions_not_new_certificate,180,0,180,0.009,222,0,42,132
C,TAB,C1,0,rb16,20000,1.0,hypothetical_selected_chain_fixed_actions_not_new_certificate,222,0,222,0.0111,222,0,0,179
C,TAB,C1,0,rb16,20000,1.1,hypothetical_selected_chain_fixed_actions_not_new_certificate,270,0,270,0.0135,222,48,0,230
C,TAB,C1,0,rb16,20000,1.2,hypothetical_selected_chain_fixed_actions_not_new_certificate,339,0,339,0.01695,222,117,0,303
C,TAB,C1,0,joint64_prior,20000,0.8,hypothetical_selected_chain_fixed_actions_not_new_certificate,183,0,183,0.00915,276,0,93,139
C,TAB,C1,0,joint64_prior,20000,0.9,hypothetical_selected_chain_fixed_actions_not_new_certificate,216,0,216,0.0108,276,0,60,174
C,TAB,C1,0,joint64_prior,20000,1.0,hypothetical_selected_chain_fixed_actions_not_new_certificate,276,0,276,0.0138,276,0,0,239
C,TAB,C1,0,joint64_prior,20000,1.1,hypothetical_selected_chain_fixed_actions_not_new_certificate,343,0,343,0.01715,276,67,0,308
C,TAB,C1,0,joint64_prior,20000,1.2,hypothetical_selected_chain_fixed_actions_not_new_certificate,438,0,438,0.0219,276,162,0,406
C,TAB,C1,1,old_static,20000,0.8,hypothetical_selected_chain_fixed_actions_not_new_certificate,2025,5,2030,0.1015,2242,0,212,1037
C,TAB,C1,1,old_static,20000,0.9,hypothetical_selected_chain_fixed_actions_not_new_certificate,2121,5,2126,0.1063,2242,0,116,1139
C,TAB,C1,1,old_static,20000,1.0,hypothetical_selected_chain_fixed_actions_not_new_certificate,2237,5,2242,0.1121,2242,0,0,1266
C,TAB,C1,1,old_static,20000,1.1,hypothetical_selected_chain_fixed_actions_not_new_certificate,2337,5,2342,0.1171,2242,100,0,1376
C,TAB,C1,1,old_static,20000,1.2,hypothetical_selected_chain_fixed_actions_not_new_certificate,2429,5,2434,0.1217,2242,192,0,1476
C,TAB,C1,1,old_delta,20000,0.8,hypothetical_selected_chain_fixed_actions_not_new_certificate,558,0,558,0.0279,713,0,155,432
C,TAB,C1,1,old_delta,20000,0.9,hypothetical_selected_chain_fixed_actions_not_new_certificate,628,0,628,0.0314,713,0,85,506
C,TAB,C1,1,old_delta,20000,1.0,hypothetical_selected_chain_fixed_actions_not_new_certificate,713,0,713,0.03565,713,0,0,593
C,TAB,C1,1,old_delta,20000,1.1,hypothetical_selected_chain_fixed_actions_not_new_certificate,796,0,796,0.0398,713,83,0,678
C,TAB,C1,1,old_delta,20000,1.2,hypothetical_selected_chain_fixed_actions_not_new_certificate,901,0,901,0.04505,713,188,0,788
C,TAB,C1,1,expanded_static,20000,0.8,hypothetical_selected_chain_fixed_actions_not_new_certificate,783,5,788,0.0394,978,0,190,347
C,TAB,C1,1,expanded_static,20000,0.9,hypothetical_selected_chain_fixed_actions_not_new_certificate,866,5,871,0.04355,978,0,107,434
C,TAB,C1,1,expanded_static,20000,1.0,hypothetical_selected_chain_fixed_actions_not_new_certificate,973,5,978,0.0489,978,0,0,543
C,TAB,C1,1,expanded_static,20000,1.1,hypothetical_selected_chain_fixed_actions_not_new_certificate,1088,5,1093,0.05465,978,115,0,660
C,TAB,C1,1,expanded_static,20000,1.2,hypothetical_selected_chain_fixed_actions_not_new_certificate,1239,5,1244,0.0622,978,266,0,815
C,TAB,C1,1,expanded_delta,20000,0.8,hypothetical_selected_chain_fixed_actions_not_new_certificate,126,0,126,0.0063,202,0,76,107
C,TAB,C1,1,expanded_delta,20000,0.9,hypothetical_selected_chain_fixed_actions_not_new_certificate,157,0,157,0.00785,202,0,45,140
C,TAB,C1,1,expanded_delta,20000,1.0,hypothetical_selected_chain_fixed_actions_not_new_certificate,202,0,202,0.0101,202,0,0,185
C,TAB,C1,1,expanded_delta,20000,1.1,hypothetical_selected_chain_fixed_actions_not_new_certificate,255,0,255,0.01275,202,53,0,240
C,TAB,C1,1,expanded_delta,20000,1.2,hypothetical_selected_chain_fixed_actions_not_new_certificate,313,0,313,0.01565,202,111,0,299
C,TAB,C1,1,joint64,20000,0.8,hypothetical_selected_chain_fixed_actions_not_new_certificate,147,0,147,0.00735,263,0,116,121
C,TAB,C1,1,joint64,20000,0.9,hypothetical_selected_chain_fixed_actions_not_new_certificate,187,0,187,0.00935,263,0,76,163
C,TAB,C1,1,joint64,20000,1.0,hypothetical_selected_chain_fixed_actions_not_new_certificate,263,0,263,0.01315,263,0,0,241
C,TAB,C1,1,joint64,20000,1.1,hypothetical_selected_chain_fixed_actions_not_new_certificate,331,0,331,0.01655,263,68,0,309
C,TAB,C1,1,joint64,20000,1.2,hypothetical_selected_chain_fixed_actions_not_new_certificate,410,0,410,0.0205,263,147,0,391
C,TAB,C1,1,rb16,20000,0.8,hypothetical_selected_chain_fixed_actions_not_new_certificate,139,0,139,0.00695,209,0,70,106
C,TAB,C1,1,rb16,20000,0.9,hypothetical_selected_chain_fixed_actions_not_new_certificate,164,0,164,0.0082,209,0,45,133
C,TAB,C1,1,rb16,20000,1.0,hypothetical_selected_chain_fixed_actions_not_new_certificate,209,0,209,0.01045,209,0,0,181
C,TAB,C1,1,rb16,20000,1.1,hypothetical_selected_chain_fixed_actions_not_new_certificate,257,0,257,0.01285,209,48,0,230
C,TAB,C1,1,rb16,20000,1.2,hypothetical_selected_chain_fixed_actions_not_new_certificate,312,0,312,0.0156,209,103,0,290
C,TAB,C1,1,joint64_prior,20000,0.8,hypothetical_selected_chain_fixed_actions_not_new_certificate,147,0,147,0.00735,263,0,116,121
C,TAB,C1,1,joint64_prior,20000,0.9,hypothetical_selected_chain_fixed_actions_not_new_certificate,187,0,187,0.00935,263,0,76,163
C,TAB,C1,1,joint64_prior,20000,1.0,hypothetical_selected_chain_fixed_actions_not_new_certificate,263,0,263,0.01315,263,0,0,241
C,TAB,C1,1,joint64_prior,20000,1.1,hypothetical_selected_chain_fixed_actions_not_new_certificate,331,0,331,0.01655,263,68,0,309
C,TAB,C1,1,joint64_prior,20000,1.2,hypothetical_selected_chain_fixed_actions_not_new_certificate,410,0,410,0.0205,263,147,0,391
C,TAB,C1,2,old_static,20000,0.8,hypothetical_selected_chain_fixed_actions_not_new_certificate,2012,6,2018,0.1009,2202,0,184,1050
C,TAB,C1,2,old_static,20000,0.9,hypothetical_selected_chain_fixed_actions_not_new_certificate,2105,6,2111,0.10555,2202,0,91,1154
C,TAB,C1,2,old_static,20000,1.0,hypothetical_selected_chain_fixed_actions_not_new_certificate,2196,6,2202,0.1101,2202,0,0,1255
C,TAB,C1,2,old_static,20000,1.1,hypothetical_selected_chain_fixed_actions_not_new_certificate,2294,6,2300,0.115,2202,98,0,1363
C,TAB,C1,2,old_static,20000,1.2,hypothetical_selected_chain_fixed_actions_not_new_certificate,2399,6,2405,0.12025,2202,203,0,1484
C,TAB,C1,2,old_delta,20000,0.8,hypothetical_selected_chain_fixed_actions_not_new_certificate,572,0,572,0.0286,717,0,145,439
C,TAB,C1,2,old_delta,20000,0.9,hypothetical_selected_chain_fixed_actions_not_new_certificate,632,0,632,0.0316,717,0,85,502
C,TAB,C1,2,old_delta,20000,1.0,hypothetical_selected_chain_fixed_actions_not_new_certificate,717,0,717,0.03585,717,0,0,593
C,TAB,C1,2,old_delta,20000,1.1,hypothetical_selected_chain_fixed_actions_not_new_certificate,810,0,810,0.0405,717,93,0,691
C,TAB,C1,2,old_delta,20000,1.2,hypothetical_selected_chain_fixed_actions_not_new_certificate,923,0,923,0.04615,717,206,0,806
C,TAB,C1,2,expanded_static,20000,0.8,hypothetical_selected_chain_fixed_actions_not_new_certificate,757,5,762,0.0381,963,0,201,373
C,TAB,C1,2,expanded_static,20000,0.9,hypothetical_selected_chain_fixed_actions_not_new_certificate,839,5,844,0.0422,963,0,119,456
C,TAB,C1,2,expanded_static,20000,1.0,hypothetical_selected_chain_fixed_actions_not_new_certificate,958,5,963,0.04815,963,0,0,579
C,TAB,C1,2,expanded_static,20000,1.1,hypothetical_selected_chain_fixed_actions_not_new_certificate,1088,5,1093,0.05465,963,130,0,709
C,TAB,C1,2,expanded_static,20000,1.2,hypothetical_selected_chain_fixed_actions_not_new_certificate,1232,5,1237,0.06185,963,274,0,855
C,TAB,C1,2,expanded_delta,20000,0.8,hypothetical_selected_chain_fixed_actions_not_new_certificate,131,5,136,0.0068,213,0,77,114
C,TAB,C1,2,expanded_delta,20000,0.9,hypothetical_selected_chain_fixed_actions_not_new_certificate,167,5,172,0.0086,213,0,41,151
C,TAB,C1,2,expanded_delta,20000,1.0,hypothetical_selected_chain_fixed_actions_not_new_certificate,208,5,213,0.01065,213,0,0,194
C,TAB,C1,2,expanded_delta,20000,1.1,hypothetical_selected_chain_fixed_actions_not_new_certificate,276,5,281,0.01405,213,68,0,263
C,TAB,C1,2,expanded_delta,20000,1.2,hypothetical_selected_chain_fixed_actions_not_new_certificate,347,5,352,0.0176,213,139,0,336
C,TAB,C1,2,joint64,20000,0.8,hypothetical_selected_chain_fixed_actions_not_new_certificate,139,6,145,0.00725,233,0,88,117
C,TAB,C1,2,joint64,20000,0.9,hypothetical_selected_chain_fixed_actions_not_new_certificate,181,6,187,0.00935,233,0,46,162
C,TAB,C1,2,joint64,20000,1.0,hypothetical_selected_chain_fixed_actions_not_new_certificate,227,6,233,0.01165,233,0,0,210
C,TAB,C1,2,joint64,20000,1.1,hypothetical_selected_chain_fixed_actions_not_new_certificate,299,6,305,0.01525,233,72,0,285
C,TAB,C1,2,joint64,20000,1.2,hypothetical_selected_chain_fixed_actions_not_new_certificate,391,6,397,0.01985,233,164,0,380
C,TAB,C1,2,rb16,20000,0.8,hypothetical_selected_chain_fixed_actions_not_new_certificate,144,6,150,0.0075,224,0,74,110
C,TAB,C1,2,rb16,20000,0.9,hypothetical_selected_chain_fixed_actions_not_new_certificate,180,6,186,0.0093,224,0,38,148
C,TAB,C1,2,rb16,20000,1.0,hypothetical_selected_chain_fixed_actions_not_new_certificate,218,6,224,0.0112,224,0,0,188
C,TAB,C1,2,rb16,20000,1.1,hypothetical_selected_chain_fixed_actions_not_new_certificate,278,6,284,0.0142,224,60,0,250
C,TAB,C1,2,rb16,20000,1.2,hypothetical_selected_chain_fixed_actions_not_new_certificate,347,6,353,0.01765,224,129,0,322
C,TAB,C1,2,joint64_prior,20000,0.8,hypothetical_selected_chain_fixed_actions_not_new_certificate,139,6,145,0.00725,233,0,88,117
C,TAB,C1,2,joint64_prior,20000,0.9,hypothetical_selected_chain_fixed_actions_not_new_certificate,181,6,187,0.00935,233,0,46,162
C,TAB,C1,2,joint64_prior,20000,1.0,hypothetical_selected_chain_fixed_actions_not_new_certificate,227,6,233,0.01165,233,0,0,210
C,TAB,C1,2,joint64_prior,20000,1.1,hypothetical_selected_chain_fixed_actions_not_new_certificate,299,6,305,0.01525,233,72,0,285
C,TAB,C1,2,joint64_prior,20000,1.2,hypothetical_selected_chain_fixed_actions_not_new_certificate,391,6,397,0.01985,233,164,0,380
C,TAB,C2,0,old_static,20000,0.8,hypothetical_selected_chain_fixed_actions_not_new_certificate,1952,7,1959,0.09795,2150,0,191,1029
C,TAB,C2,0,old_static,20000,0.9,hypothetical_selected_chain_fixed_actions_not_new_certificate,2044,7,2051,0.10255,2150,0,99,1124
C,TAB,C2,0,old_static,20000,1.0,hypothetical_selected_chain_fixed_actions_not_new_certificate,2143,7,2150,0.1075,2150,0,0,1226
C,TAB,C2,0,old_static,20000,1.1,hypothetical_selected_chain_fixed_actions_not_new_certificate,2267,7,2274,0.1137,2150,124,0,1354
C,TAB,C2,0,old_static,20000,1.2,hypothetical_selected_chain_fixed_actions_not_new_certificate,2392,7,2399,0.11995,2150,249,0,1479
C,TAB,C2,0,old_delta,20000,0.8,hypothetical_selected_chain_fixed_actions_not_new_certificate,534,0,534,0.0267,657,0,123,418
C,TAB,C2,0,old_delta,20000,0.9,hypothetical_selected_chain_fixed_actions_not_new_certificate,600,0,600,0.03,657,0,57,486
C,TAB,C2,0,old_delta,20000,1.0,hypothetical_selected_chain_fixed_actions_not_new_certificate,657,0,657,0.03285,657,0,0,546
C,TAB,C2,0,old_delta,20000,1.1,hypothetical_selected_chain_fixed_actions_not_new_certificate,770,0,770,0.0385,657,113,0,660
C,TAB,C2,0,old_delta,20000,1.2,hypothetical_selected_chain_fixed_actions_not_new_certificate,853,0,853,0.04265,657,196,0,744
C,TAB,C2,0,expanded_static,20000,0.8,hypothetical_selected_chain_fixed_actions_not_new_certificate,685,7,692,0.0346,854,0,162,313
C,TAB,C2,0,expanded_static,20000,0.9,hypothetical_selected_chain_fixed_actions_not_new_certificate,755,7,762,0.0381,854,0,92,385
C,TAB,C2,0,expanded_static,20000,1.0,hypothetical_selected_chain_fixed_actions_not_new_certificate,847,7,854,0.0427,854,0,0,479
C,TAB,C2,0,expanded_static,20000,1.1,hypothetical_selected_chain_fixed_actions_not_new_certificate,957,7,964,0.0482,854,110,0,593
C,TAB,C2,0,expanded_static,20000,1.2,hypothetical_selected_chain_fixed_actions_not_new_certificate,1087,7,1094,0.0547,854,240,0,727
C,TAB,C2,0,expanded_delta,20000,0.8,hypothetical_selected_chain_fixed_actions_not_new_certificate,120,0,120,0.006,188,0,68,77
C,TAB,C2,0,expanded_delta,20000,0.9,hypothetical_selected_chain_fixed_actions_not_new_certificate,149,0,149,0.00745,188,0,39,108
C,TAB,C2,0,expanded_delta,20000,1.0,hypothetical_selected_chain_fixed_actions_not_new_certificate,188,0,188,0.0094,188,0,0,148
C,TAB,C2,0,expanded_delta,20000,1.1,hypothetical_selected_chain_fixed_actions_not_new_certificate,234,0,234,0.0117,188,46,0,196
C,TAB,C2,0,expanded_delta,20000,1.2,hypothetical_selected_chain_fixed_actions_not_new_certificate,299,0,299,0.01495,188,111,0,263
C,TAB,C2,0,joint64,20000,0.8,hypothetical_selected_chain_fixed_actions_not_new_certificate,139,0,139,0.00695,214,0,75,85
C,TAB,C2,0,joint64,20000,0.9,hypothetical_selected_chain_fixed_actions_not_new_certificate,171,0,171,0.00855,214,0,43,120
C,TAB,C2,0,joint64,20000,1.0,hypothetical_selected_chain_fixed_actions_not_new_certificate,214,0,214,0.0107,214,0,0,164
C,TAB,C2,0,joint64,20000,1.1,hypothetical_selected_chain_fixed_actions_not_new_certificate,272,0,272,0.0136,214,58,0,228
C,TAB,C2,0,joint64,20000,1.2,hypothetical_selected_chain_fixed_actions_not_new_certificate,356,0,356,0.0178,214,142,0,314
C,TAB,C2,0,rb16,20000,0.8,hypothetical_selected_chain_fixed_actions_not_new_certificate,124,0,124,0.0062,176,0,52,74
C,TAB,C2,0,rb16,20000,0.9,hypothetical_selected_chain_fixed_actions_not_new_certificate,142,0,142,0.0071,176,0,34,95
C,TAB,C2,0,rb16,20000,1.0,hypothetical_selected_chain_fixed_actions_not_new_certificate,176,0,176,0.0088,176,0,0,131
C,TAB,C2,0,rb16,20000,1.1,hypothetical_selected_chain_fixed_actions_not_new_certificate,221,0,221,0.01105,176,45,0,180
C,TAB,C2,0,rb16,20000,1.2,hypothetical_selected_chain_fixed_actions_not_new_certificate,280,0,280,0.014,176,104,0,242
C,TAB,C2,0,joint64_prior,20000,0.8,hypothetical_selected_chain_fixed_actions_not_new_certificate,150,0,150,0.0075,224,0,74,97
C,TAB,C2,0,joint64_prior,20000,0.9,hypothetical_selected_chain_fixed_actions_not_new_certificate,180,0,180,0.009,224,0,44,130
C,TAB,C2,0,joint64_prior,20000,1.0,hypothetical_selected_chain_fixed_actions_not_new_certificate,224,0,224,0.0112,224,0,0,175
C,TAB,C2,0,joint64_prior,20000,1.1,hypothetical_selected_chain_fixed_actions_not_new_certificate,288,0,288,0.0144,224,64,0,245
C,TAB,C2,0,joint64_prior,20000,1.2,hypothetical_selected_chain_fixed_actions_not_new_certificate,373,0,373,0.01865,224,149,0,333
C,TAB,C2,1,old_static,20000,0.8,hypothetical_selected_chain_fixed_actions_not_new_certificate,1834,10,1844,0.0922,2037,0,193,990
C,TAB,C2,1,old_static,20000,0.9,hypothetical_selected_chain_fixed_actions_not_new_certificate,1926,10,1936,0.0968,2037,0,101,1082
C,TAB,C2,1,old_static,20000,1.0,hypothetical_selected_chain_fixed_actions_not_new_certificate,2027,10,2037,0.10185,2037,0,0,1183
C,TAB,C2,1,old_static,20000,1.1,hypothetical_selected_chain_fixed_actions_not_new_certificate,2159,10,2169,0.10845,2037,132,0,1318
C,TAB,C2,1,old_static,20000,1.2,hypothetical_selected_chain_fixed_actions_not_new_certificate,2272,10,2282,0.1141,2037,245,0,1434
C,TAB,C2,1,old_delta,20000,0.8,hypothetical_selected_chain_fixed_actions_not_new_certificate,486,0,486,0.0243,609,0,123,373
C,TAB,C2,1,old_delta,20000,0.9,hypothetical_selected_chain_fixed_actions_not_new_certificate,535,0,535,0.02675,609,0,74,424
C,TAB,C2,1,old_delta,20000,1.0,hypothetical_selected_chain_fixed_actions_not_new_certificate,609,0,609,0.03045,609,0,0,504
C,TAB,C2,1,old_delta,20000,1.1,hypothetical_selected_chain_fixed_actions_not_new_certificate,711,0,711,0.03555,609,102,0,607
C,TAB,C2,1,old_delta,20000,1.2,hypothetical_selected_chain_fixed_actions_not_new_certificate,826,0,826,0.0413,609,217,0,723
C,TAB,C2,1,expanded_static,20000,0.8,hypothetical_selected_chain_fixed_actions_not_new_certificate,707,10,717,0.03585,852,0,135,296
C,TAB,C2,1,expanded_static,20000,0.9,hypothetical_selected_chain_fixed_actions_not_new_certificate,761,10,771,0.03855,852,0,81,353
C,TAB,C2,1,expanded_static,20000,1.0,hypothetical_selected_chain_fixed_actions_not_new_certificate,842,10,852,0.0426,852,0,0,437
C,TAB,C2,1,expanded_static,20000,1.1,hypothetical_selected_chain_fixed_actions_not_new_certificate,965,10,975,0.04875,852,123,0,563
C,TAB,C2,1,expanded_static,20000,1.2,hypothetical_selected_chain_fixed_actions_not_new_certificate,1086,10,1096,0.0548,852,244,0,690
C,TAB,C2,1,expanded_delta,20000,0.8,hypothetical_selected_chain_fixed_actions_not_new_certificate,154,0,154,0.0077,226,0,72,111
C,TAB,C2,1,expanded_delta,20000,0.9,hypothetical_selected_chain_fixed_actions_not_new_certificate,181,0,181,0.00905,226,0,45,139
C,TAB,C2,1,expanded_delta,20000,1.0,hypothetical_selected_chain_fixed_actions_not_new_certificate,226,0,226,0.0113,226,0,0,186
C,TAB,C2,1,expanded_delta,20000,1.1,hypothetical_selected_chain_fixed_actions_not_new_certificate,274,0,274,0.0137,226,48,0,235
C,TAB,C2,1,expanded_delta,20000,1.2,hypothetical_selected_chain_fixed_actions_not_new_certificate,332,0,332,0.0166,226,106,0,294
C,TAB,C2,1,joint64,20000,0.8,hypothetical_selected_chain_fixed_actions_not_new_certificate,171,0,171,0.00855,249,0,78,121
C,TAB,C2,1,joint64,20000,0.9,hypothetical_selected_chain_fixed_actions_not_new_certificate,209,0,209,0.01045,249,0,40,161
C,TAB,C2,1,joint64,20000,1.0,hypothetical_selected_chain_fixed_actions_not_new_certificate,249,0,249,0.01245,249,0,0,203
C,TAB,C2,1,joint64,20000,1.1,hypothetical_selected_chain_fixed_actions_not_new_certificate,303,0,303,0.01515,249,54,0,258
C,TAB,C2,1,joint64,20000,1.2,hypothetical_selected_chain_fixed_actions_not_new_certificate,371,0,371,0.01855,249,122,0,327
C,TAB,C2,1,rb16,20000,0.8,hypothetical_selected_chain_fixed_actions_not_new_certificate,155,0,155,0.00775,200,0,45,103
C,TAB,C2,1,rb16,20000,0.9,hypothetical_selected_chain_fixed_actions_not_new_certificate,175,0,175,0.00875,200,0,25,124
C,TAB,C2,1,rb16,20000,1.0,hypothetical_selected_chain_fixed_actions_not_new_certificate,200,0,200,0.01,200,0,0,154
C,TAB,C2,1,rb16,20000,1.1,hypothetical_selected_chain_fixed_actions_not_new_certificate,238,0,238,0.0119,200,38,0,194
C,TAB,C2,1,rb16,20000,1.2,hypothetical_selected_chain_fixed_actions_not_new_certificate,294,0,294,0.0147,200,94,0,251
C,TAB,C2,1,joint64_prior,20000,0.8,hypothetical_selected_chain_fixed_actions_not_new_certificate,171,0,171,0.00855,266,0,95,123
C,TAB,C2,1,joint64_prior,20000,0.9,hypothetical_selected_chain_fixed_actions_not_new_certificate,208,0,208,0.0104,266,0,58,162
C,TAB,C2,1,joint64_prior,20000,1.0,hypothetical_selected_chain_fixed_actions_not_new_certificate,266,0,266,0.0133,266,0,0,223
C,TAB,C2,1,joint64_prior,20000,1.1,hypothetical_selected_chain_fixed_actions_not_new_certificate,322,0,322,0.0161,266,56,0,282
C,TAB,C2,1,joint64_prior,20000,1.2,hypothetical_selected_chain_fixed_actions_not_new_certificate,393,0,393,0.01965,266,127,0,355
C,TAB,C2,2,old_static,20000,0.8,hypothetical_selected_chain_fixed_actions_not_new_certificate,1912,8,1920,0.096,2118,0,198,983
C,TAB,C2,2,old_static,20000,0.9,hypothetical_selected_chain_fixed_actions_not_new_certificate,2008,8,2016,0.1008,2118,0,102,1080
C,TAB,C2,2,old_static,20000,1.0,hypothetical_selected_chain_fixed_actions_not_new_certificate,2110,8,2118,0.1059,2118,0,0,1182
C,TAB,C2,2,old_static,20000,1.1,hypothetical_selected_chain_fixed_actions_not_new_certificate,2226,8,2234,0.1117,2118,116,0,1300
C,TAB,C2,2,old_static,20000,1.2,hypothetical_selected_chain_fixed_actions_not_new_certificate,2358,8,2366,0.1183,2118,248,0,1436
C,TAB,C2,2,old_delta,20000,0.8,hypothetical_selected_chain_fixed_actions_not_new_certificate,495,0,495,0.02475,637,0,142,372
C,TAB,C2,2,old_delta,20000,0.9,hypothetical_selected_chain_fixed_actions_not_new_certificate,564,0,564,0.0282,637,0,73,444
C,TAB,C2,2,old_delta,20000,1.0,hypothetical_selected_chain_fixed_actions_not_new_certificate,637,0,637,0.03185,637,0,0,523
C,TAB,C2,2,old_delta,20000,1.1,hypothetical_selected_chain_fixed_actions_not_new_certificate,735,0,735,0.03675,637,98,0,626
C,TAB,C2,2,old_delta,20000,1.2,hypothetical_selected_chain_fixed_actions_not_new_certificate,831,0,831,0.04155,637,194,0,725
C,TAB,C2,2,expanded_static,20000,0.8,hypothetical_selected_chain_fixed_actions_not_new_certificate,700,10,710,0.0355,904,0,194,396
C,TAB,C2,2,expanded_static,20000,0.9,hypothetical_selected_chain_fixed_actions_not_new_certificate,787,10,797,0.03985,904,0,107,486
C,TAB,C2,2,expanded_static,20000,1.0,hypothetical_selected_chain_fixed_actions_not_new_certificate,894,10,904,0.0452,904,0,0,594
C,TAB,C2,2,expanded_static,20000,1.1,hypothetical_selected_chain_fixed_actions_not_new_certificate,1008,10,1018,0.0509,904,114,0,711
C,TAB,C2,2,expanded_static,20000,1.2,hypothetical_selected_chain_fixed_actions_not_new_certificate,1175,10,1185,0.05925,904,281,0,883
C,TAB,C2,2,expanded_delta,20000,0.8,hypothetical_selected_chain_fixed_actions_not_new_certificate,144,0,144,0.0072,229,0,85,124
C,TAB,C2,2,expanded_delta,20000,0.9,hypothetical_selected_chain_fixed_actions_not_new_certificate,180,0,180,0.009,229,0,49,160
C,TAB,C2,2,expanded_delta,20000,1.0,hypothetical_selected_chain_fixed_actions_not_new_certificate,229,0,229,0.01145,229,0,0,209
C,TAB,C2,2,expanded_delta,20000,1.1,hypothetical_selected_chain_fixed_actions_not_new_certificate,293,0,293,0.01465,229,64,0,274
C,TAB,C2,2,expanded_delta,20000,1.2,hypothetical_selected_chain_fixed_actions_not_new_certificate,375,0,375,0.01875,229,146,0,357
C,TAB,C2,2,joint64,20000,0.8,hypothetical_selected_chain_fixed_actions_not_new_certificate,153,0,153,0.00765,258,0,105,129
C,TAB,C2,2,joint64,20000,0.9,hypothetical_selected_chain_fixed_actions_not_new_certificate,204,0,204,0.0102,258,0,54,182
C,TAB,C2,2,joint64,20000,1.0,hypothetical_selected_chain_fixed_actions_not_new_certificate,258,0,258,0.0129,258,0,0,236
C,TAB,C2,2,joint64,20000,1.1,hypothetical_selected_chain_fixed_actions_not_new_certificate,324,0,324,0.0162,258,66,0,304
C,TAB,C2,2,joint64,20000,1.2,hypothetical_selected_chain_fixed_actions_not_new_certificate,413,0,413,0.02065,258,155,0,395
C,TAB,C2,2,rb16,20000,0.8,hypothetical_selected_chain_fixed_actions_not_new_certificate,142,0,142,0.0071,216,0,74,114
C,TAB,C2,2,rb16,20000,0.9,hypothetical_selected_chain_fixed_actions_not_new_certificate,179,0,179,0.00895,216,0,37,153
C,TAB,C2,2,rb16,20000,1.0,hypothetical_selected_chain_fixed_actions_not_new_certificate,216,0,216,0.0108,216,0,0,190
C,TAB,C2,2,rb16,20000,1.1,hypothetical_selected_chain_fixed_actions_not_new_certificate,270,0,270,0.0135,216,54,0,247
C,TAB,C2,2,rb16,20000,1.2,hypothetical_selected_chain_fixed_actions_not_new_certificate,338,0,338,0.0169,216,122,0,316
C,TAB,C2,2,joint64_prior,20000,0.8,hypothetical_selected_chain_fixed_actions_not_new_certificate,174,0,174,0.0087,286,0,112,145
C,TAB,C2,2,joint64_prior,20000,0.9,hypothetical_selected_chain_fixed_actions_not_new_certificate,222,0,222,0.0111,286,0,64,196
C,TAB,C2,2,joint64_prior,20000,1.0,hypothetical_selected_chain_fixed_actions_not_new_certificate,286,0,286,0.0143,286,0,0,260
C,TAB,C2,2,joint64_prior,20000,1.1,hypothetical_selected_chain_fixed_actions_not_new_certificate,368,0,368,0.0184,286,82,0,345
C,TAB,C2,2,joint64_prior,20000,1.2,hypothetical_selected_chain_fixed_actions_not_new_certificate,464,0,464,0.0232,286,178,0,443
C,NARROW,C0,0,old_static,20000,0.8,hypothetical_selected_chain_fixed_actions_not_new_certificate,1,0,1,5e-05,1,0,0,0
C,NARROW,C0,0,old_static,20000,0.9,hypothetical_selected_chain_fixed_actions_not_new_certificate,1,0,1,5e-05,1,0,0,0
C,NARROW,C0,0,old_static,20000,1.0,hypothetical_selected_chain_fixed_actions_not_new_certificate,1,0,1,5e-05,1,0,0,0
C,NARROW,C0,0,old_static,20000,1.1,hypothetical_selected_chain_fixed_actions_not_new_certificate,2,0,2,0.0001,1,1,0,1
C,NARROW,C0,0,old_static,20000,1.2,hypothetical_selected_chain_fixed_actions_not_new_certificate,2,0,2,0.0001,1,1,0,1
C,NARROW,C0,0,old_delta,20000,0.8,hypothetical_selected_chain_fixed_actions_not_new_certificate,0,0,0,0.0,0,0,0,0
C,NARROW,C0,0,old_delta,20000,0.9,hypothetical_selected_chain_fixed_actions_not_new_certificate,0,0,0,0.0,0,0,0,0
C,NARROW,C0,0,old_delta,20000,1.0,hypothetical_selected_chain_fixed_actions_not_new_certificate,0,0,0,0.0,0,0,0,0
C,NARROW,C0,0,old_delta,20000,1.1,hypothetical_selected_chain_fixed_actions_not_new_certificate,0,0,0,0.0,0,0,0,0
C,NARROW,C0,0,old_delta,20000,1.2,hypothetical_selected_chain_fixed_actions_not_new_certificate,0,0,0,0.0,0,0,0,0
C,NARROW,C0,0,expanded_static,20000,0.8,hypothetical_selected_chain_fixed_actions_not_new_certificate,4,0,4,0.0002,7,0,3,1
C,NARROW,C0,0,expanded_static,20000,0.9,hypothetical_selected_chain_fixed_actions_not_new_certificate,4,0,4,0.0002,7,0,3,1
C,NARROW,C0,0,expanded_static,20000,1.0,hypothetical_selected_chain_fixed_actions_not_new_certificate,7,0,7,0.00035,7,0,0,4
C,NARROW,C0,0,expanded_static,20000,1.1,hypothetical_selected_chain_fixed_actions_not_new_certificate,11,0,11,0.00055,7,4,0,8
C,NARROW,C0,0,expanded_static,20000,1.2,hypothetical_selected_chain_fixed_actions_not_new_certificate,21,0,21,0.00105,7,14,0,18
C,NARROW,C0,0,expanded_delta,20000,0.8,hypothetical_selected_chain_fixed_actions_not_new_certificate,4,0,4,0.0002,7,0,3,1
C,NARROW,C0,0,expanded_delta,20000,0.9,hypothetical_selected_chain_fixed_actions_not_new_certificate,4,0,4,0.0002,7,0,3,1
C,NARROW,C0,0,expanded_delta,20000,1.0,hypothetical_selected_chain_fixed_actions_not_new_certificate,7,0,7,0.00035,7,0,0,4
C,NARROW,C0,0,expanded_delta,20000,1.1,hypothetical_selected_chain_fixed_actions_not_new_certificate,11,0,11,0.00055,7,4,0,8
C,NARROW,C0,0,expanded_delta,20000,1.2,hypothetical_selected_chain_fixed_actions_not_new_certificate,21,0,21,0.00105,7,14,0,18
C,NARROW,C0,0,joint64,20000,0.8,hypothetical_selected_chain_fixed_actions_not_new_certificate,4,0,4,0.0002,7,0,3,1
C,NARROW,C0,0,joint64,20000,0.9,hypothetical_selected_chain_fixed_actions_not_new_certificate,4,0,4,0.0002,7,0,3,1
C,NARROW,C0,0,joint64,20000,1.0,hypothetical_selected_chain_fixed_actions_not_new_certificate,7,0,7,0.00035,7,0,0,4
C,NARROW,C0,0,joint64,20000,1.1,hypothetical_selected_chain_fixed_actions_not_new_certificate,11,0,11,0.00055,7,4,0,8
C,NARROW,C0,0,joint64,20000,1.2,hypothetical_selected_chain_fixed_actions_not_new_certificate,21,0,21,0.00105,7,14,0,18
C,NARROW,C0,0,rb16,20000,0.8,hypothetical_selected_chain_fixed_actions_not_new_certificate,4,0,4,0.0002,7,0,3,1
C,NARROW,C0,0,rb16,20000,0.9,hypothetical_selected_chain_fixed_actions_not_new_certificate,4,0,4,0.0002,7,0,3,1
C,NARROW,C0,0,rb16,20000,1.0,hypothetical_selected_chain_fixed_actions_not_new_certificate,7,0,7,0.00035,7,0,0,4
C,NARROW,C0,0,rb16,20000,1.1,hypothetical_selected_chain_fixed_actions_not_new_certificate,11,0,11,0.00055,7,4,0,8
C,NARROW,C0,0,rb16,20000,1.2,hypothetical_selected_chain_fixed_actions_not_new_certificate,21,0,21,0.00105,7,14,0,18
C,NARROW,C0,0,joint64_prior,20000,0.8,hypothetical_selected_chain_fixed_actions_not_new_certificate,4,0,4,0.0002,7,0,3,1
C,NARROW,C0,0,joint64_prior,20000,0.9,hypothetical_selected_chain_fixed_actions_not_new_certificate,4,0,4,0.0002,7,0,3,1
C,NARROW,C0,0,joint64_prior,20000,1.0,hypothetical_selected_chain_fixed_actions_not_new_certificate,7,0,7,0.00035,7,0,0,4
C,NARROW,C0,0,joint64_prior,20000,1.1,hypothetical_selected_chain_fixed_actions_not_new_certificate,11,0,11,0.00055,7,4,0,8
C,NARROW,C0,0,joint64_prior,20000,1.2,hypothetical_selected_chain_fixed_actions_not_new_certificate,21,0,21,0.00105,7,14,0,18
C,NARROW,C0,1,old_static,20000,0.8,hypothetical_selected_chain_fixed_actions_not_new_certificate,9,0,9,0.00045,10,0,1,0
C,NARROW,C0,1,old_static,20000,0.9,hypothetical_selected_chain_fixed_actions_not_new_certificate,9,0,9,0.00045,10,0,1,0
C,NARROW,C0,1,old_static,20000,1.0,hypothetical_selected_chain_fixed_actions_not_new_certificate,10,0,10,0.0005,10,0,0,1
C,NARROW,C0,1,old_static,20000,1.1,hypothetical_selected_chain_fixed_actions_not_new_certificate,10,0,10,0.0005,10,0,0,1
C,NARROW,C0,1,old_static,20000,1.2,hypothetical_selected_chain_fixed_actions_not_new_certificate,11,0,11,0.00055,10,1,0,2
C,NARROW,C0,1,old_delta,20000,0.8,hypothetical_selected_chain_fixed_actions_not_new_certificate,0,0,0,0.0,0,0,0,0
C,NARROW,C0,1,old_delta,20000,0.9,hypothetical_selected_chain_fixed_actions_not_new_certificate,0,0,0,0.0,0,0,0,0
C,NARROW,C0,1,old_delta,20000,1.0,hypothetical_selected_chain_fixed_actions_not_new_certificate,0,0,0,0.0,0,0,0,0
C,NARROW,C0,1,old_delta,20000,1.1,hypothetical_selected_chain_fixed_actions_not_new_certificate,0,0,0,0.0,0,0,0,0
C,NARROW,C0,1,old_delta,20000,1.2,hypothetical_selected_chain_fixed_actions_not_new_certificate,0,0,0,0.0,0,0,0,0
C,NARROW,C0,1,expanded_static,20000,0.8,hypothetical_selected_chain_fixed_actions_not_new_certificate,3,0,3,0.00015,7,0,4,1
C,NARROW,C0,1,expanded_static,20000,0.9,hypothetical_selected_chain_fixed_actions_not_new_certificate,4,0,4,0.0002,7,0,3,2
C,NARROW,C0,1,expanded_static,20000,1.0,hypothetical_selected_chain_fixed_actions_not_new_certificate,7,0,7,0.00035,7,0,0,5
C,NARROW,C0,1,expanded_static,20000,1.1,hypothetical_selected_chain_fixed_actions_not_new_certificate,12,0,12,0.0006,7,5,0,10
C,NARROW,C0,1,expanded_static,20000,1.2,hypothetical_selected_chain_fixed_actions_not_new_certificate,32,0,32,0.0016,7,25,0,30
C,NARROW,C0,1,expanded_delta,20000,0.8,hypothetical_selected_chain_fixed_actions_not_new_certificate,3,0,3,0.00015,7,0,4,1
C,NARROW,C0,1,expanded_delta,20000,0.9,hypothetical_selected_chain_fixed_actions_not_new_certificate,4,0,4,0.0002,7,0,3,2
C,NARROW,C0,1,expanded_delta,20000,1.0,hypothetical_selected_chain_fixed_actions_not_new_certificate,7,0,7,0.00035,7,0,0,5
C,NARROW,C0,1,expanded_delta,20000,1.1,hypothetical_selected_chain_fixed_actions_not_new_certificate,12,0,12,0.0006,7,5,0,10
C,NARROW,C0,1,expanded_delta,20000,1.2,hypothetical_selected_chain_fixed_actions_not_new_certificate,32,0,32,0.0016,7,25,0,30
C,NARROW,C0,1,joint64,20000,0.8,hypothetical_selected_chain_fixed_actions_not_new_certificate,3,0,3,0.00015,7,0,4,1
C,NARROW,C0,1,joint64,20000,0.9,hypothetical_selected_chain_fixed_actions_not_new_certificate,4,0,4,0.0002,7,0,3,2
C,NARROW,C0,1,joint64,20000,1.0,hypothetical_selected_chain_fixed_actions_not_new_certificate,7,0,7,0.00035,7,0,0,5
C,NARROW,C0,1,joint64,20000,1.1,hypothetical_selected_chain_fixed_actions_not_new_certificate,12,0,12,0.0006,7,5,0,10
C,NARROW,C0,1,joint64,20000,1.2,hypothetical_selected_chain_fixed_actions_not_new_certificate,32,0,32,0.0016,7,25,0,30
C,NARROW,C0,1,rb16,20000,0.8,hypothetical_selected_chain_fixed_actions_not_new_certificate,3,0,3,0.00015,7,0,4,1
C,NARROW,C0,1,rb16,20000,0.9,hypothetical_selected_chain_fixed_actions_not_new_certificate,4,0,4,0.0002,7,0,3,2
C,NARROW,C0,1,rb16,20000,1.0,hypothetical_selected_chain_fixed_actions_not_new_certificate,7,0,7,0.00035,7,0,0,5
C,NARROW,C0,1,rb16,20000,1.1,hypothetical_selected_chain_fixed_actions_not_new_certificate,12,0,12,0.0006,7,5,0,10
C,NARROW,C0,1,rb16,20000,1.2,hypothetical_selected_chain_fixed_actions_not_new_certificate,32,0,32,0.0016,7,25,0,30
C,NARROW,C0,1,joint64_prior,20000,0.8,hypothetical_selected_chain_fixed_actions_not_new_certificate,3,0,3,0.00015,7,0,4,1
C,NARROW,C0,1,joint64_prior,20000,0.9,hypothetical_selected_chain_fixed_actions_not_new_certificate,4,0,4,0.0002,7,0,3,2
C,NARROW,C0,1,joint64_prior,20000,1.0,hypothetical_selected_chain_fixed_actions_not_new_certificate,7,0,7,0.00035,7,0,0,5
C,NARROW,C0,1,joint64_prior,20000,1.1,hypothetical_selected_chain_fixed_actions_not_new_certificate,12,0,12,0.0006,7,5,0,10
C,NARROW,C0,1,joint64_prior,20000,1.2,hypothetical_selected_chain_fixed_actions_not_new_certificate,32,0,32,0.0016,7,25,0,30
C,NARROW,C0,2,old_static,20000,0.8,hypothetical_selected_chain_fixed_actions_not_new_certificate,6,0,6,0.0003,6,0,0,0
C,NARROW,C0,2,old_static,20000,0.9,hypothetical_selected_chain_fixed_actions_not_new_certificate,6,0,6,0.0003,6,0,0,0
C,NARROW,C0,2,old_static,20000,1.0,hypothetical_selected_chain_fixed_actions_not_new_certificate,6,0,6,0.0003,6,0,0,0
C,NARROW,C0,2,old_static,20000,1.1,hypothetical_selected_chain_fixed_actions_not_new_certificate,6,0,6,0.0003,6,0,0,0
C,NARROW,C0,2,old_static,20000,1.2,hypothetical_selected_chain_fixed_actions_not_new_certificate,6,0,6,0.0003,6,0,0,0
C,NARROW,C0,2,old_delta,20000,0.8,hypothetical_selected_chain_fixed_actions_not_new_certificate,0,0,0,0.0,0,0,0,0
C,NARROW,C0,2,old_delta,20000,0.9,hypothetical_selected_chain_fixed_actions_not_new_certificate,0,0,0,0.0,0,0,0,0
C,NARROW,C0,2,old_delta,20000,1.0,hypothetical_selected_chain_fixed_actions_not_new_certificate,0,0,0,0.0,0,0,0,0
C,NARROW,C0,2,old_delta,20000,1.1,hypothetical_selected_chain_fixed_actions_not_new_certificate,0,0,0,0.0,0,0,0,0
C,NARROW,C0,2,old_delta,20000,1.2,hypothetical_selected_chain_fixed_actions_not_new_certificate,0,0,0,0.0,0,0,0,0
C,NARROW,C0,2,expanded_static,20000,0.8,hypothetical_selected_chain_fixed_actions_not_new_certificate,0,0,0,0.0,0,0,0,0
C,NARROW,C0,2,expanded_static,20000,0.9,hypothetical_selected_chain_fixed_actions_not_new_certificate,0,0,0,0.0,0,0,0,0
C,NARROW,C0,2,expanded_static,20000,1.0,hypothetical_selected_chain_fixed_actions_not_new_certificate,0,0,0,0.0,0,0,0,0
C,NARROW,C0,2,expanded_static,20000,1.1,hypothetical_selected_chain_fixed_actions_not_new_certificate,0,0,0,0.0,0,0,0,0
C,NARROW,C0,2,expanded_static,20000,1.2,hypothetical_selected_chain_fixed_actions_not_new_certificate,1,0,1,5e-05,0,1,0,1
C,NARROW,C0,2,expanded_delta,20000,0.8,hypothetical_selected_chain_fixed_actions_not_new_certificate,0,0,0,0.0,0,0,0,0
C,NARROW,C0,2,expanded_delta,20000,0.9,hypothetical_selected_chain_fixed_actions_not_new_certificate,0,0,0,0.0,0,0,0,0
C,NARROW,C0,2,expanded_delta,20000,1.0,hypothetical_selected_chain_fixed_actions_not_new_certificate,0,0,0,0.0,0,0,0,0
C,NARROW,C0,2,expanded_delta,20000,1.1,hypothetical_selected_chain_fixed_actions_not_new_certificate,0,0,0,0.0,0,0,0,0
C,NARROW,C0,2,expanded_delta,20000,1.2,hypothetical_selected_chain_fixed_actions_not_new_certificate,1,0,1,5e-05,0,1,0,1
C,NARROW,C0,2,joint64,20000,0.8,hypothetical_selected_chain_fixed_actions_not_new_certificate,0,0,0,0.0,0,0,0,0
C,NARROW,C0,2,joint64,20000,0.9,hypothetical_selected_chain_fixed_actions_not_new_certificate,0,0,0,0.0,0,0,0,0
C,NARROW,C0,2,joint64,20000,1.0,hypothetical_selected_chain_fixed_actions_not_new_certificate,0,0,0,0.0,0,0,0,0
C,NARROW,C0,2,joint64,20000,1.1,hypothetical_selected_chain_fixed_actions_not_new_certificate,0,0,0,0.0,0,0,0,0
C,NARROW,C0,2,joint64,20000,1.2,hypothetical_selected_chain_fixed_actions_not_new_certificate,1,0,1,5e-05,0,1,0,1
C,NARROW,C0,2,rb16,20000,0.8,hypothetical_selected_chain_fixed_actions_not_new_certificate,0,0,0,0.0,0,0,0,0
C,NARROW,C0,2,rb16,20000,0.9,hypothetical_selected_chain_fixed_actions_not_new_certificate,0,0,0,0.0,0,0,0,0
C,NARROW,C0,2,rb16,20000,1.0,hypothetical_selected_chain_fixed_actions_not_new_certificate,0,0,0,0.0,0,0,0,0
C,NARROW,C0,2,rb16,20000,1.1,hypothetical_selected_chain_fixed_actions_not_new_certificate,0,0,0,0.0,0,0,0,0
C,NARROW,C0,2,rb16,20000,1.2,hypothetical_selected_chain_fixed_actions_not_new_certificate,1,0,1,5e-05,0,1,0,1
C,NARROW,C0,2,joint64_prior,20000,0.8,hypothetical_selected_chain_fixed_actions_not_new_certificate,0,0,0,0.0,0,0,0,0
C,NARROW,C0,2,joint64_prior,20000,0.9,hypothetical_selected_chain_fixed_actions_not_new_certificate,0,0,0,0.0,0,0,0,0
C,NARROW,C0,2,joint64_prior,20000,1.0,hypothetical_selected_chain_fixed_actions_not_new_certificate,0,0,0,0.0,0,0,0,0
C,NARROW,C0,2,joint64_prior,20000,1.1,hypothetical_selected_chain_fixed_actions_not_new_certificate,0,0,0,0.0,0,0,0,0
C,NARROW,C0,2,joint64_prior,20000,1.2,hypothetical_selected_chain_fixed_actions_not_new_certificate,1,0,1,5e-05,0,1,0,1
C,NARROW,C1,0,old_static,20000,0.8,hypothetical_selected_chain_fixed_actions_not_new_certificate,10,0,10,0.0005,10,0,0,0
C,NARROW,C1,0,old_static,20000,0.9,hypothetical_selected_chain_fixed_actions_not_new_certificate,10,0,10,0.0005,10,0,0,0
C,NARROW,C1,0,old_static,20000,1.0,hypothetical_selected_chain_fixed_actions_not_new_certificate,10,0,10,0.0005,10,0,0,0
C,NARROW,C1,0,old_static,20000,1.1,hypothetical_selected_chain_fixed_actions_not_new_certificate,10,0,10,0.0005,10,0,0,0
C,NARROW,C1,0,old_static,20000,1.2,hypothetical_selected_chain_fixed_actions_not_new_certificate,10,0,10,0.0005,10,0,0,0
C,NARROW,C1,0,old_delta,20000,0.8,hypothetical_selected_chain_fixed_actions_not_new_certificate,0,0,0,0.0,0,0,0,0
C,NARROW,C1,0,old_delta,20000,0.9,hypothetical_selected_chain_fixed_actions_not_new_certificate,0,0,0,0.0,0,0,0,0
C,NARROW,C1,0,old_delta,20000,1.0,hypothetical_selected_chain_fixed_actions_not_new_certificate,0,0,0,0.0,0,0,0,0
C,NARROW,C1,0,old_delta,20000,1.1,hypothetical_selected_chain_fixed_actions_not_new_certificate,0,0,0,0.0,0,0,0,0
C,NARROW,C1,0,old_delta,20000,1.2,hypothetical_selected_chain_fixed_actions_not_new_certificate,0,0,0,0.0,0,0,0,0
C,NARROW,C1,0,expanded_static,20000,0.8,hypothetical_selected_chain_fixed_actions_not_new_certificate,1,0,1,5e-05,1,0,0,0
C,NARROW,C1,0,expanded_static,20000,0.9,hypothetical_selected_chain_fixed_actions_not_new_certificate,1,0,1,5e-05,1,0,0,0
C,NARROW,C1,0,expanded_static,20000,1.0,hypothetical_selected_chain_fixed_actions_not_new_certificate,1,0,1,5e-05,1,0,0,0
C,NARROW,C1,0,expanded_static,20000,1.1,hypothetical_selected_chain_fixed_actions_not_new_certificate,3,0,3,0.00015,1,2,0,2
C,NARROW,C1,0,expanded_static,20000,1.2,hypothetical_selected_chain_fixed_actions_not_new_certificate,8,0,8,0.0004,1,7,0,7
C,NARROW,C1,0,expanded_delta,20000,0.8,hypothetical_selected_chain_fixed_actions_not_new_certificate,1,0,1,5e-05,1,0,0,0
C,NARROW,C1,0,expanded_delta,20000,0.9,hypothetical_selected_chain_fixed_actions_not_new_certificate,1,0,1,5e-05,1,0,0,0
C,NARROW,C1,0,expanded_delta,20000,1.0,hypothetical_selected_chain_fixed_actions_not_new_certificate,1,0,1,5e-05,1,0,0,0
C,NARROW,C1,0,expanded_delta,20000,1.1,hypothetical_selected_chain_fixed_actions_not_new_certificate,3,0,3,0.00015,1,2,0,2
C,NARROW,C1,0,expanded_delta,20000,1.2,hypothetical_selected_chain_fixed_actions_not_new_certificate,8,0,8,0.0004,1,7,0,7
C,NARROW,C1,0,joint64,20000,0.8,hypothetical_selected_chain_fixed_actions_not_new_certificate,1,0,1,5e-05,1,0,0,0
C,NARROW,C1,0,joint64,20000,0.9,hypothetical_selected_chain_fixed_actions_not_new_certificate,1,0,1,5e-05,1,0,0,0
C,NARROW,C1,0,joint64,20000,1.0,hypothetical_selected_chain_fixed_actions_not_new_certificate,1,0,1,5e-05,1,0,0,0
C,NARROW,C1,0,joint64,20000,1.1,hypothetical_selected_chain_fixed_actions_not_new_certificate,3,0,3,0.00015,1,2,0,2
C,NARROW,C1,0,joint64,20000,1.2,hypothetical_selected_chain_fixed_actions_not_new_certificate,8,0,8,0.0004,1,7,0,7
C,NARROW,C1,0,rb16,20000,0.8,hypothetical_selected_chain_fixed_actions_not_new_certificate,1,0,1,5e-05,1,0,0,0
C,NARROW,C1,0,rb16,20000,0.9,hypothetical_selected_chain_fixed_actions_not_new_certificate,1,0,1,5e-05,1,0,0,0
C,NARROW,C1,0,rb16,20000,1.0,hypothetical_selected_chain_fixed_actions_not_new_certificate,1,0,1,5e-05,1,0,0,0
C,NARROW,C1,0,rb16,20000,1.1,hypothetical_selected_chain_fixed_actions_not_new_certificate,3,0,3,0.00015,1,2,0,2
C,NARROW,C1,0,rb16,20000,1.2,hypothetical_selected_chain_fixed_actions_not_new_certificate,8,0,8,0.0004,1,7,0,7
C,NARROW,C1,0,joint64_prior,20000,0.8,hypothetical_selected_chain_fixed_actions_not_new_certificate,1,0,1,5e-05,1,0,0,0
C,NARROW,C1,0,joint64_prior,20000,0.9,hypothetical_selected_chain_fixed_actions_not_new_certificate,1,0,1,5e-05,1,0,0,0
C,NARROW,C1,0,joint64_prior,20000,1.0,hypothetical_selected_chain_fixed_actions_not_new_certificate,1,0,1,5e-05,1,0,0,0
C,NARROW,C1,0,joint64_prior,20000,1.1,hypothetical_selected_chain_fixed_actions_not_new_certificate,3,0,3,0.00015,1,2,0,2
C,NARROW,C1,0,joint64_prior,20000,1.2,hypothetical_selected_chain_fixed_actions_not_new_certificate,8,0,8,0.0004,1,7,0,7
C,NARROW,C1,1,old_static,20000,0.8,hypothetical_selected_chain_fixed_actions_not_new_certificate,0,0,0,0.0,0,0,0,0
C,NARROW,C1,1,old_static,20000,0.9,hypothetical_selected_chain_fixed_actions_not_new_certificate,0,0,0,0.0,0,0,0,0
C,NARROW,C1,1,old_static,20000,1.0,hypothetical_selected_chain_fixed_actions_not_new_certificate,0,0,0,0.0,0,0,0,0
C,NARROW,C1,1,old_static,20000,1.1,hypothetical_selected_chain_fixed_actions_not_new_certificate,0,0,0,0.0,0,0,0,0
C,NARROW,C1,1,old_static,20000,1.2,hypothetical_selected_chain_fixed_actions_not_new_certificate,2,0,2,0.0001,0,2,0,2
C,NARROW,C1,1,old_delta,20000,0.8,hypothetical_selected_chain_fixed_actions_not_new_certificate,0,0,0,0.0,0,0,0,0
C,NARROW,C1,1,old_delta,20000,0.9,hypothetical_selected_chain_fixed_actions_not_new_certificate,0,0,0,0.0,0,0,0,0
C,NARROW,C1,1,old_delta,20000,1.0,hypothetical_selected_chain_fixed_actions_not_new_certificate,0,0,0,0.0,0,0,0,0
C,NARROW,C1,1,old_delta,20000,1.1,hypothetical_selected_chain_fixed_actions_not_new_certificate,0,0,0,0.0,0,0,0,0
C,NARROW,C1,1,old_delta,20000,1.2,hypothetical_selected_chain_fixed_actions_not_new_certificate,0,0,0,0.0,0,0,0,0
C,NARROW,C1,1,expanded_static,20000,0.8,hypothetical_selected_chain_fixed_actions_not_new_certificate,1,0,1,5e-05,1,0,0,0
C,NARROW,C1,1,expanded_static,20000,0.9,hypothetical_selected_chain_fixed_actions_not_new_certificate,1,0,1,5e-05,1,0,0,0
C,NARROW,C1,1,expanded_static,20000,1.0,hypothetical_selected_chain_fixed_actions_not_new_certificate,1,0,1,5e-05,1,0,0,0
C,NARROW,C1,1,expanded_static,20000,1.1,hypothetical_selected_chain_fixed_actions_not_new_certificate,1,0,1,5e-05,1,0,0,0
C,NARROW,C1,1,expanded_static,20000,1.2,hypothetical_selected_chain_fixed_actions_not_new_certificate,5,0,5,0.00025,1,4,0,4
C,NARROW,C1,1,expanded_delta,20000,0.8,hypothetical_selected_chain_fixed_actions_not_new_certificate,1,0,1,5e-05,1,0,0,0
C,NARROW,C1,1,expanded_delta,20000,0.9,hypothetical_selected_chain_fixed_actions_not_new_certificate,1,0,1,5e-05,1,0,0,0
C,NARROW,C1,1,expanded_delta,20000,1.0,hypothetical_selected_chain_fixed_actions_not_new_certificate,1,0,1,5e-05,1,0,0,0
C,NARROW,C1,1,expanded_delta,20000,1.1,hypothetical_selected_chain_fixed_actions_not_new_certificate,1,0,1,5e-05,1,0,0,0
C,NARROW,C1,1,expanded_delta,20000,1.2,hypothetical_selected_chain_fixed_actions_not_new_certificate,5,0,5,0.00025,1,4,0,4
C,NARROW,C1,1,joint64,20000,0.8,hypothetical_selected_chain_fixed_actions_not_new_certificate,1,0,1,5e-05,1,0,0,0
C,NARROW,C1,1,joint64,20000,0.9,hypothetical_selected_chain_fixed_actions_not_new_certificate,1,0,1,5e-05,1,0,0,0
C,NARROW,C1,1,joint64,20000,1.0,hypothetical_selected_chain_fixed_actions_not_new_certificate,1,0,1,5e-05,1,0,0,0
C,NARROW,C1,1,joint64,20000,1.1,hypothetical_selected_chain_fixed_actions_not_new_certificate,1,0,1,5e-05,1,0,0,0
C,NARROW,C1,1,joint64,20000,1.2,hypothetical_selected_chain_fixed_actions_not_new_certificate,5,0,5,0.00025,1,4,0,4
C,NARROW,C1,1,rb16,20000,0.8,hypothetical_selected_chain_fixed_actions_not_new_certificate,1,0,1,5e-05,1,0,0,0
C,NARROW,C1,1,rb16,20000,0.9,hypothetical_selected_chain_fixed_actions_not_new_certificate,1,0,1,5e-05,1,0,0,0
C,NARROW,C1,1,rb16,20000,1.0,hypothetical_selected_chain_fixed_actions_not_new_certificate,1,0,1,5e-05,1,0,0,0
C,NARROW,C1,1,rb16,20000,1.1,hypothetical_selected_chain_fixed_actions_not_new_certificate,1,0,1,5e-05,1,0,0,0
C,NARROW,C1,1,rb16,20000,1.2,hypothetical_selected_chain_fixed_actions_not_new_certificate,5,0,5,0.00025,1,4,0,4
C,NARROW,C1,1,joint64_prior,20000,0.8,hypothetical_selected_chain_fixed_actions_not_new_certificate,1,0,1,5e-05,1,0,0,0
C,NARROW,C1,1,joint64_prior,20000,0.9,hypothetical_selected_chain_fixed_actions_not_new_certificate,1,0,1,5e-05,1,0,0,0
C,NARROW,C1,1,joint64_prior,20000,1.0,hypothetical_selected_chain_fixed_actions_not_new_certificate,1,0,1,5e-05,1,0,0,0
C,NARROW,C1,1,joint64_prior,20000,1.1,hypothetical_selected_chain_fixed_actions_not_new_certificate,1,0,1,5e-05,1,0,0,0
C,NARROW,C1,1,joint64_prior,20000,1.2,hypothetical_selected_chain_fixed_actions_not_new_certificate,5,0,5,0.00025,1,4,0,4
C,NARROW,C1,2,old_static,20000,0.8,hypothetical_selected_chain_fixed_actions_not_new_certificate,5,0,5,0.00025,5,0,0,0
C,NARROW,C1,2,old_static,20000,0.9,hypothetical_selected_chain_fixed_actions_not_new_certificate,5,0,5,0.00025,5,0,0,0
C,NARROW,C1,2,old_static,20000,1.0,hypothetical_selected_chain_fixed_actions_not_new_certificate,5,0,5,0.00025,5,0,0,0
C,NARROW,C1,2,old_static,20000,1.1,hypothetical_selected_chain_fixed_actions_not_new_certificate,5,0,5,0.00025,5,0,0,0
C,NARROW,C1,2,old_static,20000,1.2,hypothetical_selected_chain_fixed_actions_not_new_certificate,5,0,5,0.00025,5,0,0,0
C,NARROW,C1,2,old_delta,20000,0.8,hypothetical_selected_chain_fixed_actions_not_new_certificate,0,0,0,0.0,0,0,0,0
C,NARROW,C1,2,old_delta,20000,0.9,hypothetical_selected_chain_fixed_actions_not_new_certificate,0,0,0,0.0,0,0,0,0
C,NARROW,C1,2,old_delta,20000,1.0,hypothetical_selected_chain_fixed_actions_not_new_certificate,0,0,0,0.0,0,0,0,0
C,NARROW,C1,2,old_delta,20000,1.1,hypothetical_selected_chain_fixed_actions_not_new_certificate,0,0,0,0.0,0,0,0,0
C,NARROW,C1,2,old_delta,20000,1.2,hypothetical_selected_chain_fixed_actions_not_new_certificate,0,0,0,0.0,0,0,0,0
C,NARROW,C1,2,expanded_static,20000,0.8,hypothetical_selected_chain_fixed_actions_not_new_certificate,2,0,2,0.0001,3,0,1,0
C,NARROW,C1,2,expanded_static,20000,0.9,hypothetical_selected_chain_fixed_actions_not_new_certificate,2,0,2,0.0001,3,0,1,0
C,NARROW,C1,2,expanded_static,20000,1.0,hypothetical_selected_chain_fixed_actions_not_new_certificate,3,0,3,0.00015,3,0,0,1
C,NARROW,C1,2,expanded_static,20000,1.1,hypothetical_selected_chain_fixed_actions_not_new_certificate,3,0,3,0.00015,3,0,0,1
C,NARROW,C1,2,expanded_static,20000,1.2,hypothetical_selected_chain_fixed_actions_not_new_certificate,7,0,7,0.00035,3,4,0,5
C,NARROW,C1,2,expanded_delta,20000,0.8,hypothetical_selected_chain_fixed_actions_not_new_certificate,2,0,2,0.0001,3,0,1,0
C,NARROW,C1,2,expanded_delta,20000,0.9,hypothetical_selected_chain_fixed_actions_not_new_certificate,2,0,2,0.0001,3,0,1,0
C,NARROW,C1,2,expanded_delta,20000,1.0,hypothetical_selected_chain_fixed_actions_not_new_certificate,3,0,3,0.00015,3,0,0,1
C,NARROW,C1,2,expanded_delta,20000,1.1,hypothetical_selected_chain_fixed_actions_not_new_certificate,3,0,3,0.00015,3,0,0,1
C,NARROW,C1,2,expanded_delta,20000,1.2,hypothetical_selected_chain_fixed_actions_not_new_certificate,7,0,7,0.00035,3,4,0,5
C,NARROW,C1,2,joint64,20000,0.8,hypothetical_selected_chain_fixed_actions_not_new_certificate,2,0,2,0.0001,3,0,1,0
C,NARROW,C1,2,joint64,20000,0.9,hypothetical_selected_chain_fixed_actions_not_new_certificate,2,0,2,0.0001,3,0,1,0
C,NARROW,C1,2,joint64,20000,1.0,hypothetical_selected_chain_fixed_actions_not_new_certificate,3,0,3,0.00015,3,0,0,1
C,NARROW,C1,2,joint64,20000,1.1,hypothetical_selected_chain_fixed_actions_not_new_certificate,3,0,3,0.00015,3,0,0,1
C,NARROW,C1,2,joint64,20000,1.2,hypothetical_selected_chain_fixed_actions_not_new_certificate,7,0,7,0.00035,3,4,0,5
C,NARROW,C1,2,rb16,20000,0.8,hypothetical_selected_chain_fixed_actions_not_new_certificate,2,0,2,0.0001,3,0,1,0
C,NARROW,C1,2,rb16,20000,0.9,hypothetical_selected_chain_fixed_actions_not_new_certificate,2,0,2,0.0001,3,0,1,0
C,NARROW,C1,2,rb16,20000,1.0,hypothetical_selected_chain_fixed_actions_not_new_certificate,3,0,3,0.00015,3,0,0,1
C,NARROW,C1,2,rb16,20000,1.1,hypothetical_selected_chain_fixed_actions_not_new_certificate,3,0,3,0.00015,3,0,0,1
C,NARROW,C1,2,rb16,20000,1.2,hypothetical_selected_chain_fixed_actions_not_new_certificate,7,0,7,0.00035,3,4,0,5
C,NARROW,C1,2,joint64_prior,20000,0.8,hypothetical_selected_chain_fixed_actions_not_new_certificate,2,0,2,0.0001,3,0,1,0
C,NARROW,C1,2,joint64_prior,20000,0.9,hypothetical_selected_chain_fixed_actions_not_new_certificate,2,0,2,0.0001,3,0,1,0
C,NARROW,C1,2,joint64_prior,20000,1.0,hypothetical_selected_chain_fixed_actions_not_new_certificate,3,0,3,0.00015,3,0,0,1
C,NARROW,C1,2,joint64_prior,20000,1.1,hypothetical_selected_chain_fixed_actions_not_new_certificate,3,0,3,0.00015,3,0,0,1
C,NARROW,C1,2,joint64_prior,20000,1.2,hypothetical_selected_chain_fixed_actions_not_new_certificate,7,0,7,0.00035,3,4,0,5
C,NARROW,C2,0,old_static,20000,0.8,hypothetical_selected_chain_fixed_actions_not_new_certificate,5,0,5,0.00025,5,0,0,1
C,NARROW,C2,0,old_static,20000,0.9,hypothetical_selected_chain_fixed_actions_not_new_certificate,5,0,5,0.00025,5,0,0,1
C,NARROW,C2,0,old_static,20000,1.0,hypothetical_selected_chain_fixed_actions_not_new_certificate,5,0,5,0.00025,5,0,0,1
C,NARROW,C2,0,old_static,20000,1.1,hypothetical_selected_chain_fixed_actions_not_new_certificate,7,0,7,0.00035,5,2,0,3
C,NARROW,C2,0,old_static,20000,1.2,hypothetical_selected_chain_fixed_actions_not_new_certificate,9,0,9,0.00045,5,4,0,5
C,NARROW,C2,0,old_delta,20000,0.8,hypothetical_selected_chain_fixed_actions_not_new_certificate,0,0,0,0.0,0,0,0,0
C,NARROW,C2,0,old_delta,20000,0.9,hypothetical_selected_chain_fixed_actions_not_new_certificate,0,0,0,0.0,0,0,0,0
C,NARROW,C2,0,old_delta,20000,1.0,hypothetical_selected_chain_fixed_actions_not_new_certificate,0,0,0,0.0,0,0,0,0
C,NARROW,C2,0,old_delta,20000,1.1,hypothetical_selected_chain_fixed_actions_not_new_certificate,0,0,0,0.0,0,0,0,0
C,NARROW,C2,0,old_delta,20000,1.2,hypothetical_selected_chain_fixed_actions_not_new_certificate,0,0,0,0.0,0,0,0,0
C,NARROW,C2,0,expanded_static,20000,0.8,hypothetical_selected_chain_fixed_actions_not_new_certificate,2,0,2,0.0001,6,0,4,2
C,NARROW,C2,0,expanded_static,20000,0.9,hypothetical_selected_chain_fixed_actions_not_new_certificate,4,0,4,0.0002,6,0,2,4
C,NARROW,C2,0,expanded_static,20000,1.0,hypothetical_selected_chain_fixed_actions_not_new_certificate,6,0,6,0.0003,6,0,0,6
C,NARROW,C2,0,expanded_static,20000,1.1,hypothetical_selected_chain_fixed_actions_not_new_certificate,10,0,10,0.0005,6,4,0,10
C,NARROW,C2,0,expanded_static,20000,1.2,hypothetical_selected_chain_fixed_actions_not_new_certificate,20,0,20,0.001,6,14,0,20
C,NARROW,C2,0,expanded_delta,20000,0.8,hypothetical_selected_chain_fixed_actions_not_new_certificate,2,0,2,0.0001,6,0,4,2
C,NARROW,C2,0,expanded_delta,20000,0.9,hypothetical_selected_chain_fixed_actions_not_new_certificate,4,0,4,0.0002,6,0,2,4
C,NARROW,C2,0,expanded_delta,20000,1.0,hypothetical_selected_chain_fixed_actions_not_new_certificate,6,0,6,0.0003,6,0,0,6
C,NARROW,C2,0,expanded_delta,20000,1.1,hypothetical_selected_chain_fixed_actions_not_new_certificate,10,0,10,0.0005,6,4,0,10
C,NARROW,C2,0,expanded_delta,20000,1.2,hypothetical_selected_chain_fixed_actions_not_new_certificate,20,0,20,0.001,6,14,0,20
C,NARROW,C2,0,joint64,20000,0.8,hypothetical_selected_chain_fixed_actions_not_new_certificate,2,0,2,0.0001,6,0,4,2
C,NARROW,C2,0,joint64,20000,0.9,hypothetical_selected_chain_fixed_actions_not_new_certificate,4,0,4,0.0002,6,0,2,4
C,NARROW,C2,0,joint64,20000,1.0,hypothetical_selected_chain_fixed_actions_not_new_certificate,6,0,6,0.0003,6,0,0,6
C,NARROW,C2,0,joint64,20000,1.1,hypothetical_selected_chain_fixed_actions_not_new_certificate,10,0,10,0.0005,6,4,0,10
C,NARROW,C2,0,joint64,20000,1.2,hypothetical_selected_chain_fixed_actions_not_new_certificate,20,0,20,0.001,6,14,0,20
C,NARROW,C2,0,rb16,20000,0.8,hypothetical_selected_chain_fixed_actions_not_new_certificate,2,0,2,0.0001,6,0,4,2
C,NARROW,C2,0,rb16,20000,0.9,hypothetical_selected_chain_fixed_actions_not_new_certificate,4,0,4,0.0002,6,0,2,4
C,NARROW,C2,0,rb16,20000,1.0,hypothetical_selected_chain_fixed_actions_not_new_certificate,6,0,6,0.0003,6,0,0,6
C,NARROW,C2,0,rb16,20000,1.1,hypothetical_selected_chain_fixed_actions_not_new_certificate,10,0,10,0.0005,6,4,0,10
C,NARROW,C2,0,rb16,20000,1.2,hypothetical_selected_chain_fixed_actions_not_new_certificate,20,0,20,0.001,6,14,0,20
C,NARROW,C2,0,joint64_prior,20000,0.8,hypothetical_selected_chain_fixed_actions_not_new_certificate,2,0,2,0.0001,6,0,4,2
C,NARROW,C2,0,joint64_prior,20000,0.9,hypothetical_selected_chain_fixed_actions_not_new_certificate,4,0,4,0.0002,6,0,2,4
C,NARROW,C2,0,joint64_prior,20000,1.0,hypothetical_selected_chain_fixed_actions_not_new_certificate,6,0,6,0.0003,6,0,0,6
C,NARROW,C2,0,joint64_prior,20000,1.1,hypothetical_selected_chain_fixed_actions_not_new_certificate,10,0,10,0.0005,6,4,0,10
C,NARROW,C2,0,joint64_prior,20000,1.2,hypothetical_selected_chain_fixed_actions_not_new_certificate,20,0,20,0.001,6,14,0,20
C,NARROW,C2,1,old_static,20000,0.8,hypothetical_selected_chain_fixed_actions_not_new_certificate,7,0,7,0.00035,7,0,0,0
C,NARROW,C2,1,old_static,20000,0.9,hypothetical_selected_chain_fixed_actions_not_new_certificate,7,0,7,0.00035,7,0,0,0
C,NARROW,C2,1,old_static,20000,1.0,hypothetical_selected_chain_fixed_actions_not_new_certificate,7,0,7,0.00035,7,0,0,0
C,NARROW,C2,1,old_static,20000,1.1,hypothetical_selected_chain_fixed_actions_not_new_certificate,9,0,9,0.00045,7,2,0,2
C,NARROW,C2,1,old_static,20000,1.2,hypothetical_selected_chain_fixed_actions_not_new_certificate,10,0,10,0.0005,7,3,0,3
C,NARROW,C2,1,old_delta,20000,0.8,hypothetical_selected_chain_fixed_actions_not_new_certificate,0,0,0,0.0,0,0,0,0
C,NARROW,C2,1,old_delta,20000,0.9,hypothetical_selected_chain_fixed_actions_not_new_certificate,0,0,0,0.0,0,0,0,0
C,NARROW,C2,1,old_delta,20000,1.0,hypothetical_selected_chain_fixed_actions_not_new_certificate,0,0,0,0.0,0,0,0,0
C,NARROW,C2,1,old_delta,20000,1.1,hypothetical_selected_chain_fixed_actions_not_new_certificate,0,0,0,0.0,0,0,0,0
C,NARROW,C2,1,old_delta,20000,1.2,hypothetical_selected_chain_fixed_actions_not_new_certificate,0,0,0,0.0,0,0,0,0
C,NARROW,C2,1,expanded_static,20000,0.8,hypothetical_selected_chain_fixed_actions_not_new_certificate,1,0,1,5e-05,2,0,1,0
C,NARROW,C2,1,expanded_static,20000,0.9,hypothetical_selected_chain_fixed_actions_not_new_certificate,1,0,1,5e-05,2,0,1,0
C,NARROW,C2,1,expanded_static,20000,1.0,hypothetical_selected_chain_fixed_actions_not_new_certificate,2,0,2,0.0001,2,0,0,1
C,NARROW,C2,1,expanded_static,20000,1.1,hypothetical_selected_chain_fixed_actions_not_new_certificate,3,0,3,0.00015,2,1,0,2
C,NARROW,C2,1,expanded_static,20000,1.2,hypothetical_selected_chain_fixed_actions_not_new_certificate,7,0,7,0.00035,2,5,0,6
C,NARROW,C2,1,expanded_delta,20000,0.8,hypothetical_selected_chain_fixed_actions_not_new_certificate,1,0,1,5e-05,2,0,1,0
C,NARROW,C2,1,expanded_delta,20000,0.9,hypothetical_selected_chain_fixed_actions_not_new_certificate,1,0,1,5e-05,2,0,1,0
C,NARROW,C2,1,expanded_delta,20000,1.0,hypothetical_selected_chain_fixed_actions_not_new_certificate,2,0,2,0.0001,2,0,0,1
C,NARROW,C2,1,expanded_delta,20000,1.1,hypothetical_selected_chain_fixed_actions_not_new_certificate,3,0,3,0.00015,2,1,0,2
C,NARROW,C2,1,expanded_delta,20000,1.2,hypothetical_selected_chain_fixed_actions_not_new_certificate,7,0,7,0.00035,2,5,0,6
C,NARROW,C2,1,joint64,20000,0.8,hypothetical_selected_chain_fixed_actions_not_new_certificate,1,0,1,5e-05,2,0,1,0
C,NARROW,C2,1,joint64,20000,0.9,hypothetical_selected_chain_fixed_actions_not_new_certificate,1,0,1,5e-05,2,0,1,0
C,NARROW,C2,1,joint64,20000,1.0,hypothetical_selected_chain_fixed_actions_not_new_certificate,2,0,2,0.0001,2,0,0,1
C,NARROW,C2,1,joint64,20000,1.1,hypothetical_selected_chain_fixed_actions_not_new_certificate,3,0,3,0.00015,2,1,0,2
C,NARROW,C2,1,joint64,20000,1.2,hypothetical_selected_chain_fixed_actions_not_new_certificate,7,0,7,0.00035,2,5,0,6
C,NARROW,C2,1,rb16,20000,0.8,hypothetical_selected_chain_fixed_actions_not_new_certificate,1,0,1,5e-05,2,0,1,0
C,NARROW,C2,1,rb16,20000,0.9,hypothetical_selected_chain_fixed_actions_not_new_certificate,1,0,1,5e-05,2,0,1,0
C,NARROW,C2,1,rb16,20000,1.0,hypothetical_selected_chain_fixed_actions_not_new_certificate,2,0,2,0.0001,2,0,0,1
C,NARROW,C2,1,rb16,20000,1.1,hypothetical_selected_chain_fixed_actions_not_new_certificate,3,0,3,0.00015,2,1,0,2
C,NARROW,C2,1,rb16,20000,1.2,hypothetical_selected_chain_fixed_actions_not_new_certificate,7,0,7,0.00035,2,5,0,6
C,NARROW,C2,1,joint64_prior,20000,0.8,hypothetical_selected_chain_fixed_actions_not_new_certificate,1,0,1,5e-05,2,0,1,0
C,NARROW,C2,1,joint64_prior,20000,0.9,hypothetical_selected_chain_fixed_actions_not_new_certificate,1,0,1,5e-05,2,0,1,0
C,NARROW,C2,1,joint64_prior,20000,1.0,hypothetical_selected_chain_fixed_actions_not_new_certificate,2,0,2,0.0001,2,0,0,1
C,NARROW,C2,1,joint64_prior,20000,1.1,hypothetical_selected_chain_fixed_actions_not_new_certificate,3,0,3,0.00015,2,1,0,2
C,NARROW,C2,1,joint64_prior,20000,1.2,hypothetical_selected_chain_fixed_actions_not_new_certificate,7,0,7,0.00035,2,5,0,6
C,NARROW,C2,2,old_static,20000,0.8,hypothetical_selected_chain_fixed_actions_not_new_certificate,14,0,14,0.0007,14,0,0,0
C,NARROW,C2,2,old_static,20000,0.9,hypothetical_selected_chain_fixed_actions_not_new_certificate,14,0,14,0.0007,14,0,0,0
C,NARROW,C2,2,old_static,20000,1.0,hypothetical_selected_chain_fixed_actions_not_new_certificate,14,0,14,0.0007,14,0,0,0
C,NARROW,C2,2,old_static,20000,1.1,hypothetical_selected_chain_fixed_actions_not_new_certificate,14,0,14,0.0007,14,0,0,0
C,NARROW,C2,2,old_static,20000,1.2,hypothetical_selected_chain_fixed_actions_not_new_certificate,14,0,14,0.0007,14,0,0,0
C,NARROW,C2,2,old_delta,20000,0.8,hypothetical_selected_chain_fixed_actions_not_new_certificate,0,0,0,0.0,0,0,0,0
C,NARROW,C2,2,old_delta,20000,0.9,hypothetical_selected_chain_fixed_actions_not_new_certificate,0,0,0,0.0,0,0,0,0
C,NARROW,C2,2,old_delta,20000,1.0,hypothetical_selected_chain_fixed_actions_not_new_certificate,0,0,0,0.0,0,0,0,0
C,NARROW,C2,2,old_delta,20000,1.1,hypothetical_selected_chain_fixed_actions_not_new_certificate,0,0,0,0.0,0,0,0,0
C,NARROW,C2,2,old_delta,20000,1.2,hypothetical_selected_chain_fixed_actions_not_new_certificate,0,0,0,0.0,0,0,0,0
C,NARROW,C2,2,expanded_static,20000,0.8,hypothetical_selected_chain_fixed_actions_not_new_certificate,1,0,1,5e-05,2,0,1,0
C,NARROW,C2,2,expanded_static,20000,0.9,hypothetical_selected_chain_fixed_actions_not_new_certificate,1,0,1,5e-05,2,0,1,0
C,NARROW,C2,2,expanded_static,20000,1.0,hypothetical_selected_chain_fixed_actions_not_new_certificate,2,0,2,0.0001,2,0,0,1
C,NARROW,C2,2,expanded_static,20000,1.1,hypothetical_selected_chain_fixed_actions_not_new_certificate,8,0,8,0.0004,2,6,0,7
C,NARROW,C2,2,expanded_static,20000,1.2,hypothetical_selected_chain_fixed_actions_not_new_certificate,17,0,17,0.00085,2,15,0,16
C,NARROW,C2,2,expanded_delta,20000,0.8,hypothetical_selected_chain_fixed_actions_not_new_certificate,1,0,1,5e-05,2,0,1,0
C,NARROW,C2,2,expanded_delta,20000,0.9,hypothetical_selected_chain_fixed_actions_not_new_certificate,1,0,1,5e-05,2,0,1,0
C,NARROW,C2,2,expanded_delta,20000,1.0,hypothetical_selected_chain_fixed_actions_not_new_certificate,2,0,2,0.0001,2,0,0,1
C,NARROW,C2,2,expanded_delta,20000,1.1,hypothetical_selected_chain_fixed_actions_not_new_certificate,8,0,8,0.0004,2,6,0,7
C,NARROW,C2,2,expanded_delta,20000,1.2,hypothetical_selected_chain_fixed_actions_not_new_certificate,17,0,17,0.00085,2,15,0,16
C,NARROW,C2,2,joint64,20000,0.8,hypothetical_selected_chain_fixed_actions_not_new_certificate,1,0,1,5e-05,2,0,1,0
C,NARROW,C2,2,joint64,20000,0.9,hypothetical_selected_chain_fixed_actions_not_new_certificate,1,0,1,5e-05,2,0,1,0
C,NARROW,C2,2,joint64,20000,1.0,hypothetical_selected_chain_fixed_actions_not_new_certificate,2,0,2,0.0001,2,0,0,1
C,NARROW,C2,2,joint64,20000,1.1,hypothetical_selected_chain_fixed_actions_not_new_certificate,8,0,8,0.0004,2,6,0,7
C,NARROW,C2,2,joint64,20000,1.2,hypothetical_selected_chain_fixed_actions_not_new_certificate,17,0,17,0.00085,2,15,0,16
C,NARROW,C2,2,rb16,20000,0.8,hypothetical_selected_chain_fixed_actions_not_new_certificate,1,0,1,5e-05,2,0,1,0
C,NARROW,C2,2,rb16,20000,0.9,hypothetical_selected_chain_fixed_actions_not_new_certificate,1,0,1,5e-05,2,0,1,0
C,NARROW,C2,2,rb16,20000,1.0,hypothetical_selected_chain_fixed_actions_not_new_certificate,2,0,2,0.0001,2,0,0,1
C,NARROW,C2,2,rb16,20000,1.1,hypothetical_selected_chain_fixed_actions_not_new_certificate,8,0,8,0.0004,2,6,0,7
C,NARROW,C2,2,rb16,20000,1.2,hypothetical_selected_chain_fixed_actions_not_new_certificate,17,0,17,0.00085,2,15,0,16
C,NARROW,C2,2,joint64_prior,20000,0.8,hypothetical_selected_chain_fixed_actions_not_new_certificate,1,0,1,5e-05,2,0,1,0
C,NARROW,C2,2,joint64_prior,20000,0.9,hypothetical_selected_chain_fixed_actions_not_new_certificate,1,0,1,5e-05,2,0,1,0
C,NARROW,C2,2,joint64_prior,20000,1.0,hypothetical_selected_chain_fixed_actions_not_new_certificate,2,0,2,0.0001,2,0,0,1
C,NARROW,C2,2,joint64_prior,20000,1.1,hypothetical_selected_chain_fixed_actions_not_new_certificate,8,0,8,0.0004,2,6,0,7
C,NARROW,C2,2,joint64_prior,20000,1.2,hypothetical_selected_chain_fixed_actions_not_new_certificate,17,0,17,0.00085,2,15,0,16
