case,world,scenario,root_index,policy,n_states,constraint_id,unit,normalization,n_unknown,n_defined,n_violation,conditional_mean,conditional_median,conditional_p95,all_defined_p95,all_defined_CVaR95,CVaR95_top_count,all_defined_max
R0,TAB,C0,0,M0_historical,20000,PN-NEL-FIXEDDMI,dimensionless,original_fixed_NEL_target,8,19992,9989,0.04326056764617726,0.03697093034411216,0.10552623524648508,0.08830828925713244,0.110718900096985,1000,0.21617061091460985
R0,TAB,C0,0,M0_historical,20000,PN-CP-SUP,dimensionless,original_fixed_example_CP_target_not_MP_adequacy,0,20000,10150,0.03265524743077783,0.027552479704543657,0.07958772826136101,0.06690815016355732,0.08333299757216191,1000,0.1683153673523938
R0,TAB,C0,0,M0_historical,20000,PN-CA-ABS,dimensionless,original_statewise_factorial_Ca_requirement,0,20000,9984,0.0480307456365503,0.04084059701945576,0.11770142144379231,0.09822314515119042,0.12360397809757835,1000,0.21831944976364545
R0,TAB,C0,0,M0_historical,20000,PN-P-ABS,dimensionless,original_statewise_factorial_P_requirement,0,20000,10078,0.05081459963033023,0.04303524815548573,0.12574078039767644,0.10555273382185902,0.13209303651616092,1000,0.2473848933040019
R0,TAB,C0,0,M0_historical,20000,PN-T1,dimensionless,absolute_linear_constraint_bound_not_nutrient_requirement,0,20000,779,0.05804526947091642,0.04357231629925943,0.1618292195592071,0.0,0.045217264917843884,1000,0.29964133240572954
R0,TAB,C0,0,M0_historical,20000,PN-T2,dimensionless,absolute_linear_constraint_bound_not_nutrient_requirement,0,20000,164,0.02843850246911949,0.020752269910639665,0.07978685485923807,0.0,0.004663914404935596,1000,0.1172823168435162
R0,TAB,C0,0,M0_historical,20000,PN-T3,dimensionless,absolute_linear_constraint_bound_not_nutrient_requirement,0,20000,4635,0.05762885906149279,0.04686587457733541,0.15011077918782026,0.08924268852915057,0.13040480180493713,1000,0.3069159789658751
R0,TAB,C0,0,M0_historical,20000,PN-T4,dimensionless,absolute_linear_constraint_bound_not_nutrient_requirement,0,20000,9800,0.06817518635371593,0.056833476673502456,0.17189272608299114,0.14186261135274222,0.17997999933792197,1000,0.3524365556066443
R0,TAB,C0,0,M0_historical,20000,PN-T5,dimensionless,absolute_linear_constraint_bound_not_nutrient_requirement,0,20000,10300,0.5136366046877544,0.44122626145167865,1.2444899079961123,1.0591846212360112,1.312934261596847,1000,2.2735378095642544
R0,TAB,C0,1,M0_historical,20000,PN-NEL-FIXEDDMI,dimensionless,original_fixed_NEL_target,7,19993,10099,0.042910190299938575,0.036285761457106845,0.1042931355382608,0.08867003798803347,0.11052016803654145,1000,0.19299808414337624
R0,TAB,C0,1,M0_historical,20000,PN-CP-SUP,dimensionless,original_fixed_example_CP_target_not_MP_adequacy,0,20000,10162,0.03325488151640675,0.028846491086450148,0.07911836004327388,0.06752389877979552,0.08339015713989106,1000,0.14412289733501632
R0,TAB,C0,1,M0_historical,20000,PN-CA-ABS,dimensionless,original_statewise_factorial_Ca_requirement,0,20000,10143,0.048312801558388685,0.041031558279857015,0.11830771251761966,0.09950218227359557,0.12410621577355863,1000,0.2331721685714844
R0,TAB,C0,1,M0_historical,20000,PN-P-ABS,dimensionless,original_statewise_factorial_P_requirement,0,20000,10087,0.0514891146442842,0.0433216637379712,0.1278704753598328,0.1057503395622392,0.1336840357346653,1000,0.24026869606159643
R0,TAB,C0,1,M0_historical,20000,PN-T1,dimensionless,absolute_linear_constraint_bound_not_nutrient_requirement,0,20000,789,0.05742064292388388,0.04344892398958874,0.15425031188761845,0.0,0.045304887266944385,1000,0.36152904428848814
R0,TAB,C0,1,M0_historical,20000,PN-T2,dimensionless,absolute_linear_constraint_bound_not_nutrient_requirement,0,20000,155,0.02437449538508235,0.016761973204610148,0.07072380990638676,0.0,0.003778046784687764,1000,0.1624627019706667
R0,TAB,C0,1,M0_historical,20000,PN-T3,dimensionless,absolute_linear_constraint_bound_not_nutrient_requirement,0,20000,4620,0.05703496907303828,0.045894969752469976,0.14924047412168426,0.08933619767962778,0.12912046471488214,1000,0.363610140919386
R0,TAB,C0,1,M0_historical,20000,PN-T4,dimensionless,absolute_linear_constraint_bound_not_nutrient_requirement,0,20000,9879,0.06943929372066204,0.058185375660179485,0.1730574483730251,0.14466709511419695,0.18173481946943779,1000,0.3328668988594802
R0,TAB,C0,1,M0_historical,20000,PN-T5,dimensionless,absolute_linear_constraint_bound_not_nutrient_requirement,0,20000,10316,0.5163709763952116,0.44473537406961394,1.2444441951437673,1.0560623345554665,1.3083186042215038,1000,2.3706350996585743
R0,TAB,C0,2,M0_historical,20000,PN-NEL-FIXEDDMI,dimensionless,original_fixed_NEL_target,6,19994,10008,0.04303291427134152,0.036265731454018346,0.10580787686197789,0.08810585985910968,0.1110908357066374,1000,0.2100516714211988
R0,TAB,C0,2,M0_historical,20000,PN-CP-SUP,dimensionless,original_fixed_example_CP_target_not_MP_adequacy,0,20000,10227,0.03268077508794808,0.02789254832127027,0.07948913651901869,0.06740166420101212,0.08334176420468237,1000,0.1833199414697495
R0,TAB,C0,2,M0_historical,20000,PN-CA-ABS,dimensionless,original_statewise_factorial_Ca_requirement,0,20000,10158,0.04756771323982152,0.0405789145826444,0.11586005653838558,0.0976396815526691,0.12228472423039474,1000,0.22614391775474477
R0,TAB,C0,2,M0_historical,20000,PN-P-ABS,dimensionless,original_statewise_factorial_P_requirement,0,20000,10084,0.051031630736377495,0.04312953990135455,0.1251660889589446,0.10596053741944735,0.1317296085382102,1000,0.2541273120345424
R0,TAB,C0,2,M0_historical,20000,PN-T1,dimensionless,absolute_linear_constraint_bound_not_nutrient_requirement,0,20000,741,0.053199515448693925,0.04249990798780708,0.13882770639549827,0.0,0.039420840947482196,1000,0.2526153824315088
R0,TAB,C0,2,M0_historical,20000,PN-T2,dimensionless,absolute_linear_constraint_bound_not_nutrient_requirement,0,20000,161,0.021661560917938135,0.015532561139064538,0.0603294322267277,0.0,0.00348751130778804,1000,0.11970330172477983
R0,TAB,C0,2,M0_historical,20000,PN-T3,dimensionless,absolute_linear_constraint_bound_not_nutrient_requirement,0,20000,4712,0.056339465027375926,0.045845578262900616,0.14873342880533086,0.08905891390277741,0.1265010592387376,1000,0.27137471686441667
R0,TAB,C0,2,M0_historical,20000,PN-T4,dimensionless,absolute_linear_constraint_bound_not_nutrient_requirement,0,20000,9959,0.06869053744428302,0.05818626852267972,0.16994273216221054,0.14105322128835526,0.17947323051670094,1000,0.37773164188279545
R0,TAB,C0,2,M0_historical,20000,PN-T5,dimensionless,absolute_linear_constraint_bound_not_nutrient_requirement,0,20000,10491,0.5136003249952642,0.44407645204154145,1.2196002259498568,1.0571470608666167,1.2864945806184218,1000,2.174162911851718
R0,TAB,C1,0,M0_historical,20000,PN-NEL-FIXEDDMI,dimensionless,original_fixed_NEL_target,9,19991,9971,0.04250316247603709,0.035994076647505646,0.10407604648172308,0.08787958632002656,0.11003428653534517,1000,0.2193047773287496
R0,TAB,C1,0,M0_historical,20000,PN-CP-SUP,dimensionless,original_fixed_example_CP_target_not_MP_adequacy,0,20000,10250,0.03249542430815189,0.027886449835580706,0.0799368786202479,0.06762141411457011,0.08362981839862235,1000,0.15870552626482679
R0,TAB,C1,0,M0_historical,20000,PN-CA-ABS,dimensionless,original_statewise_factorial_Ca_requirement,0,20000,10208,0.04774737292436554,0.041058933674939235,0.11556335153859364,0.09836189105646018,0.12200591002124517,1000,0.2143776798376522
R0,TAB,C1,0,M0_historical,20000,PN-P-ABS,dimensionless,original_statewise_factorial_P_requirement,0,20000,10225,0.051184374064951486,0.04360109681199388,0.12527359962171195,0.10449570045320004,0.13214119393201537,1000,0.2691062085115109
R0,TAB,C1,0,M0_historical,20000,PN-T1,dimensionless,absolute_linear_constraint_bound_not_nutrient_requirement,0,20000,818,0.05828834887544273,0.04314653877624465,0.15900366423489656,0.0,0.04767986938011215,1000,0.4092111929945294
R0,TAB,C1,0,M0_historical,20000,PN-T2,dimensionless,absolute_linear_constraint_bound_not_nutrient_requirement,0,20000,171,0.02706203048476224,0.021191966640405124,0.07106721369699881,0.0,0.004627607212894343,1000,0.11196375047356699
R0,TAB,C1,0,M0_historical,20000,PN-T3,dimensionless,absolute_linear_constraint_bound_not_nutrient_requirement,0,20000,4662,0.05843016607098287,0.0464978023147123,0.15277071277481644,0.0918300091631949,0.13286198783406264,1000,0.36371763013010994
R0,TAB,C1,0,M0_historical,20000,PN-T4,dimensionless,absolute_linear_constraint_bound_not_nutrient_requirement,0,20000,9843,0.07008317071383643,0.0585627859426698,0.17358027091142086,0.14311915538603234,0.18164576868162152,1000,0.37727000213003126
R0,TAB,C1,0,M0_historical,20000,PN-T5,dimensionless,absolute_linear_constraint_bound_not_nutrient_requirement,0,20000,10448,0.6522871906102402,0.5631608328563076,1.5820906073280425,1.355692517098791,1.6635858627069129,1000,3.1583878254927145
R0,TAB,C1,1,M0_historical,20000,PN-NEL-FIXEDDMI,dimensionless,original_fixed_NEL_target,5,19995,9915,0.04258121731934719,0.03631336230714178,0.10470473667482705,0.08679624962262708,0.10956053309267272,1000,0.19954666670524723
R0,TAB,C1,1,M0_historical,20000,PN-CP-SUP,dimensionless,original_fixed_example_CP_target_not_MP_adequacy,0,20000,10051,0.0328865742718288,0.028353776133960343,0.07890031122999316,0.06689203901425803,0.08287296378322968,1000,0.16900826239749772
R0,TAB,C1,1,M0_historical,20000,PN-CA-ABS,dimensionless,original_statewise_factorial_Ca_requirement,0,20000,10243,0.048170704909842745,0.04122686379462909,0.1166445375828516,0.09817084058405175,0.12285606892707136,1000,0.233571814628844
R0,TAB,C1,1,M0_historical,20000,PN-P-ABS,dimensionless,original_statewise_factorial_P_requirement,0,20000,10123,0.051266550732102616,0.04358255296131253,0.12575909355942055,0.10542497109872605,0.13136263821739821,1000,0.2383687538002901
R0,TAB,C1,1,M0_historical,20000,PN-T1,dimensionless,absolute_linear_constraint_bound_not_nutrient_requirement,0,20000,785,0.05693050488814078,0.04368213046561431,0.15550225304031573,0.0,0.044690446337190506,1000,0.25851255577704557
R0,TAB,C1,1,M0_historical,20000,PN-T2,dimensionless,absolute_linear_constraint_bound_not_nutrient_requirement,0,20000,159,0.02736069579641467,0.02299567851946316,0.06787569222069015,0.0,0.004350350631629933,1000,0.12933964466118586
R0,TAB,C1,1,M0_historical,20000,PN-T3,dimensionless,absolute_linear_constraint_bound_not_nutrient_requirement,0,20000,4641,0.05754419371213677,0.046829053661510946,0.15105966641298982,0.08899321908361828,0.13007781993496492,1000,0.2852211125286647
R0,TAB,C1,1,M0_historical,20000,PN-T4,dimensionless,absolute_linear_constraint_bound_not_nutrient_requirement,0,20000,9897,0.0683655129304118,0.0575222469841948,0.17082825472226298,0.14087437297468888,0.17977772856106622,1000,0.3472532842447451
R0,TAB,C1,1,M0_historical,20000,PN-T5,dimensionless,absolute_linear_constraint_bound_not_nutrient_requirement,0,20000,10297,0.6466189867554194,0.5552995084559306,1.5640229621497876,1.3358926814426173,1.6470548288964455,1000,2.9668134235654127
R0,TAB,C1,2,M0_historical,20000,PN-NEL-FIXEDDMI,dimensionless,original_fixed_NEL_target,9,19991,9983,0.042105323575449584,0.035399232505882526,0.10464888034668281,0.08750841443276121,0.10996346407709076,1000,0.19970791300725374
R0,TAB,C1,2,M0_historical,20000,PN-CP-SUP,dimensionless,original_fixed_example_CP_target_not_MP_adequacy,0,20000,10201,0.032755169730319646,0.02814272374582846,0.07969218027584829,0.06725975981547845,0.08355854667589165,1000,0.14512134890257405
R0,TAB,C1,2,M0_historical,20000,PN-CA-ABS,dimensionless,original_statewise_factorial_Ca_requirement,0,20000,10176,0.0475110865147173,0.04011715151217503,0.11700898434985516,0.09914801497031811,0.12359430811575217,1000,0.25559472121502613
R0,TAB,C1,2,M0_historical,20000,PN-P-ABS,dimensionless,original_statewise_factorial_P_requirement,0,20000,10015,0.05092510237062243,0.043302055549014076,0.12438481468755849,0.10459470711611144,0.13129418879898277,1000,0.25492403500726774
R0,TAB,C1,2,M0_historical,20000,PN-T1,dimensionless,absolute_linear_constraint_bound_not_nutrient_requirement,0,20000,766,0.05397056634273857,0.042230175806174206,0.1458604252757613,0.0,0.04134145381853775,1000,0.2961268320619323
R0,TAB,C1,2,M0_historical,20000,PN-T2,dimensionless,absolute_linear_constraint_bound_not_nutrient_requirement,0,20000,143,0.02634066914037797,0.01965558443055937,0.0832346857856444,0.0,0.003766715687074049,1000,0.12892918432800515
R0,TAB,C1,2,M0_historical,20000,PN-T3,dimensionless,absolute_linear_constraint_bound_not_nutrient_requirement,0,20000,4675,0.056155055474399994,0.044916579748882544,0.14510847695936382,0.0907228697185276,0.12789531969052623,1000,0.3134086232562096
R0,TAB,C1,2,M0_historical,20000,PN-T4,dimensionless,absolute_linear_constraint_bound_not_nutrient_requirement,0,20000,9881,0.06874239578580556,0.05810088286014888,0.17000431263056115,0.1420855291966381,0.17925323437639976,1000,0.36632269904751563
R0,TAB,C1,2,M0_historical,20000,PN-T5,dimensionless,absolute_linear_constraint_bound_not_nutrient_requirement,0,20000,10230,0.6492330934233947,0.5636716965872641,1.5556708565145154,1.3235034247233843,1.6265147869574546,1000,2.9506576682524788
R0,TAB,C2,0,M0_historical,20000,PN-NEL-FIXEDDMI,dimensionless,original_fixed_NEL_target,4,19996,9895,0.042617486040218484,0.0360067584156787,0.10375297838260382,0.08736132813016441,0.10873101373567536,1000,0.20931822005821538
R0,TAB,C2,0,M0_historical,20000,PN-CP-SUP,dimensionless,original_fixed_example_CP_target_not_MP_adequacy,0,20000,10243,0.030861656484963012,0.026622241692675838,0.07416596333485481,0.06307426250258834,0.07855464409281959,1000,0.15936056101629073
R0,TAB,C2,0,M0_historical,20000,PN-CA-ABS,dimensionless,original_statewise_factorial_Ca_requirement,0,20000,10101,0.04847481509660441,0.04117828592337613,0.11769301921444311,0.09952977038605984,0.1236207945874319,1000,0.2535246914502295
R0,TAB,C2,0,M0_historical,20000,PN-P-ABS,dimensionless,original_statewise_factorial_P_requirement,0,20000,10209,0.05149415728240068,0.04375676705197853,0.1240604078963942,0.10550090629633756,0.13205656255385972,1000,0.27909251619128644
R0,TAB,C2,0,M0_historical,20000,PN-T1,dimensionless,absolute_linear_constraint_bound_not_nutrient_requirement,0,20000,201,0.03426524311558706,0.0275808756337322,0.10218852012502296,0.0,0.006887313866233,1000,0.15026536107754693
R0,TAB,C2,0,M0_historical,20000,PN-T2,dimensionless,absolute_linear_constraint_bound_not_nutrient_requirement,0,20000,85,0.021180625060857192,0.01440944263971422,0.05873910258814689,0.0,0.0018003531301728616,1000,0.08437433741444711
R0,TAB,C2,0,M0_historical,20000,PN-T3,dimensionless,absolute_linear_constraint_bound_not_nutrient_requirement,0,20000,3546,0.04284112484169062,0.03320837898994252,0.1128335425556988,0.05756913380122684,0.08954735999397796,1000,0.2299105160463857
R0,TAB,C2,0,M0_historical,20000,PN-T4,dimensionless,absolute_linear_constraint_bound_not_nutrient_requirement,0,20000,9965,0.07555239548702442,0.062235206050390755,0.19154333044433383,0.15805806695363947,0.20352225760629875,1000,0.397954503289165
R0,TAB,C2,0,M0_historical,20000,PN-T5,dimensionless,absolute_linear_constraint_bound_not_nutrient_requirement,0,20000,10623,0.5417433982533633,0.4509470509673612,1.3599714363839932,1.1501962790513052,1.448652325161256,1000,2.728890247923217
R0,TAB,C2,1,M0_historical,20000,PN-NEL-FIXEDDMI,dimensionless,original_fixed_NEL_target,4,19996,10032,0.043045602604251436,0.036509532430872065,0.10587765078625543,0.08918150623073737,0.11080433511973076,1000,0.2272870449591145
R0,TAB,C2,1,M0_historical,20000,PN-CP-SUP,dimensionless,original_fixed_example_CP_target_not_MP_adequacy,0,20000,10420,0.030834369368229267,0.02654703706834599,0.07392492493021946,0.06378489100891936,0.07885458058328404,1000,0.14476075662151147
R0,TAB,C2,1,M0_historical,20000,PN-CA-ABS,dimensionless,original_statewise_factorial_Ca_requirement,0,20000,10128,0.048383617286518674,0.04144915665743755,0.11718671338466184,0.09938347339388412,0.1236860055924748,1000,0.24881117369996486
R0,TAB,C2,1,M0_historical,20000,PN-P-ABS,dimensionless,original_statewise_factorial_P_requirement,0,20000,10178,0.05160845394911243,0.044064229436124536,0.12588937960559057,0.10712459306904011,0.13316339748537234,1000,0.25419860693460417
R0,TAB,C2,1,M0_historical,20000,PN-T1,dimensionless,absolute_linear_constraint_bound_not_nutrient_requirement,0,20000,198,0.03753128380363448,0.02945254439280518,0.09874001702332649,0.0,0.007431194193119627,1000,0.18766662555185562
R0,TAB,C2,1,M0_historical,20000,PN-T2,dimensionless,absolute_linear_constraint_bound_not_nutrient_requirement,0,20000,72,0.032601310438482384,0.020569802944329585,0.09327161099856397,0.0,0.0023472943515707315,1000,0.16650804161761498
R0,TAB,C2,1,M0_historical,20000,PN-T3,dimensionless,absolute_linear_constraint_bound_not_nutrient_requirement,0,20000,3641,0.042016649968262404,0.03297618276891067,0.11035157939940242,0.057279853686926355,0.08849925451354772,1000,0.2764785698945176
R0,TAB,C2,1,M0_historical,20000,PN-T4,dimensionless,absolute_linear_constraint_bound_not_nutrient_requirement,0,20000,9875,0.07396001813812716,0.06105107696693701,0.18470148931756591,0.15417774697498365,0.19723829034237117,1000,0.4289080232240204
R0,TAB,C2,1,M0_historical,20000,PN-T5,dimensionless,absolute_linear_constraint_bound_not_nutrient_requirement,0,20000,10547,0.5436793058180975,0.4635791139783728,1.33127620611407,1.127927257037219,1.425535853647256,1000,3.0446410562366464
R0,TAB,C2,2,M0_historical,20000,PN-NEL-FIXEDDMI,dimensionless,original_fixed_NEL_target,8,19992,9874,0.042598636901785426,0.03588591500928262,0.10578880099056787,0.0884663648449974,0.11050974871583776,1000,0.22186352144708343
R0,TAB,C2,2,M0_historical,20000,PN-CP-SUP,dimensionless,original_fixed_example_CP_target_not_MP_adequacy,0,20000,10129,0.031262127413498327,0.02663422795193818,0.07533212688589057,0.0636473266053727,0.07934732039615773,1000,0.16029247797923102
R0,TAB,C2,2,M0_historical,20000,PN-CA-ABS,dimensionless,original_statewise_factorial_Ca_requirement,0,20000,10138,0.04802673665440239,0.040973729899039496,0.116685336827233,0.09909498919217578,0.12349355583880574,1000,0.23089626496804508
R0,TAB,C2,2,M0_historical,20000,PN-P-ABS,dimensionless,original_statewise_factorial_P_requirement,0,20000,10056,0.051550781136283,0.043499499971384824,0.12686298378879554,0.10606383649337191,0.13341449004148703,1000,0.27012509574854526
R0,TAB,C2,2,M0_historical,20000,PN-T1,dimensionless,absolute_linear_constraint_bound_not_nutrient_requirement,0,20000,199,0.03288102200473943,0.02371785315465928,0.0904491004309067,0.0,0.006543323378943144,1000,0.20155486925675295
R0,TAB,C2,2,M0_historical,20000,PN-T2,dimensionless,absolute_linear_constraint_bound_not_nutrient_requirement,0,20000,82,0.024360000495328438,0.015080642171909187,0.06802160431930723,0.0,0.001997520040616932,1000,0.11887834812735608
R0,TAB,C2,2,M0_historical,20000,PN-T3,dimensionless,absolute_linear_constraint_bound_not_nutrient_requirement,0,20000,3565,0.04214111953783268,0.032995835264531655,0.1134374666108585,0.05610423353964967,0.08907099498862324,1000,0.255377349427488
R0,TAB,C2,2,M0_historical,20000,PN-T4,dimensionless,absolute_linear_constraint_bound_not_nutrient_requirement,0,20000,9973,0.0756466292575749,0.06322054786233526,0.1906170624751231,0.15759043969126882,0.20079890254488106,1000,0.40720573688725337
R0,TAB,C2,2,M0_historical,20000,PN-T5,dimensionless,absolute_linear_constraint_bound_not_nutrient_requirement,0,20000,10503,0.5491543276243529,0.46482097597843774,1.356976799962937,1.133998898228073,1.4369226900167504,1000,2.9572166284775347
R0,NARROW,C0,0,M0_historical,20000,PN-NEL-FIXEDDMI,dimensionless,original_fixed_NEL_target,0,20000,10080,0.01037241657354602,0.008758280569208157,0.025461519295595265,0.02137100758290075,0.02681924278161845,1000,0.05069247037033137
R0,NARROW,C0,0,M0_historical,20000,PN-CP-SUP,dimensionless,original_fixed_example_CP_target_not_MP_adequacy,0,20000,10064,0.013333285266431199,0.01136993911758449,0.032363422226049494,0.027162099656964773,0.03428090291542046,1000,0.06587553305621904
R0,NARROW,C0,0,M0_historical,20000,PN-CA-ABS,dimensionless,original_statewise_factorial_Ca_requirement,0,20000,9942,0.023298529650913904,0.019528909947706292,0.05714401274715608,0.04756881441894298,0.059819447944390314,1000,0.13332551785166086
R0,NARROW,C0,0,M0_historical,20000,PN-P-ABS,dimensionless,original_statewise_factorial_P_requirement,0,20000,10093,0.02311721960083516,0.019368346795250572,0.05731943240752274,0.04869616208028423,0.060132525536159685,1000,0.10327683563085294
R0,NARROW,C0,0,M0_historical,20000,PN-T1,dimensionless,absolute_linear_constraint_bound_not_nutrient_requirement,0,20000,0,,,,0.0,0.0,1000,0.0
R0,NARROW,C0,0,M0_historical,20000,PN-T2,dimensionless,absolute_linear_constraint_bound_not_nutrient_requirement,0,20000,0,,,,0.0,0.0,1000,0.0
R0,NARROW,C0,0,M0_historical,20000,PN-T3,dimensionless,absolute_linear_constraint_bound_not_nutrient_requirement,0,20000,59,0.008265860058415796,0.00606493678168871,0.021494015154194412,0.0,0.00048768574344653206,1000,0.03561435963481914
R0,NARROW,C0,0,M0_historical,20000,PN-T4,dimensionless,absolute_linear_constraint_bound_not_nutrient_requirement,0,20000,9985,0.015779658735387638,0.013303917628990636,0.03853617718263158,0.03242881484798445,0.04056667727212039,1000,0.0738065585370536
R0,NARROW,C0,0,M0_historical,20000,PN-T5,dimensionless,absolute_linear_constraint_bound_not_nutrient_requirement,0,20000,10102,0.1346518127931196,0.11380750797392218,0.3309976422753453,0.2824039336228505,0.34996690885068216,1000,0.6758359181860754
R0,NARROW,C0,1,M0_historical,20000,PN-NEL-FIXEDDMI,dimensionless,original_fixed_NEL_target,0,20000,10035,0.010409148946348095,0.008825130367116487,0.025357046819870197,0.02133378372735295,0.02704934662225139,1000,0.054248777956883626
R0,NARROW,C0,1,M0_historical,20000,PN-CP-SUP,dimensionless,original_fixed_example_CP_target_not_MP_adequacy,0,20000,10126,0.013384850803706222,0.011263528597244329,0.03251698373697826,0.027763725089641984,0.03441345562575074,1000,0.061412134827688314
R0,NARROW,C0,1,M0_historical,20000,PN-CA-ABS,dimensionless,original_statewise_factorial_Ca_requirement,0,20000,10093,0.023253933576784715,0.019600460619648537,0.0569057341572785,0.04777897110249466,0.0601475366769394,1000,0.11175564174581819
R0,NARROW,C0,1,M0_historical,20000,PN-P-ABS,dimensionless,original_statewise_factorial_P_requirement,0,20000,10063,0.02314216032361284,0.0195183842196871,0.056965915808750635,0.047533182995633236,0.06020330111536498,1000,0.11008415366366701
R0,NARROW,C0,1,M0_historical,20000,PN-T1,dimensionless,absolute_linear_constraint_bound_not_nutrient_requirement,0,20000,0,,,,0.0,0.0,1000,0.0
R0,NARROW,C0,1,M0_historical,20000,PN-T2,dimensionless,absolute_linear_constraint_bound_not_nutrient_requirement,0,20000,0,,,,0.0,0.0,1000,0.0
R0,NARROW,C0,1,M0_historical,20000,PN-T3,dimensionless,absolute_linear_constraint_bound_not_nutrient_requirement,0,20000,53,0.007337895950859076,0.0042367452067008995,0.02364023620489956,0.0,0.000388908485395531,1000,0.026059784710923194
R0,NARROW,C0,1,M0_historical,20000,PN-T4,dimensionless,absolute_linear_constraint_bound_not_nutrient_requirement,0,20000,10061,0.016006895948509386,0.013554939244703005,0.03916208623381231,0.03277095553716503,0.041622976848142555,1000,0.07860168686020222
R0,NARROW,C0,1,M0_historical,20000,PN-T5,dimensionless,absolute_linear_constraint_bound_not_nutrient_requirement,0,20000,10162,0.13661941345698037,0.11700302772692023,0.331820395764633,0.28316249850149555,0.3497195359052375,1000,0.6390696383357486
R0,NARROW,C0,2,M0_historical,20000,PN-NEL-FIXEDDMI,dimensionless,original_fixed_NEL_target,0,20000,9969,0.01046153917742184,0.008777420671935376,0.026121204078874753,0.021639086675627577,0.027424637825822877,1000,0.051617187844055404
R0,NARROW,C0,2,M0_historical,20000,PN-CP-SUP,dimensionless,original_fixed_example_CP_target_not_MP_adequacy,0,20000,9959,0.013299439213944556,0.011118990314774951,0.03271370441500863,0.027542667780261727,0.03460478619849597,1000,0.06243714275782441
R0,NARROW,C0,2,M0_historical,20000,PN-CA-ABS,dimensionless,original_statewise_factorial_Ca_requirement,0,20000,9858,0.02317345318185691,0.01974141605518661,0.05625377992593204,0.04709271411736801,0.05922133591602528,1000,0.1271786329784903
R0,NARROW,C0,2,M0_historical,20000,PN-P-ABS,dimensionless,original_statewise_factorial_P_requirement,0,20000,9974,0.023646178363986067,0.019913796175384017,0.05846436964052978,0.04896175475755627,0.06142005272950364,1000,0.11462503835199912
R0,NARROW,C0,2,M0_historical,20000,PN-T1,dimensionless,absolute_linear_constraint_bound_not_nutrient_requirement,0,20000,0,,,,0.0,0.0,1000,0.0
R0,NARROW,C0,2,M0_historical,20000,PN-T2,dimensionless,absolute_linear_constraint_bound_not_nutrient_requirement,0,20000,0,,,,0.0,0.0,1000,0.0
R0,NARROW,C0,2,M0_historical,20000,PN-T3,dimensionless,absolute_linear_constraint_bound_not_nutrient_requirement,0,20000,55,0.00968912135359132,0.00806472799299732,0.02209476101835585,0.0,0.0005329016744475227,1000,0.03609820048413716
R0,NARROW,C0,2,M0_historical,20000,PN-T4,dimensionless,absolute_linear_constraint_bound_not_nutrient_requirement,0,20000,9922,0.0159764056268859,0.013552940050179004,0.039738759938364544,0.03276703381380108,0.041534560289259524,1000,0.07740980359289143
R0,NARROW,C0,2,M0_historical,20000,PN-T5,dimensionless,absolute_linear_constraint_bound_not_nutrient_requirement,0,20000,10064,0.1347897949914204,0.11457708467507129,0.3329947323985619,0.27650199070807546,0.3509405065897378,1000,0.6283970132496562
R0,NARROW,C1,0,M0_historical,20000,PN-NEL-FIXEDDMI,dimensionless,original_fixed_NEL_target,0,20000,10075,0.010219241511086337,0.008699599539173318,0.025011584660213918,0.021159088217268945,0.026506179765010955,1000,0.04733018561530385
R0,NARROW,C1,0,M0_historical,20000,PN-CP-SUP,dimensionless,original_fixed_example_CP_target_not_MP_adequacy,0,20000,10051,0.013435550365421763,0.011265980504242747,0.032793937232768536,0.027798827143405928,0.03463279785293568,1000,0.07113949900931303
R0,NARROW,C1,0,M0_historical,20000,PN-CA-ABS,dimensionless,original_statewise_factorial_Ca_requirement,0,20000,10011,0.023086156491592714,0.01950404208307654,0.05653634375926617,0.04784978849985465,0.06000246876901309,1000,0.14058826600579258
R0,NARROW,C1,0,M0_historical,20000,PN-P-ABS,dimensionless,original_statewise_factorial_P_requirement,0,20000,9979,0.023442690971735698,0.019827570218831008,0.05755166351686004,0.04841962657494663,0.060534730715317064,1000,0.1091041976927623
R0,NARROW,C1,0,M0_historical,20000,PN-T1,dimensionless,absolute_linear_constraint_bound_not_nutrient_requirement,0,20000,0,,,,0.0,0.0,1000,0.0
R0,NARROW,C1,0,M0_historical,20000,PN-T2,dimensionless,absolute_linear_constraint_bound_not_nutrient_requirement,0,20000,0,,,,0.0,0.0,1000,0.0
R0,NARROW,C1,0,M0_historical,20000,PN-T3,dimensionless,absolute_linear_constraint_bound_not_nutrient_requirement,0,20000,60,0.007679650908239734,0.005025538085017937,0.022461701353685047,0.0,0.000460779054494384,1000,0.032366119964820514
R0,NARROW,C1,0,M0_historical,20000,PN-T4,dimensionless,absolute_linear_constraint_bound_not_nutrient_requirement,0,20000,9864,0.01590306511372591,0.013306407117905743,0.039591734977522726,0.0328848901213071,0.041278327794594234,1000,0.08169503345883548
R0,NARROW,C1,0,M0_historical,20000,PN-T5,dimensionless,absolute_linear_constraint_bound_not_nutrient_requirement,0,20000,10004,0.16428238861816868,0.1395686229726546,0.4032700689487561,0.34027736174653095,0.42487603118251693,1000,0.8097500070502679
R0,NARROW,C1,1,M0_historical,20000,PN-NEL-FIXEDDMI,dimensionless,original_fixed_NEL_target,0,20000,9925,0.010325129019537405,0.008626095658825484,0.025444105370455803,0.02123072720145778,0.02694192639336314,1000,0.05621981981109472
R0,NARROW,C1,1,M0_historical,20000,PN-CP-SUP,dimensionless,original_fixed_example_CP_target_not_MP_adequacy,0,20000,10006,0.01334347492724439,0.011341493395386225,0.03249191940307322,0.02739294100322896,0.03414845948445124,1000,0.059066107564694444
R0,NARROW,C1,1,M0_historical,20000,PN-CA-ABS,dimensionless,original_statewise_factorial_Ca_requirement,0,20000,9977,0.023093611759808542,0.019343352134284713,0.05670830535789628,0.04726618139234523,0.05979667236286572,1000,0.13528517055787168
R0,NARROW,C1,1,M0_historical,20000,PN-P-ABS,dimensionless,original_statewise_factorial_P_requirement,0,20000,9975,0.023727184359295977,0.020288402413019473,0.05732769919734067,0.04843671290254423,0.0603296545436973,1000,0.10868772868448756
R0,NARROW,C1,1,M0_historical,20000,PN-T1,dimensionless,absolute_linear_constraint_bound_not_nutrient_requirement,0,20000,0,,,,0.0,0.0,1000,0.0
R0,NARROW,C1,1,M0_historical,20000,PN-T2,dimensionless,absolute_linear_constraint_bound_not_nutrient_requirement,0,20000,0,,,,0.0,0.0,1000,0.0
R0,NARROW,C1,1,M0_historical,20000,PN-T3,dimensionless,absolute_linear_constraint_bound_not_nutrient_requirement,0,20000,63,0.008494413537775112,0.006008549018956427,0.021774017093461297,0.0,0.0005351480528798321,1000,0.032427392899293125
R0,NARROW,C1,1,M0_historical,20000,PN-T4,dimensionless,absolute_linear_constraint_bound_not_nutrient_requirement,0,20000,10043,0.0162694529856822,0.013981393948835907,0.03934394043276436,0.03300047526045687,0.041227210985609566,1000,0.08891093158038506
R0,NARROW,C1,1,M0_historical,20000,PN-T5,dimensionless,absolute_linear_constraint_bound_not_nutrient_requirement,0,20000,10134,0.16739929755809557,0.14278096593493317,0.40718037044091,0.3426377957113904,0.42997175542551475,1000,0.8021616131266069
R0,NARROW,C1,2,M0_historical,20000,PN-NEL-FIXEDDMI,dimensionless,original_fixed_NEL_target,0,20000,10129,0.010125417086758497,0.008539115677060604,0.02494454239038963,0.02119327358279028,0.02648700903411443,1000,0.047618135214744936
R0,NARROW,C1,2,M0_historical,20000,PN-CP-SUP,dimensionless,original_fixed_example_CP_target_not_MP_adequacy,0,20000,10003,0.013209293027225648,0.011226038078475635,0.032338809419549634,0.02695118984765906,0.03388230061439717,1000,0.06237415704434425
R0,NARROW,C1,2,M0_historical,20000,PN-CA-ABS,dimensionless,original_statewise_factorial_Ca_requirement,0,20000,10045,0.023145492394755243,0.019517300611480017,0.05639871633135176,0.047660320916691146,0.05959999208888066,1000,0.11384299110064555
R0,NARROW,C1,2,M0_historical,20000,PN-P-ABS,dimensionless,original_statewise_factorial_P_requirement,0,20000,10102,0.02337969459831043,0.019971696430617105,0.05646590283775656,0.048108080589173326,0.05966036531683451,1000,0.11289768608355806
R0,NARROW,C1,2,M0_historical,20000,PN-T1,dimensionless,absolute_linear_constraint_bound_not_nutrient_requirement,0,20000,0,,,,0.0,0.0,1000,0.0
R0,NARROW,C1,2,M0_historical,20000,PN-T2,dimensionless,absolute_linear_constraint_bound_not_nutrient_requirement,0,20000,0,,,,0.0,0.0,1000,0.0
R0,NARROW,C1,2,M0_historical,20000,PN-T3,dimensionless,absolute_linear_constraint_bound_not_nutrient_requirement,0,20000,45,0.009392007657788658,0.007020967755283756,0.027738257113773295,0.0,0.0004226403446004896,1000,0.04037337766658908
R0,NARROW,C1,2,M0_historical,20000,PN-T4,dimensionless,absolute_linear_constraint_bound_not_nutrient_requirement,0,20000,9887,0.01598302518508533,0.01340870005023124,0.03929440866504351,0.03280314244702355,0.04162006575320514,1000,0.07847162588673091
R0,NARROW,C1,2,M0_historical,20000,PN-T5,dimensionless,absolute_linear_constraint_bound_not_nutrient_requirement,0,20000,10007,0.16417549052704325,0.13914093069865435,0.40907587837722376,0.34224053859786563,0.4301338860479352,1000,0.8566404781420395
R0,NARROW,C2,0,M0_historical,20000,PN-NEL-FIXEDDMI,dimensionless,original_fixed_NEL_target,0,20000,9902,0.010482597577470953,0.008890272916540706,0.025805766477331404,0.021631243879530502,0.02700370535176502,1000,0.04691070728301571
R0,NARROW,C2,0,M0_historical,20000,PN-CP-SUP,dimensionless,original_fixed_example_CP_target_not_MP_adequacy,0,20000,9999,0.012810150572032622,0.010957927739114802,0.03147583832119414,0.02673503203644543,0.03299517494540551,1000,0.07324996974774402
R0,NARROW,C2,0,M0_historical,20000,PN-CA-ABS,dimensionless,original_statewise_factorial_Ca_requirement,0,20000,10044,0.023417669929103074,0.019885236751293344,0.05633443366866608,0.047707500781683204,0.059875925358484024,1000,0.11356688486412543
R0,NARROW,C2,0,M0_historical,20000,PN-P-ABS,dimensionless,original_statewise_factorial_P_requirement,0,20000,10027,0.02325710019776014,0.019700157849550724,0.057386136999014355,0.04792528431756062,0.06033140986417352,1000,0.10894686241414506
R0,NARROW,C2,0,M0_historical,20000,PN-T1,dimensionless,absolute_linear_constraint_bound_not_nutrient_requirement,0,20000,0,,,,0.0,0.0,1000,0.0
R0,NARROW,C2,0,M0_historical,20000,PN-T2,dimensionless,absolute_linear_constraint_bound_not_nutrient_requirement,0,20000,0,,,,0.0,0.0,1000,0.0
R0,NARROW,C2,0,M0_historical,20000,PN-T3,dimensionless,absolute_linear_constraint_bound_not_nutrient_requirement,0,20000,5,0.014259552428216743,0.010095879668945712,0.03105489216307014,0.0,7.129776214108373e-05,1000,0.034704798510191516
R0,NARROW,C2,0,M0_historical,20000,PN-T4,dimensionless,absolute_linear_constraint_bound_not_nutrient_requirement,0,20000,9988,0.01653502774208846,0.013919588311994227,0.040470218346293774,0.03382482195867982,0.04244285484784062,1000,0.0764049251769779
R0,NARROW,C2,0,M0_historical,20000,PN-T5,dimensionless,absolute_linear_constraint_bound_not_nutrient_requirement,0,20000,10091,0.13818212114351347,0.11600521524743716,0.3403963941600129,0.2875476711849496,0.359543359573491,1000,0.7067942838443428
R0,NARROW,C2,1,M0_historical,20000,PN-NEL-FIXEDDMI,dimensionless,original_fixed_NEL_target,0,20000,9925,0.01043061115012131,0.008830082767181165,0.02552663368215827,0.02143813803199162,0.0268480227303466,1000,0.0578695213248481
R0,NARROW,C2,1,M0_historical,20000,PN-CP-SUP,dimensionless,original_fixed_example_CP_target_not_MP_adequacy,0,20000,10010,0.012692944528068816,0.010723841829981606,0.030929783038379774,0.026220468096185928,0.03253333019493262,1000,0.06348686570346823
R0,NARROW,C2,1,M0_historical,20000,PN-CA-ABS,dimensionless,original_statewise_factorial_Ca_requirement,0,20000,10019,0.023044274457685632,0.019411279823208265,0.05615746517148444,0.04770745262816713,0.059296494727366915,1000,0.10439386297460469
R0,NARROW,C2,1,M0_historical,20000,PN-P-ABS,dimensionless,original_statewise_factorial_P_requirement,0,20000,10019,0.023311622966563736,0.0197167859440637,0.05776692862101075,0.04851362232966821,0.060851901600214885,1000,0.11070422352298441
R0,NARROW,C2,1,M0_historical,20000,PN-T1,dimensionless,absolute_linear_constraint_bound_not_nutrient_requirement,0,20000,0,,,,0.0,0.0,1000,0.0
R0,NARROW,C2,1,M0_historical,20000,PN-T2,dimensionless,absolute_linear_constraint_bound_not_nutrient_requirement,0,20000,0,,,,0.0,0.0,1000,0.0
R0,NARROW,C2,1,M0_historical,20000,PN-T3,dimensionless,absolute_linear_constraint_bound_not_nutrient_requirement,0,20000,8,0.004704967944685467,0.0034293310690177345,0.010474507860788783,0.0,3.7639743557483736e-05,1000,0.0104820291954778
R0,NARROW,C2,1,M0_historical,20000,PN-T4,dimensionless,absolute_linear_constraint_bound_not_nutrient_requirement,0,20000,10120,0.01657523213522144,0.01389202048442358,0.04115315207153478,0.034124723322220246,0.04316383405914701,1000,0.07836621092348782
R0,NARROW,C2,1,M0_historical,20000,PN-T5,dimensionless,absolute_linear_constraint_bound_not_nutrient_requirement,0,20000,10166,0.138308080838851,0.11818475850855856,0.33822811424254695,0.28458672539432756,0.3571492791588464,1000,0.6537824229827697
R0,NARROW,C2,2,M0_historical,20000,PN-NEL-FIXEDDMI,dimensionless,original_fixed_NEL_target,0,20000,10015,0.010458789251229778,0.008831821046422219,0.025543532070395742,0.02152843616025827,0.026841633672360882,1000,0.05450339740818041
R0,NARROW,C2,2,M0_historical,20000,PN-CP-SUP,dimensionless,original_fixed_example_CP_target_not_MP_adequacy,0,20000,10070,0.012727139786284194,0.010742287342848647,0.031099427105341124,0.02628289292076358,0.03270932504510657,1000,0.060692009222724365
R0,NARROW,C2,2,M0_historical,20000,PN-CA-ABS,dimensionless,original_statewise_factorial_Ca_requirement,0,20000,9991,0.023219299248929515,0.019459871966814465,0.05704648006986071,0.0477066552374579,0.05976995608476923,1000,0.11527913504151412
R0,NARROW,C2,2,M0_historical,20000,PN-P-ABS,dimensionless,original_statewise_factorial_P_requirement,0,20000,9939,0.02346224972035523,0.019933390560128137,0.057580014678176604,0.048410707780781936,0.06015525231845392,1000,0.11662021346106614
R0,NARROW,C2,2,M0_historical,20000,PN-T1,dimensionless,absolute_linear_constraint_bound_not_nutrient_requirement,0,20000,0,,,,0.0,0.0,1000,0.0
R0,NARROW,C2,2,M0_historical,20000,PN-T2,dimensionless,absolute_linear_constraint_bound_not_nutrient_requirement,0,20000,0,,,,0.0,0.0,1000,0.0
R0,NARROW,C2,2,M0_historical,20000,PN-T3,dimensionless,absolute_linear_constraint_bound_not_nutrient_requirement,0,20000,8,0.009384071199564213,0.007135264515573819,0.025350460578352392,0.0,7.50725695965137e-05,1000,0.032906229462336
R0,NARROW,C2,2,M0_historical,20000,PN-T4,dimensionless,absolute_linear_constraint_bound_not_nutrient_requirement,0,20000,10065,0.0164703379267842,0.013882725001612325,0.04119459994138808,0.03400392742206053,0.04302975762515977,1000,0.0744887273431514
R0,NARROW,C2,2,M0_historical,20000,PN-T5,dimensionless,absolute_linear_constraint_bound_not_nutrient_requirement,0,20000,10153,0.13937947733413533,0.11813395146564094,0.3411943625518531,0.28725956246650824,0.36058455417833807,1000,0.7695287278087221
A,TAB,C0,0,M0_historical,20000,PN-NEL-FIXEDDMI,dimensionless,original_fixed_NEL_target,0,20000,7094,0.020465475600343522,0.016861498857126022,0.05147505589662073,0.03779212535649031,0.05029783981615952,1000,0.11051479573477214
A,TAB,C0,0,M0_historical,20000,PN-CP-SUP,dimensionless,original_fixed_example_CP_target_not_MP_adequacy,0,20000,10047,0.07793354663099612,0.0659230489603065,0.18937086243367493,0.15987816553752524,0.1996769953470418,1000,0.36270172206188234
A,TAB,C0,0,M0_historical,20000,PN-CA-ABS,dimensionless,original_statewise_factorial_Ca_requirement,0,20000,4004,0.10631847587468111,0.08304449270938714,0.28303171365643437,0.1535268408705842,0.2331359022612138,1000,0.6405739371731909
A,TAB,C0,0,M0_historical,20000,PN-P-ABS,dimensionless,original_statewise_factorial_P_requirement,0,20000,9986,0.0881768673922748,0.07427807621929837,0.21715765629409814,0.18107098507240205,0.22847408328613164,1000,0.4414043249668227
A,TAB,C0,0,M0_historical,20000,PN-T1,dimensionless,absolute_linear_constraint_bound_not_nutrient_requirement,0,20000,4,0.03272734759532136,0.024740384106391455,0.06789758341581838,0.0,0.00013090939038128542,1000,0.07326762305982151
A,TAB,C0,0,M0_historical,20000,PN-T2,dimensionless,absolute_linear_constraint_bound_not_nutrient_requirement,0,20000,1324,0.05571966956481954,0.041942621508445736,0.16008388332943327,0.01701337333269918,0.07122620853759874,1000,0.3001186596137644
A,TAB,C0,0,M0_historical,20000,PN-T3,dimensionless,absolute_linear_constraint_bound_not_nutrient_requirement,0,20000,408,0.0560352741933943,0.03967734439399881,0.16041672340436397,0.0,0.022862391870904872,1000,0.2773993624620829
A,TAB,C0,0,M0_historical,20000,PN-T4,dimensionless,absolute_linear_constraint_bound_not_nutrient_requirement,0,20000,27,0.013522537785065515,0.011903977972366383,0.040015229897600306,0.0,0.0003651085201967689,1000,0.05334845434280977
A,TAB,C0,0,M0_historical,20000,PN-T5,dimensionless,absolute_linear_constraint_bound_not_nutrient_requirement,0,20000,47,0.24357208765858188,0.18534597772646763,0.6189195336621475,0.0,0.011447888119953347,1000,0.7257369955331361
A,TAB,C0,1,M0_historical,20000,PN-NEL-FIXEDDMI,dimensionless,original_fixed_NEL_target,0,20000,7069,0.019975993726055862,0.016701955342059763,0.0499575198313007,0.03683451133879933,0.04886045901180619,1000,0.10327620969964714
A,TAB,C0,1,M0_historical,20000,PN-CP-SUP,dimensionless,original_fixed_example_CP_target_not_MP_adequacy,0,20000,10148,0.07830025912277269,0.06680479485805785,0.18905123457189957,0.16107840229674258,0.1993235738683616,1000,0.3450283455509536
A,TAB,C0,1,M0_historical,20000,PN-CA-ABS,dimensionless,original_statewise_factorial_Ca_requirement,0,20000,4091,0.1084796665790023,0.08619652006282405,0.28359893956284876,0.1601686288247295,0.236932025044813,1000,0.6202659475171627
A,TAB,C0,1,M0_historical,20000,PN-P-ABS,dimensionless,original_statewise_factorial_P_requirement,0,20000,10093,0.08746906860666408,0.07397027843220325,0.21563120983505776,0.18146123615771811,0.226664245757083,1000,0.4063232297851561
A,TAB,C0,1,M0_historical,20000,PN-T1,dimensionless,absolute_linear_constraint_bound_not_nutrient_requirement,0,20000,3,0.06609210826471072,0.04783171513108401,0.12030517055790317,0.0,0.00019827632479413215,1000,0.12835777671643864
A,TAB,C0,1,M0_historical,20000,PN-T2,dimensionless,absolute_linear_constraint_bound_not_nutrient_requirement,0,20000,1321,0.05398235747387763,0.03878097400674407,0.1551401484504551,0.015265550498755023,0.06896922809460668,1000,0.3160853795028644
A,TAB,C0,1,M0_historical,20000,PN-T3,dimensionless,absolute_linear_constraint_bound_not_nutrient_requirement,0,20000,388,0.05374110291876021,0.038261444229497996,0.1625145288992878,0.0,0.02085154793247896,1000,0.31353758395340897
A,TAB,C0,1,M0_historical,20000,PN-T4,dimensionless,absolute_linear_constraint_bound_not_nutrient_requirement,0,20000,33,0.012080526503956092,0.010721511829603162,0.032410647969145494,0.0,0.00039865737463055104,1000,0.055427644290502544
A,TAB,C0,1,M0_historical,20000,PN-T5,dimensionless,absolute_linear_constraint_bound_not_nutrient_requirement,0,20000,41,0.26180513919173776,0.2428249921973262,0.5899834414149475,0.0,0.010734010706861249,1000,0.9841458724243884
A,TAB,C0,2,M0_historical,20000,PN-NEL-FIXEDDMI,dimensionless,original_fixed_NEL_target,0,20000,7014,0.02029983133488639,0.01636637673721768,0.05169198032486321,0.03809503618011536,0.05035762051801948,1000,0.11153468303673884
A,TAB,C0,2,M0_historical,20000,PN-CP-SUP,dimensionless,original_fixed_example_CP_target_not_MP_adequacy,0,20000,10107,0.07853062393405284,0.06747090417896848,0.1904980828278376,0.16136216718537982,0.2009166721300626,1000,0.4184790176883148
A,TAB,C0,2,M0_historical,20000,PN-CA-ABS,dimensionless,original_statewise_factorial_Ca_requirement,0,20000,4008,0.10834528249223117,0.08519202522734401,0.28285398441549375,0.1551445381183934,0.2366788676594742,1000,0.5381298063747383
A,TAB,C0,2,M0_historical,20000,PN-P-ABS,dimensionless,original_statewise_factorial_P_requirement,0,20000,10107,0.08868887696118766,0.0757157225438587,0.21605661944232077,0.1833919213222678,0.2272530476533048,1000,0.508836108593075
A,TAB,C0,2,M0_historical,20000,PN-T1,dimensionless,absolute_linear_constraint_bound_not_nutrient_requirement,0,20000,0,,,,0.0,0.0,1000,0.0
A,TAB,C0,2,M0_historical,20000,PN-T2,dimensionless,absolute_linear_constraint_bound_not_nutrient_requirement,0,20000,1290,0.054327241814182595,0.04229140409548182,0.14720557570078058,0.017164663850219242,0.0678158148000461,1000,0.28420597484376986
A,TAB,C0,2,M0_historical,20000,PN-T3,dimensionless,absolute_linear_constraint_bound_not_nutrient_requirement,0,20000,371,0.05183220169327489,0.04002288938060519,0.15307854730624465,0.0,0.019229746828204983,1000,0.23245099257998453
A,TAB,C0,2,M0_historical,20000,PN-T4,dimensionless,absolute_linear_constraint_bound_not_nutrient_requirement,0,20000,42,0.01187040209364262,0.007703155948020901,0.029130848935294013,0.0,0.0004985568879329901,1000,0.06070927136553791
A,TAB,C0,2,M0_historical,20000,PN-T5,dimensionless,absolute_linear_constraint_bound_not_nutrient_requirement,0,20000,36,0.22660341785439453,0.18783158913166656,0.5870599906185912,0.0,0.008157723042758204,1000,0.6360564353600758
A,TAB,C1,0,M0_historical,20000,PN-NEL-FIXEDDMI,dimensionless,original_fixed_NEL_target,0,20000,7280,0.0199176398953157,0.016228714240618242,0.050370813509672874,0.03764970596336732,0.049565242523799145,1000,0.107326164206866
A,TAB,C1,0,M0_historical,20000,PN-CP-SUP,dimensionless,original_fixed_example_CP_target_not_MP_adequacy,0,20000,9983,0.07766382579359009,0.06569224932120293,0.1888713939891439,0.15940681051852212,0.2006646771172037,1000,0.4146181420962724
A,TAB,C1,0,M0_historical,20000,PN-CA-ABS,dimensionless,original_statewise_factorial_Ca_requirement,0,20000,3942,0.10761308053630364,0.08545674171176616,0.2907589756183243,0.1516219335687783,0.2336961819749006,1000,0.5593668065062316
A,TAB,C1,0,M0_historical,20000,PN-P-ABS,dimensionless,original_statewise_factorial_P_requirement,0,20000,9890,0.0892388567607799,0.07652858983340072,0.21783301141412817,0.18221434939723108,0.2282862732243309,1000,0.44260441068386425
A,TAB,C1,0,M0_historical,20000,PN-T1,dimensionless,absolute_linear_constraint_bound_not_nutrient_requirement,0,20000,6,0.044505153374275,0.026951855122071267,0.10834111540628781,0.0,0.00026703092024565,1000,0.11910189817702348
A,TAB,C1,0,M0_historical,20000,PN-T2,dimensionless,absolute_linear_constraint_bound_not_nutrient_requirement,0,20000,1240,0.05623856280977003,0.04312692620229363,0.16262469164711135,0.01379872232829001,0.06813572459738537,1000,0.34375319273012594
A,TAB,C1,0,M0_historical,20000,PN-T3,dimensionless,absolute_linear_constraint_bound_not_nutrient_requirement,0,20000,372,0.05722666198230928,0.044698841691177854,0.1633686385842222,0.0,0.021288318257419052,1000,0.3201093137073628
A,TAB,C1,0,M0_historical,20000,PN-T4,dimensionless,absolute_linear_constraint_bound_not_nutrient_requirement,0,20000,35,0.014311033120634134,0.011893275303357376,0.042930321833074485,0.0,0.0005008861592221948,1000,0.051693039661950824
A,TAB,C1,0,M0_historical,20000,PN-T5,dimensionless,absolute_linear_constraint_bound_not_nutrient_requirement,0,20000,51,0.26301473632728345,0.18144786264622653,0.7564192349461132,0.0,0.013413751552691455,1000,1.101466991153708
A,TAB,C1,1,M0_historical,20000,PN-NEL-FIXEDDMI,dimensionless,original_fixed_NEL_target,0,20000,7136,0.01991774522924425,0.016425412360966535,0.050839636182586675,0.03746472834726452,0.049495798070546354,1000,0.11158306359982456
A,TAB,C1,1,M0_historical,20000,PN-CP-SUP,dimensionless,original_fixed_example_CP_target_not_MP_adequacy,0,20000,10081,0.07816072048607633,0.06625277162457252,0.1893726068580801,0.16078819711073036,0.19969762285019896,1000,0.42634904661725825
A,TAB,C1,1,M0_historical,20000,PN-CA-ABS,dimensionless,original_statewise_factorial_Ca_requirement,0,20000,3984,0.10669861983075193,0.08249059231694901,0.2868514471170479,0.1516847418851325,0.23478395261786814,1000,0.6069093317533679
A,TAB,C1,1,M0_historical,20000,PN-P-ABS,dimensionless,original_statewise_factorial_P_requirement,0,20000,10135,0.08825466520846251,0.07453799930679841,0.21707832740767008,0.18397637826356641,0.2296144304090788,1000,0.4534318081686118
A,TAB,C1,1,M0_historical,20000,PN-T1,dimensionless,absolute_linear_constraint_bound_not_nutrient_requirement,0,20000,0,,,,0.0,0.0,1000,0.0
A,TAB,C1,1,M0_historical,20000,PN-T2,dimensionless,absolute_linear_constraint_bound_not_nutrient_requirement,0,20000,1246,0.05582130169270529,0.04259669277255317,0.15219528837747512,0.013634136572915422,0.06794222656714563,1000,0.2719076155169682
A,TAB,C1,1,M0_historical,20000,PN-T3,dimensionless,absolute_linear_constraint_bound_not_nutrient_requirement,0,20000,404,0.05095781873827174,0.03649539577253781,0.13650913252807434,0.0,0.02058695877026178,1000,0.22448267570537658
A,TAB,C1,1,M0_historical,20000,PN-T4,dimensionless,absolute_linear_constraint_bound_not_nutrient_requirement,0,20000,36,0.012075409076705023,0.008876450289527955,0.028997968872479563,0.0,0.00043471472676138084,1000,0.04158478276565828
A,TAB,C1,1,M0_historical,20000,PN-T5,dimensionless,absolute_linear_constraint_bound_not_nutrient_requirement,0,20000,41,0.15447535886882535,0.10579523171546264,0.4543384362949657,0.0,0.006333489713621839,1000,0.6095187759003341
A,TAB,C1,2,M0_historical,20000,PN-NEL-FIXEDDMI,dimensionless,original_fixed_NEL_target,0,20000,7098,0.020122606391946296,0.01665675791117618,0.05076201206805859,0.037795717168367715,0.04936547704662568,1000,0.10950747326822528
A,TAB,C1,2,M0_historical,20000,PN-CP-SUP,dimensionless,original_fixed_example_CP_target_not_MP_adequacy,0,20000,10244,0.07884509933941555,0.0665772565033336,0.19250036568676396,0.1638597339848651,0.20241383289842857,1000,0.37343383128639673
A,TAB,C1,2,M0_historical,20000,PN-CA-ABS,dimensionless,original_statewise_factorial_Ca_requirement,0,20000,4042,0.1068682281537089,0.08413580464714812,0.2876979261131103,0.15478065164774224,0.23519046768637383,1000,0.5329555430850689
A,TAB,C1,2,M0_historical,20000,PN-P-ABS,dimensionless,original_statewise_factorial_P_requirement,0,20000,10054,0.08771140082671441,0.07476082423126786,0.213390271427341,0.18123472638482846,0.22485106244743164,1000,0.43450102090983195
A,TAB,C1,2,M0_historical,20000,PN-T1,dimensionless,absolute_linear_constraint_bound_not_nutrient_requirement,0,20000,3,0.04392738758712637,0.046809553757053236,0.048261609024599736,0.0,0.0001317821627613791,1000,0.048422948498771566
A,TAB,C1,2,M0_historical,20000,PN-T2,dimensionless,absolute_linear_constraint_bound_not_nutrient_requirement,0,20000,1276,0.051592293848928855,0.037723345120387,0.15268586437816137,0.013779396055223126,0.0640238552042968,1000,0.29079768011667684
A,TAB,C1,2,M0_historical,20000,PN-T3,dimensionless,absolute_linear_constraint_bound_not_nutrient_requirement,0,20000,359,0.05280984023034249,0.03992417099313553,0.15100266568522305,0.0,0.018958732642692953,1000,0.2636873527919642
A,TAB,C1,2,M0_historical,20000,PN-T4,dimensionless,absolute_linear_constraint_bound_not_nutrient_requirement,0,20000,27,0.014715884321757059,0.010206661355742405,0.045217721998665354,0.0,0.00039732887668744054,1000,0.07252871238135117
A,TAB,C1,2,M0_historical,20000,PN-T5,dimensionless,absolute_linear_constraint_bound_not_nutrient_requirement,0,20000,40,0.23140531046003793,0.18171497871027897,0.7142538874356863,0.0,0.009256212418401518,1000,0.9169113875148788
A,TAB,C2,0,M0_historical,20000,PN-NEL-FIXEDDMI,dimensionless,original_fixed_NEL_target,0,20000,7085,0.019738011206693395,0.0162415730625494,0.04997308857408108,0.03737021159848503,0.04925328705368157,1000,0.10159996404479026
A,TAB,C2,0,M0_historical,20000,PN-CP-SUP,dimensionless,original_fixed_example_CP_target_not_MP_adequacy,0,20000,10086,0.07849662274112222,0.06638014954781639,0.19264110850363234,0.1627646326006676,0.20364143486461678,1000,0.3736505544129918
A,TAB,C2,0,M0_historical,20000,PN-CA-ABS,dimensionless,original_statewise_factorial_Ca_requirement,0,20000,3980,0.10989723840441651,0.0868043770159343,0.2859164359093892,0.16180706251711763,0.23781096940727287,1000,0.669572337129158
A,TAB,C2,0,M0_historical,20000,PN-P-ABS,dimensionless,original_statewise_factorial_P_requirement,0,20000,10008,0.08833314148344922,0.0754776038943813,0.21248079730068156,0.18005690590109544,0.22492394554345715,1000,0.46453777975470434
A,TAB,C2,0,M0_historical,20000,PN-T1,dimensionless,absolute_linear_constraint_bound_not_nutrient_requirement,0,20000,5,0.08056776593161882,0.05340461658082626,0.16906027629867143,0.0,0.0004028388296580942,1000,0.1800747974772838
A,TAB,C2,0,M0_historical,20000,PN-T2,dimensionless,absolute_linear_constraint_bound_not_nutrient_requirement,0,20000,1292,0.056483209026086736,0.044078793776561535,0.15752203658213865,0.01633117479029815,0.07066525654617214,1000,0.36704694847684827
A,TAB,C2,0,M0_historical,20000,PN-T3,dimensionless,absolute_linear_constraint_bound_not_nutrient_requirement,0,20000,408,0.05500182057761279,0.038828470299727746,0.16504817683897993,0.0,0.022440742795666022,1000,0.35662080427634163
A,TAB,C2,0,M0_historical,20000,PN-T4,dimensionless,absolute_linear_constraint_bound_not_nutrient_requirement,0,20000,29,0.012588898975831321,0.010153697459938845,0.03553438552656284,0.0,0.00036507807029910835,1000,0.051680049080862024
A,TAB,C2,0,M0_historical,20000,PN-T5,dimensionless,absolute_linear_constraint_bound_not_nutrient_requirement,0,20000,47,0.2855707403066964,0.21620577838761795,0.6091194112906293,0.0,0.013421824794414729,1000,1.2798916765056056
A,TAB,C2,1,M0_historical,20000,PN-NEL-FIXEDDMI,dimensionless,original_fixed_NEL_target,0,20000,7186,0.020235753865315648,0.016857630062646643,0.051063775162119074,0.03817216749750804,0.050087637801238316,1000,0.09896476962060133
A,TAB,C2,1,M0_historical,20000,PN-CP-SUP,dimensionless,original_fixed_example_CP_target_not_MP_adequacy,0,20000,10038,0.07776722091826552,0.06643461160530426,0.18812505730756915,0.1598602998197623,0.19786691355684805,1000,0.34445970275445176
A,TAB,C2,1,M0_historical,20000,PN-CA-ABS,dimensionless,original_statewise_factorial_Ca_requirement,0,20000,4037,0.10891948555253841,0.0853935570986809,0.29267866963375017,0.15618031066732985,0.2386633494542921,1000,0.5783822514678694
A,TAB,C2,1,M0_historical,20000,PN-P-ABS,dimensionless,original_statewise_factorial_P_requirement,0,20000,9994,0.09026730538446028,0.07618097411999963,0.22320006224536,0.18542103176708274,0.23279320737120862,1000,0.45687893214878234
A,TAB,C2,1,M0_historical,20000,PN-T1,dimensionless,absolute_linear_constraint_bound_not_nutrient_requirement,0,20000,3,0.02485653899202146,0.023008553184856357,0.03993060960671442,0.0,7.456961697606438e-05,1000,0.04181083809803199
A,TAB,C2,1,M0_historical,20000,PN-T2,dimensionless,absolute_linear_constraint_bound_not_nutrient_requirement,0,20000,1334,0.05503205207565418,0.04255044896046733,0.15189674349845136,0.018725009147857557,0.07028617917060978,1000,0.2756818678114341
A,TAB,C2,1,M0_historical,20000,PN-T3,dimensionless,absolute_linear_constraint_bound_not_nutrient_requirement,0,20000,404,0.052443276533168,0.03682851841436914,0.14957972320786678,0.0,0.021187083719399872,1000,0.25629161647979065
A,TAB,C2,1,M0_historical,20000,PN-T4,dimensionless,absolute_linear_constraint_bound_not_nutrient_requirement,0,20000,35,0.009481197606536212,0.0063582692786201545,0.02381877479947699,0.0,0.0003318419162287675,1000,0.03772085968374491
A,TAB,C2,1,M0_historical,20000,PN-T5,dimensionless,absolute_linear_constraint_bound_not_nutrient_requirement,0,20000,40,0.20549986899508177,0.13791668834275267,0.5610295069017971,0.0,0.00821999475980327,1000,0.6908228215314842
A,TAB,C2,2,M0_historical,20000,PN-NEL-FIXEDDMI,dimensionless,original_fixed_NEL_target,0,20000,7204,0.01993749260201046,0.016316807794038796,0.05092206819771475,0.038043579218475204,0.04979394297074621,1000,0.10594606655671227
A,TAB,C2,2,M0_historical,20000,PN-CP-SUP,dimensionless,original_fixed_example_CP_target_not_MP_adequacy,0,20000,10070,0.0779375231150858,0.06616157001140516,0.19234623692098005,0.1597293789083701,0.20060495040329135,1000,0.35196877299411233
A,TAB,C2,2,M0_historical,20000,PN-CA-ABS,dimensionless,original_statewise_factorial_Ca_requirement,0,20000,3961,0.10615295288717173,0.08410771770521056,0.2855859947954915,0.15018517980664706,0.23100851758319715,1000,0.6316225992779679
A,TAB,C2,2,M0_historical,20000,PN-P-ABS,dimensionless,original_statewise_factorial_P_requirement,0,20000,10015,0.08896994698599496,0.07595784979269232,0.21515058328352674,0.18215591049867472,0.2277424956986357,1000,0.42450798710460974
A,TAB,C2,2,M0_historical,20000,PN-T1,dimensionless,absolute_linear_constraint_bound_not_nutrient_requirement,0,20000,3,0.0447871248382376,0.050833887502230723,0.05386665747346647,0.0,0.00013436137451471283,1000,0.05420363191471489
A,TAB,C2,2,M0_historical,20000,PN-T2,dimensionless,absolute_linear_constraint_bound_not_nutrient_requirement,0,20000,1244,0.054618159820488406,0.0404363652323203,0.15086469975040978,0.013235188182757386,0.06629183489252274,1000,0.31884659289442285
A,TAB,C2,2,M0_historical,20000,PN-T3,dimensionless,absolute_linear_constraint_bound_not_nutrient_requirement,0,20000,349,0.05857875803227893,0.046163036361900736,0.15839454519261395,0.0,0.020443986553265348,1000,0.2793218060286035
A,TAB,C2,2,M0_historical,20000,PN-T4,dimensionless,absolute_linear_constraint_bound_not_nutrient_requirement,0,20000,42,0.013045539168559302,0.011533036751481079,0.030130928973363398,0.0,0.0005479126450794906,1000,0.03426142821755407
A,TAB,C2,2,M0_historical,20000,PN-T5,dimensionless,absolute_linear_constraint_bound_not_nutrient_requirement,0,20000,42,0.2653626389497959,0.2215574560195873,0.7413499886729004,0.0,0.011145230835891425,1000,1.1159845262525039
A,NARROW,C0,0,M0_historical,20000,PN-NEL-FIXEDDMI,dimensionless,original_fixed_NEL_target,0,20000,4360,0.008142776920421058,0.006572464669440238,0.021616999118927924,0.0122080559569322,0.018190588785746135,1000,0.04130157835227698
A,NARROW,C0,0,M0_historical,20000,PN-CP-SUP,dimensionless,original_fixed_example_CP_target_not_MP_adequacy,0,20000,9970,0.037369126784836205,0.03201225940321295,0.09066020291482631,0.07632196715776382,0.09592809590218043,1000,0.18057337794690623
A,NARROW,C0,0,M0_historical,20000,PN-CA-ABS,dimensionless,original_statewise_factorial_Ca_requirement,0,20000,795,0.036966390523476264,0.02699736691838361,0.09747340607054092,0.0,0.029388280466163628,1000,0.26792722132084196
A,NARROW,C0,0,M0_historical,20000,PN-P-ABS,dimensionless,original_statewise_factorial_P_requirement,0,20000,10004,0.04210690577685515,0.035885433582510506,0.10506247173238449,0.08673570154705901,0.10926417515813304,1000,0.2103177379915716
A,NARROW,C0,0,M0_historical,20000,PN-T1,dimensionless,absolute_linear_constraint_bound_not_nutrient_requirement,0,20000,0,,,,0.0,0.0,1000,0.0
A,NARROW,C0,0,M0_historical,20000,PN-T2,dimensionless,absolute_linear_constraint_bound_not_nutrient_requirement,0,20000,22,0.015457122963053243,0.01057063867898378,0.042787050260520286,0.0,0.00034005670518717134,1000,0.059858679269272574
A,NARROW,C0,0,M0_historical,20000,PN-T3,dimensionless,absolute_linear_constraint_bound_not_nutrient_requirement,0,20000,0,,,,0.0,0.0,1000,0.0
A,NARROW,C0,0,M0_historical,20000,PN-T4,dimensionless,absolute_linear_constraint_bound_not_nutrient_requirement,0,20000,0,,,,0.0,0.0,1000,0.0
A,NARROW,C0,0,M0_historical,20000,PN-T5,dimensionless,absolute_linear_constraint_bound_not_nutrient_requirement,0,20000,0,,,,0.0,0.0,1000,0.0
A,NARROW,C0,1,M0_historical,20000,PN-NEL-FIXEDDMI,dimensionless,original_fixed_NEL_target,0,20000,4398,0.008131315038194075,0.006425629557498902,0.021199172184219517,0.012515561162853312,0.018190356168175187,1000,0.045206829497335274
A,NARROW,C0,1,M0_historical,20000,PN-CP-SUP,dimensionless,original_fixed_example_CP_target_not_MP_adequacy,0,20000,10093,0.03731916631975678,0.03171422282393741,0.09028610698711297,0.07580817484790132,0.09570080052953191,1000,0.2052017546985178
A,NARROW,C0,1,M0_historical,20000,PN-CA-ABS,dimensionless,original_statewise_factorial_Ca_requirement,0,20000,739,0.03843149540602266,0.028163166919729154,0.10878867412992728,0.0,0.028400875105050752,1000,0.18180091836224901
A,NARROW,C0,1,M0_historical,20000,PN-P-ABS,dimensionless,original_statewise_factorial_P_requirement,0,20000,10021,0.04235536643590143,0.035848821440826246,0.1033909239844361,0.08657888664619563,0.10879658097944522,1000,0.20419564940685306
A,NARROW,C0,1,M0_historical,20000,PN-T1,dimensionless,absolute_linear_constraint_bound_not_nutrient_requirement,0,20000,0,,,,0.0,0.0,1000,0.0
A,NARROW,C0,1,M0_historical,20000,PN-T2,dimensionless,absolute_linear_constraint_bound_not_nutrient_requirement,0,20000,17,0.014979969453004035,0.0135474323841831,0.04089285408657594,0.0,0.0002546594807010686,1000,0.045113597884950944
A,NARROW,C0,1,M0_historical,20000,PN-T3,dimensionless,absolute_linear_constraint_bound_not_nutrient_requirement,0,20000,0,,,,0.0,0.0,1000,0.0
A,NARROW,C0,1,M0_historical,20000,PN-T4,dimensionless,absolute_linear_constraint_bound_not_nutrient_requirement,0,20000,0,,,,0.0,0.0,1000,0.0
A,NARROW,C0,1,M0_historical,20000,PN-T5,dimensionless,absolute_linear_constraint_bound_not_nutrient_requirement,0,20000,0,,,,0.0,0.0,1000,0.0
A,NARROW,C0,2,M0_historical,20000,PN-NEL-FIXEDDMI,dimensionless,original_fixed_NEL_target,0,20000,4347,0.008076947574252345,0.0064266405996754655,0.021434659340590224,0.012235353616026701,0.018229934265592874,1000,0.05130405720784508
A,NARROW,C0,2,M0_historical,20000,PN-CP-SUP,dimensionless,original_fixed_example_CP_target_not_MP_adequacy,0,20000,10023,0.03738720081896146,0.03151604945282196,0.09119073520935916,0.0775721212852473,0.09657421452790273,1000,0.2238301493897268
A,NARROW,C0,2,M0_historical,20000,PN-CA-ABS,dimensionless,original_statewise_factorial_Ca_requirement,0,20000,742,0.036150349239114414,0.028455245943377956,0.10293932247553562,0.0,0.0268235591354229,1000,0.21138931365264152
A,NARROW,C0,2,M0_historical,20000,PN-P-ABS,dimensionless,original_statewise_factorial_P_requirement,0,20000,10024,0.04192399821086997,0.03527094512184965,0.10403079533325632,0.08638553580189884,0.1092040442083493,1000,0.23471662345263417
A,NARROW,C0,2,M0_historical,20000,PN-T1,dimensionless,absolute_linear_constraint_bound_not_nutrient_requirement,0,20000,0,,,,0.0,0.0,1000,0.0
A,NARROW,C0,2,M0_historical,20000,PN-T2,dimensionless,absolute_linear_constraint_bound_not_nutrient_requirement,0,20000,11,0.017952091103774794,0.010551873632112074,0.05423539033743735,0.0,0.00019747300214152276,1000,0.0679585259244504
A,NARROW,C0,2,M0_historical,20000,PN-T3,dimensionless,absolute_linear_constraint_bound_not_nutrient_requirement,0,20000,0,,,,0.0,0.0,1000,0.0
A,NARROW,C0,2,M0_historical,20000,PN-T4,dimensionless,absolute_linear_constraint_bound_not_nutrient_requirement,0,20000,0,,,,0.0,0.0,1000,0.0
A,NARROW,C0,2,M0_historical,20000,PN-T5,dimensionless,absolute_linear_constraint_bound_not_nutrient_requirement,0,20000,0,,,,0.0,0.0,1000,0.0
A,NARROW,C1,0,M0_historical,20000,PN-NEL-FIXEDDMI,dimensionless,original_fixed_NEL_target,0,20000,4432,0.008239381912943291,0.006551491841472674,0.021910354915180497,0.012673956753685042,0.01843647157551405,1000,0.04381656960584793
A,NARROW,C1,0,M0_historical,20000,PN-CP-SUP,dimensionless,original_fixed_example_CP_target_not_MP_adequacy,0,20000,10143,0.03710516727289991,0.031496485091202744,0.09036456956128869,0.077525085836028,0.09527796486107475,1000,0.19881205383264894
A,NARROW,C1,0,M0_historical,20000,PN-CA-ABS,dimensionless,original_statewise_factorial_Ca_requirement,0,20000,813,0.03808576977961611,0.028294025804002587,0.1083214741843352,0.0,0.0309637308308279,1000,0.2477748507146173
A,NARROW,C1,0,M0_historical,20000,PN-P-ABS,dimensionless,original_statewise_factorial_P_requirement,0,20000,10092,0.042321365389719055,0.0354257401471623,0.1054510775053776,0.08827822104930402,0.11048642485140536,1000,0.24302065041751694
A,NARROW,C1,0,M0_historical,20000,PN-T1,dimensionless,absolute_linear_constraint_bound_not_nutrient_requirement,0,20000,0,,,,0.0,0.0,1000,0.0
A,NARROW,C1,0,M0_historical,20000,PN-T2,dimensionless,absolute_linear_constraint_bound_not_nutrient_requirement,0,20000,9,0.012831466501275597,0.01301421565613714,0.022688556953433768,0.0,0.00011548319851148037,1000,0.0249502925353966
A,NARROW,C1,0,M0_historical,20000,PN-T3,dimensionless,absolute_linear_constraint_bound_not_nutrient_requirement,0,20000,0,,,,0.0,0.0,1000,0.0
A,NARROW,C1,0,M0_historical,20000,PN-T4,dimensionless,absolute_linear_constraint_bound_not_nutrient_requirement,0,20000,0,,,,0.0,0.0,1000,0.0
A,NARROW,C1,0,M0_historical,20000,PN-T5,dimensionless,absolute_linear_constraint_bound_not_nutrient_requirement,0,20000,0,,,,0.0,0.0,1000,0.0
A,NARROW,C1,1,M0_historical,20000,PN-NEL-FIXEDDMI,dimensionless,original_fixed_NEL_target,0,20000,4392,0.008150475425381276,0.006353487210057218,0.02187213729985095,0.012360851619678152,0.018632210452245952,1000,0.04394407207795656
A,NARROW,C1,1,M0_historical,20000,PN-CP-SUP,dimensionless,original_fixed_example_CP_target_not_MP_adequacy,0,20000,10133,0.03790841859967151,0.032381504948237556,0.09253233932430247,0.07754117623863914,0.09706248857522126,1000,0.20241481168083536
A,NARROW,C1,1,M0_historical,20000,PN-CA-ABS,dimensionless,original_statewise_factorial_Ca_requirement,0,20000,760,0.03669551308090729,0.028820471473201773,0.10481703047087278,0.0,0.02788858994148954,1000,0.19109332097847173
A,NARROW,C1,1,M0_historical,20000,PN-P-ABS,dimensionless,original_statewise_factorial_P_requirement,0,20000,10081,0.04252474774264713,0.036562465560801775,0.10408218094247482,0.08772619113998696,0.11012319489520306,1000,0.21092167981185617
A,NARROW,C1,1,M0_historical,20000,PN-T1,dimensionless,absolute_linear_constraint_bound_not_nutrient_requirement,0,20000,0,,,,0.0,0.0,1000,0.0
A,NARROW,C1,1,M0_historical,20000,PN-T2,dimensionless,absolute_linear_constraint_bound_not_nutrient_requirement,0,20000,9,0.018205639870191883,0.013151871929076964,0.049558223998308726,0.0,0.00016385075883172695,1000,0.06555960795706839
A,NARROW,C1,1,M0_historical,20000,PN-T3,dimensionless,absolute_linear_constraint_bound_not_nutrient_requirement,0,20000,1,0.002988914158802513,0.002988914158802513,0.002988914158802513,0.0,2.9889141588025127e-06,1000,0.002988914158802513
A,NARROW,C1,1,M0_historical,20000,PN-T4,dimensionless,absolute_linear_constraint_bound_not_nutrient_requirement,0,20000,0,,,,0.0,0.0,1000,0.0
A,NARROW,C1,1,M0_historical,20000,PN-T5,dimensionless,absolute_linear_constraint_bound_not_nutrient_requirement,0,20000,0,,,,0.0,0.0,1000,0.0
A,NARROW,C1,2,M0_historical,20000,PN-NEL-FIXEDDMI,dimensionless,original_fixed_NEL_target,0,20000,4310,0.008082693402975965,0.0064361388304641975,0.02172151795918966,0.012148871802813925,0.01804407531389146,1000,0.043146563931406465
A,NARROW,C1,2,M0_historical,20000,PN-CP-SUP,dimensionless,original_fixed_example_CP_target_not_MP_adequacy,0,20000,9927,0.037801537619221066,0.03202360474324983,0.09237446529232425,0.0773531596440528,0.09669650734865003,1000,0.16934928362236884
A,NARROW,C1,2,M0_historical,20000,PN-CA-ABS,dimensionless,original_statewise_factorial_Ca_requirement,0,20000,759,0.037843989662188125,0.028603723324125547,0.10671169729039161,0.0,0.028723588153600786,1000,0.1844263444367571
A,NARROW,C1,2,M0_historical,20000,PN-P-ABS,dimensionless,original_statewise_factorial_P_requirement,0,20000,9904,0.0420871563966099,0.03593832579568812,0.10401913614395625,0.08695937842104455,0.10911313584972111,1000,0.23887553176023607
A,NARROW,C1,2,M0_historical,20000,PN-T1,dimensionless,absolute_linear_constraint_bound_not_nutrient_requirement,0,20000,0,,,,0.0,0.0,1000,0.0
A,NARROW,C1,2,M0_historical,20000,PN-T2,dimensionless,absolute_linear_constraint_bound_not_nutrient_requirement,0,20000,6,0.015662632916386494,0.014587722130173453,0.0294340641064246,0.0,9.397579749831896e-05,1000,0.031180875686896314
A,NARROW,C1,2,M0_historical,20000,PN-T3,dimensionless,absolute_linear_constraint_bound_not_nutrient_requirement,0,20000,0,,,,0.0,0.0,1000,0.0
A,NARROW,C1,2,M0_historical,20000,PN-T4,dimensionless,absolute_linear_constraint_bound_not_nutrient_requirement,0,20000,0,,,,0.0,0.0,1000,0.0
A,NARROW,C1,2,M0_historical,20000,PN-T5,dimensionless,absolute_linear_constraint_bound_not_nutrient_requirement,0,20000,0,,,,0.0,0.0,1000,0.0
A,NARROW,C2,0,M0_historical,20000,PN-NEL-FIXEDDMI,dimensionless,original_fixed_NEL_target,0,20000,4363,0.008178335717794041,0.006520037379958456,0.021169544240861916,0.01249234428997507,0.018173321296943937,1000,0.04027780816047194
A,NARROW,C2,0,M0_historical,20000,PN-CP-SUP,dimensionless,original_fixed_example_CP_target_not_MP_adequacy,0,20000,10102,0.0375208402393416,0.03187515010556238,0.09212785940596413,0.07780964557713967,0.09724551657607745,1000,0.17188690847185267
A,NARROW,C2,0,M0_historical,20000,PN-CA-ABS,dimensionless,original_statewise_factorial_Ca_requirement,0,20000,783,0.03569256777158772,0.026718864395916177,0.1056759831567961,0.0,0.027947280565153186,1000,0.22132521305020575
A,NARROW,C2,0,M0_historical,20000,PN-P-ABS,dimensionless,original_statewise_factorial_P_requirement,0,20000,10041,0.042733962127764535,0.03604577933602666,0.1044483324350374,0.08750313725999768,0.11056293291132292,1000,0.23556078182015996
A,NARROW,C2,0,M0_historical,20000,PN-T1,dimensionless,absolute_linear_constraint_bound_not_nutrient_requirement,0,20000,0,,,,0.0,0.0,1000,0.0
A,NARROW,C2,0,M0_historical,20000,PN-T2,dimensionless,absolute_linear_constraint_bound_not_nutrient_requirement,0,20000,13,0.01605700701432196,0.017744061695365354,0.025777376792167093,0.0,0.00020874109118618545,1000,0.026048013202740306
A,NARROW,C2,0,M0_historical,20000,PN-T3,dimensionless,absolute_linear_constraint_bound_not_nutrient_requirement,0,20000,0,,,,0.0,0.0,1000,0.0
A,NARROW,C2,0,M0_historical,20000,PN-T4,dimensionless,absolute_linear_constraint_bound_not_nutrient_requirement,0,20000,0,,,,0.0,0.0,1000,0.0
A,NARROW,C2,0,M0_historical,20000,PN-T5,dimensionless,absolute_linear_constraint_bound_not_nutrient_requirement,0,20000,0,,,,0.0,0.0,1000,0.0
A,NARROW,C2,1,M0_historical,20000,PN-NEL-FIXEDDMI,dimensionless,original_fixed_NEL_target,0,20000,4296,0.008105913760827328,0.006403335833629492,0.02114423837961471,0.012274107492529314,0.017983228945685374,1000,0.043382461415688155
A,NARROW,C2,1,M0_historical,20000,PN-CP-SUP,dimensionless,original_fixed_example_CP_target_not_MP_adequacy,0,20000,10007,0.03746408561135405,0.031539908631263776,0.09227045948643106,0.0772541906050905,0.09695107054285522,1000,0.17504113774499527
A,NARROW,C2,1,M0_historical,20000,PN-CA-ABS,dimensionless,original_statewise_factorial_Ca_requirement,0,20000,780,0.036149726795245515,0.02811198245524591,0.10139990238309701,0.0,0.028196786900291503,1000,0.18653036904305967
A,NARROW,C2,1,M0_historical,20000,PN-P-ABS,dimensionless,original_statewise_factorial_P_requirement,0,20000,9952,0.042491307781032696,0.03557152533115096,0.10624079698287255,0.08726937671812796,0.11174978463838335,1000,0.2092499336294312
A,NARROW,C2,1,M0_historical,20000,PN-T1,dimensionless,absolute_linear_constraint_bound_not_nutrient_requirement,0,20000,0,,,,0.0,0.0,1000,0.0
A,NARROW,C2,1,M0_historical,20000,PN-T2,dimensionless,absolute_linear_constraint_bound_not_nutrient_requirement,0,20000,13,0.011656216887863011,0.008599171416169171,0.02566007278027719,0.0,0.00015153081954221914,1000,0.029106750082642185
A,NARROW,C2,1,M0_historical,20000,PN-T3,dimensionless,absolute_linear_constraint_bound_not_nutrient_requirement,0,20000,0,,,,0.0,0.0,1000,0.0
A,NARROW,C2,1,M0_historical,20000,PN-T4,dimensionless,absolute_linear_constraint_bound_not_nutrient_requirement,0,20000,0,,,,0.0,0.0,1000,0.0
A,NARROW,C2,1,M0_historical,20000,PN-T5,dimensionless,absolute_linear_constraint_bound_not_nutrient_requirement,0,20000,0,,,,0.0,0.0,1000,0.0
A,NARROW,C2,2,M0_historical,20000,PN-NEL-FIXEDDMI,dimensionless,original_fixed_NEL_target,0,20000,4348,0.008195903519634309,0.006808632763417242,0.0211992286352376,0.012377482927456468,0.01812070684196285,1000,0.04066700619800145
A,NARROW,C2,2,M0_historical,20000,PN-CP-SUP,dimensionless,original_fixed_example_CP_target_not_MP_adequacy,0,20000,9943,0.03741647295923923,0.032002312971503175,0.0907204392856662,0.07690907026023262,0.09612142455631689,1000,0.18009720017924596
A,NARROW,C2,2,M0_historical,20000,PN-CA-ABS,dimensionless,original_statewise_factorial_Ca_requirement,0,20000,751,0.03677211549279001,0.026792211562088088,0.10665702734542007,0.0,0.027615858735085298,1000,0.2003057493952514
A,NARROW,C2,2,M0_historical,20000,PN-P-ABS,dimensionless,original_statewise_factorial_P_requirement,0,20000,10013,0.042316206717227335,0.03569005491912801,0.10287564852138113,0.08672808844918156,0.10900508333158422,1000,0.1894156831951289
A,NARROW,C2,2,M0_historical,20000,PN-T1,dimensionless,absolute_linear_constraint_bound_not_nutrient_requirement,0,20000,0,,,,0.0,0.0,1000,0.0
A,NARROW,C2,2,M0_historical,20000,PN-T2,dimensionless,absolute_linear_constraint_bound_not_nutrient_requirement,0,20000,12,0.012969440476035913,0.008392241096851438,0.030183283338641495,0.0,0.00015563328571243095,1000,0.03293064316791383
A,NARROW,C2,2,M0_historical,20000,PN-T3,dimensionless,absolute_linear_constraint_bound_not_nutrient_requirement,0,20000,0,,,,0.0,0.0,1000,0.0
A,NARROW,C2,2,M0_historical,20000,PN-T4,dimensionless,absolute_linear_constraint_bound_not_nutrient_requirement,0,20000,0,,,,0.0,0.0,1000,0.0
A,NARROW,C2,2,M0_historical,20000,PN-T5,dimensionless,absolute_linear_constraint_bound_not_nutrient_requirement,0,20000,0,,,,0.0,0.0,1000,0.0
B,TAB,C0,0,M0_historical,20000,PN-NEL-FIXEDDMI,dimensionless,original_fixed_NEL_target,6,19994,10072,0.0438729960317785,0.03761341069115639,0.10660422829412966,0.09026720089734457,0.11297965802559119,1000,0.20099402475536027
B,TAB,C0,0,M0_historical,20000,PN-CP-SUP,dimensionless,original_fixed_example_CP_target_not_MP_adequacy,0,20000,10302,0.03297975553384458,0.02833661569282598,0.08021112261674752,0.0679123521014844,0.08445524435093109,1000,0.15275582758102862
B,TAB,C0,0,M0_historical,20000,PN-CA-ABS,dimensionless,original_statewise_factorial_Ca_requirement,0,20000,10159,0.04803893275380772,0.040535050663442804,0.11813036977430441,0.09985287688256023,0.12427528702422405,1000,0.21069560888324462
B,TAB,C0,0,M0_historical,20000,PN-P-ABS,dimensionless,original_statewise_factorial_P_requirement,0,20000,10057,0.05094801539849335,0.04357544223296657,0.12164771040137967,0.1035542529744798,0.1287210354469073,1000,0.26306160568887244
B,TAB,C0,0,M0_historical,20000,PN-T1,dimensionless,absolute_linear_constraint_bound_not_nutrient_requirement,0,20000,801,0.05648211377768126,0.04290039058093109,0.16259960074371063,0.0,0.04524217313592269,1000,0.2977709685954469
B,TAB,C0,0,M0_historical,20000,PN-T2,dimensionless,absolute_linear_constraint_bound_not_nutrient_requirement,0,20000,167,0.026351089376754303,0.01633707441001353,0.07331793284643646,0.0,0.0044006319259179685,1000,0.11870924324477272
B,TAB,C0,0,M0_historical,20000,PN-T3,dimensionless,absolute_linear_constraint_bound_not_nutrient_requirement,0,20000,4690,0.05694798187769579,0.04495718688777004,0.1504155331767962,0.08918554101014659,0.13003412324617342,1000,0.3022863854419779
B,TAB,C0,0,M0_historical,20000,PN-T4,dimensionless,absolute_linear_constraint_bound_not_nutrient_requirement,0,20000,9943,0.0681655856226512,0.05714689879807574,0.16950021882067412,0.13984686029241514,0.17845567361962625,1000,0.3905511619389281
B,TAB,C0,0,M0_historical,20000,PN-T5,dimensionless,absolute_linear_constraint_bound_not_nutrient_requirement,0,20000,10481,0.5157579565509925,0.4460790456418958,1.233885983339961,1.0620618117378584,1.305861525244601,1000,2.3911211191167987
B,TAB,C0,1,M0_historical,20000,PN-NEL-FIXEDDMI,dimensionless,original_fixed_NEL_target,9,19991,10090,0.043280081271558725,0.03619305816715418,0.10661835702937456,0.08969613068833382,0.11217458135958017,1000,0.20790592654728332
B,TAB,C0,1,M0_historical,20000,PN-CP-SUP,dimensionless,original_fixed_example_CP_target_not_MP_adequacy,0,20000,10267,0.032572145298569784,0.027996497046702266,0.07934173219987649,0.06719257684473093,0.08341739742638432,1000,0.14999657531010122
B,TAB,C0,1,M0_historical,20000,PN-CA-ABS,dimensionless,original_statewise_factorial_Ca_requirement,0,20000,10102,0.04768796026553046,0.04052991410336585,0.11518483804137168,0.09759751104520466,0.12241029128421464,1000,0.2391969569092453
B,TAB,C0,1,M0_historical,20000,PN-P-ABS,dimensionless,original_statewise_factorial_P_requirement,0,20000,10096,0.05129242417943012,0.04343101043627888,0.12610579197744393,0.10533938445590317,0.13197815460140067,1000,0.23583088713686265
B,TAB,C0,1,M0_historical,20000,PN-T1,dimensionless,absolute_linear_constraint_bound_not_nutrient_requirement,0,20000,789,0.058320610576557165,0.04347343873098153,0.1530397961438416,0.0,0.04601496174490361,1000,0.27242078128311126
B,TAB,C0,1,M0_historical,20000,PN-T2,dimensionless,absolute_linear_constraint_bound_not_nutrient_requirement,0,20000,143,0.02387396544555109,0.017169559108334287,0.06606010968160025,0.0,0.0034139770587138063,1000,0.10119458651797941
B,TAB,C0,1,M0_historical,20000,PN-T3,dimensionless,absolute_linear_constraint_bound_not_nutrient_requirement,0,20000,4658,0.057413991394639124,0.04591357111377777,0.15140751435719693,0.09089125429842994,0.13029551069351442,1000,0.26026827674495157
B,TAB,C0,1,M0_historical,20000,PN-T4,dimensionless,absolute_linear_constraint_bound_not_nutrient_requirement,0,20000,9988,0.07026924241871188,0.05944550010453964,0.1721532261223984,0.14373551238300167,0.1810613329499082,1000,0.3390096609389444
B,TAB,C0,1,M0_historical,20000,PN-T5,dimensionless,absolute_linear_constraint_bound_not_nutrient_requirement,0,20000,10560,0.5166250665415167,0.44608532639879117,1.2298981929884374,1.0532587501334718,1.3090286317312214,1000,2.2888183466015892
B,TAB,C0,2,M0_historical,20000,PN-NEL-FIXEDDMI,dimensionless,original_fixed_NEL_target,13,19987,10038,0.04340214810654405,0.03693639077525125,0.10536920072781471,0.0885971160307557,0.11121474282630169,1000,0.2109677470414967
B,TAB,C0,2,M0_historical,20000,PN-CP-SUP,dimensionless,original_fixed_example_CP_target_not_MP_adequacy,0,20000,10192,0.033099541924631146,0.028322836390042544,0.08017399164839631,0.06768291105066605,0.08414786944798942,1000,0.1709651905839119
B,TAB,C0,2,M0_historical,20000,PN-CA-ABS,dimensionless,original_statewise_factorial_Ca_requirement,0,20000,10213,0.04733364541867757,0.03975636466817126,0.1172442581112394,0.0986717360041194,0.12333604049113066,1000,0.215364168278401
B,TAB,C0,2,M0_historical,20000,PN-P-ABS,dimensionless,original_statewise_factorial_P_requirement,0,20000,10192,0.05134127138376155,0.04434356572658327,0.12429299028778784,0.10481196418952794,0.13130149480187872,1000,0.23354209246696467
B,TAB,C0,2,M0_historical,20000,PN-T1,dimensionless,absolute_linear_constraint_bound_not_nutrient_requirement,0,20000,796,0.056658561232569134,0.04439395865703882,0.15223648093575515,0.0,0.04510021474112503,1000,0.3154667955204506
B,TAB,C0,2,M0_historical,20000,PN-T2,dimensionless,absolute_linear_constraint_bound_not_nutrient_requirement,0,20000,147,0.027486895022643638,0.01994972701348552,0.0788504070752385,0.0,0.004040573568328615,1000,0.13257670720782166
B,TAB,C0,2,M0_historical,20000,PN-T3,dimensionless,absolute_linear_constraint_bound_not_nutrient_requirement,0,20000,4680,0.05723746145710658,0.044538684615927665,0.1496693306430103,0.09081031927094169,0.13077849499332772,1000,0.3191836896600315
B,TAB,C0,2,M0_historical,20000,PN-T4,dimensionless,absolute_linear_constraint_bound_not_nutrient_requirement,0,20000,9974,0.0685925059625899,0.056689480673922196,0.17302678001058575,0.1416770306135375,0.18292057173974255,1000,0.3825040171761962
B,TAB,C0,2,M0_historical,20000,PN-T5,dimensionless,absolute_linear_constraint_bound_not_nutrient_requirement,0,20000,10499,0.5131238036134937,0.4419137844861306,1.234009356650162,1.0535163434258543,1.3036254000531204,1000,2.413146380722871
B,TAB,C1,0,M0_historical,20000,PN-NEL-FIXEDDMI,dimensionless,original_fixed_NEL_target,4,19996,9977,0.04238049791457954,0.035797635595818694,0.1045296845664857,0.08698543945617744,0.10953884977846845,1000,0.20929235980664856
B,TAB,C1,0,M0_historical,20000,PN-CP-SUP,dimensionless,original_fixed_example_CP_target_not_MP_adequacy,0,20000,10224,0.032523432405180984,0.02753739594172983,0.07956893464979524,0.06706769914667851,0.08367754104463626,1000,0.15031156457612183
B,TAB,C1,0,M0_historical,20000,PN-CA-ABS,dimensionless,original_statewise_factorial_Ca_requirement,0,20000,10359,0.047929457710994064,0.041022988543577193,0.11725768877156419,0.09905879446589602,0.1238321577443873,1000,0.23331949519955697
B,TAB,C1,0,M0_historical,20000,PN-P-ABS,dimensionless,original_statewise_factorial_P_requirement,0,20000,10172,0.05087270650315406,0.043145794850018376,0.12411568808680418,0.10521590464386049,0.1309638359745383,1000,0.26695769650115714
B,TAB,C1,0,M0_historical,20000,PN-T1,dimensionless,absolute_linear_constraint_bound_not_nutrient_requirement,0,20000,791,0.054915873961451624,0.03973973614633567,0.15535592393250658,0.0,0.04343845630350824,1000,0.33541311169486127
B,TAB,C1,0,M0_historical,20000,PN-T2,dimensionless,absolute_linear_constraint_bound_not_nutrient_requirement,0,20000,167,0.026520682805608434,0.01820569320086618,0.08123580212869212,0.0,0.0044289540285366085,1000,0.1569980189888559
B,TAB,C1,0,M0_historical,20000,PN-T3,dimensionless,absolute_linear_constraint_bound_not_nutrient_requirement,0,20000,4721,0.05695841591937842,0.0461126422006002,0.14895667033363877,0.09132856020510895,0.13004129800866382,1000,0.32413721383657973
B,TAB,C1,0,M0_historical,20000,PN-T4,dimensionless,absolute_linear_constraint_bound_not_nutrient_requirement,0,20000,9919,0.06877369569900213,0.05740072112687641,0.17123458327191748,0.14270921901561162,0.1812753167915457,1000,0.3722777558207137
B,TAB,C1,0,M0_historical,20000,PN-T5,dimensionless,absolute_linear_constraint_bound_not_nutrient_requirement,0,20000,10393,0.6466154083763183,0.5568738599942825,1.5501351064154445,1.3290619515907622,1.639911322699801,1000,3.130955892910324
B,TAB,C1,1,M0_historical,20000,PN-NEL-FIXEDDMI,dimensionless,original_fixed_NEL_target,6,19994,9865,0.04243069858378151,0.035743251220294855,0.10456146678647944,0.08781316673330941,0.10954622359451577,1000,0.19454641869831502
B,TAB,C1,1,M0_historical,20000,PN-CP-SUP,dimensionless,original_fixed_example_CP_target_not_MP_adequacy,0,20000,10143,0.0323563177497929,0.02757166581970107,0.07736031916772602,0.0664435930379256,0.08209750535457223,1000,0.14578164253603226
B,TAB,C1,1,M0_historical,20000,PN-CA-ABS,dimensionless,original_statewise_factorial_Ca_requirement,0,20000,10042,0.04802189529787277,0.04009837690464728,0.11988671765654596,0.10025255428172336,0.1257898109962663,1000,0.23867801146132858
B,TAB,C1,1,M0_historical,20000,PN-P-ABS,dimensionless,original_statewise_factorial_P_requirement,0,20000,10004,0.05113781428036692,0.043277818519419926,0.12434235339500029,0.10439586534445343,0.1308491407930625,1000,0.2652721883059271
B,TAB,C1,1,M0_historical,20000,PN-T1,dimensionless,absolute_linear_constraint_bound_not_nutrient_requirement,0,20000,736,0.05339717921161969,0.040766947655551014,0.15110989108185202,0.0,0.03930032389975209,1000,0.2580082537998777
B,TAB,C1,1,M0_historical,20000,PN-T2,dimensionless,absolute_linear_constraint_bound_not_nutrient_requirement,0,20000,145,0.024691849131273376,0.01755537926316575,0.06774590479351975,0.0,0.0035803181240346396,1000,0.12582764744960873
B,TAB,C1,1,M0_historical,20000,PN-T3,dimensionless,absolute_linear_constraint_bound_not_nutrient_requirement,0,20000,4552,0.05616394893413584,0.04563574836675829,0.1456545061142153,0.08712488208691034,0.12590295143828578,1000,0.2961770858183979
B,TAB,C1,1,M0_historical,20000,PN-T4,dimensionless,absolute_linear_constraint_bound_not_nutrient_requirement,0,20000,9948,0.06861831579656859,0.05798186165874898,0.17058977913334983,0.14258426618190176,0.178994635929855,1000,0.399763957490935
B,TAB,C1,1,M0_historical,20000,PN-T5,dimensionless,absolute_linear_constraint_bound_not_nutrient_requirement,0,20000,10363,0.6367817934069592,0.5517170746448036,1.5281645460092783,1.3034423501378256,1.609269955500819,1000,2.9775117421436716
B,TAB,C1,2,M0_historical,20000,PN-NEL-FIXEDDMI,dimensionless,original_fixed_NEL_target,5,19995,9883,0.0427663865690422,0.03647369576036899,0.10551960224298704,0.088251557605765,0.11041361419149734,1000,0.22723054169038412
B,TAB,C1,2,M0_historical,20000,PN-CP-SUP,dimensionless,original_fixed_example_CP_target_not_MP_adequacy,0,20000,10062,0.03274050852834196,0.028414302190992016,0.07781873819899363,0.06650528929514078,0.08227924463757162,1000,0.15023145799424595
B,TAB,C1,2,M0_historical,20000,PN-CA-ABS,dimensionless,original_statewise_factorial_Ca_requirement,0,20000,10160,0.04786544134037892,0.040976000645028474,0.11618372668523885,0.09747208763926492,0.12256170407961595,1000,0.23900917928020138
B,TAB,C1,2,M0_historical,20000,PN-P-ABS,dimensionless,original_statewise_factorial_P_requirement,0,20000,10101,0.05118606328077048,0.04391844814990594,0.12411609661048027,0.10380876645660002,0.13014646158734736,1000,0.2612065692844744
B,TAB,C1,2,M0_historical,20000,PN-T1,dimensionless,absolute_linear_constraint_bound_not_nutrient_requirement,0,20000,789,0.056432178126885876,0.04337750358970901,0.15081493436781998,0.0,0.04452498854211296,1000,0.2981936122795741
B,TAB,C1,2,M0_historical,20000,PN-T2,dimensionless,absolute_linear_constraint_bound_not_nutrient_requirement,0,20000,152,0.025818162440949338,0.01900767882873622,0.07301503768618492,0.0,0.003924360691024299,1000,0.10397313250940397
B,TAB,C1,2,M0_historical,20000,PN-T3,dimensionless,absolute_linear_constraint_bound_not_nutrient_requirement,0,20000,4732,0.056647256752158925,0.04481858708036765,0.149698195806602,0.0907115157769731,0.12950904013025216,1000,0.3102402647797194
B,TAB,C1,2,M0_historical,20000,PN-T4,dimensionless,absolute_linear_constraint_bound_not_nutrient_requirement,0,20000,9997,0.06953425923533155,0.058184468073203356,0.17282513350029288,0.1435335755825907,0.18164309168341353,1000,0.3248790470903841
B,TAB,C1,2,M0_historical,20000,PN-T5,dimensionless,absolute_linear_constraint_bound_not_nutrient_requirement,0,20000,10484,0.6468254012994421,0.555339346952181,1.5588495200793773,1.3289471067742293,1.6402179843315539,1000,3.023727743041349
B,TAB,C2,0,M0_historical,20000,PN-NEL-FIXEDDMI,dimensionless,original_fixed_NEL_target,9,19991,10007,0.042002122156117205,0.03550252176566832,0.103699206798544,0.08651523407545228,0.10927616030524412,1000,0.19819486253118376
B,TAB,C2,0,M0_historical,20000,PN-CP-SUP,dimensionless,original_fixed_example_CP_target_not_MP_adequacy,0,20000,10094,0.030901812976007505,0.026465316862611273,0.07437057104283734,0.06302155607633643,0.07817254656829425,1000,0.15119722610447184
B,TAB,C2,0,M0_historical,20000,PN-CA-ABS,dimensionless,original_statewise_factorial_Ca_requirement,0,20000,10172,0.04844119751077383,0.04158537905892758,0.1154398766644676,0.09893771677365712,0.12274432754014891,1000,0.23251719555705666
B,TAB,C2,0,M0_historical,20000,PN-P-ABS,dimensionless,original_statewise_factorial_P_requirement,0,20000,10145,0.0509951233902146,0.044036051521399486,0.12423603601186264,0.1050455475369729,0.13037835204778547,1000,0.24094199927490548
B,TAB,C2,0,M0_historical,20000,PN-T1,dimensionless,absolute_linear_constraint_bound_not_nutrient_requirement,0,20000,233,0.03942481920863566,0.02951325184584519,0.11137010770325587,0.0,0.009185982875612108,1000,0.16547412417889873
B,TAB,C2,0,M0_historical,20000,PN-T2,dimensionless,absolute_linear_constraint_bound_not_nutrient_requirement,0,20000,104,0.026953667265352824,0.020632253100982878,0.07409192143785623,0.0,0.0028031813955966935,1000,0.15700875727966657
B,TAB,C2,0,M0_historical,20000,PN-T3,dimensionless,absolute_linear_constraint_bound_not_nutrient_requirement,0,20000,3718,0.043136674661178084,0.03386368102230278,0.11880835772773812,0.05824976662489431,0.09219145659410809,1000,0.2387330868389961
B,TAB,C2,0,M0_historical,20000,PN-T4,dimensionless,absolute_linear_constraint_bound_not_nutrient_requirement,0,20000,10074,0.07556268185940139,0.06224363681209322,0.19085833045088138,0.15888048710456898,0.2019240013589219,1000,0.41678929616625315
B,TAB,C2,0,M0_historical,20000,PN-T5,dimensionless,absolute_linear_constraint_bound_not_nutrient_requirement,0,20000,10705,0.5519928206951058,0.4631894817775675,1.3728316940425105,1.165513640183451,1.4680702496183815,1000,2.952330552981586
B,TAB,C2,1,M0_historical,20000,PN-NEL-FIXEDDMI,dimensionless,original_fixed_NEL_target,5,19995,10070,0.04313062084805177,0.03644799128699981,0.10668663769031803,0.08821902852060198,0.1120768035409048,1000,0.2089602618187004
B,TAB,C2,1,M0_historical,20000,PN-CP-SUP,dimensionless,original_fixed_example_CP_target_not_MP_adequacy,0,20000,10323,0.031088903765094662,0.02681166922211438,0.07472378026534135,0.06396199955515472,0.07896791405198468,1000,0.1378515201349238
B,TAB,C2,1,M0_historical,20000,PN-CA-ABS,dimensionless,original_statewise_factorial_Ca_requirement,0,20000,10134,0.048369882077732344,0.04192039153278031,0.11715532371356802,0.09907925088422061,0.12410463681663626,1000,0.24974174975617736
B,TAB,C2,1,M0_historical,20000,PN-P-ABS,dimensionless,original_statewise_factorial_P_requirement,0,20000,10299,0.05129128370605515,0.0432977504619055,0.12447689877669388,0.1064486238057878,0.13243367937532294,1000,0.2284893943308485
B,TAB,C2,1,M0_historical,20000,PN-T1,dimensionless,absolute_linear_constraint_bound_not_nutrient_requirement,0,20000,217,0.04017219062761075,0.02972764925562495,0.10114417029098606,0.0,0.008717365366191531,1000,0.18475692483623113
B,TAB,C2,1,M0_historical,20000,PN-T2,dimensionless,absolute_linear_constraint_bound_not_nutrient_requirement,0,20000,114,0.02444252656694808,0.01611510513363651,0.08141824478862822,0.0,0.0027864480286320815,1000,0.14711448476735522
B,TAB,C2,1,M0_historical,20000,PN-T3,dimensionless,absolute_linear_constraint_bound_not_nutrient_requirement,0,20000,3647,0.04319320956780949,0.03357761452349908,0.11591446389358336,0.058437921987252256,0.09201789845599967,1000,0.257309269284066
B,TAB,C2,1,M0_historical,20000,PN-T4,dimensionless,absolute_linear_constraint_bound_not_nutrient_requirement,0,20000,9936,0.07501874349238645,0.061283094483210274,0.19123174241195848,0.15819813350525536,0.20088536871967985,1000,0.4506171550122595
B,TAB,C2,1,M0_historical,20000,PN-T5,dimensionless,absolute_linear_constraint_bound_not_nutrient_requirement,0,20000,10675,0.5478390721124614,0.45794936049462004,1.3549920036294,1.1602152548926268,1.4577640217000922,1000,3.0093701495475065
B,TAB,C2,2,M0_historical,20000,PN-NEL-FIXEDDMI,dimensionless,original_fixed_NEL_target,4,19996,9981,0.04257207658202281,0.035902508996437696,0.10472979271000259,0.08810440332121722,0.11031515643353355,1000,0.24685124418842466
B,TAB,C2,2,M0_historical,20000,PN-CP-SUP,dimensionless,original_fixed_example_CP_target_not_MP_adequacy,0,20000,10295,0.03118993001764639,0.02679476931082959,0.07523067095749202,0.06396543354445886,0.07954056455350186,1000,0.148944252993268
B,TAB,C2,2,M0_historical,20000,PN-CA-ABS,dimensionless,original_statewise_factorial_Ca_requirement,0,20000,10150,0.04819804630268114,0.04115786302239753,0.11771847996633827,0.09880326504454892,0.12466444182461456,1000,0.23706199306566003
B,TAB,C2,2,M0_historical,20000,PN-P-ABS,dimensionless,original_statewise_factorial_P_requirement,0,20000,10125,0.05067859590770064,0.04280651551406132,0.1246546815711997,0.10478042936562175,0.12986152810188603,1000,0.26499910767255824
B,TAB,C2,2,M0_historical,20000,PN-T1,dimensionless,absolute_linear_constraint_bound_not_nutrient_requirement,0,20000,214,0.038832251996859635,0.02628005088644072,0.11882039492927594,0.0,0.008310101927327961,1000,0.2892092930398677
B,TAB,C2,2,M0_historical,20000,PN-T2,dimensionless,absolute_linear_constraint_bound_not_nutrient_requirement,0,20000,112,0.024313689167170034,0.017744508055072328,0.06539109263034623,0.0,0.002723133186723044,1000,0.16631545634957834
B,TAB,C2,2,M0_historical,20000,PN-T3,dimensionless,absolute_linear_constraint_bound_not_nutrient_requirement,0,20000,3608,0.04324862613232803,0.03321278124069173,0.11480816383792514,0.058645530119064204,0.09188969648278067,1000,0.330701034919611
B,TAB,C2,2,M0_historical,20000,PN-T4,dimensionless,absolute_linear_constraint_bound_not_nutrient_requirement,0,20000,9942,0.07475765039439226,0.0609157541372841,0.19054910008198103,0.15595111470786355,0.20275000896625034,1000,0.418505136610254
B,TAB,C2,2,M0_historical,20000,PN-T5,dimensionless,absolute_linear_constraint_bound_not_nutrient_requirement,0,20000,10501,0.5475952793826419,0.4615497706231911,1.365562176813691,1.1486140739971578,1.4631687806889282,1000,3.6539291111879555
B,NARROW,C0,0,M0_historical,20000,PN-NEL-FIXEDDMI,dimensionless,original_fixed_NEL_target,0,20000,10203,0.010233828884031548,0.008639489279946035,0.02533755430229686,0.021073758482295375,0.026665061364432113,1000,0.053669775695285665
B,NARROW,C0,0,M0_historical,20000,PN-CP-SUP,dimensionless,original_fixed_example_CP_target_not_MP_adequacy,0,20000,9990,0.013323455720284635,0.011338643728097106,0.03281407615077378,0.02747127801607521,0.03449673183655841,1000,0.06807423121892084
B,NARROW,C0,0,M0_historical,20000,PN-CA-ABS,dimensionless,original_statewise_factorial_Ca_requirement,0,20000,10145,0.023214311339923983,0.019972571055849354,0.05675213392438555,0.04767417899677699,0.059889800583127546,1000,0.12245211261731616
B,NARROW,C0,0,M0_historical,20000,PN-P-ABS,dimensionless,original_statewise_factorial_P_requirement,0,20000,9904,0.02325546576213637,0.01961460434224782,0.056733334394536275,0.04799036121554628,0.05970603246721948,1000,0.10584122116771025
B,NARROW,C0,0,M0_historical,20000,PN-T1,dimensionless,absolute_linear_constraint_bound_not_nutrient_requirement,0,20000,0,,,,0.0,0.0,1000,0.0
B,NARROW,C0,0,M0_historical,20000,PN-T2,dimensionless,absolute_linear_constraint_bound_not_nutrient_requirement,0,20000,0,,,,0.0,0.0,1000,0.0
B,NARROW,C0,0,M0_historical,20000,PN-T3,dimensionless,absolute_linear_constraint_bound_not_nutrient_requirement,0,20000,53,0.007119399825206877,0.005273317297610051,0.021941940485381204,0.0,0.0003773281907359645,1000,0.03303202786799032
B,NARROW,C0,0,M0_historical,20000,PN-T4,dimensionless,absolute_linear_constraint_bound_not_nutrient_requirement,0,20000,10032,0.015909215184725656,0.013352142186542255,0.039363402847613214,0.032974273573500114,0.04147437881510469,1000,0.0785003569658732
B,NARROW,C0,0,M0_historical,20000,PN-T5,dimensionless,absolute_linear_constraint_bound_not_nutrient_requirement,0,20000,10081,0.1369858617166712,0.11749845757384955,0.329130374075954,0.28103387191851087,0.3480849702333228,1000,0.6480853581448265
B,NARROW,C0,1,M0_historical,20000,PN-NEL-FIXEDDMI,dimensionless,original_fixed_NEL_target,0,20000,10004,0.010283978188988786,0.0086430089421987,0.025228994205100233,0.02093493478316307,0.02647458395576733,1000,0.048293652323198384
B,NARROW,C0,1,M0_historical,20000,PN-CP-SUP,dimensionless,original_fixed_example_CP_target_not_MP_adequacy,0,20000,10026,0.013497179547856574,0.011497444639681078,0.0332483529622385,0.027573580963264073,0.034910614931732996,1000,0.06655570525370524
B,NARROW,C0,1,M0_historical,20000,PN-CA-ABS,dimensionless,original_statewise_factorial_Ca_requirement,0,20000,10065,0.023370105387154946,0.019752945986447907,0.057382241294356436,0.04835267359859282,0.06030460850085934,1000,0.126093014087214
B,NARROW,C0,1,M0_historical,20000,PN-P-ABS,dimensionless,original_statewise_factorial_P_requirement,0,20000,9919,0.023140913236599645,0.019701240149227174,0.056505010101738945,0.047382778122816153,0.059153716229720744,1000,0.1090760846459304
B,NARROW,C0,1,M0_historical,20000,PN-T1,dimensionless,absolute_linear_constraint_bound_not_nutrient_requirement,0,20000,0,,,,0.0,0.0,1000,0.0
B,NARROW,C0,1,M0_historical,20000,PN-T2,dimensionless,absolute_linear_constraint_bound_not_nutrient_requirement,0,20000,0,,,,0.0,0.0,1000,0.0
B,NARROW,C0,1,M0_historical,20000,PN-T3,dimensionless,absolute_linear_constraint_bound_not_nutrient_requirement,0,20000,47,0.00947086184358351,0.006959386581560446,0.02809818867249194,0.0,0.0004451305066484249,1000,0.031898190202088166
B,NARROW,C0,1,M0_historical,20000,PN-T4,dimensionless,absolute_linear_constraint_bound_not_nutrient_requirement,0,20000,9998,0.015841786864914643,0.013425237013034257,0.03858853681630605,0.03269061375647813,0.040801783326745354,1000,0.08264421658589481
B,NARROW,C0,1,M0_historical,20000,PN-T5,dimensionless,absolute_linear_constraint_bound_not_nutrient_requirement,0,20000,10154,0.13528295251337435,0.11622487353450767,0.32868535619852646,0.27625349421067014,0.3465840785890814,1000,0.6800839035616542
B,NARROW,C0,2,M0_historical,20000,PN-NEL-FIXEDDMI,dimensionless,original_fixed_NEL_target,0,20000,10064,0.010448192084256704,0.008949829754011129,0.0253915355032105,0.021388840286230875,0.02681124529468772,1000,0.05529553516155557
B,NARROW,C0,2,M0_historical,20000,PN-CP-SUP,dimensionless,original_fixed_example_CP_target_not_MP_adequacy,0,20000,10049,0.013466003262635955,0.011505452709990557,0.03281914096442127,0.02781760469565045,0.03458180607340087,1000,0.06695561456221169
B,NARROW,C0,2,M0_historical,20000,PN-CA-ABS,dimensionless,original_statewise_factorial_Ca_requirement,0,20000,10152,0.023158187651392947,0.019825992504859086,0.05590644397612807,0.047530371931790855,0.05939769556482508,1000,0.11194606845449744
B,NARROW,C0,2,M0_historical,20000,PN-P-ABS,dimensionless,original_statewise_factorial_P_requirement,0,20000,9947,0.022973224574703896,0.019338268995423017,0.056292370325018416,0.04732721710828488,0.05930009978898168,1000,0.10801157795583506
B,NARROW,C0,2,M0_historical,20000,PN-T1,dimensionless,absolute_linear_constraint_bound_not_nutrient_requirement,0,20000,0,,,,0.0,0.0,1000,0.0
B,NARROW,C0,2,M0_historical,20000,PN-T2,dimensionless,absolute_linear_constraint_bound_not_nutrient_requirement,0,20000,0,,,,0.0,0.0,1000,0.0
B,NARROW,C0,2,M0_historical,20000,PN-T3,dimensionless,absolute_linear_constraint_bound_not_nutrient_requirement,0,20000,49,0.010823419763409808,0.009171915140071188,0.028967522781366987,0.0,0.0005303475684070806,1000,0.031256403261709524
B,NARROW,C0,2,M0_historical,20000,PN-T4,dimensionless,absolute_linear_constraint_bound_not_nutrient_requirement,0,20000,9936,0.016002386125781396,0.013506216968608525,0.03995225977944268,0.0327119885652009,0.041572918607621245,1000,0.07521672281832315
B,NARROW,C0,2,M0_historical,20000,PN-T5,dimensionless,absolute_linear_constraint_bound_not_nutrient_requirement,0,20000,10034,0.1360354526547232,0.11419413841540926,0.33545420748469496,0.2792817904351734,0.3512823215834125,1000,0.6860716054207201
B,NARROW,C1,0,M0_historical,20000,PN-NEL-FIXEDDMI,dimensionless,original_fixed_NEL_target,0,20000,9867,0.010265896880790331,0.00876971113931901,0.025120858046383282,0.020930378991857294,0.026373866954821464,1000,0.05806386507270776
B,NARROW,C1,0,M0_historical,20000,PN-CP-SUP,dimensionless,original_fixed_example_CP_target_not_MP_adequacy,0,20000,10037,0.013289230039381572,0.011101617941384208,0.03282250999518657,0.027638098431928583,0.03450704367178704,1000,0.06617457721588942
B,NARROW,C1,0,M0_historical,20000,PN-CA-ABS,dimensionless,original_statewise_factorial_Ca_requirement,0,20000,10102,0.023392419426086847,0.019790274963946565,0.05740060469242893,0.04818154474362361,0.06037419524850248,1000,0.1058951899498797
B,NARROW,C1,0,M0_historical,20000,PN-P-ABS,dimensionless,original_statewise_factorial_P_requirement,0,20000,10033,0.023561735621107503,0.019980006967693868,0.057817605394091746,0.04882510408454903,0.06099833484462957,1000,0.12724277006415818
B,NARROW,C1,0,M0_historical,20000,PN-T1,dimensionless,absolute_linear_constraint_bound_not_nutrient_requirement,0,20000,0,,,,0.0,0.0,1000,0.0
B,NARROW,C1,0,M0_historical,20000,PN-T2,dimensionless,absolute_linear_constraint_bound_not_nutrient_requirement,0,20000,0,,,,0.0,0.0,1000,0.0
B,NARROW,C1,0,M0_historical,20000,PN-T3,dimensionless,absolute_linear_constraint_bound_not_nutrient_requirement,0,20000,53,0.00863543699764773,0.004468643816931666,0.02802813711460011,0.0,0.00045767816087532965,1000,0.031882334380432344
B,NARROW,C1,0,M0_historical,20000,PN-T4,dimensionless,absolute_linear_constraint_bound_not_nutrient_requirement,0,20000,10044,0.01590555949991855,0.013590165698541176,0.03869583702388602,0.032634571434203105,0.040925351658807785,1000,0.08811637529564671
B,NARROW,C1,0,M0_historical,20000,PN-T5,dimensionless,absolute_linear_constraint_bound_not_nutrient_requirement,0,20000,10039,0.16602203063746795,0.14018150768713467,0.40126534571722927,0.34059602650290455,0.42213855070935963,1000,0.8201396353324168
B,NARROW,C1,1,M0_historical,20000,PN-NEL-FIXEDDMI,dimensionless,original_fixed_NEL_target,0,20000,9938,0.010222348436452226,0.008732556632743587,0.024753585575583426,0.020843914496236546,0.025969397911907628,1000,0.04584352403707598
B,NARROW,C1,1,M0_historical,20000,PN-CP-SUP,dimensionless,original_fixed_example_CP_target_not_MP_adequacy,0,20000,9944,0.013293687015522622,0.011278874323695082,0.032332721727461204,0.027351766762150766,0.03399530253657997,1000,0.07422857157941935
B,NARROW,C1,1,M0_historical,20000,PN-CA-ABS,dimensionless,original_statewise_factorial_Ca_requirement,0,20000,10100,0.023410135415138478,0.019932645955428638,0.057088746692044195,0.047985413917749235,0.0602142724021099,1000,0.10641771364196709
B,NARROW,C1,1,M0_historical,20000,PN-P-ABS,dimensionless,original_statewise_factorial_P_requirement,0,20000,9955,0.02328049192450672,0.01965781293706639,0.057981597432368345,0.047807051607270536,0.06040694935270309,1000,0.1087999560088178
B,NARROW,C1,1,M0_historical,20000,PN-T1,dimensionless,absolute_linear_constraint_bound_not_nutrient_requirement,0,20000,0,,,,0.0,0.0,1000,0.0
B,NARROW,C1,1,M0_historical,20000,PN-T2,dimensionless,absolute_linear_constraint_bound_not_nutrient_requirement,0,20000,0,,,,0.0,0.0,1000,0.0
B,NARROW,C1,1,M0_historical,20000,PN-T3,dimensionless,absolute_linear_constraint_bound_not_nutrient_requirement,0,20000,57,0.0073222325076052345,0.005975701367101472,0.019815093709251955,0.0,0.0004173672529334984,1000,0.026245995843010572
B,NARROW,C1,1,M0_historical,20000,PN-T4,dimensionless,absolute_linear_constraint_bound_not_nutrient_requirement,0,20000,10033,0.015867496961027554,0.013290088184096013,0.038937491391297416,0.03281643274299955,0.04102289149528906,1000,0.08470379681740413
B,NARROW,C1,1,M0_historical,20000,PN-T5,dimensionless,absolute_linear_constraint_bound_not_nutrient_requirement,0,20000,10026,0.16634117859532482,0.14106570169412175,0.402695244289941,0.3407830969005131,0.42599828689879843,1000,0.8265206303113936
B,NARROW,C1,2,M0_historical,20000,PN-NEL-FIXEDDMI,dimensionless,original_fixed_NEL_target,0,20000,9961,0.010208457574079935,0.008597930278057744,0.025294314600408197,0.021327856449664992,0.02670774806002444,1000,0.05039017288288408
B,NARROW,C1,2,M0_historical,20000,PN-CP-SUP,dimensionless,original_fixed_example_CP_target_not_MP_adequacy,0,20000,10128,0.013434295565919437,0.011448089429830473,0.032687810438842564,0.02770232361997128,0.034596284248406176,1000,0.07129258626660115
B,NARROW,C1,2,M0_historical,20000,PN-CA-ABS,dimensionless,original_statewise_factorial_Ca_requirement,0,20000,9999,0.022780125786274336,0.01924897705637486,0.055794296584386394,0.04679165536314754,0.058964193995363054,1000,0.11419935111036678
B,NARROW,C1,2,M0_historical,20000,PN-P-ABS,dimensionless,original_statewise_factorial_P_requirement,0,20000,10140,0.023577192867104555,0.020049189714647322,0.05766095313595959,0.04881795811821582,0.06084726330491059,1000,0.11982511222664327
B,NARROW,C1,2,M0_historical,20000,PN-T1,dimensionless,absolute_linear_constraint_bound_not_nutrient_requirement,0,20000,0,,,,0.0,0.0,1000,0.0
B,NARROW,C1,2,M0_historical,20000,PN-T2,dimensionless,absolute_linear_constraint_bound_not_nutrient_requirement,0,20000,0,,,,0.0,0.0,1000,0.0
B,NARROW,C1,2,M0_historical,20000,PN-T3,dimensionless,absolute_linear_constraint_bound_not_nutrient_requirement,0,20000,55,0.009883533172185089,0.007750781774988855,0.02415374364934069,0.0,0.0005435943244701798,1000,0.03813228527245423
B,NARROW,C1,2,M0_historical,20000,PN-T4,dimensionless,absolute_linear_constraint_bound_not_nutrient_requirement,0,20000,9938,0.015950255310939007,0.013292620383179576,0.039547100298058885,0.033077606146698864,0.041578388031075324,1000,0.0837536685819514
B,NARROW,C1,2,M0_historical,20000,PN-T5,dimensionless,absolute_linear_constraint_bound_not_nutrient_requirement,0,20000,10049,0.16417284877978755,0.14012753312683915,0.39738701931081355,0.3356785385793906,0.419844780996435,1000,0.7707225625662627
B,NARROW,C2,0,M0_historical,20000,PN-NEL-FIXEDDMI,dimensionless,original_fixed_NEL_target,0,20000,9985,0.010481664592053483,0.008903437055649445,0.02566261334904192,0.021415002661476012,0.026917604704597715,1000,0.05026529013793733
B,NARROW,C2,0,M0_historical,20000,PN-CP-SUP,dimensionless,original_fixed_example_CP_target_not_MP_adequacy,0,20000,9978,0.012837494612263859,0.010793463541849936,0.031424282557773166,0.026655616968794732,0.0330699835968191,1000,0.06349214089132636
B,NARROW,C2,0,M0_historical,20000,PN-CA-ABS,dimensionless,original_statewise_factorial_Ca_requirement,0,20000,9952,0.023288991123892128,0.01998737214597411,0.056561785915966,0.04747981707181124,0.059651692075514205,1000,0.11165108791247626
B,NARROW,C2,0,M0_historical,20000,PN-P-ABS,dimensionless,original_statewise_factorial_P_requirement,0,20000,10102,0.023152298332668,0.019856830701612815,0.056003966000967104,0.047430857007153625,0.059178337082845436,1000,0.10371989268035935
B,NARROW,C2,0,M0_historical,20000,PN-T1,dimensionless,absolute_linear_constraint_bound_not_nutrient_requirement,0,20000,0,,,,0.0,0.0,1000,0.0
B,NARROW,C2,0,M0_historical,20000,PN-T2,dimensionless,absolute_linear_constraint_bound_not_nutrient_requirement,0,20000,0,,,,0.0,0.0,1000,0.0
B,NARROW,C2,0,M0_historical,20000,PN-T3,dimensionless,absolute_linear_constraint_bound_not_nutrient_requirement,0,20000,8,0.004400996361197091,0.0038730617567134164,0.008103260008658448,0.0,3.520797088957673e-05,1000,0.00835182375021575
B,NARROW,C2,0,M0_historical,20000,PN-T4,dimensionless,absolute_linear_constraint_bound_not_nutrient_requirement,0,20000,10038,0.016234701177101123,0.013484610081229791,0.04084711010921507,0.034032013985504116,0.04308890034762624,1000,0.09096853448298321
B,NARROW,C2,0,M0_historical,20000,PN-T5,dimensionless,absolute_linear_constraint_bound_not_nutrient_requirement,0,20000,10030,0.13865541918568075,0.11633723916423497,0.3434687526484174,0.28540530767198286,0.3622641955870297,1000,0.6797951940320525
B,NARROW,C2,1,M0_historical,20000,PN-NEL-FIXEDDMI,dimensionless,original_fixed_NEL_target,0,20000,9885,0.010473694172147068,0.008808014321345316,0.02568874631311207,0.02147258223680729,0.02691059971347069,1000,0.049515674757772646
B,NARROW,C2,1,M0_historical,20000,PN-CP-SUP,dimensionless,original_fixed_example_CP_target_not_MP_adequacy,0,20000,10124,0.012813623373924568,0.010931125606150293,0.03127879528066124,0.02631846059135392,0.033058117809997664,1000,0.06293423421596182
B,NARROW,C2,1,M0_historical,20000,PN-CA-ABS,dimensionless,original_statewise_factorial_Ca_requirement,0,20000,10084,0.02295106545163002,0.019420826020729278,0.055249142031837034,0.04691227331522765,0.05854509663177415,1000,0.11037541267818513
B,NARROW,C2,1,M0_historical,20000,PN-P-ABS,dimensionless,original_statewise_factorial_P_requirement,0,20000,10041,0.023754329354621427,0.019968963227347,0.058320486805794394,0.04884609582841958,0.061543534397168816,1000,0.11944487089474673
B,NARROW,C2,1,M0_historical,20000,PN-T1,dimensionless,absolute_linear_constraint_bound_not_nutrient_requirement,0,20000,0,,,,0.0,0.0,1000,0.0
B,NARROW,C2,1,M0_historical,20000,PN-T2,dimensionless,absolute_linear_constraint_bound_not_nutrient_requirement,0,20000,0,,,,0.0,0.0,1000,0.0
B,NARROW,C2,1,M0_historical,20000,PN-T3,dimensionless,absolute_linear_constraint_bound_not_nutrient_requirement,0,20000,9,0.003200069363752434,0.0020717828360469186,0.006467931821881543,0.0,2.8800624273771913e-05,1000,0.006892517328717219
B,NARROW,C2,1,M0_historical,20000,PN-T4,dimensionless,absolute_linear_constraint_bound_not_nutrient_requirement,0,20000,10130,0.016523673463422442,0.013855810959644185,0.04098914554226745,0.034668884376685305,0.04307317639237538,1000,0.08534899947770236
B,NARROW,C2,1,M0_historical,20000,PN-T5,dimensionless,absolute_linear_constraint_bound_not_nutrient_requirement,0,20000,10158,0.1398981526032616,0.11699004743491309,0.34480719415754063,0.2904193621002523,0.36231323890990974,1000,0.728985791763105
B,NARROW,C2,2,M0_historical,20000,PN-NEL-FIXEDDMI,dimensionless,original_fixed_NEL_target,0,20000,10024,0.010399546105867383,0.008702822172873187,0.025435839728058657,0.02155708176454109,0.027065829044867793,1000,0.051480148050129695
B,NARROW,C2,2,M0_historical,20000,PN-CP-SUP,dimensionless,original_fixed_example_CP_target_not_MP_adequacy,0,20000,10073,0.012928780699039652,0.010969330156374569,0.03161745639680202,0.026670779026066578,0.033539778326956225,1000,0.06743557044935049
B,NARROW,C2,2,M0_historical,20000,PN-CA-ABS,dimensionless,original_statewise_factorial_Ca_requirement,0,20000,10010,0.023407075302611043,0.020223670885359687,0.056438394488033714,0.04757622764623444,0.05935314885139978,1000,0.12163035742358473
B,NARROW,C2,2,M0_historical,20000,PN-P-ABS,dimensionless,original_statewise_factorial_P_requirement,0,20000,10097,0.023101120986725246,0.01940189649433226,0.05704058623123669,0.04784729303091453,0.05988229372524516,1000,0.11368265139348743
B,NARROW,C2,2,M0_historical,20000,PN-T1,dimensionless,absolute_linear_constraint_bound_not_nutrient_requirement,0,20000,0,,,,0.0,0.0,1000,0.0
B,NARROW,C2,2,M0_historical,20000,PN-T2,dimensionless,absolute_linear_constraint_bound_not_nutrient_requirement,0,20000,0,,,,0.0,0.0,1000,0.0
B,NARROW,C2,2,M0_historical,20000,PN-T3,dimensionless,absolute_linear_constraint_bound_not_nutrient_requirement,0,20000,6,0.004961808163771065,0.00278118299162655,0.01489629857149372,0.0,2.977084898262639e-05,1000,0.0182148973700978
B,NARROW,C2,2,M0_historical,20000,PN-T4,dimensionless,absolute_linear_constraint_bound_not_nutrient_requirement,0,20000,9926,0.016447183491755366,0.013838703315023257,0.04134296355100972,0.03416626535801498,0.043220330638157126,1000,0.08405871809958258
B,NARROW,C2,2,M0_historical,20000,PN-T5,dimensionless,absolute_linear_constraint_bound_not_nutrient_requirement,0,20000,9994,0.13962181995940098,0.1175444673102658,0.34245290304392917,0.28786926794292783,0.360291571595116,1000,0.7600120209736007
C,TAB,C0,0,M0_historical,20000,PN-NEL-FIXEDDMI,dimensionless,original_fixed_NEL_target,0,20000,7121,0.020066611294718192,0.016311739199846593,0.05050135013574613,0.03810278039305514,0.04982748846998302,1000,0.10224423451114881
C,TAB,C0,0,M0_historical,20000,PN-CP-SUP,dimensionless,original_fixed_example_CP_target_not_MP_adequacy,0,20000,10082,0.07832692306253669,0.06628176017508183,0.19155818778306005,0.16220047070350435,0.2023458594724094,1000,0.360088364840713
C,TAB,C0,0,M0_historical,20000,PN-CA-ABS,dimensionless,original_statewise_factorial_Ca_requirement,0,20000,4022,0.10563371884200745,0.08354120837044549,0.28601421587691417,0.15108612400638774,0.23208092643443815,1000,0.6427578805363976
C,TAB,C0,0,M0_historical,20000,PN-P-ABS,dimensionless,original_statewise_factorial_P_requirement,0,20000,9898,0.08815528577155847,0.07482909089998654,0.21675121843788983,0.1800090996308566,0.22622411460495404,1000,0.4312560176858022
C,TAB,C0,0,M0_historical,20000,PN-T1,dimensionless,absolute_linear_constraint_bound_not_nutrient_requirement,0,20000,2,0.08711396241471178,0.08711396241471178,0.09261566364595838,0.0,0.00017422792482942357,1000,0.09322696378276356
C,TAB,C0,0,M0_historical,20000,PN-T2,dimensionless,absolute_linear_constraint_bound_not_nutrient_requirement,0,20000,1294,0.0564493213306572,0.042706058775029476,0.1579762868115706,0.01752474920806661,0.07060812002218163,1000,0.3255704162797247
C,TAB,C0,0,M0_historical,20000,PN-T3,dimensionless,absolute_linear_constraint_bound_not_nutrient_requirement,0,20000,388,0.05709465679214064,0.040124008453484586,0.16294913823521653,0.0,0.02215272683535057,1000,0.3005725288964449
C,TAB,C0,0,M0_historical,20000,PN-T4,dimensionless,absolute_linear_constraint_bound_not_nutrient_requirement,0,20000,35,0.015492919301056528,0.011259093661624883,0.03582704425945062,0.0,0.0005422521755369783,1000,0.06752983050391902
C,TAB,C0,0,M0_historical,20000,PN-T5,dimensionless,absolute_linear_constraint_bound_not_nutrient_requirement,0,20000,56,0.22217011798901914,0.14263805029296403,0.606744827830321,0.0,0.012441526607385072,1000,0.9727142840770593
C,TAB,C0,1,M0_historical,20000,PN-NEL-FIXEDDMI,dimensionless,original_fixed_NEL_target,0,20000,7131,0.019976710929283766,0.016317051398016442,0.05136849228392261,0.03762037276973083,0.04997274873606993,1000,0.09484502099891903
C,TAB,C0,1,M0_historical,20000,PN-CP-SUP,dimensionless,original_fixed_example_CP_target_not_MP_adequacy,0,20000,10111,0.07712076379402512,0.06543511827407479,0.1891936640001297,0.15951794837298616,0.19753648695674145,1000,0.3489957591880581
C,TAB,C0,1,M0_historical,20000,PN-CA-ABS,dimensionless,original_statewise_factorial_Ca_requirement,0,20000,4018,0.10589279130271348,0.08368306113171498,0.2830611973221231,0.1522056041902124,0.2339430655529969,1000,0.5701293016846861
C,TAB,C0,1,M0_historical,20000,PN-P-ABS,dimensionless,original_statewise_factorial_P_requirement,0,20000,9987,0.08931443442001537,0.07511252150624648,0.22261474242646076,0.1869400515073474,0.23390821198040984,1000,0.46216247425298324
C,TAB,C0,1,M0_historical,20000,PN-T1,dimensionless,absolute_linear_constraint_bound_not_nutrient_requirement,0,20000,5,0.048961802025941956,0.03532385398345291,0.08052007663985981,0.0,0.00024480901012970975,1000,0.08297395060211524
C,TAB,C0,1,M0_historical,20000,PN-T2,dimensionless,absolute_linear_constraint_bound_not_nutrient_requirement,0,20000,1303,0.05798527566370307,0.0428095975351801,0.16435857028516448,0.01617482392124269,0.07309740275565055,1000,0.3305108660354207
C,TAB,C0,1,M0_historical,20000,PN-T3,dimensionless,absolute_linear_constraint_bound_not_nutrient_requirement,0,20000,411,0.059333045437875556,0.04266133619697159,0.17254072130136444,0.0,0.02438588167496686,1000,0.2976506376023646
C,TAB,C0,1,M0_historical,20000,PN-T4,dimensionless,absolute_linear_constraint_bound_not_nutrient_requirement,0,20000,48,0.012154632706918378,0.008597387407064856,0.03595056798522073,0.0,0.0005834223699320821,1000,0.049146031637470146
C,TAB,C0,1,M0_historical,20000,PN-T5,dimensionless,absolute_linear_constraint_bound_not_nutrient_requirement,0,20000,67,0.2338402441510978,0.17851842208905286,0.6388375909449445,0.0,0.015667296358123556,1000,0.7958793998320616
C,TAB,C0,2,M0_historical,20000,PN-NEL-FIXEDDMI,dimensionless,original_fixed_NEL_target,0,20000,7125,0.020124591267666976,0.01654811837456461,0.05103516740396785,0.0373062325765564,0.04986586043038043,1000,0.09202860101185122
C,TAB,C0,2,M0_historical,20000,PN-CP-SUP,dimensionless,original_fixed_example_CP_target_not_MP_adequacy,0,20000,10101,0.0788727819467177,0.06686618709968882,0.19161456845634406,0.16083300376471713,0.20277442386163816,1000,0.41429613829567463
C,TAB,C0,2,M0_historical,20000,PN-CA-ABS,dimensionless,original_statewise_factorial_Ca_requirement,0,20000,4045,0.10818153272386409,0.08438282005231942,0.29478998582819754,0.15302701564494434,0.23955983530405187,1000,0.6493949407205174
C,TAB,C0,2,M0_historical,20000,PN-P-ABS,dimensionless,original_statewise_factorial_P_requirement,0,20000,10006,0.08810141189543971,0.07412662225424636,0.2159010290247746,0.1837433983217424,0.2287259776706882,1000,0.48002503725722123
C,TAB,C0,2,M0_historical,20000,PN-T1,dimensionless,absolute_linear_constraint_bound_not_nutrient_requirement,0,20000,2,0.08861198583246711,0.08861198583246711,0.16477280033019676,0.0,0.00017722397166493423,1000,0.1732351130521667
C,TAB,C0,2,M0_historical,20000,PN-T2,dimensionless,absolute_linear_constraint_bound_not_nutrient_requirement,0,20000,1272,0.05384723254390828,0.03977578459371944,0.14890866282790527,0.013951285448614471,0.06658204303544168,1000,0.35631516193747037
C,TAB,C0,2,M0_historical,20000,PN-T3,dimensionless,absolute_linear_constraint_bound_not_nutrient_requirement,0,20000,369,0.055199604228647614,0.043538240662514716,0.16187746997124053,0.0,0.020368653960370967,1000,0.35087194349209155
C,TAB,C0,2,M0_historical,20000,PN-T4,dimensionless,absolute_linear_constraint_bound_not_nutrient_requirement,0,20000,48,0.012591850968902168,0.009105736516245948,0.030676401892404632,0.0,0.0006044088465073041,1000,0.05724904047612556
C,TAB,C0,2,M0_historical,20000,PN-T5,dimensionless,absolute_linear_constraint_bound_not_nutrient_requirement,0,20000,45,0.24254447181102887,0.22552339995798976,0.5048879710458606,0.0,0.010914501231496298,1000,1.1693882814324827
C,TAB,C1,0,M0_historical,20000,PN-NEL-FIXEDDMI,dimensionless,original_fixed_NEL_target,0,20000,7134,0.019856499987854274,0.0161670670051509,0.05049234258771551,0.03728437886426705,0.04969160857468198,1000,0.11621920572800637
C,TAB,C1,0,M0_historical,20000,PN-CP-SUP,dimensionless,original_fixed_example_CP_target_not_MP_adequacy,0,20000,10018,0.07832540043322955,0.06695248820976502,0.19266822331971845,0.16228278487003087,0.2023060513665685,1000,0.34426919471140455
C,TAB,C1,0,M0_historical,20000,PN-CA-ABS,dimensionless,original_statewise_factorial_Ca_requirement,0,20000,4030,0.10714321430744847,0.08537732749017597,0.2814258606184669,0.1560738560135479,0.2343760202581381,1000,0.6027721458252296
C,TAB,C1,0,M0_historical,20000,PN-P-ABS,dimensionless,original_statewise_factorial_P_requirement,0,20000,10040,0.08949512981525704,0.07604893200372181,0.2186975073615202,0.18300393043612959,0.23080952706564392,1000,0.42247486201142537
C,TAB,C1,0,M0_historical,20000,PN-T1,dimensionless,absolute_linear_constraint_bound_not_nutrient_requirement,0,20000,4,0.02984687804467025,0.02222007827641472,0.06779649916954208,0.0,0.000119387512178681,1000,0.07490289021325035
C,TAB,C1,0,M0_historical,20000,PN-T2,dimensionless,absolute_linear_constraint_bound_not_nutrient_requirement,0,20000,1271,0.054841198895829044,0.04042031867932005,0.15639770307055173,0.014531731656411,0.06788257585656822,1000,0.2901274721353445
C,TAB,C1,0,M0_historical,20000,PN-T3,dimensionless,absolute_linear_constraint_bound_not_nutrient_requirement,0,20000,385,0.054673654805772395,0.036997846706024504,0.1534920594260327,0.0,0.021049357100222377,1000,0.27778211920287504
C,TAB,C1,0,M0_historical,20000,PN-T4,dimensionless,absolute_linear_constraint_bound_not_nutrient_requirement,0,20000,22,0.012576900888199204,0.008150402254518593,0.03178776213274013,0.0,0.00027669181954038247,1000,0.045914564620508726
C,TAB,C1,0,M0_historical,20000,PN-T5,dimensionless,absolute_linear_constraint_bound_not_nutrient_requirement,0,20000,47,0.2471652437796837,0.1992953209333615,0.707871258606473,0.0,0.011616766457645132,1000,1.1798539453750794
C,TAB,C1,1,M0_historical,20000,PN-NEL-FIXEDDMI,dimensionless,original_fixed_NEL_target,0,20000,7023,0.019879771956862014,0.016279094649043337,0.05053312611003167,0.03738783850440665,0.04932433104683069,1000,0.10311954431581086
C,TAB,C1,1,M0_historical,20000,PN-CP-SUP,dimensionless,original_fixed_example_CP_target_not_MP_adequacy,0,20000,10210,0.07895048651307461,0.06715476300854771,0.19096489753810753,0.16273653946289027,0.20199963229825055,1000,0.3775054154387072
C,TAB,C1,1,M0_historical,20000,PN-CA-ABS,dimensionless,original_statewise_factorial_Ca_requirement,0,20000,4051,0.10879634784884351,0.08638860686605347,0.28656711276821656,0.15748501967991232,0.23891051265729782,1000,0.6065654689470659
C,TAB,C1,1,M0_historical,20000,PN-P-ABS,dimensionless,original_statewise_factorial_P_requirement,0,20000,9952,0.08967629148513008,0.07663229100135718,0.22210203137783177,0.18442481105037445,0.23115033346601455,1000,0.47931812107826266
C,TAB,C1,1,M0_historical,20000,PN-T1,dimensionless,absolute_linear_constraint_bound_not_nutrient_requirement,0,20000,1,0.08981224083146129,0.08981224083146129,0.08981224083146129,0.0,8.981224083146129e-05,1000,0.08981224083146129
C,TAB,C1,1,M0_historical,20000,PN-T2,dimensionless,absolute_linear_constraint_bound_not_nutrient_requirement,0,20000,1285,0.05658132734112998,0.044842506293066735,0.1504334115821595,0.017443903804342603,0.07045548381785466,1000,0.3098885882044188
C,TAB,C1,1,M0_historical,20000,PN-T3,dimensionless,absolute_linear_constraint_bound_not_nutrient_requirement,0,20000,411,0.05187877874127109,0.036249590685397085,0.1482415811605578,0.0,0.021322178062662418,1000,0.29272352269927476
C,TAB,C1,1,M0_historical,20000,PN-T4,dimensionless,absolute_linear_constraint_bound_not_nutrient_requirement,0,20000,31,0.016672167588894945,0.01052831888100588,0.05166422887657211,0.0,0.0005168371952557435,1000,0.06962803815548517
C,TAB,C1,1,M0_historical,20000,PN-T5,dimensionless,absolute_linear_constraint_bound_not_nutrient_requirement,0,20000,38,0.2561357109405003,0.22019597009982797,0.524160120797497,0.0,0.009733157015739013,1000,0.8675842890646552
C,TAB,C1,2,M0_historical,20000,PN-NEL-FIXEDDMI,dimensionless,original_fixed_NEL_target,0,20000,7187,0.019876076197874595,0.016401325367851376,0.05124411506574462,0.037423809409852675,0.049758851791187414,1000,0.10468057939530197
C,TAB,C1,2,M0_historical,20000,PN-CP-SUP,dimensionless,original_fixed_example_CP_target_not_MP_adequacy,0,20000,10034,0.07888494337304282,0.06814596306933991,0.18868135161866792,0.1611330393372611,0.19897958960830564,1000,0.36769568581094053
C,TAB,C1,2,M0_historical,20000,PN-CA-ABS,dimensionless,original_statewise_factorial_Ca_requirement,0,20000,3988,0.10887500156056833,0.08703084558096828,0.28707189653134935,0.15660627157334467,0.23496647178077862,1000,0.5376987375523645
C,TAB,C1,2,M0_historical,20000,PN-P-ABS,dimensionless,original_statewise_factorial_P_requirement,0,20000,10054,0.08819191454803903,0.07359878690806465,0.2185785624502332,0.18271326856674358,0.2304550333399538,1000,0.4501820223432613
C,TAB,C1,2,M0_historical,20000,PN-T1,dimensionless,absolute_linear_constraint_bound_not_nutrient_requirement,0,20000,3,0.013076199165459634,0.012900950601301142,0.02234305894724936,0.0,3.9228597496378896e-05,1000,0.023392182096799163
C,TAB,C1,2,M0_historical,20000,PN-T2,dimensionless,absolute_linear_constraint_bound_not_nutrient_requirement,0,20000,1299,0.055810667628362724,0.042568608370168064,0.1537057000976363,0.015926290509736984,0.07014963459326462,1000,0.2620977314332653
C,TAB,C1,2,M0_historical,20000,PN-T3,dimensionless,absolute_linear_constraint_bound_not_nutrient_requirement,0,20000,391,0.055434365922801654,0.04335398370434015,0.15863436545427934,0.0,0.02167483707581545,1000,0.23323058182935108
C,TAB,C1,2,M0_historical,20000,PN-T4,dimensionless,absolute_linear_constraint_bound_not_nutrient_requirement,0,20000,44,0.014936622111946485,0.011265067037658599,0.042091036096642005,0.0,0.0006572113729256452,1000,0.05207511375834898
C,TAB,C1,2,M0_historical,20000,PN-T5,dimensionless,absolute_linear_constraint_bound_not_nutrient_requirement,0,20000,46,0.21135887959098107,0.17765157699273182,0.5309120672942074,0.0,0.00972250846118513,1000,0.7395782968134222
C,TAB,C2,0,M0_historical,20000,PN-NEL-FIXEDDMI,dimensionless,original_fixed_NEL_target,0,20000,7075,0.019728352408598836,0.016362262341630848,0.04941879255343111,0.03692988555437002,0.04846492012386848,1000,0.11289418052070598
C,TAB,C2,0,M0_historical,20000,PN-CP-SUP,dimensionless,original_fixed_example_CP_target_not_MP_adequacy,0,20000,9998,0.07865134087251449,0.06751671669744179,0.19118495123931734,0.16054485432452734,0.19927518746988052,1000,0.36702091367241646
C,TAB,C2,0,M0_historical,20000,PN-CA-ABS,dimensionless,original_statewise_factorial_Ca_requirement,0,20000,3914,0.10675541936043731,0.08418336753676905,0.2856088800231034,0.15049784074884992,0.2319882146176439,1000,0.5580698506967883
C,TAB,C2,0,M0_historical,20000,PN-P-ABS,dimensionless,original_statewise_factorial_P_requirement,0,20000,10036,0.08887671281156785,0.074947164454433,0.21692053399950337,0.18318391829965713,0.22865126205188988,1000,0.4257713780866878
C,TAB,C2,0,M0_historical,20000,PN-T1,dimensionless,absolute_linear_constraint_bound_not_nutrient_requirement,0,20000,1,0.11845924880509544,0.11845924880509544,0.11845924880509544,0.0,0.00011845924880509544,1000,0.11845924880509544
C,TAB,C2,0,M0_historical,20000,PN-T2,dimensionless,absolute_linear_constraint_bound_not_nutrient_requirement,0,20000,1284,0.05421189869669449,0.041369322109482735,0.14735407797106748,0.015547261270443223,0.06760239526062754,1000,0.32087162045037376
C,TAB,C2,0,M0_historical,20000,PN-T3,dimensionless,absolute_linear_constraint_bound_not_nutrient_requirement,0,20000,392,0.0519264986156439,0.038121874973133935,0.14841891025300047,0.0,0.020355187457332412,1000,0.31072330119701924
C,TAB,C2,0,M0_historical,20000,PN-T4,dimensionless,absolute_linear_constraint_bound_not_nutrient_requirement,0,20000,43,0.013136216299250665,0.007198866522360088,0.040510761365930105,0.0,0.0005648573008677787,1000,0.062401804104686244
C,TAB,C2,0,M0_historical,20000,PN-T5,dimensionless,absolute_linear_constraint_bound_not_nutrient_requirement,0,20000,37,0.23757120869278822,0.15712030038785088,0.5693803935619092,0.0,0.008790134721633163,1000,1.2994954407476547
C,TAB,C2,1,M0_historical,20000,PN-NEL-FIXEDDMI,dimensionless,original_fixed_NEL_target,0,20000,7038,0.02021145154632539,0.016813386627882818,0.05097231968274496,0.03800438551007655,0.04960558079179425,1000,0.10277027102034551
C,TAB,C2,1,M0_historical,20000,PN-CP-SUP,dimensionless,original_fixed_example_CP_target_not_MP_adequacy,0,20000,10021,0.07864393731666823,0.06622019375047487,0.19255092787662154,0.16283386462541577,0.20145368545706455,1000,0.38096795026428526
C,TAB,C2,1,M0_historical,20000,PN-CA-ABS,dimensionless,original_statewise_factorial_Ca_requirement,0,20000,4091,0.10861061179122534,0.08674804103033887,0.29965977471471716,0.15362813386844612,0.24289022266297883,1000,0.6079061304448369
C,TAB,C2,1,M0_historical,20000,PN-P-ABS,dimensionless,original_statewise_factorial_P_requirement,0,20000,10022,0.08882415510067485,0.07454322088742482,0.21885354608643068,0.18314225662128242,0.2302508328877324,1000,0.3905208418383203
C,TAB,C2,1,M0_historical,20000,PN-T1,dimensionless,absolute_linear_constraint_bound_not_nutrient_requirement,0,20000,2,0.06235940428736726,0.06235940428736726,0.09586929010855207,0.0,0.00012471880857473452,1000,0.09959261075535038
C,TAB,C2,1,M0_historical,20000,PN-T2,dimensionless,absolute_linear_constraint_bound_not_nutrient_requirement,0,20000,1269,0.051966539426113116,0.04020747357285514,0.142843538846083,0.013743372318363437,0.0640967415900491,1000,0.3133167290871306
C,TAB,C2,1,M0_historical,20000,PN-T3,dimensionless,absolute_linear_constraint_bound_not_nutrient_requirement,0,20000,360,0.05016119174189125,0.037959013209949904,0.1394365042196515,0.0,0.018058029027080848,1000,0.298741215076806
C,TAB,C2,1,M0_historical,20000,PN-T4,dimensionless,absolute_linear_constraint_bound_not_nutrient_requirement,0,20000,34,0.015718477294750077,0.006635785572077224,0.054503415533640576,0.0,0.0005344282280215025,1000,0.0691630670922742
C,TAB,C2,1,M0_historical,20000,PN-T5,dimensionless,absolute_linear_constraint_bound_not_nutrient_requirement,0,20000,33,0.22706265337721102,0.15073841860493917,0.7204350829204582,0.0,0.007493067561447964,1000,0.8054194985009357
C,TAB,C2,2,M0_historical,20000,PN-NEL-FIXEDDMI,dimensionless,original_fixed_NEL_target,0,20000,7175,0.020125210718310763,0.01664701254115763,0.051313173443568685,0.03770162209471711,0.049932265402653345,1000,0.09786913926809962
C,TAB,C2,2,M0_historical,20000,PN-CP-SUP,dimensionless,original_fixed_example_CP_target_not_MP_adequacy,0,20000,9937,0.07890149065285157,0.06643017183744837,0.19260444386746847,0.1617635693031784,0.2021853006320584,1000,0.3630392149791627
C,TAB,C2,2,M0_historical,20000,PN-CA-ABS,dimensionless,original_statewise_factorial_Ca_requirement,0,20000,4055,0.11083317558206364,0.08627983422344436,0.29948745207992744,0.16025739915331141,0.24499984982932738,1000,0.5516113804779443
C,TAB,C2,2,M0_historical,20000,PN-P-ABS,dimensionless,original_statewise_factorial_P_requirement,0,20000,10167,0.08810981911054742,0.07421239572007421,0.21817394720642388,0.18216446048243354,0.2303261291175014,1000,0.4546942087646427
C,TAB,C2,2,M0_historical,20000,PN-T1,dimensionless,absolute_linear_constraint_bound_not_nutrient_requirement,0,20000,4,0.034317389513408986,0.03605954748890787,0.06121675672951337,0.0,0.00013726955805363594,1000,0.06304158908843172
C,TAB,C2,2,M0_historical,20000,PN-T2,dimensionless,absolute_linear_constraint_bound_not_nutrient_requirement,0,20000,1298,0.053847070519598424,0.0404897580062703,0.14852649956231814,0.014766374606973508,0.06782331144390606,1000,0.32871238473888265
C,TAB,C2,2,M0_historical,20000,PN-T3,dimensionless,absolute_linear_constraint_bound_not_nutrient_requirement,0,20000,370,0.05537782500837229,0.040266458109218375,0.15533656185870875,0.0,0.020489795253097742,1000,0.28744535382738123
C,TAB,C2,2,M0_historical,20000,PN-T4,dimensionless,absolute_linear_constraint_bound_not_nutrient_requirement,0,20000,39,0.014752983455280177,0.011776048326128108,0.04413010681030096,0.0,0.0005753663547559267,1000,0.05834806018233718
C,TAB,C2,2,M0_historical,20000,PN-T5,dimensionless,absolute_linear_constraint_bound_not_nutrient_requirement,0,20000,40,0.29418317021344675,0.21826189649580913,0.7353340909165237,0.0,0.01176732680853787,1000,0.8232905091381206
C,NARROW,C0,0,M0_historical,20000,PN-NEL-FIXEDDMI,dimensionless,original_fixed_NEL_target,0,20000,4390,0.00801280564345812,0.006401796811385687,0.021372375005005783,0.012128686275258644,0.01810184983670115,1000,0.043082651356307525
C,NARROW,C0,0,M0_historical,20000,PN-CP-SUP,dimensionless,original_fixed_example_CP_target_not_MP_adequacy,0,20000,9957,0.037614632390908107,0.03201310452097938,0.09196837066608653,0.07714582679893695,0.09651718408316344,1000,0.18320669984446114
C,NARROW,C0,0,M0_historical,20000,PN-CA-ABS,dimensionless,original_statewise_factorial_Ca_requirement,0,20000,814,0.03746734618771689,0.02757589584791792,0.10532875337937904,0.0,0.030498419796801544,1000,0.2611760300321382
C,NARROW,C0,0,M0_historical,20000,PN-P-ABS,dimensionless,original_statewise_factorial_P_requirement,0,20000,10110,0.0421852636974623,0.03572393130037933,0.10247407494778035,0.08667921460185433,0.10795721434925022,1000,0.2463308589126288
C,NARROW,C0,0,M0_historical,20000,PN-T1,dimensionless,absolute_linear_constraint_bound_not_nutrient_requirement,0,20000,0,,,,0.0,0.0,1000,0.0
C,NARROW,C0,0,M0_historical,20000,PN-T2,dimensionless,absolute_linear_constraint_bound_not_nutrient_requirement,0,20000,10,0.009832472254440528,0.007389131246824665,0.021945262428576782,0.0,9.832472254440528e-05,1000,0.024763311018245804
C,NARROW,C0,0,M0_historical,20000,PN-T3,dimensionless,absolute_linear_constraint_bound_not_nutrient_requirement,0,20000,0,,,,0.0,0.0,1000,0.0
C,NARROW,C0,0,M0_historical,20000,PN-T4,dimensionless,absolute_linear_constraint_bound_not_nutrient_requirement,0,20000,0,,,,0.0,0.0,1000,0.0
C,NARROW,C0,0,M0_historical,20000,PN-T5,dimensionless,absolute_linear_constraint_bound_not_nutrient_requirement,0,20000,0,,,,0.0,0.0,1000,0.0
C,NARROW,C0,1,M0_historical,20000,PN-NEL-FIXEDDMI,dimensionless,original_fixed_NEL_target,0,20000,4427,0.008131581136454348,0.006407019004803851,0.0213832930214388,0.01260655960797809,0.018248922092165092,1000,0.03972621973462127
C,NARROW,C0,1,M0_historical,20000,PN-CP-SUP,dimensionless,original_fixed_example_CP_target_not_MP_adequacy,0,20000,10037,0.037310135960451435,0.03182555381300641,0.0897885316059842,0.07632598962372487,0.0956407413093159,1000,0.2071595114729548
C,NARROW,C0,1,M0_historical,20000,PN-CA-ABS,dimensionless,original_statewise_factorial_Ca_requirement,0,20000,755,0.03730970362178995,0.02836752197656638,0.10316469840715857,0.0,0.028168826234451425,1000,0.1878003187460884
C,NARROW,C0,1,M0_historical,20000,PN-P-ABS,dimensionless,original_statewise_factorial_P_requirement,0,20000,10062,0.042152319052271056,0.03589147020315431,0.10265003826380181,0.08642232783990537,0.10825130257685577,1000,0.21021212973724923
C,NARROW,C0,1,M0_historical,20000,PN-T1,dimensionless,absolute_linear_constraint_bound_not_nutrient_requirement,0,20000,0,,,,0.0,0.0,1000,0.0
C,NARROW,C0,1,M0_historical,20000,PN-T2,dimensionless,absolute_linear_constraint_bound_not_nutrient_requirement,0,20000,15,0.017446391704398472,0.016399506037152678,0.03560706278515165,0.0,0.0002616958755659771,1000,0.04278683618343049
C,NARROW,C0,1,M0_historical,20000,PN-T3,dimensionless,absolute_linear_constraint_bound_not_nutrient_requirement,0,20000,0,,,,0.0,0.0,1000,0.0
C,NARROW,C0,1,M0_historical,20000,PN-T4,dimensionless,absolute_linear_constraint_bound_not_nutrient_requirement,0,20000,0,,,,0.0,0.0,1000,0.0
C,NARROW,C0,1,M0_historical,20000,PN-T5,dimensionless,absolute_linear_constraint_bound_not_nutrient_requirement,0,20000,0,,,,0.0,0.0,1000,0.0
C,NARROW,C0,2,M0_historical,20000,PN-NEL-FIXEDDMI,dimensionless,original_fixed_NEL_target,0,20000,4418,0.008096553665059668,0.006421698922376986,0.021881304459350374,0.01234087305655441,0.018259656606674127,1000,0.040686193202718546
C,NARROW,C0,2,M0_historical,20000,PN-CP-SUP,dimensionless,original_fixed_example_CP_target_not_MP_adequacy,0,20000,10102,0.037745034740605005,0.031944289504921786,0.09217818092546372,0.07768265348299798,0.09716010129139849,1000,0.18511459657996868
C,NARROW,C0,2,M0_historical,20000,PN-CA-ABS,dimensionless,original_statewise_factorial_Ca_requirement,0,20000,786,0.0394189110567782,0.028428362151556523,0.10859356181891125,0.0,0.03098326409062767,1000,0.2372162407229614
C,NARROW,C0,2,M0_historical,20000,PN-P-ABS,dimensionless,original_statewise_factorial_P_requirement,0,20000,9970,0.042817758073629954,0.036308007259204356,0.1049678497076634,0.08810584225250061,0.11000486732027406,1000,0.21736750164228205
C,NARROW,C0,2,M0_historical,20000,PN-T1,dimensionless,absolute_linear_constraint_bound_not_nutrient_requirement,0,20000,0,,,,0.0,0.0,1000,0.0
C,NARROW,C0,2,M0_historical,20000,PN-T2,dimensionless,absolute_linear_constraint_bound_not_nutrient_requirement,0,20000,14,0.017984551216668723,0.010437860647253328,0.04882039982398431,0.0,0.0002517837170333621,1000,0.06719098246014088
C,NARROW,C0,2,M0_historical,20000,PN-T3,dimensionless,absolute_linear_constraint_bound_not_nutrient_requirement,0,20000,0,,,,0.0,0.0,1000,0.0
C,NARROW,C0,2,M0_historical,20000,PN-T4,dimensionless,absolute_linear_constraint_bound_not_nutrient_requirement,0,20000,0,,,,0.0,0.0,1000,0.0
C,NARROW,C0,2,M0_historical,20000,PN-T5,dimensionless,absolute_linear_constraint_bound_not_nutrient_requirement,0,20000,0,,,,0.0,0.0,1000,0.0
C,NARROW,C1,0,M0_historical,20000,PN-NEL-FIXEDDMI,dimensionless,original_fixed_NEL_target,0,20000,4437,0.008324912966548864,0.006625059311371157,0.021946969257048945,0.01264679794007974,0.018726092245798423,1000,0.04597815951163928
C,NARROW,C1,0,M0_historical,20000,PN-CP-SUP,dimensionless,original_fixed_example_CP_target_not_MP_adequacy,0,20000,9979,0.03716303331646569,0.03107451215137263,0.0908511580155148,0.07690230877045538,0.0957605134182221,1000,0.17409800084609905
C,NARROW,C1,0,M0_historical,20000,PN-CA-ABS,dimensionless,original_statewise_factorial_Ca_requirement,0,20000,779,0.03731141631099554,0.028182276344381828,0.09704579475891567,0.0,0.029065593306265528,1000,0.20794823073556545
C,NARROW,C1,0,M0_historical,20000,PN-P-ABS,dimensionless,original_statewise_factorial_P_requirement,0,20000,10027,0.042288772635577655,0.03579195652064561,0.10455594236783067,0.08747846426057766,0.10893642025194836,1000,0.20166830781764317
C,NARROW,C1,0,M0_historical,20000,PN-T1,dimensionless,absolute_linear_constraint_bound_not_nutrient_requirement,0,20000,0,,,,0.0,0.0,1000,0.0
C,NARROW,C1,0,M0_historical,20000,PN-T2,dimensionless,absolute_linear_constraint_bound_not_nutrient_requirement,0,20000,12,0.013579788617604402,0.008722697918812361,0.03255765526055665,0.0,0.00016295746341125284,1000,0.04345424588531143
C,NARROW,C1,0,M0_historical,20000,PN-T3,dimensionless,absolute_linear_constraint_bound_not_nutrient_requirement,0,20000,0,,,,0.0,0.0,1000,0.0
C,NARROW,C1,0,M0_historical,20000,PN-T4,dimensionless,absolute_linear_constraint_bound_not_nutrient_requirement,0,20000,0,,,,0.0,0.0,1000,0.0
C,NARROW,C1,0,M0_historical,20000,PN-T5,dimensionless,absolute_linear_constraint_bound_not_nutrient_requirement,0,20000,0,,,,0.0,0.0,1000,0.0
C,NARROW,C1,1,M0_historical,20000,PN-NEL-FIXEDDMI,dimensionless,original_fixed_NEL_target,0,20000,4315,0.008196011103246885,0.006644343299488542,0.02149421851156279,0.012360490147979696,0.018186519086775526,1000,0.04252812637530559
C,NARROW,C1,1,M0_historical,20000,PN-CP-SUP,dimensionless,original_fixed_example_CP_target_not_MP_adequacy,0,20000,9971,0.03726518876637816,0.0314150609226883,0.0919424435941828,0.07732366404331929,0.09656770180807307,1000,0.20229184102729433
C,NARROW,C1,1,M0_historical,20000,PN-CA-ABS,dimensionless,original_statewise_factorial_Ca_requirement,0,20000,728,0.0367831917510974,0.026376394776567877,0.10117786783716091,0.0,0.02677816359479891,1000,0.194270509466575
C,NARROW,C1,1,M0_historical,20000,PN-P-ABS,dimensionless,original_statewise_factorial_P_requirement,0,20000,10020,0.042180800630300774,0.03557864738459699,0.10353593099832273,0.08710065071755037,0.10896383807667706,1000,0.21727346396856784
C,NARROW,C1,1,M0_historical,20000,PN-T1,dimensionless,absolute_linear_constraint_bound_not_nutrient_requirement,0,20000,0,,,,0.0,0.0,1000,0.0
C,NARROW,C1,1,M0_historical,20000,PN-T2,dimensionless,absolute_linear_constraint_bound_not_nutrient_requirement,0,20000,18,0.017871842080743747,0.014651906914447788,0.03953991856451398,0.0,0.00032169315745338747,1000,0.057097536213640214
C,NARROW,C1,1,M0_historical,20000,PN-T3,dimensionless,absolute_linear_constraint_bound_not_nutrient_requirement,0,20000,0,,,,0.0,0.0,1000,0.0
C,NARROW,C1,1,M0_historical,20000,PN-T4,dimensionless,absolute_linear_constraint_bound_not_nutrient_requirement,0,20000,0,,,,0.0,0.0,1000,0.0
C,NARROW,C1,1,M0_historical,20000,PN-T5,dimensionless,absolute_linear_constraint_bound_not_nutrient_requirement,0,20000,0,,,,0.0,0.0,1000,0.0
C,NARROW,C1,2,M0_historical,20000,PN-NEL-FIXEDDMI,dimensionless,original_fixed_NEL_target,0,20000,4415,0.008165542261110204,0.006431328899262541,0.021676237358103957,0.012570552338659263,0.018432984954497734,1000,0.04822360033183689
C,NARROW,C1,2,M0_historical,20000,PN-CP-SUP,dimensionless,original_fixed_example_CP_target_not_MP_adequacy,0,20000,9958,0.03713890379755216,0.031244882922625186,0.09109628908894855,0.0762334992059219,0.09576447818355141,1000,0.18066644952873856
C,NARROW,C1,2,M0_historical,20000,PN-CA-ABS,dimensionless,original_statewise_factorial_Ca_requirement,0,20000,721,0.03728502156218836,0.028601521266933484,0.09884977789018438,0.0,0.0268825005463378,1000,0.2204103901862349
C,NARROW,C1,2,M0_historical,20000,PN-P-ABS,dimensionless,original_statewise_factorial_P_requirement,0,20000,10119,0.04211756063260736,0.03583478923901139,0.10266298490693414,0.0862415036389919,0.10859728857799994,1000,0.22024613520423014
C,NARROW,C1,2,M0_historical,20000,PN-T1,dimensionless,absolute_linear_constraint_bound_not_nutrient_requirement,0,20000,0,,,,0.0,0.0,1000,0.0
C,NARROW,C1,2,M0_historical,20000,PN-T2,dimensionless,absolute_linear_constraint_bound_not_nutrient_requirement,0,20000,12,0.01417604563048259,0.009073009762817774,0.04258606207544141,0.0,0.0001701125475657911,1000,0.05308184612787881
C,NARROW,C1,2,M0_historical,20000,PN-T3,dimensionless,absolute_linear_constraint_bound_not_nutrient_requirement,0,20000,0,,,,0.0,0.0,1000,0.0
C,NARROW,C1,2,M0_historical,20000,PN-T4,dimensionless,absolute_linear_constraint_bound_not_nutrient_requirement,0,20000,0,,,,0.0,0.0,1000,0.0
C,NARROW,C1,2,M0_historical,20000,PN-T5,dimensionless,absolute_linear_constraint_bound_not_nutrient_requirement,0,20000,0,,,,0.0,0.0,1000,0.0
C,NARROW,C2,0,M0_historical,20000,PN-NEL-FIXEDDMI,dimensionless,original_fixed_NEL_target,0,20000,4423,0.008081077581188641,0.006339715949232825,0.02150674031025395,0.012203635728052654,0.01821604274793183,1000,0.043766317930496894
C,NARROW,C2,0,M0_historical,20000,PN-CP-SUP,dimensionless,original_fixed_example_CP_target_not_MP_adequacy,0,20000,10037,0.037130131179314296,0.031065347691933868,0.09084233377993353,0.07757213954656098,0.09601301046471576,1000,0.170653066150135
C,NARROW,C2,0,M0_historical,20000,PN-CA-ABS,dimensionless,original_statewise_factorial_Ca_requirement,0,20000,779,0.03791424342315427,0.028842457613523415,0.10514636355455086,0.0,0.029535195626637173,1000,0.20554201261686075
C,NARROW,C2,0,M0_historical,20000,PN-P-ABS,dimensionless,original_statewise_factorial_P_requirement,0,20000,9978,0.041793700298877086,0.035339490002524676,0.10287980053335938,0.08613168379056733,0.10765206608216944,1000,0.22474161226206057
C,NARROW,C2,0,M0_historical,20000,PN-T1,dimensionless,absolute_linear_constraint_bound_not_nutrient_requirement,0,20000,0,,,,0.0,0.0,1000,0.0
C,NARROW,C2,0,M0_historical,20000,PN-T2,dimensionless,absolute_linear_constraint_bound_not_nutrient_requirement,0,20000,10,0.019677778383938704,0.01444717034681059,0.039816481183091466,0.0,0.00019677778383938704,1000,0.04041730582215464
C,NARROW,C2,0,M0_historical,20000,PN-T3,dimensionless,absolute_linear_constraint_bound_not_nutrient_requirement,0,20000,0,,,,0.0,0.0,1000,0.0
C,NARROW,C2,0,M0_historical,20000,PN-T4,dimensionless,absolute_linear_constraint_bound_not_nutrient_requirement,0,20000,0,,,,0.0,0.0,1000,0.0
C,NARROW,C2,0,M0_historical,20000,PN-T5,dimensionless,absolute_linear_constraint_bound_not_nutrient_requirement,0,20000,0,,,,0.0,0.0,1000,0.0
C,NARROW,C2,1,M0_historical,20000,PN-NEL-FIXEDDMI,dimensionless,original_fixed_NEL_target,0,20000,4548,0.008025972391307229,0.006370329738628904,0.021183173886718528,0.012592324202943003,0.01822423337521664,1000,0.04717085839956684
C,NARROW,C2,1,M0_historical,20000,PN-CP-SUP,dimensionless,original_fixed_example_CP_target_not_MP_adequacy,0,20000,9975,0.037648417039227645,0.0322599715184883,0.09178827749004782,0.07665347854801374,0.09602807012186128,1000,0.1756008372509366
C,NARROW,C2,1,M0_historical,20000,PN-CA-ABS,dimensionless,original_statewise_factorial_Ca_requirement,0,20000,775,0.03667397735502631,0.028202894298247863,0.09993762431788261,0.0,0.028422332450145395,1000,0.19046546457541638
C,NARROW,C2,1,M0_historical,20000,PN-P-ABS,dimensionless,original_statewise_factorial_P_requirement,0,20000,10156,0.04285809365666956,0.035988674763003825,0.10674017654637427,0.08809870256303122,0.11134418477663312,1000,0.19866482000323427
C,NARROW,C2,1,M0_historical,20000,PN-T1,dimensionless,absolute_linear_constraint_bound_not_nutrient_requirement,0,20000,0,,,,0.0,0.0,1000,0.0
C,NARROW,C2,1,M0_historical,20000,PN-T2,dimensionless,absolute_linear_constraint_bound_not_nutrient_requirement,0,20000,6,0.008963176745419613,0.006294407119509848,0.023244523651738458,0.0,5.377906047251768e-05,1000,0.028728269002760487
C,NARROW,C2,1,M0_historical,20000,PN-T3,dimensionless,absolute_linear_constraint_bound_not_nutrient_requirement,0,20000,0,,,,0.0,0.0,1000,0.0
C,NARROW,C2,1,M0_historical,20000,PN-T4,dimensionless,absolute_linear_constraint_bound_not_nutrient_requirement,0,20000,0,,,,0.0,0.0,1000,0.0
C,NARROW,C2,1,M0_historical,20000,PN-T5,dimensionless,absolute_linear_constraint_bound_not_nutrient_requirement,0,20000,0,,,,0.0,0.0,1000,0.0
C,NARROW,C2,2,M0_historical,20000,PN-NEL-FIXEDDMI,dimensionless,original_fixed_NEL_target,0,20000,4335,0.008221877385237312,0.006744457485806278,0.02124191452360804,0.012402446229258854,0.01807170543925326,1000,0.047481120328058714
C,NARROW,C2,2,M0_historical,20000,PN-CP-SUP,dimensionless,original_fixed_example_CP_target_not_MP_adequacy,0,20000,10081,0.03754859786452692,0.0314264858139521,0.09220235600456059,0.07783052289835513,0.09765138493597172,1000,0.1786664868511397
C,NARROW,C2,2,M0_historical,20000,PN-CA-ABS,dimensionless,original_statewise_factorial_Ca_requirement,0,20000,784,0.035463363409603064,0.027661919277241973,0.1051569893195754,0.0,0.027803276913128797,1000,0.19364451965290846
C,NARROW,C2,2,M0_historical,20000,PN-P-ABS,dimensionless,original_statewise_factorial_P_requirement,0,20000,9805,0.04227139314739296,0.03532344069554433,0.1045433500010909,0.08651708019865055,0.10910525785902919,1000,0.21929349576210783
C,NARROW,C2,2,M0_historical,20000,PN-T1,dimensionless,absolute_linear_constraint_bound_not_nutrient_requirement,0,20000,0,,,,0.0,0.0,1000,0.0
C,NARROW,C2,2,M0_historical,20000,PN-T2,dimensionless,absolute_linear_constraint_bound_not_nutrient_requirement,0,20000,14,0.023903499417770774,0.017681791105741695,0.06226512637959614,0.0,0.0003346489918487908,1000,0.07323000248565559
C,NARROW,C2,2,M0_historical,20000,PN-T3,dimensionless,absolute_linear_constraint_bound_not_nutrient_requirement,0,20000,1,0.00282158706334814,0.00282158706334814,0.00282158706334814,0.0,2.8215870633481403e-06,1000,0.00282158706334814
C,NARROW,C2,2,M0_historical,20000,PN-T4,dimensionless,absolute_linear_constraint_bound_not_nutrient_requirement,0,20000,0,,,,0.0,0.0,1000,0.0
C,NARROW,C2,2,M0_historical,20000,PN-T5,dimensionless,absolute_linear_constraint_bound_not_nutrient_requirement,0,20000,0,,,,0.0,0.0,1000,0.0
