root_k,cell_id,sd_arm,objective_arm,training_event,label,method_id,ration_kind,target_alpha,selection_status,selected_param,solver_status,mip_gap,solver_time_limit_s,solve_wall_time_s,candidate_statuses,infeasibility_scope,has_ration,evaluation_world,own_world,n_test,training_event_rate_upper_own_world,training_event_cp_upper_own_world,main_reference_n_violated,main_reference_n_unknown,main_reference_rate_lower,main_reference_rate_upper,main_reference_cp_upper,main_reference_mc_se,t51_primary_not_assessable_share,main_reference_unknown_only_because_out_of_domain,main_reference_linear_energy_rate_upper,main_reference_linear_energy_cp_upper,main_reference_t51_verdicts_used_out_of_domain_rate_lower,main_reference_t51_verdicts_used_out_of_domain_rate_upper,main_reference_t51_verdicts_used_out_of_domain_cp_upper,main_reference_plus_cp_hi_rate_upper,main_reference_plus_cp_hi_cp_upper,h0_eleven_rate_upper,h0_eleven_cp_upper,h0_eleven_reference_energy_rate_upper,h0_eleven_domain_conditioned_rate_upper,s2_six_rate_upper,s2_six_cp_upper,s2_six_domain_conditioned_rate_upper,excluded_five_rate_upper,excluded_five_cp_upper,main9_training_event_rate_upper,energy_linear_violation_rate,energy_reference_violation_rate_lower,energy_reference_violation_rate_upper,energy_false_pass,energy_false_fail,energy_reference_undefined,t51_primary_variant,t51_primary_undefined_share,t51_primary_nominal_status,main_reference_rate_upper_by_t51_variant,n_analysis_anomaly_states,n_support_violation_states,structural_ok,meets_main_reference_alpha_point,meets_main_reference_alpha_cp_upper,in_comparable_set,in_comparable_set_t51_verdicts_used_out_of_domain,main_reference_plan_domain_n_violated,main_reference_plan_domain_n_unknown,main_reference_plan_domain_rate_lower,main_reference_plan_domain_rate_upper,main_reference_plan_domain_cp_upper,main_reference_plan_domain_mc_se,main_reference_plus_cp_hi_plan_domain_n_violated,main_reference_plus_cp_hi_plan_domain_n_unknown,main_reference_plus_cp_hi_plan_domain_rate_lower,main_reference_plus_cp_hi_plan_domain_rate_upper,main_reference_plus_cp_hi_plan_domain_cp_upper,main_reference_plus_cp_hi_plan_domain_mc_se,source_table,diagnostic_id,diag_lp,diag_training_world,diag_N,diag_alpha_train,flag,comparable_set_member
0,SDH0_MAIN9,SD-H0,MAIN9,"main reference nine (linear energy row, Table 5-1 verdicts in every state)",SDH0_MAIN9:M0,M0_nominal,method,,,,optimal,,300.0,0.0102801048196852,,,True,SD-H0,True,10000.0,0.9596,0.9627891358833364,9246.0,345.0,0.9246,0.9591,0.9623083772056708,0.0019805855194865,0.1514,345.0,0.962,0.965094857477328,0.9567,0.9567,0.9599989318649929,0.9597,0.9628852715220688,0.9601,0.9632697597804748,0.9573,0.9625,0.8244,0.8306379609480876,0.8306,0.848,0.8538799448760875,0.9596,0.5017,0.4986,0.4989,204.0,234.0,3.0,T51-DGC-0.50,0.0,in_domain_conditional,T51-DGC-0.50=0.9591;T51-DGC-0.33=0.9567;T51-DGC-0.67=0.9989;T51-CORNKERNEL-0.50=0.9567,962.0,3.0,True,,,alpha=0.01:False;alpha=0.05:False;alpha=0.1:False,alpha=0.01:False;alpha=0.05:False;alpha=0.1:False,9567.0,0.0,0.9567,0.9567,0.9599989318649929,0.0020353159459897,9573.0,0.0,0.9573,0.9573,0.9605765657902284,0.0020217989514291,endpoint_ablation.csv,,,,,,,
0,SDH0_MAIN9,SD-H0,MAIN9,"main reference nine (linear energy row, Table 5-1 verdicts in every state)",SDH0_MAIN9:M0,M0_nominal,method,,,,optimal,,300.0,0.0102801048196852,,,True,SD-S2,False,10000.0,,,9680.0,0.0,0.968,0.968,0.9708435548728273,0.00176,0.0,0.0,0.9703,0.9730403670388812,0.968,0.968,0.9708435548728273,0.968,0.9708435548728273,0.9703,0.9730403670388812,0.968,0.9703,0.8285,0.8346789507100857,0.8285,0.8574,0.8631240318610862,0.9703,0.4962,0.4969,0.4969,237.0,230.0,0.0,T51-DGC-0.50,0.0,in_domain_conditional,T51-DGC-0.50=0.968;T51-DGC-0.33=0.968;T51-DGC-0.67=1;T51-CORNKERNEL-0.50=0.968,0.0,0.0,True,,,alpha=0.01:False;alpha=0.05:False;alpha=0.1:False,alpha=0.01:False;alpha=0.05:False;alpha=0.1:False,9680.0,0.0,0.968,0.968,0.9708435548728273,0.00176,9680.0,0.0,0.968,0.968,0.9708435548728273,0.00176,endpoint_ablation.csv,,,,,,,
0,SDH0_MAIN9,SD-H0,MAIN9,"main reference nine (linear energy row, Table 5-1 verdicts in every state)",SDH0_MAIN9:M0,M0_nominal,method,,,,optimal,,300.0,0.0102801048196852,,,True,SD-SRC14,False,10000.0,,,9729.0,1.0,0.9729,0.973,0.97561350411632,0.0016208331191088,0.0004,1.0,0.9757,0.9781795716393364,0.9729,0.9729,0.9755183224571036,0.9739,0.976469697574431,0.9763,0.97874873620178,0.9738,0.9764,0.8223,0.8285676974439393,0.8225,0.868,0.8735379694718607,0.9756,0.4956,0.4947,0.495,286.0,294.0,3.0,T51-DGC-0.50,0.0,in_domain_conditional,T51-DGC-0.50=0.973;T51-DGC-0.33=0.9729;T51-DGC-0.67=1;T51-CORNKERNEL-0.50=0.9729,304.0,3.0,True,,,alpha=0.01:False;alpha=0.05:False;alpha=0.1:False,alpha=0.01:False;alpha=0.05:False;alpha=0.1:False,9729.0,0.0,0.9729,0.9729,0.9755183224571036,0.0016237484411077,9738.0,0.0,0.9738,0.9738,0.9763746048613,0.0015972964659073,endpoint_ablation.csv,,,,,,,
0,SDH0_MAIN9,SD-H0,MAIN9,"main reference nine (linear energy row, Table 5-1 verdicts in every state)",SDH0_MAIN9:M0,M0_nominal,method,,,,optimal,,300.0,0.0102801048196852,,,True,SD-12MO,False,10000.0,,,9457.0,74.0,0.9457,0.9531,0.956529554682254,0.0021142466743499,0.019,74.0,0.9557,0.9590358199017266,0.9529,0.9529,0.9563366400731736,0.9531,0.956529554682254,0.9555,0.9588431403327614,0.9529,0.9557,0.8116,0.8180142624383405,0.8118,0.8458,0.8517152782357366,0.9555,0.4989,0.4982,0.4982,211.0,218.0,0.0,T51-DGC-0.50,0.0,in_domain_conditional,T51-DGC-0.50=0.9531;T51-DGC-0.33=0.9529;T51-DGC-0.67=1;T51-CORNKERNEL-0.50=0.9529,6.0,0.0,True,,,alpha=0.01:False;alpha=0.05:False;alpha=0.1:False,alpha=0.01:False;alpha=0.05:False;alpha=0.1:False,9529.0,0.0,0.9529,0.9529,0.9563366400731736,0.0021185275546945,9529.0,0.0,0.9529,0.9529,0.9563366400731736,0.0021185275546945,endpoint_ablation.csv,,,,,,,
0,SDH0_MAIN9,SD-H0,MAIN9,"main reference nine (linear energy row, Table 5-1 verdicts in every state)",SDH0_MAIN9:M0,M0_nominal,method,,,,optimal,,300.0,0.0102801048196852,,,True,SD-SRC12,False,10000.0,,,9446.0,136.0,0.9446,0.9582,0.961442679433327,0.0020013185653463,0.1125,136.0,0.9633,0.9663423924400444,0.9576,0.9576,0.9608653157593594,0.9592,0.9624045396092328,0.9635,0.9665342293386864,0.9586,0.9641,0.798,0.8045892415779776,0.7992,0.8616,0.8672516608459001,0.9627,0.498,0.4979,0.4982,419.0,419.0,3.0,T51-DGC-0.50,0.0,in_domain_conditional,T51-DGC-0.50=0.9582;T51-DGC-0.33=0.9576;T51-DGC-0.67=0.9982;T51-CORNKERNEL-0.50=0.9576,672.0,3.0,True,,,alpha=0.01:False;alpha=0.05:False;alpha=0.1:False,alpha=0.01:False;alpha=0.05:False;alpha=0.1:False,9576.0,0.0,0.9576,0.9576,0.9608653157593594,0.002014999751861,9586.0,0.0,0.9586,0.9586,0.9618274861094972,0.0019921355375576,endpoint_ablation.csv,,,,,,,
0,SDH0_MAIN9,SD-H0,MAIN9,"main reference nine (linear energy row, Table 5-1 verdicts in every state)","SDH0_MAIN9:M1[relative,apply_to_dm=True]@alpha=0.05",M1_safety_margin,method,0.05,not_met,,,,300.0,,optimal;proven_infeasible,"no value of the declared grid met the validation screen (candidate statuses: optimal, proven_infeasible); a grid without a solution is not a statement about the whole decision space",False,,,,,,,,,,,,,,,,,,,,,,,,,,,,,,,,,,,,,,,,,,,,,,,,,,,,,,,,,,,,endpoint_ablation.csv,,,,,,,
0,SDH0_MAIN9,SD-H0,MAIN9,"main reference nine (linear energy row, Table 5-1 verdicts in every state)","SDH0_MAIN9:M1[relative,apply_to_dm=False]@alpha=0.05",M1_safety_margin,method,0.05,not_met,,,,300.0,,optimal;proven_infeasible,"no value of the declared grid met the validation screen (candidate statuses: optimal, proven_infeasible); a grid without a solution is not a statement about the whole decision space",False,,,,,,,,,,,,,,,,,,,,,,,,,,,,,,,,,,,,,,,,,,,,,,,,,,,,,,,,,,,,endpoint_ablation.csv,,,,,,,
0,SDH0_MAIN9,SD-H0,MAIN9,"main reference nine (linear energy row, Table 5-1 verdicts in every state)",SDH0_MAIN9:M2[N=128]@alpha=0.05,M2_joint_chance_saa,method,0.05,not_met,,,,300.0,,proven_infeasible,"SAA over the N training scenarios proven infeasible for every alpha_train of the declared grid (training scenarios only; not a population, field or whole-space statement)",False,,,,,,,,,,,,,,,,,,,,,,,,,,,,,,,,,,,,,,,,,,,,,,,,,,,,,,,,,,,,endpoint_ablation.csv,,,,,,,
0,SDH0_MAIN9,SD-H0,MAIN9,"main reference nine (linear energy row, Table 5-1 verdicts in every state)",SDH0_MAIN9:M2[N=512]@alpha=0.05,M2_joint_chance_saa,method,0.05,not_met,,,,300.0,,proven_infeasible,"SAA over the N training scenarios proven infeasible for every alpha_train of the declared grid (training scenarios only; not a population, field or whole-space statement)",False,,,,,,,,,,,,,,,,,,,,,,,,,,,,,,,,,,,,,,,,,,,,,,,,,,,,,,,,,,,,endpoint_ablation.csv,,,,,,,
0,SDH0_MAIN9,SD-H0,MAIN9,"main reference nine (linear energy row, Table 5-1 verdicts in every state)",SDH0_MAIN9:M2[N=1024]@alpha=0.05,M2_joint_chance_saa,method,0.05,not_met,,,,300.0,,proven_infeasible,"SAA over the N training scenarios proven infeasible for every alpha_train of the declared grid (training scenarios only; not a population, field or whole-space statement)",False,,,,,,,,,,,,,,,,,,,,,,,,,,,,,,,,,,,,,,,,,,,,,,,,,,,,,,,,,,,,endpoint_ablation.csv,,,,,,,
0,SDH0_MAIN9,SD-H0,MAIN9,"main reference nine (linear energy row, Table 5-1 verdicts in every state)",SDH0_MAIN9:M3a[factory box]@alpha=0.05,M3a_box_robust,method,0.05,not_met,,,,300.0,,proven_infeasible,no value of the declared grid met the validation screen (candidate statuses: proven_infeasible); a grid without a solution is not a statement about the whole decision space,False,,,,,,,,,,,,,,,,,,,,,,,,,,,,,,,,,,,,,,,,,,,,,,,,,,,,,,,,,,,,endpoint_ablation.csv,,,,,,,
0,SDH0_MAIN9,SD-H0,MAIN9,"main reference nine (linear energy row, Table 5-1 verdicts in every state)",SDH0_MAIN9:M3b[factory box]@alpha=0.05,M3b_budget_robust,method,0.05,not_met,,,,300.0,,optimal;proven_infeasible,"no value of the declared grid met the validation screen (candidate statuses: optimal, proven_infeasible); a grid without a solution is not a statement about the whole decision space",False,,,,,,,,,,,,,,,,,,,,,,,,,,,,,,,,,,,,,,,,,,,,,,,,,,,,,,,,,,,,endpoint_ablation.csv,,,,,,,
0,SDH0_MAIN9,SD-H0,MAIN9,"main reference nine (linear energy row, Table 5-1 verdicts in every state)","SDH0_MAIN9:M1[relative,apply_to_dm=True]@alpha=0.1",M1_safety_margin,method,0.1,not_met,,,,300.0,,optimal;proven_infeasible,"no value of the declared grid met the validation screen (candidate statuses: optimal, proven_infeasible); a grid without a solution is not a statement about the whole decision space",False,,,,,,,,,,,,,,,,,,,,,,,,,,,,,,,,,,,,,,,,,,,,,,,,,,,,,,,,,,,,endpoint_ablation.csv,,,,,,,
0,SDH0_MAIN9,SD-H0,MAIN9,"main reference nine (linear energy row, Table 5-1 verdicts in every state)","SDH0_MAIN9:M1[relative,apply_to_dm=False]@alpha=0.1",M1_safety_margin,method,0.1,not_met,,,,300.0,,optimal;proven_infeasible,"no value of the declared grid met the validation screen (candidate statuses: optimal, proven_infeasible); a grid without a solution is not a statement about the whole decision space",False,,,,,,,,,,,,,,,,,,,,,,,,,,,,,,,,,,,,,,,,,,,,,,,,,,,,,,,,,,,,endpoint_ablation.csv,,,,,,,
0,SDH0_MAIN9,SD-H0,MAIN9,"main reference nine (linear energy row, Table 5-1 verdicts in every state)",SDH0_MAIN9:M2[N=128]@alpha=0.1,M2_joint_chance_saa,method,0.1,not_met,,,,300.0,,proven_infeasible,"SAA over the N training scenarios proven infeasible for every alpha_train of the declared grid (training scenarios only; not a population, field or whole-space statement)",False,,,,,,,,,,,,,,,,,,,,,,,,,,,,,,,,,,,,,,,,,,,,,,,,,,,,,,,,,,,,endpoint_ablation.csv,,,,,,,
0,SDH0_MAIN9,SD-H0,MAIN9,"main reference nine (linear energy row, Table 5-1 verdicts in every state)",SDH0_MAIN9:M2[N=512]@alpha=0.1,M2_joint_chance_saa,method,0.1,not_met,,,,300.0,,proven_infeasible,"SAA over the N training scenarios proven infeasible for every alpha_train of the declared grid (training scenarios only; not a population, field or whole-space statement)",False,,,,,,,,,,,,,,,,,,,,,,,,,,,,,,,,,,,,,,,,,,,,,,,,,,,,,,,,,,,,endpoint_ablation.csv,,,,,,,
0,SDH0_MAIN9,SD-H0,MAIN9,"main reference nine (linear energy row, Table 5-1 verdicts in every state)",SDH0_MAIN9:M2[N=1024]@alpha=0.1,M2_joint_chance_saa,method,0.1,not_met,,,,300.0,,proven_infeasible,"SAA over the N training scenarios proven infeasible for every alpha_train of the declared grid (training scenarios only; not a population, field or whole-space statement)",False,,,,,,,,,,,,,,,,,,,,,,,,,,,,,,,,,,,,,,,,,,,,,,,,,,,,,,,,,,,,endpoint_ablation.csv,,,,,,,
0,SDH0_MAIN9,SD-H0,MAIN9,"main reference nine (linear energy row, Table 5-1 verdicts in every state)",SDH0_MAIN9:M3a[factory box]@alpha=0.1,M3a_box_robust,method,0.1,not_met,,,,300.0,,proven_infeasible,no value of the declared grid met the validation screen (candidate statuses: proven_infeasible); a grid without a solution is not a statement about the whole decision space,False,,,,,,,,,,,,,,,,,,,,,,,,,,,,,,,,,,,,,,,,,,,,,,,,,,,,,,,,,,,,endpoint_ablation.csv,,,,,,,
0,SDH0_MAIN9,SD-H0,MAIN9,"main reference nine (linear energy row, Table 5-1 verdicts in every state)",SDH0_MAIN9:M3b[factory box]@alpha=0.1,M3b_budget_robust,method,0.1,not_met,,,,300.0,,optimal;proven_infeasible,"no value of the declared grid met the validation screen (candidate statuses: optimal, proven_infeasible); a grid without a solution is not a statement about the whole decision space",False,,,,,,,,,,,,,,,,,,,,,,,,,,,,,,,,,,,,,,,,,,,,,,,,,,,,,,,,,,,,endpoint_ablation.csv,,,,,,,
0,SDH0_MAIN9,SD-H0,MAIN9,"main reference nine (linear energy row, Table 5-1 verdicts in every state)","SDH0_MAIN9:M1[relative,apply_to_dm=True]@alpha=0.01",M1_safety_margin,method,0.01,not_met,,,,300.0,,optimal;proven_infeasible,"no value of the declared grid met the validation screen (candidate statuses: optimal, proven_infeasible); a grid without a solution is not a statement about the whole decision space",False,,,,,,,,,,,,,,,,,,,,,,,,,,,,,,,,,,,,,,,,,,,,,,,,,,,,,,,,,,,,endpoint_ablation.csv,,,,,,,
0,SDH0_MAIN9,SD-H0,MAIN9,"main reference nine (linear energy row, Table 5-1 verdicts in every state)","SDH0_MAIN9:M1[relative,apply_to_dm=False]@alpha=0.01",M1_safety_margin,method,0.01,not_met,,,,300.0,,optimal;proven_infeasible,"no value of the declared grid met the validation screen (candidate statuses: optimal, proven_infeasible); a grid without a solution is not a statement about the whole decision space",False,,,,,,,,,,,,,,,,,,,,,,,,,,,,,,,,,,,,,,,,,,,,,,,,,,,,,,,,,,,,endpoint_ablation.csv,,,,,,,
0,SDH0_MAIN9,SD-H0,MAIN9,"main reference nine (linear energy row, Table 5-1 verdicts in every state)",SDH0_MAIN9:M2[N=128]@alpha=0.01,M2_joint_chance_saa,method,0.01,not_met,,,,300.0,,proven_infeasible,"SAA over the N training scenarios proven infeasible for every alpha_train of the declared grid (training scenarios only; not a population, field or whole-space statement)",False,,,,,,,,,,,,,,,,,,,,,,,,,,,,,,,,,,,,,,,,,,,,,,,,,,,,,,,,,,,,endpoint_ablation.csv,,,,,,,
0,SDH0_MAIN9,SD-H0,MAIN9,"main reference nine (linear energy row, Table 5-1 verdicts in every state)",SDH0_MAIN9:M2[N=512]@alpha=0.01,M2_joint_chance_saa,method,0.01,not_met,,,,300.0,,proven_infeasible,"SAA over the N training scenarios proven infeasible for every alpha_train of the declared grid (training scenarios only; not a population, field or whole-space statement)",False,,,,,,,,,,,,,,,,,,,,,,,,,,,,,,,,,,,,,,,,,,,,,,,,,,,,,,,,,,,,endpoint_ablation.csv,,,,,,,
0,SDH0_MAIN9,SD-H0,MAIN9,"main reference nine (linear energy row, Table 5-1 verdicts in every state)",SDH0_MAIN9:M2[N=1024]@alpha=0.01,M2_joint_chance_saa,method,0.01,not_met,,,,300.0,,proven_infeasible,"SAA over the N training scenarios proven infeasible for every alpha_train of the declared grid (training scenarios only; not a population, field or whole-space statement)",False,,,,,,,,,,,,,,,,,,,,,,,,,,,,,,,,,,,,,,,,,,,,,,,,,,,,,,,,,,,,endpoint_ablation.csv,,,,,,,
0,SDH0_MAIN9,SD-H0,MAIN9,"main reference nine (linear energy row, Table 5-1 verdicts in every state)",SDH0_MAIN9:M3a[factory box]@alpha=0.01,M3a_box_robust,method,0.01,not_met,,,,300.0,,proven_infeasible,no value of the declared grid met the validation screen (candidate statuses: proven_infeasible); a grid without a solution is not a statement about the whole decision space,False,,,,,,,,,,,,,,,,,,,,,,,,,,,,,,,,,,,,,,,,,,,,,,,,,,,,,,,,,,,,endpoint_ablation.csv,,,,,,,
0,SDH0_MAIN9,SD-H0,MAIN9,"main reference nine (linear energy row, Table 5-1 verdicts in every state)",SDH0_MAIN9:M3b[factory box]@alpha=0.01,M3b_budget_robust,method,0.01,not_met,,,,300.0,,optimal;proven_infeasible,"no value of the declared grid met the validation screen (candidate statuses: optimal, proven_infeasible); a grid without a solution is not a statement about the whole decision space",False,,,,,,,,,,,,,,,,,,,,,,,,,,,,,,,,,,,,,,,,,,,,,,,,,,,,,,,,,,,,endpoint_ablation.csv,,,,,,,
0,SDH0_MAIN9,SD-H0,MAIN9,"main reference nine (linear energy row, Table 5-1 verdicts in every state)","SDH0_MAIN9:DIAG-frontier:M2[N=128,alpha_train=m*/N=95/128]",M2_joint_chance_saa,diagnostic_frontier,,,,optimal,1.8575663880276772e-05,300.0,29.31942919874564,,,True,SD-H0,True,10000.0,0.7608,0.7678101117654559,6021.0,2742.0,0.6021,0.8763,0.8816840118779682,0.0032923898614836,0.4812,2741.0,0.8991,0.9040178567462864,0.7314,0.7315,0.738789170740167,0.8995,0.9044090406833508,0.7937,0.800342076400878,0.7738,0.9152,0.4684,0.4766638617973484,0.6726,0.631,0.6389580468074143,0.7608,0.5633,0.5345,0.5348,98.0,385.0,3.0,T51-DGC-0.50,0.0,in_domain_conditional,T51-DGC-0.50=0.8763;T51-DGC-0.33=0.7315;T51-DGC-0.67=0.9988;T51-CORNKERNEL-0.50=0.7315,962.0,3.0,True,,,,,7314.0,1.0,0.7314,0.7315,0.738789170740167,0.0044317913985204,7737.0,1.0,0.7737,0.7738,0.7806720396438807,0.0041837012321627,endpoint_ablation.csv,,,,,,,
0,SDH0_MAIN9,SD-H0,MAIN9,"main reference nine (linear energy row, Table 5-1 verdicts in every state)","SDH0_MAIN9:DIAG-frontier:M2[N=128,alpha_train=m*/N=95/128]",M2_joint_chance_saa,diagnostic_frontier,,,,optimal,1.8575663880276772e-05,300.0,29.31942919874564,,,True,SD-S2,False,10000.0,,,6430.0,2463.0,0.643,0.8893,0.8944266208792244,0.0031376027473215,0.4962,2463.0,0.9371,0.941048846397993,0.6438,0.6438,0.6516951211022903,0.903,0.907830852903832,0.7705,0.7774079653926389,0.6816,0.9439,0.0052,0.0065471419610077,0.498,0.6804,0.688080781389776,0.7484,0.7468,0.6423,0.6423,5.0,1050.0,0.0,T51-DGC-0.50,0.0,in_domain_conditional,T51-DGC-0.50=0.8893;T51-DGC-0.33=0.6438;T51-DGC-0.67=1;T51-CORNKERNEL-0.50=0.6438,0.0,0.0,True,,,,,6438.0,0.0,0.6438,0.6438,0.6516951211022903,0.004788753073609,6816.0,0.0,0.6816,0.6816,0.6892728590016572,0.0046585559994487,endpoint_ablation.csv,,,,,,,
0,SDH0_MAIN9,SD-H0,MAIN9,"main reference nine (linear energy row, Table 5-1 verdicts in every state)","SDH0_MAIN9:DIAG-frontier:M2[N=128,alpha_train=m*/N=95/128]",M2_joint_chance_saa,diagnostic_frontier,,,,optimal,1.8575663880276772e-05,300.0,29.31942919874564,,,True,SD-SRC14,False,10000.0,,,6746.0,1974.0,0.6746,0.872,0.8774647227213569,0.0033408980828513,0.4999,1971.0,0.9074,0.912129789456812,0.6782,0.6785,0.686193205826013,0.908,0.9127157593090172,0.8195,0.8258068418223852,0.7673,0.9325,0.1013,0.1063992036655208,0.5532,0.7398,0.7470144349398478,0.755,0.707,0.616,0.6163,29.0,938.0,3.0,T51-DGC-0.50,0.0,in_domain_conditional,T51-DGC-0.50=0.872;T51-DGC-0.33=0.6785;T51-DGC-0.67=1;T51-CORNKERNEL-0.50=0.6785,304.0,3.0,True,,,,,6782.0,3.0,0.6782,0.6785,0.686193205826013,0.0046705219194432,7670.0,3.0,0.767,0.7673,0.7742422272551571,0.0042255261210883,endpoint_ablation.csv,,,,,,,
0,SDH0_MAIN9,SD-H0,MAIN9,"main reference nine (linear energy row, Table 5-1 verdicts in every state)","SDH0_MAIN9:DIAG-frontier:M2[N=128,alpha_train=m*/N=95/128]",M2_joint_chance_saa,diagnostic_frontier,,,,optimal,1.8575663880276772e-05,300.0,29.31942919874564,,,True,SD-12MO,False,10000.0,,,5768.0,2850.0,0.5768,0.8618,0.8674481711869815,0.003451097796354,0.4913,2850.0,0.9003,0.9051913357944538,0.621,0.621,0.629003028195579,0.8754,0.880801078040375,0.6939,0.7014882455783207,0.6472,0.9076,0.1172,0.1226234740033928,0.5096,0.6041,0.6121708882651744,0.6768,0.629,0.576,0.576,42.0,572.0,0.0,T51-DGC-0.50,0.0,in_domain_conditional,T51-DGC-0.50=0.8618;T51-DGC-0.33=0.621;T51-DGC-0.67=1;T51-CORNKERNEL-0.50=0.621,6.0,0.0,True,,,,,6210.0,0.0,0.621,0.621,0.629003028195579,0.0048513812466142,6472.0,0.0,0.6472,0.6472,0.6550773812020284,0.0047784114515181,endpoint_ablation.csv,,,,,,,
0,SDH0_MAIN9,SD-H0,MAIN9,"main reference nine (linear energy row, Table 5-1 verdicts in every state)","SDH0_MAIN9:DIAG-frontier:M2[N=128,alpha_train=m*/N=95/128]",M2_joint_chance_saa,diagnostic_frontier,,,,optimal,1.8575663880276772e-05,300.0,29.31942919874564,,,True,SD-SRC12,False,10000.0,,,6263.0,1923.0,0.6263,0.8186,0.8249193030934231,0.0038534924419284,0.4907,1922.0,0.869,0.8745198194502928,0.7052,0.7053,0.7128041519812159,0.8665,0.8720649959938126,0.8141,0.8204807429392391,0.7756,0.9001,0.3455,0.3534043772155779,0.5635,0.6894,0.697019927929033,0.7633,0.6222,0.5691,0.5694,193.0,723.0,3.0,T51-DGC-0.50,0.0,in_domain_conditional,T51-DGC-0.50=0.8186;T51-DGC-0.33=0.7053;T51-DGC-0.67=0.9979;T51-CORNKERNEL-0.50=0.7053,672.0,3.0,True,,,,,7052.0,1.0,0.7052,0.7053,0.7128041519812159,0.0045590778672885,7755.0,1.0,0.7755,0.7756,0.7824521866347316,0.0041718657696527,endpoint_ablation.csv,,,,,,,
0,SDH0_MAIN9,SD-H0,MAIN9,"main reference nine (linear energy row, Table 5-1 verdicts in every state)","SDH0_MAIN9:DIAG-frontier:M2[N=512,alpha_train=m*/N=366/512]",M2_joint_chance_saa,diagnostic_frontier,,,,no_feasible_solution_found,,300.0,300.4246810232289,,solver status no_feasible_solution_found; not a statement about the whole decision space,False,,,,,,,,,,,,,,,,,,,,,,,,,,,,,,,,,,,,,,,,,,,,,,,,,,,,,,,,,,,,endpoint_ablation.csv,,,,,,,
0,SDH0_MAIN9,SD-H0,MAIN9,"main reference nine (linear energy row, Table 5-1 verdicts in every state)","SDH0_MAIN9:DIAG-frontier:M2[N=1024,alpha_train=m*/N=754/1024]",M2_joint_chance_saa,diagnostic_frontier,,,,no_feasible_solution_found,,300.0,301.3966556917876,,solver status no_feasible_solution_found; not a statement about the whole decision space,False,,,,,,,,,,,,,,,,,,,,,,,,,,,,,,,,,,,,,,,,,,,,,,,,,,,,,,,,,,,,endpoint_ablation.csv,,,,,,,
0,SDS2_MAIN9,SD-S2,MAIN9,"main reference nine (linear energy row, Table 5-1 verdicts in every state)",SDS2_MAIN9:M0,M0_nominal,method,,,,optimal,,300.0,0.0051881521940231,,,True,SD-H0,False,10000.0,,,9246.0,345.0,0.9246,0.9591,0.9623083772056708,0.0019805855194865,0.1514,345.0,0.962,0.965094857477328,0.9567,0.9567,0.9599989318649929,0.9597,0.9628852715220688,0.9601,0.9632697597804748,0.9573,0.9625,0.8244,0.8306379609480876,0.8306,0.848,0.8538799448760875,0.9596,0.5017,0.4986,0.4989,204.0,234.0,3.0,T51-DGC-0.50,0.0,in_domain_conditional,T51-DGC-0.50=0.9591;T51-DGC-0.33=0.9567;T51-DGC-0.67=0.9989;T51-CORNKERNEL-0.50=0.9567,962.0,3.0,True,,,alpha=0.01:False;alpha=0.05:False;alpha=0.1:False,alpha=0.01:False;alpha=0.05:False;alpha=0.1:False,9567.0,0.0,0.9567,0.9567,0.9599989318649929,0.0020353159459897,9573.0,0.0,0.9573,0.9573,0.9605765657902284,0.0020217989514291,endpoint_ablation.csv,,,,,,,
0,SDS2_MAIN9,SD-S2,MAIN9,"main reference nine (linear energy row, Table 5-1 verdicts in every state)",SDS2_MAIN9:M0,M0_nominal,method,,,,optimal,,300.0,0.0051881521940231,,,True,SD-S2,True,10000.0,0.9703,0.9730403670388812,9680.0,0.0,0.968,0.968,0.9708435548728273,0.00176,0.0,0.0,0.9703,0.9730403670388812,0.968,0.968,0.9708435548728273,0.968,0.9708435548728273,0.9703,0.9730403670388812,0.968,0.9703,0.8285,0.8346789507100857,0.8285,0.8574,0.8631240318610862,0.9703,0.4962,0.4969,0.4969,237.0,230.0,0.0,T51-DGC-0.50,0.0,in_domain_conditional,T51-DGC-0.50=0.968;T51-DGC-0.33=0.968;T51-DGC-0.67=1;T51-CORNKERNEL-0.50=0.968,0.0,0.0,True,,,alpha=0.01:False;alpha=0.05:False;alpha=0.1:False,alpha=0.01:False;alpha=0.05:False;alpha=0.1:False,9680.0,0.0,0.968,0.968,0.9708435548728273,0.00176,9680.0,0.0,0.968,0.968,0.9708435548728273,0.00176,endpoint_ablation.csv,,,,,,,
0,SDS2_MAIN9,SD-S2,MAIN9,"main reference nine (linear energy row, Table 5-1 verdicts in every state)",SDS2_MAIN9:M0,M0_nominal,method,,,,optimal,,300.0,0.0051881521940231,,,True,SD-SRC14,False,10000.0,,,9729.0,1.0,0.9729,0.973,0.97561350411632,0.0016208331191088,0.0004,1.0,0.9757,0.9781795716393364,0.9729,0.9729,0.9755183224571036,0.9739,0.976469697574431,0.9763,0.97874873620178,0.9738,0.9764,0.8223,0.8285676974439393,0.8225,0.868,0.8735379694718607,0.9756,0.4956,0.4947,0.495,286.0,294.0,3.0,T51-DGC-0.50,0.0,in_domain_conditional,T51-DGC-0.50=0.973;T51-DGC-0.33=0.9729;T51-DGC-0.67=1;T51-CORNKERNEL-0.50=0.9729,304.0,3.0,True,,,alpha=0.01:False;alpha=0.05:False;alpha=0.1:False,alpha=0.01:False;alpha=0.05:False;alpha=0.1:False,9729.0,0.0,0.9729,0.9729,0.9755183224571036,0.0016237484411077,9738.0,0.0,0.9738,0.9738,0.9763746048613,0.0015972964659073,endpoint_ablation.csv,,,,,,,
0,SDS2_MAIN9,SD-S2,MAIN9,"main reference nine (linear energy row, Table 5-1 verdicts in every state)",SDS2_MAIN9:M0,M0_nominal,method,,,,optimal,,300.0,0.0051881521940231,,,True,SD-12MO,False,10000.0,,,9457.0,74.0,0.9457,0.9531,0.956529554682254,0.0021142466743499,0.019,74.0,0.9557,0.9590358199017266,0.9529,0.9529,0.9563366400731736,0.9531,0.956529554682254,0.9555,0.9588431403327614,0.9529,0.9557,0.8116,0.8180142624383405,0.8118,0.8458,0.8517152782357366,0.9555,0.4989,0.4982,0.4982,211.0,218.0,0.0,T51-DGC-0.50,0.0,in_domain_conditional,T51-DGC-0.50=0.9531;T51-DGC-0.33=0.9529;T51-DGC-0.67=1;T51-CORNKERNEL-0.50=0.9529,6.0,0.0,True,,,alpha=0.01:False;alpha=0.05:False;alpha=0.1:False,alpha=0.01:False;alpha=0.05:False;alpha=0.1:False,9529.0,0.0,0.9529,0.9529,0.9563366400731736,0.0021185275546945,9529.0,0.0,0.9529,0.9529,0.9563366400731736,0.0021185275546945,endpoint_ablation.csv,,,,,,,
0,SDS2_MAIN9,SD-S2,MAIN9,"main reference nine (linear energy row, Table 5-1 verdicts in every state)",SDS2_MAIN9:M0,M0_nominal,method,,,,optimal,,300.0,0.0051881521940231,,,True,SD-SRC12,False,10000.0,,,9446.0,136.0,0.9446,0.9582,0.961442679433327,0.0020013185653463,0.1125,136.0,0.9633,0.9663423924400444,0.9576,0.9576,0.9608653157593594,0.9592,0.9624045396092328,0.9635,0.9665342293386864,0.9586,0.9641,0.798,0.8045892415779776,0.7992,0.8616,0.8672516608459001,0.9627,0.498,0.4979,0.4982,419.0,419.0,3.0,T51-DGC-0.50,0.0,in_domain_conditional,T51-DGC-0.50=0.9582;T51-DGC-0.33=0.9576;T51-DGC-0.67=0.9982;T51-CORNKERNEL-0.50=0.9576,672.0,3.0,True,,,alpha=0.01:False;alpha=0.05:False;alpha=0.1:False,alpha=0.01:False;alpha=0.05:False;alpha=0.1:False,9576.0,0.0,0.9576,0.9576,0.9608653157593594,0.002014999751861,9586.0,0.0,0.9586,0.9586,0.9618274861094972,0.0019921355375576,endpoint_ablation.csv,,,,,,,
0,SDS2_MAIN9,SD-S2,MAIN9,"main reference nine (linear energy row, Table 5-1 verdicts in every state)","SDS2_MAIN9:M1[relative,apply_to_dm=True]@alpha=0.05",M1_safety_margin,method,0.05,not_met,,,,300.0,,optimal;proven_infeasible,"no value of the declared grid met the validation screen (candidate statuses: optimal, proven_infeasible); a grid without a solution is not a statement about the whole decision space",False,,,,,,,,,,,,,,,,,,,,,,,,,,,,,,,,,,,,,,,,,,,,,,,,,,,,,,,,,,,,endpoint_ablation.csv,,,,,,,
0,SDS2_MAIN9,SD-S2,MAIN9,"main reference nine (linear energy row, Table 5-1 verdicts in every state)","SDS2_MAIN9:M1[relative,apply_to_dm=False]@alpha=0.05",M1_safety_margin,method,0.05,not_met,,,,300.0,,optimal;proven_infeasible,"no value of the declared grid met the validation screen (candidate statuses: optimal, proven_infeasible); a grid without a solution is not a statement about the whole decision space",False,,,,,,,,,,,,,,,,,,,,,,,,,,,,,,,,,,,,,,,,,,,,,,,,,,,,,,,,,,,,endpoint_ablation.csv,,,,,,,
0,SDS2_MAIN9,SD-S2,MAIN9,"main reference nine (linear energy row, Table 5-1 verdicts in every state)",SDS2_MAIN9:M2[N=128]@alpha=0.05,M2_joint_chance_saa,method,0.05,not_met,,,,300.0,,proven_infeasible,"SAA over the N training scenarios proven infeasible for every alpha_train of the declared grid (training scenarios only; not a population, field or whole-space statement)",False,,,,,,,,,,,,,,,,,,,,,,,,,,,,,,,,,,,,,,,,,,,,,,,,,,,,,,,,,,,,endpoint_ablation.csv,,,,,,,
0,SDS2_MAIN9,SD-S2,MAIN9,"main reference nine (linear energy row, Table 5-1 verdicts in every state)",SDS2_MAIN9:M2[N=512]@alpha=0.05,M2_joint_chance_saa,method,0.05,not_met,,,,300.0,,proven_infeasible,"SAA over the N training scenarios proven infeasible for every alpha_train of the declared grid (training scenarios only; not a population, field or whole-space statement)",False,,,,,,,,,,,,,,,,,,,,,,,,,,,,,,,,,,,,,,,,,,,,,,,,,,,,,,,,,,,,endpoint_ablation.csv,,,,,,,
0,SDS2_MAIN9,SD-S2,MAIN9,"main reference nine (linear energy row, Table 5-1 verdicts in every state)",SDS2_MAIN9:M2[N=1024]@alpha=0.05,M2_joint_chance_saa,method,0.05,not_met,,,,300.0,,proven_infeasible,"SAA over the N training scenarios proven infeasible for every alpha_train of the declared grid (training scenarios only; not a population, field or whole-space statement)",False,,,,,,,,,,,,,,,,,,,,,,,,,,,,,,,,,,,,,,,,,,,,,,,,,,,,,,,,,,,,endpoint_ablation.csv,,,,,,,
0,SDS2_MAIN9,SD-S2,MAIN9,"main reference nine (linear energy row, Table 5-1 verdicts in every state)",SDS2_MAIN9:M3a[factory box]@alpha=0.05,M3a_box_robust,method,0.05,not_met,,,,300.0,,proven_infeasible,no value of the declared grid met the validation screen (candidate statuses: proven_infeasible); a grid without a solution is not a statement about the whole decision space,False,,,,,,,,,,,,,,,,,,,,,,,,,,,,,,,,,,,,,,,,,,,,,,,,,,,,,,,,,,,,endpoint_ablation.csv,,,,,,,
0,SDS2_MAIN9,SD-S2,MAIN9,"main reference nine (linear energy row, Table 5-1 verdicts in every state)",SDS2_MAIN9:M3b[factory box]@alpha=0.05,M3b_budget_robust,method,0.05,not_met,,,,300.0,,optimal;proven_infeasible,"no value of the declared grid met the validation screen (candidate statuses: optimal, proven_infeasible); a grid without a solution is not a statement about the whole decision space",False,,,,,,,,,,,,,,,,,,,,,,,,,,,,,,,,,,,,,,,,,,,,,,,,,,,,,,,,,,,,endpoint_ablation.csv,,,,,,,
0,SDS2_MAIN9,SD-S2,MAIN9,"main reference nine (linear energy row, Table 5-1 verdicts in every state)","SDS2_MAIN9:M1[relative,apply_to_dm=True]@alpha=0.1",M1_safety_margin,method,0.1,not_met,,,,300.0,,optimal;proven_infeasible,"no value of the declared grid met the validation screen (candidate statuses: optimal, proven_infeasible); a grid without a solution is not a statement about the whole decision space",False,,,,,,,,,,,,,,,,,,,,,,,,,,,,,,,,,,,,,,,,,,,,,,,,,,,,,,,,,,,,endpoint_ablation.csv,,,,,,,
0,SDS2_MAIN9,SD-S2,MAIN9,"main reference nine (linear energy row, Table 5-1 verdicts in every state)","SDS2_MAIN9:M1[relative,apply_to_dm=False]@alpha=0.1",M1_safety_margin,method,0.1,not_met,,,,300.0,,optimal;proven_infeasible,"no value of the declared grid met the validation screen (candidate statuses: optimal, proven_infeasible); a grid without a solution is not a statement about the whole decision space",False,,,,,,,,,,,,,,,,,,,,,,,,,,,,,,,,,,,,,,,,,,,,,,,,,,,,,,,,,,,,endpoint_ablation.csv,,,,,,,
0,SDS2_MAIN9,SD-S2,MAIN9,"main reference nine (linear energy row, Table 5-1 verdicts in every state)",SDS2_MAIN9:M2[N=128]@alpha=0.1,M2_joint_chance_saa,method,0.1,not_met,,,,300.0,,proven_infeasible,"SAA over the N training scenarios proven infeasible for every alpha_train of the declared grid (training scenarios only; not a population, field or whole-space statement)",False,,,,,,,,,,,,,,,,,,,,,,,,,,,,,,,,,,,,,,,,,,,,,,,,,,,,,,,,,,,,endpoint_ablation.csv,,,,,,,
0,SDS2_MAIN9,SD-S2,MAIN9,"main reference nine (linear energy row, Table 5-1 verdicts in every state)",SDS2_MAIN9:M2[N=512]@alpha=0.1,M2_joint_chance_saa,method,0.1,not_met,,,,300.0,,proven_infeasible,"SAA over the N training scenarios proven infeasible for every alpha_train of the declared grid (training scenarios only; not a population, field or whole-space statement)",False,,,,,,,,,,,,,,,,,,,,,,,,,,,,,,,,,,,,,,,,,,,,,,,,,,,,,,,,,,,,endpoint_ablation.csv,,,,,,,
0,SDS2_MAIN9,SD-S2,MAIN9,"main reference nine (linear energy row, Table 5-1 verdicts in every state)",SDS2_MAIN9:M2[N=1024]@alpha=0.1,M2_joint_chance_saa,method,0.1,not_met,,,,300.0,,proven_infeasible,"SAA over the N training scenarios proven infeasible for every alpha_train of the declared grid (training scenarios only; not a population, field or whole-space statement)",False,,,,,,,,,,,,,,,,,,,,,,,,,,,,,,,,,,,,,,,,,,,,,,,,,,,,,,,,,,,,endpoint_ablation.csv,,,,,,,
0,SDS2_MAIN9,SD-S2,MAIN9,"main reference nine (linear energy row, Table 5-1 verdicts in every state)",SDS2_MAIN9:M3a[factory box]@alpha=0.1,M3a_box_robust,method,0.1,not_met,,,,300.0,,proven_infeasible,no value of the declared grid met the validation screen (candidate statuses: proven_infeasible); a grid without a solution is not a statement about the whole decision space,False,,,,,,,,,,,,,,,,,,,,,,,,,,,,,,,,,,,,,,,,,,,,,,,,,,,,,,,,,,,,endpoint_ablation.csv,,,,,,,
0,SDS2_MAIN9,SD-S2,MAIN9,"main reference nine (linear energy row, Table 5-1 verdicts in every state)",SDS2_MAIN9:M3b[factory box]@alpha=0.1,M3b_budget_robust,method,0.1,not_met,,,,300.0,,optimal;proven_infeasible,"no value of the declared grid met the validation screen (candidate statuses: optimal, proven_infeasible); a grid without a solution is not a statement about the whole decision space",False,,,,,,,,,,,,,,,,,,,,,,,,,,,,,,,,,,,,,,,,,,,,,,,,,,,,,,,,,,,,endpoint_ablation.csv,,,,,,,
0,SDS2_MAIN9,SD-S2,MAIN9,"main reference nine (linear energy row, Table 5-1 verdicts in every state)","SDS2_MAIN9:M1[relative,apply_to_dm=True]@alpha=0.01",M1_safety_margin,method,0.01,not_met,,,,300.0,,optimal;proven_infeasible,"no value of the declared grid met the validation screen (candidate statuses: optimal, proven_infeasible); a grid without a solution is not a statement about the whole decision space",False,,,,,,,,,,,,,,,,,,,,,,,,,,,,,,,,,,,,,,,,,,,,,,,,,,,,,,,,,,,,endpoint_ablation.csv,,,,,,,
0,SDS2_MAIN9,SD-S2,MAIN9,"main reference nine (linear energy row, Table 5-1 verdicts in every state)","SDS2_MAIN9:M1[relative,apply_to_dm=False]@alpha=0.01",M1_safety_margin,method,0.01,not_met,,,,300.0,,optimal;proven_infeasible,"no value of the declared grid met the validation screen (candidate statuses: optimal, proven_infeasible); a grid without a solution is not a statement about the whole decision space",False,,,,,,,,,,,,,,,,,,,,,,,,,,,,,,,,,,,,,,,,,,,,,,,,,,,,,,,,,,,,endpoint_ablation.csv,,,,,,,
0,SDS2_MAIN9,SD-S2,MAIN9,"main reference nine (linear energy row, Table 5-1 verdicts in every state)",SDS2_MAIN9:M2[N=128]@alpha=0.01,M2_joint_chance_saa,method,0.01,not_met,,,,300.0,,proven_infeasible,"SAA over the N training scenarios proven infeasible for every alpha_train of the declared grid (training scenarios only; not a population, field or whole-space statement)",False,,,,,,,,,,,,,,,,,,,,,,,,,,,,,,,,,,,,,,,,,,,,,,,,,,,,,,,,,,,,endpoint_ablation.csv,,,,,,,
0,SDS2_MAIN9,SD-S2,MAIN9,"main reference nine (linear energy row, Table 5-1 verdicts in every state)",SDS2_MAIN9:M2[N=512]@alpha=0.01,M2_joint_chance_saa,method,0.01,not_met,,,,300.0,,proven_infeasible,"SAA over the N training scenarios proven infeasible for every alpha_train of the declared grid (training scenarios only; not a population, field or whole-space statement)",False,,,,,,,,,,,,,,,,,,,,,,,,,,,,,,,,,,,,,,,,,,,,,,,,,,,,,,,,,,,,endpoint_ablation.csv,,,,,,,
0,SDS2_MAIN9,SD-S2,MAIN9,"main reference nine (linear energy row, Table 5-1 verdicts in every state)",SDS2_MAIN9:M2[N=1024]@alpha=0.01,M2_joint_chance_saa,method,0.01,not_met,,,,300.0,,proven_infeasible,"SAA over the N training scenarios proven infeasible for every alpha_train of the declared grid (training scenarios only; not a population, field or whole-space statement)",False,,,,,,,,,,,,,,,,,,,,,,,,,,,,,,,,,,,,,,,,,,,,,,,,,,,,,,,,,,,,endpoint_ablation.csv,,,,,,,
0,SDS2_MAIN9,SD-S2,MAIN9,"main reference nine (linear energy row, Table 5-1 verdicts in every state)",SDS2_MAIN9:M3a[factory box]@alpha=0.01,M3a_box_robust,method,0.01,not_met,,,,300.0,,proven_infeasible,no value of the declared grid met the validation screen (candidate statuses: proven_infeasible); a grid without a solution is not a statement about the whole decision space,False,,,,,,,,,,,,,,,,,,,,,,,,,,,,,,,,,,,,,,,,,,,,,,,,,,,,,,,,,,,,endpoint_ablation.csv,,,,,,,
0,SDS2_MAIN9,SD-S2,MAIN9,"main reference nine (linear energy row, Table 5-1 verdicts in every state)",SDS2_MAIN9:M3b[factory box]@alpha=0.01,M3b_budget_robust,method,0.01,not_met,,,,300.0,,optimal;proven_infeasible,"no value of the declared grid met the validation screen (candidate statuses: optimal, proven_infeasible); a grid without a solution is not a statement about the whole decision space",False,,,,,,,,,,,,,,,,,,,,,,,,,,,,,,,,,,,,,,,,,,,,,,,,,,,,,,,,,,,,endpoint_ablation.csv,,,,,,,
0,SDS2_MAIN9,SD-S2,MAIN9,"main reference nine (linear energy row, Table 5-1 verdicts in every state)","SDS2_MAIN9:DIAG-frontier:M2[N=128,alpha_train=m*/N=77/128]",M2_joint_chance_saa,diagnostic_frontier,,,,optimal,8.942692872725303e-05,300.0,15.279632211197168,,,True,SD-H0,False,10000.0,,,6605.0,2362.0,0.6605,0.8967,0.9016702517567704,0.0030435030803335,0.4814,2362.0,0.912,0.9166206309627808,0.8195,0.8195,0.8258068418223852,0.9253,0.929582406025142,0.8702,0.8756978979958016,0.8607,0.9336,0.6106,0.6186459892058906,0.7265,0.7111,0.7185592146433311,0.8365,0.4931,0.4806,0.4809,155.0,279.0,3.0,T51-DGC-0.50,0.0,in_domain_conditional,T51-DGC-0.50=0.8967;T51-DGC-0.33=0.8195;T51-DGC-0.67=0.9986;T51-CORNKERNEL-0.50=0.8195,962.0,3.0,True,,,,,8195.0,0.0,0.8195,0.8195,0.8258068418223852,0.0038460336711994,8607.0,0.0,0.8607,0.8607,0.8663673149792458,0.0034625931034414,endpoint_ablation.csv,,,,,,,
0,SDS2_MAIN9,SD-S2,MAIN9,"main reference nine (linear energy row, Table 5-1 verdicts in every state)","SDS2_MAIN9:DIAG-frontier:M2[N=128,alpha_train=m*/N=77/128]",M2_joint_chance_saa,diagnostic_frontier,,,,optimal,8.942692872725303e-05,300.0,15.279632211197168,,,True,SD-S2,True,10000.0,0.6075,0.6155580502162206,4598.0,3477.0,0.4598,0.8075,0.8139683068333857,0.0039426355398388,0.496,3477.0,0.8408,0.8467940211082889,0.557,0.557,0.5652076162233063,0.8808,0.88609726303679,0.7286,0.7359145110765817,0.7016,0.8978,0.2128,0.2196436617292827,0.5569,0.6247,0.6326868078165917,0.6075,0.4695,0.4209,0.4209,61.0,547.0,0.0,T51-DGC-0.50,0.0,in_domain_conditional,T51-DGC-0.50=0.8075;T51-DGC-0.33=0.557;T51-DGC-0.67=1;T51-CORNKERNEL-0.50=0.557,0.0,0.0,True,,,,,5570.0,0.0,0.557,0.557,0.5652076162233063,0.0049674037484384,7016.0,0.0,0.7016,0.7016,0.7091320546743218,0.0045755594193497,endpoint_ablation.csv,,,,,,,
0,SDS2_MAIN9,SD-S2,MAIN9,"main reference nine (linear energy row, Table 5-1 verdicts in every state)","SDS2_MAIN9:DIAG-frontier:M2[N=128,alpha_train=m*/N=77/128]",M2_joint_chance_saa,diagnostic_frontier,,,,optimal,8.942692872725303e-05,300.0,15.279632211197168,,,True,SD-SRC14,False,10000.0,,,6594.0,2205.0,0.6594,0.8799,0.8852148049012334,0.0032507843668874,0.501,2205.0,0.8961,0.9010832181810372,0.7173,0.7173,0.7247095346491068,0.9338,0.9378457592784564,0.853,0.8587980297712642,0.8384,0.9425,0.312,0.3197106222423314,0.6596,0.7611,0.7681070283819795,0.7478,0.4709,0.4335,0.4338,123.0,497.0,3.0,T51-DGC-0.50,0.0,in_domain_conditional,T51-DGC-0.50=0.8799;T51-DGC-0.33=0.7173;T51-DGC-0.67=1;T51-CORNKERNEL-0.50=0.7173,304.0,3.0,True,,,,,7173.0,0.0,0.7173,0.7173,0.7247095346491068,0.0045031179198417,8384.0,0.0,0.8384,0.8384,0.8444310669374806,0.0036808346879478,endpoint_ablation.csv,,,,,,,
0,SDS2_MAIN9,SD-S2,MAIN9,"main reference nine (linear energy row, Table 5-1 verdicts in every state)","SDS2_MAIN9:DIAG-frontier:M2[N=128,alpha_train=m*/N=77/128]",M2_joint_chance_saa,diagnostic_frontier,,,,optimal,8.942692872725303e-05,300.0,15.279632211197168,,,True,SD-12MO,False,10000.0,,,4934.0,3309.0,0.4934,0.8243,0.8305393844010862,0.0038056472511256,0.4914,3309.0,0.8533,0.8590930421876715,0.6653,0.6653,0.673075536904272,0.877,0.8823706737086582,0.7631,0.7700863502121466,0.7452,0.8927,0.4051,0.4132444676657457,0.5999,0.5998,0.6078865428759811,0.698,0.4849,0.46,0.46,110.0,359.0,0.0,T51-DGC-0.50,0.0,in_domain_conditional,T51-DGC-0.50=0.8243;T51-DGC-0.33=0.6653;T51-DGC-0.67=1;T51-CORNKERNEL-0.50=0.6653,6.0,0.0,True,,,,,6653.0,0.0,0.6653,0.6653,0.673075536904272,0.0047188548398949,7452.0,0.0,0.7452,0.7452,0.7523640169306318,0.0043574873493792,endpoint_ablation.csv,,,,,,,
0,SDS2_MAIN9,SD-S2,MAIN9,"main reference nine (linear energy row, Table 5-1 verdicts in every state)","SDS2_MAIN9:DIAG-frontier:M2[N=128,alpha_train=m*/N=77/128]",M2_joint_chance_saa,diagnostic_frontier,,,,optimal,8.942692872725303e-05,300.0,15.279632211197168,,,True,SD-SRC12,False,10000.0,,,6448.0,1879.0,0.6448,0.8327,0.8388171624282933,0.0037324349960849,0.491,1879.0,0.8641,0.8697077506011617,0.7714,0.7714,0.7782982275720348,0.9006,0.9054846712817304,0.8739,0.8793293165674168,0.858,0.9148,0.497,0.5052739935498669,0.6077,0.7481,0.7552363443689083,0.806,0.4869,0.4632,0.4635,312.0,548.0,3.0,T51-DGC-0.50,0.0,in_domain_conditional,T51-DGC-0.50=0.8327;T51-DGC-0.33=0.7714;T51-DGC-0.67=0.9983;T51-CORNKERNEL-0.50=0.7714,672.0,3.0,True,,,,,7714.0,0.0,0.7714,0.7714,0.7782982275720348,0.0041993099433121,8580.0,0.0,0.858,0.858,0.863713798519228,0.0034905013966477,endpoint_ablation.csv,,,,,,,
0,SDS2_MAIN9,SD-S2,MAIN9,"main reference nine (linear energy row, Table 5-1 verdicts in every state)","SDS2_MAIN9:DIAG-frontier:M2[N=512,alpha_train=m*/N=295/512]",M2_joint_chance_saa,diagnostic_frontier,,,,feasible_time_limit,0.0519655868393934,300.0,300.4058950874023,,,True,SD-H0,False,10000.0,,,6696.0,2290.0,0.6696,0.8986,0.9035288429723668,0.0030185764856965,0.4812,2290.0,0.9149,0.919449862345712,0.8164,0.8164,0.8227495195993543,0.9275,0.9317228365873284,0.8691,0.8746179985763098,0.859,0.9364,0.5843,0.5924376312803945,0.7164,0.7217,0.729073229736368,0.8354,0.5011,0.4852,0.4855,149.0,307.0,3.0,T51-DGC-0.50,0.0,in_domain_conditional,T51-DGC-0.50=0.8986;T51-DGC-0.33=0.8164;T51-DGC-0.67=0.9986;T51-CORNKERNEL-0.50=0.8164,962.0,3.0,True,,,,,8164.0,0.0,0.8164,0.8164,0.8227495195993543,0.0038715764231124,8590.0,0.0,0.859,0.859,0.8646966654958947,0.0034802155105682,endpoint_ablation.csv,,,,,,,
0,SDS2_MAIN9,SD-S2,MAIN9,"main reference nine (linear energy row, Table 5-1 verdicts in every state)","SDS2_MAIN9:DIAG-frontier:M2[N=512,alpha_train=m*/N=295/512]",M2_joint_chance_saa,diagnostic_frontier,,,,feasible_time_limit,0.0519655868393934,300.0,300.4058950874023,,,True,SD-S2,True,10000.0,0.5948,0.6029039332890765,4774.0,3344.0,0.4774,0.8118,0.8182115967846572,0.0039087179483815,0.4955,3344.0,0.8504,0.85624090856113,0.5328,0.5328,0.541048721379557,0.8854,0.8906060542990275,0.7222,0.7295690484576509,0.6901,0.9047,0.1286,0.1342363614682659,0.5325,0.6465,0.654381069053255,0.5948,0.5001,0.4371,0.4371,43.0,673.0,0.0,T51-DGC-0.50,0.0,in_domain_conditional,T51-DGC-0.50=0.8118;T51-DGC-0.33=0.5328;T51-DGC-0.67=1;T51-CORNKERNEL-0.50=0.5328,0.0,0.0,True,,,,,5328.0,0.0,0.5328,0.5328,0.541048721379557,0.0049892300007115,6901.0,0.0,0.6901,0.6901,0.6977150550113757,0.0046245214887596,endpoint_ablation.csv,,,,,,,
0,SDS2_MAIN9,SD-S2,MAIN9,"main reference nine (linear energy row, Table 5-1 verdicts in every state)","SDS2_MAIN9:DIAG-frontier:M2[N=512,alpha_train=m*/N=295/512]",M2_joint_chance_saa,diagnostic_frontier,,,,feasible_time_limit,0.0519655868393934,300.0,300.4058950874023,,,True,SD-SRC14,False,10000.0,,,6666.0,2100.0,0.6666,0.8766,0.8819783024578849,0.0032889578896665,0.5006,2099.0,0.8946,0.899615407089485,0.7082,0.7083,0.7157810923845662,0.9319,0.9360002217064096,0.8509,0.8567327106305908,0.8344,0.9408,0.2427,0.2498566782842611,0.626,0.7747,0.7815621359778695,0.7422,0.4969,0.4476,0.4479,100.0,593.0,3.0,T51-DGC-0.50,0.0,in_domain_conditional,T51-DGC-0.50=0.8766;T51-DGC-0.33=0.7083;T51-DGC-0.67=1;T51-CORNKERNEL-0.50=0.7083,304.0,3.0,True,,,,,7082.0,1.0,0.7082,0.7083,0.7157810923845662,0.0045454494827244,8343.0,1.0,0.8343,0.8344,0.8404917585857357,0.0037172118583691,endpoint_ablation.csv,,,,,,,
0,SDS2_MAIN9,SD-S2,MAIN9,"main reference nine (linear energy row, Table 5-1 verdicts in every state)","SDS2_MAIN9:DIAG-frontier:M2[N=512,alpha_train=m*/N=295/512]",M2_joint_chance_saa,diagnostic_frontier,,,,feasible_time_limit,0.0519655868393934,300.0,300.4058950874023,,,True,SD-12MO,False,10000.0,,,5072.0,3208.0,0.5072,0.828,0.8341862154579857,0.0037738044464439,0.4913,3208.0,0.8586,0.8643035303643697,0.6506,0.6506,0.6584592056571705,0.8804,0.8857050714533226,0.7548,0.7618707864131573,0.7346,0.8973,0.3501,0.3580275603158799,0.5831,0.6154,0.6234266411610954,0.6867,0.4994,0.4692,0.4692,96.0,398.0,0.0,T51-DGC-0.50,0.0,in_domain_conditional,T51-DGC-0.50=0.828;T51-DGC-0.33=0.6506;T51-DGC-0.67=1;T51-CORNKERNEL-0.50=0.6506,6.0,0.0,True,,,,,6506.0,0.0,0.6506,0.6506,0.6584592056571705,0.0047678049456746,7346.0,0.0,0.7346,0.7346,0.7418616433551871,0.0044154596589709,endpoint_ablation.csv,,,,,,,
0,SDS2_MAIN9,SD-S2,MAIN9,"main reference nine (linear energy row, Table 5-1 verdicts in every state)","SDS2_MAIN9:DIAG-frontier:M2[N=512,alpha_train=m*/N=295/512]",M2_joint_chance_saa,diagnostic_frontier,,,,feasible_time_limit,0.0519655868393934,300.0,300.4058950874023,,,True,SD-SRC12,False,10000.0,,,6553.0,1803.0,0.6553,0.8356,0.8416736873177887,0.0037063815238045,0.491,1802.0,0.8695,0.8750107043523567,0.7695,0.7696,0.7765176584206468,0.9021,0.90695114029063,0.8734,0.878838673006545,0.8562,0.9177,0.4663,0.4745620540221846,0.5964,0.7592,0.7662264761175168,0.8061,0.5011,0.4712,0.4715,288.0,586.0,3.0,T51-DGC-0.50,0.0,in_domain_conditional,T51-DGC-0.50=0.8356;T51-DGC-0.33=0.7696;T51-DGC-0.67=0.9982;T51-CORNKERNEL-0.50=0.7696,672.0,3.0,True,,,,,7695.0,1.0,0.7695,0.7696,0.7765176584206468,0.0042108887422965,8561.0,1.0,0.8561,0.8562,0.8619443948367309,0.0035088681935917,endpoint_ablation.csv,,,,,,,
0,SDS2_MAIN9,SD-S2,MAIN9,"main reference nine (linear energy row, Table 5-1 verdicts in every state)","SDS2_MAIN9:DIAG-frontier:M2[N=1024,alpha_train=m*/N=583/1024]",M2_joint_chance_saa,diagnostic_frontier,,,,no_feasible_solution_found,,300.0,301.2785897841677,,solver status no_feasible_solution_found; not a statement about the whole decision space,False,,,,,,,,,,,,,,,,,,,,,,,,,,,,,,,,,,,,,,,,,,,,,,,,,,,,,,,,,,,,endpoint_ablation.csv,,,,,,,
0,SDSRC14_MAIN9,SD-SRC14,MAIN9,"main reference nine (linear energy row, Table 5-1 verdicts in every state)",SDSRC14_MAIN9:M0,M0_nominal,method,,,,optimal,,300.0,0.010811623185873,,,True,SD-H0,False,10000.0,,,9246.0,345.0,0.9246,0.9591,0.9623083772056708,0.0019805855194865,0.1514,345.0,0.962,0.965094857477328,0.9567,0.9567,0.9599989318649929,0.9597,0.9628852715220688,0.9601,0.9632697597804748,0.9573,0.9625,0.8244,0.8306379609480876,0.8306,0.848,0.8538799448760875,0.9596,0.5017,0.4986,0.4989,204.0,234.0,3.0,T51-DGC-0.50,0.0,in_domain_conditional,T51-DGC-0.50=0.9591;T51-DGC-0.33=0.9567;T51-DGC-0.67=0.9989;T51-CORNKERNEL-0.50=0.9567,962.0,3.0,True,,,alpha=0.01:False;alpha=0.05:False;alpha=0.1:False,alpha=0.01:False;alpha=0.05:False;alpha=0.1:False,9567.0,0.0,0.9567,0.9567,0.9599989318649929,0.0020353159459897,9573.0,0.0,0.9573,0.9573,0.9605765657902284,0.0020217989514291,endpoint_ablation.csv,,,,,,,
0,SDSRC14_MAIN9,SD-SRC14,MAIN9,"main reference nine (linear energy row, Table 5-1 verdicts in every state)",SDSRC14_MAIN9:M0,M0_nominal,method,,,,optimal,,300.0,0.010811623185873,,,True,SD-S2,False,10000.0,,,9680.0,0.0,0.968,0.968,0.9708435548728273,0.00176,0.0,0.0,0.9703,0.9730403670388812,0.968,0.968,0.9708435548728273,0.968,0.9708435548728273,0.9703,0.9730403670388812,0.968,0.9703,0.8285,0.8346789507100857,0.8285,0.8574,0.8631240318610862,0.9703,0.4962,0.4969,0.4969,237.0,230.0,0.0,T51-DGC-0.50,0.0,in_domain_conditional,T51-DGC-0.50=0.968;T51-DGC-0.33=0.968;T51-DGC-0.67=1;T51-CORNKERNEL-0.50=0.968,0.0,0.0,True,,,alpha=0.01:False;alpha=0.05:False;alpha=0.1:False,alpha=0.01:False;alpha=0.05:False;alpha=0.1:False,9680.0,0.0,0.968,0.968,0.9708435548728273,0.00176,9680.0,0.0,0.968,0.968,0.9708435548728273,0.00176,endpoint_ablation.csv,,,,,,,
0,SDSRC14_MAIN9,SD-SRC14,MAIN9,"main reference nine (linear energy row, Table 5-1 verdicts in every state)",SDSRC14_MAIN9:M0,M0_nominal,method,,,,optimal,,300.0,0.010811623185873,,,True,SD-SRC14,True,10000.0,0.9756,0.9780846710027288,9729.0,1.0,0.9729,0.973,0.97561350411632,0.0016208331191088,0.0004,1.0,0.9757,0.9781795716393364,0.9729,0.9729,0.9755183224571036,0.9739,0.976469697574431,0.9763,0.97874873620178,0.9738,0.9764,0.8223,0.8285676974439393,0.8225,0.868,0.8735379694718607,0.9756,0.4956,0.4947,0.495,286.0,294.0,3.0,T51-DGC-0.50,0.0,in_domain_conditional,T51-DGC-0.50=0.973;T51-DGC-0.33=0.9729;T51-DGC-0.67=1;T51-CORNKERNEL-0.50=0.9729,304.0,3.0,True,,,alpha=0.01:False;alpha=0.05:False;alpha=0.1:False,alpha=0.01:False;alpha=0.05:False;alpha=0.1:False,9729.0,0.0,0.9729,0.9729,0.9755183224571036,0.0016237484411077,9738.0,0.0,0.9738,0.9738,0.9763746048613,0.0015972964659073,endpoint_ablation.csv,,,,,,,
0,SDSRC14_MAIN9,SD-SRC14,MAIN9,"main reference nine (linear energy row, Table 5-1 verdicts in every state)",SDSRC14_MAIN9:M0,M0_nominal,method,,,,optimal,,300.0,0.010811623185873,,,True,SD-12MO,False,10000.0,,,9457.0,74.0,0.9457,0.9531,0.956529554682254,0.0021142466743499,0.019,74.0,0.9557,0.9590358199017266,0.9529,0.9529,0.9563366400731736,0.9531,0.956529554682254,0.9555,0.9588431403327614,0.9529,0.9557,0.8116,0.8180142624383405,0.8118,0.8458,0.8517152782357366,0.9555,0.4989,0.4982,0.4982,211.0,218.0,0.0,T51-DGC-0.50,0.0,in_domain_conditional,T51-DGC-0.50=0.9531;T51-DGC-0.33=0.9529;T51-DGC-0.67=1;T51-CORNKERNEL-0.50=0.9529,6.0,0.0,True,,,alpha=0.01:False;alpha=0.05:False;alpha=0.1:False,alpha=0.01:False;alpha=0.05:False;alpha=0.1:False,9529.0,0.0,0.9529,0.9529,0.9563366400731736,0.0021185275546945,9529.0,0.0,0.9529,0.9529,0.9563366400731736,0.0021185275546945,endpoint_ablation.csv,,,,,,,
0,SDSRC14_MAIN9,SD-SRC14,MAIN9,"main reference nine (linear energy row, Table 5-1 verdicts in every state)",SDSRC14_MAIN9:M0,M0_nominal,method,,,,optimal,,300.0,0.010811623185873,,,True,SD-SRC12,False,10000.0,,,9446.0,136.0,0.9446,0.9582,0.961442679433327,0.0020013185653463,0.1125,136.0,0.9633,0.9663423924400444,0.9576,0.9576,0.9608653157593594,0.9592,0.9624045396092328,0.9635,0.9665342293386864,0.9586,0.9641,0.798,0.8045892415779776,0.7992,0.8616,0.8672516608459001,0.9627,0.498,0.4979,0.4982,419.0,419.0,3.0,T51-DGC-0.50,0.0,in_domain_conditional,T51-DGC-0.50=0.9582;T51-DGC-0.33=0.9576;T51-DGC-0.67=0.9982;T51-CORNKERNEL-0.50=0.9576,672.0,3.0,True,,,alpha=0.01:False;alpha=0.05:False;alpha=0.1:False,alpha=0.01:False;alpha=0.05:False;alpha=0.1:False,9576.0,0.0,0.9576,0.9576,0.9608653157593594,0.002014999751861,9586.0,0.0,0.9586,0.9586,0.9618274861094972,0.0019921355375576,endpoint_ablation.csv,,,,,,,
0,SDSRC14_MAIN9,SD-SRC14,MAIN9,"main reference nine (linear energy row, Table 5-1 verdicts in every state)","SDSRC14_MAIN9:M1[relative,apply_to_dm=True]@alpha=0.05",M1_safety_margin,method,0.05,not_met,,,,300.0,,optimal;proven_infeasible,"no value of the declared grid met the validation screen (candidate statuses: optimal, proven_infeasible); a grid without a solution is not a statement about the whole decision space",False,,,,,,,,,,,,,,,,,,,,,,,,,,,,,,,,,,,,,,,,,,,,,,,,,,,,,,,,,,,,endpoint_ablation.csv,,,,,,,
0,SDSRC14_MAIN9,SD-SRC14,MAIN9,"main reference nine (linear energy row, Table 5-1 verdicts in every state)","SDSRC14_MAIN9:M1[relative,apply_to_dm=False]@alpha=0.05",M1_safety_margin,method,0.05,not_met,,,,300.0,,optimal;proven_infeasible,"no value of the declared grid met the validation screen (candidate statuses: optimal, proven_infeasible); a grid without a solution is not a statement about the whole decision space",False,,,,,,,,,,,,,,,,,,,,,,,,,,,,,,,,,,,,,,,,,,,,,,,,,,,,,,,,,,,,endpoint_ablation.csv,,,,,,,
0,SDSRC14_MAIN9,SD-SRC14,MAIN9,"main reference nine (linear energy row, Table 5-1 verdicts in every state)",SDSRC14_MAIN9:M2[N=128]@alpha=0.05,M2_joint_chance_saa,method,0.05,not_met,,,,300.0,,proven_infeasible,"SAA over the N training scenarios proven infeasible for every alpha_train of the declared grid (training scenarios only; not a population, field or whole-space statement)",False,,,,,,,,,,,,,,,,,,,,,,,,,,,,,,,,,,,,,,,,,,,,,,,,,,,,,,,,,,,,endpoint_ablation.csv,,,,,,,
0,SDSRC14_MAIN9,SD-SRC14,MAIN9,"main reference nine (linear energy row, Table 5-1 verdicts in every state)",SDSRC14_MAIN9:M2[N=512]@alpha=0.05,M2_joint_chance_saa,method,0.05,not_met,,,,300.0,,proven_infeasible,"SAA over the N training scenarios proven infeasible for every alpha_train of the declared grid (training scenarios only; not a population, field or whole-space statement)",False,,,,,,,,,,,,,,,,,,,,,,,,,,,,,,,,,,,,,,,,,,,,,,,,,,,,,,,,,,,,endpoint_ablation.csv,,,,,,,
0,SDSRC14_MAIN9,SD-SRC14,MAIN9,"main reference nine (linear energy row, Table 5-1 verdicts in every state)",SDSRC14_MAIN9:M2[N=1024]@alpha=0.05,M2_joint_chance_saa,method,0.05,not_met,,,,300.0,,proven_infeasible,"SAA over the N training scenarios proven infeasible for every alpha_train of the declared grid (training scenarios only; not a population, field or whole-space statement)",False,,,,,,,,,,,,,,,,,,,,,,,,,,,,,,,,,,,,,,,,,,,,,,,,,,,,,,,,,,,,endpoint_ablation.csv,,,,,,,
0,SDSRC14_MAIN9,SD-SRC14,MAIN9,"main reference nine (linear energy row, Table 5-1 verdicts in every state)",SDSRC14_MAIN9:M3a[factory box]@alpha=0.05,M3a_box_robust,method,0.05,not_met,,,,300.0,,proven_infeasible,no value of the declared grid met the validation screen (candidate statuses: proven_infeasible); a grid without a solution is not a statement about the whole decision space,False,,,,,,,,,,,,,,,,,,,,,,,,,,,,,,,,,,,,,,,,,,,,,,,,,,,,,,,,,,,,endpoint_ablation.csv,,,,,,,
0,SDSRC14_MAIN9,SD-SRC14,MAIN9,"main reference nine (linear energy row, Table 5-1 verdicts in every state)",SDSRC14_MAIN9:M3b[factory box]@alpha=0.05,M3b_budget_robust,method,0.05,not_met,,,,300.0,,optimal;proven_infeasible,"no value of the declared grid met the validation screen (candidate statuses: optimal, proven_infeasible); a grid without a solution is not a statement about the whole decision space",False,,,,,,,,,,,,,,,,,,,,,,,,,,,,,,,,,,,,,,,,,,,,,,,,,,,,,,,,,,,,endpoint_ablation.csv,,,,,,,
0,SDSRC14_MAIN9,SD-SRC14,MAIN9,"main reference nine (linear energy row, Table 5-1 verdicts in every state)","SDSRC14_MAIN9:M1[relative,apply_to_dm=True]@alpha=0.1",M1_safety_margin,method,0.1,not_met,,,,300.0,,optimal;proven_infeasible,"no value of the declared grid met the validation screen (candidate statuses: optimal, proven_infeasible); a grid without a solution is not a statement about the whole decision space",False,,,,,,,,,,,,,,,,,,,,,,,,,,,,,,,,,,,,,,,,,,,,,,,,,,,,,,,,,,,,endpoint_ablation.csv,,,,,,,
0,SDSRC14_MAIN9,SD-SRC14,MAIN9,"main reference nine (linear energy row, Table 5-1 verdicts in every state)","SDSRC14_MAIN9:M1[relative,apply_to_dm=False]@alpha=0.1",M1_safety_margin,method,0.1,not_met,,,,300.0,,optimal;proven_infeasible,"no value of the declared grid met the validation screen (candidate statuses: optimal, proven_infeasible); a grid without a solution is not a statement about the whole decision space",False,,,,,,,,,,,,,,,,,,,,,,,,,,,,,,,,,,,,,,,,,,,,,,,,,,,,,,,,,,,,endpoint_ablation.csv,,,,,,,
0,SDSRC14_MAIN9,SD-SRC14,MAIN9,"main reference nine (linear energy row, Table 5-1 verdicts in every state)",SDSRC14_MAIN9:M2[N=128]@alpha=0.1,M2_joint_chance_saa,method,0.1,not_met,,,,300.0,,proven_infeasible,"SAA over the N training scenarios proven infeasible for every alpha_train of the declared grid (training scenarios only; not a population, field or whole-space statement)",False,,,,,,,,,,,,,,,,,,,,,,,,,,,,,,,,,,,,,,,,,,,,,,,,,,,,,,,,,,,,endpoint_ablation.csv,,,,,,,
0,SDSRC14_MAIN9,SD-SRC14,MAIN9,"main reference nine (linear energy row, Table 5-1 verdicts in every state)",SDSRC14_MAIN9:M2[N=512]@alpha=0.1,M2_joint_chance_saa,method,0.1,not_met,,,,300.0,,proven_infeasible,"SAA over the N training scenarios proven infeasible for every alpha_train of the declared grid (training scenarios only; not a population, field or whole-space statement)",False,,,,,,,,,,,,,,,,,,,,,,,,,,,,,,,,,,,,,,,,,,,,,,,,,,,,,,,,,,,,endpoint_ablation.csv,,,,,,,
0,SDSRC14_MAIN9,SD-SRC14,MAIN9,"main reference nine (linear energy row, Table 5-1 verdicts in every state)",SDSRC14_MAIN9:M2[N=1024]@alpha=0.1,M2_joint_chance_saa,method,0.1,not_met,,,,300.0,,proven_infeasible,"SAA over the N training scenarios proven infeasible for every alpha_train of the declared grid (training scenarios only; not a population, field or whole-space statement)",False,,,,,,,,,,,,,,,,,,,,,,,,,,,,,,,,,,,,,,,,,,,,,,,,,,,,,,,,,,,,endpoint_ablation.csv,,,,,,,
0,SDSRC14_MAIN9,SD-SRC14,MAIN9,"main reference nine (linear energy row, Table 5-1 verdicts in every state)",SDSRC14_MAIN9:M3a[factory box]@alpha=0.1,M3a_box_robust,method,0.1,not_met,,,,300.0,,proven_infeasible,no value of the declared grid met the validation screen (candidate statuses: proven_infeasible); a grid without a solution is not a statement about the whole decision space,False,,,,,,,,,,,,,,,,,,,,,,,,,,,,,,,,,,,,,,,,,,,,,,,,,,,,,,,,,,,,endpoint_ablation.csv,,,,,,,
0,SDSRC14_MAIN9,SD-SRC14,MAIN9,"main reference nine (linear energy row, Table 5-1 verdicts in every state)",SDSRC14_MAIN9:M3b[factory box]@alpha=0.1,M3b_budget_robust,method,0.1,not_met,,,,300.0,,optimal;proven_infeasible,"no value of the declared grid met the validation screen (candidate statuses: optimal, proven_infeasible); a grid without a solution is not a statement about the whole decision space",False,,,,,,,,,,,,,,,,,,,,,,,,,,,,,,,,,,,,,,,,,,,,,,,,,,,,,,,,,,,,endpoint_ablation.csv,,,,,,,
0,SDSRC14_MAIN9,SD-SRC14,MAIN9,"main reference nine (linear energy row, Table 5-1 verdicts in every state)","SDSRC14_MAIN9:M1[relative,apply_to_dm=True]@alpha=0.01",M1_safety_margin,method,0.01,not_met,,,,300.0,,optimal;proven_infeasible,"no value of the declared grid met the validation screen (candidate statuses: optimal, proven_infeasible); a grid without a solution is not a statement about the whole decision space",False,,,,,,,,,,,,,,,,,,,,,,,,,,,,,,,,,,,,,,,,,,,,,,,,,,,,,,,,,,,,endpoint_ablation.csv,,,,,,,
0,SDSRC14_MAIN9,SD-SRC14,MAIN9,"main reference nine (linear energy row, Table 5-1 verdicts in every state)","SDSRC14_MAIN9:M1[relative,apply_to_dm=False]@alpha=0.01",M1_safety_margin,method,0.01,not_met,,,,300.0,,optimal;proven_infeasible,"no value of the declared grid met the validation screen (candidate statuses: optimal, proven_infeasible); a grid without a solution is not a statement about the whole decision space",False,,,,,,,,,,,,,,,,,,,,,,,,,,,,,,,,,,,,,,,,,,,,,,,,,,,,,,,,,,,,endpoint_ablation.csv,,,,,,,
0,SDSRC14_MAIN9,SD-SRC14,MAIN9,"main reference nine (linear energy row, Table 5-1 verdicts in every state)",SDSRC14_MAIN9:M2[N=128]@alpha=0.01,M2_joint_chance_saa,method,0.01,not_met,,,,300.0,,proven_infeasible,"SAA over the N training scenarios proven infeasible for every alpha_train of the declared grid (training scenarios only; not a population, field or whole-space statement)",False,,,,,,,,,,,,,,,,,,,,,,,,,,,,,,,,,,,,,,,,,,,,,,,,,,,,,,,,,,,,endpoint_ablation.csv,,,,,,,
0,SDSRC14_MAIN9,SD-SRC14,MAIN9,"main reference nine (linear energy row, Table 5-1 verdicts in every state)",SDSRC14_MAIN9:M2[N=512]@alpha=0.01,M2_joint_chance_saa,method,0.01,not_met,,,,300.0,,proven_infeasible,"SAA over the N training scenarios proven infeasible for every alpha_train of the declared grid (training scenarios only; not a population, field or whole-space statement)",False,,,,,,,,,,,,,,,,,,,,,,,,,,,,,,,,,,,,,,,,,,,,,,,,,,,,,,,,,,,,endpoint_ablation.csv,,,,,,,
0,SDSRC14_MAIN9,SD-SRC14,MAIN9,"main reference nine (linear energy row, Table 5-1 verdicts in every state)",SDSRC14_MAIN9:M2[N=1024]@alpha=0.01,M2_joint_chance_saa,method,0.01,not_met,,,,300.0,,proven_infeasible,"SAA over the N training scenarios proven infeasible for every alpha_train of the declared grid (training scenarios only; not a population, field or whole-space statement)",False,,,,,,,,,,,,,,,,,,,,,,,,,,,,,,,,,,,,,,,,,,,,,,,,,,,,,,,,,,,,endpoint_ablation.csv,,,,,,,
0,SDSRC14_MAIN9,SD-SRC14,MAIN9,"main reference nine (linear energy row, Table 5-1 verdicts in every state)",SDSRC14_MAIN9:M3a[factory box]@alpha=0.01,M3a_box_robust,method,0.01,not_met,,,,300.0,,proven_infeasible,no value of the declared grid met the validation screen (candidate statuses: proven_infeasible); a grid without a solution is not a statement about the whole decision space,False,,,,,,,,,,,,,,,,,,,,,,,,,,,,,,,,,,,,,,,,,,,,,,,,,,,,,,,,,,,,endpoint_ablation.csv,,,,,,,
0,SDSRC14_MAIN9,SD-SRC14,MAIN9,"main reference nine (linear energy row, Table 5-1 verdicts in every state)",SDSRC14_MAIN9:M3b[factory box]@alpha=0.01,M3b_budget_robust,method,0.01,not_met,,,,300.0,,optimal;proven_infeasible,"no value of the declared grid met the validation screen (candidate statuses: optimal, proven_infeasible); a grid without a solution is not a statement about the whole decision space",False,,,,,,,,,,,,,,,,,,,,,,,,,,,,,,,,,,,,,,,,,,,,,,,,,,,,,,,,,,,,endpoint_ablation.csv,,,,,,,
0,SDSRC14_MAIN9,SD-SRC14,MAIN9,"main reference nine (linear energy row, Table 5-1 verdicts in every state)","SDSRC14_MAIN9:DIAG-frontier:M2[N=128,alpha_train=m*/N=88/128]",M2_joint_chance_saa,diagnostic_frontier,,,,optimal,9.723783258320028e-05,300.0,90.70039826212452,,,True,SD-H0,False,10000.0,,,5884.0,2743.0,0.5884,0.8627,0.8683324180896275,0.0034416378368445,0.4484,2743.0,0.8792,0.8845283814828351,0.7751,0.7751,0.7819577196982908,0.8833,0.8885480188215222,0.8156,0.8219604221324072,0.8022,0.8951,0.6149,0.6229286948700739,0.7174,0.5808,0.5889480203316317,0.7935,0.5223,0.5128,0.5131,161.0,255.0,3.0,T51-DGC-0.50,0.0,in_domain_conditional,T51-DGC-0.50=0.8627;T51-DGC-0.33=0.7751;T51-DGC-0.67=0.9986;T51-CORNKERNEL-0.50=0.7751,962.0,3.0,True,,,,,7751.0,0.0,0.7751,0.7751,0.7819577196982908,0.0041751645476555,8022.0,0.0,0.8022,0.8022,0.8087365014113871,0.0039834050760624,endpoint_ablation.csv,,,,,,,
0,SDSRC14_MAIN9,SD-SRC14,MAIN9,"main reference nine (linear energy row, Table 5-1 verdicts in every state)","SDSRC14_MAIN9:DIAG-frontier:M2[N=128,alpha_train=m*/N=88/128]",M2_joint_chance_saa,diagnostic_frontier,,,,optimal,9.723783258320028e-05,300.0,90.70039826212452,,,True,SD-S2,False,10000.0,,,5666.0,2350.0,0.5666,0.8016,0.8081441053500762,0.0039879498492333,0.3692,2350.0,0.8315,0.8376349567737427,0.6381,0.6381,0.6460238918510315,0.8137,0.8200861352189691,0.6905,0.6981122613430344,0.6554,0.8412,0.1973,0.2039607565158449,0.4392,0.5734,0.5815686072259727,0.6763,0.5849,0.5531,0.5531,99.0,417.0,0.0,T51-DGC-0.50,0.0,in_domain_conditional,T51-DGC-0.50=0.8016;T51-DGC-0.33=0.6381;T51-DGC-0.67=1;T51-CORNKERNEL-0.50=0.6381,0.0,0.0,True,,,,,6381.0,0.0,0.6381,0.6381,0.6460238918510315,0.004805500910415,6554.0,0.0,0.6554,0.6554,0.6632327987499994,0.0047523766685733,endpoint_ablation.csv,,,,,,,
0,SDSRC14_MAIN9,SD-SRC14,MAIN9,"main reference nine (linear energy row, Table 5-1 verdicts in every state)","SDSRC14_MAIN9:DIAG-frontier:M2[N=128,alpha_train=m*/N=88/128]",M2_joint_chance_saa,diagnostic_frontier,,,,optimal,9.723783258320028e-05,300.0,90.70039826212452,,,True,SD-SRC14,True,10000.0,0.7344,0.7416634331128732,6510.0,1933.0,0.651,0.8443,0.8502391264184415,0.0036257069655447,0.3936,1932.0,0.8645,0.8701006660703358,0.6991,0.6992,0.7067498391149052,0.8814,0.8866855141183396,0.7941,0.8007372103560471,0.7671,0.8974,0.3469,0.3548115182282043,0.6071,0.6424,0.6503022998053598,0.7344,0.574,0.5391,0.5394,136.0,484.0,3.0,T51-DGC-0.50,0.0,in_domain_conditional,T51-DGC-0.50=0.8443;T51-DGC-0.33=0.6992;T51-DGC-0.67=1;T51-CORNKERNEL-0.50=0.6992,304.0,3.0,True,,,,,6991.0,1.0,0.6991,0.6992,0.7067498391149052,0.0045860588744585,7670.0,1.0,0.767,0.7671,0.7740443500070286,0.0042267906264682,endpoint_ablation.csv,,,,,,,
0,SDSRC14_MAIN9,SD-SRC14,MAIN9,"main reference nine (linear energy row, Table 5-1 verdicts in every state)","SDSRC14_MAIN9:DIAG-frontier:M2[N=128,alpha_train=m*/N=88/128]",M2_joint_chance_saa,diagnostic_frontier,,,,optimal,9.723783258320028e-05,300.0,90.70039826212452,,,True,SD-12MO,False,10000.0,,,5337.0,2798.0,0.5337,0.8135,0.8198888271768034,0.0038950962760886,0.4266,2798.0,0.841,0.8469909122443344,0.685,0.685,0.6926500936063684,0.8228,0.8290606469443728,0.7252,0.7325437198936005,0.697,0.8478,0.3741,0.3821356723372013,0.5301,0.5409,0.549137132729724,0.7158,0.5452,0.526,0.526,128.0,320.0,0.0,T51-DGC-0.50,0.0,in_domain_conditional,T51-DGC-0.50=0.8135;T51-DGC-0.33=0.685;T51-DGC-0.67=1;T51-CORNKERNEL-0.50=0.685,6.0,0.0,True,,,,,6850.0,0.0,0.685,0.685,0.6926500936063684,0.0046451587701606,6970.0,0.0,0.697,0.697,0.7045659257694148,0.0045955521975057,endpoint_ablation.csv,,,,,,,
0,SDSRC14_MAIN9,SD-SRC14,MAIN9,"main reference nine (linear energy row, Table 5-1 verdicts in every state)","SDSRC14_MAIN9:DIAG-frontier:M2[N=128,alpha_train=m*/N=88/128]",M2_joint_chance_saa,diagnostic_frontier,,,,optimal,9.723783258320028e-05,300.0,90.70039826212452,,,True,SD-SRC12,False,10000.0,,,5927.0,2013.0,0.5927,0.794,0.8006384277993621,0.0040443046373882,0.4541,2013.0,0.8323,0.8384231064825824,0.7329,0.7329,0.7401767955333818,0.8392,0.8452187715287733,0.8148,0.8211712795425228,0.7876,0.8648,0.5152,0.5234664223094769,0.602,0.6159,0.6239245785252419,0.7737,0.5409,0.5211,0.5214,333.0,530.0,3.0,T51-DGC-0.50,0.0,in_domain_conditional,T51-DGC-0.50=0.794;T51-DGC-0.33=0.7329;T51-DGC-0.67=0.9975;T51-CORNKERNEL-0.50=0.7329,672.0,3.0,True,,,,,7329.0,0.0,0.7329,0.7329,0.7401767955333818,0.0044244501353275,7876.0,0.0,0.7876,0.7876,0.7943150655452375,0.004090064058178,endpoint_ablation.csv,,,,,,,
0,SDSRC14_MAIN9,SD-SRC14,MAIN9,"main reference nine (linear energy row, Table 5-1 verdicts in every state)","SDSRC14_MAIN9:DIAG-frontier:M2[N=512,alpha_train=m*/N=333/512]",M2_joint_chance_saa,diagnostic_frontier,,,,no_feasible_solution_found,,300.0,300.43619603617117,,solver status no_feasible_solution_found; not a statement about the whole decision space,False,,,,,,,,,,,,,,,,,,,,,,,,,,,,,,,,,,,,,,,,,,,,,,,,,,,,,,,,,,,,endpoint_ablation.csv,,,,,,,
0,SDSRC14_MAIN9,SD-SRC14,MAIN9,"main reference nine (linear energy row, Table 5-1 verdicts in every state)","SDSRC14_MAIN9:DIAG-frontier:M2[N=1024,alpha_train=m*/N=667/1024]",M2_joint_chance_saa,diagnostic_frontier,,,,no_feasible_solution_found,,300.0,301.46615474903956,,solver status no_feasible_solution_found; not a statement about the whole decision space,False,,,,,,,,,,,,,,,,,,,,,,,,,,,,,,,,,,,,,,,,,,,,,,,,,,,,,,,,,,,,endpoint_ablation.csv,,,,,,,
0,SD12MO_MAIN9,SD-12MO,MAIN9,"main reference nine (linear energy row, Table 5-1 verdicts in every state)",SD12MO_MAIN9:M0,M0_nominal,method,,,,optimal,,300.0,0.019525468815118,,,True,SD-H0,False,10000.0,,,9246.0,345.0,0.9246,0.9591,0.9623083772056708,0.0019805855194865,0.1514,345.0,0.962,0.965094857477328,0.9567,0.9567,0.9599989318649929,0.9597,0.9628852715220688,0.9601,0.9632697597804748,0.9573,0.9625,0.8244,0.8306379609480876,0.8306,0.848,0.8538799448760875,0.9596,0.5017,0.4986,0.4989,204.0,234.0,3.0,T51-DGC-0.50,0.0,in_domain_conditional,T51-DGC-0.50=0.9591;T51-DGC-0.33=0.9567;T51-DGC-0.67=0.9989;T51-CORNKERNEL-0.50=0.9567,962.0,3.0,True,,,alpha=0.01:False;alpha=0.05:False;alpha=0.1:False,alpha=0.01:False;alpha=0.05:False;alpha=0.1:False,9567.0,0.0,0.9567,0.9567,0.9599989318649929,0.0020353159459897,9573.0,0.0,0.9573,0.9573,0.9605765657902284,0.0020217989514291,endpoint_ablation.csv,,,,,,,
0,SD12MO_MAIN9,SD-12MO,MAIN9,"main reference nine (linear energy row, Table 5-1 verdicts in every state)",SD12MO_MAIN9:M0,M0_nominal,method,,,,optimal,,300.0,0.019525468815118,,,True,SD-S2,False,10000.0,,,9680.0,0.0,0.968,0.968,0.9708435548728273,0.00176,0.0,0.0,0.9703,0.9730403670388812,0.968,0.968,0.9708435548728273,0.968,0.9708435548728273,0.9703,0.9730403670388812,0.968,0.9703,0.8285,0.8346789507100857,0.8285,0.8574,0.8631240318610862,0.9703,0.4962,0.4969,0.4969,237.0,230.0,0.0,T51-DGC-0.50,0.0,in_domain_conditional,T51-DGC-0.50=0.968;T51-DGC-0.33=0.968;T51-DGC-0.67=1;T51-CORNKERNEL-0.50=0.968,0.0,0.0,True,,,alpha=0.01:False;alpha=0.05:False;alpha=0.1:False,alpha=0.01:False;alpha=0.05:False;alpha=0.1:False,9680.0,0.0,0.968,0.968,0.9708435548728273,0.00176,9680.0,0.0,0.968,0.968,0.9708435548728273,0.00176,endpoint_ablation.csv,,,,,,,
0,SD12MO_MAIN9,SD-12MO,MAIN9,"main reference nine (linear energy row, Table 5-1 verdicts in every state)",SD12MO_MAIN9:M0,M0_nominal,method,,,,optimal,,300.0,0.019525468815118,,,True,SD-SRC14,False,10000.0,,,9729.0,1.0,0.9729,0.973,0.97561350411632,0.0016208331191088,0.0004,1.0,0.9757,0.9781795716393364,0.9729,0.9729,0.9755183224571036,0.9739,0.976469697574431,0.9763,0.97874873620178,0.9738,0.9764,0.8223,0.8285676974439393,0.8225,0.868,0.8735379694718607,0.9756,0.4956,0.4947,0.495,286.0,294.0,3.0,T51-DGC-0.50,0.0,in_domain_conditional,T51-DGC-0.50=0.973;T51-DGC-0.33=0.9729;T51-DGC-0.67=1;T51-CORNKERNEL-0.50=0.9729,304.0,3.0,True,,,alpha=0.01:False;alpha=0.05:False;alpha=0.1:False,alpha=0.01:False;alpha=0.05:False;alpha=0.1:False,9729.0,0.0,0.9729,0.9729,0.9755183224571036,0.0016237484411077,9738.0,0.0,0.9738,0.9738,0.9763746048613,0.0015972964659073,endpoint_ablation.csv,,,,,,,
0,SD12MO_MAIN9,SD-12MO,MAIN9,"main reference nine (linear energy row, Table 5-1 verdicts in every state)",SD12MO_MAIN9:M0,M0_nominal,method,,,,optimal,,300.0,0.019525468815118,,,True,SD-12MO,True,10000.0,0.9555,0.9588431403327614,9457.0,74.0,0.9457,0.9531,0.956529554682254,0.0021142466743499,0.019,74.0,0.9557,0.9590358199017266,0.9529,0.9529,0.9563366400731736,0.9531,0.956529554682254,0.9555,0.9588431403327614,0.9529,0.9557,0.8116,0.8180142624383405,0.8118,0.8458,0.8517152782357366,0.9555,0.4989,0.4982,0.4982,211.0,218.0,0.0,T51-DGC-0.50,0.0,in_domain_conditional,T51-DGC-0.50=0.9531;T51-DGC-0.33=0.9529;T51-DGC-0.67=1;T51-CORNKERNEL-0.50=0.9529,6.0,0.0,True,,,alpha=0.01:False;alpha=0.05:False;alpha=0.1:False,alpha=0.01:False;alpha=0.05:False;alpha=0.1:False,9529.0,0.0,0.9529,0.9529,0.9563366400731736,0.0021185275546945,9529.0,0.0,0.9529,0.9529,0.9563366400731736,0.0021185275546945,endpoint_ablation.csv,,,,,,,
0,SD12MO_MAIN9,SD-12MO,MAIN9,"main reference nine (linear energy row, Table 5-1 verdicts in every state)",SD12MO_MAIN9:M0,M0_nominal,method,,,,optimal,,300.0,0.019525468815118,,,True,SD-SRC12,False,10000.0,,,9446.0,136.0,0.9446,0.9582,0.961442679433327,0.0020013185653463,0.1125,136.0,0.9633,0.9663423924400444,0.9576,0.9576,0.9608653157593594,0.9592,0.9624045396092328,0.9635,0.9665342293386864,0.9586,0.9641,0.798,0.8045892415779776,0.7992,0.8616,0.8672516608459001,0.9627,0.498,0.4979,0.4982,419.0,419.0,3.0,T51-DGC-0.50,0.0,in_domain_conditional,T51-DGC-0.50=0.9582;T51-DGC-0.33=0.9576;T51-DGC-0.67=0.9982;T51-CORNKERNEL-0.50=0.9576,672.0,3.0,True,,,alpha=0.01:False;alpha=0.05:False;alpha=0.1:False,alpha=0.01:False;alpha=0.05:False;alpha=0.1:False,9576.0,0.0,0.9576,0.9576,0.9608653157593594,0.002014999751861,9586.0,0.0,0.9586,0.9586,0.9618274861094972,0.0019921355375576,endpoint_ablation.csv,,,,,,,
0,SD12MO_MAIN9,SD-12MO,MAIN9,"main reference nine (linear energy row, Table 5-1 verdicts in every state)","SD12MO_MAIN9:M1[relative,apply_to_dm=True]@alpha=0.05",M1_safety_margin,method,0.05,not_met,,,,300.0,,optimal;proven_infeasible,"no value of the declared grid met the validation screen (candidate statuses: optimal, proven_infeasible); a grid without a solution is not a statement about the whole decision space",False,,,,,,,,,,,,,,,,,,,,,,,,,,,,,,,,,,,,,,,,,,,,,,,,,,,,,,,,,,,,endpoint_ablation.csv,,,,,,,
0,SD12MO_MAIN9,SD-12MO,MAIN9,"main reference nine (linear energy row, Table 5-1 verdicts in every state)","SD12MO_MAIN9:M1[relative,apply_to_dm=False]@alpha=0.05",M1_safety_margin,method,0.05,not_met,,,,300.0,,optimal;proven_infeasible,"no value of the declared grid met the validation screen (candidate statuses: optimal, proven_infeasible); a grid without a solution is not a statement about the whole decision space",False,,,,,,,,,,,,,,,,,,,,,,,,,,,,,,,,,,,,,,,,,,,,,,,,,,,,,,,,,,,,endpoint_ablation.csv,,,,,,,
0,SD12MO_MAIN9,SD-12MO,MAIN9,"main reference nine (linear energy row, Table 5-1 verdicts in every state)",SD12MO_MAIN9:M2[N=128]@alpha=0.05,M2_joint_chance_saa,method,0.05,not_met,,,,300.0,,proven_infeasible,"SAA over the N training scenarios proven infeasible for every alpha_train of the declared grid (training scenarios only; not a population, field or whole-space statement)",False,,,,,,,,,,,,,,,,,,,,,,,,,,,,,,,,,,,,,,,,,,,,,,,,,,,,,,,,,,,,endpoint_ablation.csv,,,,,,,
0,SD12MO_MAIN9,SD-12MO,MAIN9,"main reference nine (linear energy row, Table 5-1 verdicts in every state)",SD12MO_MAIN9:M2[N=512]@alpha=0.05,M2_joint_chance_saa,method,0.05,not_met,,,,300.0,,proven_infeasible,"SAA over the N training scenarios proven infeasible for every alpha_train of the declared grid (training scenarios only; not a population, field or whole-space statement)",False,,,,,,,,,,,,,,,,,,,,,,,,,,,,,,,,,,,,,,,,,,,,,,,,,,,,,,,,,,,,endpoint_ablation.csv,,,,,,,
0,SD12MO_MAIN9,SD-12MO,MAIN9,"main reference nine (linear energy row, Table 5-1 verdicts in every state)",SD12MO_MAIN9:M2[N=1024]@alpha=0.05,M2_joint_chance_saa,method,0.05,not_met,,,,300.0,,proven_infeasible,"SAA over the N training scenarios proven infeasible for every alpha_train of the declared grid (training scenarios only; not a population, field or whole-space statement)",False,,,,,,,,,,,,,,,,,,,,,,,,,,,,,,,,,,,,,,,,,,,,,,,,,,,,,,,,,,,,endpoint_ablation.csv,,,,,,,
0,SD12MO_MAIN9,SD-12MO,MAIN9,"main reference nine (linear energy row, Table 5-1 verdicts in every state)",SD12MO_MAIN9:M3a[factory box]@alpha=0.05,M3a_box_robust,method,0.05,not_met,,,,300.0,,proven_infeasible,no value of the declared grid met the validation screen (candidate statuses: proven_infeasible); a grid without a solution is not a statement about the whole decision space,False,,,,,,,,,,,,,,,,,,,,,,,,,,,,,,,,,,,,,,,,,,,,,,,,,,,,,,,,,,,,endpoint_ablation.csv,,,,,,,
0,SD12MO_MAIN9,SD-12MO,MAIN9,"main reference nine (linear energy row, Table 5-1 verdicts in every state)",SD12MO_MAIN9:M3b[factory box]@alpha=0.05,M3b_budget_robust,method,0.05,not_met,,,,300.0,,optimal;proven_infeasible,"no value of the declared grid met the validation screen (candidate statuses: optimal, proven_infeasible); a grid without a solution is not a statement about the whole decision space",False,,,,,,,,,,,,,,,,,,,,,,,,,,,,,,,,,,,,,,,,,,,,,,,,,,,,,,,,,,,,endpoint_ablation.csv,,,,,,,
0,SD12MO_MAIN9,SD-12MO,MAIN9,"main reference nine (linear energy row, Table 5-1 verdicts in every state)","SD12MO_MAIN9:M1[relative,apply_to_dm=True]@alpha=0.1",M1_safety_margin,method,0.1,not_met,,,,300.0,,optimal;proven_infeasible,"no value of the declared grid met the validation screen (candidate statuses: optimal, proven_infeasible); a grid without a solution is not a statement about the whole decision space",False,,,,,,,,,,,,,,,,,,,,,,,,,,,,,,,,,,,,,,,,,,,,,,,,,,,,,,,,,,,,endpoint_ablation.csv,,,,,,,
0,SD12MO_MAIN9,SD-12MO,MAIN9,"main reference nine (linear energy row, Table 5-1 verdicts in every state)","SD12MO_MAIN9:M1[relative,apply_to_dm=False]@alpha=0.1",M1_safety_margin,method,0.1,not_met,,,,300.0,,optimal;proven_infeasible,"no value of the declared grid met the validation screen (candidate statuses: optimal, proven_infeasible); a grid without a solution is not a statement about the whole decision space",False,,,,,,,,,,,,,,,,,,,,,,,,,,,,,,,,,,,,,,,,,,,,,,,,,,,,,,,,,,,,endpoint_ablation.csv,,,,,,,
0,SD12MO_MAIN9,SD-12MO,MAIN9,"main reference nine (linear energy row, Table 5-1 verdicts in every state)",SD12MO_MAIN9:M2[N=128]@alpha=0.1,M2_joint_chance_saa,method,0.1,not_met,,,,300.0,,proven_infeasible,"SAA over the N training scenarios proven infeasible for every alpha_train of the declared grid (training scenarios only; not a population, field or whole-space statement)",False,,,,,,,,,,,,,,,,,,,,,,,,,,,,,,,,,,,,,,,,,,,,,,,,,,,,,,,,,,,,endpoint_ablation.csv,,,,,,,
0,SD12MO_MAIN9,SD-12MO,MAIN9,"main reference nine (linear energy row, Table 5-1 verdicts in every state)",SD12MO_MAIN9:M2[N=512]@alpha=0.1,M2_joint_chance_saa,method,0.1,not_met,,,,300.0,,proven_infeasible,"SAA over the N training scenarios proven infeasible for every alpha_train of the declared grid (training scenarios only; not a population, field or whole-space statement)",False,,,,,,,,,,,,,,,,,,,,,,,,,,,,,,,,,,,,,,,,,,,,,,,,,,,,,,,,,,,,endpoint_ablation.csv,,,,,,,
0,SD12MO_MAIN9,SD-12MO,MAIN9,"main reference nine (linear energy row, Table 5-1 verdicts in every state)",SD12MO_MAIN9:M2[N=1024]@alpha=0.1,M2_joint_chance_saa,method,0.1,not_met,,,,300.0,,proven_infeasible,"SAA over the N training scenarios proven infeasible for every alpha_train of the declared grid (training scenarios only; not a population, field or whole-space statement)",False,,,,,,,,,,,,,,,,,,,,,,,,,,,,,,,,,,,,,,,,,,,,,,,,,,,,,,,,,,,,endpoint_ablation.csv,,,,,,,
0,SD12MO_MAIN9,SD-12MO,MAIN9,"main reference nine (linear energy row, Table 5-1 verdicts in every state)",SD12MO_MAIN9:M3a[factory box]@alpha=0.1,M3a_box_robust,method,0.1,not_met,,,,300.0,,proven_infeasible,no value of the declared grid met the validation screen (candidate statuses: proven_infeasible); a grid without a solution is not a statement about the whole decision space,False,,,,,,,,,,,,,,,,,,,,,,,,,,,,,,,,,,,,,,,,,,,,,,,,,,,,,,,,,,,,endpoint_ablation.csv,,,,,,,
0,SD12MO_MAIN9,SD-12MO,MAIN9,"main reference nine (linear energy row, Table 5-1 verdicts in every state)",SD12MO_MAIN9:M3b[factory box]@alpha=0.1,M3b_budget_robust,method,0.1,not_met,,,,300.0,,optimal;proven_infeasible,"no value of the declared grid met the validation screen (candidate statuses: optimal, proven_infeasible); a grid without a solution is not a statement about the whole decision space",False,,,,,,,,,,,,,,,,,,,,,,,,,,,,,,,,,,,,,,,,,,,,,,,,,,,,,,,,,,,,endpoint_ablation.csv,,,,,,,
0,SD12MO_MAIN9,SD-12MO,MAIN9,"main reference nine (linear energy row, Table 5-1 verdicts in every state)","SD12MO_MAIN9:M1[relative,apply_to_dm=True]@alpha=0.01",M1_safety_margin,method,0.01,not_met,,,,300.0,,optimal;proven_infeasible,"no value of the declared grid met the validation screen (candidate statuses: optimal, proven_infeasible); a grid without a solution is not a statement about the whole decision space",False,,,,,,,,,,,,,,,,,,,,,,,,,,,,,,,,,,,,,,,,,,,,,,,,,,,,,,,,,,,,endpoint_ablation.csv,,,,,,,
0,SD12MO_MAIN9,SD-12MO,MAIN9,"main reference nine (linear energy row, Table 5-1 verdicts in every state)","SD12MO_MAIN9:M1[relative,apply_to_dm=False]@alpha=0.01",M1_safety_margin,method,0.01,not_met,,,,300.0,,optimal;proven_infeasible,"no value of the declared grid met the validation screen (candidate statuses: optimal, proven_infeasible); a grid without a solution is not a statement about the whole decision space",False,,,,,,,,,,,,,,,,,,,,,,,,,,,,,,,,,,,,,,,,,,,,,,,,,,,,,,,,,,,,endpoint_ablation.csv,,,,,,,
0,SD12MO_MAIN9,SD-12MO,MAIN9,"main reference nine (linear energy row, Table 5-1 verdicts in every state)",SD12MO_MAIN9:M2[N=128]@alpha=0.01,M2_joint_chance_saa,method,0.01,not_met,,,,300.0,,proven_infeasible,"SAA over the N training scenarios proven infeasible for every alpha_train of the declared grid (training scenarios only; not a population, field or whole-space statement)",False,,,,,,,,,,,,,,,,,,,,,,,,,,,,,,,,,,,,,,,,,,,,,,,,,,,,,,,,,,,,endpoint_ablation.csv,,,,,,,
0,SD12MO_MAIN9,SD-12MO,MAIN9,"main reference nine (linear energy row, Table 5-1 verdicts in every state)",SD12MO_MAIN9:M2[N=512]@alpha=0.01,M2_joint_chance_saa,method,0.01,not_met,,,,300.0,,proven_infeasible,"SAA over the N training scenarios proven infeasible for every alpha_train of the declared grid (training scenarios only; not a population, field or whole-space statement)",False,,,,,,,,,,,,,,,,,,,,,,,,,,,,,,,,,,,,,,,,,,,,,,,,,,,,,,,,,,,,endpoint_ablation.csv,,,,,,,
0,SD12MO_MAIN9,SD-12MO,MAIN9,"main reference nine (linear energy row, Table 5-1 verdicts in every state)",SD12MO_MAIN9:M2[N=1024]@alpha=0.01,M2_joint_chance_saa,method,0.01,not_met,,,,300.0,,proven_infeasible,"SAA over the N training scenarios proven infeasible for every alpha_train of the declared grid (training scenarios only; not a population, field or whole-space statement)",False,,,,,,,,,,,,,,,,,,,,,,,,,,,,,,,,,,,,,,,,,,,,,,,,,,,,,,,,,,,,endpoint_ablation.csv,,,,,,,
0,SD12MO_MAIN9,SD-12MO,MAIN9,"main reference nine (linear energy row, Table 5-1 verdicts in every state)",SD12MO_MAIN9:M3a[factory box]@alpha=0.01,M3a_box_robust,method,0.01,not_met,,,,300.0,,proven_infeasible,no value of the declared grid met the validation screen (candidate statuses: proven_infeasible); a grid without a solution is not a statement about the whole decision space,False,,,,,,,,,,,,,,,,,,,,,,,,,,,,,,,,,,,,,,,,,,,,,,,,,,,,,,,,,,,,endpoint_ablation.csv,,,,,,,
0,SD12MO_MAIN9,SD-12MO,MAIN9,"main reference nine (linear energy row, Table 5-1 verdicts in every state)",SD12MO_MAIN9:M3b[factory box]@alpha=0.01,M3b_budget_robust,method,0.01,not_met,,,,300.0,,optimal;proven_infeasible,"no value of the declared grid met the validation screen (candidate statuses: optimal, proven_infeasible); a grid without a solution is not a statement about the whole decision space",False,,,,,,,,,,,,,,,,,,,,,,,,,,,,,,,,,,,,,,,,,,,,,,,,,,,,,,,,,,,,endpoint_ablation.csv,,,,,,,
0,SD12MO_MAIN9,SD-12MO,MAIN9,"main reference nine (linear energy row, Table 5-1 verdicts in every state)","SD12MO_MAIN9:DIAG-frontier:M2[N=128,alpha_train=m*/N=83/128]",M2_joint_chance_saa,diagnostic_frontier,,,,optimal,8.495644044865168e-05,300.0,9.216801032889634,,,True,SD-H0,False,10000.0,,,6662.0,2312.0,0.6662,0.8974,0.902355057853225,0.0030343572630789,0.4819,2312.0,0.9142,0.9187670874729644,0.8125,0.8125,0.8189022452836385,0.9211,0.9254931227015016,0.8595,0.8651880624521762,0.8478,0.9315,0.5811,0.5892471462899838,0.714,0.7003,0.7078417184948866,0.8318,0.5079,0.4912,0.4915,144.0,310.0,3.0,T51-DGC-0.50,0.0,in_domain_conditional,T51-DGC-0.50=0.8974;T51-DGC-0.33=0.8125;T51-DGC-0.67=0.9989;T51-CORNKERNEL-0.50=0.8125,962.0,3.0,True,,,,,8125.0,0.0,0.8125,0.8125,0.8189022452836385,0.0039031237489989,8478.0,0.0,0.8478,0.8478,0.8536831746586507,0.0035921464335408,endpoint_ablation.csv,,,,,,,
0,SD12MO_MAIN9,SD-12MO,MAIN9,"main reference nine (linear energy row, Table 5-1 verdicts in every state)","SD12MO_MAIN9:DIAG-frontier:M2[N=128,alpha_train=m*/N=83/128]",M2_joint_chance_saa,diagnostic_frontier,,,,optimal,8.495644044865168e-05,300.0,9.216801032889634,,,True,SD-S2,False,10000.0,,,4966.0,3253.0,0.4966,0.8219,0.8281733245889304,0.0038259690275798,0.4953,3253.0,0.859,0.8646966654958947,0.551,0.551,0.5592196277619209,0.8673,0.8728506113317406,0.6894,0.697019927929033,0.6514,0.8925,0.1214,0.1269036716686769,0.5236,0.6037,0.611772371872159,0.6085,0.5262,0.4687,0.4687,52.0,627.0,0.0,T51-DGC-0.50,0.0,in_domain_conditional,T51-DGC-0.50=0.8219;T51-DGC-0.33=0.551;T51-DGC-0.67=1;T51-CORNKERNEL-0.50=0.551,0.0,0.0,True,,,,,5510.0,0.0,0.551,0.551,0.5592196277619209,0.004973921993759,6514.0,0.0,0.6514,0.6514,0.6592548654331284,0.0047652706114133,endpoint_ablation.csv,,,,,,,
0,SD12MO_MAIN9,SD-12MO,MAIN9,"main reference nine (linear energy row, Table 5-1 verdicts in every state)","SD12MO_MAIN9:DIAG-frontier:M2[N=128,alpha_train=m*/N=83/128]",M2_joint_chance_saa,diagnostic_frontier,,,,optimal,8.495644044865168e-05,300.0,9.216801032889634,,,True,SD-SRC14,False,10000.0,,,6743.0,2056.0,0.6743,0.8799,0.8852148049012334,0.0032507843668874,0.5012,2055.0,0.8959,0.900887528720912,0.7137,0.7138,0.721237790399101,0.9254,0.9296797224337974,0.8375,0.843544836205154,0.8188,0.9342,0.2469,0.2540967652788743,0.6257,0.7521,0.759197480629451,0.7474,0.5186,0.4716,0.4719,96.0,565.0,3.0,T51-DGC-0.50,0.0,in_domain_conditional,T51-DGC-0.50=0.8799;T51-DGC-0.33=0.7138;T51-DGC-0.67=1;T51-CORNKERNEL-0.50=0.7138,304.0,3.0,True,,,,,7137.0,1.0,0.7137,0.7138,0.721237790399101,0.0045198402626641,8187.0,1.0,0.8187,0.8188,0.8251165389644662,0.0038518380028241,endpoint_ablation.csv,,,,,,,
0,SD12MO_MAIN9,SD-12MO,MAIN9,"main reference nine (linear energy row, Table 5-1 verdicts in every state)","SD12MO_MAIN9:DIAG-frontier:M2[N=128,alpha_train=m*/N=83/128]",M2_joint_chance_saa,diagnostic_frontier,,,,optimal,8.495644044865168e-05,300.0,9.216801032889634,,,True,SD-12MO,True,10000.0,0.6863,0.693941264089428,5101.0,3207.0,0.5101,0.8308,0.8369452846017067,0.0037492847317855,0.4918,3207.0,0.8605,0.8661707827558953,0.6507,0.6507,0.6585586644577519,0.8637,0.8693148187807209,0.7291,0.7364101702212128,0.7052,0.8836,0.333,0.3408372710449269,0.5677,0.5765,0.5846602102302977,0.6863,0.5139,0.4844,0.4844,90.0,385.0,0.0,T51-DGC-0.50,0.0,in_domain_conditional,T51-DGC-0.50=0.8308;T51-DGC-0.33=0.6507;T51-DGC-0.67=1;T51-CORNKERNEL-0.50=0.6507,6.0,0.0,True,,,,,6507.0,0.0,0.6507,0.6507,0.6585586644577519,0.0047674889617072,7052.0,0.0,0.7052,0.7052,0.7127049138894015,0.0045595280457521,endpoint_ablation.csv,,,,,,,
0,SD12MO_MAIN9,SD-12MO,MAIN9,"main reference nine (linear energy row, Table 5-1 verdicts in every state)","SD12MO_MAIN9:DIAG-frontier:M2[N=128,alpha_train=m*/N=83/128]",M2_joint_chance_saa,diagnostic_frontier,,,,optimal,8.495644044865168e-05,300.0,9.216801032889634,,,True,SD-SRC12,False,10000.0,,,6558.0,1798.0,0.6558,0.8356,0.8416736873177887,0.0037063815238045,0.4911,1797.0,0.8684,0.8739307222455364,0.7688,0.7689,0.7758251665926272,0.8928,0.8978536123973846,0.8604,0.8660725151605521,0.8427,0.9094,0.466,0.4742617838499385,0.5947,0.7373,0.7445372940585677,0.8042,0.5117,0.4858,0.4861,291.0,549.0,3.0,T51-DGC-0.50,0.0,in_domain_conditional,T51-DGC-0.50=0.8356;T51-DGC-0.33=0.7689;T51-DGC-0.67=0.9982;T51-CORNKERNEL-0.50=0.7689,672.0,3.0,True,,,,,7688.0,1.0,0.7688,0.7689,0.7758251665926272,0.0042153622620126,8426.0,1.0,0.8426,0.8427,0.848664350555393,0.0036408338330662,endpoint_ablation.csv,,,,,,,
0,SD12MO_MAIN9,SD-12MO,MAIN9,"main reference nine (linear energy row, Table 5-1 verdicts in every state)","SD12MO_MAIN9:DIAG-frontier:M2[N=512,alpha_train=m*/N=323/512]",M2_joint_chance_saa,diagnostic_frontier,,,,no_feasible_solution_found,,300.0,300.5232260893099,,solver status no_feasible_solution_found; not a statement about the whole decision space,False,,,,,,,,,,,,,,,,,,,,,,,,,,,,,,,,,,,,,,,,,,,,,,,,,,,,,,,,,,,,endpoint_ablation.csv,,,,,,,
0,SD12MO_MAIN9,SD-12MO,MAIN9,"main reference nine (linear energy row, Table 5-1 verdicts in every state)","SD12MO_MAIN9:DIAG-frontier:M2[N=1024,alpha_train=m*/N=659/1024]",M2_joint_chance_saa,diagnostic_frontier,,,,no_feasible_solution_found,,300.0,301.5206407653168,,solver status no_feasible_solution_found; not a statement about the whole decision space,False,,,,,,,,,,,,,,,,,,,,,,,,,,,,,,,,,,,,,,,,,,,,,,,,,,,,,,,,,,,,endpoint_ablation.csv,,,,,,,
0,SDSRC12_MAIN9,SD-SRC12,MAIN9,"main reference nine (linear energy row, Table 5-1 verdicts in every state)",SDSRC12_MAIN9:M0,M0_nominal,method,,,,optimal,,300.0,0.0089420899748802,,,True,SD-H0,False,10000.0,,,9246.0,345.0,0.9246,0.9591,0.9623083772056708,0.0019805855194865,0.1514,345.0,0.962,0.965094857477328,0.9567,0.9567,0.9599989318649929,0.9597,0.9628852715220688,0.9601,0.9632697597804748,0.9573,0.9625,0.8244,0.8306379609480876,0.8306,0.848,0.8538799448760875,0.9596,0.5017,0.4986,0.4989,204.0,234.0,3.0,T51-DGC-0.50,0.0,in_domain_conditional,T51-DGC-0.50=0.9591;T51-DGC-0.33=0.9567;T51-DGC-0.67=0.9989;T51-CORNKERNEL-0.50=0.9567,962.0,3.0,True,,,alpha=0.01:False;alpha=0.05:False;alpha=0.1:False,alpha=0.01:False;alpha=0.05:False;alpha=0.1:False,9567.0,0.0,0.9567,0.9567,0.9599989318649929,0.0020353159459897,9573.0,0.0,0.9573,0.9573,0.9605765657902284,0.0020217989514291,endpoint_ablation.csv,,,,,,,
0,SDSRC12_MAIN9,SD-SRC12,MAIN9,"main reference nine (linear energy row, Table 5-1 verdicts in every state)",SDSRC12_MAIN9:M0,M0_nominal,method,,,,optimal,,300.0,0.0089420899748802,,,True,SD-S2,False,10000.0,,,9680.0,0.0,0.968,0.968,0.9708435548728273,0.00176,0.0,0.0,0.9703,0.9730403670388812,0.968,0.968,0.9708435548728273,0.968,0.9708435548728273,0.9703,0.9730403670388812,0.968,0.9703,0.8285,0.8346789507100857,0.8285,0.8574,0.8631240318610862,0.9703,0.4962,0.4969,0.4969,237.0,230.0,0.0,T51-DGC-0.50,0.0,in_domain_conditional,T51-DGC-0.50=0.968;T51-DGC-0.33=0.968;T51-DGC-0.67=1;T51-CORNKERNEL-0.50=0.968,0.0,0.0,True,,,alpha=0.01:False;alpha=0.05:False;alpha=0.1:False,alpha=0.01:False;alpha=0.05:False;alpha=0.1:False,9680.0,0.0,0.968,0.968,0.9708435548728273,0.00176,9680.0,0.0,0.968,0.968,0.9708435548728273,0.00176,endpoint_ablation.csv,,,,,,,
0,SDSRC12_MAIN9,SD-SRC12,MAIN9,"main reference nine (linear energy row, Table 5-1 verdicts in every state)",SDSRC12_MAIN9:M0,M0_nominal,method,,,,optimal,,300.0,0.0089420899748802,,,True,SD-SRC14,False,10000.0,,,9729.0,1.0,0.9729,0.973,0.97561350411632,0.0016208331191088,0.0004,1.0,0.9757,0.9781795716393364,0.9729,0.9729,0.9755183224571036,0.9739,0.976469697574431,0.9763,0.97874873620178,0.9738,0.9764,0.8223,0.8285676974439393,0.8225,0.868,0.8735379694718607,0.9756,0.4956,0.4947,0.495,286.0,294.0,3.0,T51-DGC-0.50,0.0,in_domain_conditional,T51-DGC-0.50=0.973;T51-DGC-0.33=0.9729;T51-DGC-0.67=1;T51-CORNKERNEL-0.50=0.9729,304.0,3.0,True,,,alpha=0.01:False;alpha=0.05:False;alpha=0.1:False,alpha=0.01:False;alpha=0.05:False;alpha=0.1:False,9729.0,0.0,0.9729,0.9729,0.9755183224571036,0.0016237484411077,9738.0,0.0,0.9738,0.9738,0.9763746048613,0.0015972964659073,endpoint_ablation.csv,,,,,,,
0,SDSRC12_MAIN9,SD-SRC12,MAIN9,"main reference nine (linear energy row, Table 5-1 verdicts in every state)",SDSRC12_MAIN9:M0,M0_nominal,method,,,,optimal,,300.0,0.0089420899748802,,,True,SD-12MO,False,10000.0,,,9457.0,74.0,0.9457,0.9531,0.956529554682254,0.0021142466743499,0.019,74.0,0.9557,0.9590358199017266,0.9529,0.9529,0.9563366400731736,0.9531,0.956529554682254,0.9555,0.9588431403327614,0.9529,0.9557,0.8116,0.8180142624383405,0.8118,0.8458,0.8517152782357366,0.9555,0.4989,0.4982,0.4982,211.0,218.0,0.0,T51-DGC-0.50,0.0,in_domain_conditional,T51-DGC-0.50=0.9531;T51-DGC-0.33=0.9529;T51-DGC-0.67=1;T51-CORNKERNEL-0.50=0.9529,6.0,0.0,True,,,alpha=0.01:False;alpha=0.05:False;alpha=0.1:False,alpha=0.01:False;alpha=0.05:False;alpha=0.1:False,9529.0,0.0,0.9529,0.9529,0.9563366400731736,0.0021185275546945,9529.0,0.0,0.9529,0.9529,0.9563366400731736,0.0021185275546945,endpoint_ablation.csv,,,,,,,
0,SDSRC12_MAIN9,SD-SRC12,MAIN9,"main reference nine (linear energy row, Table 5-1 verdicts in every state)",SDSRC12_MAIN9:M0,M0_nominal,method,,,,optimal,,300.0,0.0089420899748802,,,True,SD-SRC12,True,10000.0,0.9627,0.9657667339269032,9446.0,136.0,0.9446,0.9582,0.961442679433327,0.0020013185653463,0.1125,136.0,0.9633,0.9663423924400444,0.9576,0.9576,0.9608653157593594,0.9592,0.9624045396092328,0.9635,0.9665342293386864,0.9586,0.9641,0.798,0.8045892415779776,0.7992,0.8616,0.8672516608459001,0.9627,0.498,0.4979,0.4982,419.0,419.0,3.0,T51-DGC-0.50,0.0,in_domain_conditional,T51-DGC-0.50=0.9582;T51-DGC-0.33=0.9576;T51-DGC-0.67=0.9982;T51-CORNKERNEL-0.50=0.9576,672.0,3.0,True,,,alpha=0.01:False;alpha=0.05:False;alpha=0.1:False,alpha=0.01:False;alpha=0.05:False;alpha=0.1:False,9576.0,0.0,0.9576,0.9576,0.9608653157593594,0.002014999751861,9586.0,0.0,0.9586,0.9586,0.9618274861094972,0.0019921355375576,endpoint_ablation.csv,,,,,,,
0,SDSRC12_MAIN9,SD-SRC12,MAIN9,"main reference nine (linear energy row, Table 5-1 verdicts in every state)","SDSRC12_MAIN9:M1[relative,apply_to_dm=True]@alpha=0.05",M1_safety_margin,method,0.05,not_met,,,,300.0,,optimal;proven_infeasible,"no value of the declared grid met the validation screen (candidate statuses: optimal, proven_infeasible); a grid without a solution is not a statement about the whole decision space",False,,,,,,,,,,,,,,,,,,,,,,,,,,,,,,,,,,,,,,,,,,,,,,,,,,,,,,,,,,,,endpoint_ablation.csv,,,,,,,
0,SDSRC12_MAIN9,SD-SRC12,MAIN9,"main reference nine (linear energy row, Table 5-1 verdicts in every state)","SDSRC12_MAIN9:M1[relative,apply_to_dm=False]@alpha=0.05",M1_safety_margin,method,0.05,not_met,,,,300.0,,optimal;proven_infeasible,"no value of the declared grid met the validation screen (candidate statuses: optimal, proven_infeasible); a grid without a solution is not a statement about the whole decision space",False,,,,,,,,,,,,,,,,,,,,,,,,,,,,,,,,,,,,,,,,,,,,,,,,,,,,,,,,,,,,endpoint_ablation.csv,,,,,,,
0,SDSRC12_MAIN9,SD-SRC12,MAIN9,"main reference nine (linear energy row, Table 5-1 verdicts in every state)",SDSRC12_MAIN9:M2[N=128]@alpha=0.05,M2_joint_chance_saa,method,0.05,not_met,,,,300.0,,proven_infeasible,"SAA over the N training scenarios proven infeasible for every alpha_train of the declared grid (training scenarios only; not a population, field or whole-space statement)",False,,,,,,,,,,,,,,,,,,,,,,,,,,,,,,,,,,,,,,,,,,,,,,,,,,,,,,,,,,,,endpoint_ablation.csv,,,,,,,
0,SDSRC12_MAIN9,SD-SRC12,MAIN9,"main reference nine (linear energy row, Table 5-1 verdicts in every state)",SDSRC12_MAIN9:M2[N=512]@alpha=0.05,M2_joint_chance_saa,method,0.05,not_met,,,,300.0,,proven_infeasible,"SAA over the N training scenarios proven infeasible for every alpha_train of the declared grid (training scenarios only; not a population, field or whole-space statement)",False,,,,,,,,,,,,,,,,,,,,,,,,,,,,,,,,,,,,,,,,,,,,,,,,,,,,,,,,,,,,endpoint_ablation.csv,,,,,,,
0,SDSRC12_MAIN9,SD-SRC12,MAIN9,"main reference nine (linear energy row, Table 5-1 verdicts in every state)",SDSRC12_MAIN9:M2[N=1024]@alpha=0.05,M2_joint_chance_saa,method,0.05,not_met,,,,300.0,,proven_infeasible,"SAA over the N training scenarios proven infeasible for every alpha_train of the declared grid (training scenarios only; not a population, field or whole-space statement)",False,,,,,,,,,,,,,,,,,,,,,,,,,,,,,,,,,,,,,,,,,,,,,,,,,,,,,,,,,,,,endpoint_ablation.csv,,,,,,,
0,SDSRC12_MAIN9,SD-SRC12,MAIN9,"main reference nine (linear energy row, Table 5-1 verdicts in every state)",SDSRC12_MAIN9:M3a[factory box]@alpha=0.05,M3a_box_robust,method,0.05,not_met,,,,300.0,,proven_infeasible,no value of the declared grid met the validation screen (candidate statuses: proven_infeasible); a grid without a solution is not a statement about the whole decision space,False,,,,,,,,,,,,,,,,,,,,,,,,,,,,,,,,,,,,,,,,,,,,,,,,,,,,,,,,,,,,endpoint_ablation.csv,,,,,,,
0,SDSRC12_MAIN9,SD-SRC12,MAIN9,"main reference nine (linear energy row, Table 5-1 verdicts in every state)",SDSRC12_MAIN9:M3b[factory box]@alpha=0.05,M3b_budget_robust,method,0.05,not_met,,,,300.0,,optimal;proven_infeasible,"no value of the declared grid met the validation screen (candidate statuses: optimal, proven_infeasible); a grid without a solution is not a statement about the whole decision space",False,,,,,,,,,,,,,,,,,,,,,,,,,,,,,,,,,,,,,,,,,,,,,,,,,,,,,,,,,,,,endpoint_ablation.csv,,,,,,,
0,SDSRC12_MAIN9,SD-SRC12,MAIN9,"main reference nine (linear energy row, Table 5-1 verdicts in every state)","SDSRC12_MAIN9:M1[relative,apply_to_dm=True]@alpha=0.1",M1_safety_margin,method,0.1,not_met,,,,300.0,,optimal;proven_infeasible,"no value of the declared grid met the validation screen (candidate statuses: optimal, proven_infeasible); a grid without a solution is not a statement about the whole decision space",False,,,,,,,,,,,,,,,,,,,,,,,,,,,,,,,,,,,,,,,,,,,,,,,,,,,,,,,,,,,,endpoint_ablation.csv,,,,,,,
0,SDSRC12_MAIN9,SD-SRC12,MAIN9,"main reference nine (linear energy row, Table 5-1 verdicts in every state)","SDSRC12_MAIN9:M1[relative,apply_to_dm=False]@alpha=0.1",M1_safety_margin,method,0.1,not_met,,,,300.0,,optimal;proven_infeasible,"no value of the declared grid met the validation screen (candidate statuses: optimal, proven_infeasible); a grid without a solution is not a statement about the whole decision space",False,,,,,,,,,,,,,,,,,,,,,,,,,,,,,,,,,,,,,,,,,,,,,,,,,,,,,,,,,,,,endpoint_ablation.csv,,,,,,,
0,SDSRC12_MAIN9,SD-SRC12,MAIN9,"main reference nine (linear energy row, Table 5-1 verdicts in every state)",SDSRC12_MAIN9:M2[N=128]@alpha=0.1,M2_joint_chance_saa,method,0.1,not_met,,,,300.0,,proven_infeasible,"SAA over the N training scenarios proven infeasible for every alpha_train of the declared grid (training scenarios only; not a population, field or whole-space statement)",False,,,,,,,,,,,,,,,,,,,,,,,,,,,,,,,,,,,,,,,,,,,,,,,,,,,,,,,,,,,,endpoint_ablation.csv,,,,,,,
0,SDSRC12_MAIN9,SD-SRC12,MAIN9,"main reference nine (linear energy row, Table 5-1 verdicts in every state)",SDSRC12_MAIN9:M2[N=512]@alpha=0.1,M2_joint_chance_saa,method,0.1,not_met,,,,300.0,,proven_infeasible,"SAA over the N training scenarios proven infeasible for every alpha_train of the declared grid (training scenarios only; not a population, field or whole-space statement)",False,,,,,,,,,,,,,,,,,,,,,,,,,,,,,,,,,,,,,,,,,,,,,,,,,,,,,,,,,,,,endpoint_ablation.csv,,,,,,,
0,SDSRC12_MAIN9,SD-SRC12,MAIN9,"main reference nine (linear energy row, Table 5-1 verdicts in every state)",SDSRC12_MAIN9:M2[N=1024]@alpha=0.1,M2_joint_chance_saa,method,0.1,not_met,,,,300.0,,proven_infeasible,"SAA over the N training scenarios proven infeasible for every alpha_train of the declared grid (training scenarios only; not a population, field or whole-space statement)",False,,,,,,,,,,,,,,,,,,,,,,,,,,,,,,,,,,,,,,,,,,,,,,,,,,,,,,,,,,,,endpoint_ablation.csv,,,,,,,
0,SDSRC12_MAIN9,SD-SRC12,MAIN9,"main reference nine (linear energy row, Table 5-1 verdicts in every state)",SDSRC12_MAIN9:M3a[factory box]@alpha=0.1,M3a_box_robust,method,0.1,not_met,,,,300.0,,proven_infeasible,no value of the declared grid met the validation screen (candidate statuses: proven_infeasible); a grid without a solution is not a statement about the whole decision space,False,,,,,,,,,,,,,,,,,,,,,,,,,,,,,,,,,,,,,,,,,,,,,,,,,,,,,,,,,,,,endpoint_ablation.csv,,,,,,,
0,SDSRC12_MAIN9,SD-SRC12,MAIN9,"main reference nine (linear energy row, Table 5-1 verdicts in every state)",SDSRC12_MAIN9:M3b[factory box]@alpha=0.1,M3b_budget_robust,method,0.1,not_met,,,,300.0,,optimal;proven_infeasible,"no value of the declared grid met the validation screen (candidate statuses: optimal, proven_infeasible); a grid without a solution is not a statement about the whole decision space",False,,,,,,,,,,,,,,,,,,,,,,,,,,,,,,,,,,,,,,,,,,,,,,,,,,,,,,,,,,,,endpoint_ablation.csv,,,,,,,
0,SDSRC12_MAIN9,SD-SRC12,MAIN9,"main reference nine (linear energy row, Table 5-1 verdicts in every state)","SDSRC12_MAIN9:M1[relative,apply_to_dm=True]@alpha=0.01",M1_safety_margin,method,0.01,not_met,,,,300.0,,optimal;proven_infeasible,"no value of the declared grid met the validation screen (candidate statuses: optimal, proven_infeasible); a grid without a solution is not a statement about the whole decision space",False,,,,,,,,,,,,,,,,,,,,,,,,,,,,,,,,,,,,,,,,,,,,,,,,,,,,,,,,,,,,endpoint_ablation.csv,,,,,,,
0,SDSRC12_MAIN9,SD-SRC12,MAIN9,"main reference nine (linear energy row, Table 5-1 verdicts in every state)","SDSRC12_MAIN9:M1[relative,apply_to_dm=False]@alpha=0.01",M1_safety_margin,method,0.01,not_met,,,,300.0,,optimal;proven_infeasible,"no value of the declared grid met the validation screen (candidate statuses: optimal, proven_infeasible); a grid without a solution is not a statement about the whole decision space",False,,,,,,,,,,,,,,,,,,,,,,,,,,,,,,,,,,,,,,,,,,,,,,,,,,,,,,,,,,,,endpoint_ablation.csv,,,,,,,
0,SDSRC12_MAIN9,SD-SRC12,MAIN9,"main reference nine (linear energy row, Table 5-1 verdicts in every state)",SDSRC12_MAIN9:M2[N=128]@alpha=0.01,M2_joint_chance_saa,method,0.01,not_met,,,,300.0,,proven_infeasible,"SAA over the N training scenarios proven infeasible for every alpha_train of the declared grid (training scenarios only; not a population, field or whole-space statement)",False,,,,,,,,,,,,,,,,,,,,,,,,,,,,,,,,,,,,,,,,,,,,,,,,,,,,,,,,,,,,endpoint_ablation.csv,,,,,,,
0,SDSRC12_MAIN9,SD-SRC12,MAIN9,"main reference nine (linear energy row, Table 5-1 verdicts in every state)",SDSRC12_MAIN9:M2[N=512]@alpha=0.01,M2_joint_chance_saa,method,0.01,not_met,,,,300.0,,proven_infeasible,"SAA over the N training scenarios proven infeasible for every alpha_train of the declared grid (training scenarios only; not a population, field or whole-space statement)",False,,,,,,,,,,,,,,,,,,,,,,,,,,,,,,,,,,,,,,,,,,,,,,,,,,,,,,,,,,,,endpoint_ablation.csv,,,,,,,
0,SDSRC12_MAIN9,SD-SRC12,MAIN9,"main reference nine (linear energy row, Table 5-1 verdicts in every state)",SDSRC12_MAIN9:M2[N=1024]@alpha=0.01,M2_joint_chance_saa,method,0.01,not_met,,,,300.0,,proven_infeasible,"SAA over the N training scenarios proven infeasible for every alpha_train of the declared grid (training scenarios only; not a population, field or whole-space statement)",False,,,,,,,,,,,,,,,,,,,,,,,,,,,,,,,,,,,,,,,,,,,,,,,,,,,,,,,,,,,,endpoint_ablation.csv,,,,,,,
0,SDSRC12_MAIN9,SD-SRC12,MAIN9,"main reference nine (linear energy row, Table 5-1 verdicts in every state)",SDSRC12_MAIN9:M3a[factory box]@alpha=0.01,M3a_box_robust,method,0.01,not_met,,,,300.0,,proven_infeasible,no value of the declared grid met the validation screen (candidate statuses: proven_infeasible); a grid without a solution is not a statement about the whole decision space,False,,,,,,,,,,,,,,,,,,,,,,,,,,,,,,,,,,,,,,,,,,,,,,,,,,,,,,,,,,,,endpoint_ablation.csv,,,,,,,
0,SDSRC12_MAIN9,SD-SRC12,MAIN9,"main reference nine (linear energy row, Table 5-1 verdicts in every state)",SDSRC12_MAIN9:M3b[factory box]@alpha=0.01,M3b_budget_robust,method,0.01,not_met,,,,300.0,,optimal;proven_infeasible,"no value of the declared grid met the validation screen (candidate statuses: optimal, proven_infeasible); a grid without a solution is not a statement about the whole decision space",False,,,,,,,,,,,,,,,,,,,,,,,,,,,,,,,,,,,,,,,,,,,,,,,,,,,,,,,,,,,,endpoint_ablation.csv,,,,,,,
0,SDSRC12_MAIN9,SD-SRC12,MAIN9,"main reference nine (linear energy row, Table 5-1 verdicts in every state)","SDSRC12_MAIN9:DIAG-frontier:M2[N=128,alpha_train=m*/N=90/128]",M2_joint_chance_saa,diagnostic_frontier,,,,optimal,2.57003681830884e-05,300.0,13.86514446279034,,,True,SD-H0,False,10000.0,,,5858.0,2912.0,0.5858,0.877,0.8823706737086582,0.0032843720861071,0.4811,2911.0,0.8995,0.9044090406833508,0.7497,0.7498,0.7569199262936203,0.8962,0.9011810607404442,0.8009,0.8074529471169922,0.7807,0.9124,0.5838,0.59193914115485,0.7436,0.5852,0.5933348918652668,0.7777,0.5312,0.5059,0.5062,120.0,372.0,3.0,T51-DGC-0.50,0.0,in_domain_conditional,T51-DGC-0.50=0.877;T51-DGC-0.33=0.7498;T51-DGC-0.67=0.9989;T51-CORNKERNEL-0.50=0.7498,962.0,3.0,True,,,,,7497.0,1.0,0.7497,0.7498,0.7569199262936203,0.0043312811037844,7806.0,1.0,0.7806,0.7807,0.7874949346973469,0.0041377229245081,endpoint_ablation.csv,,,,,,,
0,SDSRC12_MAIN9,SD-SRC12,MAIN9,"main reference nine (linear energy row, Table 5-1 verdicts in every state)","SDSRC12_MAIN9:DIAG-frontier:M2[N=128,alpha_train=m*/N=90/128]",M2_joint_chance_saa,diagnostic_frontier,,,,optimal,2.57003681830884e-05,300.0,13.86514446279034,,,True,SD-S2,False,10000.0,,,5354.0,3109.0,0.5354,0.8463,0.8522072853015628,0.0036066093495137,0.4958,3109.0,0.8994,0.9043112469638824,0.5591,0.5591,0.567303127146684,0.8594,0.8650897850173912,0.6764,0.6841067686208584,0.5878,0.9072,0.1155,0.1208903995489752,0.558,0.5561,0.5643094948169437,0.658,0.6254,0.5241,0.5241,11.0,1024.0,0.0,T51-DGC-0.50,0.0,in_domain_conditional,T51-DGC-0.50=0.8463;T51-DGC-0.33=0.5591;T51-DGC-0.67=1;T51-CORNKERNEL-0.50=0.5591,0.0,0.0,True,,,,,5591.0,0.0,0.5591,0.5591,0.567303127146684,0.0049649490430416,5878.0,0.0,0.5878,0.5878,0.595926821482504,0.0049223079952396,endpoint_ablation.csv,,,,,,,
0,SDSRC12_MAIN9,SD-SRC12,MAIN9,"main reference nine (linear energy row, Table 5-1 verdicts in every state)","SDSRC12_MAIN9:DIAG-frontier:M2[N=128,alpha_train=m*/N=90/128]",M2_joint_chance_saa,diagnostic_frontier,,,,optimal,2.57003681830884e-05,300.0,13.86514446279034,,,True,SD-SRC14,False,10000.0,,,6059.0,2506.0,0.6059,0.8565,0.8622393169997449,0.0035058201608182,0.5018,2505.0,0.8933,0.8983430453865839,0.6325,0.6326,0.6405505117405288,0.894,0.8990281928215381,0.7774,0.7842321501344438,0.7226,0.9202,0.2438,0.2509672655446532,0.6414,0.6391,0.6470189317751212,0.7101,0.6076,0.5146,0.5149,27.0,956.0,3.0,T51-DGC-0.50,0.0,in_domain_conditional,T51-DGC-0.50=0.8565;T51-DGC-0.33=0.6326;T51-DGC-0.67=1;T51-CORNKERNEL-0.50=0.6326,304.0,3.0,True,,,,,6325.0,1.0,0.6325,0.6326,0.6405505117405288,0.0048209671228914,7225.0,1.0,0.7225,0.7226,0.7299656951994269,0.0044771557935814,endpoint_ablation.csv,,,,,,,
0,SDSRC12_MAIN9,SD-SRC12,MAIN9,"main reference nine (linear energy row, Table 5-1 verdicts in every state)","SDSRC12_MAIN9:DIAG-frontier:M2[N=128,alpha_train=m*/N=90/128]",M2_joint_chance_saa,diagnostic_frontier,,,,optimal,2.57003681830884e-05,300.0,13.86514446279034,,,True,SD-12MO,False,10000.0,,,5216.0,3194.0,0.5216,0.841,0.8469909122443344,0.0036567608617463,0.4913,3194.0,0.8818,0.8870776571867012,0.6104,0.6104,0.6184467776042939,0.8514,0.8572244899489834,0.6781,0.6857958029092621,0.6276,0.8876,0.2998,0.307428733250221,0.6089,0.5319,0.5401498747978462,0.6673,0.5657,0.5112,0.5112,47.0,592.0,0.0,T51-DGC-0.50,0.0,in_domain_conditional,T51-DGC-0.50=0.841;T51-DGC-0.33=0.6104;T51-DGC-0.67=1;T51-CORNKERNEL-0.50=0.6104,6.0,0.0,True,,,,,6104.0,0.0,0.6104,0.6104,0.6184467776042939,0.0048765955337714,6276.0,0.0,0.6276,0.6276,0.6355737480726315,0.004834441436195,endpoint_ablation.csv,,,,,,,
0,SDSRC12_MAIN9,SD-SRC12,MAIN9,"main reference nine (linear energy row, Table 5-1 verdicts in every state)","SDSRC12_MAIN9:DIAG-frontier:M2[N=128,alpha_train=m*/N=90/128]",M2_joint_chance_saa,diagnostic_frontier,,,,optimal,2.57003681830884e-05,300.0,13.86514446279034,,,True,SD-SRC12,True,10000.0,0.7523,0.7593955160995748,5782.0,2217.0,0.5782,0.7999,0.8064655233512951,0.0040007498047241,0.491,2216.0,0.8531,0.8588963681706276,0.6931,0.6932,0.7007932295467134,0.8466,0.8525024790276181,0.7974,0.8039966837755628,0.7577,0.8822,0.4679,0.4761634446143215,0.6288,0.6166,0.6246216758254202,0.7523,0.5611,0.5082,0.5085,215.0,743.0,3.0,T51-DGC-0.50,0.0,in_domain_conditional,T51-DGC-0.50=0.7999;T51-DGC-0.33=0.6932;T51-DGC-0.67=0.9976;T51-CORNKERNEL-0.50=0.6932,672.0,3.0,True,,,,,6931.0,1.0,0.6931,0.6932,0.7007932295467134,0.004611656535346,7576.0,1.0,0.7576,0.7577,0.7647416953717436,0.0042847486507378,endpoint_ablation.csv,,,,,,,
0,SDSRC12_MAIN9,SD-SRC12,MAIN9,"main reference nine (linear energy row, Table 5-1 verdicts in every state)","SDSRC12_MAIN9:DIAG-frontier:M2[N=512,alpha_train=m*/N=383/512]",M2_joint_chance_saa,diagnostic_frontier,,,,no_feasible_solution_found,,300.0,300.4717156533152,,solver status no_feasible_solution_found; not a statement about the whole decision space,False,,,,,,,,,,,,,,,,,,,,,,,,,,,,,,,,,,,,,,,,,,,,,,,,,,,,,,,,,,,,endpoint_ablation.csv,,,,,,,
0,SDSRC12_MAIN9,SD-SRC12,MAIN9,"main reference nine (linear energy row, Table 5-1 verdicts in every state)","SDSRC12_MAIN9:DIAG-frontier:M2[N=1024,alpha_train=m*/N=767/1024]",M2_joint_chance_saa,diagnostic_frontier,,,,no_feasible_solution_found,,300.0,301.1247147168033,,solver status no_feasible_solution_found; not a statement about the whole decision space,False,,,,,,,,,,,,,,,,,,,,,,,,,,,,,,,,,,,,,,,,,,,,,,,,,,,,,,,,,,,,endpoint_ablation.csv,,,,,,,
0,SDH0_FULL11,SD-H0,FULL11,H0 eleven (linear energy row),SDH0_FULL11:M0,M0_nominal,method,,,,optimal,,300.0,0.0093791731633245,,,True,SD-H0,True,10000.0,0.9601,0.9632697597804748,9246.0,345.0,0.9246,0.9591,0.9623083772056708,0.0019805855194865,0.1514,345.0,0.962,0.965094857477328,0.9567,0.9567,0.9599989318649929,0.9597,0.9628852715220688,0.9601,0.9632697597804748,0.9573,0.9625,0.8244,0.8306379609480876,0.8306,0.848,0.8538799448760875,0.9596,0.5017,0.4986,0.4989,204.0,234.0,3.0,T51-DGC-0.50,0.0,in_domain_conditional,T51-DGC-0.50=0.9591;T51-DGC-0.33=0.9567;T51-DGC-0.67=0.9989;T51-CORNKERNEL-0.50=0.9567,962.0,3.0,True,,,alpha=0.01:False;alpha=0.05:False;alpha=0.1:False,alpha=0.01:False;alpha=0.05:False;alpha=0.1:False,9567.0,0.0,0.9567,0.9567,0.9599989318649929,0.0020353159459897,9573.0,0.0,0.9573,0.9573,0.9605765657902284,0.0020217989514291,endpoint_ablation.csv,,,,,,,
0,SDH0_FULL11,SD-H0,FULL11,H0 eleven (linear energy row),SDH0_FULL11:M0,M0_nominal,method,,,,optimal,,300.0,0.0093791731633245,,,True,SD-S2,False,10000.0,,,9680.0,0.0,0.968,0.968,0.9708435548728273,0.00176,0.0,0.0,0.9703,0.9730403670388812,0.968,0.968,0.9708435548728273,0.968,0.9708435548728273,0.9703,0.9730403670388812,0.968,0.9703,0.8285,0.8346789507100857,0.8285,0.8574,0.8631240318610862,0.9703,0.4962,0.4969,0.4969,237.0,230.0,0.0,T51-DGC-0.50,0.0,in_domain_conditional,T51-DGC-0.50=0.968;T51-DGC-0.33=0.968;T51-DGC-0.67=1;T51-CORNKERNEL-0.50=0.968,0.0,0.0,True,,,alpha=0.01:False;alpha=0.05:False;alpha=0.1:False,alpha=0.01:False;alpha=0.05:False;alpha=0.1:False,9680.0,0.0,0.968,0.968,0.9708435548728273,0.00176,9680.0,0.0,0.968,0.968,0.9708435548728273,0.00176,endpoint_ablation.csv,,,,,,,
0,SDH0_FULL11,SD-H0,FULL11,H0 eleven (linear energy row),SDH0_FULL11:M0,M0_nominal,method,,,,optimal,,300.0,0.0093791731633245,,,True,SD-SRC14,False,10000.0,,,9729.0,1.0,0.9729,0.973,0.97561350411632,0.0016208331191088,0.0004,1.0,0.9757,0.9781795716393364,0.9729,0.9729,0.9755183224571036,0.9739,0.976469697574431,0.9763,0.97874873620178,0.9738,0.9764,0.8223,0.8285676974439393,0.8225,0.868,0.8735379694718607,0.9756,0.4956,0.4947,0.495,286.0,294.0,3.0,T51-DGC-0.50,0.0,in_domain_conditional,T51-DGC-0.50=0.973;T51-DGC-0.33=0.9729;T51-DGC-0.67=1;T51-CORNKERNEL-0.50=0.9729,304.0,3.0,True,,,alpha=0.01:False;alpha=0.05:False;alpha=0.1:False,alpha=0.01:False;alpha=0.05:False;alpha=0.1:False,9729.0,0.0,0.9729,0.9729,0.9755183224571036,0.0016237484411077,9738.0,0.0,0.9738,0.9738,0.9763746048613,0.0015972964659073,endpoint_ablation.csv,,,,,,,
0,SDH0_FULL11,SD-H0,FULL11,H0 eleven (linear energy row),SDH0_FULL11:M0,M0_nominal,method,,,,optimal,,300.0,0.0093791731633245,,,True,SD-12MO,False,10000.0,,,9457.0,74.0,0.9457,0.9531,0.956529554682254,0.0021142466743499,0.019,74.0,0.9557,0.9590358199017266,0.9529,0.9529,0.9563366400731736,0.9531,0.956529554682254,0.9555,0.9588431403327614,0.9529,0.9557,0.8116,0.8180142624383405,0.8118,0.8458,0.8517152782357366,0.9555,0.4989,0.4982,0.4982,211.0,218.0,0.0,T51-DGC-0.50,0.0,in_domain_conditional,T51-DGC-0.50=0.9531;T51-DGC-0.33=0.9529;T51-DGC-0.67=1;T51-CORNKERNEL-0.50=0.9529,6.0,0.0,True,,,alpha=0.01:False;alpha=0.05:False;alpha=0.1:False,alpha=0.01:False;alpha=0.05:False;alpha=0.1:False,9529.0,0.0,0.9529,0.9529,0.9563366400731736,0.0021185275546945,9529.0,0.0,0.9529,0.9529,0.9563366400731736,0.0021185275546945,endpoint_ablation.csv,,,,,,,
0,SDH0_FULL11,SD-H0,FULL11,H0 eleven (linear energy row),SDH0_FULL11:M0,M0_nominal,method,,,,optimal,,300.0,0.0093791731633245,,,True,SD-SRC12,False,10000.0,,,9446.0,136.0,0.9446,0.9582,0.961442679433327,0.0020013185653463,0.1125,136.0,0.9633,0.9663423924400444,0.9576,0.9576,0.9608653157593594,0.9592,0.9624045396092328,0.9635,0.9665342293386864,0.9586,0.9641,0.798,0.8045892415779776,0.7992,0.8616,0.8672516608459001,0.9627,0.498,0.4979,0.4982,419.0,419.0,3.0,T51-DGC-0.50,0.0,in_domain_conditional,T51-DGC-0.50=0.9582;T51-DGC-0.33=0.9576;T51-DGC-0.67=0.9982;T51-CORNKERNEL-0.50=0.9576,672.0,3.0,True,,,alpha=0.01:False;alpha=0.05:False;alpha=0.1:False,alpha=0.01:False;alpha=0.05:False;alpha=0.1:False,9576.0,0.0,0.9576,0.9576,0.9608653157593594,0.002014999751861,9586.0,0.0,0.9586,0.9586,0.9618274861094972,0.0019921355375576,endpoint_ablation.csv,,,,,,,
0,SDH0_FULL11,SD-H0,FULL11,H0 eleven (linear energy row),"SDH0_FULL11:M1[relative,apply_to_dm=True]@alpha=0.05",M1_safety_margin,method,0.05,not_met,,,,300.0,,optimal;proven_infeasible,"no value of the declared grid met the validation screen (candidate statuses: optimal, proven_infeasible); a grid without a solution is not a statement about the whole decision space",False,,,,,,,,,,,,,,,,,,,,,,,,,,,,,,,,,,,,,,,,,,,,,,,,,,,,,,,,,,,,endpoint_ablation.csv,,,,,,,
0,SDH0_FULL11,SD-H0,FULL11,H0 eleven (linear energy row),"SDH0_FULL11:M1[relative,apply_to_dm=False]@alpha=0.05",M1_safety_margin,method,0.05,not_met,,,,300.0,,optimal;proven_infeasible,"no value of the declared grid met the validation screen (candidate statuses: optimal, proven_infeasible); a grid without a solution is not a statement about the whole decision space",False,,,,,,,,,,,,,,,,,,,,,,,,,,,,,,,,,,,,,,,,,,,,,,,,,,,,,,,,,,,,endpoint_ablation.csv,,,,,,,
0,SDH0_FULL11,SD-H0,FULL11,H0 eleven (linear energy row),SDH0_FULL11:M2[N=128]@alpha=0.05,M2_joint_chance_saa,method,0.05,not_met,,,,300.0,,proven_infeasible,"SAA over the N training scenarios proven infeasible for every alpha_train of the declared grid (training scenarios only; not a population, field or whole-space statement)",False,,,,,,,,,,,,,,,,,,,,,,,,,,,,,,,,,,,,,,,,,,,,,,,,,,,,,,,,,,,,endpoint_ablation.csv,,,,,,,
0,SDH0_FULL11,SD-H0,FULL11,H0 eleven (linear energy row),SDH0_FULL11:M2[N=512]@alpha=0.05,M2_joint_chance_saa,method,0.05,not_met,,,,300.0,,proven_infeasible,"SAA over the N training scenarios proven infeasible for every alpha_train of the declared grid (training scenarios only; not a population, field or whole-space statement)",False,,,,,,,,,,,,,,,,,,,,,,,,,,,,,,,,,,,,,,,,,,,,,,,,,,,,,,,,,,,,endpoint_ablation.csv,,,,,,,
0,SDH0_FULL11,SD-H0,FULL11,H0 eleven (linear energy row),SDH0_FULL11:M2[N=1024]@alpha=0.05,M2_joint_chance_saa,method,0.05,not_met,,,,300.0,,proven_infeasible,"SAA over the N training scenarios proven infeasible for every alpha_train of the declared grid (training scenarios only; not a population, field or whole-space statement)",False,,,,,,,,,,,,,,,,,,,,,,,,,,,,,,,,,,,,,,,,,,,,,,,,,,,,,,,,,,,,endpoint_ablation.csv,,,,,,,
0,SDH0_FULL11,SD-H0,FULL11,H0 eleven (linear energy row),SDH0_FULL11:M3a[factory box]@alpha=0.05,M3a_box_robust,method,0.05,not_met,,,,300.0,,proven_infeasible,no value of the declared grid met the validation screen (candidate statuses: proven_infeasible); a grid without a solution is not a statement about the whole decision space,False,,,,,,,,,,,,,,,,,,,,,,,,,,,,,,,,,,,,,,,,,,,,,,,,,,,,,,,,,,,,endpoint_ablation.csv,,,,,,,
0,SDH0_FULL11,SD-H0,FULL11,H0 eleven (linear energy row),SDH0_FULL11:M3b[factory box]@alpha=0.05,M3b_budget_robust,method,0.05,not_met,,,,300.0,,optimal;proven_infeasible,"no value of the declared grid met the validation screen (candidate statuses: optimal, proven_infeasible); a grid without a solution is not a statement about the whole decision space",False,,,,,,,,,,,,,,,,,,,,,,,,,,,,,,,,,,,,,,,,,,,,,,,,,,,,,,,,,,,,endpoint_ablation.csv,,,,,,,
0,SDH0_FULL11,SD-H0,FULL11,H0 eleven (linear energy row),"SDH0_FULL11:M1[relative,apply_to_dm=True]@alpha=0.1",M1_safety_margin,method,0.1,not_met,,,,300.0,,optimal;proven_infeasible,"no value of the declared grid met the validation screen (candidate statuses: optimal, proven_infeasible); a grid without a solution is not a statement about the whole decision space",False,,,,,,,,,,,,,,,,,,,,,,,,,,,,,,,,,,,,,,,,,,,,,,,,,,,,,,,,,,,,endpoint_ablation.csv,,,,,,,
0,SDH0_FULL11,SD-H0,FULL11,H0 eleven (linear energy row),"SDH0_FULL11:M1[relative,apply_to_dm=False]@alpha=0.1",M1_safety_margin,method,0.1,not_met,,,,300.0,,optimal;proven_infeasible,"no value of the declared grid met the validation screen (candidate statuses: optimal, proven_infeasible); a grid without a solution is not a statement about the whole decision space",False,,,,,,,,,,,,,,,,,,,,,,,,,,,,,,,,,,,,,,,,,,,,,,,,,,,,,,,,,,,,endpoint_ablation.csv,,,,,,,
0,SDH0_FULL11,SD-H0,FULL11,H0 eleven (linear energy row),SDH0_FULL11:M2[N=128]@alpha=0.1,M2_joint_chance_saa,method,0.1,not_met,,,,300.0,,proven_infeasible,"SAA over the N training scenarios proven infeasible for every alpha_train of the declared grid (training scenarios only; not a population, field or whole-space statement)",False,,,,,,,,,,,,,,,,,,,,,,,,,,,,,,,,,,,,,,,,,,,,,,,,,,,,,,,,,,,,endpoint_ablation.csv,,,,,,,
0,SDH0_FULL11,SD-H0,FULL11,H0 eleven (linear energy row),SDH0_FULL11:M2[N=512]@alpha=0.1,M2_joint_chance_saa,method,0.1,not_met,,,,300.0,,proven_infeasible,"SAA over the N training scenarios proven infeasible for every alpha_train of the declared grid (training scenarios only; not a population, field or whole-space statement)",False,,,,,,,,,,,,,,,,,,,,,,,,,,,,,,,,,,,,,,,,,,,,,,,,,,,,,,,,,,,,endpoint_ablation.csv,,,,,,,
0,SDH0_FULL11,SD-H0,FULL11,H0 eleven (linear energy row),SDH0_FULL11:M2[N=1024]@alpha=0.1,M2_joint_chance_saa,method,0.1,not_met,,,,300.0,,proven_infeasible,"SAA over the N training scenarios proven infeasible for every alpha_train of the declared grid (training scenarios only; not a population, field or whole-space statement)",False,,,,,,,,,,,,,,,,,,,,,,,,,,,,,,,,,,,,,,,,,,,,,,,,,,,,,,,,,,,,endpoint_ablation.csv,,,,,,,
0,SDH0_FULL11,SD-H0,FULL11,H0 eleven (linear energy row),SDH0_FULL11:M3a[factory box]@alpha=0.1,M3a_box_robust,method,0.1,not_met,,,,300.0,,proven_infeasible,no value of the declared grid met the validation screen (candidate statuses: proven_infeasible); a grid without a solution is not a statement about the whole decision space,False,,,,,,,,,,,,,,,,,,,,,,,,,,,,,,,,,,,,,,,,,,,,,,,,,,,,,,,,,,,,endpoint_ablation.csv,,,,,,,
0,SDH0_FULL11,SD-H0,FULL11,H0 eleven (linear energy row),SDH0_FULL11:M3b[factory box]@alpha=0.1,M3b_budget_robust,method,0.1,not_met,,,,300.0,,optimal;proven_infeasible,"no value of the declared grid met the validation screen (candidate statuses: optimal, proven_infeasible); a grid without a solution is not a statement about the whole decision space",False,,,,,,,,,,,,,,,,,,,,,,,,,,,,,,,,,,,,,,,,,,,,,,,,,,,,,,,,,,,,endpoint_ablation.csv,,,,,,,
0,SDH0_FULL11,SD-H0,FULL11,H0 eleven (linear energy row),"SDH0_FULL11:M1[relative,apply_to_dm=True]@alpha=0.01",M1_safety_margin,method,0.01,not_met,,,,300.0,,optimal;proven_infeasible,"no value of the declared grid met the validation screen (candidate statuses: optimal, proven_infeasible); a grid without a solution is not a statement about the whole decision space",False,,,,,,,,,,,,,,,,,,,,,,,,,,,,,,,,,,,,,,,,,,,,,,,,,,,,,,,,,,,,endpoint_ablation.csv,,,,,,,
0,SDH0_FULL11,SD-H0,FULL11,H0 eleven (linear energy row),"SDH0_FULL11:M1[relative,apply_to_dm=False]@alpha=0.01",M1_safety_margin,method,0.01,not_met,,,,300.0,,optimal;proven_infeasible,"no value of the declared grid met the validation screen (candidate statuses: optimal, proven_infeasible); a grid without a solution is not a statement about the whole decision space",False,,,,,,,,,,,,,,,,,,,,,,,,,,,,,,,,,,,,,,,,,,,,,,,,,,,,,,,,,,,,endpoint_ablation.csv,,,,,,,
0,SDH0_FULL11,SD-H0,FULL11,H0 eleven (linear energy row),SDH0_FULL11:M2[N=128]@alpha=0.01,M2_joint_chance_saa,method,0.01,not_met,,,,300.0,,proven_infeasible,"SAA over the N training scenarios proven infeasible for every alpha_train of the declared grid (training scenarios only; not a population, field or whole-space statement)",False,,,,,,,,,,,,,,,,,,,,,,,,,,,,,,,,,,,,,,,,,,,,,,,,,,,,,,,,,,,,endpoint_ablation.csv,,,,,,,
0,SDH0_FULL11,SD-H0,FULL11,H0 eleven (linear energy row),SDH0_FULL11:M2[N=512]@alpha=0.01,M2_joint_chance_saa,method,0.01,not_met,,,,300.0,,proven_infeasible,"SAA over the N training scenarios proven infeasible for every alpha_train of the declared grid (training scenarios only; not a population, field or whole-space statement)",False,,,,,,,,,,,,,,,,,,,,,,,,,,,,,,,,,,,,,,,,,,,,,,,,,,,,,,,,,,,,endpoint_ablation.csv,,,,,,,
0,SDH0_FULL11,SD-H0,FULL11,H0 eleven (linear energy row),SDH0_FULL11:M2[N=1024]@alpha=0.01,M2_joint_chance_saa,method,0.01,not_met,,,,300.0,,proven_infeasible,"SAA over the N training scenarios proven infeasible for every alpha_train of the declared grid (training scenarios only; not a population, field or whole-space statement)",False,,,,,,,,,,,,,,,,,,,,,,,,,,,,,,,,,,,,,,,,,,,,,,,,,,,,,,,,,,,,endpoint_ablation.csv,,,,,,,
0,SDH0_FULL11,SD-H0,FULL11,H0 eleven (linear energy row),SDH0_FULL11:M3a[factory box]@alpha=0.01,M3a_box_robust,method,0.01,not_met,,,,300.0,,proven_infeasible,no value of the declared grid met the validation screen (candidate statuses: proven_infeasible); a grid without a solution is not a statement about the whole decision space,False,,,,,,,,,,,,,,,,,,,,,,,,,,,,,,,,,,,,,,,,,,,,,,,,,,,,,,,,,,,,endpoint_ablation.csv,,,,,,,
0,SDH0_FULL11,SD-H0,FULL11,H0 eleven (linear energy row),SDH0_FULL11:M3b[factory box]@alpha=0.01,M3b_budget_robust,method,0.01,not_met,,,,300.0,,optimal;proven_infeasible,"no value of the declared grid met the validation screen (candidate statuses: optimal, proven_infeasible); a grid without a solution is not a statement about the whole decision space",False,,,,,,,,,,,,,,,,,,,,,,,,,,,,,,,,,,,,,,,,,,,,,,,,,,,,,,,,,,,,endpoint_ablation.csv,,,,,,,
0,SDH0_FULL11,SD-H0,FULL11,H0 eleven (linear energy row),"SDH0_FULL11:DIAG-frontier:M2[N=128,alpha_train=m*/N=96/128]",M2_joint_chance_saa,diagnostic_frontier,,,,optimal,9.25988203458479e-05,300.0,16.36655317619443,,,True,SD-H0,True,10000.0,0.7897,0.7963901941836777,6475.0,2437.0,0.6475,0.8912,0.8962871945163652,0.0031138811794928,0.4806,2436.0,0.9107,0.9153518567787978,0.7549,0.755,0.7620687941382698,0.8994,0.9043112469638824,0.7897,0.7963901941836777,0.7683,0.9159,0.5359,0.5441445431841687,0.7295,0.6103,0.6183471712716696,0.7801,0.5827,0.5561,0.5564,117.0,382.0,3.0,T51-DGC-0.50,0.0,in_domain_conditional,T51-DGC-0.50=0.8912;T51-DGC-0.33=0.755;T51-DGC-0.67=0.9989;T51-CORNKERNEL-0.50=0.755,962.0,3.0,True,,,,,7549.0,1.0,0.7549,0.755,0.7620687941382698,0.0043008720046055,7682.0,1.0,0.7682,0.7683,0.7752315807555614,0.0042191836888194,endpoint_ablation.csv,,,,,,,
0,SDH0_FULL11,SD-H0,FULL11,H0 eleven (linear energy row),"SDH0_FULL11:DIAG-frontier:M2[N=128,alpha_train=m*/N=96/128]",M2_joint_chance_saa,diagnostic_frontier,,,,optimal,9.25988203458479e-05,300.0,16.36655317619443,,,True,SD-S2,False,10000.0,,,7299.0,1936.0,0.7299,0.9235,0.9278303275872928,0.0026579644467148,0.4964,1936.0,0.9604,0.963558068413988,0.7304,0.7304,0.7376988291398744,0.9239,0.9282197405076628,0.817,0.8233413129502468,0.731,0.9605,0.0823,0.0869610231464151,0.5466,0.7195,0.7268914919445089,0.8168,0.8098,0.7188,0.7188,4.0,914.0,0.0,T51-DGC-0.50,0.0,in_domain_conditional,T51-DGC-0.50=0.9235;T51-DGC-0.33=0.7304;T51-DGC-0.67=1;T51-CORNKERNEL-0.50=0.7304,0.0,0.0,True,,,,,7304.0,0.0,0.7304,0.7304,0.7376988291398744,0.0044375200281238,7310.0,0.0,0.731,0.731,0.738293567994394,0.0044343996211437,endpoint_ablation.csv,,,,,,,
0,SDH0_FULL11,SD-H0,FULL11,H0 eleven (linear energy row),"SDH0_FULL11:DIAG-frontier:M2[N=128,alpha_train=m*/N=96/128]",M2_joint_chance_saa,diagnostic_frontier,,,,optimal,9.25988203458479e-05,300.0,16.36655317619443,,,True,SD-SRC14,False,10000.0,,,7724.0,1423.0,0.7724,0.9147,0.9192547932320037,0.0027932760336207,0.4998,1421.0,0.9388,0.9426977136475372,0.7746,0.7748,0.781661032754511,0.9249,0.9291931177963368,0.8497,0.8555523476209503,0.7996,0.9465,0.2497,0.2569229865762109,0.6322,0.7392,0.7464199487732515,0.8318,0.7632,0.6848,0.6851,36.0,819.0,3.0,T51-DGC-0.50,0.0,in_domain_conditional,T51-DGC-0.50=0.9147;T51-DGC-0.33=0.7748;T51-DGC-0.67=1;T51-CORNKERNEL-0.50=0.7748,304.0,3.0,True,,,,,7746.0,2.0,0.7746,0.7748,0.781661032754511,0.0041771396912241,7994.0,2.0,0.7994,0.7996,0.8061692836830537,0.0040029968773407,endpoint_ablation.csv,,,,,,,
0,SDH0_FULL11,SD-H0,FULL11,H0 eleven (linear energy row),"SDH0_FULL11:DIAG-frontier:M2[N=128,alpha_train=m*/N=96/128]",M2_joint_chance_saa,diagnostic_frontier,,,,optimal,9.25988203458479e-05,300.0,16.36655317619443,,,True,SD-12MO,False,10000.0,,,6234.0,2589.0,0.6234,0.8823,0.8875678085124679,0.0032225255623501,0.4913,2589.0,0.9189,0.9233496210566012,0.6619,0.6619,0.6696956308170533,0.8828,0.8880579291142746,0.7156,0.7230233273852484,0.6626,0.9191,0.2056,0.2123605640731507,0.5798,0.6145,0.6225303314142849,0.7153,0.6665,0.6134,0.6134,49.0,580.0,0.0,T51-DGC-0.50,0.0,in_domain_conditional,T51-DGC-0.50=0.8823;T51-DGC-0.33=0.6619;T51-DGC-0.67=1;T51-CORNKERNEL-0.50=0.6619,6.0,0.0,True,,,,,6619.0,0.0,0.6619,0.6619,0.6696956308170533,0.0047306277596107,6626.0,0.0,0.6626,0.6626,0.670391530647386,0.0047282263059206,endpoint_ablation.csv,,,,,,,
0,SDH0_FULL11,SD-H0,FULL11,H0 eleven (linear energy row),"SDH0_FULL11:DIAG-frontier:M2[N=128,alpha_train=m*/N=96/128]",M2_joint_chance_saa,diagnostic_frontier,,,,optimal,9.25988203458479e-05,300.0,16.36655317619443,,,True,SD-SRC12,False,10000.0,,,6998.0,1579.0,0.6998,0.8577,0.8634189195302866,0.0034935756754362,0.4905,1577.0,0.8982,0.9031376050252112,0.7609,0.7611,0.7681070283819795,0.8734,0.878838673006545,0.8231,0.8293564077847289,0.7832,0.9069,0.4522,0.460446127191063,0.6432,0.6653,0.673075536904272,0.809,0.6593,0.6046,0.6049,180.0,726.0,3.0,T51-DGC-0.50,0.0,in_domain_conditional,T51-DGC-0.50=0.8577;T51-DGC-0.33=0.7611;T51-DGC-0.67=0.9984;T51-CORNKERNEL-0.50=0.7611,672.0,3.0,True,,,,,7609.0,2.0,0.7609,0.7611,0.7681070283819795,0.0042641152657966,7830.0,2.0,0.783,0.7832,0.7899663208848968,0.0041206523755347,endpoint_ablation.csv,,,,,,,
0,SDH0_FULL11,SD-H0,FULL11,H0 eleven (linear energy row),"SDH0_FULL11:DIAG-frontier:M2[N=512,alpha_train=m*/N=381/512]",M2_joint_chance_saa,diagnostic_frontier,,,,no_feasible_solution_found,,300.0,300.45106257312,,solver status no_feasible_solution_found; not a statement about the whole decision space,False,,,,,,,,,,,,,,,,,,,,,,,,,,,,,,,,,,,,,,,,,,,,,,,,,,,,,,,,,,,,endpoint_ablation.csv,,,,,,,
0,SDH0_FULL11,SD-H0,FULL11,H0 eleven (linear energy row),"SDH0_FULL11:DIAG-frontier:M2[N=1024,alpha_train=m*/N=780/1024]",M2_joint_chance_saa,diagnostic_frontier,,,,no_feasible_solution_found,,300.0,301.91348993917927,,solver status no_feasible_solution_found; not a statement about the whole decision space,False,,,,,,,,,,,,,,,,,,,,,,,,,,,,,,,,,,,,,,,,,,,,,,,,,,,,,,,,,,,,endpoint_ablation.csv,,,,,,,
0,SDS2_FULL11,SD-S2,FULL11,H0 eleven (linear energy row),SDS2_FULL11:M0,M0_nominal,method,,,,optimal,,300.0,0.0238090571947395,,,True,SD-H0,False,10000.0,,,9246.0,345.0,0.9246,0.9591,0.9623083772056708,0.0019805855194865,0.1514,345.0,0.962,0.965094857477328,0.9567,0.9567,0.9599989318649929,0.9597,0.9628852715220688,0.9601,0.9632697597804748,0.9573,0.9625,0.8244,0.8306379609480876,0.8306,0.848,0.8538799448760875,0.9596,0.5017,0.4986,0.4989,204.0,234.0,3.0,T51-DGC-0.50,0.0,in_domain_conditional,T51-DGC-0.50=0.9591;T51-DGC-0.33=0.9567;T51-DGC-0.67=0.9989;T51-CORNKERNEL-0.50=0.9567,962.0,3.0,True,,,alpha=0.01:False;alpha=0.05:False;alpha=0.1:False,alpha=0.01:False;alpha=0.05:False;alpha=0.1:False,9567.0,0.0,0.9567,0.9567,0.9599989318649929,0.0020353159459897,9573.0,0.0,0.9573,0.9573,0.9605765657902284,0.0020217989514291,endpoint_ablation.csv,,,,,,,
0,SDS2_FULL11,SD-S2,FULL11,H0 eleven (linear energy row),SDS2_FULL11:M0,M0_nominal,method,,,,optimal,,300.0,0.0238090571947395,,,True,SD-S2,True,10000.0,0.9703,0.9730403670388812,9680.0,0.0,0.968,0.968,0.9708435548728273,0.00176,0.0,0.0,0.9703,0.9730403670388812,0.968,0.968,0.9708435548728273,0.968,0.9708435548728273,0.9703,0.9730403670388812,0.968,0.9703,0.8285,0.8346789507100857,0.8285,0.8574,0.8631240318610862,0.9703,0.4962,0.4969,0.4969,237.0,230.0,0.0,T51-DGC-0.50,0.0,in_domain_conditional,T51-DGC-0.50=0.968;T51-DGC-0.33=0.968;T51-DGC-0.67=1;T51-CORNKERNEL-0.50=0.968,0.0,0.0,True,,,alpha=0.01:False;alpha=0.05:False;alpha=0.1:False,alpha=0.01:False;alpha=0.05:False;alpha=0.1:False,9680.0,0.0,0.968,0.968,0.9708435548728273,0.00176,9680.0,0.0,0.968,0.968,0.9708435548728273,0.00176,endpoint_ablation.csv,,,,,,,
0,SDS2_FULL11,SD-S2,FULL11,H0 eleven (linear energy row),SDS2_FULL11:M0,M0_nominal,method,,,,optimal,,300.0,0.0238090571947395,,,True,SD-SRC14,False,10000.0,,,9729.0,1.0,0.9729,0.973,0.97561350411632,0.0016208331191088,0.0004,1.0,0.9757,0.9781795716393364,0.9729,0.9729,0.9755183224571036,0.9739,0.976469697574431,0.9763,0.97874873620178,0.9738,0.9764,0.8223,0.8285676974439393,0.8225,0.868,0.8735379694718607,0.9756,0.4956,0.4947,0.495,286.0,294.0,3.0,T51-DGC-0.50,0.0,in_domain_conditional,T51-DGC-0.50=0.973;T51-DGC-0.33=0.9729;T51-DGC-0.67=1;T51-CORNKERNEL-0.50=0.9729,304.0,3.0,True,,,alpha=0.01:False;alpha=0.05:False;alpha=0.1:False,alpha=0.01:False;alpha=0.05:False;alpha=0.1:False,9729.0,0.0,0.9729,0.9729,0.9755183224571036,0.0016237484411077,9738.0,0.0,0.9738,0.9738,0.9763746048613,0.0015972964659073,endpoint_ablation.csv,,,,,,,
0,SDS2_FULL11,SD-S2,FULL11,H0 eleven (linear energy row),SDS2_FULL11:M0,M0_nominal,method,,,,optimal,,300.0,0.0238090571947395,,,True,SD-12MO,False,10000.0,,,9457.0,74.0,0.9457,0.9531,0.956529554682254,0.0021142466743499,0.019,74.0,0.9557,0.9590358199017266,0.9529,0.9529,0.9563366400731736,0.9531,0.956529554682254,0.9555,0.9588431403327614,0.9529,0.9557,0.8116,0.8180142624383405,0.8118,0.8458,0.8517152782357366,0.9555,0.4989,0.4982,0.4982,211.0,218.0,0.0,T51-DGC-0.50,0.0,in_domain_conditional,T51-DGC-0.50=0.9531;T51-DGC-0.33=0.9529;T51-DGC-0.67=1;T51-CORNKERNEL-0.50=0.9529,6.0,0.0,True,,,alpha=0.01:False;alpha=0.05:False;alpha=0.1:False,alpha=0.01:False;alpha=0.05:False;alpha=0.1:False,9529.0,0.0,0.9529,0.9529,0.9563366400731736,0.0021185275546945,9529.0,0.0,0.9529,0.9529,0.9563366400731736,0.0021185275546945,endpoint_ablation.csv,,,,,,,
0,SDS2_FULL11,SD-S2,FULL11,H0 eleven (linear energy row),SDS2_FULL11:M0,M0_nominal,method,,,,optimal,,300.0,0.0238090571947395,,,True,SD-SRC12,False,10000.0,,,9446.0,136.0,0.9446,0.9582,0.961442679433327,0.0020013185653463,0.1125,136.0,0.9633,0.9663423924400444,0.9576,0.9576,0.9608653157593594,0.9592,0.9624045396092328,0.9635,0.9665342293386864,0.9586,0.9641,0.798,0.8045892415779776,0.7992,0.8616,0.8672516608459001,0.9627,0.498,0.4979,0.4982,419.0,419.0,3.0,T51-DGC-0.50,0.0,in_domain_conditional,T51-DGC-0.50=0.9582;T51-DGC-0.33=0.9576;T51-DGC-0.67=0.9982;T51-CORNKERNEL-0.50=0.9576,672.0,3.0,True,,,alpha=0.01:False;alpha=0.05:False;alpha=0.1:False,alpha=0.01:False;alpha=0.05:False;alpha=0.1:False,9576.0,0.0,0.9576,0.9576,0.9608653157593594,0.002014999751861,9586.0,0.0,0.9586,0.9586,0.9618274861094972,0.0019921355375576,endpoint_ablation.csv,,,,,,,
0,SDS2_FULL11,SD-S2,FULL11,H0 eleven (linear energy row),"SDS2_FULL11:M1[relative,apply_to_dm=True]@alpha=0.05",M1_safety_margin,method,0.05,not_met,,,,300.0,,optimal;proven_infeasible,"no value of the declared grid met the validation screen (candidate statuses: optimal, proven_infeasible); a grid without a solution is not a statement about the whole decision space",False,,,,,,,,,,,,,,,,,,,,,,,,,,,,,,,,,,,,,,,,,,,,,,,,,,,,,,,,,,,,endpoint_ablation.csv,,,,,,,
0,SDS2_FULL11,SD-S2,FULL11,H0 eleven (linear energy row),"SDS2_FULL11:M1[relative,apply_to_dm=False]@alpha=0.05",M1_safety_margin,method,0.05,not_met,,,,300.0,,optimal;proven_infeasible,"no value of the declared grid met the validation screen (candidate statuses: optimal, proven_infeasible); a grid without a solution is not a statement about the whole decision space",False,,,,,,,,,,,,,,,,,,,,,,,,,,,,,,,,,,,,,,,,,,,,,,,,,,,,,,,,,,,,endpoint_ablation.csv,,,,,,,
0,SDS2_FULL11,SD-S2,FULL11,H0 eleven (linear energy row),SDS2_FULL11:M2[N=128]@alpha=0.05,M2_joint_chance_saa,method,0.05,not_met,,,,300.0,,proven_infeasible,"SAA over the N training scenarios proven infeasible for every alpha_train of the declared grid (training scenarios only; not a population, field or whole-space statement)",False,,,,,,,,,,,,,,,,,,,,,,,,,,,,,,,,,,,,,,,,,,,,,,,,,,,,,,,,,,,,endpoint_ablation.csv,,,,,,,
0,SDS2_FULL11,SD-S2,FULL11,H0 eleven (linear energy row),SDS2_FULL11:M2[N=512]@alpha=0.05,M2_joint_chance_saa,method,0.05,not_met,,,,300.0,,proven_infeasible,"SAA over the N training scenarios proven infeasible for every alpha_train of the declared grid (training scenarios only; not a population, field or whole-space statement)",False,,,,,,,,,,,,,,,,,,,,,,,,,,,,,,,,,,,,,,,,,,,,,,,,,,,,,,,,,,,,endpoint_ablation.csv,,,,,,,
0,SDS2_FULL11,SD-S2,FULL11,H0 eleven (linear energy row),SDS2_FULL11:M2[N=1024]@alpha=0.05,M2_joint_chance_saa,method,0.05,not_met,,,,300.0,,proven_infeasible,"SAA over the N training scenarios proven infeasible for every alpha_train of the declared grid (training scenarios only; not a population, field or whole-space statement)",False,,,,,,,,,,,,,,,,,,,,,,,,,,,,,,,,,,,,,,,,,,,,,,,,,,,,,,,,,,,,endpoint_ablation.csv,,,,,,,
0,SDS2_FULL11,SD-S2,FULL11,H0 eleven (linear energy row),SDS2_FULL11:M3a[factory box]@alpha=0.05,M3a_box_robust,method,0.05,not_met,,,,300.0,,proven_infeasible,no value of the declared grid met the validation screen (candidate statuses: proven_infeasible); a grid without a solution is not a statement about the whole decision space,False,,,,,,,,,,,,,,,,,,,,,,,,,,,,,,,,,,,,,,,,,,,,,,,,,,,,,,,,,,,,endpoint_ablation.csv,,,,,,,
0,SDS2_FULL11,SD-S2,FULL11,H0 eleven (linear energy row),SDS2_FULL11:M3b[factory box]@alpha=0.05,M3b_budget_robust,method,0.05,not_met,,,,300.0,,optimal;proven_infeasible,"no value of the declared grid met the validation screen (candidate statuses: optimal, proven_infeasible); a grid without a solution is not a statement about the whole decision space",False,,,,,,,,,,,,,,,,,,,,,,,,,,,,,,,,,,,,,,,,,,,,,,,,,,,,,,,,,,,,endpoint_ablation.csv,,,,,,,
0,SDS2_FULL11,SD-S2,FULL11,H0 eleven (linear energy row),"SDS2_FULL11:M1[relative,apply_to_dm=True]@alpha=0.1",M1_safety_margin,method,0.1,not_met,,,,300.0,,optimal;proven_infeasible,"no value of the declared grid met the validation screen (candidate statuses: optimal, proven_infeasible); a grid without a solution is not a statement about the whole decision space",False,,,,,,,,,,,,,,,,,,,,,,,,,,,,,,,,,,,,,,,,,,,,,,,,,,,,,,,,,,,,endpoint_ablation.csv,,,,,,,
0,SDS2_FULL11,SD-S2,FULL11,H0 eleven (linear energy row),"SDS2_FULL11:M1[relative,apply_to_dm=False]@alpha=0.1",M1_safety_margin,method,0.1,not_met,,,,300.0,,optimal;proven_infeasible,"no value of the declared grid met the validation screen (candidate statuses: optimal, proven_infeasible); a grid without a solution is not a statement about the whole decision space",False,,,,,,,,,,,,,,,,,,,,,,,,,,,,,,,,,,,,,,,,,,,,,,,,,,,,,,,,,,,,endpoint_ablation.csv,,,,,,,
0,SDS2_FULL11,SD-S2,FULL11,H0 eleven (linear energy row),SDS2_FULL11:M2[N=128]@alpha=0.1,M2_joint_chance_saa,method,0.1,not_met,,,,300.0,,proven_infeasible,"SAA over the N training scenarios proven infeasible for every alpha_train of the declared grid (training scenarios only; not a population, field or whole-space statement)",False,,,,,,,,,,,,,,,,,,,,,,,,,,,,,,,,,,,,,,,,,,,,,,,,,,,,,,,,,,,,endpoint_ablation.csv,,,,,,,
0,SDS2_FULL11,SD-S2,FULL11,H0 eleven (linear energy row),SDS2_FULL11:M2[N=512]@alpha=0.1,M2_joint_chance_saa,method,0.1,not_met,,,,300.0,,proven_infeasible,"SAA over the N training scenarios proven infeasible for every alpha_train of the declared grid (training scenarios only; not a population, field or whole-space statement)",False,,,,,,,,,,,,,,,,,,,,,,,,,,,,,,,,,,,,,,,,,,,,,,,,,,,,,,,,,,,,endpoint_ablation.csv,,,,,,,
0,SDS2_FULL11,SD-S2,FULL11,H0 eleven (linear energy row),SDS2_FULL11:M2[N=1024]@alpha=0.1,M2_joint_chance_saa,method,0.1,not_met,,,,300.0,,proven_infeasible,"SAA over the N training scenarios proven infeasible for every alpha_train of the declared grid (training scenarios only; not a population, field or whole-space statement)",False,,,,,,,,,,,,,,,,,,,,,,,,,,,,,,,,,,,,,,,,,,,,,,,,,,,,,,,,,,,,endpoint_ablation.csv,,,,,,,
0,SDS2_FULL11,SD-S2,FULL11,H0 eleven (linear energy row),SDS2_FULL11:M3a[factory box]@alpha=0.1,M3a_box_robust,method,0.1,not_met,,,,300.0,,proven_infeasible,no value of the declared grid met the validation screen (candidate statuses: proven_infeasible); a grid without a solution is not a statement about the whole decision space,False,,,,,,,,,,,,,,,,,,,,,,,,,,,,,,,,,,,,,,,,,,,,,,,,,,,,,,,,,,,,endpoint_ablation.csv,,,,,,,
0,SDS2_FULL11,SD-S2,FULL11,H0 eleven (linear energy row),SDS2_FULL11:M3b[factory box]@alpha=0.1,M3b_budget_robust,method,0.1,not_met,,,,300.0,,optimal;proven_infeasible,"no value of the declared grid met the validation screen (candidate statuses: optimal, proven_infeasible); a grid without a solution is not a statement about the whole decision space",False,,,,,,,,,,,,,,,,,,,,,,,,,,,,,,,,,,,,,,,,,,,,,,,,,,,,,,,,,,,,endpoint_ablation.csv,,,,,,,
0,SDS2_FULL11,SD-S2,FULL11,H0 eleven (linear energy row),"SDS2_FULL11:M1[relative,apply_to_dm=True]@alpha=0.01",M1_safety_margin,method,0.01,not_met,,,,300.0,,optimal;proven_infeasible,"no value of the declared grid met the validation screen (candidate statuses: optimal, proven_infeasible); a grid without a solution is not a statement about the whole decision space",False,,,,,,,,,,,,,,,,,,,,,,,,,,,,,,,,,,,,,,,,,,,,,,,,,,,,,,,,,,,,endpoint_ablation.csv,,,,,,,
0,SDS2_FULL11,SD-S2,FULL11,H0 eleven (linear energy row),"SDS2_FULL11:M1[relative,apply_to_dm=False]@alpha=0.01",M1_safety_margin,method,0.01,not_met,,,,300.0,,optimal;proven_infeasible,"no value of the declared grid met the validation screen (candidate statuses: optimal, proven_infeasible); a grid without a solution is not a statement about the whole decision space",False,,,,,,,,,,,,,,,,,,,,,,,,,,,,,,,,,,,,,,,,,,,,,,,,,,,,,,,,,,,,endpoint_ablation.csv,,,,,,,
0,SDS2_FULL11,SD-S2,FULL11,H0 eleven (linear energy row),SDS2_FULL11:M2[N=128]@alpha=0.01,M2_joint_chance_saa,method,0.01,not_met,,,,300.0,,proven_infeasible,"SAA over the N training scenarios proven infeasible for every alpha_train of the declared grid (training scenarios only; not a population, field or whole-space statement)",False,,,,,,,,,,,,,,,,,,,,,,,,,,,,,,,,,,,,,,,,,,,,,,,,,,,,,,,,,,,,endpoint_ablation.csv,,,,,,,
0,SDS2_FULL11,SD-S2,FULL11,H0 eleven (linear energy row),SDS2_FULL11:M2[N=512]@alpha=0.01,M2_joint_chance_saa,method,0.01,not_met,,,,300.0,,proven_infeasible,"SAA over the N training scenarios proven infeasible for every alpha_train of the declared grid (training scenarios only; not a population, field or whole-space statement)",False,,,,,,,,,,,,,,,,,,,,,,,,,,,,,,,,,,,,,,,,,,,,,,,,,,,,,,,,,,,,endpoint_ablation.csv,,,,,,,
0,SDS2_FULL11,SD-S2,FULL11,H0 eleven (linear energy row),SDS2_FULL11:M2[N=1024]@alpha=0.01,M2_joint_chance_saa,method,0.01,not_met,,,,300.0,,proven_infeasible,"SAA over the N training scenarios proven infeasible for every alpha_train of the declared grid (training scenarios only; not a population, field or whole-space statement)",False,,,,,,,,,,,,,,,,,,,,,,,,,,,,,,,,,,,,,,,,,,,,,,,,,,,,,,,,,,,,endpoint_ablation.csv,,,,,,,
0,SDS2_FULL11,SD-S2,FULL11,H0 eleven (linear energy row),SDS2_FULL11:M3a[factory box]@alpha=0.01,M3a_box_robust,method,0.01,not_met,,,,300.0,,proven_infeasible,no value of the declared grid met the validation screen (candidate statuses: proven_infeasible); a grid without a solution is not a statement about the whole decision space,False,,,,,,,,,,,,,,,,,,,,,,,,,,,,,,,,,,,,,,,,,,,,,,,,,,,,,,,,,,,,endpoint_ablation.csv,,,,,,,
0,SDS2_FULL11,SD-S2,FULL11,H0 eleven (linear energy row),SDS2_FULL11:M3b[factory box]@alpha=0.01,M3b_budget_robust,method,0.01,not_met,,,,300.0,,optimal;proven_infeasible,"no value of the declared grid met the validation screen (candidate statuses: optimal, proven_infeasible); a grid without a solution is not a statement about the whole decision space",False,,,,,,,,,,,,,,,,,,,,,,,,,,,,,,,,,,,,,,,,,,,,,,,,,,,,,,,,,,,,endpoint_ablation.csv,,,,,,,
0,SDS2_FULL11,SD-S2,FULL11,H0 eleven (linear energy row),"SDS2_FULL11:DIAG-frontier:M2[N=128,alpha_train=m*/N=80/128]",M2_joint_chance_saa,diagnostic_frontier,,,,optimal,9.929282234992104e-05,300.0,42.10857642022893,,,True,SD-H0,False,10000.0,,,6709.0,2299.0,0.6709,0.9008,0.9056802205987834,0.0029893035978301,0.4792,2299.0,0.9146,0.9191572558427376,0.8297,0.8297,0.8358614368726242,0.9183,0.9227648583058856,0.8641,0.8697077506011617,0.8537,0.9275,0.6452,0.6530878690143924,0.7489,0.6772,0.684901622769942,0.845,0.4934,0.4849,0.4852,173.0,257.0,3.0,T51-DGC-0.50,0.0,in_domain_conditional,T51-DGC-0.50=0.9008;T51-DGC-0.33=0.8297;T51-DGC-0.67=0.9987;T51-CORNKERNEL-0.50=0.8297,962.0,3.0,True,,,,,8297.0,0.0,0.8297,0.8297,0.8358614368726242,0.0037589614257132,8537.0,0.0,0.8537,0.8537,0.8594863790730181,0.003534067203662,endpoint_ablation.csv,,,,,,,
0,SDS2_FULL11,SD-S2,FULL11,H0 eleven (linear energy row),"SDS2_FULL11:DIAG-frontier:M2[N=128,alpha_train=m*/N=80/128]",M2_joint_chance_saa,diagnostic_frontier,,,,optimal,9.929282234992104e-05,300.0,42.10857642022893,,,True,SD-S2,True,10000.0,0.6834,0.6910608655554136,4803.0,3369.0,0.4803,0.8172,0.8235385717148183,0.0038650247088472,0.4866,3369.0,0.8452,0.8511248409520591,0.6076,0.6076,0.6156576664559625,0.8414,0.8473846844192181,0.6834,0.6910608655554136,0.6508,0.8634,0.2905,0.2980620474394715,0.574,0.5135,0.5217675910559665,0.6487,0.4702,0.4334,0.4334,88.0,456.0,0.0,T51-DGC-0.50,0.0,in_domain_conditional,T51-DGC-0.50=0.8172;T51-DGC-0.33=0.6076;T51-DGC-0.67=1;T51-CORNKERNEL-0.50=0.6076,0.0,0.0,True,,,,,6076.0,0.0,0.6076,0.6076,0.6156576664559625,0.004882849987456,6508.0,0.0,0.6508,0.6508,0.6586581228788886,0.0047671727470273,endpoint_ablation.csv,,,,,,,
0,SDS2_FULL11,SD-S2,FULL11,H0 eleven (linear energy row),"SDS2_FULL11:DIAG-frontier:M2[N=128,alpha_train=m*/N=80/128]",M2_joint_chance_saa,diagnostic_frontier,,,,optimal,9.929282234992104e-05,300.0,42.10857642022893,,,True,SD-SRC14,False,10000.0,,,6918.0,2041.0,0.6918,0.8959,0.900887528720912,0.0030539022577679,0.4926,2041.0,0.9081,0.912813415003178,0.7607,0.7607,0.7677111385003133,0.9258,0.9300689653486288,0.8434,0.8493533419971515,0.8291,0.9339,0.409,0.417155762167182,0.7021,0.7072,0.7146895931352586,0.784,0.4721,0.4459,0.4462,155.0,417.0,3.0,T51-DGC-0.50,0.0,in_domain_conditional,T51-DGC-0.50=0.8959;T51-DGC-0.33=0.7607;T51-DGC-0.67=1;T51-CORNKERNEL-0.50=0.7607,304.0,3.0,True,,,,,7607.0,0.0,0.7607,0.7607,0.7677111385003133,0.0042665619648611,8291.0,0.0,0.8291,0.8291,0.8352702076694711,0.0037642155889374,endpoint_ablation.csv,,,,,,,
0,SDS2_FULL11,SD-S2,FULL11,H0 eleven (linear energy row),"SDS2_FULL11:DIAG-frontier:M2[N=128,alpha_train=m*/N=80/128]",M2_joint_chance_saa,diagnostic_frontier,,,,optimal,9.929282234992104e-05,300.0,42.10857642022893,,,True,SD-12MO,False,10000.0,,,5037.0,3243.0,0.5037,0.828,0.8341862154579857,0.0037738044464439,0.4871,3243.0,0.8535,0.8592897124905688,0.6936,0.6936,0.7011903840827054,0.8437,0.8496486112057713,0.7387,0.7459245302738622,0.7154,0.8653,0.452,0.4602458537121984,0.6129,0.5236,0.5318592495045549,0.7212,0.4853,0.4684,0.4684,137.0,306.0,0.0,T51-DGC-0.50,0.0,in_domain_conditional,T51-DGC-0.50=0.828;T51-DGC-0.33=0.6936;T51-DGC-0.67=1;T51-CORNKERNEL-0.50=0.6936,6.0,0.0,True,,,,,6936.0,0.0,0.6936,0.6936,0.7011903840827054,0.0046099787418164,7154.0,0.0,0.7154,0.7154,0.7228249415373096,0.0045122371391583,endpoint_ablation.csv,,,,,,,
0,SDS2_FULL11,SD-S2,FULL11,H0 eleven (linear energy row),"SDS2_FULL11:DIAG-frontier:M2[N=128,alpha_train=m*/N=80/128]",M2_joint_chance_saa,diagnostic_frontier,,,,optimal,9.929282234992104e-05,300.0,42.10857642022893,,,True,SD-SRC12,False,10000.0,,,6626.0,1781.0,0.6626,0.8407,0.8466955742803666,0.0036595561206244,0.4885,1781.0,0.8694,0.8749125295196409,0.7872,0.7872,0.7939197728093813,0.8831,0.8883519866569637,0.8574,0.8631240318610862,0.8401,0.899,0.5419,0.5501355510295907,0.636,0.7033,0.7108193078719982,0.8181,0.4865,0.4702,0.4705,344.0,506.0,3.0,T51-DGC-0.50,0.0,in_domain_conditional,T51-DGC-0.50=0.8407;T51-DGC-0.33=0.7872;T51-DGC-0.67=0.9982;T51-CORNKERNEL-0.50=0.7872,672.0,3.0,True,,,,,7872.0,0.0,0.7872,0.7872,0.7939197728093813,0.0040928738069967,8401.0,0.0,0.8401,0.8401,0.8461048757145617,0.0036651328761724,endpoint_ablation.csv,,,,,,,
0,SDS2_FULL11,SD-S2,FULL11,H0 eleven (linear energy row),"SDS2_FULL11:DIAG-frontier:M2[N=512,alpha_train=m*/N=307/512]",M2_joint_chance_saa,diagnostic_frontier,,,,no_feasible_solution_found,,300.0,300.5373945692554,,solver status no_feasible_solution_found; not a statement about the whole decision space,False,,,,,,,,,,,,,,,,,,,,,,,,,,,,,,,,,,,,,,,,,,,,,,,,,,,,,,,,,,,,endpoint_ablation.csv,,,,,,,
0,SDS2_FULL11,SD-S2,FULL11,H0 eleven (linear energy row),"SDS2_FULL11:DIAG-frontier:M2[N=1024,alpha_train=m*/N=636/1024]",M2_joint_chance_saa,diagnostic_frontier,,,,no_feasible_solution_found,,300.0,301.66476870607585,,solver status no_feasible_solution_found; not a statement about the whole decision space,False,,,,,,,,,,,,,,,,,,,,,,,,,,,,,,,,,,,,,,,,,,,,,,,,,,,,,,,,,,,,endpoint_ablation.csv,,,,,,,
0,SDH0_PART6P5,SD-H0,PART6P5,S2 declared six,SDH0_PART6P5:M0,M0_nominal,method,,,,optimal,,300.0,0.0517897848039865,,,True,SD-H0,True,10000.0,0.8244,0.8306379609480876,9246.0,345.0,0.9246,0.9591,0.9623083772056708,0.0019805855194865,0.1514,345.0,0.962,0.965094857477328,0.9567,0.9567,0.9599989318649929,0.9597,0.9628852715220688,0.9601,0.9632697597804748,0.9573,0.9625,0.8244,0.8306379609480876,0.8306,0.848,0.8538799448760875,0.9596,0.5017,0.4986,0.4989,204.0,234.0,3.0,T51-DGC-0.50,0.0,in_domain_conditional,T51-DGC-0.50=0.9591;T51-DGC-0.33=0.9567;T51-DGC-0.67=0.9989;T51-CORNKERNEL-0.50=0.9567,962.0,3.0,True,,,alpha=0.01:False;alpha=0.05:False;alpha=0.1:False,alpha=0.01:False;alpha=0.05:False;alpha=0.1:False,9567.0,0.0,0.9567,0.9567,0.9599989318649929,0.0020353159459897,9573.0,0.0,0.9573,0.9573,0.9605765657902284,0.0020217989514291,endpoint_ablation.csv,,,,,,,
0,SDH0_PART6P5,SD-H0,PART6P5,S2 declared six,SDH0_PART6P5:M0,M0_nominal,method,,,,optimal,,300.0,0.0517897848039865,,,True,SD-S2,False,10000.0,,,9680.0,0.0,0.968,0.968,0.9708435548728273,0.00176,0.0,0.0,0.9703,0.9730403670388812,0.968,0.968,0.9708435548728273,0.968,0.9708435548728273,0.9703,0.9730403670388812,0.968,0.9703,0.8285,0.8346789507100857,0.8285,0.8574,0.8631240318610862,0.9703,0.4962,0.4969,0.4969,237.0,230.0,0.0,T51-DGC-0.50,0.0,in_domain_conditional,T51-DGC-0.50=0.968;T51-DGC-0.33=0.968;T51-DGC-0.67=1;T51-CORNKERNEL-0.50=0.968,0.0,0.0,True,,,alpha=0.01:False;alpha=0.05:False;alpha=0.1:False,alpha=0.01:False;alpha=0.05:False;alpha=0.1:False,9680.0,0.0,0.968,0.968,0.9708435548728273,0.00176,9680.0,0.0,0.968,0.968,0.9708435548728273,0.00176,endpoint_ablation.csv,,,,,,,
0,SDH0_PART6P5,SD-H0,PART6P5,S2 declared six,SDH0_PART6P5:M0,M0_nominal,method,,,,optimal,,300.0,0.0517897848039865,,,True,SD-SRC14,False,10000.0,,,9729.0,1.0,0.9729,0.973,0.97561350411632,0.0016208331191088,0.0004,1.0,0.9757,0.9781795716393364,0.9729,0.9729,0.9755183224571036,0.9739,0.976469697574431,0.9763,0.97874873620178,0.9738,0.9764,0.8223,0.8285676974439393,0.8225,0.868,0.8735379694718607,0.9756,0.4956,0.4947,0.495,286.0,294.0,3.0,T51-DGC-0.50,0.0,in_domain_conditional,T51-DGC-0.50=0.973;T51-DGC-0.33=0.9729;T51-DGC-0.67=1;T51-CORNKERNEL-0.50=0.9729,304.0,3.0,True,,,alpha=0.01:False;alpha=0.05:False;alpha=0.1:False,alpha=0.01:False;alpha=0.05:False;alpha=0.1:False,9729.0,0.0,0.9729,0.9729,0.9755183224571036,0.0016237484411077,9738.0,0.0,0.9738,0.9738,0.9763746048613,0.0015972964659073,endpoint_ablation.csv,,,,,,,
0,SDH0_PART6P5,SD-H0,PART6P5,S2 declared six,SDH0_PART6P5:M0,M0_nominal,method,,,,optimal,,300.0,0.0517897848039865,,,True,SD-12MO,False,10000.0,,,9457.0,74.0,0.9457,0.9531,0.956529554682254,0.0021142466743499,0.019,74.0,0.9557,0.9590358199017266,0.9529,0.9529,0.9563366400731736,0.9531,0.956529554682254,0.9555,0.9588431403327614,0.9529,0.9557,0.8116,0.8180142624383405,0.8118,0.8458,0.8517152782357366,0.9555,0.4989,0.4982,0.4982,211.0,218.0,0.0,T51-DGC-0.50,0.0,in_domain_conditional,T51-DGC-0.50=0.9531;T51-DGC-0.33=0.9529;T51-DGC-0.67=1;T51-CORNKERNEL-0.50=0.9529,6.0,0.0,True,,,alpha=0.01:False;alpha=0.05:False;alpha=0.1:False,alpha=0.01:False;alpha=0.05:False;alpha=0.1:False,9529.0,0.0,0.9529,0.9529,0.9563366400731736,0.0021185275546945,9529.0,0.0,0.9529,0.9529,0.9563366400731736,0.0021185275546945,endpoint_ablation.csv,,,,,,,
0,SDH0_PART6P5,SD-H0,PART6P5,S2 declared six,SDH0_PART6P5:M0,M0_nominal,method,,,,optimal,,300.0,0.0517897848039865,,,True,SD-SRC12,False,10000.0,,,9446.0,136.0,0.9446,0.9582,0.961442679433327,0.0020013185653463,0.1125,136.0,0.9633,0.9663423924400444,0.9576,0.9576,0.9608653157593594,0.9592,0.9624045396092328,0.9635,0.9665342293386864,0.9586,0.9641,0.798,0.8045892415779776,0.7992,0.8616,0.8672516608459001,0.9627,0.498,0.4979,0.4982,419.0,419.0,3.0,T51-DGC-0.50,0.0,in_domain_conditional,T51-DGC-0.50=0.9582;T51-DGC-0.33=0.9576;T51-DGC-0.67=0.9982;T51-CORNKERNEL-0.50=0.9576,672.0,3.0,True,,,alpha=0.01:False;alpha=0.05:False;alpha=0.1:False,alpha=0.01:False;alpha=0.05:False;alpha=0.1:False,9576.0,0.0,0.9576,0.9576,0.9608653157593594,0.002014999751861,9586.0,0.0,0.9586,0.9586,0.9618274861094972,0.0019921355375576,endpoint_ablation.csv,,,,,,,
0,SDH0_PART6P5,SD-H0,PART6P5,S2 declared six,"SDH0_PART6P5:M1[relative,apply_to_dm=True]@alpha=0.05",M1_safety_margin,method,0.05,not_met,,,,300.0,,optimal;proven_infeasible,"no value of the declared grid met the validation screen (candidate statuses: optimal, proven_infeasible); a grid without a solution is not a statement about the whole decision space",False,,,,,,,,,,,,,,,,,,,,,,,,,,,,,,,,,,,,,,,,,,,,,,,,,,,,,,,,,,,,endpoint_ablation.csv,,,,,,,
0,SDH0_PART6P5,SD-H0,PART6P5,S2 declared six,"SDH0_PART6P5:M1[relative,apply_to_dm=False]@alpha=0.05",M1_safety_margin,method,0.05,not_met,,,,300.0,,optimal;proven_infeasible,"no value of the declared grid met the validation screen (candidate statuses: optimal, proven_infeasible); a grid without a solution is not a statement about the whole decision space",False,,,,,,,,,,,,,,,,,,,,,,,,,,,,,,,,,,,,,,,,,,,,,,,,,,,,,,,,,,,,endpoint_ablation.csv,,,,,,,
0,SDH0_PART6P5,SD-H0,PART6P5,S2 declared six,SDH0_PART6P5:M2[N=128]@alpha=0.05,M2_joint_chance_saa,method,0.05,not_met,,,,300.0,,proven_infeasible,"SAA over the N training scenarios proven infeasible for every alpha_train of the declared grid (training scenarios only; not a population, field or whole-space statement)",False,,,,,,,,,,,,,,,,,,,,,,,,,,,,,,,,,,,,,,,,,,,,,,,,,,,,,,,,,,,,endpoint_ablation.csv,,,,,,,
0,SDH0_PART6P5,SD-H0,PART6P5,S2 declared six,SDH0_PART6P5:M2[N=512]@alpha=0.05,M2_joint_chance_saa,method,0.05,not_met,,,,300.0,,proven_infeasible,"SAA over the N training scenarios proven infeasible for every alpha_train of the declared grid (training scenarios only; not a population, field or whole-space statement)",False,,,,,,,,,,,,,,,,,,,,,,,,,,,,,,,,,,,,,,,,,,,,,,,,,,,,,,,,,,,,endpoint_ablation.csv,,,,,,,
0,SDH0_PART6P5,SD-H0,PART6P5,S2 declared six,SDH0_PART6P5:M2[N=1024]@alpha=0.05,M2_joint_chance_saa,method,0.05,not_met,,,,300.0,,proven_infeasible,"SAA over the N training scenarios proven infeasible for every alpha_train of the declared grid (training scenarios only; not a population, field or whole-space statement)",False,,,,,,,,,,,,,,,,,,,,,,,,,,,,,,,,,,,,,,,,,,,,,,,,,,,,,,,,,,,,endpoint_ablation.csv,,,,,,,
0,SDH0_PART6P5,SD-H0,PART6P5,S2 declared six,SDH0_PART6P5:M3a[factory box]@alpha=0.05,M3a_box_robust,method,0.05,not_met,,,,300.0,,proven_infeasible,no value of the declared grid met the validation screen (candidate statuses: proven_infeasible); a grid without a solution is not a statement about the whole decision space,False,,,,,,,,,,,,,,,,,,,,,,,,,,,,,,,,,,,,,,,,,,,,,,,,,,,,,,,,,,,,endpoint_ablation.csv,,,,,,,
0,SDH0_PART6P5,SD-H0,PART6P5,S2 declared six,SDH0_PART6P5:M3b[factory box]@alpha=0.05,M3b_budget_robust,method,0.05,not_met,,,,300.0,,optimal;proven_infeasible,"no value of the declared grid met the validation screen (candidate statuses: optimal, proven_infeasible); a grid without a solution is not a statement about the whole decision space",False,,,,,,,,,,,,,,,,,,,,,,,,,,,,,,,,,,,,,,,,,,,,,,,,,,,,,,,,,,,,endpoint_ablation.csv,,,,,,,
0,SDH0_PART6P5,SD-H0,PART6P5,S2 declared six,"SDH0_PART6P5:M1[relative,apply_to_dm=True]@alpha=0.1",M1_safety_margin,method,0.1,not_met,,,,300.0,,optimal;proven_infeasible,"no value of the declared grid met the validation screen (candidate statuses: optimal, proven_infeasible); a grid without a solution is not a statement about the whole decision space",False,,,,,,,,,,,,,,,,,,,,,,,,,,,,,,,,,,,,,,,,,,,,,,,,,,,,,,,,,,,,endpoint_ablation.csv,,,,,,,
0,SDH0_PART6P5,SD-H0,PART6P5,S2 declared six,"SDH0_PART6P5:M1[relative,apply_to_dm=False]@alpha=0.1",M1_safety_margin,method,0.1,not_met,,,,300.0,,optimal;proven_infeasible,"no value of the declared grid met the validation screen (candidate statuses: optimal, proven_infeasible); a grid without a solution is not a statement about the whole decision space",False,,,,,,,,,,,,,,,,,,,,,,,,,,,,,,,,,,,,,,,,,,,,,,,,,,,,,,,,,,,,endpoint_ablation.csv,,,,,,,
0,SDH0_PART6P5,SD-H0,PART6P5,S2 declared six,SDH0_PART6P5:M2[N=128]@alpha=0.1,M2_joint_chance_saa,method,0.1,not_met,,,,300.0,,proven_infeasible,"SAA over the N training scenarios proven infeasible for every alpha_train of the declared grid (training scenarios only; not a population, field or whole-space statement)",False,,,,,,,,,,,,,,,,,,,,,,,,,,,,,,,,,,,,,,,,,,,,,,,,,,,,,,,,,,,,endpoint_ablation.csv,,,,,,,
0,SDH0_PART6P5,SD-H0,PART6P5,S2 declared six,SDH0_PART6P5:M2[N=512]@alpha=0.1,M2_joint_chance_saa,method,0.1,not_met,,,,300.0,,proven_infeasible,"SAA over the N training scenarios proven infeasible for every alpha_train of the declared grid (training scenarios only; not a population, field or whole-space statement)",False,,,,,,,,,,,,,,,,,,,,,,,,,,,,,,,,,,,,,,,,,,,,,,,,,,,,,,,,,,,,endpoint_ablation.csv,,,,,,,
0,SDH0_PART6P5,SD-H0,PART6P5,S2 declared six,SDH0_PART6P5:M2[N=1024]@alpha=0.1,M2_joint_chance_saa,method,0.1,not_met,,,,300.0,,proven_infeasible,"SAA over the N training scenarios proven infeasible for every alpha_train of the declared grid (training scenarios only; not a population, field or whole-space statement)",False,,,,,,,,,,,,,,,,,,,,,,,,,,,,,,,,,,,,,,,,,,,,,,,,,,,,,,,,,,,,endpoint_ablation.csv,,,,,,,
0,SDH0_PART6P5,SD-H0,PART6P5,S2 declared six,SDH0_PART6P5:M3a[factory box]@alpha=0.1,M3a_box_robust,method,0.1,not_met,,,,300.0,,proven_infeasible,no value of the declared grid met the validation screen (candidate statuses: proven_infeasible); a grid without a solution is not a statement about the whole decision space,False,,,,,,,,,,,,,,,,,,,,,,,,,,,,,,,,,,,,,,,,,,,,,,,,,,,,,,,,,,,,endpoint_ablation.csv,,,,,,,
0,SDH0_PART6P5,SD-H0,PART6P5,S2 declared six,SDH0_PART6P5:M3b[factory box]@alpha=0.1,M3b_budget_robust,method,0.1,not_met,,,,300.0,,optimal;proven_infeasible,"no value of the declared grid met the validation screen (candidate statuses: optimal, proven_infeasible); a grid without a solution is not a statement about the whole decision space",False,,,,,,,,,,,,,,,,,,,,,,,,,,,,,,,,,,,,,,,,,,,,,,,,,,,,,,,,,,,,endpoint_ablation.csv,,,,,,,
0,SDH0_PART6P5,SD-H0,PART6P5,S2 declared six,"SDH0_PART6P5:M1[relative,apply_to_dm=True]@alpha=0.01",M1_safety_margin,method,0.01,not_met,,,,300.0,,optimal;proven_infeasible,"no value of the declared grid met the validation screen (candidate statuses: optimal, proven_infeasible); a grid without a solution is not a statement about the whole decision space",False,,,,,,,,,,,,,,,,,,,,,,,,,,,,,,,,,,,,,,,,,,,,,,,,,,,,,,,,,,,,endpoint_ablation.csv,,,,,,,
0,SDH0_PART6P5,SD-H0,PART6P5,S2 declared six,"SDH0_PART6P5:M1[relative,apply_to_dm=False]@alpha=0.01",M1_safety_margin,method,0.01,not_met,,,,300.0,,optimal;proven_infeasible,"no value of the declared grid met the validation screen (candidate statuses: optimal, proven_infeasible); a grid without a solution is not a statement about the whole decision space",False,,,,,,,,,,,,,,,,,,,,,,,,,,,,,,,,,,,,,,,,,,,,,,,,,,,,,,,,,,,,endpoint_ablation.csv,,,,,,,
0,SDH0_PART6P5,SD-H0,PART6P5,S2 declared six,SDH0_PART6P5:M2[N=128]@alpha=0.01,M2_joint_chance_saa,method,0.01,not_met,,,,300.0,,proven_infeasible,"SAA over the N training scenarios proven infeasible for every alpha_train of the declared grid (training scenarios only; not a population, field or whole-space statement)",False,,,,,,,,,,,,,,,,,,,,,,,,,,,,,,,,,,,,,,,,,,,,,,,,,,,,,,,,,,,,endpoint_ablation.csv,,,,,,,
0,SDH0_PART6P5,SD-H0,PART6P5,S2 declared six,SDH0_PART6P5:M2[N=512]@alpha=0.01,M2_joint_chance_saa,method,0.01,not_met,,,,300.0,,proven_infeasible,"SAA over the N training scenarios proven infeasible for every alpha_train of the declared grid (training scenarios only; not a population, field or whole-space statement)",False,,,,,,,,,,,,,,,,,,,,,,,,,,,,,,,,,,,,,,,,,,,,,,,,,,,,,,,,,,,,endpoint_ablation.csv,,,,,,,
0,SDH0_PART6P5,SD-H0,PART6P5,S2 declared six,SDH0_PART6P5:M2[N=1024]@alpha=0.01,M2_joint_chance_saa,method,0.01,not_met,,,,300.0,,proven_infeasible,"SAA over the N training scenarios proven infeasible for every alpha_train of the declared grid (training scenarios only; not a population, field or whole-space statement)",False,,,,,,,,,,,,,,,,,,,,,,,,,,,,,,,,,,,,,,,,,,,,,,,,,,,,,,,,,,,,endpoint_ablation.csv,,,,,,,
0,SDH0_PART6P5,SD-H0,PART6P5,S2 declared six,SDH0_PART6P5:M3a[factory box]@alpha=0.01,M3a_box_robust,method,0.01,not_met,,,,300.0,,proven_infeasible,no value of the declared grid met the validation screen (candidate statuses: proven_infeasible); a grid without a solution is not a statement about the whole decision space,False,,,,,,,,,,,,,,,,,,,,,,,,,,,,,,,,,,,,,,,,,,,,,,,,,,,,,,,,,,,,endpoint_ablation.csv,,,,,,,
0,SDH0_PART6P5,SD-H0,PART6P5,S2 declared six,SDH0_PART6P5:M3b[factory box]@alpha=0.01,M3b_budget_robust,method,0.01,not_met,,,,300.0,,optimal;proven_infeasible,"no value of the declared grid met the validation screen (candidate statuses: optimal, proven_infeasible); a grid without a solution is not a statement about the whole decision space",False,,,,,,,,,,,,,,,,,,,,,,,,,,,,,,,,,,,,,,,,,,,,,,,,,,,,,,,,,,,,endpoint_ablation.csv,,,,,,,
0,SDH0_PART6P5,SD-H0,PART6P5,S2 declared six,"SDH0_PART6P5:DIAG-frontier:M2[N=128,alpha_train=m*/N=62/128]",M2_joint_chance_saa,diagnostic_frontier,,,,optimal,7.841050570651227e-05,300.0,2.53489441704005,,,True,SD-H0,True,10000.0,0.5746,0.5827653955691157,8200.0,1218.0,0.82,0.9418,0.9456053513735718,0.0023412125063735,0.4608,1218.0,0.9492,0.9527647028564784,0.9024,0.9024,0.9072443920097836,0.9586,0.9618274861094972,0.9304,0.9345425603246532,0.9267,0.962,0.5746,0.5827653955691157,0.684,0.8507,0.8565359925276521,0.9106,0.5014,0.4904,0.4907,163.0,272.0,3.0,T51-DGC-0.50,0.0,in_domain_conditional,T51-DGC-0.50=0.9418;T51-DGC-0.33=0.9024;T51-DGC-0.67=0.9994;T51-CORNKERNEL-0.50=0.9024,962.0,3.0,True,,,,,9024.0,0.0,0.9024,0.9024,0.9072443920097836,0.0029677304459805,9267.0,0.0,0.9267,0.9267,0.9309446278359538,0.0026062829854027,endpoint_ablation.csv,,,,,,,
0,SDH0_PART6P5,SD-H0,PART6P5,S2 declared six,"SDH0_PART6P5:DIAG-frontier:M2[N=128,alpha_train=m*/N=62/128]",M2_joint_chance_saa,diagnostic_frontier,,,,optimal,7.841050570651227e-05,300.0,2.53489441704005,,,True,SD-S2,False,10000.0,,,7709.0,1306.0,0.7709,0.9015,0.9063645945982168,0.002979895132383,0.4184,1306.0,0.9145,0.9190597165692076,0.8177,0.8177,0.8240317061543677,0.94,0.9438611020682388,0.8915,0.8965809246368401,0.8825,0.9466,0.2225,0.2294507185061727,0.4832,0.8447,0.8506327859798097,0.835,0.4975,0.4605,0.4605,99.0,469.0,0.0,T51-DGC-0.50,0.0,in_domain_conditional,T51-DGC-0.50=0.9015;T51-DGC-0.33=0.8177;T51-DGC-0.67=1;T51-CORNKERNEL-0.50=0.8177,0.0,0.0,True,,,,,8177.0,0.0,0.8177,0.8177,0.8240317061543677,0.0038609158239982,8825.0,0.0,0.8825,0.8825,0.8877638604495791,0.0032201513939565,endpoint_ablation.csv,,,,,,,
0,SDH0_PART6P5,SD-H0,PART6P5,S2 declared six,"SDH0_PART6P5:DIAG-frontier:M2[N=128,alpha_train=m*/N=62/128]",M2_joint_chance_saa,diagnostic_frontier,,,,optimal,7.841050570651227e-05,300.0,2.53489441704005,,,True,SD-SRC14,False,10000.0,,,8415.0,956.0,0.8415,0.9371,0.941048846397993,0.0024278301011396,0.4377,955.0,0.9434,0.947154924410098,0.8698,0.8699,0.8754033929132242,0.9659,0.9688342662560904,0.9324,0.9364859810437792,0.9272,0.9692,0.3196,0.3273585118594598,0.6164,0.887,0.8921737053712261,0.8807,0.4917,0.4641,0.4644,162.0,438.0,3.0,T51-DGC-0.50,0.0,in_domain_conditional,T51-DGC-0.50=0.9371;T51-DGC-0.33=0.8699;T51-DGC-0.67=1;T51-CORNKERNEL-0.50=0.8699,304.0,3.0,True,,,,,8698.0,1.0,0.8698,0.8699,0.8754033929132242,0.0033641342125426,9271.0,1.0,0.9271,0.9272,0.9314310258752844,0.0025980792905529,endpoint_ablation.csv,,,,,,,
0,SDH0_PART6P5,SD-H0,PART6P5,S2 declared six,"SDH0_PART6P5:DIAG-frontier:M2[N=128,alpha_train=m*/N=62/128]",M2_joint_chance_saa,diagnostic_frontier,,,,optimal,7.841050570651227e-05,300.0,2.53489441704005,,,True,SD-12MO,False,10000.0,,,7680.0,1422.0,0.768,0.9102,0.9148637865751648,0.0028589501569632,0.4512,1422.0,0.9221,0.9264671079939156,0.849,0.849,0.8548637425282533,0.937,0.9409518280226378,0.8937,0.8987345666306636,0.8873,0.943,0.3726,0.3806295365579584,0.5309,0.8192,0.825511002068049,0.8618,0.4988,0.4801,0.4801,131.0,318.0,0.0,T51-DGC-0.50,0.0,in_domain_conditional,T51-DGC-0.50=0.9102;T51-DGC-0.33=0.849;T51-DGC-0.67=1;T51-CORNKERNEL-0.50=0.849,6.0,0.0,True,,,,,8490.0,0.0,0.849,0.849,0.8548637425282533,0.003580488793447,8873.0,0.0,0.8873,0.8873,0.8924676031931849,0.0031622572634116,endpoint_ablation.csv,,,,,,,
0,SDH0_PART6P5,SD-H0,PART6P5,S2 declared six,"SDH0_PART6P5:DIAG-frontier:M2[N=128,alpha_train=m*/N=62/128]",M2_joint_chance_saa,diagnostic_frontier,,,,optimal,7.841050570651227e-05,300.0,2.53489441704005,,,True,SD-SRC12,False,10000.0,,,8244.0,913.0,0.8244,0.9157,0.920230062824522,0.0027783720053297,0.4697,913.0,0.9296,0.9337649101686792,0.8885,0.8885,0.8936430770173396,0.9502,0.9537306399947824,0.9372,0.9411458618986954,0.9309,0.956,0.4761,0.4843692427217215,0.5718,0.8763,0.8816840118779682,0.9036,0.4994,0.4826,0.4829,328.0,495.0,3.0,T51-DGC-0.50,0.0,in_domain_conditional,T51-DGC-0.50=0.9157;T51-DGC-0.33=0.8885;T51-DGC-0.67=0.9992;T51-CORNKERNEL-0.50=0.8885,672.0,3.0,True,,,,,8885.0,0.0,0.8885,0.8885,0.8936430770173396,0.0031475029785529,9309.0,0.0,0.9309,0.9309,0.9350285107016508,0.0025362411162978,endpoint_ablation.csv,,,,,,,
0,SDH0_PART6P5,SD-H0,PART6P5,S2 declared six,"SDH0_PART6P5:DIAG-frontier:M2[N=512,alpha_train=m*/N=277/512]",M2_joint_chance_saa,diagnostic_frontier,,,,optimal,0.0,300.0,83.17898367391899,,,True,SD-H0,True,10000.0,0.5709,0.579075141059629,8176.0,1264.0,0.8176,0.944,0.947735796027698,0.0022992172581119,0.4814,1264.0,0.9515,0.9549857589130007,0.9012,0.9012,0.9060713007397068,0.9604,0.963558068413988,0.9297,0.9338621250889764,0.9259,0.9638,0.5709,0.579075141059629,0.6916,0.8503,0.8561425454253969,0.9097,0.5015,0.4903,0.4906,163.0,274.0,3.0,T51-DGC-0.50,0.0,in_domain_conditional,T51-DGC-0.50=0.944;T51-DGC-0.33=0.9012;T51-DGC-0.67=0.9994;T51-CORNKERNEL-0.50=0.9012,962.0,3.0,True,,,,,9012.0,0.0,0.9012,0.9012,0.9060713007397068,0.0029839329751185,9259.0,0.0,0.9259,0.9259,0.9301662703762807,0.0026193356027817,endpoint_ablation.csv,,,,,,,
0,SDH0_PART6P5,SD-H0,PART6P5,S2 declared six,"SDH0_PART6P5:DIAG-frontier:M2[N=512,alpha_train=m*/N=277/512]",M2_joint_chance_saa,diagnostic_frontier,,,,optimal,0.0,300.0,83.17898367391899,,,True,SD-S2,False,10000.0,,,7674.0,1506.0,0.7674,0.918,0.9224724498636464,0.0027436472076416,0.496,1506.0,0.9295,0.9336676927913492,0.8166,0.8166,0.8229467868889044,0.9501,0.9536340640815888,0.8921,0.8971683479202753,0.883,0.9567,0.2223,0.2292485663019996,0.545,0.8454,0.8513216568631099,0.8338,0.4979,0.4608,0.4608,99.0,470.0,0.0,T51-DGC-0.50,0.0,in_domain_conditional,T51-DGC-0.50=0.918;T51-DGC-0.33=0.8166;T51-DGC-0.67=1;T51-CORNKERNEL-0.50=0.8166,0.0,0.0,True,,,,,8166.0,0.0,0.8166,0.8166,0.8229467868889044,0.0038699410848228,8830.0,0.0,0.883,0.883,0.8882539687141349,0.0032142028560748,endpoint_ablation.csv,,,,,,,
0,SDH0_PART6P5,SD-H0,PART6P5,S2 declared six,"SDH0_PART6P5:DIAG-frontier:M2[N=512,alpha_train=m*/N=277/512]",M2_joint_chance_saa,diagnostic_frontier,,,,optimal,0.0,300.0,83.17898367391899,,,True,SD-SRC14,False,10000.0,,,8367.0,1078.0,0.8367,0.9445,0.9482197627032216,0.0022895359791887,0.4998,1077.0,0.9499,0.9534409003095852,0.8686,0.8687,0.8742252756521155,0.9699,0.972658619051385,0.9318,0.9359030620986918,0.9267,0.9728,0.3184,0.3261511071639626,0.6563,0.8863,0.8914878984941034,0.8795,0.492,0.4641,0.4644,157.0,436.0,3.0,T51-DGC-0.50,0.0,in_domain_conditional,T51-DGC-0.50=0.9445;T51-DGC-0.33=0.8687;T51-DGC-0.67=1;T51-CORNKERNEL-0.50=0.8687,304.0,3.0,True,,,,,8686.0,1.0,0.8686,0.8687,0.8742252756521155,0.0033772815991563,9266.0,1.0,0.9266,0.9267,0.9309446278359538,0.0026062829854027,endpoint_ablation.csv,,,,,,,
0,SDH0_PART6P5,SD-H0,PART6P5,S2 declared six,"SDH0_PART6P5:DIAG-frontier:M2[N=512,alpha_train=m*/N=277/512]",M2_joint_chance_saa,diagnostic_frontier,,,,optimal,0.0,300.0,83.17898367391899,,,True,SD-12MO,False,10000.0,,,7645.0,1541.0,0.7645,0.9186,0.923057248733816,0.0027344842292468,0.4912,1541.0,0.9301,0.9342509601025984,0.8481,0.8481,0.8539783286521822,0.9441,0.9478325961666808,0.8938,0.8988324434345507,0.8876,0.9498,0.3709,0.3789224837333609,0.5571,0.8189,0.8252151558208716,0.8609,0.499,0.4801,0.4801,131.0,320.0,0.0,T51-DGC-0.50,0.0,in_domain_conditional,T51-DGC-0.50=0.9186;T51-DGC-0.33=0.8481;T51-DGC-0.67=1;T51-CORNKERNEL-0.50=0.8481,6.0,0.0,True,,,,,8481.0,0.0,0.8481,0.8481,0.8539783286521822,0.0035892393344551,8876.0,0.0,0.8876,0.8876,0.8927614893098582,0.0031585794275275,endpoint_ablation.csv,,,,,,,
0,SDH0_PART6P5,SD-H0,PART6P5,S2 declared six,"SDH0_PART6P5:DIAG-frontier:M2[N=512,alpha_train=m*/N=277/512]",M2_joint_chance_saa,diagnostic_frontier,,,,optimal,0.0,300.0,83.17898367391899,,,True,SD-SRC12,False,10000.0,,,8214.0,967.0,0.8214,0.9181,0.9225699213404094,0.0027421230825767,0.4915,967.0,0.9322,0.9362916850702312,0.8873,0.8873,0.8924676031931849,0.9517,0.9551787925348088,0.9366,0.9405637259020154,0.9303,0.9575,0.4746,0.4828683481007249,0.5838,0.8756,0.8809972935817327,0.9025,0.4992,0.4825,0.4828,327.0,493.0,3.0,T51-DGC-0.50,0.0,in_domain_conditional,T51-DGC-0.50=0.9181;T51-DGC-0.33=0.8873;T51-DGC-0.67=0.9992;T51-CORNKERNEL-0.50=0.8873,672.0,3.0,True,,,,,8873.0,0.0,0.8873,0.8873,0.8924676031931849,0.0031622572634116,9303.0,0.0,0.9303,0.9303,0.934445362740322,0.0025464074693575,endpoint_ablation.csv,,,,,,,
0,SDH0_PART6P5,SD-H0,PART6P5,S2 declared six,"SDH0_PART6P5:DIAG-frontier:M2[N=1024,alpha_train=m*/N=567/1024]",M2_joint_chance_saa,diagnostic_frontier,,,,no_feasible_solution_found,,300.0,300.80613501369953,,solver status no_feasible_solution_found; not a statement about the whole decision space,False,,,,,,,,,,,,,,,,,,,,,,,,,,,,,,,,,,,,,,,,,,,,,,,,,,,,,,,,,,,,endpoint_ablation.csv,,,,,,,
0,SDS2_PART6P5,SD-S2,PART6P5,S2 declared six,SDS2_PART6P5:M0,M0_nominal,method,,,,optimal,,300.0,0.0193881918676197,,,True,SD-H0,False,10000.0,,,9246.0,345.0,0.9246,0.9591,0.9623083772056708,0.0019805855194865,0.1514,345.0,0.962,0.965094857477328,0.9567,0.9567,0.9599989318649929,0.9597,0.9628852715220688,0.9601,0.9632697597804748,0.9573,0.9625,0.8244,0.8306379609480876,0.8306,0.848,0.8538799448760875,0.9596,0.5017,0.4986,0.4989,204.0,234.0,3.0,T51-DGC-0.50,0.0,in_domain_conditional,T51-DGC-0.50=0.9591;T51-DGC-0.33=0.9567;T51-DGC-0.67=0.9989;T51-CORNKERNEL-0.50=0.9567,962.0,3.0,True,,,alpha=0.01:False;alpha=0.05:False;alpha=0.1:False,alpha=0.01:False;alpha=0.05:False;alpha=0.1:False,9567.0,0.0,0.9567,0.9567,0.9599989318649929,0.0020353159459897,9573.0,0.0,0.9573,0.9573,0.9605765657902284,0.0020217989514291,endpoint_ablation.csv,,,,,,,
0,SDS2_PART6P5,SD-S2,PART6P5,S2 declared six,SDS2_PART6P5:M0,M0_nominal,method,,,,optimal,,300.0,0.0193881918676197,,,True,SD-S2,True,10000.0,0.8285,0.8346789507100857,9680.0,0.0,0.968,0.968,0.9708435548728273,0.00176,0.0,0.0,0.9703,0.9730403670388812,0.968,0.968,0.9708435548728273,0.968,0.9708435548728273,0.9703,0.9730403670388812,0.968,0.9703,0.8285,0.8346789507100857,0.8285,0.8574,0.8631240318610862,0.9703,0.4962,0.4969,0.4969,237.0,230.0,0.0,T51-DGC-0.50,0.0,in_domain_conditional,T51-DGC-0.50=0.968;T51-DGC-0.33=0.968;T51-DGC-0.67=1;T51-CORNKERNEL-0.50=0.968,0.0,0.0,True,,,alpha=0.01:False;alpha=0.05:False;alpha=0.1:False,alpha=0.01:False;alpha=0.05:False;alpha=0.1:False,9680.0,0.0,0.968,0.968,0.9708435548728273,0.00176,9680.0,0.0,0.968,0.968,0.9708435548728273,0.00176,endpoint_ablation.csv,,,,,,,
0,SDS2_PART6P5,SD-S2,PART6P5,S2 declared six,SDS2_PART6P5:M0,M0_nominal,method,,,,optimal,,300.0,0.0193881918676197,,,True,SD-SRC14,False,10000.0,,,9729.0,1.0,0.9729,0.973,0.97561350411632,0.0016208331191088,0.0004,1.0,0.9757,0.9781795716393364,0.9729,0.9729,0.9755183224571036,0.9739,0.976469697574431,0.9763,0.97874873620178,0.9738,0.9764,0.8223,0.8285676974439393,0.8225,0.868,0.8735379694718607,0.9756,0.4956,0.4947,0.495,286.0,294.0,3.0,T51-DGC-0.50,0.0,in_domain_conditional,T51-DGC-0.50=0.973;T51-DGC-0.33=0.9729;T51-DGC-0.67=1;T51-CORNKERNEL-0.50=0.9729,304.0,3.0,True,,,alpha=0.01:False;alpha=0.05:False;alpha=0.1:False,alpha=0.01:False;alpha=0.05:False;alpha=0.1:False,9729.0,0.0,0.9729,0.9729,0.9755183224571036,0.0016237484411077,9738.0,0.0,0.9738,0.9738,0.9763746048613,0.0015972964659073,endpoint_ablation.csv,,,,,,,
0,SDS2_PART6P5,SD-S2,PART6P5,S2 declared six,SDS2_PART6P5:M0,M0_nominal,method,,,,optimal,,300.0,0.0193881918676197,,,True,SD-12MO,False,10000.0,,,9457.0,74.0,0.9457,0.9531,0.956529554682254,0.0021142466743499,0.019,74.0,0.9557,0.9590358199017266,0.9529,0.9529,0.9563366400731736,0.9531,0.956529554682254,0.9555,0.9588431403327614,0.9529,0.9557,0.8116,0.8180142624383405,0.8118,0.8458,0.8517152782357366,0.9555,0.4989,0.4982,0.4982,211.0,218.0,0.0,T51-DGC-0.50,0.0,in_domain_conditional,T51-DGC-0.50=0.9531;T51-DGC-0.33=0.9529;T51-DGC-0.67=1;T51-CORNKERNEL-0.50=0.9529,6.0,0.0,True,,,alpha=0.01:False;alpha=0.05:False;alpha=0.1:False,alpha=0.01:False;alpha=0.05:False;alpha=0.1:False,9529.0,0.0,0.9529,0.9529,0.9563366400731736,0.0021185275546945,9529.0,0.0,0.9529,0.9529,0.9563366400731736,0.0021185275546945,endpoint_ablation.csv,,,,,,,
0,SDS2_PART6P5,SD-S2,PART6P5,S2 declared six,SDS2_PART6P5:M0,M0_nominal,method,,,,optimal,,300.0,0.0193881918676197,,,True,SD-SRC12,False,10000.0,,,9446.0,136.0,0.9446,0.9582,0.961442679433327,0.0020013185653463,0.1125,136.0,0.9633,0.9663423924400444,0.9576,0.9576,0.9608653157593594,0.9592,0.9624045396092328,0.9635,0.9665342293386864,0.9586,0.9641,0.798,0.8045892415779776,0.7992,0.8616,0.8672516608459001,0.9627,0.498,0.4979,0.4982,419.0,419.0,3.0,T51-DGC-0.50,0.0,in_domain_conditional,T51-DGC-0.50=0.9582;T51-DGC-0.33=0.9576;T51-DGC-0.67=0.9982;T51-CORNKERNEL-0.50=0.9576,672.0,3.0,True,,,alpha=0.01:False;alpha=0.05:False;alpha=0.1:False,alpha=0.01:False;alpha=0.05:False;alpha=0.1:False,9576.0,0.0,0.9576,0.9576,0.9608653157593594,0.002014999751861,9586.0,0.0,0.9586,0.9586,0.9618274861094972,0.0019921355375576,endpoint_ablation.csv,,,,,,,
0,SDS2_PART6P5,SD-S2,PART6P5,S2 declared six,"SDS2_PART6P5:M1[relative,apply_to_dm=True]@alpha=0.05",M1_safety_margin,method,0.05,not_met,,,,300.0,,optimal;proven_infeasible,"no value of the declared grid met the validation screen (candidate statuses: optimal, proven_infeasible); a grid without a solution is not a statement about the whole decision space",False,,,,,,,,,,,,,,,,,,,,,,,,,,,,,,,,,,,,,,,,,,,,,,,,,,,,,,,,,,,,endpoint_ablation.csv,,,,,,,
0,SDS2_PART6P5,SD-S2,PART6P5,S2 declared six,"SDS2_PART6P5:M1[relative,apply_to_dm=False]@alpha=0.05",M1_safety_margin,method,0.05,not_met,,,,300.0,,optimal;proven_infeasible,"no value of the declared grid met the validation screen (candidate statuses: optimal, proven_infeasible); a grid without a solution is not a statement about the whole decision space",False,,,,,,,,,,,,,,,,,,,,,,,,,,,,,,,,,,,,,,,,,,,,,,,,,,,,,,,,,,,,endpoint_ablation.csv,,,,,,,
0,SDS2_PART6P5,SD-S2,PART6P5,S2 declared six,SDS2_PART6P5:M2[N=128]@alpha=0.05,M2_joint_chance_saa,method,0.05,not_met,,,,300.0,,proven_infeasible,"SAA over the N training scenarios proven infeasible for every alpha_train of the declared grid (training scenarios only; not a population, field or whole-space statement)",False,,,,,,,,,,,,,,,,,,,,,,,,,,,,,,,,,,,,,,,,,,,,,,,,,,,,,,,,,,,,endpoint_ablation.csv,,,,,,,
0,SDS2_PART6P5,SD-S2,PART6P5,S2 declared six,SDS2_PART6P5:M2[N=512]@alpha=0.05,M2_joint_chance_saa,method,0.05,not_met,,,,300.0,,proven_infeasible,"SAA over the N training scenarios proven infeasible for every alpha_train of the declared grid (training scenarios only; not a population, field or whole-space statement)",False,,,,,,,,,,,,,,,,,,,,,,,,,,,,,,,,,,,,,,,,,,,,,,,,,,,,,,,,,,,,endpoint_ablation.csv,,,,,,,
0,SDS2_PART6P5,SD-S2,PART6P5,S2 declared six,SDS2_PART6P5:M2[N=1024]@alpha=0.05,M2_joint_chance_saa,method,0.05,not_met,,,,300.0,,proven_infeasible,"SAA over the N training scenarios proven infeasible for every alpha_train of the declared grid (training scenarios only; not a population, field or whole-space statement)",False,,,,,,,,,,,,,,,,,,,,,,,,,,,,,,,,,,,,,,,,,,,,,,,,,,,,,,,,,,,,endpoint_ablation.csv,,,,,,,
0,SDS2_PART6P5,SD-S2,PART6P5,S2 declared six,SDS2_PART6P5:M3a[factory box]@alpha=0.05,M3a_box_robust,method,0.05,not_met,,,,300.0,,proven_infeasible,no value of the declared grid met the validation screen (candidate statuses: proven_infeasible); a grid without a solution is not a statement about the whole decision space,False,,,,,,,,,,,,,,,,,,,,,,,,,,,,,,,,,,,,,,,,,,,,,,,,,,,,,,,,,,,,endpoint_ablation.csv,,,,,,,
0,SDS2_PART6P5,SD-S2,PART6P5,S2 declared six,SDS2_PART6P5:M3b[factory box]@alpha=0.05,M3b_budget_robust,method,0.05,not_met,,,,300.0,,optimal;proven_infeasible,"no value of the declared grid met the validation screen (candidate statuses: optimal, proven_infeasible); a grid without a solution is not a statement about the whole decision space",False,,,,,,,,,,,,,,,,,,,,,,,,,,,,,,,,,,,,,,,,,,,,,,,,,,,,,,,,,,,,endpoint_ablation.csv,,,,,,,
0,SDS2_PART6P5,SD-S2,PART6P5,S2 declared six,"SDS2_PART6P5:M1[relative,apply_to_dm=True]@alpha=0.1",M1_safety_margin,method,0.1,not_met,,,,300.0,,optimal;proven_infeasible,"no value of the declared grid met the validation screen (candidate statuses: optimal, proven_infeasible); a grid without a solution is not a statement about the whole decision space",False,,,,,,,,,,,,,,,,,,,,,,,,,,,,,,,,,,,,,,,,,,,,,,,,,,,,,,,,,,,,endpoint_ablation.csv,,,,,,,
0,SDS2_PART6P5,SD-S2,PART6P5,S2 declared six,"SDS2_PART6P5:M1[relative,apply_to_dm=False]@alpha=0.1",M1_safety_margin,method,0.1,not_met,,,,300.0,,optimal;proven_infeasible,"no value of the declared grid met the validation screen (candidate statuses: optimal, proven_infeasible); a grid without a solution is not a statement about the whole decision space",False,,,,,,,,,,,,,,,,,,,,,,,,,,,,,,,,,,,,,,,,,,,,,,,,,,,,,,,,,,,,endpoint_ablation.csv,,,,,,,
0,SDS2_PART6P5,SD-S2,PART6P5,S2 declared six,SDS2_PART6P5:M2[N=128]@alpha=0.1,M2_joint_chance_saa,method,0.1,not_met,,,,300.0,,optimal;proven_infeasible,"no value of the declared grid met the validation screen (candidate statuses: optimal, proven_infeasible); a grid without a solution is not a statement about the whole decision space",False,,,,,,,,,,,,,,,,,,,,,,,,,,,,,,,,,,,,,,,,,,,,,,,,,,,,,,,,,,,,endpoint_ablation.csv,,,,,,,
0,SDS2_PART6P5,SD-S2,PART6P5,S2 declared six,SDS2_PART6P5:M2[N=512]@alpha=0.1,M2_joint_chance_saa,method,0.1,not_met,,,,300.0,,optimal;proven_infeasible,"no value of the declared grid met the validation screen (candidate statuses: optimal, proven_infeasible); a grid without a solution is not a statement about the whole decision space",False,,,,,,,,,,,,,,,,,,,,,,,,,,,,,,,,,,,,,,,,,,,,,,,,,,,,,,,,,,,,endpoint_ablation.csv,,,,,,,
0,SDS2_PART6P5,SD-S2,PART6P5,S2 declared six,SDS2_PART6P5:M2[N=1024]@alpha=0.1,M2_joint_chance_saa,method,0.1,not_met,,,,300.0,,optimal;proven_infeasible,"no value of the declared grid met the validation screen (candidate statuses: optimal, proven_infeasible); a grid without a solution is not a statement about the whole decision space",False,,,,,,,,,,,,,,,,,,,,,,,,,,,,,,,,,,,,,,,,,,,,,,,,,,,,,,,,,,,,endpoint_ablation.csv,,,,,,,
0,SDS2_PART6P5,SD-S2,PART6P5,S2 declared six,SDS2_PART6P5:M3a[factory box]@alpha=0.1,M3a_box_robust,method,0.1,not_met,,,,300.0,,proven_infeasible,no value of the declared grid met the validation screen (candidate statuses: proven_infeasible); a grid without a solution is not a statement about the whole decision space,False,,,,,,,,,,,,,,,,,,,,,,,,,,,,,,,,,,,,,,,,,,,,,,,,,,,,,,,,,,,,endpoint_ablation.csv,,,,,,,
0,SDS2_PART6P5,SD-S2,PART6P5,S2 declared six,SDS2_PART6P5:M3b[factory box]@alpha=0.1,M3b_budget_robust,method,0.1,not_met,,,,300.0,,optimal;proven_infeasible,"no value of the declared grid met the validation screen (candidate statuses: optimal, proven_infeasible); a grid without a solution is not a statement about the whole decision space",False,,,,,,,,,,,,,,,,,,,,,,,,,,,,,,,,,,,,,,,,,,,,,,,,,,,,,,,,,,,,endpoint_ablation.csv,,,,,,,
0,SDS2_PART6P5,SD-S2,PART6P5,S2 declared six,"SDS2_PART6P5:M1[relative,apply_to_dm=True]@alpha=0.01",M1_safety_margin,method,0.01,not_met,,,,300.0,,optimal;proven_infeasible,"no value of the declared grid met the validation screen (candidate statuses: optimal, proven_infeasible); a grid without a solution is not a statement about the whole decision space",False,,,,,,,,,,,,,,,,,,,,,,,,,,,,,,,,,,,,,,,,,,,,,,,,,,,,,,,,,,,,endpoint_ablation.csv,,,,,,,
0,SDS2_PART6P5,SD-S2,PART6P5,S2 declared six,"SDS2_PART6P5:M1[relative,apply_to_dm=False]@alpha=0.01",M1_safety_margin,method,0.01,not_met,,,,300.0,,optimal;proven_infeasible,"no value of the declared grid met the validation screen (candidate statuses: optimal, proven_infeasible); a grid without a solution is not a statement about the whole decision space",False,,,,,,,,,,,,,,,,,,,,,,,,,,,,,,,,,,,,,,,,,,,,,,,,,,,,,,,,,,,,endpoint_ablation.csv,,,,,,,
0,SDS2_PART6P5,SD-S2,PART6P5,S2 declared six,SDS2_PART6P5:M2[N=128]@alpha=0.01,M2_joint_chance_saa,method,0.01,not_met,,,,300.0,,proven_infeasible,"SAA over the N training scenarios proven infeasible for every alpha_train of the declared grid (training scenarios only; not a population, field or whole-space statement)",False,,,,,,,,,,,,,,,,,,,,,,,,,,,,,,,,,,,,,,,,,,,,,,,,,,,,,,,,,,,,endpoint_ablation.csv,,,,,,,
0,SDS2_PART6P5,SD-S2,PART6P5,S2 declared six,SDS2_PART6P5:M2[N=512]@alpha=0.01,M2_joint_chance_saa,method,0.01,not_met,,,,300.0,,proven_infeasible,"SAA over the N training scenarios proven infeasible for every alpha_train of the declared grid (training scenarios only; not a population, field or whole-space statement)",False,,,,,,,,,,,,,,,,,,,,,,,,,,,,,,,,,,,,,,,,,,,,,,,,,,,,,,,,,,,,endpoint_ablation.csv,,,,,,,
0,SDS2_PART6P5,SD-S2,PART6P5,S2 declared six,SDS2_PART6P5:M2[N=1024]@alpha=0.01,M2_joint_chance_saa,method,0.01,not_met,,,,300.0,,proven_infeasible,"SAA over the N training scenarios proven infeasible for every alpha_train of the declared grid (training scenarios only; not a population, field or whole-space statement)",False,,,,,,,,,,,,,,,,,,,,,,,,,,,,,,,,,,,,,,,,,,,,,,,,,,,,,,,,,,,,endpoint_ablation.csv,,,,,,,
0,SDS2_PART6P5,SD-S2,PART6P5,S2 declared six,SDS2_PART6P5:M3a[factory box]@alpha=0.01,M3a_box_robust,method,0.01,not_met,,,,300.0,,proven_infeasible,no value of the declared grid met the validation screen (candidate statuses: proven_infeasible); a grid without a solution is not a statement about the whole decision space,False,,,,,,,,,,,,,,,,,,,,,,,,,,,,,,,,,,,,,,,,,,,,,,,,,,,,,,,,,,,,endpoint_ablation.csv,,,,,,,
0,SDS2_PART6P5,SD-S2,PART6P5,S2 declared six,SDS2_PART6P5:M3b[factory box]@alpha=0.01,M3b_budget_robust,method,0.01,not_met,,,,300.0,,optimal;proven_infeasible,"no value of the declared grid met the validation screen (candidate statuses: optimal, proven_infeasible); a grid without a solution is not a statement about the whole decision space",False,,,,,,,,,,,,,,,,,,,,,,,,,,,,,,,,,,,,,,,,,,,,,,,,,,,,,,,,,,,,endpoint_ablation.csv,,,,,,,
0,SDS2_PART6P5,SD-S2,PART6P5,S2 declared six,"SDS2_PART6P5:DIAG-frontier:M2[N=128,alpha_train=m*/N=8/128]",M2_joint_chance_saa,diagnostic_frontier,,,,optimal,0.0,300.0,3.3317710696719587,,,True,SD-H0,False,10000.0,,,8255.0,1219.0,0.8255,0.9474,0.951025043853389,0.0022323359962156,0.4815,1219.0,0.9556,0.9589394824713336,0.9016,0.9016,0.906462356111834,0.9633,0.9663423924400444,0.9302,0.9343481626646528,0.9259,0.9672,0.5646,0.5727906673521739,0.7043,0.857,0.8627308348389879,0.9107,0.5004,0.483,0.4833,144.0,317.0,3.0,T51-DGC-0.50,0.0,in_domain_conditional,T51-DGC-0.50=0.9474;T51-DGC-0.33=0.9016;T51-DGC-0.67=0.9996;T51-CORNKERNEL-0.50=0.9016,962.0,3.0,True,,,,,9016.0,0.0,0.9016,0.9016,0.906462356111834,0.0029785472969217,9259.0,0.0,0.9259,0.9259,0.9301662703762807,0.0026193356027817,endpoint_ablation.csv,,,,,,,
0,SDS2_PART6P5,SD-S2,PART6P5,S2 declared six,"SDS2_PART6P5:DIAG-frontier:M2[N=128,alpha_train=m*/N=8/128]",M2_joint_chance_saa,diagnostic_frontier,,,,optimal,0.0,300.0,3.3317710696719587,,,True,SD-S2,True,10000.0,0.0942,0.0991426076131674,7687.0,1472.0,0.7687,0.9159,0.9204250938276858,0.0027753772716515,0.4952,1472.0,0.933,0.9370688064026584,0.7885,0.7885,0.795204439012506,0.95,0.9535374841827468,0.8779,0.8832534409960774,0.8659,0.9575,0.0942,0.0991426076131674,0.5177,0.8506,0.8564376321130078,0.8144,0.4983,0.4278,0.4278,35.0,740.0,0.0,T51-DGC-0.50,0.0,in_domain_conditional,T51-DGC-0.50=0.9159;T51-DGC-0.33=0.7885;T51-DGC-0.67=1;T51-CORNKERNEL-0.50=0.7885,0.0,0.0,True,,,,,7885.0,0.0,0.7885,0.7885,0.795204439012506,0.0040837207299226,8659.0,0.0,0.8659,0.8659,0.8714757405604027,0.0034075972473283,endpoint_ablation.csv,,,,,,,
0,SDS2_PART6P5,SD-S2,PART6P5,S2 declared six,"SDS2_PART6P5:DIAG-frontier:M2[N=128,alpha_train=m*/N=8/128]",M2_joint_chance_saa,diagnostic_frontier,,,,optimal,0.0,300.0,3.3317710696719587,,,True,SD-SRC14,False,10000.0,,,8325.0,1063.0,0.8325,0.9388,0.9426977136475372,0.0023969680848939,0.5011,1063.0,0.9474,0.951025043853389,0.8519,0.8519,0.8577162464215038,0.9671,0.9699828211886454,0.926,0.9302635731150174,0.9183,0.9718,0.2061,0.2128664376203816,0.6057,0.8912,0.8962871945163652,0.8684,0.4945,0.4396,0.4399,88.0,637.0,3.0,T51-DGC-0.50,0.0,in_domain_conditional,T51-DGC-0.50=0.9388;T51-DGC-0.33=0.8519;T51-DGC-0.67=1;T51-CORNKERNEL-0.50=0.8519,304.0,3.0,True,,,,,8519.0,0.0,0.8519,0.8519,0.8577162464215038,0.0035519908502134,9183.0,0.0,0.9183,0.9183,0.9227648583058856,0.0027390711929411,endpoint_ablation.csv,,,,,,,
0,SDS2_PART6P5,SD-S2,PART6P5,S2 declared six,"SDS2_PART6P5:DIAG-frontier:M2[N=128,alpha_train=m*/N=8/128]",M2_joint_chance_saa,diagnostic_frontier,,,,optimal,0.0,300.0,3.3317710696719587,,,True,SD-12MO,False,10000.0,,,7740.0,1470.0,0.774,0.921,0.9253957125643282,0.002697387625092,0.4915,1470.0,0.9359,0.9398844379750518,0.8347,0.8347,0.8407872516166756,0.9466,0.9502514738887065,0.8856,0.8908020286202945,0.8777,0.9534,0.3108,0.3185028436844061,0.5643,0.8289,0.835073125094641,0.8517,0.4982,0.4638,0.4638,93.0,437.0,0.0,T51-DGC-0.50,0.0,in_domain_conditional,T51-DGC-0.50=0.921;T51-DGC-0.33=0.8347;T51-DGC-0.67=1;T51-CORNKERNEL-0.50=0.8347,6.0,0.0,True,,,,,8347.0,0.0,0.8347,0.8347,0.8407872516166756,0.0037145108695493,8777.0,0.0,0.8777,0.8777,0.8830572786591592,0.0032763197340918,endpoint_ablation.csv,,,,,,,
0,SDS2_PART6P5,SD-S2,PART6P5,S2 declared six,"SDS2_PART6P5:DIAG-frontier:M2[N=128,alpha_train=m*/N=8/128]",M2_joint_chance_saa,diagnostic_frontier,,,,optimal,0.0,300.0,3.3317710696719587,,,True,SD-SRC12,False,10000.0,,,8261.0,942.0,0.8261,0.9203,0.9247137831230284,0.0027082819277172,0.4912,942.0,0.9359,0.9398844379750518,0.8848,0.8848,0.8900181008425936,0.9541,0.9574938643580246,0.9377,0.9416308960571612,0.9301,0.9608,0.4431,0.4513323310276355,0.582,0.8821,0.887371751659543,0.9021,0.5005,0.4673,0.4676,274.0,605.0,3.0,T51-DGC-0.50,0.0,in_domain_conditional,T51-DGC-0.50=0.9203;T51-DGC-0.33=0.8848;T51-DGC-0.67=0.9993;T51-CORNKERNEL-0.50=0.8848,672.0,3.0,True,,,,,8848.0,0.0,0.8848,0.8848,0.8900181008425936,0.0031926315164766,9301.0,0.0,0.9301,0.9301,0.9342509601025984,0.002549784108508,endpoint_ablation.csv,,,,,,,
0,SDS2_PART6P5,SD-S2,PART6P5,S2 declared six,"SDS2_PART6P5:DIAG-frontier:M2[N=512,alpha_train=m*/N=43/512]",M2_joint_chance_saa,diagnostic_frontier,,,,optimal,3.539770810355496e-05,300.0,54.60099873971194,,,True,SD-H0,False,10000.0,,,8254.0,1220.0,0.8254,0.9474,0.951025043853389,0.0022323359962156,0.4815,1220.0,0.9556,0.9589394824713336,0.9016,0.9016,0.906462356111834,0.9634,0.9664383139971644,0.9303,0.934445362740322,0.926,0.9673,0.5644,0.5725911382878621,0.7041,0.8571,0.8628291355344676,0.9107,0.5004,0.483,0.4833,144.0,317.0,3.0,T51-DGC-0.50,0.0,in_domain_conditional,T51-DGC-0.50=0.9474;T51-DGC-0.33=0.9016;T51-DGC-0.67=0.9996;T51-CORNKERNEL-0.50=0.9016,962.0,3.0,True,,,,,9016.0,0.0,0.9016,0.9016,0.906462356111834,0.0029785472969217,9260.0,0.0,0.926,0.926,0.9302635731150174,0.0026177089219391,endpoint_ablation.csv,,,,,,,
0,SDS2_PART6P5,SD-S2,PART6P5,S2 declared six,"SDS2_PART6P5:DIAG-frontier:M2[N=512,alpha_train=m*/N=43/512]",M2_joint_chance_saa,diagnostic_frontier,,,,optimal,3.539770810355496e-05,300.0,54.60099873971194,,,True,SD-S2,True,10000.0,0.0939,0.0988358136153176,7687.0,1472.0,0.7687,0.9159,0.9204250938276858,0.0027753772716515,0.4952,1472.0,0.933,0.9370688064026584,0.7885,0.7885,0.795204439012506,0.9503,0.9538272119109416,0.8783,0.883645751597567,0.8664,0.9578,0.0939,0.0988358136153176,0.5177,0.8511,0.8569294250933672,0.8144,0.4983,0.4278,0.4278,35.0,740.0,0.0,T51-DGC-0.50,0.0,in_domain_conditional,T51-DGC-0.50=0.9159;T51-DGC-0.33=0.7885;T51-DGC-0.67=1;T51-CORNKERNEL-0.50=0.7885,0.0,0.0,True,,,,,7885.0,0.0,0.7885,0.7885,0.795204439012506,0.0040837207299226,8664.0,0.0,0.8664,0.8664,0.8719667893623331,0.0034022204514111,endpoint_ablation.csv,,,,,,,
0,SDS2_PART6P5,SD-S2,PART6P5,S2 declared six,"SDS2_PART6P5:DIAG-frontier:M2[N=512,alpha_train=m*/N=43/512]",M2_joint_chance_saa,diagnostic_frontier,,,,optimal,3.539770810355496e-05,300.0,54.60099873971194,,,True,SD-SRC14,False,10000.0,,,8325.0,1063.0,0.8325,0.9388,0.9426977136475372,0.0023969680848939,0.5011,1063.0,0.9474,0.951025043853389,0.8518,0.8518,0.8576178969592467,0.9671,0.9699828211886454,0.9261,0.9303608735605676,0.9184,0.9718,0.2058,0.212562915357603,0.6057,0.8913,0.8963851059208899,0.8683,0.4945,0.4396,0.4399,88.0,637.0,3.0,T51-DGC-0.50,0.0,in_domain_conditional,T51-DGC-0.50=0.9388;T51-DGC-0.33=0.8518;T51-DGC-0.67=1;T51-CORNKERNEL-0.50=0.8518,304.0,3.0,True,,,,,8518.0,0.0,0.8518,0.8518,0.8576178969592467,0.0035529812833731,9184.0,0.0,0.9184,0.9184,0.922862323787921,0.0027375434243131,endpoint_ablation.csv,,,,,,,
0,SDS2_PART6P5,SD-S2,PART6P5,S2 declared six,"SDS2_PART6P5:DIAG-frontier:M2[N=512,alpha_train=m*/N=43/512]",M2_joint_chance_saa,diagnostic_frontier,,,,optimal,3.539770810355496e-05,300.0,54.60099873971194,,,True,SD-12MO,False,10000.0,,,7738.0,1469.0,0.7738,0.9207,0.925103469592236,0.002702064210932,0.4915,1469.0,0.9357,0.9396903304210568,0.8344,0.8344,0.8404917585857357,0.9465,0.9501547612508716,0.8858,0.8909979978401183,0.8779,0.9533,0.3104,0.318100237572554,0.5643,0.8293,0.8354672871602837,0.8515,0.4982,0.4638,0.4638,93.0,437.0,0.0,T51-DGC-0.50,0.0,in_domain_conditional,T51-DGC-0.50=0.9207;T51-DGC-0.33=0.8344;T51-DGC-0.67=1;T51-CORNKERNEL-0.50=0.8344,6.0,0.0,True,,,,,8344.0,0.0,0.8344,0.8344,0.8404917585857357,0.0037172118583691,8779.0,0.0,0.8779,0.8779,0.8832534409960774,0.0032740126756016,endpoint_ablation.csv,,,,,,,
0,SDS2_PART6P5,SD-S2,PART6P5,S2 declared six,"SDS2_PART6P5:DIAG-frontier:M2[N=512,alpha_train=m*/N=43/512]",M2_joint_chance_saa,diagnostic_frontier,,,,optimal,3.539770810355496e-05,300.0,54.60099873971194,,,True,SD-SRC12,False,10000.0,,,8261.0,942.0,0.8261,0.9203,0.9247137831230284,0.0027082819277172,0.4912,942.0,0.9359,0.9398844379750518,0.8847,0.8847,0.8899201041681506,0.9541,0.9574938643580246,0.9378,0.9417278941744368,0.9301,0.9608,0.4428,0.4510318290111703,0.5819,0.8822,0.8874697806998036,0.9021,0.5005,0.4673,0.4676,274.0,605.0,3.0,T51-DGC-0.50,0.0,in_domain_conditional,T51-DGC-0.50=0.9203;T51-DGC-0.33=0.8847;T51-DGC-0.67=0.9993;T51-CORNKERNEL-0.50=0.8847,672.0,3.0,True,,,,,8847.0,0.0,0.8847,0.8847,0.8899201041681506,0.003193836407833,9301.0,0.0,0.9301,0.9301,0.9342509601025984,0.002549784108508,endpoint_ablation.csv,,,,,,,
0,SDS2_PART6P5,SD-S2,PART6P5,S2 declared six,"SDS2_PART6P5:DIAG-frontier:M2[N=1024,alpha_train=m*/N=86/1024]",M2_joint_chance_saa,diagnostic_frontier,,,,optimal,9.678012531303964e-05,300.0,147.99255833495408,,,True,SD-H0,False,10000.0,,,8287.0,1199.0,0.8287,0.9486,0.9521849533497916,0.0022081222792227,0.4814,1199.0,0.9568,0.9600952164818792,0.903,0.903,0.907830852903832,0.9638,0.9668219378227656,0.9304,0.9345425603246532,0.926,0.9677,0.5684,0.5765814629575177,0.7096,0.8571,0.8628291355344676,0.9122,0.5002,0.4821,0.4824,143.0,323.0,3.0,T51-DGC-0.50,0.0,in_domain_conditional,T51-DGC-0.50=0.9486;T51-DGC-0.33=0.903;T51-DGC-0.67=0.9996;T51-CORNKERNEL-0.50=0.903,962.0,3.0,True,,,,,9030.0,0.0,0.903,0.903,0.907830852903832,0.0029595776725742,9260.0,0.0,0.926,0.926,0.9302635731150174,0.0026177089219391,endpoint_ablation.csv,,,,,,,
0,SDS2_PART6P5,SD-S2,PART6P5,S2 declared six,"SDS2_PART6P5:DIAG-frontier:M2[N=1024,alpha_train=m*/N=86/1024]",M2_joint_chance_saa,diagnostic_frontier,,,,optimal,9.678012531303964e-05,300.0,147.99255833495408,,,True,SD-S2,True,10000.0,0.093,0.0979153419983861,7719.0,1458.0,0.7719,0.9177,0.9221800234971136,0.0027482123280416,0.4952,1458.0,0.9353,0.9393020819113788,0.7907,0.7907,0.797378256681335,0.9479,0.9515084052023828,0.8731,0.8785442734386597,0.8592,0.9567,0.093,0.0979153419983861,0.5206,0.8443,0.8502391264184415,0.8174,0.498,0.4244,0.4244,32.0,768.0,0.0,T51-DGC-0.50,0.0,in_domain_conditional,T51-DGC-0.50=0.9177;T51-DGC-0.33=0.7907;T51-DGC-0.67=1;T51-CORNKERNEL-0.50=0.7907,0.0,0.0,True,,,,,7907.0,0.0,0.7907,0.7907,0.797378256681335,0.0040680893549675,8592.0,0.0,0.8592,0.8592,0.8648932272113705,0.0034781512330547,endpoint_ablation.csv,,,,,,,
0,SDS2_PART6P5,SD-S2,PART6P5,S2 declared six,"SDS2_PART6P5:DIAG-frontier:M2[N=1024,alpha_train=m*/N=86/1024]",M2_joint_chance_saa,diagnostic_frontier,,,,optimal,9.678012531303964e-05,300.0,147.99255833495408,,,True,SD-SRC14,False,10000.0,,,8357.0,1049.0,0.8357,0.9406,0.9444426311866336,0.0023637182573225,0.5005,1049.0,0.9491,0.952668087589962,0.8541,0.8541,0.8598797010512587,0.9669,0.969791466428924,0.9252,0.9294850873529024,0.9169,0.9717,0.2072,0.2139793048384159,0.6086,0.8906,0.8956996975412997,0.8709,0.4951,0.4373,0.4376,79.0,657.0,3.0,T51-DGC-0.50,0.0,in_domain_conditional,T51-DGC-0.50=0.9406;T51-DGC-0.33=0.8541;T51-DGC-0.67=1;T51-CORNKERNEL-0.50=0.8541,304.0,3.0,True,,,,,8541.0,0.0,0.8541,0.8541,0.8598797010512587,0.003530059347943,9169.0,0.0,0.9169,0.9169,0.9214001328990036,0.0027603331320693,endpoint_ablation.csv,,,,,,,
0,SDS2_PART6P5,SD-S2,PART6P5,S2 declared six,"SDS2_PART6P5:DIAG-frontier:M2[N=1024,alpha_train=m*/N=86/1024]",M2_joint_chance_saa,diagnostic_frontier,,,,optimal,9.678012531303964e-05,300.0,147.99255833495408,,,True,SD-12MO,False,10000.0,,,7778.0,1448.0,0.7778,0.9226,0.9269540207510164,0.0026722507367386,0.4913,1448.0,0.9372,0.9411458618986954,0.8363,0.8363,0.8423630920998627,0.9451,0.9488004094933612,0.8825,0.8877638604495791,0.8741,0.9524,0.3143,0.3220253649377053,0.5716,0.8258,0.8320179539843199,0.8529,0.4977,0.4617,0.4617,88.0,448.0,0.0,T51-DGC-0.50,0.0,in_domain_conditional,T51-DGC-0.50=0.9226;T51-DGC-0.33=0.8363;T51-DGC-0.67=1;T51-CORNKERNEL-0.50=0.8363,6.0,0.0,True,,,,,8363.0,0.0,0.8363,0.8363,0.8423630920998627,0.0037000312160845,8741.0,0.0,0.8741,0.8741,0.8795255661302405,0.003317366274622,endpoint_ablation.csv,,,,,,,
0,SDS2_PART6P5,SD-S2,PART6P5,S2 declared six,"SDS2_PART6P5:DIAG-frontier:M2[N=1024,alpha_train=m*/N=86/1024]",M2_joint_chance_saa,diagnostic_frontier,,,,optimal,9.678012531303964e-05,300.0,147.99255833495408,,,True,SD-SRC12,False,10000.0,,,8292.0,928.0,0.8292,0.922,0.9263697190176168,0.0026817158686184,0.4912,928.0,0.9373,0.9412428745183344,0.8863,0.8863,0.8914878984941034,0.9541,0.9574938643580246,0.9371,0.941048846397993,0.9294,0.9608,0.4473,0.4555390425957601,0.588,0.8818,0.8870776571867012,0.9035,0.5004,0.4652,0.4655,267.0,618.0,3.0,T51-DGC-0.50,0.0,in_domain_conditional,T51-DGC-0.50=0.922;T51-DGC-0.33=0.8863;T51-DGC-0.67=0.9993;T51-CORNKERNEL-0.50=0.8863,672.0,3.0,True,,,,,8863.0,0.0,0.8863,0.8863,0.8914878984941034,0.0031744654668148,9294.0,0.0,0.9294,0.9294,0.9335704729618184,0.0025615549964816,endpoint_ablation.csv,,,,,,,
0,,,,,root0:DIAG-T45:A0,,diagnostic,,,,,,,,,,,SD-H0,,10000.0,,,8179.0,1316.0,0.8179,0.9495,0.9530545252983724,0.0021897431356211,0.4821,1316.0,0.9563,0.959613744754096,0.9218,0.9218,0.9261749346703062,0.9643,0.967301325320933,0.9444,0.94812297618925,0.9409,0.9676,0.7197,0.7270898408378561,0.7954,0.8426,0.8485659197929009,0.9291,0.4494,0.4419,0.4422,193.0,267.0,3.0,T51-DGC-0.50,0.0,in_domain_conditional,T51-DGC-0.50=0.9495;T51-DGC-0.33=0.9218;T51-DGC-0.67=0.9995;T51-CORNKERNEL-0.50=0.9218,962.0,3.0,True,,,,,9218.0,0.0,0.9218,0.9218,0.9261749346703062,0.0026848605177923,9409.0,0.0,0.9409,0.9409,0.9447333537910456,0.0023581176815417,diagnostics_rows.csv,DIAG-T45,A0,,,,diagnostic,False
0,,,,,root0:DIAG-T45:A0,,diagnostic,,,,,,,,,,,SD-S2,,10000.0,,,7549.0,1830.0,0.7549,0.9379,0.9418248893716502,0.0024133708790817,0.4964,1830.0,0.9435,0.9472517447308016,0.8912,0.8912,0.8962871945163652,0.9655,0.968451191726698,0.9364,0.9403696577586168,0.9345,0.9671,0.6889,0.6965233961331367,0.8049,0.8172,0.8235385717148183,0.8978,0.2895,0.2754,0.2754,121.0,262.0,0.0,T51-DGC-0.50,0.0,in_domain_conditional,T51-DGC-0.50=0.9379;T51-DGC-0.33=0.8912;T51-DGC-0.67=1;T51-CORNKERNEL-0.50=0.8912,0.0,0.0,True,,,,,8912.0,0.0,0.8912,0.8912,0.8962871945163652,0.0031138811794928,9345.0,0.0,0.9345,0.9345,0.9385254526242705,0.0024740604277179,diagnostics_rows.csv,DIAG-T45,A0,,,,diagnostic,False
0,,,,,root0:DIAG-T45:A0,,diagnostic,,,,,,,,,,,SD-SRC14,,10000.0,,,8351.0,1308.0,0.8351,0.9659,0.9688342662560904,0.0018148606007073,0.5009,1308.0,0.9694,0.9721812486819964,0.9195,0.9195,0.9239343110192202,0.9817,0.9838500693176082,0.9592,0.9624045396092328,0.9562,0.9832,0.6788,0.6864912537763421,0.8516,0.8643,0.8699042103834638,0.9267,0.3195,0.3046,0.3049,172.0,321.0,3.0,T51-DGC-0.50,0.0,in_domain_conditional,T51-DGC-0.50=0.9659;T51-DGC-0.33=0.9195;T51-DGC-0.67=1;T51-CORNKERNEL-0.50=0.9195,304.0,3.0,True,,,,,9195.0,0.0,0.9195,0.9195,0.9239343110192202,0.0027206570897487,9562.0,0.0,0.9562,0.9562,0.9595174358953706,0.0020464984730021,diagnostics_rows.csv,DIAG-T45,A0,,,,diagnostic,False
0,,,,,root0:DIAG-T45:A0,,diagnostic,,,,,,,,,,,SD-12MO,,10000.0,,,7546.0,1718.0,0.7546,0.9264,0.9306527610951726,0.0026111882352676,0.4912,1718.0,0.9339,0.9379428664026208,0.889,0.889,0.8941328018739796,0.9505,0.9540203437063304,0.9224,0.9267592620882104,0.9197,0.9531,0.679,0.6866899503906768,0.7642,0.8028,0.8093288740516682,0.8972,0.3873,0.3798,0.3798,187.0,262.0,0.0,T51-DGC-0.50,0.0,in_domain_conditional,T51-DGC-0.50=0.9264;T51-DGC-0.33=0.889;T51-DGC-0.67=1;T51-CORNKERNEL-0.50=0.889,6.0,0.0,True,,,,,8890.0,0.0,0.889,0.889,0.8941328018739796,0.0031413213780191,9197.0,0.0,0.9197,0.9197,0.9241291913701788,0.0027175707902463,diagnostics_rows.csv,DIAG-T45,A0,,,,diagnostic,False
0,,,,,root0:DIAG-T45:A0,,diagnostic,,,,,,,,,,,SD-SRC12,,10000.0,,,8122.0,1120.0,0.8122,0.9242,0.9285117770446332,0.0026467784191352,0.4915,1120.0,0.9329,0.9369716753911757,0.9042,0.9042,0.9090036028619068,0.9558,0.9591321526087224,0.9455,0.9491874378516704,0.9416,0.9591,0.6425,0.6504017894704271,0.7025,0.8618,0.8674481711869815,0.914,0.3934,0.3868,0.3871,356.0,421.0,3.0,T51-DGC-0.50,0.0,in_domain_conditional,T51-DGC-0.50=0.9242;T51-DGC-0.33=0.9042;T51-DGC-0.67=0.9992;T51-CORNKERNEL-0.50=0.9042,672.0,3.0,True,,,,,9042.0,0.0,0.9042,0.9042,0.9090036028619068,0.0029431676812577,9416.0,0.0,0.9416,0.9416,0.9454115963765628,0.0023449827291474,diagnostics_rows.csv,DIAG-T45,A0,,,,diagnostic,False
0,,,,,root0:DIAG-T45:A1,,diagnostic,,,,,,,,,,,SD-H0,,10000.0,,,9590.0,372.0,0.959,0.9962,0.9971527923502972,0.0006152690468404,0.1108,372.0,0.9962,0.9971527923502972,0.9962,0.9962,0.9971527923502972,0.9964,0.9973257768218992,0.9964,0.9973257768218992,0.9964,0.9964,0.9917,0.9931349598413092,0.9917,0.7464,0.7535526171777521,0.9962,0.2891,0.3489,0.3492,611.0,12.0,3.0,T51-DGC-0.50,0.0,in_domain_conditional,T51-DGC-0.50=0.9962;T51-DGC-0.33=0.9962;T51-DGC-0.67=0.9987;T51-CORNKERNEL-0.50=0.9962,962.0,3.0,True,,,,,9962.0,0.0,0.9962,0.9962,0.9971527923502972,0.0006152690468404,9964.0,0.0,0.9964,0.9964,0.9973257768218992,0.0005989190262464,diagnostics_rows.csv,DIAG-T45,A1,,,,diagnostic,False
0,,,,,root0:DIAG-T45:A1,,diagnostic,,,,,,,,,,,SD-S2,,10000.0,,,10000.0,0.0,1.0,1.0,1.0,0.0,0.0,0.0,1.0,1.0,1.0,1.0,1.0,1.0,1.0,1.0,1.0,1.0,1.0,1.0,1.0,1.0,0.5624,0.570595773478783,1.0,0.0113,0.0563,0.0563,450.0,0.0,0.0,T51-DGC-0.50,0.0,in_domain_conditional,T51-DGC-0.50=1;T51-DGC-0.33=1;T51-DGC-0.67=1;T51-CORNKERNEL-0.50=1,0.0,0.0,True,,,,,10000.0,0.0,1.0,1.0,1.0,0.0,10000.0,0.0,1.0,1.0,1.0,0.0,diagnostics_rows.csv,DIAG-T45,A1,,,,diagnostic,False
0,,,,,root0:DIAG-T45:A1,,diagnostic,,,,,,,,,,,SD-SRC14,,10000.0,,,10000.0,0.0,1.0,1.0,1.0,0.0,0.0,0.0,1.0,1.0,1.0,1.0,1.0,1.0,1.0,1.0,1.0,1.0,1.0,1.0,1.0,1.0,0.6753,0.6830138022172012,1.0,0.0258,0.0912,0.0915,654.0,0.0,3.0,T51-DGC-0.50,0.0,in_domain_conditional,T51-DGC-0.50=1;T51-DGC-0.33=1;T51-DGC-0.67=1;T51-CORNKERNEL-0.50=1,304.0,3.0,True,,,,,10000.0,0.0,1.0,1.0,1.0,0.0,10000.0,0.0,1.0,1.0,1.0,0.0,diagnostics_rows.csv,DIAG-T45,A1,,,,diagnostic,False
0,,,,,root0:DIAG-T45:A1,,diagnostic,,,,,,,,,,,SD-12MO,,10000.0,,,9966.0,34.0,0.9966,1.0,1.0,0.0,0.0064,34.0,1.0,1.0,1.0,1.0,1.0,1.0,1.0,1.0,1.0,1.0,1.0,1.0,1.0,1.0,0.6276,0.6355737480726315,1.0,0.1208,0.2096,0.2096,888.0,0.0,0.0,T51-DGC-0.50,0.0,in_domain_conditional,T51-DGC-0.50=1;T51-DGC-0.33=1;T51-DGC-0.67=1;T51-CORNKERNEL-0.50=1,6.0,0.0,True,,,,,10000.0,0.0,1.0,1.0,1.0,0.0,10000.0,0.0,1.0,1.0,1.0,0.0,diagnostics_rows.csv,DIAG-T45,A1,,,,diagnostic,False
0,,,,,root0:DIAG-T45:A1,,diagnostic,,,,,,,,,,,SD-SRC12,,10000.0,,,9794.0,180.0,0.9794,0.9974,0.9981775270326294,0.0005092386473943,0.0723,180.0,0.9974,0.9981775270326294,0.9974,0.9974,0.9981775270326294,0.9975,0.9982612117448236,0.9975,0.9982612117448236,0.9975,0.9975,0.9935,0.9947638288374776,0.9935,0.7174,0.7248087192659689,0.9974,0.1318,0.2265,0.2268,953.0,6.0,3.0,T51-DGC-0.50,0.0,in_domain_conditional,T51-DGC-0.50=0.9974;T51-DGC-0.33=0.9974;T51-DGC-0.67=0.9986;T51-CORNKERNEL-0.50=0.9974,672.0,3.0,True,,,,,9974.0,0.0,0.9974,0.9974,0.9981775270326294,0.0005092386473943,9975.0,0.0,0.9975,0.9975,0.9982612117448236,0.0004993746088859,diagnostics_rows.csv,DIAG-T45,A1,,,,diagnostic,False
0,,,,,"root0:DIAG-T45:A2[SD-H0,h=0.5xQ(1-0.1)]",,diagnostic,,,,,,,,,,,SD-H0,,10000.0,,,9247.0,675.0,0.9247,0.9922,0.9935895098372216,0.0008797249570178,0.1653,675.0,0.9922,0.9935895098372216,0.9922,0.9922,0.9935895098372216,0.9928,0.994132952317116,0.9928,0.994132952317116,0.9928,0.9928,0.9802,0.982437259018546,0.9802,0.764,0.7709769753329558,0.9922,0.3009,0.3511,0.3514,525.0,22.0,3.0,T51-DGC-0.50,0.0,in_domain_conditional,T51-DGC-0.50=0.9922;T51-DGC-0.33=0.9922;T51-DGC-0.67=0.9978;T51-CORNKERNEL-0.50=0.9922,962.0,3.0,True,,,,,9922.0,0.0,0.9922,0.9922,0.9935895098372216,0.0008797249570178,9928.0,0.0,0.9928,0.9928,0.994132952317116,0.0008454679177828,diagnostics_rows.csv,DIAG-T45,A2,SD-H0,,,diagnostic,False
0,,,,,"root0:DIAG-T45:A2[SD-H0,h=0.5xQ(1-0.1)]",,diagnostic,,,,,,,,,,,SD-S2,,10000.0,,,10000.0,0.0,1.0,1.0,1.0,0.0,0.0,0.0,1.0,1.0,1.0,1.0,1.0,1.0,1.0,1.0,1.0,1.0,1.0,1.0,1.0,1.0,0.5991,0.6071890300268732,1.0,0.0168,0.0594,0.0594,426.0,0.0,0.0,T51-DGC-0.50,0.0,in_domain_conditional,T51-DGC-0.50=1;T51-DGC-0.33=1;T51-DGC-0.67=1;T51-CORNKERNEL-0.50=1,0.0,0.0,True,,,,,10000.0,0.0,1.0,1.0,1.0,0.0,10000.0,0.0,1.0,1.0,1.0,0.0,diagnostics_rows.csv,DIAG-T45,A2,SD-H0,,,diagnostic,False
0,,,,,"root0:DIAG-T45:A2[SD-H0,h=0.5xQ(1-0.1)]",,diagnostic,,,,,,,,,,,SD-SRC14,,10000.0,,,9997.0,3.0,0.9997,1.0,1.0,0.0,0.0006,3.0,1.0,1.0,1.0,1.0,1.0,1.0,1.0,1.0,1.0,1.0,1.0,1.0,1.0,1.0,0.7232,0.730560651563813,1.0,0.034,0.0936,0.0939,596.0,0.0,3.0,T51-DGC-0.50,0.0,in_domain_conditional,T51-DGC-0.50=1;T51-DGC-0.33=1;T51-DGC-0.67=1;T51-CORNKERNEL-0.50=1,304.0,3.0,True,,,,,10000.0,0.0,1.0,1.0,1.0,0.0,10000.0,0.0,1.0,1.0,1.0,0.0,diagnostics_rows.csv,DIAG-T45,A2,SD-H0,,,diagnostic,False
0,,,,,"root0:DIAG-T45:A2[SD-H0,h=0.5xQ(1-0.1)]",,diagnostic,,,,,,,,,,,SD-12MO,,10000.0,,,9847.0,152.0,0.9847,0.9999,0.9999948706837164,9.999499987498824e-05,0.0264,152.0,0.9999,0.9999948706837164,0.9999,0.9999,0.9999948706837164,0.9999,0.9999948706837164,0.9999,0.9999948706837164,0.9999,0.9999,0.9999,0.9999948706837164,0.9999,0.6519,0.6597521404463664,0.9999,0.1379,0.2132,0.2132,753.0,0.0,0.0,T51-DGC-0.50,0.0,in_domain_conditional,T51-DGC-0.50=0.9999;T51-DGC-0.33=0.9999;T51-DGC-0.67=1;T51-CORNKERNEL-0.50=0.9999,6.0,0.0,True,,,,,9999.0,0.0,0.9999,0.9999,0.9999948706837164,9.999499987498824e-05,9999.0,0.0,0.9999,0.9999,0.9999948706837164,9.999499987498824e-05,diagnostics_rows.csv,DIAG-T45,A2,SD-H0,,,diagnostic,False
0,,,,,"root0:DIAG-T45:A2[SD-H0,h=0.5xQ(1-0.1)]",,diagnostic,,,,,,,,,,,SD-SRC12,,10000.0,,,9484.0,445.0,0.9484,0.9929,0.9942232946852936,0.0008396183656876,0.1268,445.0,0.9932,0.9944938969655012,0.9929,0.9929,0.9942232946852936,0.9943,0.9954799949020714,0.9944,0.9955691040233252,0.9943,0.9944,0.9828,0.9848837062185044,0.9828,0.7517,0.7588014035617232,0.9932,0.1473,0.2308,0.2311,849.0,14.0,3.0,T51-DGC-0.50,0.0,in_domain_conditional,T51-DGC-0.50=0.9929;T51-DGC-0.33=0.9929;T51-DGC-0.67=0.9976;T51-CORNKERNEL-0.50=0.9929,672.0,3.0,True,,,,,9929.0,0.0,0.9929,0.9929,0.9942232946852936,0.0008396183656876,9943.0,0.0,0.9943,0.9943,0.9954799949020714,0.0007528286657666,diagnostics_rows.csv,DIAG-T45,A2,SD-H0,,,diagnostic,False
0,,,,,"root0:DIAG-T45:A2[SD-H0,h=0]",,diagnostic,,,,,,,,,,,SD-H0,,10000.0,,,9246.0,345.0,0.9246,0.9591,0.9623083772056708,0.0019805855194865,0.1514,345.0,0.962,0.965094857477328,0.9567,0.9567,0.9599989318649929,0.9597,0.9628852715220688,0.9601,0.9632697597804748,0.9573,0.9625,0.8244,0.8306379609480876,0.8306,0.848,0.8538799448760875,0.9596,0.5017,0.4986,0.4989,204.0,234.0,3.0,T51-DGC-0.50,0.0,in_domain_conditional,T51-DGC-0.50=0.9591;T51-DGC-0.33=0.9567;T51-DGC-0.67=0.9989;T51-CORNKERNEL-0.50=0.9567,962.0,3.0,True,,,,,9567.0,0.0,0.9567,0.9567,0.9599989318649929,0.0020353159459897,9573.0,0.0,0.9573,0.9573,0.9605765657902284,0.0020217989514291,diagnostics_rows.csv,DIAG-T45,A2,SD-H0,,,diagnostic,False
0,,,,,"root0:DIAG-T45:A2[SD-H0,h=0]",,diagnostic,,,,,,,,,,,SD-S2,,10000.0,,,9680.0,0.0,0.968,0.968,0.9708435548728273,0.00176,0.0,0.0,0.9703,0.9730403670388812,0.968,0.968,0.9708435548728273,0.968,0.9708435548728273,0.9703,0.9730403670388812,0.968,0.9703,0.8285,0.8346789507100857,0.8285,0.8574,0.8631240318610862,0.9703,0.4962,0.4969,0.4969,237.0,230.0,0.0,T51-DGC-0.50,0.0,in_domain_conditional,T51-DGC-0.50=0.968;T51-DGC-0.33=0.968;T51-DGC-0.67=1;T51-CORNKERNEL-0.50=0.968,0.0,0.0,True,,,,,9680.0,0.0,0.968,0.968,0.9708435548728273,0.00176,9680.0,0.0,0.968,0.968,0.9708435548728273,0.00176,diagnostics_rows.csv,DIAG-T45,A2,SD-H0,,,diagnostic,False
0,,,,,"root0:DIAG-T45:A2[SD-H0,h=0]",,diagnostic,,,,,,,,,,,SD-SRC14,,10000.0,,,9729.0,1.0,0.9729,0.973,0.97561350411632,0.0016208331191088,0.0004,1.0,0.9757,0.9781795716393364,0.9729,0.9729,0.9755183224571036,0.9739,0.976469697574431,0.9763,0.97874873620178,0.9738,0.9764,0.8223,0.8285676974439393,0.8225,0.868,0.8735379694718607,0.9756,0.4956,0.4947,0.495,286.0,294.0,3.0,T51-DGC-0.50,0.0,in_domain_conditional,T51-DGC-0.50=0.973;T51-DGC-0.33=0.9729;T51-DGC-0.67=1;T51-CORNKERNEL-0.50=0.9729,304.0,3.0,True,,,,,9729.0,0.0,0.9729,0.9729,0.9755183224571036,0.0016237484411077,9738.0,0.0,0.9738,0.9738,0.9763746048613,0.0015972964659073,diagnostics_rows.csv,DIAG-T45,A2,SD-H0,,,diagnostic,False
0,,,,,"root0:DIAG-T45:A2[SD-H0,h=0]",,diagnostic,,,,,,,,,,,SD-12MO,,10000.0,,,9457.0,74.0,0.9457,0.9531,0.956529554682254,0.0021142466743499,0.019,74.0,0.9557,0.9590358199017266,0.9529,0.9529,0.9563366400731736,0.9531,0.956529554682254,0.9555,0.9588431403327614,0.9529,0.9557,0.8116,0.8180142624383405,0.8118,0.8458,0.8517152782357366,0.9555,0.4989,0.4982,0.4982,211.0,218.0,0.0,T51-DGC-0.50,0.0,in_domain_conditional,T51-DGC-0.50=0.9531;T51-DGC-0.33=0.9529;T51-DGC-0.67=1;T51-CORNKERNEL-0.50=0.9529,6.0,0.0,True,,,,,9529.0,0.0,0.9529,0.9529,0.9563366400731736,0.0021185275546945,9529.0,0.0,0.9529,0.9529,0.9563366400731736,0.0021185275546945,diagnostics_rows.csv,DIAG-T45,A2,SD-H0,,,diagnostic,False
0,,,,,"root0:DIAG-T45:A2[SD-H0,h=0]",,diagnostic,,,,,,,,,,,SD-SRC12,,10000.0,,,9446.0,136.0,0.9446,0.9582,0.961442679433327,0.0020013185653463,0.1125,136.0,0.9633,0.9663423924400444,0.9576,0.9576,0.9608653157593594,0.9592,0.9624045396092328,0.9635,0.9665342293386864,0.9586,0.9641,0.798,0.8045892415779776,0.7992,0.8616,0.8672516608459001,0.9627,0.498,0.4979,0.4982,419.0,419.0,3.0,T51-DGC-0.50,0.0,in_domain_conditional,T51-DGC-0.50=0.9582;T51-DGC-0.33=0.9576;T51-DGC-0.67=0.9982;T51-CORNKERNEL-0.50=0.9576,672.0,3.0,True,,,,,9576.0,0.0,0.9576,0.9576,0.9608653157593594,0.002014999751861,9586.0,0.0,0.9586,0.9586,0.9618274861094972,0.0019921355375576,diagnostics_rows.csv,DIAG-T45,A2,SD-H0,,,diagnostic,False
0,,,,,"root0:DIAG-T45:A2[SD-H0,h=1/8xA1]",,diagnostic,,,,,,,,,,,SD-H0,,10000.0,,,8895.0,817.0,0.8895,0.9712,0.9738988036529644,0.0016724401334576,0.4811,817.0,0.9747,0.9772300686877072,0.9523,0.9523,0.9557577928058284,0.9717,0.9743754068997648,0.9563,0.959613744754096,0.9529,0.975,0.8232,0.8294549932519173,0.8846,0.8395,0.8455141470795501,0.9559,0.4731,0.4662,0.4665,192.0,260.0,3.0,T51-DGC-0.50,0.0,in_domain_conditional,T51-DGC-0.50=0.9712;T51-DGC-0.33=0.9523;T51-DGC-0.67=0.9999;T51-CORNKERNEL-0.50=0.9523,962.0,3.0,True,,,,,9523.0,0.0,0.9523,0.9523,0.9557577928058284,0.0021313073452695,9529.0,0.0,0.9529,0.9529,0.9563366400731736,0.0021185275546945,diagnostics_rows.csv,DIAG-T45,A2,SD-H0,,,diagnostic,False
0,,,,,"root0:DIAG-T45:A2[SD-H0,h=1/8xA1]",,diagnostic,,,,,,,,,,,SD-S2,,10000.0,,,9083.0,711.0,0.9083,0.9794,0.9816823325115768,0.0014204098000225,0.4971,711.0,0.981,0.983191210117376,0.9607,0.9607,0.9638463271117904,0.9794,0.9816823325115768,0.9633,0.9663423924400444,0.9607,0.981,0.8247,0.8309336861075258,0.9001,0.8229,0.8291592346304645,0.9633,0.3763,0.3653,0.3653,170.0,280.0,0.0,T51-DGC-0.50,0.0,in_domain_conditional,T51-DGC-0.50=0.9794;T51-DGC-0.33=0.9607;T51-DGC-0.67=1;T51-CORNKERNEL-0.50=0.9607,0.0,0.0,True,,,,,9607.0,0.0,0.9607,0.9607,0.9638463271117904,0.0019430777133197,9607.0,0.0,0.9607,0.9607,0.9638463271117904,0.0019430777133197,diagnostics_rows.csv,DIAG-T45,A2,SD-H0,,,diagnostic,False
0,,,,,"root0:DIAG-T45:A2[SD-H0,h=1/8xA1]",,diagnostic,,,,,,,,,,,SD-SRC14,,10000.0,,,9341.0,526.0,0.9341,0.9867,0.9885284063297964,0.0011455614344067,0.5011,526.0,0.9882,0.9899199090727138,0.9668,0.9668,0.9696957782503732,0.988,0.989734772975434,0.9711,0.9738034564241168,0.9688,0.9893,0.8188,0.8251165389644662,0.9194,0.8419,0.8478768806522375,0.9697,0.3923,0.3844,0.3847,227.0,306.0,3.0,T51-DGC-0.50,0.0,in_domain_conditional,T51-DGC-0.50=0.9867;T51-DGC-0.33=0.9668;T51-DGC-0.67=1;T51-CORNKERNEL-0.50=0.9668,304.0,3.0,True,,,,,9668.0,0.0,0.9668,0.9668,0.9696957782503732,0.0017915847733222,9688.0,0.0,0.9688,0.9688,0.971608138762146,0.0017385787298825,diagnostics_rows.csv,DIAG-T45,A2,SD-H0,,,diagnostic,False
0,,,,,"root0:DIAG-T45:A2[SD-H0,h=1/8xA1]",,diagnostic,,,,,,,,,,,SD-12MO,,10000.0,,,8805.0,885.0,0.8805,0.969,0.971799207126317,0.0017331762749357,0.4916,885.0,0.9709,0.9736127357438152,0.947,0.947,0.950638288142474,0.969,0.971799207126317,0.949,0.9525714684486112,0.947,0.9709,0.8084,0.814856541019946,0.877,0.827,0.8332006876339666,0.949,0.4361,0.4305,0.4305,200.0,256.0,0.0,T51-DGC-0.50,0.0,in_domain_conditional,T51-DGC-0.50=0.969;T51-DGC-0.33=0.947;T51-DGC-0.67=1;T51-CORNKERNEL-0.50=0.947,6.0,0.0,True,,,,,9470.0,0.0,0.947,0.947,0.950638288142474,0.0022403347964087,9470.0,0.0,0.947,0.947,0.950638288142474,0.0022403347964087,diagnostics_rows.csv,DIAG-T45,A2,SD-H0,,,diagnostic,False
0,,,,,"root0:DIAG-T45:A2[SD-H0,h=1/8xA1]",,diagnostic,,,,,,,,,,,SD-SRC12,,10000.0,,,9107.0,526.0,0.9107,0.9633,0.9663423924400444,0.0018802422716235,0.4905,526.0,0.967,0.9698871474188824,0.953,0.953,0.9564330995479476,0.9646,0.9675888807064008,0.9581,0.961346464886179,0.9546,0.9679,0.7943,0.8009347736031904,0.8334,0.8471,0.8529944509878054,0.9569,0.439,0.4377,0.438,400.0,412.0,3.0,T51-DGC-0.50,0.0,in_domain_conditional,T51-DGC-0.50=0.9633;T51-DGC-0.33=0.953;T51-DGC-0.67=0.9997;T51-CORNKERNEL-0.50=0.953,672.0,3.0,True,,,,,9530.0,0.0,0.953,0.953,0.9564330995479476,0.0021163884331568,9546.0,0.0,0.9546,0.9546,0.9579758516870162,0.0020817982611194,diagnostics_rows.csv,DIAG-T45,A2,SD-H0,,,diagnostic,False
0,,,,,"root0:DIAG-T45:A2[SD-H0,h=2/8xA1]",,diagnostic,,,,,,,,,,,SD-H0,,10000.0,,,8166.0,1332.0,0.8166,0.9498,0.9533443124733774,0.0021835741343036,0.4822,1332.0,0.9556,0.9589394824713336,0.9247,0.9247,0.9289984601835084,0.9645,0.9674930353982392,0.946,0.9496711440936748,0.9431,0.9672,0.7321,0.7393838784443395,0.8011,0.8406,0.8465971266133664,0.9311,0.4427,0.4386,0.4389,212.0,252.0,3.0,T51-DGC-0.50,0.0,in_domain_conditional,T51-DGC-0.50=0.9498;T51-DGC-0.33=0.9247;T51-DGC-0.67=0.9995;T51-CORNKERNEL-0.50=0.9247,962.0,3.0,True,,,,,9247.0,0.0,0.9247,0.9247,0.9289984601835084,0.0026387479985781,9431.0,0.0,0.9431,0.9431,0.9468644434755767,0.0023165144074665,diagnostics_rows.csv,DIAG-T45,A2,SD-H0,,,diagnostic,False
0,,,,,"root0:DIAG-T45:A2[SD-H0,h=2/8xA1]",,diagnostic,,,,,,,,,,,SD-S2,,10000.0,,,7590.0,1875.0,0.759,0.9465,0.9501547612508716,0.002250283315496,0.4967,1875.0,0.9507,0.9542134593755264,0.9119,0.9119,0.9165230437256756,0.9701,0.9728495097103056,0.9486,0.9521849533497916,0.9471,0.9715,0.7559,0.7629598032916736,0.8388,0.8125,0.8189022452836385,0.9168,0.2667,0.2636,0.2636,170.0,201.0,0.0,T51-DGC-0.50,0.0,in_domain_conditional,T51-DGC-0.50=0.9465;T51-DGC-0.33=0.9119;T51-DGC-0.67=1;T51-CORNKERNEL-0.50=0.9119,0.0,0.0,True,,,,,9119.0,0.0,0.9119,0.9119,0.9165230437256756,0.0028344027589599,9471.0,0.0,0.9471,0.9471,0.9507349825830752,0.0022383384462587,diagnostics_rows.csv,DIAG-T45,A2,SD-H0,,,diagnostic,False
0,,,,,"root0:DIAG-T45:A2[SD-H0,h=2/8xA1]",,diagnostic,,,,,,,,,,,SD-SRC14,,10000.0,,,8356.0,1339.0,0.8356,0.9695,0.972276739024014,0.0017195857059187,0.5003,1339.0,0.9723,0.9749470323499624,0.9285,0.9285,0.9326953849359532,0.9841,0.9861023316392492,0.9639,0.9669178280541496,0.9611,0.9854,0.7295,0.7368066891061518,0.8732,0.861,0.8666621058825297,0.9343,0.3014,0.2924,0.2927,196.0,286.0,3.0,T51-DGC-0.50,0.0,in_domain_conditional,T51-DGC-0.50=0.9695;T51-DGC-0.33=0.9285;T51-DGC-0.67=1;T51-CORNKERNEL-0.50=0.9285,304.0,3.0,True,,,,,9285.0,0.0,0.9285,0.9285,0.9326953849359532,0.0025765820382824,9611.0,0.0,0.9611,0.9611,0.9642305934130408,0.0019335663939984,diagnostics_rows.csv,DIAG-T45,A2,SD-H0,,,diagnostic,False
0,,,,,"root0:DIAG-T45:A2[SD-H0,h=2/8xA1]",,diagnostic,,,,,,,,,,,SD-12MO,,10000.0,,,7540.0,1745.0,0.754,0.9285,0.9326953849359532,0.0025765820382824,0.491,1745.0,0.9355,0.9394962117170724,0.8982,0.8982,0.9031376050252112,0.9529,0.9563366400731736,0.9298,0.9339593375473914,0.9274,0.9552,0.7124,0.719848939617376,0.7798,0.7993,0.8058730382451323,0.9055,0.3734,0.3734,0.3734,205.0,205.0,0.0,T51-DGC-0.50,0.0,in_domain_conditional,T51-DGC-0.50=0.9285;T51-DGC-0.33=0.8982;T51-DGC-0.67=1;T51-CORNKERNEL-0.50=0.8982,6.0,0.0,True,,,,,8982.0,0.0,0.8982,0.8982,0.9031376050252112,0.0030238511868145,9274.0,0.0,0.9274,0.9274,0.9316255687030052,0.0025947878525999,diagnostics_rows.csv,DIAG-T45,A2,SD-H0,,,diagnostic,False
0,,,,,"root0:DIAG-T45:A2[SD-H0,h=2/8xA1]",,diagnostic,,,,,,,,,,,SD-SRC12,,10000.0,,,8101.0,1149.0,0.8101,0.925,0.9292904432343474,0.0026339134382131,0.4916,1149.0,0.9332,0.9372630605240568,0.9078,0.9078,0.9125204428125778,0.9563,0.959613744754096,0.9473,0.9509283604484052,0.9439,0.9592,0.6609,0.6687014551965482,0.7125,0.8595,0.8651880624521762,0.9169,0.3796,0.3805,0.3808,381.0,371.0,3.0,T51-DGC-0.50,0.0,in_domain_conditional,T51-DGC-0.50=0.925;T51-DGC-0.33=0.9078;T51-DGC-0.67=0.9992;T51-CORNKERNEL-0.50=0.9078,672.0,3.0,True,,,,,9078.0,0.0,0.9078,0.9078,0.9125204428125778,0.0028930807109377,9439.0,0.0,0.9439,0.9439,0.9476389925039358,0.0023011473225328,diagnostics_rows.csv,DIAG-T45,A2,SD-H0,,,diagnostic,False
0,,,,,"root0:DIAG-T45:A2[SD-H0,h=3/8xA1]",,diagnostic,,,,,,,,,,,SD-H0,,10000.0,,,8126.0,1413.0,0.8126,0.9539,0.9573010378996764,0.0020970166904438,0.4823,1413.0,0.9572,0.960480305820144,0.9365,0.9365,0.9404666932486736,0.9675,0.970365443425262,0.9533,0.956722451876549,0.9517,0.9691,0.7921,0.798761441492972,0.8361,0.8293,0.8354672871602837,0.9398,0.4154,0.4224,0.4227,263.0,192.0,3.0,T51-DGC-0.50,0.0,in_domain_conditional,T51-DGC-0.50=0.9539;T51-DGC-0.33=0.9365;T51-DGC-0.67=0.9994;T51-CORNKERNEL-0.50=0.9365,962.0,3.0,True,,,,,9365.0,0.0,0.9365,0.9365,0.9404666932486736,0.0024386010333795,9517.0,0.0,0.9517,0.9517,0.9551787925348088,0.0021439941697681,diagnostics_rows.csv,DIAG-T45,A2,SD-H0,,,diagnostic,False
0,,,,,"root0:DIAG-T45:A2[SD-H0,h=3/8xA1]",,diagnostic,,,,,,,,,,,SD-S2,,10000.0,,,7776.0,2078.0,0.7776,0.9854,0.987317391985089,0.0011994515413304,0.4976,2078.0,0.9866,0.9884354078346984,0.981,0.981,0.983191210117376,0.9921,0.9934987166838796,0.9891,0.9907513503949738,0.989,0.9922,0.9544,0.957783070337326,0.9625,0.7926,0.7992554068867063,0.9822,0.1845,0.2097,0.2097,315.0,63.0,0.0,T51-DGC-0.50,0.0,in_domain_conditional,T51-DGC-0.50=0.9854;T51-DGC-0.33=0.981;T51-DGC-0.67=1;T51-CORNKERNEL-0.50=0.981,0.0,0.0,True,,,,,9810.0,0.0,0.981,0.981,0.983191210117376,0.0013652472303579,9890.0,0.0,0.989,0.989,0.9906591090311144,0.0010430244484191,diagnostics_rows.csv,DIAG-T45,A2,SD-H0,,,diagnostic,False
0,,,,,"root0:DIAG-T45:A2[SD-H0,h=3/8xA1]",,diagnostic,,,,,,,,,,,SD-SRC14,,10000.0,,,8403.0,1483.0,0.8403,0.9886,0.9902897849007172,0.0010616044461097,0.4997,1483.0,0.9893,0.9909357220807132,0.9738,0.9738,0.9763746048613,0.9942,0.9953907888409492,0.9868,0.9886213774044738,0.9861,0.9945,0.9083,0.913008721270881,0.9562,0.8438,0.8497470325586964,0.9754,0.2222,0.2426,0.2429,320.0,116.0,3.0,T51-DGC-0.50,0.0,in_domain_conditional,T51-DGC-0.50=0.9886;T51-DGC-0.33=0.9738;T51-DGC-0.67=1;T51-CORNKERNEL-0.50=0.9738,304.0,3.0,True,,,,,9738.0,0.0,0.9738,0.9738,0.9763746048613,0.0015972964659073,9861.0,0.0,0.9861,0.9861,0.987970014457037,0.0011707600095664,diagnostics_rows.csv,DIAG-T45,A2,SD-H0,,,diagnostic,False
0,,,,,"root0:DIAG-T45:A2[SD-H0,h=3/8xA1]",,diagnostic,,,,,,,,,,,SD-12MO,,10000.0,,,7590.0,1878.0,0.759,0.9468,0.950444888294416,0.0022443208326796,0.4903,1878.0,0.9499,0.9534409003095852,0.9365,0.9365,0.9404666932486736,0.965,0.9679721964474572,0.9566,0.9599026423677124,0.9555,0.9661,0.8375,0.843544836205154,0.8586,0.7854,0.7921408370298906,0.9396,0.3206,0.342,0.342,306.0,92.0,0.0,T51-DGC-0.50,0.0,in_domain_conditional,T51-DGC-0.50=0.9468;T51-DGC-0.33=0.9365;T51-DGC-0.67=1;T51-CORNKERNEL-0.50=0.9365,6.0,0.0,True,,,,,9365.0,0.0,0.9365,0.9365,0.9404666932486736,0.0024386010333795,9555.0,0.0,0.9555,0.9555,0.9588431403327614,0.0020620317650317,diagnostics_rows.csv,DIAG-T45,A2,SD-H0,,,diagnostic,False
0,,,,,"root0:DIAG-T45:A2[SD-H0,h=3/8xA1]",,diagnostic,,,,,,,,,,,SD-SRC12,,10000.0,,,8067.0,1248.0,0.8067,0.9315,0.9356115678896468,0.0025260195961235,0.4909,1248.0,0.9371,0.941048846397993,0.922,0.922,0.9263697190176168,0.9607,0.9638463271117904,0.9554,0.958746793501143,0.9536,0.9624,0.7424,0.7495903386170081,0.7688,0.8472,0.8530928427360033,0.9277,0.3292,0.3484,0.3487,459.0,266.0,3.0,T51-DGC-0.50,0.0,in_domain_conditional,T51-DGC-0.50=0.9315;T51-DGC-0.33=0.922;T51-DGC-0.67=0.9994;T51-CORNKERNEL-0.50=0.922,672.0,3.0,True,,,,,9220.0,0.0,0.922,0.922,0.9263697190176168,0.0026817158686184,9536.0,0.0,0.9536,0.9536,0.9570117647819156,0.0021034980389817,diagnostics_rows.csv,DIAG-T45,A2,SD-H0,,,diagnostic,False
0,,,,,"root0:DIAG-T45:A2[SD-H0,h=4/8xA1]",,diagnostic,,,,,,,,,,,SD-H0,,10000.0,,,8090.0,1490.0,0.809,0.958,0.9612502452230988,0.002005891323078,0.4756,1490.0,0.9602,0.9633658681732256,0.947,0.947,0.950638288142474,0.9707,0.9734219803910888,0.9614,0.9645187334387478,0.9605,0.9716,0.8403,0.8463017785842932,0.8655,0.8181,0.8244262008477148,0.9492,0.3872,0.4054,0.4057,325.0,142.0,3.0,T51-DGC-0.50,0.0,in_domain_conditional,T51-DGC-0.50=0.958;T51-DGC-0.33=0.947;T51-DGC-0.67=0.9993;T51-CORNKERNEL-0.50=0.947,962.0,3.0,True,,,,,9470.0,0.0,0.947,0.947,0.950638288142474,0.0022403347964087,9605.0,0.0,0.9605,0.9605,0.9636541602219268,0.0019478128760227,diagnostics_rows.csv,DIAG-T45,A2,SD-H0,,,diagnostic,False
0,,,,,"root0:DIAG-T45:A2[SD-H0,h=4/8xA1]",,diagnostic,,,,,,,,,,,SD-S2,,10000.0,,,7867.0,2118.0,0.7867,0.9985,0.99907514705828,0.0003870077518603,0.4706,2118.0,0.9985,0.99907514705828,0.998,0.998,0.9986741538021552,0.9991,0.9995303996354664,0.9987,0.999230876362937,0.9987,0.9991,0.9957,0.9967173265040375,0.9963,0.779,0.7858141845887724,0.998,0.1215,0.1622,0.1622,419.0,12.0,0.0,T51-DGC-0.50,0.0,in_domain_conditional,T51-DGC-0.50=0.9985;T51-DGC-0.33=0.998;T51-DGC-0.67=1;T51-CORNKERNEL-0.50=0.998,0.0,0.0,True,,,,,9980.0,0.0,0.998,0.998,0.9986741538021552,0.0004467661580737,9987.0,0.0,0.9987,0.9987,0.999230876362937,0.0003603206904966,diagnostics_rows.csv,DIAG-T45,A2,SD-H0,,,diagnostic,False
0,,,,,"root0:DIAG-T45:A2[SD-H0,h=4/8xA1]",,diagnostic,,,,,,,,,,,SD-SRC14,,10000.0,,,8416.0,1553.0,0.8416,0.9969,0.9977547000185462,0.0005559127629403,0.4812,1553.0,0.9971,0.9979246490590572,0.9938,0.9938,0.9950330434825292,0.9987,0.999230876362937,0.9974,0.9981775270326294,0.9974,0.9987,0.9815,0.9836619073515008,0.9909,0.8299,0.8360585070855041,0.9941,0.1587,0.1966,0.1969,429.0,50.0,3.0,T51-DGC-0.50,0.0,in_domain_conditional,T51-DGC-0.50=0.9969;T51-DGC-0.33=0.9938;T51-DGC-0.67=1;T51-CORNKERNEL-0.50=0.9938,304.0,3.0,True,,,,,9938.0,0.0,0.9938,0.9938,0.9950330434825292,0.000784956049725,9974.0,0.0,0.9974,0.9974,0.9981775270326294,0.0005092386473943,diagnostics_rows.csv,DIAG-T45,A2,SD-H0,,,diagnostic,False
0,,,,,"root0:DIAG-T45:A2[SD-H0,h=4/8xA1]",,diagnostic,,,,,,,,,,,SD-12MO,,10000.0,,,7779.0,1931.0,0.7779,0.971,0.9737081004397544,0.0016780643611018,0.479,1931.0,0.9719,0.9745659853286502,0.9699,0.9699,0.972658619051385,0.9793,0.9815879009242254,0.9782,0.9805482332740132,0.9782,0.9793,0.9275,0.9317228365873284,0.9304,0.7768,0.7836388494529866,0.9708,0.2763,0.3093,0.3093,383.0,53.0,0.0,T51-DGC-0.50,0.0,in_domain_conditional,T51-DGC-0.50=0.971;T51-DGC-0.33=0.9699;T51-DGC-0.67=1;T51-CORNKERNEL-0.50=0.9699,6.0,0.0,True,,,,,9699.0,0.0,0.9699,0.9699,0.972658619051385,0.0017086248856902,9782.0,0.0,0.9782,0.9782,0.9805482332740132,0.0014602999691844,diagnostics_rows.csv,DIAG-T45,A2,SD-H0,,,diagnostic,False
0,,,,,"root0:DIAG-T45:A2[SD-H0,h=4/8xA1]",,diagnostic,,,,,,,,,,,SD-SRC12,,10000.0,,,8036.0,1353.0,0.8036,0.9389,0.9427946792772428,0.0023951365305552,0.4844,1353.0,0.9425,0.9462833924696792,0.9337,0.9337,0.9377486494778348,0.965,0.9679721964474572,0.9618,0.9649028394469644,0.9611,0.9657,0.8064,0.8128826134931151,0.8173,0.8343,0.8403932593067209,0.9373,0.284,0.3193,0.3196,519.0,165.0,3.0,T51-DGC-0.50,0.0,in_domain_conditional,T51-DGC-0.50=0.9389;T51-DGC-0.33=0.9337;T51-DGC-0.67=0.9993;T51-CORNKERNEL-0.50=0.9337,672.0,3.0,True,,,,,9337.0,0.0,0.9337,0.9337,0.9377486494778348,0.0024880576761803,9611.0,0.0,0.9611,0.9611,0.9642305934130408,0.0019335663939984,diagnostics_rows.csv,DIAG-T45,A2,SD-H0,,,diagnostic,False
0,,,,,"root0:DIAG-T45:A2[SD-H0,h=5/8xA1]",,diagnostic,,,,,,,,,,,SD-H0,,10000.0,,,8329.0,1326.0,0.8329,0.9655,0.968451191726698,0.0018250958878919,0.3786,1326.0,0.9669,0.969791466428924,0.9631,0.9631,0.9661505307766028,0.9746,0.9771350588773652,0.9729,0.9755183224571036,0.9722,0.9753,0.8957,0.900691833484656,0.9014,0.8091,0.8155473520698755,0.9645,0.3578,0.387,0.3873,381.0,88.0,3.0,T51-DGC-0.50,0.0,in_domain_conditional,T51-DGC-0.50=0.9655;T51-DGC-0.33=0.9631;T51-DGC-0.67=0.999;T51-CORNKERNEL-0.50=0.9631,962.0,3.0,True,,,,,9631.0,0.0,0.9631,0.9631,0.9661505307766028,0.0018851628576863,9722.0,0.0,0.9722,0.9722,0.974851784443822,0.0016439939172636,diagnostics_rows.csv,DIAG-T45,A2,SD-H0,,,diagnostic,False
0,,,,,"root0:DIAG-T45:A2[SD-H0,h=5/8xA1]",,diagnostic,,,,,,,,,,,SD-S2,,10000.0,,,9428.0,572.0,0.9428,1.0,1.0,0.0,0.115,572.0,1.0,1.0,1.0,1.0,1.0,1.0,1.0,1.0,1.0,1.0,1.0,1.0,1.0,1.0,0.7709,0.7778036430133323,1.0,0.0704,0.1242,0.1242,538.0,0.0,0.0,T51-DGC-0.50,0.0,in_domain_conditional,T51-DGC-0.50=1;T51-DGC-0.33=1;T51-DGC-0.67=1;T51-CORNKERNEL-0.50=1,0.0,0.0,True,,,,,10000.0,0.0,1.0,1.0,1.0,0.0,10000.0,0.0,1.0,1.0,1.0,0.0,diagnostics_rows.csv,DIAG-T45,A2,SD-H0,,,diagnostic,False
0,,,,,"root0:DIAG-T45:A2[SD-H0,h=5/8xA1]",,diagnostic,,,,,,,,,,,SD-SRC14,,10000.0,,,9362.0,637.0,0.9362,0.9999,0.9999948706837164,9.999499987498824e-05,0.1705,637.0,0.9999,0.9999948706837164,0.9997,0.9997,0.9999182260208972,1.0,1.0,0.9999,0.9999948706837164,0.9999,1.0,0.9989,0.9993829810541498,0.9993,0.8172,0.8235385717148183,0.9997,0.1072,0.1592,0.1595,531.0,11.0,3.0,T51-DGC-0.50,0.0,in_domain_conditional,T51-DGC-0.50=0.9999;T51-DGC-0.33=0.9997;T51-DGC-0.67=1;T51-CORNKERNEL-0.50=0.9997,304.0,3.0,True,,,,,9997.0,0.0,0.9997,0.9997,0.9999182260208972,0.0001731790980459,9999.0,0.0,0.9999,0.9999,0.9999948706837164,9.999499987498824e-05,diagnostics_rows.csv,DIAG-T45,A2,SD-H0,,,diagnostic,False
0,,,,,"root0:DIAG-T45:A2[SD-H0,h=5/8xA1]",,diagnostic,,,,,,,,,,,SD-12MO,,10000.0,,,8599.0,1299.0,0.8599,0.9898,0.9913959789726252,0.0010047865444958,0.2812,1299.0,0.99,0.9915798010632608,0.9898,0.9898,0.9913959789726252,0.9927,0.9940425415938626,0.9927,0.9940425415938626,0.9927,0.9927,0.9782,0.9805482332740132,0.9782,0.7709,0.7778036430133323,0.99,0.2297,0.2814,0.2814,531.0,14.0,0.0,T51-DGC-0.50,0.0,in_domain_conditional,T51-DGC-0.50=0.9898;T51-DGC-0.33=0.9898;T51-DGC-0.67=1;T51-CORNKERNEL-0.50=0.9898,6.0,0.0,True,,,,,9898.0,0.0,0.9898,0.9898,0.9913959789726252,0.0010047865444958,9927.0,0.0,0.9927,0.9927,0.9940425415938626,0.0008512761009214,diagnostics_rows.csv,DIAG-T45,A2,SD-H0,,,diagnostic,False
0,,,,,"root0:DIAG-T45:A2[SD-H0,h=5/8xA1]",,diagnostic,,,,,,,,,,,SD-SRC12,,10000.0,,,8440.0,1131.0,0.844,0.9571,0.9603840408877394,0.0020263166090223,0.3692,1131.0,0.9594,0.9625968484520424,0.9568,0.9568,0.9600952164818792,0.9747,0.9772300686877072,0.9746,0.9771350588773652,0.9744,0.9749,0.878,0.8833515204073555,0.8788,0.8245,0.8307365367484963,0.9591,0.2378,0.2944,0.2947,666.0,99.0,3.0,T51-DGC-0.50,0.0,in_domain_conditional,T51-DGC-0.50=0.9571;T51-DGC-0.33=0.9568;T51-DGC-0.67=0.9986;T51-CORNKERNEL-0.50=0.9568,672.0,3.0,True,,,,,9568.0,0.0,0.9568,0.9568,0.9600952164818792,0.0020330705841165,9744.0,0.0,0.9744,0.9744,0.976945007604984,0.0015793872229443,diagnostics_rows.csv,DIAG-T45,A2,SD-H0,,,diagnostic,False
0,,,,,"root0:DIAG-T45:A2[SD-H0,h=6/8xA1]",,diagnostic,,,,,,,,,,,SD-H0,,10000.0,,,8665.0,1114.0,0.8665,0.9779,0.9802644046798912,0.0014700880925985,0.2876,1114.0,0.9784,0.9807373863619916,0.9776,0.9776,0.9799804594267606,0.9826,0.9846959349139724,0.9826,0.9846959349139724,0.9823,0.9829,0.9405,0.944345717411832,0.9409,0.8031,0.8096250515637543,0.9781,0.3323,0.3722,0.3725,451.0,51.0,3.0,T51-DGC-0.50,0.0,in_domain_conditional,T51-DGC-0.50=0.9779;T51-DGC-0.33=0.9776;T51-DGC-0.67=0.9991;T51-CORNKERNEL-0.50=0.9776,962.0,3.0,True,,,,,9776.0,0.0,0.9776,0.9776,0.9799804594267606,0.0014798053926107,9823.0,0.0,0.9823,0.9823,0.9844141401296967,0.0013185867434492,diagnostics_rows.csv,DIAG-T45,A2,SD-H0,,,diagnostic,False
0,,,,,"root0:DIAG-T45:A2[SD-H0,h=6/8xA1]",,diagnostic,,,,,,,,,,,SD-S2,,10000.0,,,9929.0,71.0,0.9929,1.0,1.0,0.0,0.0118,71.0,1.0,1.0,1.0,1.0,1.0,1.0,1.0,1.0,1.0,1.0,1.0,1.0,1.0,1.0,0.7641,0.7710759309974303,1.0,0.0401,0.0922,0.0922,521.0,0.0,0.0,T51-DGC-0.50,0.0,in_domain_conditional,T51-DGC-0.50=1;T51-DGC-0.33=1;T51-DGC-0.67=1;T51-CORNKERNEL-0.50=1,0.0,0.0,True,,,,,10000.0,0.0,1.0,1.0,1.0,0.0,10000.0,0.0,1.0,1.0,1.0,0.0,diagnostics_rows.csv,DIAG-T45,A2,SD-H0,,,diagnostic,False
0,,,,,"root0:DIAG-T45:A2[SD-H0,h=6/8xA1]",,diagnostic,,,,,,,,,,,SD-SRC14,,10000.0,,,9837.0,163.0,0.9837,1.0,1.0,0.0,0.0355,163.0,1.0,1.0,1.0,1.0,1.0,1.0,1.0,1.0,1.0,1.0,1.0,1.0,1.0,1.0,0.8047,0.8112045653123465,1.0,0.0695,0.1253,0.1256,560.0,2.0,3.0,T51-DGC-0.50,0.0,in_domain_conditional,T51-DGC-0.50=1;T51-DGC-0.33=1;T51-DGC-0.67=1;T51-CORNKERNEL-0.50=1,304.0,3.0,True,,,,,10000.0,0.0,1.0,1.0,1.0,0.0,10000.0,0.0,1.0,1.0,1.0,0.0,diagnostics_rows.csv,DIAG-T45,A2,SD-H0,,,diagnostic,False
0,,,,,"root0:DIAG-T45:A2[SD-H0,h=6/8xA1]",,diagnostic,,,,,,,,,,,SD-12MO,,10000.0,,,9299.0,674.0,0.9299,0.9973,0.9980935269750996,0.0005189132875539,0.1335,674.0,0.9973,0.9980935269750996,0.9973,0.9973,0.9980935269750996,0.9982,0.9988362572132242,0.9982,0.9988362572132242,0.9982,0.9982,0.9951,0.9961899188017476,0.9951,0.7659,0.7728570408461704,0.9973,0.1834,0.2514,0.2514,684.0,4.0,0.0,T51-DGC-0.50,0.0,in_domain_conditional,T51-DGC-0.50=0.9973;T51-DGC-0.33=0.9973;T51-DGC-0.67=1;T51-CORNKERNEL-0.50=0.9973,6.0,0.0,True,,,,,9973.0,0.0,0.9973,0.9973,0.9980935269750996,0.0005189132875539,9982.0,0.0,0.9982,0.9982,0.9988362572132242,0.0004238820590683,diagnostics_rows.csv,DIAG-T45,A2,SD-H0,,,diagnostic,False
0,,,,,"root0:DIAG-T45:A2[SD-H0,h=6/8xA1]",,diagnostic,,,,,,,,,,,SD-SRC12,,10000.0,,,8898.0,869.0,0.8898,0.9767,0.9791279461979848,0.0015085459886924,0.2647,869.0,0.9774,0.9797910989126204,0.9767,0.9767,0.9791279461979848,0.9848,0.9867570661537752,0.9849,0.98685051135452,0.9848,0.9849,0.9372,0.9411458618986954,0.9372,0.8158,0.8221577007383042,0.9774,0.1983,0.2632,0.2635,705.0,55.0,3.0,T51-DGC-0.50,0.0,in_domain_conditional,T51-DGC-0.50=0.9767;T51-DGC-0.33=0.9767;T51-DGC-0.67=0.9982;T51-CORNKERNEL-0.50=0.9767,672.0,3.0,True,,,,,9767.0,0.0,0.9767,0.9767,0.9791279461979848,0.0015085459886924,9848.0,0.0,0.9848,0.9848,0.9867570661537752,0.0012234770124526,diagnostics_rows.csv,DIAG-T45,A2,SD-H0,,,diagnostic,False
0,,,,,"root0:DIAG-T45:A2[SD-H0,h=7/8xA1]",,diagnostic,,,,,,,,,,,SD-H0,,10000.0,,,8992.0,880.0,0.8992,0.9872,0.9889929812394672,0.001124106756496,0.2128,880.0,0.9873,0.9890858104641382,0.9872,0.9872,0.9889929812394672,0.9898,0.9913959789726252,0.9899,0.9914879106518294,0.9898,0.9899,0.9684,0.9712259083318692,0.9685,0.7974,0.8039966837755628,0.9873,0.3099,0.3545,0.3548,481.0,34.0,3.0,T51-DGC-0.50,0.0,in_domain_conditional,T51-DGC-0.50=0.9872;T51-DGC-0.33=0.9872;T51-DGC-0.67=0.9981;T51-CORNKERNEL-0.50=0.9872,962.0,3.0,True,,,,,9872.0,0.0,0.9872,0.9872,0.9889929812394672,0.001124106756496,9898.0,0.0,0.9898,0.9898,0.9913959789726252,0.0010047865444958,diagnostics_rows.csv,DIAG-T45,A2,SD-H0,,,diagnostic,False
0,,,,,"root0:DIAG-T45:A2[SD-H0,h=7/8xA1]",,diagnostic,,,,,,,,,,,SD-S2,,10000.0,,,9999.0,1.0,0.9999,1.0,1.0,0.0,0.0003,1.0,1.0,1.0,1.0,1.0,1.0,1.0,1.0,1.0,1.0,1.0,1.0,1.0,1.0,1.0,0.7588,0.7658305461274305,1.0,0.0221,0.0648,0.0648,427.0,0.0,0.0,T51-DGC-0.50,0.0,in_domain_conditional,T51-DGC-0.50=1;T51-DGC-0.33=1;T51-DGC-0.67=1;T51-CORNKERNEL-0.50=1,0.0,0.0,True,,,,,10000.0,0.0,1.0,1.0,1.0,0.0,10000.0,0.0,1.0,1.0,1.0,0.0,diagnostics_rows.csv,DIAG-T45,A2,SD-H0,,,diagnostic,False
0,,,,,"root0:DIAG-T45:A2[SD-H0,h=7/8xA1]",,diagnostic,,,,,,,,,,,SD-SRC14,,10000.0,,,9979.0,21.0,0.9979,1.0,1.0,0.0,0.0048,21.0,1.0,1.0,1.0,1.0,1.0,1.0,1.0,1.0,1.0,1.0,1.0,1.0,1.0,1.0,0.7969,0.8035028681886682,1.0,0.043,0.0982,0.0985,552.0,0.0,3.0,T51-DGC-0.50,0.0,in_domain_conditional,T51-DGC-0.50=1;T51-DGC-0.33=1;T51-DGC-0.67=1;T51-CORNKERNEL-0.50=1,304.0,3.0,True,,,,,10000.0,0.0,1.0,1.0,1.0,0.0,10000.0,0.0,1.0,1.0,1.0,0.0,diagnostics_rows.csv,DIAG-T45,A2,SD-H0,,,diagnostic,False
0,,,,,"root0:DIAG-T45:A2[SD-H0,h=7/8xA1]",,diagnostic,,,,,,,,,,,SD-12MO,,10000.0,,,9705.0,294.0,0.9705,0.9999,0.9999948706837164,9.999499987498824e-05,0.0539,294.0,0.9999,0.9999948706837164,0.9999,0.9999,0.9999948706837164,0.9999,0.9999948706837164,0.9999,0.9999948706837164,0.9999,0.9999,0.9998,0.9999644627034489,0.9998,0.7606,0.7676121647057327,0.9999,0.1509,0.2192,0.2192,683.0,0.0,0.0,T51-DGC-0.50,0.0,in_domain_conditional,T51-DGC-0.50=0.9999;T51-DGC-0.33=0.9999;T51-DGC-0.67=1;T51-CORNKERNEL-0.50=0.9999,6.0,0.0,True,,,,,9999.0,0.0,0.9999,0.9999,0.9999948706837164,9.999499987498824e-05,9999.0,0.0,0.9999,0.9999,0.9999948706837164,9.999499987498824e-05,diagnostics_rows.csv,DIAG-T45,A2,SD-H0,,,diagnostic,False
0,,,,,"root0:DIAG-T45:A2[SD-H0,h=7/8xA1]",,diagnostic,,,,,,,,,,,SD-SRC12,,10000.0,,,9247.0,632.0,0.9247,0.9879,0.98964215681633,0.0010933247459012,0.177,632.0,0.9886,0.9902897849007172,0.9879,0.9879,0.98964215681633,0.9927,0.9940425415938626,0.9928,0.994132952317116,0.9927,0.9928,0.9704,0.9731357831022868,0.9704,0.8075,0.8139683068333857,0.9886,0.1624,0.2357,0.236,758.0,24.0,3.0,T51-DGC-0.50,0.0,in_domain_conditional,T51-DGC-0.50=0.9879;T51-DGC-0.33=0.9879;T51-DGC-0.67=0.9979;T51-CORNKERNEL-0.50=0.9879,672.0,3.0,True,,,,,9879.0,0.0,0.9879,0.9879,0.98964215681633,0.0010933247459012,9927.0,0.0,0.9927,0.9927,0.9940425415938626,0.0008512761009214,diagnostics_rows.csv,DIAG-T45,A2,SD-H0,,,diagnostic,False
0,,,,,"root0:DIAG-T45:A2[SD-H0,h=8/8xA1]",,diagnostic,,,,,,,,,,,SD-H0,,10000.0,,,9590.0,372.0,0.959,0.9962,0.9971527923502972,0.0006152690468404,0.1108,372.0,0.9962,0.9971527923502972,0.9962,0.9962,0.9971527923502972,0.9964,0.9973257768218992,0.9964,0.9973257768218992,0.9964,0.9964,0.9917,0.9931349598413092,0.9917,0.7464,0.7535526171777521,0.9962,0.2891,0.3489,0.3492,611.0,12.0,3.0,T51-DGC-0.50,0.0,in_domain_conditional,T51-DGC-0.50=0.9962;T51-DGC-0.33=0.9962;T51-DGC-0.67=0.9987;T51-CORNKERNEL-0.50=0.9962,962.0,3.0,True,,,,,9962.0,0.0,0.9962,0.9962,0.9971527923502972,0.0006152690468404,9964.0,0.0,0.9964,0.9964,0.9973257768218992,0.0005989190262464,diagnostics_rows.csv,DIAG-T45,A2,SD-H0,,,diagnostic,False
0,,,,,"root0:DIAG-T45:A2[SD-H0,h=8/8xA1]",,diagnostic,,,,,,,,,,,SD-S2,,10000.0,,,10000.0,0.0,1.0,1.0,1.0,0.0,0.0,0.0,1.0,1.0,1.0,1.0,1.0,1.0,1.0,1.0,1.0,1.0,1.0,1.0,1.0,1.0,0.5624,0.570595773478783,1.0,0.0113,0.0563,0.0563,450.0,0.0,0.0,T51-DGC-0.50,0.0,in_domain_conditional,T51-DGC-0.50=1;T51-DGC-0.33=1;T51-DGC-0.67=1;T51-CORNKERNEL-0.50=1,0.0,0.0,True,,,,,10000.0,0.0,1.0,1.0,1.0,0.0,10000.0,0.0,1.0,1.0,1.0,0.0,diagnostics_rows.csv,DIAG-T45,A2,SD-H0,,,diagnostic,False
0,,,,,"root0:DIAG-T45:A2[SD-H0,h=8/8xA1]",,diagnostic,,,,,,,,,,,SD-SRC14,,10000.0,,,10000.0,0.0,1.0,1.0,1.0,0.0,0.0,0.0,1.0,1.0,1.0,1.0,1.0,1.0,1.0,1.0,1.0,1.0,1.0,1.0,1.0,1.0,0.6753,0.6830138022172012,1.0,0.0258,0.0912,0.0915,654.0,0.0,3.0,T51-DGC-0.50,0.0,in_domain_conditional,T51-DGC-0.50=1;T51-DGC-0.33=1;T51-DGC-0.67=1;T51-CORNKERNEL-0.50=1,304.0,3.0,True,,,,,10000.0,0.0,1.0,1.0,1.0,0.0,10000.0,0.0,1.0,1.0,1.0,0.0,diagnostics_rows.csv,DIAG-T45,A2,SD-H0,,,diagnostic,False
0,,,,,"root0:DIAG-T45:A2[SD-H0,h=8/8xA1]",,diagnostic,,,,,,,,,,,SD-12MO,,10000.0,,,9966.0,34.0,0.9966,1.0,1.0,0.0,0.0064,34.0,1.0,1.0,1.0,1.0,1.0,1.0,1.0,1.0,1.0,1.0,1.0,1.0,1.0,1.0,0.6276,0.6355737480726315,1.0,0.1208,0.2096,0.2096,888.0,0.0,0.0,T51-DGC-0.50,0.0,in_domain_conditional,T51-DGC-0.50=1;T51-DGC-0.33=1;T51-DGC-0.67=1;T51-CORNKERNEL-0.50=1,6.0,0.0,True,,,,,10000.0,0.0,1.0,1.0,1.0,0.0,10000.0,0.0,1.0,1.0,1.0,0.0,diagnostics_rows.csv,DIAG-T45,A2,SD-H0,,,diagnostic,False
0,,,,,"root0:DIAG-T45:A2[SD-H0,h=8/8xA1]",,diagnostic,,,,,,,,,,,SD-SRC12,,10000.0,,,9794.0,180.0,0.9794,0.9974,0.9981775270326294,0.0005092386473943,0.0723,180.0,0.9974,0.9981775270326294,0.9974,0.9974,0.9981775270326294,0.9975,0.9982612117448236,0.9975,0.9982612117448236,0.9975,0.9975,0.9935,0.9947638288374776,0.9935,0.7174,0.7248087192659689,0.9974,0.1318,0.2265,0.2268,953.0,6.0,3.0,T51-DGC-0.50,0.0,in_domain_conditional,T51-DGC-0.50=0.9974;T51-DGC-0.33=0.9974;T51-DGC-0.67=0.9986;T51-CORNKERNEL-0.50=0.9974,672.0,3.0,True,,,,,9974.0,0.0,0.9974,0.9974,0.9981775270326294,0.0005092386473943,9975.0,0.0,0.9975,0.9975,0.9982612117448236,0.0004993746088859,diagnostics_rows.csv,DIAG-T45,A2,SD-H0,,,diagnostic,False
0,,,,,"root0:DIAG-T45:A2[SD-S2,h=0.5xQ(1-0.1)]",,diagnostic,,,,,,,,,,,SD-H0,,10000.0,,,8187.0,1310.0,0.8187,0.9497,0.9532477206853402,0.0021856328602947,0.4821,1310.0,0.9565,0.9598063480061432,0.922,0.922,0.9263697190176168,0.9641,0.9671095894704824,0.9442,0.947929392912333,0.9407,0.9674,0.7199,0.7272881879159631,0.7956,0.8422,0.8481721882352091,0.9293,0.4495,0.442,0.4423,193.0,267.0,3.0,T51-DGC-0.50,0.0,in_domain_conditional,T51-DGC-0.50=0.9497;T51-DGC-0.33=0.922;T51-DGC-0.67=0.9995;T51-CORNKERNEL-0.50=0.922,962.0,3.0,True,,,,,9220.0,0.0,0.922,0.922,0.9263697190176168,0.0026817158686184,9407.0,0.0,0.9407,0.9407,0.9445395418463672,0.0023618532977304,diagnostics_rows.csv,DIAG-T45,A2,SD-S2,,,diagnostic,False
0,,,,,"root0:DIAG-T45:A2[SD-S2,h=0.5xQ(1-0.1)]",,diagnostic,,,,,,,,,,,SD-S2,,10000.0,,,7558.0,1824.0,0.7558,0.9382,0.9421158573768772,0.0024079194338681,0.4965,1824.0,0.9437,0.9474453753360896,0.8917,0.8917,0.8967767378842739,0.9655,0.968451191726698,0.9362,0.9401755782932816,0.9342,0.9672,0.6887,0.696324780513053,0.8048,0.816,0.8223549765204733,0.8982,0.2905,0.2756,0.2756,115.0,264.0,0.0,T51-DGC-0.50,0.0,in_domain_conditional,T51-DGC-0.50=0.9382;T51-DGC-0.33=0.8917;T51-DGC-0.67=1;T51-CORNKERNEL-0.50=0.8917,0.0,0.0,True,,,,,8917.0,0.0,0.8917,0.8917,0.8967767378842739,0.0031075892585732,9342.0,0.0,0.9342,0.9342,0.9382341716597924,0.0024793216814282,diagnostics_rows.csv,DIAG-T45,A2,SD-S2,,,diagnostic,False
0,,,,,"root0:DIAG-T45:A2[SD-S2,h=0.5xQ(1-0.1)]",,diagnostic,,,,,,,,,,,SD-SRC14,,10000.0,,,8360.0,1302.0,0.836,0.9662,0.9691214999589,0.0018071402823245,0.5009,1302.0,0.9695,0.972276739024014,0.9201,0.9201,0.9245189274502188,0.9818,0.9839441247082468,0.9593,0.962500696697616,0.9563,0.9832,0.6791,0.6867892980917804,0.8519,0.8645,0.8701006660703358,0.927,0.3206,0.305,0.3053,169.0,325.0,3.0,T51-DGC-0.50,0.0,in_domain_conditional,T51-DGC-0.50=0.9662;T51-DGC-0.33=0.9201;T51-DGC-0.67=1;T51-CORNKERNEL-0.50=0.9201,304.0,3.0,True,,,,,9201.0,0.0,0.9201,0.9201,0.9245189274502188,0.0027113832263256,9563.0,0.0,0.9563,0.9563,0.959613744754096,0.0020442678395944,diagnostics_rows.csv,DIAG-T45,A2,SD-S2,,,diagnostic,False
0,,,,,"root0:DIAG-T45:A2[SD-S2,h=0.5xQ(1-0.1)]",,diagnostic,,,,,,,,,,,SD-12MO,,10000.0,,,7553.0,1715.0,0.7553,0.9268,0.931041912108394,0.0026046450813882,0.4912,1715.0,0.9341,0.9381370725989678,0.8896,0.8896,0.8947204279010064,0.9502,0.9537306399947824,0.9217,0.9260775393067826,0.919,0.9528,0.679,0.6866899503906768,0.7642,0.801,0.8075516859477334,0.8976,0.3876,0.3805,0.3805,187.0,258.0,0.0,T51-DGC-0.50,0.0,in_domain_conditional,T51-DGC-0.50=0.9268;T51-DGC-0.33=0.8896;T51-DGC-0.67=1;T51-CORNKERNEL-0.50=0.8896,6.0,0.0,True,,,,,8896.0,0.0,0.8896,0.8896,0.8947204279010064,0.0031338768322957,9190.0,0.0,0.919,0.919,0.9234470744583444,0.0027283511504203,diagnostics_rows.csv,DIAG-T45,A2,SD-S2,,,diagnostic,False
0,,,,,"root0:DIAG-T45:A2[SD-S2,h=0.5xQ(1-0.1)]",,diagnostic,,,,,,,,,,,SD-SRC12,,10000.0,,,8131.0,1115.0,0.8131,0.9246,0.9289011280169132,0.0026403567940715,0.4915,1115.0,0.9333,0.9373601836229886,0.9047,0.9047,0.9094921803350956,0.9558,0.9591321526087224,0.9454,0.949090686015105,0.9415,0.9591,0.643,0.6508992321918522,0.7028,0.8618,0.8674481711869815,0.9145,0.3936,0.3872,0.3875,359.0,422.0,3.0,T51-DGC-0.50,0.0,in_domain_conditional,T51-DGC-0.50=0.9246;T51-DGC-0.33=0.9047;T51-DGC-0.67=0.9992;T51-CORNKERNEL-0.50=0.9047,672.0,3.0,True,,,,,9047.0,0.0,0.9047,0.9047,0.9094921803350956,0.0029362886438495,9415.0,0.0,0.9415,0.9415,0.94531471408866,0.0023468649300716,diagnostics_rows.csv,DIAG-T45,A2,SD-S2,,,diagnostic,False
0,,,,,"root0:DIAG-T45:A2[SD-S2,h=1xQ(1-0.1)]",,diagnostic,,,,,,,,,,,SD-H0,,10000.0,,,8098.0,1462.0,0.8098,0.956,0.9593248037912234,0.002050950998927,0.482,1462.0,0.9579,0.9611540204615584,0.9419,0.9419,0.9457022240672334,0.9689,0.9717036768788124,0.9569,0.9601914962021753,0.956,0.9698,0.8181,0.8244262008477148,0.852,0.8237,0.8299479094686744,0.9438,0.3985,0.4124,0.4127,293.0,153.0,3.0,T51-DGC-0.50,0.0,in_domain_conditional,T51-DGC-0.50=0.956;T51-DGC-0.33=0.9419;T51-DGC-0.67=0.9994;T51-CORNKERNEL-0.50=0.9419,962.0,3.0,True,,,,,9419.0,0.0,0.9419,0.9419,0.9457022240672334,0.0023393244751423,9560.0,0.0,0.956,0.956,0.9593248037912234,0.002050950998927,diagnostics_rows.csv,DIAG-T45,A2,SD-S2,,,diagnostic,False
0,,,,,"root0:DIAG-T45:A2[SD-S2,h=1xQ(1-0.1)]",,diagnostic,,,,,,,,,,,SD-S2,,10000.0,,,7786.0,2158.0,0.7786,0.9944,0.9955691040233252,0.0007462332075162,0.4975,2158.0,0.9948,0.9959245172042862,0.993,0.993,0.9943135672551808,0.9968,0.9976693565025506,0.9959,0.9968919958579002,0.9958,0.9969,0.9848,0.9867570661537752,0.987,0.7851,0.791844328966249,0.9934,0.1474,0.1826,0.1826,376.0,24.0,0.0,T51-DGC-0.50,0.0,in_domain_conditional,T51-DGC-0.50=0.9944;T51-DGC-0.33=0.993;T51-DGC-0.67=1;T51-CORNKERNEL-0.50=0.993,0.0,0.0,True,,,,,9930.0,0.0,0.993,0.993,0.9943135672551808,0.0008337265738837,9958.0,0.0,0.9958,0.9958,0.9968047377981422,0.0006467116822819,diagnostics_rows.csv,DIAG-T45,A2,SD-S2,,,diagnostic,False
0,,,,,"root0:DIAG-T45:A2[SD-S2,h=1xQ(1-0.1)]",,diagnostic,,,,,,,,,,,SD-SRC14,,10000.0,,,8392.0,1554.0,0.8392,0.9946,0.9957470209130608,0.0007328601503697,0.5004,1554.0,0.9948,0.9959245172042862,0.9875,0.9875,0.989271380477697,0.9972,0.9980092290195756,0.994,0.9952120957595508,0.9939,0.9973,0.9598,0.962981401750572,0.9808,0.836,0.8420676377666307,0.988,0.1862,0.2146,0.2149,359.0,75.0,3.0,T51-DGC-0.50,0.0,in_domain_conditional,T51-DGC-0.50=0.9946;T51-DGC-0.33=0.9875;T51-DGC-0.67=1;T51-CORNKERNEL-0.50=0.9875,304.0,3.0,True,,,,,9875.0,0.0,0.9875,0.9875,0.989271380477697,0.0011110243021644,9939.0,0.0,0.9939,0.9939,0.9951226134121672,0.0007786391975748,diagnostics_rows.csv,DIAG-T45,A2,SD-S2,,,diagnostic,False
0,,,,,"root0:DIAG-T45:A2[SD-S2,h=1xQ(1-0.1)]",,diagnostic,,,,,,,,,,,SD-12MO,,10000.0,,,7666.0,1935.0,0.7666,0.9601,0.9632697597804748,0.0019572427033967,0.4908,1935.0,0.9616,0.9647107980423546,0.9568,0.9568,0.9600952164818792,0.9723,0.9749470323499624,0.9698,0.9725631613237824,0.9694,0.9727,0.8916,0.8966788319449522,0.8994,0.7816,0.7883846757529037,0.9583,0.2963,0.3229,0.3229,343.0,77.0,0.0,T51-DGC-0.50,0.0,in_domain_conditional,T51-DGC-0.50=0.9601;T51-DGC-0.33=0.9568;T51-DGC-0.67=1;T51-CORNKERNEL-0.50=0.9568,6.0,0.0,True,,,,,9568.0,0.0,0.9568,0.9568,0.9600952164818792,0.0020330705841165,9694.0,0.0,0.9694,0.9694,0.9721812486819964,0.0017223135603019,diagnostics_rows.csv,DIAG-T45,A2,SD-S2,,,diagnostic,False
0,,,,,"root0:DIAG-T45:A2[SD-S2,h=1xQ(1-0.1)]",,diagnostic,,,,,,,,,,,SD-SRC12,,10000.0,,,8031.0,1316.0,0.8031,0.9347,0.9387196263613274,0.0024705446767868,0.4909,1316.0,0.9396,0.9434733544644942,0.9277,0.9277,0.9319173652744352,0.9622,0.9652868519559008,0.958,0.9612502452230988,0.957,0.9632,0.7774,0.7842321501344438,0.7949,0.84,0.8460064230264991,0.9326,0.3023,0.3325,0.3328,506.0,203.0,3.0,T51-DGC-0.50,0.0,in_domain_conditional,T51-DGC-0.50=0.9347;T51-DGC-0.33=0.9277;T51-DGC-0.67=0.9993;T51-CORNKERNEL-0.50=0.9277,672.0,3.0,True,,,,,9277.0,0.0,0.9277,0.9277,0.9319173652744352,0.0025898399564451,9570.0,0.0,0.957,0.957,0.96028777100959,0.0020285709255532,diagnostics_rows.csv,DIAG-T45,A2,SD-S2,,,diagnostic,False
0,,,,,"root0:DIAG-T45:A2[SD-S2,h=1.5xQ(1-0.1)]",,diagnostic,,,,,,,,,,,SD-H0,,10000.0,,,8437.0,1254.0,0.8437,0.9691,0.9718947294677474,0.0017304678558124,0.3486,1254.0,0.9701,0.9728495097103056,0.9676,0.9676,0.9704610806115452,0.9763,0.97874873620178,0.9752,0.9777049570163552,0.9748,0.9767,0.9128,0.9174012634979432,0.9157,0.807,0.8134748198934816,0.9686,0.3496,0.3822,0.3825,402.0,75.0,3.0,T51-DGC-0.50,0.0,in_domain_conditional,T51-DGC-0.50=0.9691;T51-DGC-0.33=0.9676;T51-DGC-0.67=0.9989;T51-CORNKERNEL-0.50=0.9676,962.0,3.0,True,,,,,9676.0,0.0,0.9676,0.9676,0.9704610806115452,0.0017705998983395,9748.0,0.0,0.9748,0.9748,0.977325067866142,0.0015673212816777,diagnostics_rows.csv,DIAG-T45,A2,SD-S2,,,diagnostic,False
0,,,,,"root0:DIAG-T45:A2[SD-S2,h=1.5xQ(1-0.1)]",,diagnostic,,,,,,,,,,,SD-S2,,10000.0,,,9682.0,318.0,0.9682,1.0,1.0,0.0,0.0617,318.0,1.0,1.0,1.0,1.0,1.0,1.0,1.0,1.0,1.0,1.0,1.0,1.0,1.0,1.0,0.7681,0.7750337144274035,1.0,0.0578,0.1127,0.1127,549.0,0.0,0.0,T51-DGC-0.50,0.0,in_domain_conditional,T51-DGC-0.50=1;T51-DGC-0.33=1;T51-DGC-0.67=1;T51-CORNKERNEL-0.50=1,0.0,0.0,True,,,,,10000.0,0.0,1.0,1.0,1.0,0.0,10000.0,0.0,1.0,1.0,1.0,0.0,diagnostics_rows.csv,DIAG-T45,A2,SD-S2,,,diagnostic,False
0,,,,,"root0:DIAG-T45:A2[SD-S2,h=1.5xQ(1-0.1)]",,diagnostic,,,,,,,,,,,SD-SRC14,,10000.0,,,9587.0,413.0,0.9587,1.0,1.0,0.0,0.1067,413.0,1.0,1.0,1.0,1.0,1.0,1.0,1.0,1.0,1.0,1.0,1.0,0.9997,0.9999182260208972,0.9998,0.8132,0.8195928598957407,1.0,0.0927,0.1496,0.1499,574.0,5.0,3.0,T51-DGC-0.50,0.0,in_domain_conditional,T51-DGC-0.50=1;T51-DGC-0.33=1;T51-DGC-0.67=1;T51-CORNKERNEL-0.50=1,304.0,3.0,True,,,,,10000.0,0.0,1.0,1.0,1.0,0.0,10000.0,0.0,1.0,1.0,1.0,0.0,diagnostics_rows.csv,DIAG-T45,A2,SD-S2,,,diagnostic,False
0,,,,,"root0:DIAG-T45:A2[SD-S2,h=1.5xQ(1-0.1)]",,diagnostic,,,,,,,,,,,SD-12MO,,10000.0,,,8853.0,1075.0,0.8853,0.9928,0.994132952317116,0.0008454679177828,0.2257,1075.0,0.9928,0.994132952317116,0.9928,0.9928,0.994132952317116,0.9949,0.9960131000686918,0.9949,0.9960131000686918,0.9949,0.9949,0.9856,0.9875039787112038,0.9856,0.7693,0.7762208795079462,0.9928,0.2155,0.2708,0.2708,566.0,13.0,0.0,T51-DGC-0.50,0.0,in_domain_conditional,T51-DGC-0.50=0.9928;T51-DGC-0.33=0.9928;T51-DGC-0.67=1;T51-CORNKERNEL-0.50=0.9928,6.0,0.0,True,,,,,9928.0,0.0,0.9928,0.9928,0.994132952317116,0.0008454679177828,9949.0,0.0,0.9949,0.9949,0.9960131000686918,0.0007123194508084,diagnostics_rows.csv,DIAG-T45,A2,SD-S2,,,diagnostic,False
0,,,,,"root0:DIAG-T45:A2[SD-S2,h=1.5xQ(1-0.1)]",,diagnostic,,,,,,,,,,,SD-SRC12,,10000.0,,,8587.0,1043.0,0.8587,0.963,0.966054590718666,0.0018876175460087,0.332,1043.0,0.9648,0.9677805517290002,0.963,0.963,0.966054590718666,0.9771,0.9795069642698224,0.9775,0.9798857854820716,0.9771,0.9775,0.8986,0.9035288429723668,0.8987,0.8209,0.8271873411205257,0.9648,0.2268,0.2849,0.2852,667.0,85.0,3.0,T51-DGC-0.50,0.0,in_domain_conditional,T51-DGC-0.50=0.963;T51-DGC-0.33=0.963;T51-DGC-0.67=0.9986;T51-CORNKERNEL-0.50=0.963,672.0,3.0,True,,,,,9630.0,0.0,0.963,0.963,0.966054590718666,0.0018876175460087,9771.0,0.0,0.9771,0.9771,0.9795069642698224,0.0014958472515601,diagnostics_rows.csv,DIAG-T45,A2,SD-S2,,,diagnostic,False
0,,,,,"root0:DIAG-T45:A2[SD-S2,h=0.5xQ(1-0.05)]",,diagnostic,,,,,,,,,,,SD-H0,,10000.0,,,8151.0,1360.0,0.8151,0.9511,0.9545996419617644,0.0021565896688985,0.4824,1360.0,0.9564,0.9597100487962972,0.9285,0.9285,0.9326953849359532,0.9659,0.9688342662560904,0.9488,0.952378218584496,0.9462,0.9684,0.7532,0.760286650387863,0.8125,0.8366,0.8426585391265622,0.9341,0.4336,0.4321,0.4324,231.0,245.0,3.0,T51-DGC-0.50,0.0,in_domain_conditional,T51-DGC-0.50=0.9511;T51-DGC-0.33=0.9285;T51-DGC-0.67=0.9995;T51-CORNKERNEL-0.50=0.9285,962.0,3.0,True,,,,,9285.0,0.0,0.9285,0.9285,0.9326953849359532,0.0025765820382824,9462.0,0.0,0.9462,0.9462,0.9498646017122448,0.0022562260525044,diagnostics_rows.csv,DIAG-T45,A2,SD-S2,,,diagnostic,False
0,,,,,"root0:DIAG-T45:A2[SD-S2,h=0.5xQ(1-0.05)]",,diagnostic,,,,,,,,,,,SD-S2,,10000.0,,,7640.0,1950.0,0.764,0.959,0.9622122095055948,0.0019829019138626,0.4968,1950.0,0.9609,0.9640384715639688,0.9397,0.9397,0.9435702959474626,0.978,0.9803590272884788,0.9649,0.96787637738978,0.9647,0.9781,0.8387,0.8447264623608213,0.8847,0.8062,0.8126852060224312,0.9419,0.2375,0.2427,0.2427,181.0,129.0,0.0,T51-DGC-0.50,0.0,in_domain_conditional,T51-DGC-0.50=0.959;T51-DGC-0.33=0.9397;T51-DGC-0.67=1;T51-CORNKERNEL-0.50=0.9397,0.0,0.0,True,,,,,9397.0,0.0,0.9397,0.9397,0.9435702959474626,0.0023804182405619,9647.0,0.0,0.9647,0.9647,0.9676847194922328,0.001845370152571,diagnostics_rows.csv,DIAG-T45,A2,SD-S2,,,diagnostic,False
0,,,,,"root0:DIAG-T45:A2[SD-S2,h=0.5xQ(1-0.05)]",,diagnostic,,,,,,,,,,,SD-SRC14,,10000.0,,,8396.0,1371.0,0.8396,0.9767,0.9791279461979848,0.0015085459886924,0.5003,1371.0,0.9788,0.9811155309454698,0.9459,0.9459,0.9495744099347506,0.9882,0.9899199090727138,0.9722,0.974851784443822,0.9706,0.989,0.7988,0.8053792830533935,0.9079,0.856,0.8617477753004363,0.9497,0.2751,0.2762,0.2765,227.0,216.0,3.0,T51-DGC-0.50,0.0,in_domain_conditional,T51-DGC-0.50=0.9767;T51-DGC-0.33=0.9459;T51-DGC-0.67=1;T51-CORNKERNEL-0.50=0.9459,304.0,3.0,True,,,,,9459.0,0.0,0.9459,0.9459,0.9495744099347506,0.0022621491993235,9706.0,0.0,0.9706,0.9706,0.973326589820319,0.0016892495375165,diagnostics_rows.csv,DIAG-T45,A2,SD-S2,,,diagnostic,False
0,,,,,"root0:DIAG-T45:A2[SD-S2,h=0.5xQ(1-0.05)]",,diagnostic,,,,,,,,,,,SD-12MO,,10000.0,,,7538.0,1797.0,0.7538,0.9335,0.9375544218697048,0.0024915406880081,0.4909,1797.0,0.9386,0.942503773433441,0.9117,0.9117,0.9163278638354012,0.9565,0.9598063480061432,0.9393,0.9431825117866998,0.9375,0.9582,0.7584,0.7654346077347816,0.8068,0.7953,0.8019225524267416,0.9169,0.3518,0.3614,0.3614,243.0,147.0,0.0,T51-DGC-0.50,0.0,in_domain_conditional,T51-DGC-0.50=0.9335;T51-DGC-0.33=0.9117;T51-DGC-0.67=1;T51-CORNKERNEL-0.50=0.9117,6.0,0.0,True,,,,,9117.0,0.0,0.9117,0.9117,0.9163278638354012,0.0028373069978414,9375.0,0.0,0.9375,0.9375,0.9414368910886544,0.0024206145913796,diagnostics_rows.csv,DIAG-T45,A2,SD-S2,,,diagnostic,False
0,,,,,"root0:DIAG-T45:A2[SD-S2,h=0.5xQ(1-0.05)]",,diagnostic,,,,,,,,,,,SD-SRC12,,10000.0,,,8081.0,1183.0,0.8081,0.9264,0.9306527610951726,0.0026111882352676,0.4915,1183.0,0.9335,0.9375544218697048,0.9123,0.9123,0.91691338180855,0.9576,0.9608653157593594,0.9497,0.9532477206853402,0.947,0.96,0.6914,0.6990059512312778,0.7327,0.8554,0.8611578939114847,0.92,0.362,0.368,0.3683,402.0,341.0,3.0,T51-DGC-0.50,0.0,in_domain_conditional,T51-DGC-0.50=0.9264;T51-DGC-0.33=0.9123;T51-DGC-0.67=0.9992;T51-CORNKERNEL-0.50=0.9123,672.0,3.0,True,,,,,9123.0,0.0,0.9123,0.9123,0.91691338180855,0.002828581093057,9470.0,0.0,0.947,0.947,0.950638288142474,0.0022403347964087,diagnostics_rows.csv,DIAG-T45,A2,SD-S2,,,diagnostic,False
0,,,,,"root0:DIAG-T45:A2[SD-S2,h=1xQ(1-0.05)]",,diagnostic,,,,,,,,,,,SD-H0,,10000.0,,,8242.0,1377.0,0.8242,0.9619,0.9649988513949692,0.0019143769221341,0.4095,1377.0,0.9639,0.9669178280541496,0.9572,0.9572,0.960480305820144,0.9721,0.974756527272704,0.9682,0.971034746840153,0.9674,0.9729,0.878,0.8833515204073555,0.888,0.8121,0.8185075931385681,0.9592,0.3681,0.3934,0.3937,363.0,109.0,3.0,T51-DGC-0.50,0.0,in_domain_conditional,T51-DGC-0.50=0.9619;T51-DGC-0.33=0.9572;T51-DGC-0.67=0.9991;T51-CORNKERNEL-0.50=0.9572,962.0,3.0,True,,,,,9572.0,0.0,0.9572,0.9572,0.960480305820144,0.0020240592876692,9674.0,0.0,0.9674,0.9674,0.9702697988571308,0.0017758727431885,diagnostics_rows.csv,DIAG-T45,A2,SD-S2,,,diagnostic,False
0,,,,,"root0:DIAG-T45:A2[SD-S2,h=1xQ(1-0.05)]",,diagnostic,,,,,,,,,,,SD-S2,,10000.0,,,8971.0,1029.0,0.8971,1.0,1.0,0.0,0.2093,1029.0,1.0,1.0,1.0,1.0,1.0,1.0,1.0,1.0,1.0,1.0,1.0,0.9999,0.9999948706837164,0.9999,0.7725,0.7793862646904022,1.0,0.0863,0.1369,0.1369,507.0,1.0,0.0,T51-DGC-0.50,0.0,in_domain_conditional,T51-DGC-0.50=1;T51-DGC-0.33=1;T51-DGC-0.67=1;T51-CORNKERNEL-0.50=1,0.0,0.0,True,,,,,10000.0,0.0,1.0,1.0,1.0,0.0,10000.0,0.0,1.0,1.0,1.0,0.0,diagnostics_rows.csv,DIAG-T45,A2,SD-S2,,,diagnostic,False
0,,,,,"root0:DIAG-T45:A2[SD-S2,h=1xQ(1-0.05)]",,diagnostic,,,,,,,,,,,SD-SRC14,,10000.0,,,9092.0,904.0,0.9092,0.9996,0.999863356997892,0.0001999599959991,0.2584,904.0,0.9996,0.999863356997892,0.9994,0.9994,0.9997386673319714,0.9999,0.9999948706837164,0.9998,0.9999644627034489,0.9998,0.9999,0.9972,0.9980092290195756,0.998,0.8215,0.8277789399856987,0.9994,0.1228,0.1723,0.1726,510.0,15.0,3.0,T51-DGC-0.50,0.0,in_domain_conditional,T51-DGC-0.50=0.9996;T51-DGC-0.33=0.9994;T51-DGC-0.67=1;T51-CORNKERNEL-0.50=0.9994,304.0,3.0,True,,,,,9994.0,0.0,0.9994,0.9994,0.9997386673319714,0.00024487547856,9998.0,0.0,0.9998,0.9998,0.9999644627034489,0.0001414072133945,diagnostics_rows.csv,DIAG-T45,A2,SD-S2,,,diagnostic,False
0,,,,,"root0:DIAG-T45:A2[SD-S2,h=1xQ(1-0.05)]",,diagnostic,,,,,,,,,,,SD-12MO,,10000.0,,,8333.0,1515.0,0.8333,0.9848,0.9867570661537752,0.0012234770124526,0.3439,1515.0,0.9853,0.9872240626759924,0.9848,0.9848,0.9867570661537752,0.9891,0.9907513503949738,0.9891,0.9907513503949738,0.9891,0.9891,0.9659,0.9688342662560904,0.9659,0.7728,0.7796829903801292,0.9853,0.2441,0.2903,0.2903,486.0,24.0,0.0,T51-DGC-0.50,0.0,in_domain_conditional,T51-DGC-0.50=0.9848;T51-DGC-0.33=0.9848;T51-DGC-0.67=1;T51-CORNKERNEL-0.50=0.9848,6.0,0.0,True,,,,,9848.0,0.0,0.9848,0.9848,0.9867570661537752,0.0012234770124526,9891.0,0.0,0.9891,0.9891,0.9907513503949738,0.0010383250936002,diagnostics_rows.csv,DIAG-T45,A2,SD-S2,,,diagnostic,False
0,,,,,"root0:DIAG-T45:A2[SD-S2,h=1xQ(1-0.05)]",,diagnostic,,,,,,,,,,,SD-SRC12,,10000.0,,,8303.0,1198.0,0.8303,0.9501,0.9536340640815888,0.0021773835215689,0.4069,1198.0,0.9527,0.9561437081547192,0.9486,0.9486,0.9521849533497916,0.9706,0.973326589820319,0.9698,0.9725631613237824,0.9694,0.971,0.8558,0.861551151963083,0.8586,0.8286,0.8347774954592495,0.9512,0.2522,0.3024,0.3027,617.0,114.0,3.0,T51-DGC-0.50,0.0,in_domain_conditional,T51-DGC-0.50=0.9501;T51-DGC-0.33=0.9486;T51-DGC-0.67=0.9987;T51-CORNKERNEL-0.50=0.9486,672.0,3.0,True,,,,,9486.0,0.0,0.9486,0.9486,0.9521849533497916,0.0022081222792227,9694.0,0.0,0.9694,0.9694,0.9721812486819964,0.0017223135603019,diagnostics_rows.csv,DIAG-T45,A2,SD-S2,,,diagnostic,False
0,,,,,"root0:DIAG-T45:A2[SD-S2,h=1.5xQ(1-0.05)]",,diagnostic,,,,,,,,,,,SD-H0,,10000.0,,,8987.0,884.0,0.8987,0.9871,0.9889001229912828,0.00112843209809,0.2137,884.0,0.9873,0.9890858104641382,0.9871,0.9871,0.9889001229912828,0.9898,0.9913959789726252,0.9899,0.9914879106518294,0.9898,0.9899,0.9682,0.971034746840153,0.9683,0.7973,0.8038979219233308,0.9873,0.3101,0.3548,0.3551,482.0,34.0,3.0,T51-DGC-0.50,0.0,in_domain_conditional,T51-DGC-0.50=0.9871;T51-DGC-0.33=0.9871;T51-DGC-0.67=0.9981;T51-CORNKERNEL-0.50=0.9871,962.0,3.0,True,,,,,9871.0,0.0,0.9871,0.9871,0.9889001229912828,0.00112843209809,9898.0,0.0,0.9898,0.9898,0.9913959789726252,0.0010047865444958,diagnostics_rows.csv,DIAG-T45,A2,SD-S2,,,diagnostic,False
0,,,,,"root0:DIAG-T45:A2[SD-S2,h=1.5xQ(1-0.05)]",,diagnostic,,,,,,,,,,,SD-S2,,10000.0,,,9999.0,1.0,0.9999,1.0,1.0,0.0,0.0003,1.0,1.0,1.0,1.0,1.0,1.0,1.0,1.0,1.0,1.0,1.0,1.0,1.0,1.0,1.0,0.759,0.7660285121736857,1.0,0.0221,0.0648,0.0648,427.0,0.0,0.0,T51-DGC-0.50,0.0,in_domain_conditional,T51-DGC-0.50=1;T51-DGC-0.33=1;T51-DGC-0.67=1;T51-CORNKERNEL-0.50=1,0.0,0.0,True,,,,,10000.0,0.0,1.0,1.0,1.0,0.0,10000.0,0.0,1.0,1.0,1.0,0.0,diagnostics_rows.csv,DIAG-T45,A2,SD-S2,,,diagnostic,False
0,,,,,"root0:DIAG-T45:A2[SD-S2,h=1.5xQ(1-0.05)]",,diagnostic,,,,,,,,,,,SD-SRC14,,10000.0,,,9979.0,21.0,0.9979,1.0,1.0,0.0,0.0049,21.0,1.0,1.0,1.0,1.0,1.0,1.0,1.0,1.0,1.0,1.0,1.0,1.0,1.0,1.0,0.7967,0.8033053375307735,1.0,0.0432,0.0989,0.0992,557.0,0.0,3.0,T51-DGC-0.50,0.0,in_domain_conditional,T51-DGC-0.50=1;T51-DGC-0.33=1;T51-DGC-0.67=1;T51-CORNKERNEL-0.50=1,304.0,3.0,True,,,,,10000.0,0.0,1.0,1.0,1.0,0.0,10000.0,0.0,1.0,1.0,1.0,0.0,diagnostics_rows.csv,DIAG-T45,A2,SD-S2,,,diagnostic,False
0,,,,,"root0:DIAG-T45:A2[SD-S2,h=1.5xQ(1-0.05)]",,diagnostic,,,,,,,,,,,SD-12MO,,10000.0,,,9702.0,297.0,0.9702,0.9999,0.9999948706837164,9.999499987498824e-05,0.0545,297.0,0.9999,0.9999948706837164,0.9999,0.9999,0.9999948706837164,0.9999,0.9999948706837164,0.9999,0.9999948706837164,0.9999,0.9999,0.9998,0.9999644627034489,0.9998,0.7605,0.7675131903819417,0.9999,0.1511,0.2194,0.2194,683.0,0.0,0.0,T51-DGC-0.50,0.0,in_domain_conditional,T51-DGC-0.50=0.9999;T51-DGC-0.33=0.9999;T51-DGC-0.67=1;T51-CORNKERNEL-0.50=0.9999,6.0,0.0,True,,,,,9999.0,0.0,0.9999,0.9999,0.9999948706837164,9.999499987498824e-05,9999.0,0.0,0.9999,0.9999,0.9999948706837164,9.999499987498824e-05,diagnostics_rows.csv,DIAG-T45,A2,SD-S2,,,diagnostic,False
0,,,,,"root0:DIAG-T45:A2[SD-S2,h=1.5xQ(1-0.05)]",,diagnostic,,,,,,,,,,,SD-SRC12,,10000.0,,,9245.0,635.0,0.9245,0.988,0.989734772975434,0.0010888526071052,0.1778,635.0,0.9887,0.9903821687847212,0.988,0.988,0.989734772975434,0.9928,0.994132952317116,0.9929,0.9942232946852936,0.9928,0.9929,0.9702,0.972944942561202,0.9702,0.8077,0.8141656969152802,0.9887,0.1628,0.2361,0.2364,759.0,25.0,3.0,T51-DGC-0.50,0.0,in_domain_conditional,T51-DGC-0.50=0.988;T51-DGC-0.33=0.988;T51-DGC-0.67=0.9979;T51-CORNKERNEL-0.50=0.988,672.0,3.0,True,,,,,9880.0,0.0,0.988,0.988,0.989734772975434,0.0010888526071052,9928.0,0.0,0.9928,0.9928,0.994132952317116,0.0008454679177828,diagnostics_rows.csv,DIAG-T45,A2,SD-S2,,,diagnostic,False
0,,,,,"root0:DIAG-T45:A2[SD-S2,h=0.5xQ(1-0.01)]",,diagnostic,,,,,,,,,,,SD-H0,,10000.0,,,8107.0,1445.0,0.8107,0.9552,0.9585540858188798,0.0020686459339384,0.4821,1445.0,0.9576,0.9608653157593594,0.9402,0.9402,0.9440549574704372,0.9683,0.9711303314128884,0.9559,0.959228480577018,0.9547,0.9695,0.8082,0.8146591603569323,0.8458,0.8257,0.8319193879355935,0.9426,0.405,0.4165,0.4168,282.0,166.0,3.0,T51-DGC-0.50,0.0,in_domain_conditional,T51-DGC-0.50=0.9552;T51-DGC-0.33=0.9402;T51-DGC-0.67=0.9994;T51-CORNKERNEL-0.50=0.9402,962.0,3.0,True,,,,,9402.0,0.0,0.9402,0.9402,0.9440549574704372,0.0023711592101754,9547.0,0.0,0.9547,0.9547,0.9580722355281812,0.0020796131851861,diagnostics_rows.csv,DIAG-T45,A2,SD-S2,,,diagnostic,False
0,,,,,"root0:DIAG-T45:A2[SD-S2,h=0.5xQ(1-0.01)]",,diagnostic,,,,,,,,,,,SD-S2,,10000.0,,,7790.0,2125.0,0.779,0.9915,0.9929527455671529,0.0009180277773575,0.4975,2125.0,0.992,0.9934078640178796,0.9895,0.9895,0.9911199422617512,0.9954,0.9964542249183712,0.9938,0.9950330434825292,0.9938,0.9954,0.9765,0.978938364890196,0.9799,0.7873,0.7940185968937509,0.99,0.1598,0.192,0.192,361.0,39.0,0.0,T51-DGC-0.50,0.0,in_domain_conditional,T51-DGC-0.50=0.9915;T51-DGC-0.33=0.9895;T51-DGC-0.67=1;T51-CORNKERNEL-0.50=0.9895,0.0,0.0,True,,,,,9895.0,0.0,0.9895,0.9895,0.9911199422617512,0.0010193012312363,9938.0,0.0,0.9938,0.9938,0.9950330434825292,0.000784956049725,diagnostics_rows.csv,DIAG-T45,A2,SD-S2,,,diagnostic,False
0,,,,,"root0:DIAG-T45:A2[SD-S2,h=0.5xQ(1-0.01)]",,diagnostic,,,,,,,,,,,SD-SRC14,,10000.0,,,8395.0,1534.0,0.8395,0.9929,0.9942232946852936,0.0008396183656876,0.5002,1534.0,0.9935,0.9947638288374776,0.9828,0.9828,0.9848837062185044,0.9965,0.997411983195576,0.9913,0.9927703178403924,0.9911,0.9965,0.9429,0.9466707729580214,0.9736,0.8384,0.8444310669374806,0.9839,0.1996,0.2253,0.2256,351.0,94.0,3.0,T51-DGC-0.50,0.0,in_domain_conditional,T51-DGC-0.50=0.9929;T51-DGC-0.33=0.9828;T51-DGC-0.67=1;T51-CORNKERNEL-0.50=0.9828,304.0,3.0,True,,,,,9828.0,0.0,0.9828,0.9828,0.9848837062185044,0.001300159990155,9911.0,0.0,0.9911,0.9911,0.9925876839365836,0.000939190608982,diagnostics_rows.csv,DIAG-T45,A2,SD-S2,,,diagnostic,False
0,,,,,"root0:DIAG-T45:A2[SD-S2,h=0.5xQ(1-0.01)]",,diagnostic,,,,,,,,,,,SD-12MO,,10000.0,,,7639.0,1916.0,0.7639,0.9555,0.9588431403327614,0.0020620317650317,0.4907,1916.0,0.9572,0.960480305820144,0.9501,0.9501,0.9536340640815888,0.97,0.9727540685269076,0.9655,0.968451191726698,0.9651,0.9704,0.8717,0.8771702765761045,0.8842,0.7828,0.7895709236600036,0.9518,0.305,0.331,0.331,338.0,78.0,0.0,T51-DGC-0.50,0.0,in_domain_conditional,T51-DGC-0.50=0.9555;T51-DGC-0.33=0.9501;T51-DGC-0.67=1;T51-CORNKERNEL-0.50=0.9501,6.0,0.0,True,,,,,9501.0,0.0,0.9501,0.9501,0.9536340640815888,0.0021773835215689,9651.0,0.0,0.9651,0.9651,0.9680680088747248,0.0018352653759061,diagnostics_rows.csv,DIAG-T45,A2,SD-S2,,,diagnostic,False
0,,,,,"root0:DIAG-T45:A2[SD-S2,h=0.5xQ(1-0.01)]",,diagnostic,,,,,,,,,,,SD-SRC12,,10000.0,,,8042.0,1288.0,0.8042,0.933,0.9370688064026584,0.0025002199903208,0.491,1288.0,0.9384,0.942309821325182,0.9254,0.9254,0.9296797224337974,0.9615,0.9646147686295612,0.9572,0.960480305820144,0.9559,0.9627,0.7638,0.7707790623929902,0.7842,0.8433,0.8492549172132302,0.9309,0.3125,0.3383,0.3386,488.0,229.0,3.0,T51-DGC-0.50,0.0,in_domain_conditional,T51-DGC-0.50=0.933;T51-DGC-0.33=0.9254;T51-DGC-0.67=0.9994;T51-CORNKERNEL-0.50=0.9254,672.0,3.0,True,,,,,9254.0,0.0,0.9254,0.9254,0.9296797224337974,0.0026274481916871,9559.0,0.0,0.9559,0.9559,0.959228480577018,0.0020531729103999,diagnostics_rows.csv,DIAG-T45,A2,SD-S2,,,diagnostic,False
0,,,,,"root0:DIAG-T45:A2[SD-S2,h=1xQ(1-0.01)]",,diagnostic,,,,,,,,,,,SD-H0,,10000.0,,,8888.0,957.0,0.8888,0.9845,0.9864765964104486,0.0012353036064061,0.2361,957.0,0.9849,0.98685051135452,0.9844,0.9844,0.9863830624945746,0.9875,0.989271380477697,0.9876,0.989364120566906,0.9874,0.9877,0.9609,0.9640384715639688,0.9611,0.7994,0.805971787364916,0.9848,0.3169,0.3607,0.361,478.0,39.0,3.0,T51-DGC-0.50,0.0,in_domain_conditional,T51-DGC-0.50=0.9845;T51-DGC-0.33=0.9844;T51-DGC-0.67=0.9987;T51-CORNKERNEL-0.50=0.9844,962.0,3.0,True,,,,,9844.0,0.0,0.9844,0.9844,0.9863830624945746,0.0012392191089553,9874.0,0.0,0.9874,0.9874,0.989178610325672,0.0011154030661603,diagnostics_rows.csv,DIAG-T45,A2,SD-S2,,,diagnostic,False
0,,,,,"root0:DIAG-T45:A2[SD-S2,h=1xQ(1-0.01)]",,diagnostic,,,,,,,,,,,SD-S2,,10000.0,,,9994.0,6.0,0.9994,1.0,1.0,0.0,0.0014,6.0,1.0,1.0,1.0,1.0,1.0,1.0,1.0,1.0,1.0,1.0,1.0,1.0,1.0,1.0,0.7596,0.7666223976907485,1.0,0.0277,0.0725,0.0725,448.0,0.0,0.0,T51-DGC-0.50,0.0,in_domain_conditional,T51-DGC-0.50=1;T51-DGC-0.33=1;T51-DGC-0.67=1;T51-CORNKERNEL-0.50=1,0.0,0.0,True,,,,,10000.0,0.0,1.0,1.0,1.0,0.0,10000.0,0.0,1.0,1.0,1.0,0.0,diagnostics_rows.csv,DIAG-T45,A2,SD-S2,,,diagnostic,False
0,,,,,"root0:DIAG-T45:A2[SD-S2,h=1xQ(1-0.01)]",,diagnostic,,,,,,,,,,,SD-SRC14,,10000.0,,,9959.0,41.0,0.9959,1.0,1.0,0.0,0.0102,41.0,1.0,1.0,1.0,1.0,1.0,1.0,1.0,1.0,1.0,1.0,1.0,1.0,1.0,1.0,0.7985,0.8050830222769428,1.0,0.0514,0.106,0.1063,546.0,0.0,3.0,T51-DGC-0.50,0.0,in_domain_conditional,T51-DGC-0.50=1;T51-DGC-0.33=1;T51-DGC-0.67=1;T51-CORNKERNEL-0.50=1,304.0,3.0,True,,,,,10000.0,0.0,1.0,1.0,1.0,0.0,10000.0,0.0,1.0,1.0,1.0,0.0,diagnostics_rows.csv,DIAG-T45,A2,SD-S2,,,diagnostic,False
0,,,,,"root0:DIAG-T45:A2[SD-S2,h=1xQ(1-0.01)]",,diagnostic,,,,,,,,,,,SD-12MO,,10000.0,,,9604.0,391.0,0.9604,0.9995,0.9998029650436392,0.000223550889061,0.074,391.0,0.9995,0.9998029650436392,0.9995,0.9995,0.9998029650436392,0.9998,0.9999644627034489,0.9998,0.9999644627034489,0.9998,0.9998,0.999,0.9994573624247092,0.999,0.7619,0.7688987826738458,0.9995,0.1601,0.2285,0.2285,684.0,0.0,0.0,T51-DGC-0.50,0.0,in_domain_conditional,T51-DGC-0.50=0.9995;T51-DGC-0.33=0.9995;T51-DGC-0.67=1;T51-CORNKERNEL-0.50=0.9995,6.0,0.0,True,,,,,9995.0,0.0,0.9995,0.9995,0.9998029650436392,0.000223550889061,9998.0,0.0,0.9998,0.9998,0.9999644627034489,0.0001414072133945,diagnostics_rows.csv,DIAG-T45,A2,SD-S2,,,diagnostic,False
0,,,,,"root0:DIAG-T45:A2[SD-S2,h=1xQ(1-0.01)]",,diagnostic,,,,,,,,,,,SD-SRC12,,10000.0,,,9137.0,699.0,0.9137,0.9836,0.9856340283594492,0.0012700803124212,0.2033,699.0,0.9844,0.9863830624945746,0.9836,0.9836,0.9856340283594492,0.9897,0.9913040066262088,0.9898,0.9913959789726252,0.9897,0.9898,0.9603,0.9634619710577212,0.9603,0.8089,0.8153499808651874,0.9844,0.1738,0.2447,0.245,752.0,42.0,3.0,T51-DGC-0.50,0.0,in_domain_conditional,T51-DGC-0.50=0.9836;T51-DGC-0.33=0.9836;T51-DGC-0.67=0.9974;T51-CORNKERNEL-0.50=0.9836,672.0,3.0,True,,,,,9836.0,0.0,0.9836,0.9836,0.9856340283594492,0.0012700803124212,9897.0,0.0,0.9897,0.9897,0.9913040066262088,0.0010096489488926,diagnostics_rows.csv,DIAG-T45,A2,SD-S2,,,diagnostic,False
0,,,,,"root0:DIAG-T45:A2[SD-S2,h=0]",,diagnostic,,,,,,,,,,,SD-H0,,10000.0,,,9246.0,345.0,0.9246,0.9591,0.9623083772056708,0.0019805855194865,0.1514,345.0,0.962,0.965094857477328,0.9567,0.9567,0.9599989318649929,0.9597,0.9628852715220688,0.9601,0.9632697597804748,0.9573,0.9625,0.8244,0.8306379609480876,0.8306,0.848,0.8538799448760875,0.9596,0.5017,0.4986,0.4989,204.0,234.0,3.0,T51-DGC-0.50,0.0,in_domain_conditional,T51-DGC-0.50=0.9591;T51-DGC-0.33=0.9567;T51-DGC-0.67=0.9989;T51-CORNKERNEL-0.50=0.9567,962.0,3.0,True,,,,,9567.0,0.0,0.9567,0.9567,0.9599989318649929,0.0020353159459897,9573.0,0.0,0.9573,0.9573,0.9605765657902284,0.0020217989514291,diagnostics_rows.csv,DIAG-T45,A2,SD-S2,,,diagnostic,False
0,,,,,"root0:DIAG-T45:A2[SD-S2,h=0]",,diagnostic,,,,,,,,,,,SD-S2,,10000.0,,,9680.0,0.0,0.968,0.968,0.9708435548728273,0.00176,0.0,0.0,0.9703,0.9730403670388812,0.968,0.968,0.9708435548728273,0.968,0.9708435548728273,0.9703,0.9730403670388812,0.968,0.9703,0.8285,0.8346789507100857,0.8285,0.8574,0.8631240318610862,0.9703,0.4962,0.4969,0.4969,237.0,230.0,0.0,T51-DGC-0.50,0.0,in_domain_conditional,T51-DGC-0.50=0.968;T51-DGC-0.33=0.968;T51-DGC-0.67=1;T51-CORNKERNEL-0.50=0.968,0.0,0.0,True,,,,,9680.0,0.0,0.968,0.968,0.9708435548728273,0.00176,9680.0,0.0,0.968,0.968,0.9708435548728273,0.00176,diagnostics_rows.csv,DIAG-T45,A2,SD-S2,,,diagnostic,False
0,,,,,"root0:DIAG-T45:A2[SD-S2,h=0]",,diagnostic,,,,,,,,,,,SD-SRC14,,10000.0,,,9729.0,1.0,0.9729,0.973,0.97561350411632,0.0016208331191088,0.0004,1.0,0.9757,0.9781795716393364,0.9729,0.9729,0.9755183224571036,0.9739,0.976469697574431,0.9763,0.97874873620178,0.9738,0.9764,0.8223,0.8285676974439393,0.8225,0.868,0.8735379694718607,0.9756,0.4956,0.4947,0.495,286.0,294.0,3.0,T51-DGC-0.50,0.0,in_domain_conditional,T51-DGC-0.50=0.973;T51-DGC-0.33=0.9729;T51-DGC-0.67=1;T51-CORNKERNEL-0.50=0.9729,304.0,3.0,True,,,,,9729.0,0.0,0.9729,0.9729,0.9755183224571036,0.0016237484411077,9738.0,0.0,0.9738,0.9738,0.9763746048613,0.0015972964659073,diagnostics_rows.csv,DIAG-T45,A2,SD-S2,,,diagnostic,False
0,,,,,"root0:DIAG-T45:A2[SD-S2,h=0]",,diagnostic,,,,,,,,,,,SD-12MO,,10000.0,,,9457.0,74.0,0.9457,0.9531,0.956529554682254,0.0021142466743499,0.019,74.0,0.9557,0.9590358199017266,0.9529,0.9529,0.9563366400731736,0.9531,0.956529554682254,0.9555,0.9588431403327614,0.9529,0.9557,0.8116,0.8180142624383405,0.8118,0.8458,0.8517152782357366,0.9555,0.4989,0.4982,0.4982,211.0,218.0,0.0,T51-DGC-0.50,0.0,in_domain_conditional,T51-DGC-0.50=0.9531;T51-DGC-0.33=0.9529;T51-DGC-0.67=1;T51-CORNKERNEL-0.50=0.9529,6.0,0.0,True,,,,,9529.0,0.0,0.9529,0.9529,0.9563366400731736,0.0021185275546945,9529.0,0.0,0.9529,0.9529,0.9563366400731736,0.0021185275546945,diagnostics_rows.csv,DIAG-T45,A2,SD-S2,,,diagnostic,False
0,,,,,"root0:DIAG-T45:A2[SD-S2,h=0]",,diagnostic,,,,,,,,,,,SD-SRC12,,10000.0,,,9446.0,136.0,0.9446,0.9582,0.961442679433327,0.0020013185653463,0.1125,136.0,0.9633,0.9663423924400444,0.9576,0.9576,0.9608653157593594,0.9592,0.9624045396092328,0.9635,0.9665342293386864,0.9586,0.9641,0.798,0.8045892415779776,0.7992,0.8616,0.8672516608459001,0.9627,0.498,0.4979,0.4982,419.0,419.0,3.0,T51-DGC-0.50,0.0,in_domain_conditional,T51-DGC-0.50=0.9582;T51-DGC-0.33=0.9576;T51-DGC-0.67=0.9982;T51-CORNKERNEL-0.50=0.9576,672.0,3.0,True,,,,,9576.0,0.0,0.9576,0.9576,0.9608653157593594,0.002014999751861,9586.0,0.0,0.9586,0.9586,0.9618274861094972,0.0019921355375576,diagnostics_rows.csv,DIAG-T45,A2,SD-S2,,,diagnostic,False
0,,,,,"root0:DIAG-T45:A2[SD-S2,h=1/8xA1]",,diagnostic,,,,,,,,,,,SD-H0,,10000.0,,,8895.0,817.0,0.8895,0.9712,0.9738988036529644,0.0016724401334576,0.4811,817.0,0.9747,0.9772300686877072,0.9523,0.9523,0.9557577928058284,0.9717,0.9743754068997648,0.9563,0.959613744754096,0.9529,0.975,0.8232,0.8294549932519173,0.8846,0.8395,0.8455141470795501,0.9559,0.4731,0.4662,0.4665,192.0,260.0,3.0,T51-DGC-0.50,0.0,in_domain_conditional,T51-DGC-0.50=0.9712;T51-DGC-0.33=0.9523;T51-DGC-0.67=0.9999;T51-CORNKERNEL-0.50=0.9523,962.0,3.0,True,,,,,9523.0,0.0,0.9523,0.9523,0.9557577928058284,0.0021313073452695,9529.0,0.0,0.9529,0.9529,0.9563366400731736,0.0021185275546945,diagnostics_rows.csv,DIAG-T45,A2,SD-S2,,,diagnostic,False
0,,,,,"root0:DIAG-T45:A2[SD-S2,h=1/8xA1]",,diagnostic,,,,,,,,,,,SD-S2,,10000.0,,,9083.0,711.0,0.9083,0.9794,0.9816823325115768,0.0014204098000225,0.4971,711.0,0.981,0.983191210117376,0.9607,0.9607,0.9638463271117904,0.9794,0.9816823325115768,0.9633,0.9663423924400444,0.9607,0.981,0.8247,0.8309336861075258,0.9001,0.8229,0.8291592346304645,0.9633,0.3763,0.3653,0.3653,170.0,280.0,0.0,T51-DGC-0.50,0.0,in_domain_conditional,T51-DGC-0.50=0.9794;T51-DGC-0.33=0.9607;T51-DGC-0.67=1;T51-CORNKERNEL-0.50=0.9607,0.0,0.0,True,,,,,9607.0,0.0,0.9607,0.9607,0.9638463271117904,0.0019430777133197,9607.0,0.0,0.9607,0.9607,0.9638463271117904,0.0019430777133197,diagnostics_rows.csv,DIAG-T45,A2,SD-S2,,,diagnostic,False
0,,,,,"root0:DIAG-T45:A2[SD-S2,h=1/8xA1]",,diagnostic,,,,,,,,,,,SD-SRC14,,10000.0,,,9341.0,526.0,0.9341,0.9867,0.9885284063297964,0.0011455614344067,0.5011,526.0,0.9882,0.9899199090727138,0.9668,0.9668,0.9696957782503732,0.988,0.989734772975434,0.9711,0.9738034564241168,0.9688,0.9893,0.8188,0.8251165389644662,0.9194,0.8419,0.8478768806522375,0.9697,0.3923,0.3844,0.3847,227.0,306.0,3.0,T51-DGC-0.50,0.0,in_domain_conditional,T51-DGC-0.50=0.9867;T51-DGC-0.33=0.9668;T51-DGC-0.67=1;T51-CORNKERNEL-0.50=0.9668,304.0,3.0,True,,,,,9668.0,0.0,0.9668,0.9668,0.9696957782503732,0.0017915847733222,9688.0,0.0,0.9688,0.9688,0.971608138762146,0.0017385787298825,diagnostics_rows.csv,DIAG-T45,A2,SD-S2,,,diagnostic,False
0,,,,,"root0:DIAG-T45:A2[SD-S2,h=1/8xA1]",,diagnostic,,,,,,,,,,,SD-12MO,,10000.0,,,8805.0,885.0,0.8805,0.969,0.971799207126317,0.0017331762749357,0.4916,885.0,0.9709,0.9736127357438152,0.947,0.947,0.950638288142474,0.969,0.971799207126317,0.949,0.9525714684486112,0.947,0.9709,0.8084,0.814856541019946,0.877,0.827,0.8332006876339666,0.949,0.4361,0.4305,0.4305,200.0,256.0,0.0,T51-DGC-0.50,0.0,in_domain_conditional,T51-DGC-0.50=0.969;T51-DGC-0.33=0.947;T51-DGC-0.67=1;T51-CORNKERNEL-0.50=0.947,6.0,0.0,True,,,,,9470.0,0.0,0.947,0.947,0.950638288142474,0.0022403347964087,9470.0,0.0,0.947,0.947,0.950638288142474,0.0022403347964087,diagnostics_rows.csv,DIAG-T45,A2,SD-S2,,,diagnostic,False
0,,,,,"root0:DIAG-T45:A2[SD-S2,h=1/8xA1]",,diagnostic,,,,,,,,,,,SD-SRC12,,10000.0,,,9107.0,526.0,0.9107,0.9633,0.9663423924400444,0.0018802422716235,0.4905,526.0,0.967,0.9698871474188824,0.953,0.953,0.9564330995479476,0.9646,0.9675888807064008,0.9581,0.961346464886179,0.9546,0.9679,0.7943,0.8009347736031904,0.8334,0.8471,0.8529944509878054,0.9569,0.439,0.4377,0.438,400.0,412.0,3.0,T51-DGC-0.50,0.0,in_domain_conditional,T51-DGC-0.50=0.9633;T51-DGC-0.33=0.953;T51-DGC-0.67=0.9997;T51-CORNKERNEL-0.50=0.953,672.0,3.0,True,,,,,9530.0,0.0,0.953,0.953,0.9564330995479476,0.0021163884331568,9546.0,0.0,0.9546,0.9546,0.9579758516870162,0.0020817982611194,diagnostics_rows.csv,DIAG-T45,A2,SD-S2,,,diagnostic,False
0,,,,,"root0:DIAG-T45:A2[SD-S2,h=2/8xA1]",,diagnostic,,,,,,,,,,,SD-H0,,10000.0,,,8166.0,1332.0,0.8166,0.9498,0.9533443124733774,0.0021835741343036,0.4822,1332.0,0.9556,0.9589394824713336,0.9247,0.9247,0.9289984601835084,0.9645,0.9674930353982392,0.946,0.9496711440936748,0.9431,0.9672,0.7321,0.7393838784443395,0.8011,0.8406,0.8465971266133664,0.9311,0.4427,0.4386,0.4389,212.0,252.0,3.0,T51-DGC-0.50,0.0,in_domain_conditional,T51-DGC-0.50=0.9498;T51-DGC-0.33=0.9247;T51-DGC-0.67=0.9995;T51-CORNKERNEL-0.50=0.9247,962.0,3.0,True,,,,,9247.0,0.0,0.9247,0.9247,0.9289984601835084,0.0026387479985781,9431.0,0.0,0.9431,0.9431,0.9468644434755767,0.0023165144074665,diagnostics_rows.csv,DIAG-T45,A2,SD-S2,,,diagnostic,False
0,,,,,"root0:DIAG-T45:A2[SD-S2,h=2/8xA1]",,diagnostic,,,,,,,,,,,SD-S2,,10000.0,,,7590.0,1875.0,0.759,0.9465,0.9501547612508716,0.002250283315496,0.4967,1875.0,0.9507,0.9542134593755264,0.9119,0.9119,0.9165230437256756,0.9701,0.9728495097103056,0.9486,0.9521849533497916,0.9471,0.9715,0.7559,0.7629598032916736,0.8388,0.8125,0.8189022452836385,0.9168,0.2667,0.2636,0.2636,170.0,201.0,0.0,T51-DGC-0.50,0.0,in_domain_conditional,T51-DGC-0.50=0.9465;T51-DGC-0.33=0.9119;T51-DGC-0.67=1;T51-CORNKERNEL-0.50=0.9119,0.0,0.0,True,,,,,9119.0,0.0,0.9119,0.9119,0.9165230437256756,0.0028344027589599,9471.0,0.0,0.9471,0.9471,0.9507349825830752,0.0022383384462587,diagnostics_rows.csv,DIAG-T45,A2,SD-S2,,,diagnostic,False
0,,,,,"root0:DIAG-T45:A2[SD-S2,h=2/8xA1]",,diagnostic,,,,,,,,,,,SD-SRC14,,10000.0,,,8356.0,1339.0,0.8356,0.9695,0.972276739024014,0.0017195857059187,0.5003,1339.0,0.9723,0.9749470323499624,0.9285,0.9285,0.9326953849359532,0.9841,0.9861023316392492,0.9639,0.9669178280541496,0.9611,0.9854,0.7295,0.7368066891061518,0.8732,0.861,0.8666621058825297,0.9343,0.3014,0.2924,0.2927,196.0,286.0,3.0,T51-DGC-0.50,0.0,in_domain_conditional,T51-DGC-0.50=0.9695;T51-DGC-0.33=0.9285;T51-DGC-0.67=1;T51-CORNKERNEL-0.50=0.9285,304.0,3.0,True,,,,,9285.0,0.0,0.9285,0.9285,0.9326953849359532,0.0025765820382824,9611.0,0.0,0.9611,0.9611,0.9642305934130408,0.0019335663939984,diagnostics_rows.csv,DIAG-T45,A2,SD-S2,,,diagnostic,False
0,,,,,"root0:DIAG-T45:A2[SD-S2,h=2/8xA1]",,diagnostic,,,,,,,,,,,SD-12MO,,10000.0,,,7540.0,1745.0,0.754,0.9285,0.9326953849359532,0.0025765820382824,0.491,1745.0,0.9355,0.9394962117170724,0.8982,0.8982,0.9031376050252112,0.9529,0.9563366400731736,0.9298,0.9339593375473914,0.9274,0.9552,0.7124,0.719848939617376,0.7798,0.7993,0.8058730382451323,0.9055,0.3734,0.3734,0.3734,205.0,205.0,0.0,T51-DGC-0.50,0.0,in_domain_conditional,T51-DGC-0.50=0.9285;T51-DGC-0.33=0.8982;T51-DGC-0.67=1;T51-CORNKERNEL-0.50=0.8982,6.0,0.0,True,,,,,8982.0,0.0,0.8982,0.8982,0.9031376050252112,0.0030238511868145,9274.0,0.0,0.9274,0.9274,0.9316255687030052,0.0025947878525999,diagnostics_rows.csv,DIAG-T45,A2,SD-S2,,,diagnostic,False
0,,,,,"root0:DIAG-T45:A2[SD-S2,h=2/8xA1]",,diagnostic,,,,,,,,,,,SD-SRC12,,10000.0,,,8101.0,1149.0,0.8101,0.925,0.9292904432343474,0.0026339134382131,0.4916,1149.0,0.9332,0.9372630605240568,0.9078,0.9078,0.9125204428125778,0.9563,0.959613744754096,0.9473,0.9509283604484052,0.9439,0.9592,0.6609,0.6687014551965482,0.7125,0.8595,0.8651880624521762,0.9169,0.3796,0.3805,0.3808,381.0,371.0,3.0,T51-DGC-0.50,0.0,in_domain_conditional,T51-DGC-0.50=0.925;T51-DGC-0.33=0.9078;T51-DGC-0.67=0.9992;T51-CORNKERNEL-0.50=0.9078,672.0,3.0,True,,,,,9078.0,0.0,0.9078,0.9078,0.9125204428125778,0.0028930807109377,9439.0,0.0,0.9439,0.9439,0.9476389925039358,0.0023011473225328,diagnostics_rows.csv,DIAG-T45,A2,SD-S2,,,diagnostic,False
0,,,,,"root0:DIAG-T45:A2[SD-S2,h=3/8xA1]",,diagnostic,,,,,,,,,,,SD-H0,,10000.0,,,8126.0,1413.0,0.8126,0.9539,0.9573010378996764,0.0020970166904438,0.4823,1413.0,0.9572,0.960480305820144,0.9365,0.9365,0.9404666932486736,0.9675,0.970365443425262,0.9533,0.956722451876549,0.9517,0.9691,0.7921,0.798761441492972,0.8361,0.8293,0.8354672871602837,0.9398,0.4154,0.4224,0.4227,263.0,192.0,3.0,T51-DGC-0.50,0.0,in_domain_conditional,T51-DGC-0.50=0.9539;T51-DGC-0.33=0.9365;T51-DGC-0.67=0.9994;T51-CORNKERNEL-0.50=0.9365,962.0,3.0,True,,,,,9365.0,0.0,0.9365,0.9365,0.9404666932486736,0.0024386010333795,9517.0,0.0,0.9517,0.9517,0.9551787925348088,0.0021439941697681,diagnostics_rows.csv,DIAG-T45,A2,SD-S2,,,diagnostic,False
0,,,,,"root0:DIAG-T45:A2[SD-S2,h=3/8xA1]",,diagnostic,,,,,,,,,,,SD-S2,,10000.0,,,7776.0,2078.0,0.7776,0.9854,0.987317391985089,0.0011994515413304,0.4976,2078.0,0.9866,0.9884354078346984,0.981,0.981,0.983191210117376,0.9921,0.9934987166838796,0.9891,0.9907513503949738,0.989,0.9922,0.9544,0.957783070337326,0.9625,0.7926,0.7992554068867063,0.9822,0.1845,0.2097,0.2097,315.0,63.0,0.0,T51-DGC-0.50,0.0,in_domain_conditional,T51-DGC-0.50=0.9854;T51-DGC-0.33=0.981;T51-DGC-0.67=1;T51-CORNKERNEL-0.50=0.981,0.0,0.0,True,,,,,9810.0,0.0,0.981,0.981,0.983191210117376,0.0013652472303579,9890.0,0.0,0.989,0.989,0.9906591090311144,0.0010430244484191,diagnostics_rows.csv,DIAG-T45,A2,SD-S2,,,diagnostic,False
0,,,,,"root0:DIAG-T45:A2[SD-S2,h=3/8xA1]",,diagnostic,,,,,,,,,,,SD-SRC14,,10000.0,,,8403.0,1483.0,0.8403,0.9886,0.9902897849007172,0.0010616044461097,0.4997,1483.0,0.9893,0.9909357220807132,0.9738,0.9738,0.9763746048613,0.9942,0.9953907888409492,0.9868,0.9886213774044738,0.9861,0.9945,0.9083,0.913008721270881,0.9562,0.8438,0.8497470325586964,0.9754,0.2222,0.2426,0.2429,320.0,116.0,3.0,T51-DGC-0.50,0.0,in_domain_conditional,T51-DGC-0.50=0.9886;T51-DGC-0.33=0.9738;T51-DGC-0.67=1;T51-CORNKERNEL-0.50=0.9738,304.0,3.0,True,,,,,9738.0,0.0,0.9738,0.9738,0.9763746048613,0.0015972964659073,9861.0,0.0,0.9861,0.9861,0.987970014457037,0.0011707600095664,diagnostics_rows.csv,DIAG-T45,A2,SD-S2,,,diagnostic,False
0,,,,,"root0:DIAG-T45:A2[SD-S2,h=3/8xA1]",,diagnostic,,,,,,,,,,,SD-12MO,,10000.0,,,7590.0,1878.0,0.759,0.9468,0.950444888294416,0.0022443208326796,0.4903,1878.0,0.9499,0.9534409003095852,0.9365,0.9365,0.9404666932486736,0.965,0.9679721964474572,0.9566,0.9599026423677124,0.9555,0.9661,0.8375,0.843544836205154,0.8586,0.7854,0.7921408370298906,0.9396,0.3206,0.342,0.342,306.0,92.0,0.0,T51-DGC-0.50,0.0,in_domain_conditional,T51-DGC-0.50=0.9468;T51-DGC-0.33=0.9365;T51-DGC-0.67=1;T51-CORNKERNEL-0.50=0.9365,6.0,0.0,True,,,,,9365.0,0.0,0.9365,0.9365,0.9404666932486736,0.0024386010333795,9555.0,0.0,0.9555,0.9555,0.9588431403327614,0.0020620317650317,diagnostics_rows.csv,DIAG-T45,A2,SD-S2,,,diagnostic,False
0,,,,,"root0:DIAG-T45:A2[SD-S2,h=3/8xA1]",,diagnostic,,,,,,,,,,,SD-SRC12,,10000.0,,,8067.0,1248.0,0.8067,0.9315,0.9356115678896468,0.0025260195961235,0.4909,1248.0,0.9371,0.941048846397993,0.922,0.922,0.9263697190176168,0.9607,0.9638463271117904,0.9554,0.958746793501143,0.9536,0.9624,0.7424,0.7495903386170081,0.7688,0.8472,0.8530928427360033,0.9277,0.3292,0.3484,0.3487,459.0,266.0,3.0,T51-DGC-0.50,0.0,in_domain_conditional,T51-DGC-0.50=0.9315;T51-DGC-0.33=0.922;T51-DGC-0.67=0.9994;T51-CORNKERNEL-0.50=0.922,672.0,3.0,True,,,,,9220.0,0.0,0.922,0.922,0.9263697190176168,0.0026817158686184,9536.0,0.0,0.9536,0.9536,0.9570117647819156,0.0021034980389817,diagnostics_rows.csv,DIAG-T45,A2,SD-S2,,,diagnostic,False
0,,,,,"root0:DIAG-T45:A2[SD-S2,h=4/8xA1]",,diagnostic,,,,,,,,,,,SD-H0,,10000.0,,,8090.0,1490.0,0.809,0.958,0.9612502452230988,0.002005891323078,0.4756,1490.0,0.9602,0.9633658681732256,0.947,0.947,0.950638288142474,0.9707,0.9734219803910888,0.9614,0.9645187334387478,0.9605,0.9716,0.8403,0.8463017785842932,0.8655,0.8181,0.8244262008477148,0.9492,0.3872,0.4054,0.4057,325.0,142.0,3.0,T51-DGC-0.50,0.0,in_domain_conditional,T51-DGC-0.50=0.958;T51-DGC-0.33=0.947;T51-DGC-0.67=0.9993;T51-CORNKERNEL-0.50=0.947,962.0,3.0,True,,,,,9470.0,0.0,0.947,0.947,0.950638288142474,0.0022403347964087,9605.0,0.0,0.9605,0.9605,0.9636541602219268,0.0019478128760227,diagnostics_rows.csv,DIAG-T45,A2,SD-S2,,,diagnostic,False
0,,,,,"root0:DIAG-T45:A2[SD-S2,h=4/8xA1]",,diagnostic,,,,,,,,,,,SD-S2,,10000.0,,,7867.0,2118.0,0.7867,0.9985,0.99907514705828,0.0003870077518603,0.4706,2118.0,0.9985,0.99907514705828,0.998,0.998,0.9986741538021552,0.9991,0.9995303996354664,0.9987,0.999230876362937,0.9987,0.9991,0.9957,0.9967173265040375,0.9963,0.779,0.7858141845887724,0.998,0.1215,0.1622,0.1622,419.0,12.0,0.0,T51-DGC-0.50,0.0,in_domain_conditional,T51-DGC-0.50=0.9985;T51-DGC-0.33=0.998;T51-DGC-0.67=1;T51-CORNKERNEL-0.50=0.998,0.0,0.0,True,,,,,9980.0,0.0,0.998,0.998,0.9986741538021552,0.0004467661580737,9987.0,0.0,0.9987,0.9987,0.999230876362937,0.0003603206904966,diagnostics_rows.csv,DIAG-T45,A2,SD-S2,,,diagnostic,False
0,,,,,"root0:DIAG-T45:A2[SD-S2,h=4/8xA1]",,diagnostic,,,,,,,,,,,SD-SRC14,,10000.0,,,8416.0,1553.0,0.8416,0.9969,0.9977547000185462,0.0005559127629403,0.4812,1553.0,0.9971,0.9979246490590572,0.9938,0.9938,0.9950330434825292,0.9987,0.999230876362937,0.9974,0.9981775270326294,0.9974,0.9987,0.9815,0.9836619073515008,0.9909,0.8299,0.8360585070855041,0.9941,0.1587,0.1966,0.1969,429.0,50.0,3.0,T51-DGC-0.50,0.0,in_domain_conditional,T51-DGC-0.50=0.9969;T51-DGC-0.33=0.9938;T51-DGC-0.67=1;T51-CORNKERNEL-0.50=0.9938,304.0,3.0,True,,,,,9938.0,0.0,0.9938,0.9938,0.9950330434825292,0.000784956049725,9974.0,0.0,0.9974,0.9974,0.9981775270326294,0.0005092386473943,diagnostics_rows.csv,DIAG-T45,A2,SD-S2,,,diagnostic,False
0,,,,,"root0:DIAG-T45:A2[SD-S2,h=4/8xA1]",,diagnostic,,,,,,,,,,,SD-12MO,,10000.0,,,7779.0,1931.0,0.7779,0.971,0.9737081004397544,0.0016780643611018,0.479,1931.0,0.9719,0.9745659853286502,0.9699,0.9699,0.972658619051385,0.9793,0.9815879009242254,0.9782,0.9805482332740132,0.9782,0.9793,0.9275,0.9317228365873284,0.9304,0.7768,0.7836388494529866,0.9708,0.2763,0.3093,0.3093,383.0,53.0,0.0,T51-DGC-0.50,0.0,in_domain_conditional,T51-DGC-0.50=0.971;T51-DGC-0.33=0.9699;T51-DGC-0.67=1;T51-CORNKERNEL-0.50=0.9699,6.0,0.0,True,,,,,9699.0,0.0,0.9699,0.9699,0.972658619051385,0.0017086248856902,9782.0,0.0,0.9782,0.9782,0.9805482332740132,0.0014602999691844,diagnostics_rows.csv,DIAG-T45,A2,SD-S2,,,diagnostic,False
0,,,,,"root0:DIAG-T45:A2[SD-S2,h=4/8xA1]",,diagnostic,,,,,,,,,,,SD-SRC12,,10000.0,,,8036.0,1353.0,0.8036,0.9389,0.9427946792772428,0.0023951365305552,0.4844,1353.0,0.9425,0.9462833924696792,0.9337,0.9337,0.9377486494778348,0.965,0.9679721964474572,0.9618,0.9649028394469644,0.9611,0.9657,0.8064,0.8128826134931151,0.8173,0.8343,0.8403932593067209,0.9373,0.284,0.3193,0.3196,519.0,165.0,3.0,T51-DGC-0.50,0.0,in_domain_conditional,T51-DGC-0.50=0.9389;T51-DGC-0.33=0.9337;T51-DGC-0.67=0.9993;T51-CORNKERNEL-0.50=0.9337,672.0,3.0,True,,,,,9337.0,0.0,0.9337,0.9337,0.9377486494778348,0.0024880576761803,9611.0,0.0,0.9611,0.9611,0.9642305934130408,0.0019335663939984,diagnostics_rows.csv,DIAG-T45,A2,SD-S2,,,diagnostic,False
0,,,,,"root0:DIAG-T45:A2[SD-S2,h=5/8xA1]",,diagnostic,,,,,,,,,,,SD-H0,,10000.0,,,8329.0,1326.0,0.8329,0.9655,0.968451191726698,0.0018250958878919,0.3786,1326.0,0.9669,0.969791466428924,0.9631,0.9631,0.9661505307766028,0.9746,0.9771350588773652,0.9729,0.9755183224571036,0.9722,0.9753,0.8957,0.900691833484656,0.9014,0.8091,0.8155473520698755,0.9645,0.3578,0.387,0.3873,381.0,88.0,3.0,T51-DGC-0.50,0.0,in_domain_conditional,T51-DGC-0.50=0.9655;T51-DGC-0.33=0.9631;T51-DGC-0.67=0.999;T51-CORNKERNEL-0.50=0.9631,962.0,3.0,True,,,,,9631.0,0.0,0.9631,0.9631,0.9661505307766028,0.0018851628576863,9722.0,0.0,0.9722,0.9722,0.974851784443822,0.0016439939172636,diagnostics_rows.csv,DIAG-T45,A2,SD-S2,,,diagnostic,False
0,,,,,"root0:DIAG-T45:A2[SD-S2,h=5/8xA1]",,diagnostic,,,,,,,,,,,SD-S2,,10000.0,,,9428.0,572.0,0.9428,1.0,1.0,0.0,0.115,572.0,1.0,1.0,1.0,1.0,1.0,1.0,1.0,1.0,1.0,1.0,1.0,1.0,1.0,1.0,0.7709,0.7778036430133323,1.0,0.0704,0.1242,0.1242,538.0,0.0,0.0,T51-DGC-0.50,0.0,in_domain_conditional,T51-DGC-0.50=1;T51-DGC-0.33=1;T51-DGC-0.67=1;T51-CORNKERNEL-0.50=1,0.0,0.0,True,,,,,10000.0,0.0,1.0,1.0,1.0,0.0,10000.0,0.0,1.0,1.0,1.0,0.0,diagnostics_rows.csv,DIAG-T45,A2,SD-S2,,,diagnostic,False
0,,,,,"root0:DIAG-T45:A2[SD-S2,h=5/8xA1]",,diagnostic,,,,,,,,,,,SD-SRC14,,10000.0,,,9362.0,637.0,0.9362,0.9999,0.9999948706837164,9.999499987498824e-05,0.1705,637.0,0.9999,0.9999948706837164,0.9997,0.9997,0.9999182260208972,1.0,1.0,0.9999,0.9999948706837164,0.9999,1.0,0.9989,0.9993829810541498,0.9993,0.8172,0.8235385717148183,0.9997,0.1072,0.1592,0.1595,531.0,11.0,3.0,T51-DGC-0.50,0.0,in_domain_conditional,T51-DGC-0.50=0.9999;T51-DGC-0.33=0.9997;T51-DGC-0.67=1;T51-CORNKERNEL-0.50=0.9997,304.0,3.0,True,,,,,9997.0,0.0,0.9997,0.9997,0.9999182260208972,0.0001731790980459,9999.0,0.0,0.9999,0.9999,0.9999948706837164,9.999499987498824e-05,diagnostics_rows.csv,DIAG-T45,A2,SD-S2,,,diagnostic,False
0,,,,,"root0:DIAG-T45:A2[SD-S2,h=5/8xA1]",,diagnostic,,,,,,,,,,,SD-12MO,,10000.0,,,8599.0,1299.0,0.8599,0.9898,0.9913959789726252,0.0010047865444958,0.2812,1299.0,0.99,0.9915798010632608,0.9898,0.9898,0.9913959789726252,0.9927,0.9940425415938626,0.9927,0.9940425415938626,0.9927,0.9927,0.9782,0.9805482332740132,0.9782,0.7709,0.7778036430133323,0.99,0.2297,0.2814,0.2814,531.0,14.0,0.0,T51-DGC-0.50,0.0,in_domain_conditional,T51-DGC-0.50=0.9898;T51-DGC-0.33=0.9898;T51-DGC-0.67=1;T51-CORNKERNEL-0.50=0.9898,6.0,0.0,True,,,,,9898.0,0.0,0.9898,0.9898,0.9913959789726252,0.0010047865444958,9927.0,0.0,0.9927,0.9927,0.9940425415938626,0.0008512761009214,diagnostics_rows.csv,DIAG-T45,A2,SD-S2,,,diagnostic,False
0,,,,,"root0:DIAG-T45:A2[SD-S2,h=5/8xA1]",,diagnostic,,,,,,,,,,,SD-SRC12,,10000.0,,,8440.0,1131.0,0.844,0.9571,0.9603840408877394,0.0020263166090223,0.3692,1131.0,0.9594,0.9625968484520424,0.9568,0.9568,0.9600952164818792,0.9747,0.9772300686877072,0.9746,0.9771350588773652,0.9744,0.9749,0.878,0.8833515204073555,0.8788,0.8245,0.8307365367484963,0.9591,0.2378,0.2944,0.2947,666.0,99.0,3.0,T51-DGC-0.50,0.0,in_domain_conditional,T51-DGC-0.50=0.9571;T51-DGC-0.33=0.9568;T51-DGC-0.67=0.9986;T51-CORNKERNEL-0.50=0.9568,672.0,3.0,True,,,,,9568.0,0.0,0.9568,0.9568,0.9600952164818792,0.0020330705841165,9744.0,0.0,0.9744,0.9744,0.976945007604984,0.0015793872229443,diagnostics_rows.csv,DIAG-T45,A2,SD-S2,,,diagnostic,False
0,,,,,"root0:DIAG-T45:A2[SD-S2,h=6/8xA1]",,diagnostic,,,,,,,,,,,SD-H0,,10000.0,,,8665.0,1114.0,0.8665,0.9779,0.9802644046798912,0.0014700880925985,0.2876,1114.0,0.9784,0.9807373863619916,0.9776,0.9776,0.9799804594267606,0.9826,0.9846959349139724,0.9826,0.9846959349139724,0.9823,0.9829,0.9405,0.944345717411832,0.9409,0.8031,0.8096250515637543,0.9781,0.3323,0.3722,0.3725,451.0,51.0,3.0,T51-DGC-0.50,0.0,in_domain_conditional,T51-DGC-0.50=0.9779;T51-DGC-0.33=0.9776;T51-DGC-0.67=0.9991;T51-CORNKERNEL-0.50=0.9776,962.0,3.0,True,,,,,9776.0,0.0,0.9776,0.9776,0.9799804594267606,0.0014798053926107,9823.0,0.0,0.9823,0.9823,0.9844141401296967,0.0013185867434492,diagnostics_rows.csv,DIAG-T45,A2,SD-S2,,,diagnostic,False
0,,,,,"root0:DIAG-T45:A2[SD-S2,h=6/8xA1]",,diagnostic,,,,,,,,,,,SD-S2,,10000.0,,,9929.0,71.0,0.9929,1.0,1.0,0.0,0.0118,71.0,1.0,1.0,1.0,1.0,1.0,1.0,1.0,1.0,1.0,1.0,1.0,1.0,1.0,1.0,0.7641,0.7710759309974303,1.0,0.0401,0.0922,0.0922,521.0,0.0,0.0,T51-DGC-0.50,0.0,in_domain_conditional,T51-DGC-0.50=1;T51-DGC-0.33=1;T51-DGC-0.67=1;T51-CORNKERNEL-0.50=1,0.0,0.0,True,,,,,10000.0,0.0,1.0,1.0,1.0,0.0,10000.0,0.0,1.0,1.0,1.0,0.0,diagnostics_rows.csv,DIAG-T45,A2,SD-S2,,,diagnostic,False
0,,,,,"root0:DIAG-T45:A2[SD-S2,h=6/8xA1]",,diagnostic,,,,,,,,,,,SD-SRC14,,10000.0,,,9837.0,163.0,0.9837,1.0,1.0,0.0,0.0355,163.0,1.0,1.0,1.0,1.0,1.0,1.0,1.0,1.0,1.0,1.0,1.0,1.0,1.0,1.0,0.8047,0.8112045653123465,1.0,0.0695,0.1253,0.1256,560.0,2.0,3.0,T51-DGC-0.50,0.0,in_domain_conditional,T51-DGC-0.50=1;T51-DGC-0.33=1;T51-DGC-0.67=1;T51-CORNKERNEL-0.50=1,304.0,3.0,True,,,,,10000.0,0.0,1.0,1.0,1.0,0.0,10000.0,0.0,1.0,1.0,1.0,0.0,diagnostics_rows.csv,DIAG-T45,A2,SD-S2,,,diagnostic,False
0,,,,,"root0:DIAG-T45:A2[SD-S2,h=6/8xA1]",,diagnostic,,,,,,,,,,,SD-12MO,,10000.0,,,9299.0,674.0,0.9299,0.9973,0.9980935269750996,0.0005189132875539,0.1335,674.0,0.9973,0.9980935269750996,0.9973,0.9973,0.9980935269750996,0.9982,0.9988362572132242,0.9982,0.9988362572132242,0.9982,0.9982,0.9951,0.9961899188017476,0.9951,0.7659,0.7728570408461704,0.9973,0.1834,0.2514,0.2514,684.0,4.0,0.0,T51-DGC-0.50,0.0,in_domain_conditional,T51-DGC-0.50=0.9973;T51-DGC-0.33=0.9973;T51-DGC-0.67=1;T51-CORNKERNEL-0.50=0.9973,6.0,0.0,True,,,,,9973.0,0.0,0.9973,0.9973,0.9980935269750996,0.0005189132875539,9982.0,0.0,0.9982,0.9982,0.9988362572132242,0.0004238820590683,diagnostics_rows.csv,DIAG-T45,A2,SD-S2,,,diagnostic,False
0,,,,,"root0:DIAG-T45:A2[SD-S2,h=6/8xA1]",,diagnostic,,,,,,,,,,,SD-SRC12,,10000.0,,,8898.0,869.0,0.8898,0.9767,0.9791279461979848,0.0015085459886924,0.2647,869.0,0.9774,0.9797910989126204,0.9767,0.9767,0.9791279461979848,0.9848,0.9867570661537752,0.9849,0.98685051135452,0.9848,0.9849,0.9372,0.9411458618986954,0.9372,0.8158,0.8221577007383042,0.9774,0.1983,0.2632,0.2635,705.0,55.0,3.0,T51-DGC-0.50,0.0,in_domain_conditional,T51-DGC-0.50=0.9767;T51-DGC-0.33=0.9767;T51-DGC-0.67=0.9982;T51-CORNKERNEL-0.50=0.9767,672.0,3.0,True,,,,,9767.0,0.0,0.9767,0.9767,0.9791279461979848,0.0015085459886924,9848.0,0.0,0.9848,0.9848,0.9867570661537752,0.0012234770124526,diagnostics_rows.csv,DIAG-T45,A2,SD-S2,,,diagnostic,False
0,,,,,"root0:DIAG-T45:A2[SD-S2,h=7/8xA1]",,diagnostic,,,,,,,,,,,SD-H0,,10000.0,,,8992.0,880.0,0.8992,0.9872,0.9889929812394672,0.001124106756496,0.2128,880.0,0.9873,0.9890858104641382,0.9872,0.9872,0.9889929812394672,0.9898,0.9913959789726252,0.9899,0.9914879106518294,0.9898,0.9899,0.9684,0.9712259083318692,0.9685,0.7974,0.8039966837755628,0.9873,0.3099,0.3545,0.3548,481.0,34.0,3.0,T51-DGC-0.50,0.0,in_domain_conditional,T51-DGC-0.50=0.9872;T51-DGC-0.33=0.9872;T51-DGC-0.67=0.9981;T51-CORNKERNEL-0.50=0.9872,962.0,3.0,True,,,,,9872.0,0.0,0.9872,0.9872,0.9889929812394672,0.001124106756496,9898.0,0.0,0.9898,0.9898,0.9913959789726252,0.0010047865444958,diagnostics_rows.csv,DIAG-T45,A2,SD-S2,,,diagnostic,False
0,,,,,"root0:DIAG-T45:A2[SD-S2,h=7/8xA1]",,diagnostic,,,,,,,,,,,SD-S2,,10000.0,,,9999.0,1.0,0.9999,1.0,1.0,0.0,0.0003,1.0,1.0,1.0,1.0,1.0,1.0,1.0,1.0,1.0,1.0,1.0,1.0,1.0,1.0,1.0,0.7588,0.7658305461274305,1.0,0.0221,0.0648,0.0648,427.0,0.0,0.0,T51-DGC-0.50,0.0,in_domain_conditional,T51-DGC-0.50=1;T51-DGC-0.33=1;T51-DGC-0.67=1;T51-CORNKERNEL-0.50=1,0.0,0.0,True,,,,,10000.0,0.0,1.0,1.0,1.0,0.0,10000.0,0.0,1.0,1.0,1.0,0.0,diagnostics_rows.csv,DIAG-T45,A2,SD-S2,,,diagnostic,False
0,,,,,"root0:DIAG-T45:A2[SD-S2,h=7/8xA1]",,diagnostic,,,,,,,,,,,SD-SRC14,,10000.0,,,9979.0,21.0,0.9979,1.0,1.0,0.0,0.0048,21.0,1.0,1.0,1.0,1.0,1.0,1.0,1.0,1.0,1.0,1.0,1.0,1.0,1.0,1.0,0.7969,0.8035028681886682,1.0,0.043,0.0982,0.0985,552.0,0.0,3.0,T51-DGC-0.50,0.0,in_domain_conditional,T51-DGC-0.50=1;T51-DGC-0.33=1;T51-DGC-0.67=1;T51-CORNKERNEL-0.50=1,304.0,3.0,True,,,,,10000.0,0.0,1.0,1.0,1.0,0.0,10000.0,0.0,1.0,1.0,1.0,0.0,diagnostics_rows.csv,DIAG-T45,A2,SD-S2,,,diagnostic,False
0,,,,,"root0:DIAG-T45:A2[SD-S2,h=7/8xA1]",,diagnostic,,,,,,,,,,,SD-12MO,,10000.0,,,9705.0,294.0,0.9705,0.9999,0.9999948706837164,9.999499987498824e-05,0.0539,294.0,0.9999,0.9999948706837164,0.9999,0.9999,0.9999948706837164,0.9999,0.9999948706837164,0.9999,0.9999948706837164,0.9999,0.9999,0.9998,0.9999644627034489,0.9998,0.7606,0.7676121647057327,0.9999,0.1509,0.2192,0.2192,683.0,0.0,0.0,T51-DGC-0.50,0.0,in_domain_conditional,T51-DGC-0.50=0.9999;T51-DGC-0.33=0.9999;T51-DGC-0.67=1;T51-CORNKERNEL-0.50=0.9999,6.0,0.0,True,,,,,9999.0,0.0,0.9999,0.9999,0.9999948706837164,9.999499987498824e-05,9999.0,0.0,0.9999,0.9999,0.9999948706837164,9.999499987498824e-05,diagnostics_rows.csv,DIAG-T45,A2,SD-S2,,,diagnostic,False
0,,,,,"root0:DIAG-T45:A2[SD-S2,h=7/8xA1]",,diagnostic,,,,,,,,,,,SD-SRC12,,10000.0,,,9247.0,632.0,0.9247,0.9879,0.98964215681633,0.0010933247459012,0.177,632.0,0.9886,0.9902897849007172,0.9879,0.9879,0.98964215681633,0.9927,0.9940425415938626,0.9928,0.994132952317116,0.9927,0.9928,0.9704,0.9731357831022868,0.9704,0.8075,0.8139683068333857,0.9886,0.1624,0.2357,0.236,758.0,24.0,3.0,T51-DGC-0.50,0.0,in_domain_conditional,T51-DGC-0.50=0.9879;T51-DGC-0.33=0.9879;T51-DGC-0.67=0.9979;T51-CORNKERNEL-0.50=0.9879,672.0,3.0,True,,,,,9879.0,0.0,0.9879,0.9879,0.98964215681633,0.0010933247459012,9927.0,0.0,0.9927,0.9927,0.9940425415938626,0.0008512761009214,diagnostics_rows.csv,DIAG-T45,A2,SD-S2,,,diagnostic,False
0,,,,,"root0:DIAG-T45:A2[SD-S2,h=8/8xA1]",,diagnostic,,,,,,,,,,,SD-H0,,10000.0,,,9590.0,372.0,0.959,0.9962,0.9971527923502972,0.0006152690468404,0.1108,372.0,0.9962,0.9971527923502972,0.9962,0.9962,0.9971527923502972,0.9964,0.9973257768218992,0.9964,0.9973257768218992,0.9964,0.9964,0.9917,0.9931349598413092,0.9917,0.7464,0.7535526171777521,0.9962,0.2891,0.3489,0.3492,611.0,12.0,3.0,T51-DGC-0.50,0.0,in_domain_conditional,T51-DGC-0.50=0.9962;T51-DGC-0.33=0.9962;T51-DGC-0.67=0.9987;T51-CORNKERNEL-0.50=0.9962,962.0,3.0,True,,,,,9962.0,0.0,0.9962,0.9962,0.9971527923502972,0.0006152690468404,9964.0,0.0,0.9964,0.9964,0.9973257768218992,0.0005989190262464,diagnostics_rows.csv,DIAG-T45,A2,SD-S2,,,diagnostic,False
0,,,,,"root0:DIAG-T45:A2[SD-S2,h=8/8xA1]",,diagnostic,,,,,,,,,,,SD-S2,,10000.0,,,10000.0,0.0,1.0,1.0,1.0,0.0,0.0,0.0,1.0,1.0,1.0,1.0,1.0,1.0,1.0,1.0,1.0,1.0,1.0,1.0,1.0,1.0,0.5624,0.570595773478783,1.0,0.0113,0.0563,0.0563,450.0,0.0,0.0,T51-DGC-0.50,0.0,in_domain_conditional,T51-DGC-0.50=1;T51-DGC-0.33=1;T51-DGC-0.67=1;T51-CORNKERNEL-0.50=1,0.0,0.0,True,,,,,10000.0,0.0,1.0,1.0,1.0,0.0,10000.0,0.0,1.0,1.0,1.0,0.0,diagnostics_rows.csv,DIAG-T45,A2,SD-S2,,,diagnostic,False
0,,,,,"root0:DIAG-T45:A2[SD-S2,h=8/8xA1]",,diagnostic,,,,,,,,,,,SD-SRC14,,10000.0,,,10000.0,0.0,1.0,1.0,1.0,0.0,0.0,0.0,1.0,1.0,1.0,1.0,1.0,1.0,1.0,1.0,1.0,1.0,1.0,1.0,1.0,1.0,0.6753,0.6830138022172012,1.0,0.0258,0.0912,0.0915,654.0,0.0,3.0,T51-DGC-0.50,0.0,in_domain_conditional,T51-DGC-0.50=1;T51-DGC-0.33=1;T51-DGC-0.67=1;T51-CORNKERNEL-0.50=1,304.0,3.0,True,,,,,10000.0,0.0,1.0,1.0,1.0,0.0,10000.0,0.0,1.0,1.0,1.0,0.0,diagnostics_rows.csv,DIAG-T45,A2,SD-S2,,,diagnostic,False
0,,,,,"root0:DIAG-T45:A2[SD-S2,h=8/8xA1]",,diagnostic,,,,,,,,,,,SD-12MO,,10000.0,,,9966.0,34.0,0.9966,1.0,1.0,0.0,0.0064,34.0,1.0,1.0,1.0,1.0,1.0,1.0,1.0,1.0,1.0,1.0,1.0,1.0,1.0,1.0,0.6276,0.6355737480726315,1.0,0.1208,0.2096,0.2096,888.0,0.0,0.0,T51-DGC-0.50,0.0,in_domain_conditional,T51-DGC-0.50=1;T51-DGC-0.33=1;T51-DGC-0.67=1;T51-CORNKERNEL-0.50=1,6.0,0.0,True,,,,,10000.0,0.0,1.0,1.0,1.0,0.0,10000.0,0.0,1.0,1.0,1.0,0.0,diagnostics_rows.csv,DIAG-T45,A2,SD-S2,,,diagnostic,False
0,,,,,"root0:DIAG-T45:A2[SD-S2,h=8/8xA1]",,diagnostic,,,,,,,,,,,SD-SRC12,,10000.0,,,9794.0,180.0,0.9794,0.9974,0.9981775270326294,0.0005092386473943,0.0723,180.0,0.9974,0.9981775270326294,0.9974,0.9974,0.9981775270326294,0.9975,0.9982612117448236,0.9975,0.9982612117448236,0.9975,0.9975,0.9935,0.9947638288374776,0.9935,0.7174,0.7248087192659689,0.9974,0.1318,0.2265,0.2268,953.0,6.0,3.0,T51-DGC-0.50,0.0,in_domain_conditional,T51-DGC-0.50=0.9974;T51-DGC-0.33=0.9974;T51-DGC-0.67=0.9986;T51-CORNKERNEL-0.50=0.9974,672.0,3.0,True,,,,,9974.0,0.0,0.9974,0.9974,0.9981775270326294,0.0005092386473943,9975.0,0.0,0.9975,0.9975,0.9982612117448236,0.0004993746088859,diagnostics_rows.csv,DIAG-T45,A2,SD-S2,,,diagnostic,False
