family,case,scenario,training_rep_id,policy,comparator,constraint_id,normalized_mean_delta,normalized_P95_delta,normalized_top_ceil5pct_mean_delta,mean_direction,tail_direction,scope
coverage_formal,A,C0,0,Q2_safe_delta,Q3_delta,PN-NEL-FIXEDDMI,-5.9606852491662465e-05,0.0,-0.0011907214491313827,lower,lower,within-protocol descriptive saved-state comparison; no formal tail significance or animal harm inference
coverage_formal,A,C0,0,Q2_safe_delta,Q3_delta,PN-CP-SUP,-3.0944324546377317e-06,0.0,-6.188864909275466e-05,lower,lower,within-protocol descriptive saved-state comparison; no formal tail significance or animal harm inference
coverage_formal,A,C0,0,Q2_safe_delta,Q3_delta,PN-CA-ABS,-4.1474137878459766e-07,0.0,-8.294827575691953e-06,lower,lower,within-protocol descriptive saved-state comparison; no formal tail significance or animal harm inference
coverage_formal,A,C0,0,Q2_safe_delta,Q3_delta,PN-P-ABS,1.0592942788877764e-05,0.0,0.0002118588557775552,higher,higher,within-protocol descriptive saved-state comparison; no formal tail significance or animal harm inference
coverage_formal,A,C0,0,Q2_safe_delta,Q3_delta,PN-T1,-1.9082768223406487e-05,0.0,-0.0003816553644681298,lower,lower,within-protocol descriptive saved-state comparison; no formal tail significance or animal harm inference
coverage_formal,A,C0,0,Q2_safe_delta,Q3_delta,PN-T2,1.3073955482101384e-06,0.0,2.614791096420277e-05,higher,higher,within-protocol descriptive saved-state comparison; no formal tail significance or animal harm inference
coverage_formal,A,C0,0,Q2_safe_delta,Q3_delta,PN-T3,-2.0386959509100323e-06,0.0,-4.077391901820065e-05,lower,lower,within-protocol descriptive saved-state comparison; no formal tail significance or animal harm inference
coverage_formal,A,C0,0,Q2_safe_delta,Q3_delta,PN-T4,0.0,0.0,0.0,equal,equal,within-protocol descriptive saved-state comparison; no formal tail significance or animal harm inference
coverage_formal,A,C0,0,Q2_safe_delta,Q3_delta,PN-T5,-7.562789777674157e-06,0.0,-0.0001512557955534832,lower,lower,within-protocol descriptive saved-state comparison; no formal tail significance or animal harm inference
coverage_formal,A,C0,1,Q2_safe_delta,Q3_delta,PN-NEL-FIXEDDMI,-4.9900903032523074e-05,0.0,-0.0009970873360889178,lower,lower,within-protocol descriptive saved-state comparison; no formal tail significance or animal harm inference
coverage_formal,A,C0,1,Q2_safe_delta,Q3_delta,PN-CP-SUP,2.447366355986443e-07,0.0,4.894732711972934e-06,higher,higher,within-protocol descriptive saved-state comparison; no formal tail significance or animal harm inference
coverage_formal,A,C0,1,Q2_safe_delta,Q3_delta,PN-CA-ABS,6.417447950925123e-07,0.0,1.2834895901850247e-05,higher,higher,within-protocol descriptive saved-state comparison; no formal tail significance or animal harm inference
coverage_formal,A,C0,1,Q2_safe_delta,Q3_delta,PN-P-ABS,-2.3742644046143416e-05,0.0,-0.0004748528809228683,lower,lower,within-protocol descriptive saved-state comparison; no formal tail significance or animal harm inference
coverage_formal,A,C0,1,Q2_safe_delta,Q3_delta,PN-T1,-1.714755494471466e-06,0.0,-3.429510988942931e-05,lower,lower,within-protocol descriptive saved-state comparison; no formal tail significance or animal harm inference
coverage_formal,A,C0,1,Q2_safe_delta,Q3_delta,PN-T2,0.0,0.0,0.0,equal,equal,within-protocol descriptive saved-state comparison; no formal tail significance or animal harm inference
coverage_formal,A,C0,1,Q2_safe_delta,Q3_delta,PN-T3,-2.540143545593352e-06,0.0,-5.080287091186703e-05,lower,lower,within-protocol descriptive saved-state comparison; no formal tail significance or animal harm inference
coverage_formal,A,C0,1,Q2_safe_delta,Q3_delta,PN-T4,1.6052823951033985e-07,0.0,3.210564790206797e-06,higher,higher,within-protocol descriptive saved-state comparison; no formal tail significance or animal harm inference
coverage_formal,A,C0,1,Q2_safe_delta,Q3_delta,PN-T5,-9.191252551220863e-06,0.0,-0.00018382505102441726,lower,lower,within-protocol descriptive saved-state comparison; no formal tail significance or animal harm inference
coverage_formal,A,C0,2,Q2_safe_delta,Q3_delta,PN-NEL-FIXEDDMI,-7.343110861438696e-05,0.0,-0.0014660193042467917,lower,lower,within-protocol descriptive saved-state comparison; no formal tail significance or animal harm inference
coverage_formal,A,C0,2,Q2_safe_delta,Q3_delta,PN-CP-SUP,1.4363037559003482e-05,0.0,0.00028726075118006966,higher,higher,within-protocol descriptive saved-state comparison; no formal tail significance or animal harm inference
coverage_formal,A,C0,2,Q2_safe_delta,Q3_delta,PN-CA-ABS,2.6942721304205265e-05,0.0,0.0005388544260841054,higher,higher,within-protocol descriptive saved-state comparison; no formal tail significance or animal harm inference
coverage_formal,A,C0,2,Q2_safe_delta,Q3_delta,PN-P-ABS,2.0395420902327186e-05,0.0,0.0004079084180465439,higher,higher,within-protocol descriptive saved-state comparison; no formal tail significance or animal harm inference
coverage_formal,A,C0,2,Q2_safe_delta,Q3_delta,PN-T1,-3.0411395428803827e-05,0.0,-0.0006082279085760766,lower,lower,within-protocol descriptive saved-state comparison; no formal tail significance or animal harm inference
coverage_formal,A,C0,2,Q2_safe_delta,Q3_delta,PN-T2,0.0,0.0,0.0,equal,equal,within-protocol descriptive saved-state comparison; no formal tail significance or animal harm inference
coverage_formal,A,C0,2,Q2_safe_delta,Q3_delta,PN-T3,-6.359488166572769e-06,0.0,-0.00012718976333145538,lower,lower,within-protocol descriptive saved-state comparison; no formal tail significance or animal harm inference
coverage_formal,A,C0,2,Q2_safe_delta,Q3_delta,PN-T4,0.0,0.0,0.0,equal,equal,within-protocol descriptive saved-state comparison; no formal tail significance or animal harm inference
coverage_formal,A,C0,2,Q2_safe_delta,Q3_delta,PN-T5,-9.075322834772275e-06,0.0,-0.00018150645669544552,lower,lower,within-protocol descriptive saved-state comparison; no formal tail significance or animal harm inference
coverage_formal,A,C1_Table6_matched,0,Q2_safe_delta,Q3_delta,PN-NEL-FIXEDDMI,-4.0724652203408886e-05,0.0,-0.0008128884971346727,lower,lower,within-protocol descriptive saved-state comparison; no formal tail significance or animal harm inference
coverage_formal,A,C1_Table6_matched,0,Q2_safe_delta,Q3_delta,PN-CP-SUP,8.965935397452075e-06,0.0,0.00017931870794904144,higher,higher,within-protocol descriptive saved-state comparison; no formal tail significance or animal harm inference
coverage_formal,A,C1_Table6_matched,0,Q2_safe_delta,Q3_delta,PN-CA-ABS,2.9328271824883804e-06,0.0,5.865654364976765e-05,higher,higher,within-protocol descriptive saved-state comparison; no formal tail significance or animal harm inference
coverage_formal,A,C1_Table6_matched,0,Q2_safe_delta,Q3_delta,PN-P-ABS,-1.4312881187355773e-05,0.0,-0.0002862576237471154,lower,lower,within-protocol descriptive saved-state comparison; no formal tail significance or animal harm inference
coverage_formal,A,C1_Table6_matched,0,Q2_safe_delta,Q3_delta,PN-T1,-1.1495676646982857e-05,0.0,-0.00022991353293965716,lower,lower,within-protocol descriptive saved-state comparison; no formal tail significance or animal harm inference
coverage_formal,A,C1_Table6_matched,0,Q2_safe_delta,Q3_delta,PN-T2,1.0094378278629302e-06,0.0,2.0188756557258604e-05,higher,higher,within-protocol descriptive saved-state comparison; no formal tail significance or animal harm inference
coverage_formal,A,C1_Table6_matched,0,Q2_safe_delta,Q3_delta,PN-T3,-2.047855156684269e-06,0.0,-4.095710313368539e-05,lower,lower,within-protocol descriptive saved-state comparison; no formal tail significance or animal harm inference
coverage_formal,A,C1_Table6_matched,0,Q2_safe_delta,Q3_delta,PN-T4,0.0,0.0,0.0,equal,equal,within-protocol descriptive saved-state comparison; no formal tail significance or animal harm inference
coverage_formal,A,C1_Table6_matched,0,Q2_safe_delta,Q3_delta,PN-T5,4.738622852284418e-06,0.0,9.477245704568834e-05,higher,higher,within-protocol descriptive saved-state comparison; no formal tail significance or animal harm inference
coverage_formal,A,C1_Table6_matched,1,Q2_safe_delta,Q3_delta,PN-NEL-FIXEDDMI,-4.169864797674478e-05,0.0,-0.0008325461616132896,lower,lower,within-protocol descriptive saved-state comparison; no formal tail significance or animal harm inference
coverage_formal,A,C1_Table6_matched,1,Q2_safe_delta,Q3_delta,PN-CP-SUP,2.6104320307309335e-06,0.0,5.2208640614618846e-05,higher,higher,within-protocol descriptive saved-state comparison; no formal tail significance or animal harm inference
coverage_formal,A,C1_Table6_matched,1,Q2_safe_delta,Q3_delta,PN-CA-ABS,0.0,0.0,0.0,equal,equal,within-protocol descriptive saved-state comparison; no formal tail significance or animal harm inference
coverage_formal,A,C1_Table6_matched,1,Q2_safe_delta,Q3_delta,PN-P-ABS,-3.263377171241778e-05,0.0,-0.0006526754342483556,lower,lower,within-protocol descriptive saved-state comparison; no formal tail significance or animal harm inference
coverage_formal,A,C1_Table6_matched,1,Q2_safe_delta,Q3_delta,PN-T1,-1.5862111511990693e-05,0.0,-0.0003172422302398138,lower,lower,within-protocol descriptive saved-state comparison; no formal tail significance or animal harm inference
coverage_formal,A,C1_Table6_matched,1,Q2_safe_delta,Q3_delta,PN-T2,0.0,0.0,0.0,equal,equal,within-protocol descriptive saved-state comparison; no formal tail significance or animal harm inference
coverage_formal,A,C1_Table6_matched,1,Q2_safe_delta,Q3_delta,PN-T3,-3.936792172208389e-06,0.0,-7.873584344416776e-05,lower,lower,within-protocol descriptive saved-state comparison; no formal tail significance or animal harm inference
coverage_formal,A,C1_Table6_matched,1,Q2_safe_delta,Q3_delta,PN-T4,1.908598619267584e-07,0.0,3.817197238535168e-06,higher,higher,within-protocol descriptive saved-state comparison; no formal tail significance or animal harm inference
coverage_formal,A,C1_Table6_matched,1,Q2_safe_delta,Q3_delta,PN-T5,-2.0192721311620905e-05,0.0,-0.0004038544262324181,lower,lower,within-protocol descriptive saved-state comparison; no formal tail significance or animal harm inference
coverage_formal,A,C1_Table6_matched,2,Q2_safe_delta,Q3_delta,PN-NEL-FIXEDDMI,-6.599980877604434e-05,0.0,-0.0013164325968316724,lower,lower,within-protocol descriptive saved-state comparison; no formal tail significance or animal harm inference
coverage_formal,A,C1_Table6_matched,2,Q2_safe_delta,Q3_delta,PN-CP-SUP,3.7129386979829064e-05,0.0,0.0007425877395965811,higher,higher,within-protocol descriptive saved-state comparison; no formal tail significance or animal harm inference
coverage_formal,A,C1_Table6_matched,2,Q2_safe_delta,Q3_delta,PN-CA-ABS,-4.271386270539441e-07,0.0,-8.542772541078882e-06,lower,lower,within-protocol descriptive saved-state comparison; no formal tail significance or animal harm inference
coverage_formal,A,C1_Table6_matched,2,Q2_safe_delta,Q3_delta,PN-P-ABS,2.9021287434181e-05,0.0,0.00058042574868362,higher,higher,within-protocol descriptive saved-state comparison; no formal tail significance or animal harm inference
coverage_formal,A,C1_Table6_matched,2,Q2_safe_delta,Q3_delta,PN-T1,-3.478092534159774e-05,0.0,-0.0006956185068319549,lower,lower,within-protocol descriptive saved-state comparison; no formal tail significance or animal harm inference
coverage_formal,A,C1_Table6_matched,2,Q2_safe_delta,Q3_delta,PN-T2,0.0,0.0,0.0,equal,equal,within-protocol descriptive saved-state comparison; no formal tail significance or animal harm inference
coverage_formal,A,C1_Table6_matched,2,Q2_safe_delta,Q3_delta,PN-T3,3.501820904087761e-07,0.0,7.003641808175525e-06,higher,higher,within-protocol descriptive saved-state comparison; no formal tail significance or animal harm inference
coverage_formal,A,C1_Table6_matched,2,Q2_safe_delta,Q3_delta,PN-T4,0.0,0.0,0.0,equal,equal,within-protocol descriptive saved-state comparison; no formal tail significance or animal harm inference
coverage_formal,A,C1_Table6_matched,2,Q2_safe_delta,Q3_delta,PN-T5,3.0123976841521337e-06,0.0,6.024795368304265e-05,higher,higher,within-protocol descriptive saved-state comparison; no formal tail significance or animal harm inference
coverage_formal,A,C2_Corn4D_author,0,Q2_safe_delta,Q3_delta,PN-NEL-FIXEDDMI,-3.1325878342453284e-05,0.0,-0.0006247077363133249,lower,lower,within-protocol descriptive saved-state comparison; no formal tail significance or animal harm inference
coverage_formal,A,C2_Corn4D_author,0,Q2_safe_delta,Q3_delta,PN-CP-SUP,9.047662467128863e-06,0.0,0.00018095324934257716,higher,higher,within-protocol descriptive saved-state comparison; no formal tail significance or animal harm inference
coverage_formal,A,C2_Corn4D_author,0,Q2_safe_delta,Q3_delta,PN-CA-ABS,2.7207375698763538e-05,0.0,0.0005441475139752708,higher,higher,within-protocol descriptive saved-state comparison; no formal tail significance or animal harm inference
coverage_formal,A,C2_Corn4D_author,0,Q2_safe_delta,Q3_delta,PN-P-ABS,2.8100180957309167e-05,0.0,0.0005620036191461832,higher,higher,within-protocol descriptive saved-state comparison; no formal tail significance or animal harm inference
coverage_formal,A,C2_Corn4D_author,0,Q2_safe_delta,Q3_delta,PN-T1,-1.3524663220107195e-05,0.0,-0.00027049326440214386,lower,lower,within-protocol descriptive saved-state comparison; no formal tail significance or animal harm inference
coverage_formal,A,C2_Corn4D_author,0,Q2_safe_delta,Q3_delta,PN-T2,8.505104208194553e-06,0.0,0.00017010208416389104,higher,higher,within-protocol descriptive saved-state comparison; no formal tail significance or animal harm inference
coverage_formal,A,C2_Corn4D_author,0,Q2_safe_delta,Q3_delta,PN-T3,-4.2599249019310773e-07,0.0,-8.519849803862158e-06,lower,lower,within-protocol descriptive saved-state comparison; no formal tail significance or animal harm inference
coverage_formal,A,C2_Corn4D_author,0,Q2_safe_delta,Q3_delta,PN-T4,0.0,0.0,0.0,equal,equal,within-protocol descriptive saved-state comparison; no formal tail significance or animal harm inference
coverage_formal,A,C2_Corn4D_author,0,Q2_safe_delta,Q3_delta,PN-T5,-4.903986176932693e-06,0.0,-9.807972353865387e-05,lower,lower,within-protocol descriptive saved-state comparison; no formal tail significance or animal harm inference
coverage_formal,A,C2_Corn4D_author,1,Q2_safe_delta,Q3_delta,PN-NEL-FIXEDDMI,-2.051585877475785e-05,0.0,-0.00040900162411035756,lower,lower,within-protocol descriptive saved-state comparison; no formal tail significance or animal harm inference
coverage_formal,A,C2_Corn4D_author,1,Q2_safe_delta,Q3_delta,PN-CP-SUP,-1.4026471539304627e-05,0.0,-0.0002805294307860926,lower,lower,within-protocol descriptive saved-state comparison; no formal tail significance or animal harm inference
coverage_formal,A,C2_Corn4D_author,1,Q2_safe_delta,Q3_delta,PN-CA-ABS,1.7356918566655852e-05,0.0,0.0003471383713331169,higher,higher,within-protocol descriptive saved-state comparison; no formal tail significance or animal harm inference
coverage_formal,A,C2_Corn4D_author,1,Q2_safe_delta,Q3_delta,PN-P-ABS,1.752321573124228e-06,0.0,3.504643146248461e-05,higher,higher,within-protocol descriptive saved-state comparison; no formal tail significance or animal harm inference
coverage_formal,A,C2_Corn4D_author,1,Q2_safe_delta,Q3_delta,PN-T1,-1.3007265250366293e-05,0.0,-0.00026014530500732586,lower,lower,within-protocol descriptive saved-state comparison; no formal tail significance or animal harm inference
coverage_formal,A,C2_Corn4D_author,1,Q2_safe_delta,Q3_delta,PN-T2,0.0,0.0,0.0,equal,equal,within-protocol descriptive saved-state comparison; no formal tail significance or animal harm inference
coverage_formal,A,C2_Corn4D_author,1,Q2_safe_delta,Q3_delta,PN-T3,-1.1490336684601692e-06,0.0,-2.2980673369203387e-05,lower,lower,within-protocol descriptive saved-state comparison; no formal tail significance or animal harm inference
coverage_formal,A,C2_Corn4D_author,1,Q2_safe_delta,Q3_delta,PN-T4,0.0,0.0,0.0,equal,equal,within-protocol descriptive saved-state comparison; no formal tail significance or animal harm inference
coverage_formal,A,C2_Corn4D_author,1,Q2_safe_delta,Q3_delta,PN-T5,-6.603831184754036e-06,0.0,-0.00013207662369508065,lower,lower,within-protocol descriptive saved-state comparison; no formal tail significance or animal harm inference
coverage_formal,A,C2_Corn4D_author,2,Q2_safe_delta,Q3_delta,PN-NEL-FIXEDDMI,-6.401845723514148e-05,0.0,-0.001277415301674668,lower,lower,within-protocol descriptive saved-state comparison; no formal tail significance or animal harm inference
coverage_formal,A,C2_Corn4D_author,2,Q2_safe_delta,Q3_delta,PN-CP-SUP,3.0174347882365668e-05,0.0,0.0006034869576473134,higher,higher,within-protocol descriptive saved-state comparison; no formal tail significance or animal harm inference
coverage_formal,A,C2_Corn4D_author,2,Q2_safe_delta,Q3_delta,PN-CA-ABS,8.583720728182558e-06,0.0,0.00017167441456365123,higher,higher,within-protocol descriptive saved-state comparison; no formal tail significance or animal harm inference
coverage_formal,A,C2_Corn4D_author,2,Q2_safe_delta,Q3_delta,PN-P-ABS,2.6296046733564068e-05,0.0,0.0005259209346712815,higher,higher,within-protocol descriptive saved-state comparison; no formal tail significance or animal harm inference
coverage_formal,A,C2_Corn4D_author,2,Q2_safe_delta,Q3_delta,PN-T1,-2.739892995957044e-05,0.0,-0.0005479785991914087,lower,lower,within-protocol descriptive saved-state comparison; no formal tail significance or animal harm inference
coverage_formal,A,C2_Corn4D_author,2,Q2_safe_delta,Q3_delta,PN-T2,0.0,0.0,0.0,equal,equal,within-protocol descriptive saved-state comparison; no formal tail significance or animal harm inference
coverage_formal,A,C2_Corn4D_author,2,Q2_safe_delta,Q3_delta,PN-T3,-8.308030599372587e-07,0.0,-1.6616061198745173e-05,lower,lower,within-protocol descriptive saved-state comparison; no formal tail significance or animal harm inference
coverage_formal,A,C2_Corn4D_author,2,Q2_safe_delta,Q3_delta,PN-T4,0.0,0.0,0.0,equal,equal,within-protocol descriptive saved-state comparison; no formal tail significance or animal harm inference
coverage_formal,A,C2_Corn4D_author,2,Q2_safe_delta,Q3_delta,PN-T5,7.929400419457063e-07,0.0,1.5858800838914128e-05,higher,higher,within-protocol descriptive saved-state comparison; no formal tail significance or animal harm inference
coverage_formal,C,C0,0,Q2_safe_delta,Q3_delta,PN-NEL-FIXEDDMI,-2.0953295239166964e-05,0.0,-0.0004187050225229925,lower,lower,within-protocol descriptive saved-state comparison; no formal tail significance or animal harm inference
coverage_formal,C,C0,0,Q2_safe_delta,Q3_delta,PN-CP-SUP,-5.295155154909859e-06,0.0,-0.00010590310309819721,lower,lower,within-protocol descriptive saved-state comparison; no formal tail significance or animal harm inference
coverage_formal,C,C0,0,Q2_safe_delta,Q3_delta,PN-CA-ABS,0.0,0.0,0.0,equal,equal,within-protocol descriptive saved-state comparison; no formal tail significance or animal harm inference
coverage_formal,C,C0,0,Q2_safe_delta,Q3_delta,PN-P-ABS,3.559050475037997e-08,0.0,7.118100950076e-07,higher,higher,within-protocol descriptive saved-state comparison; no formal tail significance or animal harm inference
coverage_formal,C,C0,0,Q2_safe_delta,Q3_delta,PN-T1,-3.0353955301295923e-05,0.0,-0.0006070791060259184,lower,lower,within-protocol descriptive saved-state comparison; no formal tail significance or animal harm inference
coverage_formal,C,C0,0,Q2_safe_delta,Q3_delta,PN-T2,0.0,0.0,0.0,equal,equal,within-protocol descriptive saved-state comparison; no formal tail significance or animal harm inference
coverage_formal,C,C0,0,Q2_safe_delta,Q3_delta,PN-T3,-6.64962585034851e-06,0.0,-0.0001329925170069702,lower,lower,within-protocol descriptive saved-state comparison; no formal tail significance or animal harm inference
coverage_formal,C,C0,0,Q2_safe_delta,Q3_delta,PN-T4,0.0,0.0,0.0,equal,equal,within-protocol descriptive saved-state comparison; no formal tail significance or animal harm inference
coverage_formal,C,C0,0,Q2_safe_delta,Q3_delta,PN-T5,-2.344708511307602e-05,0.0,-0.0004689417022615204,lower,lower,within-protocol descriptive saved-state comparison; no formal tail significance or animal harm inference
coverage_formal,C,C0,1,Q2_safe_delta,Q3_delta,PN-NEL-FIXEDDMI,-6.954965744806868e-05,0.0,-0.001390993148961374,lower,lower,within-protocol descriptive saved-state comparison; no formal tail significance or animal harm inference
coverage_formal,C,C0,1,Q2_safe_delta,Q3_delta,PN-CP-SUP,-2.1726215454120607e-05,0.0,-0.00043452430908241194,lower,lower,within-protocol descriptive saved-state comparison; no formal tail significance or animal harm inference
coverage_formal,C,C0,1,Q2_safe_delta,Q3_delta,PN-CA-ABS,0.0,0.0,0.0,equal,equal,within-protocol descriptive saved-state comparison; no formal tail significance or animal harm inference
coverage_formal,C,C0,1,Q2_safe_delta,Q3_delta,PN-P-ABS,-8.700020640674504e-06,0.0,-0.0001740004128134901,lower,lower,within-protocol descriptive saved-state comparison; no formal tail significance or animal harm inference
coverage_formal,C,C0,1,Q2_safe_delta,Q3_delta,PN-T1,-1.755575278059092e-05,0.0,-0.00035111505561181847,lower,lower,within-protocol descriptive saved-state comparison; no formal tail significance or animal harm inference
coverage_formal,C,C0,1,Q2_safe_delta,Q3_delta,PN-T2,0.0,0.0,0.0,equal,equal,within-protocol descriptive saved-state comparison; no formal tail significance or animal harm inference
coverage_formal,C,C0,1,Q2_safe_delta,Q3_delta,PN-T3,-1.234154220823206e-05,0.0,-0.0002468308441646412,lower,lower,within-protocol descriptive saved-state comparison; no formal tail significance or animal harm inference
coverage_formal,C,C0,1,Q2_safe_delta,Q3_delta,PN-T4,0.0,0.0,0.0,equal,equal,within-protocol descriptive saved-state comparison; no formal tail significance or animal harm inference
coverage_formal,C,C0,1,Q2_safe_delta,Q3_delta,PN-T5,-2.7717728005660427e-05,0.0,-0.0005543545601132086,lower,lower,within-protocol descriptive saved-state comparison; no formal tail significance or animal harm inference
coverage_formal,C,C0,2,Q2_safe_delta,Q3_delta,PN-NEL-FIXEDDMI,-2.677748254592339e-05,0.0,-0.0005348285969661991,lower,lower,within-protocol descriptive saved-state comparison; no formal tail significance or animal harm inference
coverage_formal,C,C0,2,Q2_safe_delta,Q3_delta,PN-CP-SUP,-1.8147931603993663e-05,0.0,-0.0003629586320798732,lower,lower,within-protocol descriptive saved-state comparison; no formal tail significance or animal harm inference
coverage_formal,C,C0,2,Q2_safe_delta,Q3_delta,PN-CA-ABS,-1.5198392538111419e-05,0.0,-0.0003039678507622284,lower,lower,within-protocol descriptive saved-state comparison; no formal tail significance or animal harm inference
coverage_formal,C,C0,2,Q2_safe_delta,Q3_delta,PN-P-ABS,-1.971021300782607e-05,0.0,-0.00039420426015652143,lower,lower,within-protocol descriptive saved-state comparison; no formal tail significance or animal harm inference
coverage_formal,C,C0,2,Q2_safe_delta,Q3_delta,PN-T1,6.850302942934126e-06,0.0,0.00013700605885868264,higher,higher,within-protocol descriptive saved-state comparison; no formal tail significance or animal harm inference
coverage_formal,C,C0,2,Q2_safe_delta,Q3_delta,PN-T2,0.0,0.0,0.0,equal,equal,within-protocol descriptive saved-state comparison; no formal tail significance or animal harm inference
coverage_formal,C,C0,2,Q2_safe_delta,Q3_delta,PN-T3,-3.977012925852786e-06,0.0,-7.954025851705572e-05,lower,lower,within-protocol descriptive saved-state comparison; no formal tail significance or animal harm inference
coverage_formal,C,C0,2,Q2_safe_delta,Q3_delta,PN-T4,-1.4352886995193844e-07,0.0,-2.8705773990387687e-06,lower,lower,within-protocol descriptive saved-state comparison; no formal tail significance or animal harm inference
coverage_formal,C,C0,2,Q2_safe_delta,Q3_delta,PN-T5,-6.043703033542401e-06,0.0,-0.000120874060670848,lower,lower,within-protocol descriptive saved-state comparison; no formal tail significance or animal harm inference
coverage_formal,C,C1_Table6_matched,0,Q2_safe_delta,Q3_delta,PN-NEL-FIXEDDMI,-1.5935212109712074e-05,0.0,-0.0003178864006558571,lower,lower,within-protocol descriptive saved-state comparison; no formal tail significance or animal harm inference
coverage_formal,C,C1_Table6_matched,0,Q2_safe_delta,Q3_delta,PN-CP-SUP,2.6404929528536214e-07,0.0,5.280985905707202e-06,higher,higher,within-protocol descriptive saved-state comparison; no formal tail significance or animal harm inference
coverage_formal,C,C1_Table6_matched,0,Q2_safe_delta,Q3_delta,PN-CA-ABS,-8.309979051351398e-07,0.0,-1.6619958102702794e-05,lower,lower,within-protocol descriptive saved-state comparison; no formal tail significance or animal harm inference
coverage_formal,C,C1_Table6_matched,0,Q2_safe_delta,Q3_delta,PN-P-ABS,-5.846878260647321e-06,0.0,-0.00011693756521294643,lower,lower,within-protocol descriptive saved-state comparison; no formal tail significance or animal harm inference
coverage_formal,C,C1_Table6_matched,0,Q2_safe_delta,Q3_delta,PN-T1,-4.990930343279356e-05,0.0,-0.0009981860686558714,lower,lower,within-protocol descriptive saved-state comparison; no formal tail significance or animal harm inference
coverage_formal,C,C1_Table6_matched,0,Q2_safe_delta,Q3_delta,PN-T2,0.0,0.0,0.0,equal,equal,within-protocol descriptive saved-state comparison; no formal tail significance or animal harm inference
coverage_formal,C,C1_Table6_matched,0,Q2_safe_delta,Q3_delta,PN-T3,-2.99139424915544e-06,0.0,-5.982788498310879e-05,lower,lower,within-protocol descriptive saved-state comparison; no formal tail significance or animal harm inference
coverage_formal,C,C1_Table6_matched,0,Q2_safe_delta,Q3_delta,PN-T4,0.0,0.0,0.0,equal,equal,within-protocol descriptive saved-state comparison; no formal tail significance or animal harm inference
coverage_formal,C,C1_Table6_matched,0,Q2_safe_delta,Q3_delta,PN-T5,-2.0965148241380685e-05,0.0,-0.0004193029648276137,lower,lower,within-protocol descriptive saved-state comparison; no formal tail significance or animal harm inference
coverage_formal,C,C1_Table6_matched,1,Q2_safe_delta,Q3_delta,PN-NEL-FIXEDDMI,-4.952335015519821e-05,0.0,-0.0009904670031039634,lower,lower,within-protocol descriptive saved-state comparison; no formal tail significance or animal harm inference
coverage_formal,C,C1_Table6_matched,1,Q2_safe_delta,Q3_delta,PN-CP-SUP,-2.752199208945203e-05,0.0,-0.0005504398417890406,lower,lower,within-protocol descriptive saved-state comparison; no formal tail significance or animal harm inference
coverage_formal,C,C1_Table6_matched,1,Q2_safe_delta,Q3_delta,PN-CA-ABS,-3.177969046575373e-06,0.0,-6.355938093150747e-05,lower,lower,within-protocol descriptive saved-state comparison; no formal tail significance or animal harm inference
coverage_formal,C,C1_Table6_matched,1,Q2_safe_delta,Q3_delta,PN-P-ABS,-1.8737137622447672e-05,0.0,-0.00037474275244895347,lower,lower,within-protocol descriptive saved-state comparison; no formal tail significance or animal harm inference
coverage_formal,C,C1_Table6_matched,1,Q2_safe_delta,Q3_delta,PN-T1,-9.33073340824811e-06,0.0,-0.0001866146681649622,lower,lower,within-protocol descriptive saved-state comparison; no formal tail significance or animal harm inference
coverage_formal,C,C1_Table6_matched,1,Q2_safe_delta,Q3_delta,PN-T2,0.0,0.0,0.0,equal,equal,within-protocol descriptive saved-state comparison; no formal tail significance or animal harm inference
coverage_formal,C,C1_Table6_matched,1,Q2_safe_delta,Q3_delta,PN-T3,-7.0386009792619315e-06,0.0,-0.00014077201958523868,lower,lower,within-protocol descriptive saved-state comparison; no formal tail significance or animal harm inference
coverage_formal,C,C1_Table6_matched,1,Q2_safe_delta,Q3_delta,PN-T4,0.0,0.0,0.0,equal,equal,within-protocol descriptive saved-state comparison; no formal tail significance or animal harm inference
coverage_formal,C,C1_Table6_matched,1,Q2_safe_delta,Q3_delta,PN-T5,-3.525256387901997e-05,0.0,-0.0007050512775803995,lower,lower,within-protocol descriptive saved-state comparison; no formal tail significance or animal harm inference
coverage_formal,C,C1_Table6_matched,2,Q2_safe_delta,Q3_delta,PN-NEL-FIXEDDMI,-3.0699540417786454e-05,0.0,-0.0006132867792385133,lower,lower,within-protocol descriptive saved-state comparison; no formal tail significance or animal harm inference
coverage_formal,C,C1_Table6_matched,2,Q2_safe_delta,Q3_delta,PN-CP-SUP,-3.947300275901598e-06,0.0,-7.894600551803198e-05,lower,lower,within-protocol descriptive saved-state comparison; no formal tail significance or animal harm inference
coverage_formal,C,C1_Table6_matched,2,Q2_safe_delta,Q3_delta,PN-CA-ABS,0.0,0.0,0.0,equal,equal,within-protocol descriptive saved-state comparison; no formal tail significance or animal harm inference
coverage_formal,C,C1_Table6_matched,2,Q2_safe_delta,Q3_delta,PN-P-ABS,-1.9057145179270712e-05,0.0,-0.00038114290358541423,lower,lower,within-protocol descriptive saved-state comparison; no formal tail significance or animal harm inference
coverage_formal,C,C1_Table6_matched,2,Q2_safe_delta,Q3_delta,PN-T1,-7.713402072601906e-06,0.0,-0.00015426804145203809,lower,lower,within-protocol descriptive saved-state comparison; no formal tail significance or animal harm inference
coverage_formal,C,C1_Table6_matched,2,Q2_safe_delta,Q3_delta,PN-T2,0.0,0.0,0.0,equal,equal,within-protocol descriptive saved-state comparison; no formal tail significance or animal harm inference
coverage_formal,C,C1_Table6_matched,2,Q2_safe_delta,Q3_delta,PN-T3,-1.8700313808427546e-06,0.0,-3.7400627616855094e-05,lower,lower,within-protocol descriptive saved-state comparison; no formal tail significance or animal harm inference
coverage_formal,C,C1_Table6_matched,2,Q2_safe_delta,Q3_delta,PN-T4,0.0,0.0,0.0,equal,equal,within-protocol descriptive saved-state comparison; no formal tail significance or animal harm inference
coverage_formal,C,C1_Table6_matched,2,Q2_safe_delta,Q3_delta,PN-T5,-2.0197978769346323e-06,0.0,-4.039595753869263e-05,lower,lower,within-protocol descriptive saved-state comparison; no formal tail significance or animal harm inference
coverage_formal,C,C2_Corn4D_author,0,Q2_safe_delta,Q3_delta,PN-NEL-FIXEDDMI,-2.7960560199845283e-05,0.0,-0.0005587030243292507,lower,lower,within-protocol descriptive saved-state comparison; no formal tail significance or animal harm inference
coverage_formal,C,C2_Corn4D_author,0,Q2_safe_delta,Q3_delta,PN-CP-SUP,-3.708009064696763e-06,0.0,-7.41601812939353e-05,lower,lower,within-protocol descriptive saved-state comparison; no formal tail significance or animal harm inference
coverage_formal,C,C2_Corn4D_author,0,Q2_safe_delta,Q3_delta,PN-CA-ABS,-1.104744308628185e-06,0.0,-2.209488617256367e-05,lower,lower,within-protocol descriptive saved-state comparison; no formal tail significance or animal harm inference
coverage_formal,C,C2_Corn4D_author,0,Q2_safe_delta,Q3_delta,PN-P-ABS,-7.028494206591793e-07,0.0,-1.4056988413183585e-05,lower,lower,within-protocol descriptive saved-state comparison; no formal tail significance or animal harm inference
coverage_formal,C,C2_Corn4D_author,0,Q2_safe_delta,Q3_delta,PN-T1,-1.6479062195283665e-05,0.0,-0.0003295812439056734,lower,lower,within-protocol descriptive saved-state comparison; no formal tail significance or animal harm inference
coverage_formal,C,C2_Corn4D_author,0,Q2_safe_delta,Q3_delta,PN-T2,0.0,0.0,0.0,equal,equal,within-protocol descriptive saved-state comparison; no formal tail significance or animal harm inference
coverage_formal,C,C2_Corn4D_author,0,Q2_safe_delta,Q3_delta,PN-T3,-4.681097559651517e-06,0.0,-9.362195119303032e-05,lower,lower,within-protocol descriptive saved-state comparison; no formal tail significance or animal harm inference
coverage_formal,C,C2_Corn4D_author,0,Q2_safe_delta,Q3_delta,PN-T4,0.0,0.0,0.0,equal,equal,within-protocol descriptive saved-state comparison; no formal tail significance or animal harm inference
coverage_formal,C,C2_Corn4D_author,0,Q2_safe_delta,Q3_delta,PN-T5,-9.182760243945765e-06,0.0,-0.0001836552048789153,lower,lower,within-protocol descriptive saved-state comparison; no formal tail significance or animal harm inference
coverage_formal,C,C2_Corn4D_author,1,Q2_safe_delta,Q3_delta,PN-NEL-FIXEDDMI,-5.347964650603798e-05,0.0,-0.0010695929301207598,lower,lower,within-protocol descriptive saved-state comparison; no formal tail significance or animal harm inference
coverage_formal,C,C2_Corn4D_author,1,Q2_safe_delta,Q3_delta,PN-CP-SUP,-2.7859777713668617e-05,0.0,-0.0005571955542733723,lower,lower,within-protocol descriptive saved-state comparison; no formal tail significance or animal harm inference
coverage_formal,C,C2_Corn4D_author,1,Q2_safe_delta,Q3_delta,PN-CA-ABS,1.2991656819684977e-07,0.0,2.5983313639369956e-06,higher,higher,within-protocol descriptive saved-state comparison; no formal tail significance or animal harm inference
coverage_formal,C,C2_Corn4D_author,1,Q2_safe_delta,Q3_delta,PN-P-ABS,-4.708223766243518e-06,0.0,-9.416447532487035e-05,lower,lower,within-protocol descriptive saved-state comparison; no formal tail significance or animal harm inference
coverage_formal,C,C2_Corn4D_author,1,Q2_safe_delta,Q3_delta,PN-T1,-6.9380146425817014e-06,0.0,-0.00013876029285163404,lower,lower,within-protocol descriptive saved-state comparison; no formal tail significance or animal harm inference
coverage_formal,C,C2_Corn4D_author,1,Q2_safe_delta,Q3_delta,PN-T2,0.0,0.0,0.0,equal,equal,within-protocol descriptive saved-state comparison; no formal tail significance or animal harm inference
coverage_formal,C,C2_Corn4D_author,1,Q2_safe_delta,Q3_delta,PN-T3,-1.6284893098133812e-06,0.0,-3.256978619626763e-05,lower,lower,within-protocol descriptive saved-state comparison; no formal tail significance or animal harm inference
coverage_formal,C,C2_Corn4D_author,1,Q2_safe_delta,Q3_delta,PN-T4,0.0,0.0,0.0,equal,equal,within-protocol descriptive saved-state comparison; no formal tail significance or animal harm inference
coverage_formal,C,C2_Corn4D_author,1,Q2_safe_delta,Q3_delta,PN-T5,1.3681258874446104e-05,0.0,0.00027362517748892205,higher,higher,within-protocol descriptive saved-state comparison; no formal tail significance or animal harm inference
coverage_formal,C,C2_Corn4D_author,2,Q2_safe_delta,Q3_delta,PN-NEL-FIXEDDMI,-2.2693017374426043e-05,0.0,-0.00045313011572196277,lower,lower,within-protocol descriptive saved-state comparison; no formal tail significance or animal harm inference
coverage_formal,C,C2_Corn4D_author,2,Q2_safe_delta,Q3_delta,PN-CP-SUP,-6.8840632108874475e-06,0.0,-0.00013768126421774896,lower,lower,within-protocol descriptive saved-state comparison; no formal tail significance or animal harm inference
coverage_formal,C,C2_Corn4D_author,2,Q2_safe_delta,Q3_delta,PN-CA-ABS,-1.0906550390286004e-05,0.0,-0.00021813100780572006,lower,lower,within-protocol descriptive saved-state comparison; no formal tail significance or animal harm inference
coverage_formal,C,C2_Corn4D_author,2,Q2_safe_delta,Q3_delta,PN-P-ABS,-1.6008355844202794e-05,0.0,-0.0003201671168840559,lower,lower,within-protocol descriptive saved-state comparison; no formal tail significance or animal harm inference
coverage_formal,C,C2_Corn4D_author,2,Q2_safe_delta,Q3_delta,PN-T1,-1.1324805974537212e-05,0.0,-0.00022649611949074423,lower,lower,within-protocol descriptive saved-state comparison; no formal tail significance or animal harm inference
coverage_formal,C,C2_Corn4D_author,2,Q2_safe_delta,Q3_delta,PN-T2,0.0,0.0,0.0,equal,equal,within-protocol descriptive saved-state comparison; no formal tail significance or animal harm inference
coverage_formal,C,C2_Corn4D_author,2,Q2_safe_delta,Q3_delta,PN-T3,0.0,0.0,0.0,equal,equal,within-protocol descriptive saved-state comparison; no formal tail significance or animal harm inference
coverage_formal,C,C2_Corn4D_author,2,Q2_safe_delta,Q3_delta,PN-T4,5.414248336723104e-07,0.0,1.0828496673446208e-05,higher,higher,within-protocol descriptive saved-state comparison; no formal tail significance or animal harm inference
coverage_formal,C,C2_Corn4D_author,2,Q2_safe_delta,Q3_delta,PN-T5,-8.248997117480793e-07,0.0,-1.6497994234961587e-05,lower,lower,within-protocol descriptive saved-state comparison; no formal tail significance or animal harm inference
measurement_formal,A,C0,0,Q3_postUA_0p1,Q3_raw_noise_0p1,PN-NEL-FIXEDDMI,5.9392792814646795e-06,0.0,0.00011874994995360495,higher,higher,within-protocol descriptive saved-state comparison; no formal tail significance or animal harm inference
measurement_formal,A,C0,0,Q3_postUA_0p1,Q3_raw_noise_0p1,PN-CP-SUP,-3.883774247828912e-07,0.0,-7.76754849565785e-06,lower,lower,within-protocol descriptive saved-state comparison; no formal tail significance or animal harm inference
measurement_formal,A,C0,0,Q3_postUA_0p1,Q3_raw_noise_0p1,PN-CA-ABS,-2.5849162240307693e-06,0.0,-5.169832448061538e-05,lower,lower,within-protocol descriptive saved-state comparison; no formal tail significance or animal harm inference
measurement_formal,A,C0,0,Q3_postUA_0p1,Q3_raw_noise_0p1,PN-P-ABS,-7.796725850447139e-07,0.0,-1.5593451700894297e-05,lower,lower,within-protocol descriptive saved-state comparison; no formal tail significance or animal harm inference
measurement_formal,A,C0,0,Q3_postUA_0p1,Q3_raw_noise_0p1,PN-T1,-3.6145086332586052e-06,0.0,-7.229017266517212e-05,lower,lower,within-protocol descriptive saved-state comparison; no formal tail significance or animal harm inference
measurement_formal,A,C0,0,Q3_postUA_0p1,Q3_raw_noise_0p1,PN-T2,0.0,0.0,0.0,equal,equal,within-protocol descriptive saved-state comparison; no formal tail significance or animal harm inference
measurement_formal,A,C0,0,Q3_postUA_0p1,Q3_raw_noise_0p1,PN-T3,-9.293812323929895e-07,0.0,-1.858762464785978e-05,lower,lower,within-protocol descriptive saved-state comparison; no formal tail significance or animal harm inference
measurement_formal,A,C0,0,Q3_postUA_0p1,Q3_raw_noise_0p1,PN-T4,0.0,0.0,0.0,equal,equal,within-protocol descriptive saved-state comparison; no formal tail significance or animal harm inference
measurement_formal,A,C0,0,Q3_postUA_0p1,Q3_raw_noise_0p1,PN-T5,-1.812758185552856e-07,0.0,-3.6255163711057525e-06,lower,lower,within-protocol descriptive saved-state comparison; no formal tail significance or animal harm inference
measurement_formal,A,C0,0,Q3_postUA_0p1,Q3_postmean_0p1,PN-NEL-FIXEDDMI,1.272963895303098e-05,0.0,0.0002545164012269013,higher,higher,within-protocol descriptive saved-state comparison; no formal tail significance or animal harm inference
measurement_formal,A,C0,0,Q3_postUA_0p1,Q3_postmean_0p1,PN-CP-SUP,-2.124907391190979e-06,0.0,-4.249814782381962e-05,lower,lower,within-protocol descriptive saved-state comparison; no formal tail significance or animal harm inference
measurement_formal,A,C0,0,Q3_postUA_0p1,Q3_postmean_0p1,PN-CA-ABS,-3.7984683849660693e-06,0.0,-7.596936769932138e-05,lower,lower,within-protocol descriptive saved-state comparison; no formal tail significance or animal harm inference
measurement_formal,A,C0,0,Q3_postUA_0p1,Q3_postmean_0p1,PN-P-ABS,-2.0304880636007915e-06,0.0,-4.0609761272015834e-05,lower,lower,within-protocol descriptive saved-state comparison; no formal tail significance or animal harm inference
measurement_formal,A,C0,0,Q3_postUA_0p1,Q3_postmean_0p1,PN-T1,-5.887150850397637e-06,0.0,-0.00011774301700795273,lower,lower,within-protocol descriptive saved-state comparison; no formal tail significance or animal harm inference
measurement_formal,A,C0,0,Q3_postUA_0p1,Q3_postmean_0p1,PN-T2,0.0,0.0,0.0,equal,equal,within-protocol descriptive saved-state comparison; no formal tail significance or animal harm inference
measurement_formal,A,C0,0,Q3_postUA_0p1,Q3_postmean_0p1,PN-T3,-9.293812323929895e-07,0.0,-1.858762464785978e-05,lower,lower,within-protocol descriptive saved-state comparison; no formal tail significance or animal harm inference
measurement_formal,A,C0,0,Q3_postUA_0p1,Q3_postmean_0p1,PN-T4,0.0,0.0,0.0,equal,equal,within-protocol descriptive saved-state comparison; no formal tail significance or animal harm inference
measurement_formal,A,C0,0,Q3_postUA_0p1,Q3_postmean_0p1,PN-T5,-6.072631672467858e-06,0.0,-0.00012145263344935718,lower,lower,within-protocol descriptive saved-state comparison; no formal tail significance or animal harm inference
measurement_formal,A,C0,0,Q3_postmean_0p1,Q3_raw_noise_0p1,PN-NEL-FIXEDDMI,-6.790359671566301e-06,0.0,-0.00013576645127329635,lower,lower,within-protocol descriptive saved-state comparison; no formal tail significance or animal harm inference
measurement_formal,A,C0,0,Q3_postmean_0p1,Q3_raw_noise_0p1,PN-CP-SUP,1.7365299664080876e-06,0.0,3.4730599328161766e-05,higher,higher,within-protocol descriptive saved-state comparison; no formal tail significance or animal harm inference
measurement_formal,A,C0,0,Q3_postmean_0p1,Q3_raw_noise_0p1,PN-CA-ABS,1.2135521609353e-06,0.0,2.427104321870599e-05,higher,higher,within-protocol descriptive saved-state comparison; no formal tail significance or animal harm inference
measurement_formal,A,C0,0,Q3_postmean_0p1,Q3_raw_noise_0p1,PN-P-ABS,1.2508154785560775e-06,0.0,2.5016309571121537e-05,higher,higher,within-protocol descriptive saved-state comparison; no formal tail significance or animal harm inference
measurement_formal,A,C0,0,Q3_postmean_0p1,Q3_raw_noise_0p1,PN-T1,2.2726422171390313e-06,0.0,4.5452844342780613e-05,higher,higher,within-protocol descriptive saved-state comparison; no formal tail significance or animal harm inference
measurement_formal,A,C0,0,Q3_postmean_0p1,Q3_raw_noise_0p1,PN-T2,0.0,0.0,0.0,equal,equal,within-protocol descriptive saved-state comparison; no formal tail significance or animal harm inference
measurement_formal,A,C0,0,Q3_postmean_0p1,Q3_raw_noise_0p1,PN-T3,0.0,0.0,0.0,equal,equal,within-protocol descriptive saved-state comparison; no formal tail significance or animal harm inference
measurement_formal,A,C0,0,Q3_postmean_0p1,Q3_raw_noise_0p1,PN-T4,0.0,0.0,0.0,equal,equal,within-protocol descriptive saved-state comparison; no formal tail significance or animal harm inference
measurement_formal,A,C0,0,Q3_postmean_0p1,Q3_raw_noise_0p1,PN-T5,5.891355853912572e-06,0.0,0.00011782711707825143,higher,higher,within-protocol descriptive saved-state comparison; no formal tail significance or animal harm inference
measurement_formal,A,C0,0,Q2_postUA_0p1,Q3_postUA_0p1,PN-NEL-FIXEDDMI,-2.9734333571478853e-05,0.0,-0.0005934999456615403,lower,lower,within-protocol descriptive saved-state comparison; no formal tail significance or animal harm inference
measurement_formal,A,C0,0,Q2_postUA_0p1,Q3_postUA_0p1,PN-CP-SUP,1.886262875572014e-05,0.0,0.0003772525751144028,higher,higher,within-protocol descriptive saved-state comparison; no formal tail significance or animal harm inference
measurement_formal,A,C0,0,Q2_postUA_0p1,Q3_postUA_0p1,PN-CA-ABS,-1.9192472261785706e-07,0.0,-3.838494452357141e-06,lower,lower,within-protocol descriptive saved-state comparison; no formal tail significance or animal harm inference
measurement_formal,A,C0,0,Q2_postUA_0p1,Q3_postUA_0p1,PN-P-ABS,2.2466006787562142e-05,0.0,0.00044932013575124294,higher,higher,within-protocol descriptive saved-state comparison; no formal tail significance or animal harm inference
measurement_formal,A,C0,0,Q2_postUA_0p1,Q3_postUA_0p1,PN-T1,-3.974004024243373e-06,0.0,-7.948008048486746e-05,lower,lower,within-protocol descriptive saved-state comparison; no formal tail significance or animal harm inference
measurement_formal,A,C0,0,Q2_postUA_0p1,Q3_postUA_0p1,PN-T2,0.0,0.0,0.0,equal,equal,within-protocol descriptive saved-state comparison; no formal tail significance or animal harm inference
measurement_formal,A,C0,0,Q2_postUA_0p1,Q3_postUA_0p1,PN-T3,-1.9251956247818076e-06,0.0,-3.850391249563616e-05,lower,lower,within-protocol descriptive saved-state comparison; no formal tail significance or animal harm inference
measurement_formal,A,C0,0,Q2_postUA_0p1,Q3_postUA_0p1,PN-T4,0.0,0.0,0.0,equal,equal,within-protocol descriptive saved-state comparison; no formal tail significance or animal harm inference
measurement_formal,A,C0,0,Q2_postUA_0p1,Q3_postUA_0p1,PN-T5,-8.136728761910188e-06,0.0,-0.00016273457523820374,lower,lower,within-protocol descriptive saved-state comparison; no formal tail significance or animal harm inference
measurement_formal,A,C0,0,Q3_postUA_0p5,Q3_raw_noise_0p5,PN-NEL-FIXEDDMI,8.073911207612673e-05,0.0,0.0016142978068500779,higher,higher,within-protocol descriptive saved-state comparison; no formal tail significance or animal harm inference
measurement_formal,A,C0,0,Q3_postUA_0p5,Q3_raw_noise_0p5,PN-CP-SUP,-8.17555287030262e-05,0.0,-0.001635110574060524,lower,lower,within-protocol descriptive saved-state comparison; no formal tail significance or animal harm inference
measurement_formal,A,C0,0,Q3_postUA_0p5,Q3_raw_noise_0p5,PN-CA-ABS,-0.00018996219418121845,0.0,-0.0037992438836243693,lower,lower,within-protocol descriptive saved-state comparison; no formal tail significance or animal harm inference
measurement_formal,A,C0,0,Q3_postUA_0p5,Q3_raw_noise_0p5,PN-P-ABS,-0.00018510886706071266,0.0,-0.0037021773412142535,lower,lower,within-protocol descriptive saved-state comparison; no formal tail significance or animal harm inference
measurement_formal,A,C0,0,Q3_postUA_0p5,Q3_raw_noise_0p5,PN-T1,-9.026099953895813e-05,0.0,-0.001805219990779162,lower,lower,within-protocol descriptive saved-state comparison; no formal tail significance or animal harm inference
measurement_formal,A,C0,0,Q3_postUA_0p5,Q3_raw_noise_0p5,PN-T2,0.0,0.0,0.0,equal,equal,within-protocol descriptive saved-state comparison; no formal tail significance or animal harm inference
measurement_formal,A,C0,0,Q3_postUA_0p5,Q3_raw_noise_0p5,PN-T3,-9.021444568008305e-05,0.0,-0.0018042889136016611,lower,lower,within-protocol descriptive saved-state comparison; no formal tail significance or animal harm inference
measurement_formal,A,C0,0,Q3_postUA_0p5,Q3_raw_noise_0p5,PN-T4,-5.047993109039139e-07,0.0,-1.009598621807828e-05,lower,lower,within-protocol descriptive saved-state comparison; no formal tail significance or animal harm inference
measurement_formal,A,C0,0,Q3_postUA_0p5,Q3_raw_noise_0p5,PN-T5,-0.0004169529917127482,0.0,-0.008339059834254965,lower,lower,within-protocol descriptive saved-state comparison; no formal tail significance or animal harm inference
measurement_formal,A,C0,0,Q3_postUA_0p5,Q3_postmean_0p5,PN-NEL-FIXEDDMI,0.00018271770814261984,0.0,0.0036532578566035407,higher,higher,within-protocol descriptive saved-state comparison; no formal tail significance or animal harm inference
measurement_formal,A,C0,0,Q3_postUA_0p5,Q3_postmean_0p5,PN-CP-SUP,-0.00016464272417479825,0.0,-0.003292854483495965,lower,lower,within-protocol descriptive saved-state comparison; no formal tail significance or animal harm inference
measurement_formal,A,C0,0,Q3_postUA_0p5,Q3_postmean_0p5,PN-CA-ABS,-0.000627960777561748,0.0,-0.012559215551234959,lower,lower,within-protocol descriptive saved-state comparison; no formal tail significance or animal harm inference
measurement_formal,A,C0,0,Q3_postUA_0p5,Q3_postmean_0p5,PN-P-ABS,-0.0004334944095475674,0.0,-0.008669888190951347,lower,lower,within-protocol descriptive saved-state comparison; no formal tail significance or animal harm inference
measurement_formal,A,C0,0,Q3_postUA_0p5,Q3_postmean_0p5,PN-T1,-0.00023416552350242846,0.0,-0.004683310470048569,lower,lower,within-protocol descriptive saved-state comparison; no formal tail significance or animal harm inference
measurement_formal,A,C0,0,Q3_postUA_0p5,Q3_postmean_0p5,PN-T2,0.0,0.0,0.0,equal,equal,within-protocol descriptive saved-state comparison; no formal tail significance or animal harm inference
measurement_formal,A,C0,0,Q3_postUA_0p5,Q3_postmean_0p5,PN-T3,-0.00023749416080831636,0.0,-0.004749883216166325,lower,lower,within-protocol descriptive saved-state comparison; no formal tail significance or animal harm inference
measurement_formal,A,C0,0,Q3_postUA_0p5,Q3_postmean_0p5,PN-T4,0.0,0.0,0.0,equal,equal,within-protocol descriptive saved-state comparison; no formal tail significance or animal harm inference
measurement_formal,A,C0,0,Q3_postUA_0p5,Q3_postmean_0p5,PN-T5,-0.0007505540504233945,0.0,-0.015011081008467887,lower,lower,within-protocol descriptive saved-state comparison; no formal tail significance or animal harm inference
measurement_formal,A,C0,0,Q3_postmean_0p5,Q3_raw_noise_0p5,PN-NEL-FIXEDDMI,-0.00010197859606649311,0.0,-0.002038960049753463,lower,lower,within-protocol descriptive saved-state comparison; no formal tail significance or animal harm inference
measurement_formal,A,C0,0,Q3_postmean_0p5,Q3_raw_noise_0p5,PN-CP-SUP,8.288719547177205e-05,0.0,0.0016577439094354412,higher,higher,within-protocol descriptive saved-state comparison; no formal tail significance or animal harm inference
measurement_formal,A,C0,0,Q3_postmean_0p5,Q3_raw_noise_0p5,PN-CA-ABS,0.0004379985833805295,0.0,0.00875997166761059,higher,higher,within-protocol descriptive saved-state comparison; no formal tail significance or animal harm inference
measurement_formal,A,C0,0,Q3_postmean_0p5,Q3_raw_noise_0p5,PN-P-ABS,0.0002483855424868547,0.0,0.004967710849737093,higher,higher,within-protocol descriptive saved-state comparison; no formal tail significance or animal harm inference
measurement_formal,A,C0,0,Q3_postmean_0p5,Q3_raw_noise_0p5,PN-T1,0.00014390452396347033,0.0,0.0028780904792694074,higher,higher,within-protocol descriptive saved-state comparison; no formal tail significance or animal harm inference
measurement_formal,A,C0,0,Q3_postmean_0p5,Q3_raw_noise_0p5,PN-T2,0.0,0.0,0.0,equal,equal,within-protocol descriptive saved-state comparison; no formal tail significance or animal harm inference
measurement_formal,A,C0,0,Q3_postmean_0p5,Q3_raw_noise_0p5,PN-T3,0.0001472797151282333,0.0,0.0029455943025646645,higher,higher,within-protocol descriptive saved-state comparison; no formal tail significance or animal harm inference
measurement_formal,A,C0,0,Q3_postmean_0p5,Q3_raw_noise_0p5,PN-T4,-5.047993109039139e-07,0.0,-1.009598621807828e-05,lower,lower,within-protocol descriptive saved-state comparison; no formal tail significance or animal harm inference
measurement_formal,A,C0,0,Q3_postmean_0p5,Q3_raw_noise_0p5,PN-T5,0.00033360105871064626,0.0,0.006672021174212922,higher,higher,within-protocol descriptive saved-state comparison; no formal tail significance or animal harm inference
measurement_formal,A,C0,0,Q2_postUA_0p5,Q3_postUA_0p5,PN-NEL-FIXEDDMI,-5.478754878635397e-05,0.0,-0.0010954222504343594,lower,lower,within-protocol descriptive saved-state comparison; no formal tail significance or animal harm inference
measurement_formal,A,C0,0,Q2_postUA_0p5,Q3_postUA_0p5,PN-CP-SUP,-5.272189710987919e-06,0.0,-0.0001054437942197583,lower,lower,within-protocol descriptive saved-state comparison; no formal tail significance or animal harm inference
measurement_formal,A,C0,0,Q2_postUA_0p5,Q3_postUA_0p5,PN-CA-ABS,-4.3305446398135964e-06,0.0,-8.661089279627194e-05,lower,lower,within-protocol descriptive saved-state comparison; no formal tail significance or animal harm inference
measurement_formal,A,C0,0,Q2_postUA_0p5,Q3_postUA_0p5,PN-P-ABS,-1.5049418224856735e-06,0.0,-3.0098836449713525e-05,lower,lower,within-protocol descriptive saved-state comparison; no formal tail significance or animal harm inference
measurement_formal,A,C0,0,Q2_postUA_0p5,Q3_postUA_0p5,PN-T1,2.6333842963511975e-07,0.0,5.266768592701934e-06,higher,higher,within-protocol descriptive saved-state comparison; no formal tail significance or animal harm inference
measurement_formal,A,C0,0,Q2_postUA_0p5,Q3_postUA_0p5,PN-T2,0.0,0.0,0.0,equal,equal,within-protocol descriptive saved-state comparison; no formal tail significance or animal harm inference
measurement_formal,A,C0,0,Q2_postUA_0p5,Q3_postUA_0p5,PN-T3,-3.873483130102305e-06,0.0,-7.746966260204608e-05,lower,lower,within-protocol descriptive saved-state comparison; no formal tail significance or animal harm inference
measurement_formal,A,C0,0,Q2_postUA_0p5,Q3_postUA_0p5,PN-T4,0.0,0.0,0.0,equal,equal,within-protocol descriptive saved-state comparison; no formal tail significance or animal harm inference
measurement_formal,A,C0,0,Q2_postUA_0p5,Q3_postUA_0p5,PN-T5,-2.475929924031611e-05,0.0,-0.0004951859848063224,lower,lower,within-protocol descriptive saved-state comparison; no formal tail significance or animal harm inference
measurement_formal,A,C0,0,Q2_ideal_delta,Q3_ideal_delta,PN-NEL-FIXEDDMI,-3.4954026190018623e-05,0.0,-0.0006977461422263292,lower,lower,within-protocol descriptive saved-state comparison; no formal tail significance or animal harm inference
measurement_formal,A,C0,0,Q2_ideal_delta,Q3_ideal_delta,PN-CP-SUP,1.4563499529163415e-05,0.0,0.0002912699905832682,higher,higher,within-protocol descriptive saved-state comparison; no formal tail significance or animal harm inference
measurement_formal,A,C0,0,Q2_ideal_delta,Q3_ideal_delta,PN-CA-ABS,4.327686463176083e-06,0.0,8.655372926352166e-05,higher,higher,within-protocol descriptive saved-state comparison; no formal tail significance or animal harm inference
measurement_formal,A,C0,0,Q2_ideal_delta,Q3_ideal_delta,PN-P-ABS,2.2942479051035082e-05,0.0,0.0004588495810207016,higher,higher,within-protocol descriptive saved-state comparison; no formal tail significance or animal harm inference
measurement_formal,A,C0,0,Q2_ideal_delta,Q3_ideal_delta,PN-T1,-1.094842931368429e-05,0.0,-0.0002189685862736858,lower,lower,within-protocol descriptive saved-state comparison; no formal tail significance or animal harm inference
measurement_formal,A,C0,0,Q2_ideal_delta,Q3_ideal_delta,PN-T2,0.0,0.0,0.0,equal,equal,within-protocol descriptive saved-state comparison; no formal tail significance or animal harm inference
measurement_formal,A,C0,0,Q2_ideal_delta,Q3_ideal_delta,PN-T3,-2.1273109208499787e-06,0.0,-4.254621841699958e-05,lower,lower,within-protocol descriptive saved-state comparison; no formal tail significance or animal harm inference
measurement_formal,A,C0,0,Q2_ideal_delta,Q3_ideal_delta,PN-T4,0.0,0.0,0.0,equal,equal,within-protocol descriptive saved-state comparison; no formal tail significance or animal harm inference
measurement_formal,A,C0,0,Q2_ideal_delta,Q3_ideal_delta,PN-T5,-6.189396980677448e-07,0.0,-1.2378793961354841e-05,lower,lower,within-protocol descriptive saved-state comparison; no formal tail significance or animal harm inference
measurement_formal,A,C0,1,Q3_postUA_0p1,Q3_raw_noise_0p1,PN-NEL-FIXEDDMI,9.686203873816363e-06,0.0,0.00019363690164146338,higher,higher,within-protocol descriptive saved-state comparison; no formal tail significance or animal harm inference
measurement_formal,A,C0,1,Q3_postUA_0p1,Q3_raw_noise_0p1,PN-CP-SUP,-2.366964989018984e-06,0.0,-4.733929978037964e-05,lower,lower,within-protocol descriptive saved-state comparison; no formal tail significance or animal harm inference
measurement_formal,A,C0,1,Q3_postUA_0p1,Q3_raw_noise_0p1,PN-CA-ABS,-1.4799818274618558e-06,0.0,-2.9599636549237114e-05,lower,lower,within-protocol descriptive saved-state comparison; no formal tail significance or animal harm inference
measurement_formal,A,C0,1,Q3_postUA_0p1,Q3_raw_noise_0p1,PN-P-ABS,-6.031610117882306e-06,0.0,-0.00012063220235764623,lower,lower,within-protocol descriptive saved-state comparison; no formal tail significance or animal harm inference
measurement_formal,A,C0,1,Q3_postUA_0p1,Q3_raw_noise_0p1,PN-T1,-1.2207647274523138e-06,0.0,-2.4415294549046302e-05,lower,lower,within-protocol descriptive saved-state comparison; no formal tail significance or animal harm inference
measurement_formal,A,C0,1,Q3_postUA_0p1,Q3_raw_noise_0p1,PN-T2,0.0,0.0,0.0,equal,equal,within-protocol descriptive saved-state comparison; no formal tail significance or animal harm inference
measurement_formal,A,C0,1,Q3_postUA_0p1,Q3_raw_noise_0p1,PN-T3,-2.1272405586454676e-06,0.0,-4.254481117290935e-05,lower,lower,within-protocol descriptive saved-state comparison; no formal tail significance or animal harm inference
measurement_formal,A,C0,1,Q3_postUA_0p1,Q3_raw_noise_0p1,PN-T4,0.0,0.0,0.0,equal,equal,within-protocol descriptive saved-state comparison; no formal tail significance or animal harm inference
measurement_formal,A,C0,1,Q3_postUA_0p1,Q3_raw_noise_0p1,PN-T5,-6.90179805316505e-07,0.0,-1.3803596106330045e-05,lower,lower,within-protocol descriptive saved-state comparison; no formal tail significance or animal harm inference
measurement_formal,A,C0,1,Q3_postUA_0p1,Q3_postmean_0p1,PN-NEL-FIXEDDMI,1.0582106356145572e-05,0.0,0.00021154688816570674,higher,higher,within-protocol descriptive saved-state comparison; no formal tail significance or animal harm inference
measurement_formal,A,C0,1,Q3_postUA_0p1,Q3_postmean_0p1,PN-CP-SUP,-1.2797859161724112e-06,0.0,-2.5595718323448197e-05,lower,lower,within-protocol descriptive saved-state comparison; no formal tail significance or animal harm inference
measurement_formal,A,C0,1,Q3_postUA_0p1,Q3_postmean_0p1,PN-CA-ABS,-2.231984533484725e-06,0.0,-4.463969066969448e-05,lower,lower,within-protocol descriptive saved-state comparison; no formal tail significance or animal harm inference
measurement_formal,A,C0,1,Q3_postUA_0p1,Q3_postmean_0p1,PN-P-ABS,-6.781026375371425e-06,0.0,-0.0001356205275074284,lower,lower,within-protocol descriptive saved-state comparison; no formal tail significance or animal harm inference
measurement_formal,A,C0,1,Q3_postUA_0p1,Q3_postmean_0p1,PN-T1,-2.461287220367565e-06,0.0,-4.922574440735126e-05,lower,lower,within-protocol descriptive saved-state comparison; no formal tail significance or animal harm inference
measurement_formal,A,C0,1,Q3_postUA_0p1,Q3_postmean_0p1,PN-T2,0.0,0.0,0.0,equal,equal,within-protocol descriptive saved-state comparison; no formal tail significance or animal harm inference
measurement_formal,A,C0,1,Q3_postUA_0p1,Q3_postmean_0p1,PN-T3,-3.089953730980399e-06,0.0,-6.179907461960796e-05,lower,lower,within-protocol descriptive saved-state comparison; no formal tail significance or animal harm inference
measurement_formal,A,C0,1,Q3_postUA_0p1,Q3_postmean_0p1,PN-T4,0.0,0.0,0.0,equal,equal,within-protocol descriptive saved-state comparison; no formal tail significance or animal harm inference
measurement_formal,A,C0,1,Q3_postUA_0p1,Q3_postmean_0p1,PN-T5,-6.90179805316505e-07,0.0,-1.3803596106330045e-05,lower,lower,within-protocol descriptive saved-state comparison; no formal tail significance or animal harm inference
measurement_formal,A,C0,1,Q3_postmean_0p1,Q3_raw_noise_0p1,PN-NEL-FIXEDDMI,-8.959024823292083e-07,0.0,-1.7909986524243353e-05,lower,lower,within-protocol descriptive saved-state comparison; no formal tail significance or animal harm inference
measurement_formal,A,C0,1,Q3_postmean_0p1,Q3_raw_noise_0p1,PN-CP-SUP,-1.0871790728465728e-06,0.0,-2.1743581456931443e-05,lower,lower,within-protocol descriptive saved-state comparison; no formal tail significance or animal harm inference
measurement_formal,A,C0,1,Q3_postmean_0p1,Q3_raw_noise_0p1,PN-CA-ABS,7.520027060228691e-07,0.0,1.5040054120457368e-05,higher,higher,within-protocol descriptive saved-state comparison; no formal tail significance or animal harm inference
measurement_formal,A,C0,1,Q3_postmean_0p1,Q3_raw_noise_0p1,PN-P-ABS,7.494162574891191e-07,0.0,1.4988325149782166e-05,higher,higher,within-protocol descriptive saved-state comparison; no formal tail significance or animal harm inference
measurement_formal,A,C0,1,Q3_postmean_0p1,Q3_raw_noise_0p1,PN-T1,1.2405224929152514e-06,0.0,2.481044985830496e-05,higher,higher,within-protocol descriptive saved-state comparison; no formal tail significance or animal harm inference
measurement_formal,A,C0,1,Q3_postmean_0p1,Q3_raw_noise_0p1,PN-T2,0.0,0.0,0.0,equal,equal,within-protocol descriptive saved-state comparison; no formal tail significance or animal harm inference
measurement_formal,A,C0,1,Q3_postmean_0p1,Q3_raw_noise_0p1,PN-T3,9.627131723349313e-07,0.0,1.925426344669861e-05,higher,higher,within-protocol descriptive saved-state comparison; no formal tail significance or animal harm inference
measurement_formal,A,C0,1,Q3_postmean_0p1,Q3_raw_noise_0p1,PN-T4,0.0,0.0,0.0,equal,equal,within-protocol descriptive saved-state comparison; no formal tail significance or animal harm inference
measurement_formal,A,C0,1,Q3_postmean_0p1,Q3_raw_noise_0p1,PN-T5,0.0,0.0,0.0,equal,equal,within-protocol descriptive saved-state comparison; no formal tail significance or animal harm inference
measurement_formal,A,C0,1,Q2_postUA_0p1,Q3_postUA_0p1,PN-NEL-FIXEDDMI,-4.3764888318429865e-05,0.0,-0.0008731036809299063,lower,lower,within-protocol descriptive saved-state comparison; no formal tail significance or animal harm inference
measurement_formal,A,C0,1,Q2_postUA_0p1,Q3_postUA_0p1,PN-CP-SUP,1.9676049525866385e-05,0.0,0.00039352099051732757,higher,higher,within-protocol descriptive saved-state comparison; no formal tail significance or animal harm inference
measurement_formal,A,C0,1,Q2_postUA_0p1,Q3_postUA_0p1,PN-CA-ABS,2.5072496907593396e-06,0.0,5.014499381518679e-05,higher,higher,within-protocol descriptive saved-state comparison; no formal tail significance or animal harm inference
measurement_formal,A,C0,1,Q2_postUA_0p1,Q3_postUA_0p1,PN-P-ABS,1.2164021317914699e-05,0.0,0.00024328042635829406,higher,higher,within-protocol descriptive saved-state comparison; no formal tail significance or animal harm inference
measurement_formal,A,C0,1,Q2_postUA_0p1,Q3_postUA_0p1,PN-T1,-9.751336335868851e-06,0.0,-0.00019502672671737698,lower,lower,within-protocol descriptive saved-state comparison; no formal tail significance or animal harm inference
measurement_formal,A,C0,1,Q2_postUA_0p1,Q3_postUA_0p1,PN-T2,0.0,0.0,0.0,equal,equal,within-protocol descriptive saved-state comparison; no formal tail significance or animal harm inference
measurement_formal,A,C0,1,Q2_postUA_0p1,Q3_postUA_0p1,PN-T3,-1.6779199731344171e-06,0.0,-3.3558399462688343e-05,lower,lower,within-protocol descriptive saved-state comparison; no formal tail significance or animal harm inference
measurement_formal,A,C0,1,Q2_postUA_0p1,Q3_postUA_0p1,PN-T4,0.0,0.0,0.0,equal,equal,within-protocol descriptive saved-state comparison; no formal tail significance or animal harm inference
measurement_formal,A,C0,1,Q2_postUA_0p1,Q3_postUA_0p1,PN-T5,-1.2811461289197527e-05,0.0,-0.00025622922578395063,lower,lower,within-protocol descriptive saved-state comparison; no formal tail significance or animal harm inference
measurement_formal,A,C0,1,Q3_postUA_0p5,Q3_raw_noise_0p5,PN-NEL-FIXEDDMI,7.072562048368331e-05,0.0,0.0014138758790893137,higher,higher,within-protocol descriptive saved-state comparison; no formal tail significance or animal harm inference
measurement_formal,A,C0,1,Q3_postUA_0p5,Q3_raw_noise_0p5,PN-CP-SUP,-0.00010259289037599725,0.0,-0.0020518578075199453,lower,lower,within-protocol descriptive saved-state comparison; no formal tail significance or animal harm inference
measurement_formal,A,C0,1,Q3_postUA_0p5,Q3_raw_noise_0p5,PN-CA-ABS,-0.00013569713517507206,0.0,-0.0027139427035014407,lower,lower,within-protocol descriptive saved-state comparison; no formal tail significance or animal harm inference
measurement_formal,A,C0,1,Q3_postUA_0p5,Q3_raw_noise_0p5,PN-P-ABS,-0.00028410092742497907,0.0,-0.005682018548499581,lower,lower,within-protocol descriptive saved-state comparison; no formal tail significance or animal harm inference
measurement_formal,A,C0,1,Q3_postUA_0p5,Q3_raw_noise_0p5,PN-T1,-4.231344200416005e-05,0.0,-0.0008462688400832012,lower,lower,within-protocol descriptive saved-state comparison; no formal tail significance or animal harm inference
measurement_formal,A,C0,1,Q3_postUA_0p5,Q3_raw_noise_0p5,PN-T2,-6.628225777842389e-07,0.0,-1.3256451555684778e-05,lower,lower,within-protocol descriptive saved-state comparison; no formal tail significance or animal harm inference
measurement_formal,A,C0,1,Q3_postUA_0p5,Q3_raw_noise_0p5,PN-T3,-9.47886143056591e-05,0.0,-0.001895772286113182,lower,lower,within-protocol descriptive saved-state comparison; no formal tail significance or animal harm inference
measurement_formal,A,C0,1,Q3_postUA_0p5,Q3_raw_noise_0p5,PN-T4,0.0,0.0,0.0,equal,equal,within-protocol descriptive saved-state comparison; no formal tail significance or animal harm inference
measurement_formal,A,C0,1,Q3_postUA_0p5,Q3_raw_noise_0p5,PN-T5,-0.0002855668724270956,0.0,-0.005711337448541911,lower,lower,within-protocol descriptive saved-state comparison; no formal tail significance or animal harm inference
measurement_formal,A,C0,1,Q3_postUA_0p5,Q3_postmean_0p5,PN-NEL-FIXEDDMI,0.0001827177216418783,0.0,0.0036527099733427897,higher,higher,within-protocol descriptive saved-state comparison; no formal tail significance or animal harm inference
measurement_formal,A,C0,1,Q3_postUA_0p5,Q3_postmean_0p5,PN-CP-SUP,-0.00018270454065933024,0.0,-0.003654090813186604,lower,lower,within-protocol descriptive saved-state comparison; no formal tail significance or animal harm inference
measurement_formal,A,C0,1,Q3_postUA_0p5,Q3_postmean_0p5,PN-CA-ABS,-0.0005412320580972192,0.0,-0.010824641161944384,lower,lower,within-protocol descriptive saved-state comparison; no formal tail significance or animal harm inference
measurement_formal,A,C0,1,Q3_postUA_0p5,Q3_postmean_0p5,PN-P-ABS,-0.0005234139851746166,0.0,-0.010468279703492334,lower,lower,within-protocol descriptive saved-state comparison; no formal tail significance or animal harm inference
measurement_formal,A,C0,1,Q3_postUA_0p5,Q3_postmean_0p5,PN-T1,-0.00024295867127189694,0.0,-0.00485917342543794,lower,lower,within-protocol descriptive saved-state comparison; no formal tail significance or animal harm inference
measurement_formal,A,C0,1,Q3_postUA_0p5,Q3_postmean_0p5,PN-T2,-3.427453211650705e-06,0.0,-6.85490642330141e-05,lower,lower,within-protocol descriptive saved-state comparison; no formal tail significance or animal harm inference
measurement_formal,A,C0,1,Q3_postUA_0p5,Q3_postmean_0p5,PN-T3,-0.00026772455744678274,0.0,-0.005354491148935655,lower,lower,within-protocol descriptive saved-state comparison; no formal tail significance or animal harm inference
measurement_formal,A,C0,1,Q3_postUA_0p5,Q3_postmean_0p5,PN-T4,0.0,0.0,0.0,equal,equal,within-protocol descriptive saved-state comparison; no formal tail significance or animal harm inference
measurement_formal,A,C0,1,Q3_postUA_0p5,Q3_postmean_0p5,PN-T5,-0.0007761755354372862,0.0,-0.015523510708745728,lower,lower,within-protocol descriptive saved-state comparison; no formal tail significance or animal harm inference
measurement_formal,A,C0,1,Q3_postmean_0p5,Q3_raw_noise_0p5,PN-NEL-FIXEDDMI,-0.00011199210115819499,0.0,-0.002238834094253476,lower,lower,within-protocol descriptive saved-state comparison; no formal tail significance or animal harm inference
measurement_formal,A,C0,1,Q3_postmean_0p5,Q3_raw_noise_0p5,PN-CP-SUP,8.011165028333299e-05,0.0,0.0016022330056666588,higher,higher,within-protocol descriptive saved-state comparison; no formal tail significance or animal harm inference
measurement_formal,A,C0,1,Q3_postmean_0p5,Q3_raw_noise_0p5,PN-CA-ABS,0.0004055349229221471,0.0,0.008110698458442943,higher,higher,within-protocol descriptive saved-state comparison; no formal tail significance or animal harm inference
measurement_formal,A,C0,1,Q3_postmean_0p5,Q3_raw_noise_0p5,PN-P-ABS,0.00023931305774963754,0.0,0.004786261154992753,higher,higher,within-protocol descriptive saved-state comparison; no formal tail significance or animal harm inference
measurement_formal,A,C0,1,Q3_postmean_0p5,Q3_raw_noise_0p5,PN-T1,0.00020064522926773688,0.0,0.004012904585354738,higher,higher,within-protocol descriptive saved-state comparison; no formal tail significance or animal harm inference
measurement_formal,A,C0,1,Q3_postmean_0p5,Q3_raw_noise_0p5,PN-T2,2.7646306338664662e-06,0.0,5.529261267732932e-05,higher,higher,within-protocol descriptive saved-state comparison; no formal tail significance or animal harm inference
measurement_formal,A,C0,1,Q3_postmean_0p5,Q3_raw_noise_0p5,PN-T3,0.00017293594314112367,0.0,0.0034587188628224727,higher,higher,within-protocol descriptive saved-state comparison; no formal tail significance or animal harm inference
measurement_formal,A,C0,1,Q3_postmean_0p5,Q3_raw_noise_0p5,PN-T4,0.0,0.0,0.0,equal,equal,within-protocol descriptive saved-state comparison; no formal tail significance or animal harm inference
measurement_formal,A,C0,1,Q3_postmean_0p5,Q3_raw_noise_0p5,PN-T5,0.0004906086630101906,0.0,0.009812173260203817,higher,higher,within-protocol descriptive saved-state comparison; no formal tail significance or animal harm inference
measurement_formal,A,C0,1,Q2_postUA_0p5,Q3_postUA_0p5,PN-NEL-FIXEDDMI,-5.3965086981382874e-05,0.0,-0.0010788160538448242,lower,lower,within-protocol descriptive saved-state comparison; no formal tail significance or animal harm inference
measurement_formal,A,C0,1,Q2_postUA_0p5,Q3_postUA_0p5,PN-CP-SUP,-1.0574572974024228e-05,0.0,-0.00021149145948048443,lower,lower,within-protocol descriptive saved-state comparison; no formal tail significance or animal harm inference
measurement_formal,A,C0,1,Q2_postUA_0p5,Q3_postUA_0p5,PN-CA-ABS,-4.7545772491882625e-06,0.0,-9.509154498376531e-05,lower,lower,within-protocol descriptive saved-state comparison; no formal tail significance or animal harm inference
measurement_formal,A,C0,1,Q2_postUA_0p5,Q3_postUA_0p5,PN-P-ABS,-2.255623516325741e-05,0.0,-0.0004511247032651484,lower,lower,within-protocol descriptive saved-state comparison; no formal tail significance or animal harm inference
measurement_formal,A,C0,1,Q2_postUA_0p5,Q3_postUA_0p5,PN-T1,-3.3234621457061654e-05,0.0,-0.0006646924291412333,lower,lower,within-protocol descriptive saved-state comparison; no formal tail significance or animal harm inference
measurement_formal,A,C0,1,Q2_postUA_0p5,Q3_postUA_0p5,PN-T2,0.0,0.0,0.0,equal,equal,within-protocol descriptive saved-state comparison; no formal tail significance or animal harm inference
measurement_formal,A,C0,1,Q2_postUA_0p5,Q3_postUA_0p5,PN-T3,-8.619503820706595e-06,0.0,-0.00017239007641413188,lower,lower,within-protocol descriptive saved-state comparison; no formal tail significance or animal harm inference
measurement_formal,A,C0,1,Q2_postUA_0p5,Q3_postUA_0p5,PN-T4,0.0,0.0,0.0,equal,equal,within-protocol descriptive saved-state comparison; no formal tail significance or animal harm inference
measurement_formal,A,C0,1,Q2_postUA_0p5,Q3_postUA_0p5,PN-T5,3.1090433332051173e-06,0.0,6.218086666410239e-05,higher,higher,within-protocol descriptive saved-state comparison; no formal tail significance or animal harm inference
measurement_formal,A,C0,1,Q2_ideal_delta,Q3_ideal_delta,PN-NEL-FIXEDDMI,-4.118372053586101e-05,0.0,-0.0008215947712662099,lower,lower,within-protocol descriptive saved-state comparison; no formal tail significance or animal harm inference
measurement_formal,A,C0,1,Q2_ideal_delta,Q3_ideal_delta,PN-CP-SUP,1.4212769297781005e-05,0.0,0.00028425538595562,higher,higher,within-protocol descriptive saved-state comparison; no formal tail significance or animal harm inference
measurement_formal,A,C0,1,Q2_ideal_delta,Q3_ideal_delta,PN-CA-ABS,2.1983855017979205e-06,0.0,4.39677100359584e-05,higher,higher,within-protocol descriptive saved-state comparison; no formal tail significance or animal harm inference
measurement_formal,A,C0,1,Q2_ideal_delta,Q3_ideal_delta,PN-P-ABS,-2.706687213851557e-06,0.0,-5.413374427703111e-05,lower,lower,within-protocol descriptive saved-state comparison; no formal tail significance or animal harm inference
measurement_formal,A,C0,1,Q2_ideal_delta,Q3_ideal_delta,PN-T1,-9.419683851539489e-06,0.0,-0.00018839367703078974,lower,lower,within-protocol descriptive saved-state comparison; no formal tail significance or animal harm inference
measurement_formal,A,C0,1,Q2_ideal_delta,Q3_ideal_delta,PN-T2,0.0,0.0,0.0,equal,equal,within-protocol descriptive saved-state comparison; no formal tail significance or animal harm inference
measurement_formal,A,C0,1,Q2_ideal_delta,Q3_ideal_delta,PN-T3,-1.7536694625243663e-06,0.0,-3.5073389250487326e-05,lower,lower,within-protocol descriptive saved-state comparison; no formal tail significance or animal harm inference
measurement_formal,A,C0,1,Q2_ideal_delta,Q3_ideal_delta,PN-T4,0.0,0.0,0.0,equal,equal,within-protocol descriptive saved-state comparison; no formal tail significance or animal harm inference
measurement_formal,A,C0,1,Q2_ideal_delta,Q3_ideal_delta,PN-T5,4.545678125688118e-06,0.0,9.091356251376243e-05,higher,higher,within-protocol descriptive saved-state comparison; no formal tail significance or animal harm inference
measurement_formal,A,C0,2,Q3_postUA_0p1,Q3_raw_noise_0p1,PN-NEL-FIXEDDMI,4.327210540193204e-06,0.0,8.652257475116366e-05,higher,higher,within-protocol descriptive saved-state comparison; no formal tail significance or animal harm inference
measurement_formal,A,C0,2,Q3_postUA_0p1,Q3_raw_noise_0p1,PN-CP-SUP,-1.9272765851246776e-06,0.0,-3.854553170249355e-05,lower,lower,within-protocol descriptive saved-state comparison; no formal tail significance or animal harm inference
measurement_formal,A,C0,2,Q3_postUA_0p1,Q3_raw_noise_0p1,PN-CA-ABS,-1.7301875764423428e-06,0.0,-3.460375152884685e-05,lower,lower,within-protocol descriptive saved-state comparison; no formal tail significance or animal harm inference
measurement_formal,A,C0,2,Q3_postUA_0p1,Q3_raw_noise_0p1,PN-P-ABS,-5.3534161733617106e-06,0.0,-0.0001070683234672341,lower,lower,within-protocol descriptive saved-state comparison; no formal tail significance or animal harm inference
measurement_formal,A,C0,2,Q3_postUA_0p1,Q3_raw_noise_0p1,PN-T1,-8.635818892064782e-07,0.0,-1.7271637784129564e-05,lower,lower,within-protocol descriptive saved-state comparison; no formal tail significance or animal harm inference
measurement_formal,A,C0,2,Q3_postUA_0p1,Q3_raw_noise_0p1,PN-T2,0.0,0.0,0.0,equal,equal,within-protocol descriptive saved-state comparison; no formal tail significance or animal harm inference
measurement_formal,A,C0,2,Q3_postUA_0p1,Q3_raw_noise_0p1,PN-T3,-5.385123789918253e-07,0.0,-1.0770247579836505e-05,lower,lower,within-protocol descriptive saved-state comparison; no formal tail significance or animal harm inference
measurement_formal,A,C0,2,Q3_postUA_0p1,Q3_raw_noise_0p1,PN-T4,0.0,0.0,0.0,equal,equal,within-protocol descriptive saved-state comparison; no formal tail significance or animal harm inference
measurement_formal,A,C0,2,Q3_postUA_0p1,Q3_raw_noise_0p1,PN-T5,-7.762565547699666e-06,0.0,-0.0001552513109539932,lower,lower,within-protocol descriptive saved-state comparison; no formal tail significance or animal harm inference
measurement_formal,A,C0,2,Q3_postUA_0p1,Q3_postmean_0p1,PN-NEL-FIXEDDMI,6.9875210882416135e-06,0.0,0.00013971548415939172,higher,higher,within-protocol descriptive saved-state comparison; no formal tail significance or animal harm inference
measurement_formal,A,C0,2,Q3_postUA_0p1,Q3_postmean_0p1,PN-CP-SUP,-6.767898498935325e-07,0.0,-1.3535796997870653e-05,lower,lower,within-protocol descriptive saved-state comparison; no formal tail significance or animal harm inference
measurement_formal,A,C0,2,Q3_postUA_0p1,Q3_postmean_0p1,PN-CA-ABS,-1.8842201233483892e-06,0.0,-3.7684402466967793e-05,lower,lower,within-protocol descriptive saved-state comparison; no formal tail significance or animal harm inference
measurement_formal,A,C0,2,Q3_postUA_0p1,Q3_postmean_0p1,PN-P-ABS,-6.077591230152777e-06,0.0,-0.00012155182460305545,lower,lower,within-protocol descriptive saved-state comparison; no formal tail significance or animal harm inference
measurement_formal,A,C0,2,Q3_postUA_0p1,Q3_postmean_0p1,PN-T1,-1.086623912952311e-06,0.0,-2.1732478259046083e-05,lower,lower,within-protocol descriptive saved-state comparison; no formal tail significance or animal harm inference
measurement_formal,A,C0,2,Q3_postUA_0p1,Q3_postmean_0p1,PN-T2,0.0,0.0,0.0,equal,equal,within-protocol descriptive saved-state comparison; no formal tail significance or animal harm inference
measurement_formal,A,C0,2,Q3_postUA_0p1,Q3_postmean_0p1,PN-T3,-1.975480788199204e-06,0.0,-3.950961576398408e-05,lower,lower,within-protocol descriptive saved-state comparison; no formal tail significance or animal harm inference
measurement_formal,A,C0,2,Q3_postUA_0p1,Q3_postmean_0p1,PN-T4,0.0,0.0,0.0,equal,equal,within-protocol descriptive saved-state comparison; no formal tail significance or animal harm inference
measurement_formal,A,C0,2,Q3_postUA_0p1,Q3_postmean_0p1,PN-T5,-9.874471196260562e-06,0.0,-0.0001974894239252112,lower,lower,within-protocol descriptive saved-state comparison; no formal tail significance or animal harm inference
measurement_formal,A,C0,2,Q3_postmean_0p1,Q3_raw_noise_0p1,PN-NEL-FIXEDDMI,-2.660310548048409e-06,0.0,-5.319290940822806e-05,lower,lower,within-protocol descriptive saved-state comparison; no formal tail significance or animal harm inference
measurement_formal,A,C0,2,Q3_postmean_0p1,Q3_raw_noise_0p1,PN-CP-SUP,-1.2504867352311451e-06,0.0,-2.5009734704622895e-05,lower,lower,within-protocol descriptive saved-state comparison; no formal tail significance or animal harm inference
measurement_formal,A,C0,2,Q3_postmean_0p1,Q3_raw_noise_0p1,PN-CA-ABS,1.540325469060464e-07,0.0,3.080650938120935e-06,higher,higher,within-protocol descriptive saved-state comparison; no formal tail significance or animal harm inference
measurement_formal,A,C0,2,Q3_postmean_0p1,Q3_raw_noise_0p1,PN-P-ABS,7.24175056791066e-07,0.0,1.4483501135821347e-05,higher,higher,within-protocol descriptive saved-state comparison; no formal tail significance or animal harm inference
measurement_formal,A,C0,2,Q3_postmean_0p1,Q3_raw_noise_0p1,PN-T1,2.2304202374583273e-07,0.0,4.460840474916519e-06,higher,higher,within-protocol descriptive saved-state comparison; no formal tail significance or animal harm inference
measurement_formal,A,C0,2,Q3_postmean_0p1,Q3_raw_noise_0p1,PN-T2,0.0,0.0,0.0,equal,equal,within-protocol descriptive saved-state comparison; no formal tail significance or animal harm inference
measurement_formal,A,C0,2,Q3_postmean_0p1,Q3_raw_noise_0p1,PN-T3,1.4369684092073787e-06,0.0,2.873936818414757e-05,higher,higher,within-protocol descriptive saved-state comparison; no formal tail significance or animal harm inference
measurement_formal,A,C0,2,Q3_postmean_0p1,Q3_raw_noise_0p1,PN-T4,0.0,0.0,0.0,equal,equal,within-protocol descriptive saved-state comparison; no formal tail significance or animal harm inference
measurement_formal,A,C0,2,Q3_postmean_0p1,Q3_raw_noise_0p1,PN-T5,2.111905648560896e-06,0.0,4.223811297121799e-05,higher,higher,within-protocol descriptive saved-state comparison; no formal tail significance or animal harm inference
measurement_formal,A,C0,2,Q2_postUA_0p1,Q3_postUA_0p1,PN-NEL-FIXEDDMI,-5.8695083406335406e-05,0.0,-0.001172937517810412,lower,lower,within-protocol descriptive saved-state comparison; no formal tail significance or animal harm inference
measurement_formal,A,C0,2,Q2_postUA_0p1,Q3_postUA_0p1,PN-CP-SUP,1.1877577671322234e-05,0.0,0.00023755155342644472,higher,higher,within-protocol descriptive saved-state comparison; no formal tail significance or animal harm inference
measurement_formal,A,C0,2,Q2_postUA_0p1,Q3_postUA_0p1,PN-CA-ABS,1.2052986386436073e-05,0.0,0.00024105972772872142,higher,higher,within-protocol descriptive saved-state comparison; no formal tail significance or animal harm inference
measurement_formal,A,C0,2,Q2_postUA_0p1,Q3_postUA_0p1,PN-P-ABS,-1.3248318539488114e-06,0.0,-2.6496637078976364e-05,lower,lower,within-protocol descriptive saved-state comparison; no formal tail significance or animal harm inference
measurement_formal,A,C0,2,Q2_postUA_0p1,Q3_postUA_0p1,PN-T1,-1.7586781615481347e-05,0.0,-0.0003517356323096269,lower,lower,within-protocol descriptive saved-state comparison; no formal tail significance or animal harm inference
measurement_formal,A,C0,2,Q2_postUA_0p1,Q3_postUA_0p1,PN-T2,0.0,0.0,0.0,equal,equal,within-protocol descriptive saved-state comparison; no formal tail significance or animal harm inference
measurement_formal,A,C0,2,Q2_postUA_0p1,Q3_postUA_0p1,PN-T3,-3.802639493724481e-07,0.0,-7.605278987448962e-06,lower,lower,within-protocol descriptive saved-state comparison; no formal tail significance or animal harm inference
measurement_formal,A,C0,2,Q2_postUA_0p1,Q3_postUA_0p1,PN-T4,0.0,0.0,0.0,equal,equal,within-protocol descriptive saved-state comparison; no formal tail significance or animal harm inference
measurement_formal,A,C0,2,Q2_postUA_0p1,Q3_postUA_0p1,PN-T5,-6.485692633025566e-06,0.0,-0.0001297138526605113,lower,lower,within-protocol descriptive saved-state comparison; no formal tail significance or animal harm inference
measurement_formal,A,C0,2,Q3_postUA_0p5,Q3_raw_noise_0p5,PN-NEL-FIXEDDMI,7.242561703116915e-05,0.0,0.0014481502125382288,higher,higher,within-protocol descriptive saved-state comparison; no formal tail significance or animal harm inference
measurement_formal,A,C0,2,Q3_postUA_0p5,Q3_raw_noise_0p5,PN-CP-SUP,-8.086957202195326e-05,0.0,-0.0016173914404390654,lower,lower,within-protocol descriptive saved-state comparison; no formal tail significance or animal harm inference
measurement_formal,A,C0,2,Q3_postUA_0p5,Q3_raw_noise_0p5,PN-CA-ABS,-0.00014923260812865606,0.0,-0.0029846521625731207,lower,lower,within-protocol descriptive saved-state comparison; no formal tail significance or animal harm inference
measurement_formal,A,C0,2,Q3_postUA_0p5,Q3_raw_noise_0p5,PN-P-ABS,-0.00018205315633535585,0.0,-0.003641063126707117,lower,lower,within-protocol descriptive saved-state comparison; no formal tail significance or animal harm inference
measurement_formal,A,C0,2,Q3_postUA_0p5,Q3_raw_noise_0p5,PN-T1,-5.0097555304546986e-05,0.0,-0.0010019511060909395,lower,lower,within-protocol descriptive saved-state comparison; no formal tail significance or animal harm inference
measurement_formal,A,C0,2,Q3_postUA_0p5,Q3_raw_noise_0p5,PN-T2,0.0,0.0,0.0,equal,equal,within-protocol descriptive saved-state comparison; no formal tail significance or animal harm inference
measurement_formal,A,C0,2,Q3_postUA_0p5,Q3_raw_noise_0p5,PN-T3,-0.00010285971520500278,0.0,-0.0020571943041000555,lower,lower,within-protocol descriptive saved-state comparison; no formal tail significance or animal harm inference
measurement_formal,A,C0,2,Q3_postUA_0p5,Q3_raw_noise_0p5,PN-T4,-3.688840385352943e-06,0.0,-7.377680770705888e-05,lower,lower,within-protocol descriptive saved-state comparison; no formal tail significance or animal harm inference
measurement_formal,A,C0,2,Q3_postUA_0p5,Q3_raw_noise_0p5,PN-T5,-0.000413963566776338,0.0,-0.00827927133552676,lower,lower,within-protocol descriptive saved-state comparison; no formal tail significance or animal harm inference
measurement_formal,A,C0,2,Q3_postUA_0p5,Q3_postmean_0p5,PN-NEL-FIXEDDMI,0.00017282874828092814,0.0,0.00345571082187716,higher,higher,within-protocol descriptive saved-state comparison; no formal tail significance or animal harm inference
measurement_formal,A,C0,2,Q3_postUA_0p5,Q3_postmean_0p5,PN-CP-SUP,-0.00017644888870745027,0.0,-0.0035289777741490057,lower,lower,within-protocol descriptive saved-state comparison; no formal tail significance or animal harm inference
measurement_formal,A,C0,2,Q3_postUA_0p5,Q3_postmean_0p5,PN-CA-ABS,-0.0004692351076608009,0.0,-0.009384702153216016,lower,lower,within-protocol descriptive saved-state comparison; no formal tail significance or animal harm inference
measurement_formal,A,C0,2,Q3_postUA_0p5,Q3_postmean_0p5,PN-P-ABS,-0.0004766541252140366,0.0,-0.009533082504280732,lower,lower,within-protocol descriptive saved-state comparison; no formal tail significance or animal harm inference
measurement_formal,A,C0,2,Q3_postUA_0p5,Q3_postmean_0p5,PN-T1,-0.0002140621396999441,0.0,-0.004281242793998882,lower,lower,within-protocol descriptive saved-state comparison; no formal tail significance or animal harm inference
measurement_formal,A,C0,2,Q3_postUA_0p5,Q3_postmean_0p5,PN-T2,-8.613835715336693e-07,0.0,-1.7227671430673385e-05,lower,lower,within-protocol descriptive saved-state comparison; no formal tail significance or animal harm inference
measurement_formal,A,C0,2,Q3_postUA_0p5,Q3_postmean_0p5,PN-T3,-0.0003707261332615565,0.0,-0.007414522665231129,lower,lower,within-protocol descriptive saved-state comparison; no formal tail significance or animal harm inference
measurement_formal,A,C0,2,Q3_postUA_0p5,Q3_postmean_0p5,PN-T4,-2.666961367940627e-06,0.0,-5.333922735881255e-05,lower,lower,within-protocol descriptive saved-state comparison; no formal tail significance or animal harm inference
measurement_formal,A,C0,2,Q3_postUA_0p5,Q3_postmean_0p5,PN-T5,-0.0009012416275189179,0.0,-0.01802483255037836,lower,lower,within-protocol descriptive saved-state comparison; no formal tail significance or animal harm inference
measurement_formal,A,C0,2,Q3_postmean_0p5,Q3_raw_noise_0p5,PN-NEL-FIXEDDMI,-0.000100403131249759,0.0,-0.002007560609338931,lower,lower,within-protocol descriptive saved-state comparison; no formal tail significance or animal harm inference
measurement_formal,A,C0,2,Q3_postmean_0p5,Q3_raw_noise_0p5,PN-CP-SUP,9.557931668549701e-05,0.0,0.0019115863337099402,higher,higher,within-protocol descriptive saved-state comparison; no formal tail significance or animal harm inference
measurement_formal,A,C0,2,Q3_postmean_0p5,Q3_raw_noise_0p5,PN-CA-ABS,0.0003200024995321448,0.0,0.0064000499906428955,higher,higher,within-protocol descriptive saved-state comparison; no formal tail significance or animal harm inference
measurement_formal,A,C0,2,Q3_postmean_0p5,Q3_raw_noise_0p5,PN-P-ABS,0.00029460096887868074,0.0,0.005892019377573615,higher,higher,within-protocol descriptive saved-state comparison; no formal tail significance or animal harm inference
measurement_formal,A,C0,2,Q3_postmean_0p5,Q3_raw_noise_0p5,PN-T1,0.00016396458439539712,0.0,0.0032792916879079426,higher,higher,within-protocol descriptive saved-state comparison; no formal tail significance or animal harm inference
measurement_formal,A,C0,2,Q3_postmean_0p5,Q3_raw_noise_0p5,PN-T2,8.613835715336693e-07,0.0,1.7227671430673385e-05,higher,higher,within-protocol descriptive saved-state comparison; no formal tail significance or animal harm inference
measurement_formal,A,C0,2,Q3_postmean_0p5,Q3_raw_noise_0p5,PN-T3,0.0002678664180565537,0.0,0.005357328361131074,higher,higher,within-protocol descriptive saved-state comparison; no formal tail significance or animal harm inference
measurement_formal,A,C0,2,Q3_postmean_0p5,Q3_raw_noise_0p5,PN-T4,-1.021879017412316e-06,0.0,-2.0437580348246328e-05,lower,lower,within-protocol descriptive saved-state comparison; no formal tail significance or animal harm inference
measurement_formal,A,C0,2,Q3_postmean_0p5,Q3_raw_noise_0p5,PN-T5,0.0004872780607425799,0.0,0.0097455612148516,higher,higher,within-protocol descriptive saved-state comparison; no formal tail significance or animal harm inference
measurement_formal,A,C0,2,Q2_postUA_0p5,Q3_postUA_0p5,PN-NEL-FIXEDDMI,-7.216085233876195e-05,0.0,-0.0014428562425135459,lower,lower,within-protocol descriptive saved-state comparison; no formal tail significance or animal harm inference
measurement_formal,A,C0,2,Q2_postUA_0p5,Q3_postUA_0p5,PN-CP-SUP,-2.970456723797935e-06,0.0,-5.9409134475958675e-05,lower,lower,within-protocol descriptive saved-state comparison; no formal tail significance or animal harm inference
measurement_formal,A,C0,2,Q2_postUA_0p5,Q3_postUA_0p5,PN-CA-ABS,2.5458160046961085e-06,0.0,5.091632009392215e-05,higher,higher,within-protocol descriptive saved-state comparison; no formal tail significance or animal harm inference
measurement_formal,A,C0,2,Q2_postUA_0p5,Q3_postUA_0p5,PN-P-ABS,-1.1179131500951302e-05,0.0,-0.000223582630019026,lower,lower,within-protocol descriptive saved-state comparison; no formal tail significance or animal harm inference
measurement_formal,A,C0,2,Q2_postUA_0p5,Q3_postUA_0p5,PN-T1,-2.664649662869489e-05,0.0,-0.0005329299325738979,lower,lower,within-protocol descriptive saved-state comparison; no formal tail significance or animal harm inference
measurement_formal,A,C0,2,Q2_postUA_0p5,Q3_postUA_0p5,PN-T2,0.0,0.0,0.0,equal,equal,within-protocol descriptive saved-state comparison; no formal tail significance or animal harm inference
measurement_formal,A,C0,2,Q2_postUA_0p5,Q3_postUA_0p5,PN-T3,4.020883933491633e-06,0.0,8.041767866983268e-05,higher,higher,within-protocol descriptive saved-state comparison; no formal tail significance or animal harm inference
measurement_formal,A,C0,2,Q2_postUA_0p5,Q3_postUA_0p5,PN-T4,0.0,0.0,0.0,equal,equal,within-protocol descriptive saved-state comparison; no formal tail significance or animal harm inference
measurement_formal,A,C0,2,Q2_postUA_0p5,Q3_postUA_0p5,PN-T5,-8.79650453123584e-06,0.0,-0.00017593009062471675,lower,lower,within-protocol descriptive saved-state comparison; no formal tail significance or animal harm inference
measurement_formal,A,C0,2,Q2_ideal_delta,Q3_ideal_delta,PN-NEL-FIXEDDMI,-6.840222754026334e-05,0.0,-0.0013668954560335745,lower,lower,within-protocol descriptive saved-state comparison; no formal tail significance or animal harm inference
measurement_formal,A,C0,2,Q2_ideal_delta,Q3_ideal_delta,PN-CP-SUP,5.080816138829892e-06,0.0,0.00010161632277659786,higher,higher,within-protocol descriptive saved-state comparison; no formal tail significance or animal harm inference
measurement_formal,A,C0,2,Q2_ideal_delta,Q3_ideal_delta,PN-CA-ABS,4.2217940965018574e-06,0.0,8.443588193003714e-05,higher,higher,within-protocol descriptive saved-state comparison; no formal tail significance or animal harm inference
measurement_formal,A,C0,2,Q2_ideal_delta,Q3_ideal_delta,PN-P-ABS,-5.008599989777103e-07,0.0,-1.0017199979554152e-05,lower,lower,within-protocol descriptive saved-state comparison; no formal tail significance or animal harm inference
measurement_formal,A,C0,2,Q2_ideal_delta,Q3_ideal_delta,PN-T1,-2.9646880604379296e-05,0.0,-0.0005929376120875861,lower,lower,within-protocol descriptive saved-state comparison; no formal tail significance or animal harm inference
measurement_formal,A,C0,2,Q2_ideal_delta,Q3_ideal_delta,PN-T2,0.0,0.0,0.0,equal,equal,within-protocol descriptive saved-state comparison; no formal tail significance or animal harm inference
measurement_formal,A,C0,2,Q2_ideal_delta,Q3_ideal_delta,PN-T3,-1.77286828613946e-06,0.0,-3.545736572278921e-05,lower,lower,within-protocol descriptive saved-state comparison; no formal tail significance or animal harm inference
measurement_formal,A,C0,2,Q2_ideal_delta,Q3_ideal_delta,PN-T4,-4.804684643997896e-08,0.0,-9.60936928799579e-07,lower,lower,within-protocol descriptive saved-state comparison; no formal tail significance or animal harm inference
measurement_formal,A,C0,2,Q2_ideal_delta,Q3_ideal_delta,PN-T5,-1.7724995297543088e-05,0.0,-0.00035449990595086173,lower,lower,within-protocol descriptive saved-state comparison; no formal tail significance or animal harm inference
measurement_formal,C,C0,0,Q3_postUA_0p1,Q3_raw_noise_0p1,PN-NEL-FIXEDDMI,6.6531439730301315e-06,0.0,0.0001329896948768991,higher,higher,within-protocol descriptive saved-state comparison; no formal tail significance or animal harm inference
measurement_formal,C,C0,0,Q3_postUA_0p1,Q3_raw_noise_0p1,PN-CP-SUP,1.547776190467032e-06,0.0,3.095552380934065e-05,higher,higher,within-protocol descriptive saved-state comparison; no formal tail significance or animal harm inference
measurement_formal,C,C0,0,Q3_postUA_0p1,Q3_raw_noise_0p1,PN-CA-ABS,-1.429330715828904e-06,0.0,-2.8586614316578083e-05,lower,lower,within-protocol descriptive saved-state comparison; no formal tail significance or animal harm inference
measurement_formal,C,C0,0,Q3_postUA_0p1,Q3_raw_noise_0p1,PN-P-ABS,-2.3815851338107502e-06,0.0,-4.7631702676215e-05,lower,lower,within-protocol descriptive saved-state comparison; no formal tail significance or animal harm inference
measurement_formal,C,C0,0,Q3_postUA_0p1,Q3_raw_noise_0p1,PN-T1,-7.735456236709283e-06,0.0,-0.00015470912473418582,lower,lower,within-protocol descriptive saved-state comparison; no formal tail significance or animal harm inference
measurement_formal,C,C0,0,Q3_postUA_0p1,Q3_raw_noise_0p1,PN-T2,0.0,0.0,0.0,equal,equal,within-protocol descriptive saved-state comparison; no formal tail significance or animal harm inference
measurement_formal,C,C0,0,Q3_postUA_0p1,Q3_raw_noise_0p1,PN-T3,-4.2962720081439727e-07,0.0,-8.592544016287939e-06,lower,lower,within-protocol descriptive saved-state comparison; no formal tail significance or animal harm inference
measurement_formal,C,C0,0,Q3_postUA_0p1,Q3_raw_noise_0p1,PN-T4,0.0,0.0,0.0,equal,equal,within-protocol descriptive saved-state comparison; no formal tail significance or animal harm inference
measurement_formal,C,C0,0,Q3_postUA_0p1,Q3_raw_noise_0p1,PN-T5,-1.0161678206104408e-06,0.0,-2.0323356412208816e-05,lower,lower,within-protocol descriptive saved-state comparison; no formal tail significance or animal harm inference
measurement_formal,C,C0,0,Q3_postUA_0p1,Q3_postmean_0p1,PN-NEL-FIXEDDMI,1.0221796118711518e-05,0.0,0.00020432348261692468,higher,higher,within-protocol descriptive saved-state comparison; no formal tail significance or animal harm inference
measurement_formal,C,C0,0,Q3_postUA_0p1,Q3_postmean_0p1,PN-CP-SUP,7.225449576443267e-07,0.0,1.4450899152886558e-05,higher,higher,within-protocol descriptive saved-state comparison; no formal tail significance or animal harm inference
measurement_formal,C,C0,0,Q3_postUA_0p1,Q3_postmean_0p1,PN-CA-ABS,-1.429330715828904e-06,0.0,-2.8586614316578083e-05,lower,lower,within-protocol descriptive saved-state comparison; no formal tail significance or animal harm inference
measurement_formal,C,C0,0,Q3_postUA_0p1,Q3_postmean_0p1,PN-P-ABS,-4.9265868967033544e-06,0.0,-9.853173793406708e-05,lower,lower,within-protocol descriptive saved-state comparison; no formal tail significance or animal harm inference
measurement_formal,C,C0,0,Q3_postUA_0p1,Q3_postmean_0p1,PN-T1,-2.9342031993974694e-06,0.0,-5.8684063987949416e-05,lower,lower,within-protocol descriptive saved-state comparison; no formal tail significance or animal harm inference
measurement_formal,C,C0,0,Q3_postUA_0p1,Q3_postmean_0p1,PN-T2,0.0,0.0,0.0,equal,equal,within-protocol descriptive saved-state comparison; no formal tail significance or animal harm inference
measurement_formal,C,C0,0,Q3_postUA_0p1,Q3_postmean_0p1,PN-T3,-4.2962720081439727e-07,0.0,-8.592544016287939e-06,lower,lower,within-protocol descriptive saved-state comparison; no formal tail significance or animal harm inference
measurement_formal,C,C0,0,Q3_postUA_0p1,Q3_postmean_0p1,PN-T4,0.0,0.0,0.0,equal,equal,within-protocol descriptive saved-state comparison; no formal tail significance or animal harm inference
measurement_formal,C,C0,0,Q3_postUA_0p1,Q3_postmean_0p1,PN-T5,-1.0161678206104408e-06,0.0,-2.0323356412208816e-05,lower,lower,within-protocol descriptive saved-state comparison; no formal tail significance or animal harm inference
measurement_formal,C,C0,0,Q3_postmean_0p1,Q3_raw_noise_0p1,PN-NEL-FIXEDDMI,-3.568652145681387e-06,0.0,-7.133378774002558e-05,lower,lower,within-protocol descriptive saved-state comparison; no formal tail significance or animal harm inference
measurement_formal,C,C0,0,Q3_postmean_0p1,Q3_raw_noise_0p1,PN-CP-SUP,8.252312328227053e-07,0.0,1.650462465645409e-05,higher,higher,within-protocol descriptive saved-state comparison; no formal tail significance or animal harm inference
measurement_formal,C,C0,0,Q3_postmean_0p1,Q3_raw_noise_0p1,PN-CA-ABS,0.0,0.0,0.0,equal,equal,within-protocol descriptive saved-state comparison; no formal tail significance or animal harm inference
measurement_formal,C,C0,0,Q3_postmean_0p1,Q3_raw_noise_0p1,PN-P-ABS,2.545001762892604e-06,0.0,5.0900035257852075e-05,higher,higher,within-protocol descriptive saved-state comparison; no formal tail significance or animal harm inference
measurement_formal,C,C0,0,Q3_postmean_0p1,Q3_raw_noise_0p1,PN-T1,-4.801253037311814e-06,0.0,-9.60250607462364e-05,lower,lower,within-protocol descriptive saved-state comparison; no formal tail significance or animal harm inference
measurement_formal,C,C0,0,Q3_postmean_0p1,Q3_raw_noise_0p1,PN-T2,0.0,0.0,0.0,equal,equal,within-protocol descriptive saved-state comparison; no formal tail significance or animal harm inference
measurement_formal,C,C0,0,Q3_postmean_0p1,Q3_raw_noise_0p1,PN-T3,0.0,0.0,0.0,equal,equal,within-protocol descriptive saved-state comparison; no formal tail significance or animal harm inference
measurement_formal,C,C0,0,Q3_postmean_0p1,Q3_raw_noise_0p1,PN-T4,0.0,0.0,0.0,equal,equal,within-protocol descriptive saved-state comparison; no formal tail significance or animal harm inference
measurement_formal,C,C0,0,Q3_postmean_0p1,Q3_raw_noise_0p1,PN-T5,0.0,0.0,0.0,equal,equal,within-protocol descriptive saved-state comparison; no formal tail significance or animal harm inference
measurement_formal,C,C0,0,Q2_postUA_0p1,Q3_postUA_0p1,PN-NEL-FIXEDDMI,-3.910726856221255e-05,0.0,-0.0007811334580943255,lower,lower,within-protocol descriptive saved-state comparison; no formal tail significance or animal harm inference
measurement_formal,C,C0,0,Q2_postUA_0p1,Q3_postUA_0p1,PN-CP-SUP,-4.399900884221543e-06,0.0,-8.799801768443084e-05,lower,lower,within-protocol descriptive saved-state comparison; no formal tail significance or animal harm inference
measurement_formal,C,C0,0,Q2_postUA_0p1,Q3_postUA_0p1,PN-CA-ABS,0.0,0.0,0.0,equal,equal,within-protocol descriptive saved-state comparison; no formal tail significance or animal harm inference
measurement_formal,C,C0,0,Q2_postUA_0p1,Q3_postUA_0p1,PN-P-ABS,3.3227269520863806e-07,0.0,6.645453904172761e-06,higher,higher,within-protocol descriptive saved-state comparison; no formal tail significance or animal harm inference
measurement_formal,C,C0,0,Q2_postUA_0p1,Q3_postUA_0p1,PN-T1,-1.470369797475332e-05,0.0,-0.00029407395949506635,lower,lower,within-protocol descriptive saved-state comparison; no formal tail significance or animal harm inference
measurement_formal,C,C0,0,Q2_postUA_0p1,Q3_postUA_0p1,PN-T2,0.0,0.0,0.0,equal,equal,within-protocol descriptive saved-state comparison; no formal tail significance or animal harm inference
measurement_formal,C,C0,0,Q2_postUA_0p1,Q3_postUA_0p1,PN-T3,-7.495140008069441e-06,0.0,-0.00014990280016138885,lower,lower,within-protocol descriptive saved-state comparison; no formal tail significance or animal harm inference
measurement_formal,C,C0,0,Q2_postUA_0p1,Q3_postUA_0p1,PN-T4,-3.1482139730292423e-07,0.0,-6.296427946058484e-06,lower,lower,within-protocol descriptive saved-state comparison; no formal tail significance or animal harm inference
measurement_formal,C,C0,0,Q2_postUA_0p1,Q3_postUA_0p1,PN-T5,-2.2115028236976292e-05,0.0,-0.00044230056473952583,lower,lower,within-protocol descriptive saved-state comparison; no formal tail significance or animal harm inference
measurement_formal,C,C0,0,Q3_postUA_0p5,Q3_raw_noise_0p5,PN-NEL-FIXEDDMI,2.5615672775009115e-05,0.0,0.0005120316830996576,higher,higher,within-protocol descriptive saved-state comparison; no formal tail significance or animal harm inference
measurement_formal,C,C0,0,Q3_postUA_0p5,Q3_raw_noise_0p5,PN-CP-SUP,-6.441648234895813e-05,0.0,-0.0012883296469791625,lower,lower,within-protocol descriptive saved-state comparison; no formal tail significance or animal harm inference
measurement_formal,C,C0,0,Q3_postUA_0p5,Q3_raw_noise_0p5,PN-CA-ABS,-0.0001169784183583303,0.0,-0.0023395683671666055,lower,lower,within-protocol descriptive saved-state comparison; no formal tail significance or animal harm inference
measurement_formal,C,C0,0,Q3_postUA_0p5,Q3_raw_noise_0p5,PN-P-ABS,-0.0002356126335003877,0.0,-0.004712252670007753,lower,lower,within-protocol descriptive saved-state comparison; no formal tail significance or animal harm inference
measurement_formal,C,C0,0,Q3_postUA_0p5,Q3_raw_noise_0p5,PN-T1,-0.00011547673602225965,0.0,-0.002309534720445193,lower,lower,within-protocol descriptive saved-state comparison; no formal tail significance or animal harm inference
measurement_formal,C,C0,0,Q3_postUA_0p5,Q3_raw_noise_0p5,PN-T2,0.0,0.0,0.0,equal,equal,within-protocol descriptive saved-state comparison; no formal tail significance or animal harm inference
measurement_formal,C,C0,0,Q3_postUA_0p5,Q3_raw_noise_0p5,PN-T3,-1.7799237258447776e-05,0.0,-0.00035598474516895556,lower,lower,within-protocol descriptive saved-state comparison; no formal tail significance or animal harm inference
measurement_formal,C,C0,0,Q3_postUA_0p5,Q3_raw_noise_0p5,PN-T4,1.037356574506063e-08,0.0,2.074713149012126e-07,higher,higher,within-protocol descriptive saved-state comparison; no formal tail significance or animal harm inference
measurement_formal,C,C0,0,Q3_postUA_0p5,Q3_raw_noise_0p5,PN-T5,-8.11735508959872e-05,0.0,-0.0016234710179197438,lower,lower,within-protocol descriptive saved-state comparison; no formal tail significance or animal harm inference
measurement_formal,C,C0,0,Q3_postUA_0p5,Q3_postmean_0p5,PN-NEL-FIXEDDMI,9.317397049431779e-05,0.0,0.0018624544962109184,higher,higher,within-protocol descriptive saved-state comparison; no formal tail significance or animal harm inference
measurement_formal,C,C0,0,Q3_postUA_0p5,Q3_postmean_0p5,PN-CP-SUP,-0.00016107844293565893,0.0,-0.003221568858713179,lower,lower,within-protocol descriptive saved-state comparison; no formal tail significance or animal harm inference
measurement_formal,C,C0,0,Q3_postUA_0p5,Q3_postmean_0p5,PN-CA-ABS,-0.0003601808723003778,0.0,-0.007203617446007556,lower,lower,within-protocol descriptive saved-state comparison; no formal tail significance or animal harm inference
measurement_formal,C,C0,0,Q3_postUA_0p5,Q3_postmean_0p5,PN-P-ABS,-0.0006719673262493153,0.0,-0.013439346524986307,lower,lower,within-protocol descriptive saved-state comparison; no formal tail significance or animal harm inference
measurement_formal,C,C0,0,Q3_postUA_0p5,Q3_postmean_0p5,PN-T1,-0.00032719970293263866,0.0,-0.006543994058652774,lower,lower,within-protocol descriptive saved-state comparison; no formal tail significance or animal harm inference
measurement_formal,C,C0,0,Q3_postUA_0p5,Q3_postmean_0p5,PN-T2,0.0,0.0,0.0,equal,equal,within-protocol descriptive saved-state comparison; no formal tail significance or animal harm inference
measurement_formal,C,C0,0,Q3_postUA_0p5,Q3_postmean_0p5,PN-T3,-5.086241780731492e-05,0.0,-0.0010172483561462983,lower,lower,within-protocol descriptive saved-state comparison; no formal tail significance or animal harm inference
measurement_formal,C,C0,0,Q3_postUA_0p5,Q3_postmean_0p5,PN-T4,3.1482139730292423e-07,0.0,6.296427946058484e-06,higher,higher,within-protocol descriptive saved-state comparison; no formal tail significance or animal harm inference
measurement_formal,C,C0,0,Q3_postUA_0p5,Q3_postmean_0p5,PN-T5,-0.00019571017963782833,0.0,-0.003914203592756567,lower,lower,within-protocol descriptive saved-state comparison; no formal tail significance or animal harm inference
measurement_formal,C,C0,0,Q3_postmean_0p5,Q3_raw_noise_0p5,PN-NEL-FIXEDDMI,-6.755829771930867e-05,0.0,-0.0013504228131112608,lower,lower,within-protocol descriptive saved-state comparison; no formal tail significance or animal harm inference
measurement_formal,C,C0,0,Q3_postmean_0p5,Q3_raw_noise_0p5,PN-CP-SUP,9.66619605867008e-05,0.0,0.0019332392117340164,higher,higher,within-protocol descriptive saved-state comparison; no formal tail significance or animal harm inference
measurement_formal,C,C0,0,Q3_postmean_0p5,Q3_raw_noise_0p5,PN-CA-ABS,0.0002432024539420475,0.0,0.004864049078840951,higher,higher,within-protocol descriptive saved-state comparison; no formal tail significance or animal harm inference
measurement_formal,C,C0,0,Q3_postmean_0p5,Q3_raw_noise_0p5,PN-P-ABS,0.00043635469274892763,0.0,0.008727093854978555,higher,higher,within-protocol descriptive saved-state comparison; no formal tail significance or animal harm inference
measurement_formal,C,C0,0,Q3_postmean_0p5,Q3_raw_noise_0p5,PN-T1,0.00021172296691037904,0.0,0.004234459338207581,higher,higher,within-protocol descriptive saved-state comparison; no formal tail significance or animal harm inference
measurement_formal,C,C0,0,Q3_postmean_0p5,Q3_raw_noise_0p5,PN-T2,0.0,0.0,0.0,equal,equal,within-protocol descriptive saved-state comparison; no formal tail significance or animal harm inference
measurement_formal,C,C0,0,Q3_postmean_0p5,Q3_raw_noise_0p5,PN-T3,3.306318054886714e-05,0.0,0.0006612636109773428,higher,higher,within-protocol descriptive saved-state comparison; no formal tail significance or animal harm inference
measurement_formal,C,C0,0,Q3_postmean_0p5,Q3_raw_noise_0p5,PN-T4,-3.044478315578636e-07,0.0,-6.0889566311572715e-06,lower,lower,within-protocol descriptive saved-state comparison; no formal tail significance or animal harm inference
measurement_formal,C,C0,0,Q3_postmean_0p5,Q3_raw_noise_0p5,PN-T5,0.00011453662874184113,0.0,0.0022907325748368233,higher,higher,within-protocol descriptive saved-state comparison; no formal tail significance or animal harm inference
measurement_formal,C,C0,0,Q2_postUA_0p5,Q3_postUA_0p5,PN-NEL-FIXEDDMI,-3.8212666686812154e-05,0.0,-0.0007638329944026885,lower,lower,within-protocol descriptive saved-state comparison; no formal tail significance or animal harm inference
measurement_formal,C,C0,0,Q2_postUA_0p5,Q3_postUA_0p5,PN-CP-SUP,-1.2447229440835034e-05,0.0,-0.0002489445888167006,lower,lower,within-protocol descriptive saved-state comparison; no formal tail significance or animal harm inference
measurement_formal,C,C0,0,Q2_postUA_0p5,Q3_postUA_0p5,PN-CA-ABS,-4.081954183256588e-06,0.0,-8.163908366513176e-05,lower,lower,within-protocol descriptive saved-state comparison; no formal tail significance or animal harm inference
measurement_formal,C,C0,0,Q2_postUA_0p5,Q3_postUA_0p5,PN-P-ABS,-7.466646837199664e-06,0.0,-0.00014933293674399326,lower,lower,within-protocol descriptive saved-state comparison; no formal tail significance or animal harm inference
measurement_formal,C,C0,0,Q2_postUA_0p5,Q3_postUA_0p5,PN-T1,-2.0701828751448866e-05,0.0,-0.00041403657502897756,lower,lower,within-protocol descriptive saved-state comparison; no formal tail significance or animal harm inference
measurement_formal,C,C0,0,Q2_postUA_0p5,Q3_postUA_0p5,PN-T2,0.0,0.0,0.0,equal,equal,within-protocol descriptive saved-state comparison; no formal tail significance or animal harm inference
measurement_formal,C,C0,0,Q2_postUA_0p5,Q3_postUA_0p5,PN-T3,-1.2182746042126032e-05,0.0,-0.0002436549208425206,lower,lower,within-protocol descriptive saved-state comparison; no formal tail significance or animal harm inference
measurement_formal,C,C0,0,Q2_postUA_0p5,Q3_postUA_0p5,PN-T4,-3.1482139730292423e-07,0.0,-6.296427946058484e-06,lower,lower,within-protocol descriptive saved-state comparison; no formal tail significance or animal harm inference
measurement_formal,C,C0,0,Q2_postUA_0p5,Q3_postUA_0p5,PN-T5,-1.000925352204242e-05,0.0,-0.00020018507044084843,lower,lower,within-protocol descriptive saved-state comparison; no formal tail significance or animal harm inference
measurement_formal,C,C0,0,Q2_ideal_delta,Q3_ideal_delta,PN-NEL-FIXEDDMI,-3.1768149316312385e-05,0.0,-0.0006343821563382073,lower,lower,within-protocol descriptive saved-state comparison; no formal tail significance or animal harm inference
measurement_formal,C,C0,0,Q2_ideal_delta,Q3_ideal_delta,PN-CP-SUP,-1.4222555722330875e-07,0.0,-2.8445111444661513e-06,lower,lower,within-protocol descriptive saved-state comparison; no formal tail significance or animal harm inference
measurement_formal,C,C0,0,Q2_ideal_delta,Q3_ideal_delta,PN-CA-ABS,0.0,0.0,0.0,equal,equal,within-protocol descriptive saved-state comparison; no formal tail significance or animal harm inference
measurement_formal,C,C0,0,Q2_ideal_delta,Q3_ideal_delta,PN-P-ABS,-2.6015104384397625e-07,0.0,-5.203020876879525e-06,lower,lower,within-protocol descriptive saved-state comparison; no formal tail significance or animal harm inference
measurement_formal,C,C0,0,Q2_ideal_delta,Q3_ideal_delta,PN-T1,-1.5017704742596696e-05,0.0,-0.000300354094851934,lower,lower,within-protocol descriptive saved-state comparison; no formal tail significance or animal harm inference
measurement_formal,C,C0,0,Q2_ideal_delta,Q3_ideal_delta,PN-T2,0.0,0.0,0.0,equal,equal,within-protocol descriptive saved-state comparison; no formal tail significance or animal harm inference
measurement_formal,C,C0,0,Q2_ideal_delta,Q3_ideal_delta,PN-T3,-5.837121191726848e-06,0.0,-0.00011674242383453697,lower,lower,within-protocol descriptive saved-state comparison; no formal tail significance or animal harm inference
measurement_formal,C,C0,0,Q2_ideal_delta,Q3_ideal_delta,PN-T4,-3.1482139730292423e-07,0.0,-6.296427946058484e-06,lower,lower,within-protocol descriptive saved-state comparison; no formal tail significance or animal harm inference
measurement_formal,C,C0,0,Q2_ideal_delta,Q3_ideal_delta,PN-T5,1.956122977659069e-06,0.0,3.912245955318139e-05,higher,higher,within-protocol descriptive saved-state comparison; no formal tail significance or animal harm inference
measurement_formal,C,C0,1,Q3_postUA_0p1,Q3_raw_noise_0p1,PN-NEL-FIXEDDMI,3.6787490135974435e-06,0.0,7.356394402490774e-05,higher,higher,within-protocol descriptive saved-state comparison; no formal tail significance or animal harm inference
measurement_formal,C,C0,1,Q3_postUA_0p1,Q3_raw_noise_0p1,PN-CP-SUP,-5.574721018421012e-07,0.0,-1.1149442036842037e-05,lower,lower,within-protocol descriptive saved-state comparison; no formal tail significance or animal harm inference
measurement_formal,C,C0,1,Q3_postUA_0p1,Q3_raw_noise_0p1,PN-CA-ABS,-1.5533252251442687e-06,0.0,-3.106650450288538e-05,lower,lower,within-protocol descriptive saved-state comparison; no formal tail significance or animal harm inference
measurement_formal,C,C0,1,Q3_postUA_0p1,Q3_raw_noise_0p1,PN-P-ABS,-2.9340841736632476e-06,0.0,-5.868168347326495e-05,lower,lower,within-protocol descriptive saved-state comparison; no formal tail significance or animal harm inference
measurement_formal,C,C0,1,Q3_postUA_0p1,Q3_raw_noise_0p1,PN-T1,-1.3677553952709073e-06,0.0,-2.735510790541812e-05,lower,lower,within-protocol descriptive saved-state comparison; no formal tail significance or animal harm inference
measurement_formal,C,C0,1,Q3_postUA_0p1,Q3_raw_noise_0p1,PN-T2,0.0,0.0,0.0,equal,equal,within-protocol descriptive saved-state comparison; no formal tail significance or animal harm inference
measurement_formal,C,C0,1,Q3_postUA_0p1,Q3_raw_noise_0p1,PN-T3,1.0663646699689923e-06,0.0,2.132729339937979e-05,higher,higher,within-protocol descriptive saved-state comparison; no formal tail significance or animal harm inference
measurement_formal,C,C0,1,Q3_postUA_0p1,Q3_raw_noise_0p1,PN-T4,-4.367660943848846e-07,0.0,-8.735321887697693e-06,lower,lower,within-protocol descriptive saved-state comparison; no formal tail significance or animal harm inference
measurement_formal,C,C0,1,Q3_postUA_0p1,Q3_raw_noise_0p1,PN-T5,-1.5685148621218112e-06,0.0,-3.137029724243625e-05,lower,lower,within-protocol descriptive saved-state comparison; no formal tail significance or animal harm inference
measurement_formal,C,C0,1,Q3_postUA_0p1,Q3_postmean_0p1,PN-NEL-FIXEDDMI,4.223508851244605e-06,0.0,8.445750649833808e-05,higher,higher,within-protocol descriptive saved-state comparison; no formal tail significance or animal harm inference
measurement_formal,C,C0,1,Q3_postUA_0p1,Q3_postmean_0p1,PN-CP-SUP,-1.3152411914238245e-06,0.0,-2.6304823828476518e-05,lower,lower,within-protocol descriptive saved-state comparison; no formal tail significance or animal harm inference
measurement_formal,C,C0,1,Q3_postUA_0p1,Q3_postmean_0p1,PN-CA-ABS,-6.287444765231017e-07,0.0,-1.2574889530462044e-05,lower,lower,within-protocol descriptive saved-state comparison; no formal tail significance or animal harm inference
measurement_formal,C,C0,1,Q3_postUA_0p1,Q3_postmean_0p1,PN-P-ABS,-2.4269258218727454e-06,0.0,-4.853851643745491e-05,lower,lower,within-protocol descriptive saved-state comparison; no formal tail significance or animal harm inference
measurement_formal,C,C0,1,Q3_postUA_0p1,Q3_postmean_0p1,PN-T1,-3.9552962047159625e-06,0.0,-7.910592409431924e-05,lower,lower,within-protocol descriptive saved-state comparison; no formal tail significance or animal harm inference
measurement_formal,C,C0,1,Q3_postUA_0p1,Q3_postmean_0p1,PN-T2,0.0,0.0,0.0,equal,equal,within-protocol descriptive saved-state comparison; no formal tail significance or animal harm inference
measurement_formal,C,C0,1,Q3_postUA_0p1,Q3_postmean_0p1,PN-T3,7.269982207568331e-07,0.0,1.4539964415136636e-05,higher,higher,within-protocol descriptive saved-state comparison; no formal tail significance or animal harm inference
measurement_formal,C,C0,1,Q3_postUA_0p1,Q3_postmean_0p1,PN-T4,-4.367660943848846e-07,0.0,-8.735321887697693e-06,lower,lower,within-protocol descriptive saved-state comparison; no formal tail significance or animal harm inference
measurement_formal,C,C0,1,Q3_postUA_0p1,Q3_postmean_0p1,PN-T5,-1.5685148621218112e-06,0.0,-3.137029724243625e-05,lower,lower,within-protocol descriptive saved-state comparison; no formal tail significance or animal harm inference
measurement_formal,C,C0,1,Q3_postmean_0p1,Q3_raw_noise_0p1,PN-NEL-FIXEDDMI,-5.447598376471613e-07,0.0,-1.0893562473430346e-05,lower,lower,within-protocol descriptive saved-state comparison; no formal tail significance or animal harm inference
measurement_formal,C,C0,1,Q3_postmean_0p1,Q3_raw_noise_0p1,PN-CP-SUP,7.577690895817233e-07,0.0,1.515538179163448e-05,higher,higher,within-protocol descriptive saved-state comparison; no formal tail significance or animal harm inference
measurement_formal,C,C0,1,Q3_postmean_0p1,Q3_raw_noise_0p1,PN-CA-ABS,-9.24580748621167e-07,0.0,-1.8491614972423337e-05,lower,lower,within-protocol descriptive saved-state comparison; no formal tail significance or animal harm inference
measurement_formal,C,C0,1,Q3_postmean_0p1,Q3_raw_noise_0p1,PN-P-ABS,-5.071583517905022e-07,0.0,-1.0143167035810044e-05,lower,lower,within-protocol descriptive saved-state comparison; no formal tail significance or animal harm inference
measurement_formal,C,C0,1,Q3_postmean_0p1,Q3_raw_noise_0p1,PN-T1,2.587540809445055e-06,0.0,5.175081618890112e-05,higher,higher,within-protocol descriptive saved-state comparison; no formal tail significance or animal harm inference
measurement_formal,C,C0,1,Q3_postmean_0p1,Q3_raw_noise_0p1,PN-T2,0.0,0.0,0.0,equal,equal,within-protocol descriptive saved-state comparison; no formal tail significance or animal harm inference
measurement_formal,C,C0,1,Q3_postmean_0p1,Q3_raw_noise_0p1,PN-T3,3.3936644921215913e-07,0.0,6.7873289842431555e-06,higher,higher,within-protocol descriptive saved-state comparison; no formal tail significance or animal harm inference
measurement_formal,C,C0,1,Q3_postmean_0p1,Q3_raw_noise_0p1,PN-T4,0.0,0.0,0.0,equal,equal,within-protocol descriptive saved-state comparison; no formal tail significance or animal harm inference
measurement_formal,C,C0,1,Q3_postmean_0p1,Q3_raw_noise_0p1,PN-T5,0.0,0.0,0.0,equal,equal,within-protocol descriptive saved-state comparison; no formal tail significance or animal harm inference
measurement_formal,C,C0,1,Q2_postUA_0p1,Q3_postUA_0p1,PN-NEL-FIXEDDMI,-4.800914998978216e-05,0.0,-0.0009600389723456735,lower,lower,within-protocol descriptive saved-state comparison; no formal tail significance or animal harm inference
measurement_formal,C,C0,1,Q2_postUA_0p1,Q3_postUA_0p1,PN-CP-SUP,-1.8492620101462876e-05,0.0,-0.0003698524020292575,lower,lower,within-protocol descriptive saved-state comparison; no formal tail significance or animal harm inference
measurement_formal,C,C0,1,Q2_postUA_0p1,Q3_postUA_0p1,PN-CA-ABS,-5.156991922491006e-06,0.0,-0.00010313983844982011,lower,lower,within-protocol descriptive saved-state comparison; no formal tail significance or animal harm inference
measurement_formal,C,C0,1,Q2_postUA_0p1,Q3_postUA_0p1,PN-P-ABS,-1.3502580036324478e-05,0.0,-0.00027005160072648954,lower,lower,within-protocol descriptive saved-state comparison; no formal tail significance or animal harm inference
measurement_formal,C,C0,1,Q2_postUA_0p1,Q3_postUA_0p1,PN-T1,-5.450070152548735e-06,0.0,-0.00010900140305097471,lower,lower,within-protocol descriptive saved-state comparison; no formal tail significance or animal harm inference
measurement_formal,C,C0,1,Q2_postUA_0p1,Q3_postUA_0p1,PN-T2,0.0,0.0,0.0,equal,equal,within-protocol descriptive saved-state comparison; no formal tail significance or animal harm inference
measurement_formal,C,C0,1,Q2_postUA_0p1,Q3_postUA_0p1,PN-T3,-9.318947733810534e-06,0.0,-0.00018637895467621065,lower,lower,within-protocol descriptive saved-state comparison; no formal tail significance or animal harm inference
measurement_formal,C,C0,1,Q2_postUA_0p1,Q3_postUA_0p1,PN-T4,0.0,0.0,0.0,equal,equal,within-protocol descriptive saved-state comparison; no formal tail significance or animal harm inference
measurement_formal,C,C0,1,Q2_postUA_0p1,Q3_postUA_0p1,PN-T5,-9.424817470198888e-06,0.0,-0.00018849634940397775,lower,lower,within-protocol descriptive saved-state comparison; no formal tail significance or animal harm inference
measurement_formal,C,C0,1,Q3_postUA_0p5,Q3_raw_noise_0p5,PN-NEL-FIXEDDMI,2.6103618550344033e-05,0.0,0.0005213897180493224,higher,higher,within-protocol descriptive saved-state comparison; no formal tail significance or animal harm inference
measurement_formal,C,C0,1,Q3_postUA_0p5,Q3_raw_noise_0p5,PN-CP-SUP,-7.182518892697725e-05,0.0,-0.0014365037785395445,lower,lower,within-protocol descriptive saved-state comparison; no formal tail significance or animal harm inference
measurement_formal,C,C0,1,Q3_postUA_0p5,Q3_raw_noise_0p5,PN-CA-ABS,-0.00013969516851296862,0.0,-0.002793903370259372,lower,lower,within-protocol descriptive saved-state comparison; no formal tail significance or animal harm inference
measurement_formal,C,C0,1,Q3_postUA_0p5,Q3_raw_noise_0p5,PN-P-ABS,-0.0001308191951302123,0.0,-0.0026163839026042465,lower,lower,within-protocol descriptive saved-state comparison; no formal tail significance or animal harm inference
measurement_formal,C,C0,1,Q3_postUA_0p5,Q3_raw_noise_0p5,PN-T1,-4.177762361192141e-05,0.0,-0.0008355524722384279,lower,lower,within-protocol descriptive saved-state comparison; no formal tail significance or animal harm inference
measurement_formal,C,C0,1,Q3_postUA_0p5,Q3_raw_noise_0p5,PN-T2,0.0,0.0,0.0,equal,equal,within-protocol descriptive saved-state comparison; no formal tail significance or animal harm inference
measurement_formal,C,C0,1,Q3_postUA_0p5,Q3_raw_noise_0p5,PN-T3,-6.379065802463708e-05,0.0,-0.0012758131604927417,lower,lower,within-protocol descriptive saved-state comparison; no formal tail significance or animal harm inference
measurement_formal,C,C0,1,Q3_postUA_0p5,Q3_raw_noise_0p5,PN-T4,-1.4968404042151883e-06,0.0,-2.993680808430377e-05,lower,lower,within-protocol descriptive saved-state comparison; no formal tail significance or animal harm inference
measurement_formal,C,C0,1,Q3_postUA_0p5,Q3_raw_noise_0p5,PN-T5,-0.00012701194285564133,0.0,-0.0025402388571128267,lower,lower,within-protocol descriptive saved-state comparison; no formal tail significance or animal harm inference
measurement_formal,C,C0,1,Q3_postUA_0p5,Q3_postmean_0p5,PN-NEL-FIXEDDMI,7.426537308445806e-05,0.0,0.0014847133387044854,higher,higher,within-protocol descriptive saved-state comparison; no formal tail significance or animal harm inference
measurement_formal,C,C0,1,Q3_postUA_0p5,Q3_postmean_0p5,PN-CP-SUP,-0.00011564943181256094,0.0,-0.002312988636251218,lower,lower,within-protocol descriptive saved-state comparison; no formal tail significance or animal harm inference
measurement_formal,C,C0,1,Q3_postUA_0p5,Q3_postmean_0p5,PN-CA-ABS,-0.0003262383190264748,0.0,-0.006524766380529495,lower,lower,within-protocol descriptive saved-state comparison; no formal tail significance or animal harm inference
measurement_formal,C,C0,1,Q3_postUA_0p5,Q3_postmean_0p5,PN-P-ABS,-0.0003475907360632129,0.0,-0.006951814721264257,lower,lower,within-protocol descriptive saved-state comparison; no formal tail significance or animal harm inference
measurement_formal,C,C0,1,Q3_postUA_0p5,Q3_postmean_0p5,PN-T1,-0.00023978792965383098,0.0,-0.00479575859307662,lower,lower,within-protocol descriptive saved-state comparison; no formal tail significance or animal harm inference
measurement_formal,C,C0,1,Q3_postUA_0p5,Q3_postmean_0p5,PN-T2,0.0,0.0,0.0,equal,equal,within-protocol descriptive saved-state comparison; no formal tail significance or animal harm inference
measurement_formal,C,C0,1,Q3_postUA_0p5,Q3_postmean_0p5,PN-T3,-0.00017234808104984816,0.0,-0.0034469616209969627,lower,lower,within-protocol descriptive saved-state comparison; no formal tail significance or animal harm inference
measurement_formal,C,C0,1,Q3_postUA_0p5,Q3_postmean_0p5,PN-T4,-1.4968404042151883e-06,0.0,-2.993680808430377e-05,lower,lower,within-protocol descriptive saved-state comparison; no formal tail significance or animal harm inference
measurement_formal,C,C0,1,Q3_postUA_0p5,Q3_postmean_0p5,PN-T5,-0.00019152165266774878,0.0,-0.003830433053354976,lower,lower,within-protocol descriptive saved-state comparison; no formal tail significance or animal harm inference
measurement_formal,C,C0,1,Q3_postmean_0p5,Q3_raw_noise_0p5,PN-NEL-FIXEDDMI,-4.8161754534114024e-05,0.0,-0.000963323620655163,lower,lower,within-protocol descriptive saved-state comparison; no formal tail significance or animal harm inference
measurement_formal,C,C0,1,Q3_postmean_0p5,Q3_raw_noise_0p5,PN-CP-SUP,4.3824242885583695e-05,0.0,0.0008764848577116737,higher,higher,within-protocol descriptive saved-state comparison; no formal tail significance or animal harm inference
measurement_formal,C,C0,1,Q3_postmean_0p5,Q3_raw_noise_0p5,PN-CA-ABS,0.00018654315051350615,0.0,0.003730863010270123,higher,higher,within-protocol descriptive saved-state comparison; no formal tail significance or animal harm inference
measurement_formal,C,C0,1,Q3_postmean_0p5,Q3_raw_noise_0p5,PN-P-ABS,0.00021677154093300058,0.0,0.004335430818660011,higher,higher,within-protocol descriptive saved-state comparison; no formal tail significance or animal harm inference
measurement_formal,C,C0,1,Q3_postmean_0p5,Q3_raw_noise_0p5,PN-T1,0.00019801030604190957,0.0,0.003960206120838191,higher,higher,within-protocol descriptive saved-state comparison; no formal tail significance or animal harm inference
measurement_formal,C,C0,1,Q3_postmean_0p5,Q3_raw_noise_0p5,PN-T2,0.0,0.0,0.0,equal,equal,within-protocol descriptive saved-state comparison; no formal tail significance or animal harm inference
measurement_formal,C,C0,1,Q3_postmean_0p5,Q3_raw_noise_0p5,PN-T3,0.00010855742302521106,0.0,0.002171148460504221,higher,higher,within-protocol descriptive saved-state comparison; no formal tail significance or animal harm inference
measurement_formal,C,C0,1,Q3_postmean_0p5,Q3_raw_noise_0p5,PN-T4,0.0,0.0,0.0,equal,equal,within-protocol descriptive saved-state comparison; no formal tail significance or animal harm inference
measurement_formal,C,C0,1,Q3_postmean_0p5,Q3_raw_noise_0p5,PN-T5,6.450970981210742e-05,0.0,0.0012901941962421494,higher,higher,within-protocol descriptive saved-state comparison; no formal tail significance or animal harm inference
measurement_formal,C,C0,1,Q2_postUA_0p5,Q3_postUA_0p5,PN-NEL-FIXEDDMI,-5.726368024877297e-05,0.0,-0.0011448154955334688,lower,lower,within-protocol descriptive saved-state comparison; no formal tail significance or animal harm inference
measurement_formal,C,C0,1,Q2_postUA_0p5,Q3_postUA_0p5,PN-CP-SUP,-2.038779510076007e-05,0.0,-0.0004077559020152015,lower,lower,within-protocol descriptive saved-state comparison; no formal tail significance or animal harm inference
measurement_formal,C,C0,1,Q2_postUA_0p5,Q3_postUA_0p5,PN-CA-ABS,-5.178683051353451e-07,0.0,-1.0357366102706889e-05,lower,lower,within-protocol descriptive saved-state comparison; no formal tail significance or animal harm inference
measurement_formal,C,C0,1,Q2_postUA_0p5,Q3_postUA_0p5,PN-P-ABS,-2.0829193482189553e-05,0.0,-0.000416583869643791,lower,lower,within-protocol descriptive saved-state comparison; no formal tail significance or animal harm inference
measurement_formal,C,C0,1,Q2_postUA_0p5,Q3_postUA_0p5,PN-T1,-4.144013698517611e-05,0.0,-0.0008288027397035222,lower,lower,within-protocol descriptive saved-state comparison; no formal tail significance or animal harm inference
measurement_formal,C,C0,1,Q2_postUA_0p5,Q3_postUA_0p5,PN-T2,0.0,0.0,0.0,equal,equal,within-protocol descriptive saved-state comparison; no formal tail significance or animal harm inference
measurement_formal,C,C0,1,Q2_postUA_0p5,Q3_postUA_0p5,PN-T3,-7.512446780505824e-06,0.0,-0.00015024893561011647,lower,lower,within-protocol descriptive saved-state comparison; no formal tail significance or animal harm inference
measurement_formal,C,C0,1,Q2_postUA_0p5,Q3_postUA_0p5,PN-T4,0.0,0.0,0.0,equal,equal,within-protocol descriptive saved-state comparison; no formal tail significance or animal harm inference
measurement_formal,C,C0,1,Q2_postUA_0p5,Q3_postUA_0p5,PN-T5,-1.5412525724709352e-05,0.0,-0.00030825051449418704,lower,lower,within-protocol descriptive saved-state comparison; no formal tail significance or animal harm inference
measurement_formal,C,C0,1,Q2_ideal_delta,Q3_ideal_delta,PN-NEL-FIXEDDMI,-4.341705064773428e-05,0.0,-0.0008683410129546858,lower,lower,within-protocol descriptive saved-state comparison; no formal tail significance or animal harm inference
measurement_formal,C,C0,1,Q2_ideal_delta,Q3_ideal_delta,PN-CP-SUP,-1.9106731012865163e-05,0.0,-0.0003821346202573032,lower,lower,within-protocol descriptive saved-state comparison; no formal tail significance or animal harm inference
measurement_formal,C,C0,1,Q2_ideal_delta,Q3_ideal_delta,PN-CA-ABS,-6.076563523476486e-06,0.0,-0.00012153127046952972,lower,lower,within-protocol descriptive saved-state comparison; no formal tail significance or animal harm inference
measurement_formal,C,C0,1,Q2_ideal_delta,Q3_ideal_delta,PN-P-ABS,-2.0233676212033834e-05,0.0,-0.0004046735242406767,lower,lower,within-protocol descriptive saved-state comparison; no formal tail significance or animal harm inference
measurement_formal,C,C0,1,Q2_ideal_delta,Q3_ideal_delta,PN-T1,-6.6530860613227365e-06,0.0,-0.00013306172122645472,lower,lower,within-protocol descriptive saved-state comparison; no formal tail significance or animal harm inference
measurement_formal,C,C0,1,Q2_ideal_delta,Q3_ideal_delta,PN-T2,0.0,0.0,0.0,equal,equal,within-protocol descriptive saved-state comparison; no formal tail significance or animal harm inference
measurement_formal,C,C0,1,Q2_ideal_delta,Q3_ideal_delta,PN-T3,-8.736675053523282e-06,0.0,-0.00017473350107046566,lower,lower,within-protocol descriptive saved-state comparison; no formal tail significance or animal harm inference
measurement_formal,C,C0,1,Q2_ideal_delta,Q3_ideal_delta,PN-T4,0.0,0.0,0.0,equal,equal,within-protocol descriptive saved-state comparison; no formal tail significance or animal harm inference
measurement_formal,C,C0,1,Q2_ideal_delta,Q3_ideal_delta,PN-T5,-9.424817470198888e-06,0.0,-0.00018849634940397775,lower,lower,within-protocol descriptive saved-state comparison; no formal tail significance or animal harm inference
measurement_formal,C,C0,2,Q3_postUA_0p1,Q3_raw_noise_0p1,PN-NEL-FIXEDDMI,1.1092544287440498e-05,0.0,0.00022176214539450928,higher,higher,within-protocol descriptive saved-state comparison; no formal tail significance or animal harm inference
measurement_formal,C,C0,2,Q3_postUA_0p1,Q3_raw_noise_0p1,PN-CP-SUP,-1.8728389463365056e-06,0.0,-3.745677892673014e-05,lower,lower,within-protocol descriptive saved-state comparison; no formal tail significance or animal harm inference
measurement_formal,C,C0,2,Q3_postUA_0p1,Q3_raw_noise_0p1,PN-CA-ABS,-1.7693750919029362e-06,0.0,-3.5387501838058724e-05,lower,lower,within-protocol descriptive saved-state comparison; no formal tail significance or animal harm inference
measurement_formal,C,C0,2,Q3_postUA_0p1,Q3_raw_noise_0p1,PN-P-ABS,-2.900279255207417e-06,0.0,-5.800558510414836e-05,lower,lower,within-protocol descriptive saved-state comparison; no formal tail significance or animal harm inference
measurement_formal,C,C0,2,Q3_postUA_0p1,Q3_raw_noise_0p1,PN-T1,-1.9761208491378217e-06,0.0,-3.952241698275645e-05,lower,lower,within-protocol descriptive saved-state comparison; no formal tail significance or animal harm inference
measurement_formal,C,C0,2,Q3_postUA_0p1,Q3_raw_noise_0p1,PN-T2,0.0,0.0,0.0,equal,equal,within-protocol descriptive saved-state comparison; no formal tail significance or animal harm inference
measurement_formal,C,C0,2,Q3_postUA_0p1,Q3_raw_noise_0p1,PN-T3,0.0,0.0,0.0,equal,equal,within-protocol descriptive saved-state comparison; no formal tail significance or animal harm inference
measurement_formal,C,C0,2,Q3_postUA_0p1,Q3_raw_noise_0p1,PN-T4,0.0,0.0,0.0,equal,equal,within-protocol descriptive saved-state comparison; no formal tail significance or animal harm inference
measurement_formal,C,C0,2,Q3_postUA_0p1,Q3_raw_noise_0p1,PN-T5,0.0,0.0,0.0,equal,equal,within-protocol descriptive saved-state comparison; no formal tail significance or animal harm inference
measurement_formal,C,C0,2,Q3_postUA_0p1,Q3_postmean_0p1,PN-NEL-FIXEDDMI,1.5693398812513938e-05,0.0,0.0003137424290597778,higher,higher,within-protocol descriptive saved-state comparison; no formal tail significance or animal harm inference
measurement_formal,C,C0,2,Q3_postUA_0p1,Q3_postmean_0p1,PN-CP-SUP,-2.3375755439774313e-06,0.0,-4.6751510879548504e-05,lower,lower,within-protocol descriptive saved-state comparison; no formal tail significance or animal harm inference
measurement_formal,C,C0,2,Q3_postUA_0p1,Q3_postmean_0p1,PN-CA-ABS,-3.6234211654252117e-06,0.0,-7.246842330850424e-05,lower,lower,within-protocol descriptive saved-state comparison; no formal tail significance or animal harm inference
measurement_formal,C,C0,2,Q3_postUA_0p1,Q3_postmean_0p1,PN-P-ABS,-4.040836097095592e-06,0.0,-8.081672194191183e-05,lower,lower,within-protocol descriptive saved-state comparison; no formal tail significance or animal harm inference
measurement_formal,C,C0,2,Q3_postUA_0p1,Q3_postmean_0p1,PN-T1,-2.080594568251096e-06,0.0,-4.161189136502189e-05,lower,lower,within-protocol descriptive saved-state comparison; no formal tail significance or animal harm inference
measurement_formal,C,C0,2,Q3_postUA_0p1,Q3_postmean_0p1,PN-T2,0.0,0.0,0.0,equal,equal,within-protocol descriptive saved-state comparison; no formal tail significance or animal harm inference
measurement_formal,C,C0,2,Q3_postUA_0p1,Q3_postmean_0p1,PN-T3,0.0,0.0,0.0,equal,equal,within-protocol descriptive saved-state comparison; no formal tail significance or animal harm inference
measurement_formal,C,C0,2,Q3_postUA_0p1,Q3_postmean_0p1,PN-T4,0.0,0.0,0.0,equal,equal,within-protocol descriptive saved-state comparison; no formal tail significance or animal harm inference
measurement_formal,C,C0,2,Q3_postUA_0p1,Q3_postmean_0p1,PN-T5,0.0,0.0,0.0,equal,equal,within-protocol descriptive saved-state comparison; no formal tail significance or animal harm inference
measurement_formal,C,C0,2,Q3_postmean_0p1,Q3_raw_noise_0p1,PN-NEL-FIXEDDMI,-4.60085452507344e-06,0.0,-9.198028366526854e-05,lower,lower,within-protocol descriptive saved-state comparison; no formal tail significance or animal harm inference
measurement_formal,C,C0,2,Q3_postmean_0p1,Q3_raw_noise_0p1,PN-CP-SUP,4.6473659764092575e-07,0.0,9.294731952818366e-06,higher,higher,within-protocol descriptive saved-state comparison; no formal tail significance or animal harm inference
measurement_formal,C,C0,2,Q3_postmean_0p1,Q3_raw_noise_0p1,PN-CA-ABS,1.8540460735222755e-06,0.0,3.708092147044551e-05,higher,higher,within-protocol descriptive saved-state comparison; no formal tail significance or animal harm inference
measurement_formal,C,C0,2,Q3_postmean_0p1,Q3_raw_noise_0p1,PN-P-ABS,1.1405568418881752e-06,0.0,2.2811136837763474e-05,higher,higher,within-protocol descriptive saved-state comparison; no formal tail significance or animal harm inference
measurement_formal,C,C0,2,Q3_postmean_0p1,Q3_raw_noise_0p1,PN-T1,1.0447371911327422e-07,0.0,2.0894743822654437e-06,higher,higher,within-protocol descriptive saved-state comparison; no formal tail significance or animal harm inference
measurement_formal,C,C0,2,Q3_postmean_0p1,Q3_raw_noise_0p1,PN-T2,0.0,0.0,0.0,equal,equal,within-protocol descriptive saved-state comparison; no formal tail significance or animal harm inference
measurement_formal,C,C0,2,Q3_postmean_0p1,Q3_raw_noise_0p1,PN-T3,0.0,0.0,0.0,equal,equal,within-protocol descriptive saved-state comparison; no formal tail significance or animal harm inference
measurement_formal,C,C0,2,Q3_postmean_0p1,Q3_raw_noise_0p1,PN-T4,0.0,0.0,0.0,equal,equal,within-protocol descriptive saved-state comparison; no formal tail significance or animal harm inference
measurement_formal,C,C0,2,Q3_postmean_0p1,Q3_raw_noise_0p1,PN-T5,0.0,0.0,0.0,equal,equal,within-protocol descriptive saved-state comparison; no formal tail significance or animal harm inference
measurement_formal,C,C0,2,Q2_postUA_0p1,Q3_postUA_0p1,PN-NEL-FIXEDDMI,-6.244325830370156e-05,0.0,-0.0012480455805943917,lower,lower,within-protocol descriptive saved-state comparison; no formal tail significance or animal harm inference
measurement_formal,C,C0,2,Q2_postUA_0p1,Q3_postUA_0p1,PN-CP-SUP,-1.3645980805770733e-05,0.0,-0.0002729196161154147,lower,lower,within-protocol descriptive saved-state comparison; no formal tail significance or animal harm inference
measurement_formal,C,C0,2,Q2_postUA_0p1,Q3_postUA_0p1,PN-CA-ABS,-1.660749810000839e-08,0.0,-3.3214996200016786e-07,lower,lower,within-protocol descriptive saved-state comparison; no formal tail significance or animal harm inference
measurement_formal,C,C0,2,Q2_postUA_0p1,Q3_postUA_0p1,PN-P-ABS,-2.700764567118055e-06,0.0,-5.40152913423611e-05,lower,lower,within-protocol descriptive saved-state comparison; no formal tail significance or animal harm inference
measurement_formal,C,C0,2,Q2_postUA_0p1,Q3_postUA_0p1,PN-T1,-1.4145452749671772e-06,0.0,-2.8290905499343545e-05,lower,lower,within-protocol descriptive saved-state comparison; no formal tail significance or animal harm inference
measurement_formal,C,C0,2,Q2_postUA_0p1,Q3_postUA_0p1,PN-T2,0.0,0.0,0.0,equal,equal,within-protocol descriptive saved-state comparison; no formal tail significance or animal harm inference
measurement_formal,C,C0,2,Q2_postUA_0p1,Q3_postUA_0p1,PN-T3,-7.386722965478315e-06,0.0,-0.0001477344593095663,lower,lower,within-protocol descriptive saved-state comparison; no formal tail significance or animal harm inference
measurement_formal,C,C0,2,Q2_postUA_0p1,Q3_postUA_0p1,PN-T4,-5.606729279596563e-07,0.0,-1.1213458559193127e-05,lower,lower,within-protocol descriptive saved-state comparison; no formal tail significance or animal harm inference
measurement_formal,C,C0,2,Q2_postUA_0p1,Q3_postUA_0p1,PN-T5,-2.1386060610263944e-05,0.0,-0.00042772121220527884,lower,lower,within-protocol descriptive saved-state comparison; no formal tail significance or animal harm inference
measurement_formal,C,C0,2,Q3_postUA_0p5,Q3_raw_noise_0p5,PN-NEL-FIXEDDMI,1.514218749084636e-05,0.0,0.0003027226123170014,higher,higher,within-protocol descriptive saved-state comparison; no formal tail significance or animal harm inference
measurement_formal,C,C0,2,Q3_postUA_0p5,Q3_raw_noise_0p5,PN-CP-SUP,-8.597829493391881e-05,0.0,-0.0017195658986783767,lower,lower,within-protocol descriptive saved-state comparison; no formal tail significance or animal harm inference
measurement_formal,C,C0,2,Q3_postUA_0p5,Q3_raw_noise_0p5,PN-CA-ABS,-0.00010598056013256468,0.0,-0.0021196112026512933,lower,lower,within-protocol descriptive saved-state comparison; no formal tail significance or animal harm inference
measurement_formal,C,C0,2,Q3_postUA_0p5,Q3_raw_noise_0p5,PN-P-ABS,-0.0001990997532335216,0.0,-0.003981995064670432,lower,lower,within-protocol descriptive saved-state comparison; no formal tail significance or animal harm inference
measurement_formal,C,C0,2,Q3_postUA_0p5,Q3_raw_noise_0p5,PN-T1,-0.00010096275154001792,0.0,-0.0020192550308003585,lower,lower,within-protocol descriptive saved-state comparison; no formal tail significance or animal harm inference
measurement_formal,C,C0,2,Q3_postUA_0p5,Q3_raw_noise_0p5,PN-T2,0.0,0.0,0.0,equal,equal,within-protocol descriptive saved-state comparison; no formal tail significance or animal harm inference
measurement_formal,C,C0,2,Q3_postUA_0p5,Q3_raw_noise_0p5,PN-T3,-3.78023610026274e-05,0.0,-0.0007560472200525479,lower,lower,within-protocol descriptive saved-state comparison; no formal tail significance or animal harm inference
measurement_formal,C,C0,2,Q3_postUA_0p5,Q3_raw_noise_0p5,PN-T4,-2.3126718675397413e-06,0.0,-4.625343735079482e-05,lower,lower,within-protocol descriptive saved-state comparison; no formal tail significance or animal harm inference
measurement_formal,C,C0,2,Q3_postUA_0p5,Q3_raw_noise_0p5,PN-T5,-0.00020106966187433803,0.0,-0.00402139323748676,lower,lower,within-protocol descriptive saved-state comparison; no formal tail significance or animal harm inference
measurement_formal,C,C0,2,Q3_postUA_0p5,Q3_postmean_0p5,PN-NEL-FIXEDDMI,0.0001127318958215793,0.0,0.0022537360612650136,higher,higher,within-protocol descriptive saved-state comparison; no formal tail significance or animal harm inference
measurement_formal,C,C0,2,Q3_postUA_0p5,Q3_postmean_0p5,PN-CP-SUP,-0.00015190665364762018,0.0,-0.0030381330729524047,lower,lower,within-protocol descriptive saved-state comparison; no formal tail significance or animal harm inference
measurement_formal,C,C0,2,Q3_postUA_0p5,Q3_postmean_0p5,PN-CA-ABS,-0.0003214705949496205,0.0,-0.006429411898992412,lower,lower,within-protocol descriptive saved-state comparison; no formal tail significance or animal harm inference
measurement_formal,C,C0,2,Q3_postUA_0p5,Q3_postmean_0p5,PN-P-ABS,-0.0005140861050627451,0.0,-0.010281722101254902,lower,lower,within-protocol descriptive saved-state comparison; no formal tail significance or animal harm inference
measurement_formal,C,C0,2,Q3_postUA_0p5,Q3_postmean_0p5,PN-T1,-0.00033116888217565003,0.0,-0.0066233776435130004,lower,lower,within-protocol descriptive saved-state comparison; no formal tail significance or animal harm inference
measurement_formal,C,C0,2,Q3_postUA_0p5,Q3_postmean_0p5,PN-T2,0.0,0.0,0.0,equal,equal,within-protocol descriptive saved-state comparison; no formal tail significance or animal harm inference
measurement_formal,C,C0,2,Q3_postUA_0p5,Q3_postmean_0p5,PN-T3,-5.236409211411194e-05,0.0,-0.001047281842282239,lower,lower,within-protocol descriptive saved-state comparison; no formal tail significance or animal harm inference
measurement_formal,C,C0,2,Q3_postUA_0p5,Q3_postmean_0p5,PN-T4,-2.18389843781519e-06,0.0,-4.36779687563038e-05,lower,lower,within-protocol descriptive saved-state comparison; no formal tail significance or animal harm inference
measurement_formal,C,C0,2,Q3_postUA_0p5,Q3_postmean_0p5,PN-T5,-0.0003309037250184229,0.0,-0.006618074500368457,lower,lower,within-protocol descriptive saved-state comparison; no formal tail significance or animal harm inference
measurement_formal,C,C0,2,Q3_postmean_0p5,Q3_raw_noise_0p5,PN-NEL-FIXEDDMI,-9.758970833073294e-05,0.0,-0.0019510134489480122,lower,lower,within-protocol descriptive saved-state comparison; no formal tail significance or animal harm inference
measurement_formal,C,C0,2,Q3_postmean_0p5,Q3_raw_noise_0p5,PN-CP-SUP,6.592835871370138e-05,0.0,0.001318567174274028,higher,higher,within-protocol descriptive saved-state comparison; no formal tail significance or animal harm inference
measurement_formal,C,C0,2,Q3_postmean_0p5,Q3_raw_noise_0p5,PN-CA-ABS,0.00021549003481705585,0.0,0.004309800696341119,higher,higher,within-protocol descriptive saved-state comparison; no formal tail significance or animal harm inference
measurement_formal,C,C0,2,Q3_postmean_0p5,Q3_raw_noise_0p5,PN-P-ABS,0.0003149863518292236,0.0,0.00629972703658447,higher,higher,within-protocol descriptive saved-state comparison; no formal tail significance or animal harm inference
measurement_formal,C,C0,2,Q3_postmean_0p5,Q3_raw_noise_0p5,PN-T1,0.0002302061306356321,0.0,0.0046041226127126415,higher,higher,within-protocol descriptive saved-state comparison; no formal tail significance or animal harm inference
measurement_formal,C,C0,2,Q3_postmean_0p5,Q3_raw_noise_0p5,PN-T2,0.0,0.0,0.0,equal,equal,within-protocol descriptive saved-state comparison; no formal tail significance or animal harm inference
measurement_formal,C,C0,2,Q3_postmean_0p5,Q3_raw_noise_0p5,PN-T3,1.4561731111484543e-05,0.0,0.00029123462222969086,higher,higher,within-protocol descriptive saved-state comparison; no formal tail significance or animal harm inference
measurement_formal,C,C0,2,Q3_postmean_0p5,Q3_raw_noise_0p5,PN-T4,-1.2877342972455114e-07,0.0,-2.5754685944910177e-06,lower,lower,within-protocol descriptive saved-state comparison; no formal tail significance or animal harm inference
measurement_formal,C,C0,2,Q3_postmean_0p5,Q3_raw_noise_0p5,PN-T5,0.00012983406314408485,0.0,0.0025966812628816964,higher,higher,within-protocol descriptive saved-state comparison; no formal tail significance or animal harm inference
measurement_formal,C,C0,2,Q2_postUA_0p5,Q3_postUA_0p5,PN-NEL-FIXEDDMI,-5.38088448692043e-05,0.0,-0.0010757464266251326,lower,lower,within-protocol descriptive saved-state comparison; no formal tail significance or animal harm inference
measurement_formal,C,C0,2,Q2_postUA_0p5,Q3_postUA_0p5,PN-CP-SUP,-2.2898191369032464e-05,0.0,-0.0004579638273806492,lower,lower,within-protocol descriptive saved-state comparison; no formal tail significance or animal harm inference
measurement_formal,C,C0,2,Q2_postUA_0p5,Q3_postUA_0p5,PN-CA-ABS,-7.511326296388167e-06,0.0,-0.00015022652592776336,lower,lower,within-protocol descriptive saved-state comparison; no formal tail significance or animal harm inference
measurement_formal,C,C0,2,Q2_postUA_0p5,Q3_postUA_0p5,PN-P-ABS,-6.913006768564383e-06,0.0,-0.00013826013537128766,lower,lower,within-protocol descriptive saved-state comparison; no formal tail significance or animal harm inference
measurement_formal,C,C0,2,Q2_postUA_0p5,Q3_postUA_0p5,PN-T1,-2.2435746804115965e-05,0.0,-0.0004487149360823193,lower,lower,within-protocol descriptive saved-state comparison; no formal tail significance or animal harm inference
measurement_formal,C,C0,2,Q2_postUA_0p5,Q3_postUA_0p5,PN-T2,0.0,0.0,0.0,equal,equal,within-protocol descriptive saved-state comparison; no formal tail significance or animal harm inference
measurement_formal,C,C0,2,Q2_postUA_0p5,Q3_postUA_0p5,PN-T3,-6.54636192124055e-06,0.0,-0.000130927238424811,lower,lower,within-protocol descriptive saved-state comparison; no formal tail significance or animal harm inference
measurement_formal,C,C0,2,Q2_postUA_0p5,Q3_postUA_0p5,PN-T4,-5.732782824892553e-07,0.0,-1.1465565649785107e-05,lower,lower,within-protocol descriptive saved-state comparison; no formal tail significance or animal harm inference
measurement_formal,C,C0,2,Q2_postUA_0p5,Q3_postUA_0p5,PN-T5,-2.5452191825745643e-05,0.0,-0.0005090438365149129,lower,lower,within-protocol descriptive saved-state comparison; no formal tail significance or animal harm inference
measurement_formal,C,C0,2,Q2_ideal_delta,Q3_ideal_delta,PN-NEL-FIXEDDMI,-4.029050120122868e-05,0.0,-0.0008050044952280574,lower,lower,within-protocol descriptive saved-state comparison; no formal tail significance or animal harm inference
measurement_formal,C,C0,2,Q2_ideal_delta,Q3_ideal_delta,PN-CP-SUP,-9.615495493349725e-06,0.0,-0.00019230990986699446,lower,lower,within-protocol descriptive saved-state comparison; no formal tail significance or animal harm inference
measurement_formal,C,C0,2,Q2_ideal_delta,Q3_ideal_delta,PN-CA-ABS,-1.6021556268520342e-07,0.0,-3.2043112537040686e-06,lower,lower,within-protocol descriptive saved-state comparison; no formal tail significance or animal harm inference
measurement_formal,C,C0,2,Q2_ideal_delta,Q3_ideal_delta,PN-P-ABS,-2.9646853521571297e-06,0.0,-5.92937070431426e-05,lower,lower,within-protocol descriptive saved-state comparison; no formal tail significance or animal harm inference
measurement_formal,C,C0,2,Q2_ideal_delta,Q3_ideal_delta,PN-T1,7.736801380328425e-07,0.0,1.5473602760656877e-05,higher,higher,within-protocol descriptive saved-state comparison; no formal tail significance or animal harm inference
measurement_formal,C,C0,2,Q2_ideal_delta,Q3_ideal_delta,PN-T2,0.0,0.0,0.0,equal,equal,within-protocol descriptive saved-state comparison; no formal tail significance or animal harm inference
measurement_formal,C,C0,2,Q2_ideal_delta,Q3_ideal_delta,PN-T3,-7.758911241532893e-06,0.0,-0.00015517822483065787,lower,lower,within-protocol descriptive saved-state comparison; no formal tail significance or animal harm inference
measurement_formal,C,C0,2,Q2_ideal_delta,Q3_ideal_delta,PN-T4,0.0,0.0,0.0,equal,equal,within-protocol descriptive saved-state comparison; no formal tail significance or animal harm inference
measurement_formal,C,C0,2,Q2_ideal_delta,Q3_ideal_delta,PN-T5,-1.6656238254702708e-05,0.0,-0.00033312476509405416,lower,lower,within-protocol descriptive saved-state comparison; no formal tail significance or animal harm inference
