root_k,evaluation_world,target_alpha,cell_id,sd_arm,objective_arm,label,method_id,method_family,entry_role,has_ration,selection_status,selected_param,solver_status,infeasibility_scope,membership_event,membership_stat,rate_lower,rate_upper,cp_upper,target_met,in_comparable_set,comparable_set_size,grid_n_candidates,grid_n_candidates_with_ration,grid_min_rate_upper,grid_min_rate_upper_cp_upper,grid_min_rate_upper_param,grid_min_label,frontier_N,frontier_status,frontier_m_star_lower_over_N,frontier_m_star_upper_over_N,frontier_rate_lower,frontier_rate_upper,frontier_cp_upper,frontier_label
1,SD-H0,0.05,SD12MO_MAIN9,SD-12MO,MAIN9,SD12MO_MAIN9:M0,M0_nominal,M0_nominal,entry,True,,,optimal,,main_reference_plan_domain,cp_upper,0.8698,0.8698,0.8753052223906154,False,False,0,1,1,0.8698,0.8753052223906154,,minimum attainable main-event rate_upper over the declared grid (descriptive; its cost is not a comparable cost),1024,optimal,0.0009765625,0.0009765625,0.3214,0.3217,0.3294713297167366,"diagnostic frontier point (training scenarios only); not a method, never a member"
1,SD-H0,0.05,SD12MO_MAIN9,SD-12MO,MAIN9,"SD12MO_MAIN9:M1[relative,apply_to_dm=False]@alpha=0.05",M1_safety_margin,M1_safety_margin[apply_to_dm=False],sensitivity_line,False,not_met,,,"no value of the declared grid met the validation screen (candidate statuses: optimal, proven_infeasible); a grid without a solution is not a statement about the whole decision space",main_reference_plan_domain,cp_upper,,,,,False,0,5,4,0.4973,0.5055739570755036,k=0.075,minimum attainable main-event rate_upper over the declared grid (descriptive; its cost is not a comparable cost),1024,optimal,0.0009765625,0.0009765625,0.3214,0.3217,0.3294713297167366,"diagnostic frontier point (training scenarios only); not a method, never a member"
1,SD-H0,0.05,SD12MO_MAIN9,SD-12MO,MAIN9,"SD12MO_MAIN9:M1[relative,apply_to_dm=True]@alpha=0.05",M1_safety_margin,M1_safety_margin[apply_to_dm=True],entry,False,not_met,,,"no value of the declared grid met the validation screen (candidate statuses: optimal, proven_infeasible); a grid without a solution is not a statement about the whole decision space",main_reference_plan_domain,cp_upper,,,,,False,0,5,2,0.7436,0.7507791053352326,k=0.025,minimum attainable main-event rate_upper over the declared grid (descriptive; its cost is not a comparable cost),1024,optimal,0.0009765625,0.0009765625,0.3214,0.3217,0.3294713297167366,"diagnostic frontier point (training scenarios only); not a method, never a member"
1,SD-H0,0.05,SD12MO_MAIN9,SD-12MO,MAIN9,SD12MO_MAIN9:M2[N=1024]@alpha=0.05,M2_joint_chance_saa,M2_joint_chance_saa[N=1024],entry,True,selected,alpha_train=0.0375,feasible_time_limit,,main_reference_plan_domain,cp_upper,0.3861,0.3863,0.39438256137478395,False,False,0,4,4,0.349,0.3569220897209831,alpha_train=0.0125,minimum attainable main-event rate_upper over the declared grid (descriptive; its cost is not a comparable cost),1024,optimal,0.0009765625,0.0009765625,0.3214,0.3217,0.3294713297167366,"diagnostic frontier point (training scenarios only); not a method, never a member"
1,SD-H0,0.05,SD12MO_MAIN9,SD-12MO,MAIN9,SD12MO_MAIN9:M2[N=128]@alpha=0.05,M2_joint_chance_saa,M2_joint_chance_saa[N=128],entry,False,not_met,,,no value of the declared grid met the validation screen (candidate statuses: optimal); a grid without a solution is not a statement about the whole decision space,main_reference_plan_domain,cp_upper,,,,,False,0,4,4,0.4898,0.4980739807258836,alpha_train=0.0125,minimum attainable main-event rate_upper over the declared grid (descriptive; its cost is not a comparable cost),128,optimal,0.0,0.0,0.477,0.4772,0.48546985158072486,"diagnostic frontier point (training scenarios only); not a method, never a member"
1,SD-H0,0.05,SD12MO_MAIN9,SD-12MO,MAIN9,SD12MO_MAIN9:M2[N=512]@alpha=0.05,M2_joint_chance_saa,M2_joint_chance_saa[N=512],entry,True,selected,alpha_train=0.025,optimal,,main_reference_plan_domain,cp_upper,0.4035,0.4037,0.411840284434965,False,False,0,4,4,0.4037,0.411840284434965,alpha_train=0.025,minimum attainable main-event rate_upper over the declared grid (descriptive; its cost is not a comparable cost),512,optimal,0.0,0.0,0.3164,0.3167,0.324440516910407,"diagnostic frontier point (training scenarios only); not a method, never a member"
1,SD-H0,0.05,SD12MO_MAIN9,SD-12MO,MAIN9,SD12MO_MAIN9:M3a[factory box]@alpha=0.05,M3a_box_robust,M3a_box_robust,entry,False,not_met,,,"no value of the declared grid met the validation screen (candidate statuses: optimal, proven_infeasible); a grid without a solution is not a statement about the whole decision space",main_reference_plan_domain,cp_upper,,,,,False,0,5,1,0.7007,0.7082387527216175,k_box=1.0,minimum attainable main-event rate_upper over the declared grid (descriptive; its cost is not a comparable cost),1024,optimal,0.0009765625,0.0009765625,0.3214,0.3217,0.3294713297167366,"diagnostic frontier point (training scenarios only); not a method, never a member"
1,SD-H0,0.05,SD12MO_MAIN9,SD-12MO,MAIN9,"SD12MO_MAIN9:M3b[factory box k=3, Gamma selected]@alpha=0.05",M3b_budget_robust,M3b_budget_robust,entry,True,selected,gamma=1,optimal,,main_reference_plan_domain,cp_upper,0.3543,0.3546,0.3625494638292778,False,False,0,35,17,0.3546,0.3625494638292778,"gamma=1 {""k_box"": 3.0}",minimum attainable main-event rate_upper over the declared grid (descriptive; its cost is not a comparable cost),1024,optimal,0.0009765625,0.0009765625,0.3214,0.3217,0.3294713297167366,"diagnostic frontier point (training scenarios only); not a method, never a member"
1,SD-H0,0.05,SDH0_MAIN9,SD-H0,MAIN9,SDH0_MAIN9:M0,M0_nominal,M0_nominal,entry,True,,,optimal,,main_reference_plan_domain,cp_upper,0.8698,0.8698,0.8753052223906154,False,False,0,1,1,0.8698,0.8753052223906154,,minimum attainable main-event rate_upper over the declared grid (descriptive; its cost is not a comparable cost),1024,frontier_no_feasible_solution_found_no_ration,0.0556640625,0.21484375,,,,
1,SD-H0,0.05,SDH0_MAIN9,SD-H0,MAIN9,"SDH0_MAIN9:M1[relative,apply_to_dm=False]@alpha=0.05",M1_safety_margin,M1_safety_margin[apply_to_dm=False],sensitivity_line,False,not_met,,,"no value of the declared grid met the validation screen (candidate statuses: optimal, proven_infeasible); a grid without a solution is not a statement about the whole decision space",main_reference_plan_domain,cp_upper,,,,,False,0,5,4,0.4973,0.5055739570755036,k=0.075,minimum attainable main-event rate_upper over the declared grid (descriptive; its cost is not a comparable cost),1024,frontier_no_feasible_solution_found_no_ration,0.0556640625,0.21484375,,,,
1,SD-H0,0.05,SDH0_MAIN9,SD-H0,MAIN9,"SDH0_MAIN9:M1[relative,apply_to_dm=True]@alpha=0.05",M1_safety_margin,M1_safety_margin[apply_to_dm=True],entry,False,not_met,,,"no value of the declared grid met the validation screen (candidate statuses: optimal, proven_infeasible); a grid without a solution is not a statement about the whole decision space",main_reference_plan_domain,cp_upper,,,,,False,0,5,2,0.7436,0.7507791053352326,k=0.025,minimum attainable main-event rate_upper over the declared grid (descriptive; its cost is not a comparable cost),1024,frontier_no_feasible_solution_found_no_ration,0.0556640625,0.21484375,,,,
1,SD-H0,0.05,SDH0_MAIN9,SD-H0,MAIN9,SDH0_MAIN9:M2[N=1024]@alpha=0.05,M2_joint_chance_saa,M2_joint_chance_saa[N=1024],entry,False,not_met,,,"SAA over the N training scenarios proven infeasible for every alpha_train of the declared grid (training scenarios only; not a population, field or whole-space statement)",main_reference_plan_domain,cp_upper,,,,,False,0,4,0,,,,no scored grid candidate with a ration (not a whole-space statement),1024,frontier_no_feasible_solution_found_no_ration,0.0556640625,0.21484375,,,,
1,SD-H0,0.05,SDH0_MAIN9,SD-H0,MAIN9,SDH0_MAIN9:M2[N=128]@alpha=0.05,M2_joint_chance_saa,M2_joint_chance_saa[N=128],entry,False,not_met,,,"SAA over the N training scenarios proven infeasible for every alpha_train of the declared grid (training scenarios only; not a population, field or whole-space statement)",main_reference_plan_domain,cp_upper,,,,,False,0,4,0,,,,no scored grid candidate with a ration (not a whole-space statement),128,optimal,0.171875,0.2109375,0.1519,0.1523,0.15833496842356548,"diagnostic frontier point (training scenarios only); not a method, never a member"
1,SD-H0,0.05,SDH0_MAIN9,SD-H0,MAIN9,SDH0_MAIN9:M2[N=512]@alpha=0.05,M2_joint_chance_saa,M2_joint_chance_saa[N=512],entry,False,not_met,,,"SAA over the N training scenarios proven infeasible for every alpha_train of the declared grid (training scenarios only; not a population, field or whole-space statement)",main_reference_plan_domain,cp_upper,,,,,False,0,4,0,,,,no scored grid candidate with a ration (not a whole-space statement),512,frontier_no_feasible_solution_found_no_ration,0.06640625,0.189453125,,,,
1,SD-H0,0.05,SDH0_MAIN9,SD-H0,MAIN9,SDH0_MAIN9:M3a[factory box]@alpha=0.05,M3a_box_robust,M3a_box_robust,entry,False,not_met,,,no value of the declared grid met the validation screen (candidate statuses: proven_infeasible); a grid without a solution is not a statement about the whole decision space,main_reference_plan_domain,cp_upper,,,,,False,0,5,0,,,,no scored grid candidate with a ration (not a whole-space statement),1024,frontier_no_feasible_solution_found_no_ration,0.0556640625,0.21484375,,,,
1,SD-H0,0.05,SDH0_MAIN9,SD-H0,MAIN9,SDH0_MAIN9:M3b[factory box]@alpha=0.05,M3b_budget_robust,M3b_budget_robust,entry,False,not_met,,,"no value of the declared grid met the validation screen (candidate statuses: optimal, proven_infeasible); a grid without a solution is not a statement about the whole decision space",main_reference_plan_domain,cp_upper,,,,,False,0,35,6,0.5565,0.5647086632397,"gamma=1 {""k_box"": 1.0}",minimum attainable main-event rate_upper over the declared grid (descriptive; its cost is not a comparable cost),1024,frontier_no_feasible_solution_found_no_ration,0.0556640625,0.21484375,,,,
1,SD-H0,0.05,SDS2_MAIN9,SD-S2,MAIN9,SDS2_MAIN9:M0,M0_nominal,M0_nominal,entry,True,,,optimal,,main_reference_plan_domain,cp_upper,0.8698,0.8698,0.8753052223906154,False,False,0,1,1,0.8698,0.8753052223906154,,minimum attainable main-event rate_upper over the declared grid (descriptive; its cost is not a comparable cost),1024,optimal,0.0,0.0,0.2836,0.2839,0.2914124229909964,"diagnostic frontier point (training scenarios only); not a method, never a member"
1,SD-H0,0.05,SDS2_MAIN9,SD-S2,MAIN9,"SDS2_MAIN9:M1[relative,apply_to_dm=False]@alpha=0.05",M1_safety_margin,M1_safety_margin[apply_to_dm=False],sensitivity_line,True,selected,k=0.075,optimal,,main_reference_plan_domain,cp_upper,0.497,0.4973,0.5055739570755036,False,False,0,5,4,0.4973,0.5055739570755036,k=0.075,minimum attainable main-event rate_upper over the declared grid (descriptive; its cost is not a comparable cost),1024,optimal,0.0,0.0,0.2836,0.2839,0.2914124229909964,"diagnostic frontier point (training scenarios only); not a method, never a member"
1,SD-H0,0.05,SDS2_MAIN9,SD-S2,MAIN9,"SDS2_MAIN9:M1[relative,apply_to_dm=True]@alpha=0.05",M1_safety_margin,M1_safety_margin[apply_to_dm=True],entry,False,not_met,,,"no value of the declared grid met the validation screen (candidate statuses: optimal, proven_infeasible); a grid without a solution is not a statement about the whole decision space",main_reference_plan_domain,cp_upper,,,,,False,0,5,2,0.7436,0.7507791053352326,k=0.025,minimum attainable main-event rate_upper over the declared grid (descriptive; its cost is not a comparable cost),1024,optimal,0.0,0.0,0.2836,0.2839,0.2914124229909964,"diagnostic frontier point (training scenarios only); not a method, never a member"
1,SD-H0,0.05,SDS2_MAIN9,SD-S2,MAIN9,SDS2_MAIN9:M2[N=1024]@alpha=0.05,M2_joint_chance_saa,M2_joint_chance_saa[N=1024],entry,True,selected,alpha_train=0.025,feasible_time_limit,,main_reference_plan_domain,cp_upper,0.3925,0.3927,0.40080503291931463,False,False,0,4,4,0.3239,0.3316845672093952,alpha_train=0.0125,minimum attainable main-event rate_upper over the declared grid (descriptive; its cost is not a comparable cost),1024,optimal,0.0,0.0,0.2836,0.2839,0.2914124229909964,"diagnostic frontier point (training scenarios only); not a method, never a member"
1,SD-H0,0.05,SDS2_MAIN9,SD-S2,MAIN9,SDS2_MAIN9:M2[N=128]@alpha=0.05,M2_joint_chance_saa,M2_joint_chance_saa[N=128],entry,False,not_met,,,no value of the declared grid met the validation screen (candidate statuses: optimal); a grid without a solution is not a statement about the whole decision space,main_reference_plan_domain,cp_upper,,,,,False,0,4,4,0.5024,0.5106728841007919,alpha_train=0.05,minimum attainable main-event rate_upper over the declared grid (descriptive; its cost is not a comparable cost),128,optimal,0.0,0.0,0.5208,0.521,0.5292617182534284,"diagnostic frontier point (training scenarios only); not a method, never a member"
1,SD-H0,0.05,SDS2_MAIN9,SD-S2,MAIN9,SDS2_MAIN9:M2[N=512]@alpha=0.05,M2_joint_chance_saa,M2_joint_chance_saa[N=512],entry,True,selected,alpha_train=0.025,optimal,,main_reference_plan_domain,cp_upper,0.3776,0.3778,0.38585045862443773,False,False,0,4,4,0.3695,0.37751659639047225,alpha_train=0.0125,minimum attainable main-event rate_upper over the declared grid (descriptive; its cost is not a comparable cost),512,optimal,0.0,0.0,0.3046,0.3049,0.31256372698135687,"diagnostic frontier point (training scenarios only); not a method, never a member"
1,SD-H0,0.05,SDS2_MAIN9,SD-S2,MAIN9,SDS2_MAIN9:M3a[factory box]@alpha=0.05,M3a_box_robust,M3a_box_robust,entry,True,selected,k_box=1.5,optimal,,main_reference_plan_domain,cp_upper,0.3846,0.3849,0.392977451727079,False,False,0,5,2,0.3849,0.392977451727079,k_box=1.5,minimum attainable main-event rate_upper over the declared grid (descriptive; its cost is not a comparable cost),1024,optimal,0.0,0.0,0.2836,0.2839,0.2914124229909964,"diagnostic frontier point (training scenarios only); not a method, never a member"
1,SD-H0,0.05,SDS2_MAIN9,SD-S2,MAIN9,"SDS2_MAIN9:M3b[factory box k=1.5, Gamma selected]@alpha=0.05",M3b_budget_robust,M3b_budget_robust,entry,True,selected,gamma=3,optimal,,main_reference_plan_domain,cp_upper,0.4737,0.4739,0.48216790518924446,False,False,0,35,24,0.3107,0.3184021927786812,"gamma=3 {""k_box"": 2.0}",minimum attainable main-event rate_upper over the declared grid (descriptive; its cost is not a comparable cost),1024,optimal,0.0,0.0,0.2836,0.2839,0.2914124229909964,"diagnostic frontier point (training scenarios only); not a method, never a member"
1,SD-H0,0.05,SDSRC12_MAIN9,SD-SRC12,MAIN9,SDSRC12_MAIN9:M0,M0_nominal,M0_nominal,entry,True,,,optimal,,main_reference_plan_domain,cp_upper,0.8698,0.8698,0.8753052223906154,False,False,0,1,1,0.8698,0.8753052223906154,,minimum attainable main-event rate_upper over the declared grid (descriptive; its cost is not a comparable cost),1024,frontier_no_feasible_solution_found_no_ration,0.0126953125,0.0380859375,,,,
1,SD-H0,0.05,SDSRC12_MAIN9,SD-SRC12,MAIN9,"SDSRC12_MAIN9:M1[relative,apply_to_dm=False]@alpha=0.05",M1_safety_margin,M1_safety_margin[apply_to_dm=False],sensitivity_line,False,not_met,,,"no value of the declared grid met the validation screen (candidate statuses: optimal, proven_infeasible); a grid without a solution is not a statement about the whole decision space",main_reference_plan_domain,cp_upper,,,,,False,0,5,4,0.4973,0.5055739570755036,k=0.075,minimum attainable main-event rate_upper over the declared grid (descriptive; its cost is not a comparable cost),1024,frontier_no_feasible_solution_found_no_ration,0.0126953125,0.0380859375,,,,
1,SD-H0,0.05,SDSRC12_MAIN9,SD-SRC12,MAIN9,"SDSRC12_MAIN9:M1[relative,apply_to_dm=True]@alpha=0.05",M1_safety_margin,M1_safety_margin[apply_to_dm=True],entry,False,not_met,,,"no value of the declared grid met the validation screen (candidate statuses: optimal, proven_infeasible); a grid without a solution is not a statement about the whole decision space",main_reference_plan_domain,cp_upper,,,,,False,0,5,2,0.7436,0.7507791053352326,k=0.025,minimum attainable main-event rate_upper over the declared grid (descriptive; its cost is not a comparable cost),1024,frontier_no_feasible_solution_found_no_ration,0.0126953125,0.0380859375,,,,
1,SD-H0,0.05,SDSRC12_MAIN9,SD-SRC12,MAIN9,SDSRC12_MAIN9:M2[N=1024]@alpha=0.05,M2_joint_chance_saa,M2_joint_chance_saa[N=1024],entry,False,not_met,,,"no value of the declared grid met the validation screen (candidate statuses: feasible_time_limit, no_feasible_solution_found, proven_infeasible); a grid without a solution is not a statement about the whole decision space",main_reference_plan_domain,cp_upper,,,,,False,0,4,1,0.134,0.13973212816805447,alpha_train=0.05,minimum attainable main-event rate_upper over the declared grid (descriptive; its cost is not a comparable cost),1024,frontier_no_feasible_solution_found_no_ration,0.0126953125,0.0380859375,,,,
1,SD-H0,0.05,SDSRC12_MAIN9,SD-SRC12,MAIN9,SDSRC12_MAIN9:M2[N=128]@alpha=0.05,M2_joint_chance_saa,M2_joint_chance_saa[N=128],entry,False,not_met,,,"no value of the declared grid met the validation screen (candidate statuses: optimal, proven_infeasible); a grid without a solution is not a statement about the whole decision space",main_reference_plan_domain,cp_upper,,,,,False,0,4,3,0.1518,0.15782710984845305,alpha_train=0.05,minimum attainable main-event rate_upper over the declared grid (descriptive; its cost is not a comparable cost),128,optimal,0.0234375,0.0234375,0.1561,0.1566,0.1627016472215836,"diagnostic frontier point (training scenarios only); not a method, never a member"
1,SD-H0,0.05,SDSRC12_MAIN9,SD-SRC12,MAIN9,SDSRC12_MAIN9:M2[N=512]@alpha=0.05,M2_joint_chance_saa,M2_joint_chance_saa[N=512],entry,False,not_met,,,"no value of the declared grid met the validation screen (candidate statuses: feasible_time_limit, proven_infeasible); a grid without a solution is not a statement about the whole decision space",main_reference_plan_domain,cp_upper,,,,,False,0,4,2,0.1416,0.14746180874778766,alpha_train=0.0375,minimum attainable main-event rate_upper over the declared grid (descriptive; its cost is not a comparable cost),512,optimal,0.03125,0.03125,0.1509,0.1514,0.15742080698382052,"diagnostic frontier point (training scenarios only); not a method, never a member"
1,SD-H0,0.05,SDSRC12_MAIN9,SD-SRC12,MAIN9,SDSRC12_MAIN9:M3a[factory box]@alpha=0.05,M3a_box_robust,M3a_box_robust,entry,False,not_met,,,no value of the declared grid met the validation screen (candidate statuses: proven_infeasible); a grid without a solution is not a statement about the whole decision space,main_reference_plan_domain,cp_upper,,,,,False,0,5,0,,,,no scored grid candidate with a ration (not a whole-space statement),1024,frontier_no_feasible_solution_found_no_ration,0.0126953125,0.0380859375,,,,
1,SD-H0,0.05,SDSRC12_MAIN9,SD-SRC12,MAIN9,SDSRC12_MAIN9:M3b[factory box]@alpha=0.05,M3b_budget_robust,M3b_budget_robust,entry,False,not_met,,,"no value of the declared grid met the validation screen (candidate statuses: optimal, proven_infeasible); a grid without a solution is not a statement about the whole decision space",main_reference_plan_domain,cp_upper,,,,,False,0,35,10,0.2665,0.2738721184346025,"gamma=1 {""k_box"": 2.0}",minimum attainable main-event rate_upper over the declared grid (descriptive; its cost is not a comparable cost),1024,frontier_no_feasible_solution_found_no_ration,0.0126953125,0.0380859375,,,,
1,SD-H0,0.05,SDSRC14_MAIN9,SD-SRC14,MAIN9,SDSRC14_MAIN9:M0,M0_nominal,M0_nominal,entry,True,,,optimal,,main_reference_plan_domain,cp_upper,0.8698,0.8698,0.8753052223906154,False,False,0,1,1,0.8698,0.8753052223906154,,minimum attainable main-event rate_upper over the declared grid (descriptive; its cost is not a comparable cost),1024,optimal,0.0,0.0,0.2106,0.2109,0.21772203982025298,"diagnostic frontier point (training scenarios only); not a method, never a member"
1,SD-H0,0.05,SDSRC14_MAIN9,SD-SRC14,MAIN9,"SDSRC14_MAIN9:M1[relative,apply_to_dm=False]@alpha=0.05",M1_safety_margin,M1_safety_margin[apply_to_dm=False],sensitivity_line,False,not_met,,,"no value of the declared grid met the validation screen (candidate statuses: optimal, proven_infeasible); a grid without a solution is not a statement about the whole decision space",main_reference_plan_domain,cp_upper,,,,,False,0,5,4,0.4973,0.5055739570755036,k=0.075,minimum attainable main-event rate_upper over the declared grid (descriptive; its cost is not a comparable cost),1024,optimal,0.0,0.0,0.2106,0.2109,0.21772203982025298,"diagnostic frontier point (training scenarios only); not a method, never a member"
1,SD-H0,0.05,SDSRC14_MAIN9,SD-SRC14,MAIN9,"SDSRC14_MAIN9:M1[relative,apply_to_dm=True]@alpha=0.05",M1_safety_margin,M1_safety_margin[apply_to_dm=True],entry,False,not_met,,,"no value of the declared grid met the validation screen (candidate statuses: optimal, proven_infeasible); a grid without a solution is not a statement about the whole decision space",main_reference_plan_domain,cp_upper,,,,,False,0,5,2,0.7436,0.7507791053352326,k=0.025,minimum attainable main-event rate_upper over the declared grid (descriptive; its cost is not a comparable cost),1024,optimal,0.0,0.0,0.2106,0.2109,0.21772203982025298,"diagnostic frontier point (training scenarios only); not a method, never a member"
1,SD-H0,0.05,SDSRC14_MAIN9,SD-SRC14,MAIN9,SDSRC14_MAIN9:M2[N=1024]@alpha=0.05,M2_joint_chance_saa,M2_joint_chance_saa[N=1024],entry,True,selected,alpha_train=0.025,feasible_time_limit,,main_reference_plan_domain,cp_upper,0.1768,0.1772,0.1835999854374344,False,False,0,4,4,0.1772,0.1835999854374344,alpha_train=0.025,minimum attainable main-event rate_upper over the declared grid (descriptive; its cost is not a comparable cost),1024,optimal,0.0,0.0,0.2106,0.2109,0.21772203982025298,"diagnostic frontier point (training scenarios only); not a method, never a member"
1,SD-H0,0.05,SDSRC14_MAIN9,SD-SRC14,MAIN9,SDSRC14_MAIN9:M2[N=128]@alpha=0.05,M2_joint_chance_saa,M2_joint_chance_saa[N=128],entry,False,not_met,,,no value of the declared grid met the validation screen (candidate statuses: optimal); a grid without a solution is not a statement about the whole decision space,main_reference_plan_domain,cp_upper,,,,,False,0,4,4,0.1792,0.18562720790136347,alpha_train=0.0125,minimum attainable main-event rate_upper over the declared grid (descriptive; its cost is not a comparable cost),128,optimal,0.0,0.0,0.1823,0.1827,0.1891741482756797,"diagnostic frontier point (training scenarios only); not a method, never a member"
1,SD-H0,0.05,SDSRC14_MAIN9,SD-SRC14,MAIN9,SDSRC14_MAIN9:M2[N=512]@alpha=0.05,M2_joint_chance_saa,M2_joint_chance_saa[N=512],entry,True,selected,alpha_train=0.0125,optimal,,main_reference_plan_domain,cp_upper,0.1665,0.1669,0.17315502456244022,False,False,0,4,4,0.1669,0.17315502456244022,alpha_train=0.0125,minimum attainable main-event rate_upper over the declared grid (descriptive; its cost is not a comparable cost),512,optimal,0.0,0.0,0.2377,0.2381,0.24521171703918232,"diagnostic frontier point (training scenarios only); not a method, never a member"
1,SD-H0,0.05,SDSRC14_MAIN9,SD-SRC14,MAIN9,SDSRC14_MAIN9:M3a[factory box]@alpha=0.05,M3a_box_robust,M3a_box_robust,entry,False,not_met,,,"no value of the declared grid met the validation screen (candidate statuses: optimal, proven_infeasible); a grid without a solution is not a statement about the whole decision space",main_reference_plan_domain,cp_upper,,,,,False,0,5,1,0.3088,0.3164897466411179,k_box=1.0,minimum attainable main-event rate_upper over the declared grid (descriptive; its cost is not a comparable cost),1024,optimal,0.0,0.0,0.2106,0.2109,0.21772203982025298,"diagnostic frontier point (training scenarios only); not a method, never a member"
1,SD-H0,0.05,SDSRC14_MAIN9,SD-SRC14,MAIN9,"SDSRC14_MAIN9:M3b[factory box k=1, Gamma selected]@alpha=0.05",M3b_budget_robust,M3b_budget_robust,entry,True,selected,gamma=5,optimal,,main_reference_plan_domain,cp_upper,0.3797,0.38,0.3880590161856425,False,False,0,35,18,0.2632,0.27054391067249745,"gamma=3 {""k_box"": 1.5}",minimum attainable main-event rate_upper over the declared grid (descriptive; its cost is not a comparable cost),1024,optimal,0.0,0.0,0.2106,0.2109,0.21772203982025298,"diagnostic frontier point (training scenarios only); not a method, never a member"
1,SD-H0,0.1,SD12MO_MAIN9,SD-12MO,MAIN9,SD12MO_MAIN9:M0,M0_nominal,M0_nominal,entry,True,,,optimal,,main_reference_plan_domain,cp_upper,0.8698,0.8698,0.8753052223906154,False,False,0,1,1,0.8698,0.8753052223906154,,minimum attainable main-event rate_upper over the declared grid (descriptive; its cost is not a comparable cost),1024,optimal,0.0009765625,0.0009765625,0.3214,0.3217,0.3294713297167366,"diagnostic frontier point (training scenarios only); not a method, never a member"
1,SD-H0,0.1,SD12MO_MAIN9,SD-12MO,MAIN9,"SD12MO_MAIN9:M1[relative,apply_to_dm=False]@alpha=0.1",M1_safety_margin,M1_safety_margin[apply_to_dm=False],sensitivity_line,True,selected,k=0.075,optimal,,main_reference_plan_domain,cp_upper,0.497,0.4973,0.5055739570755036,False,False,0,5,4,0.4973,0.5055739570755036,k=0.075,minimum attainable main-event rate_upper over the declared grid (descriptive; its cost is not a comparable cost),1024,optimal,0.0009765625,0.0009765625,0.3214,0.3217,0.3294713297167366,"diagnostic frontier point (training scenarios only); not a method, never a member"
1,SD-H0,0.1,SD12MO_MAIN9,SD-12MO,MAIN9,"SD12MO_MAIN9:M1[relative,apply_to_dm=True]@alpha=0.1",M1_safety_margin,M1_safety_margin[apply_to_dm=True],entry,False,not_met,,,"no value of the declared grid met the validation screen (candidate statuses: optimal, proven_infeasible); a grid without a solution is not a statement about the whole decision space",main_reference_plan_domain,cp_upper,,,,,False,0,5,2,0.7436,0.7507791053352326,k=0.025,minimum attainable main-event rate_upper over the declared grid (descriptive; its cost is not a comparable cost),1024,optimal,0.0009765625,0.0009765625,0.3214,0.3217,0.3294713297167366,"diagnostic frontier point (training scenarios only); not a method, never a member"
1,SD-H0,0.1,SD12MO_MAIN9,SD-12MO,MAIN9,SD12MO_MAIN9:M2[N=1024]@alpha=0.1,M2_joint_chance_saa,M2_joint_chance_saa[N=1024],entry,True,selected,alpha_train=0.075,feasible_time_limit,,main_reference_plan_domain,cp_upper,0.469,0.4693,0.4775645918824094,False,False,0,4,4,0.354,0.36194658743546837,alpha_train=0.025,minimum attainable main-event rate_upper over the declared grid (descriptive; its cost is not a comparable cost),1024,optimal,0.0009765625,0.0009765625,0.3214,0.3217,0.3294713297167366,"diagnostic frontier point (training scenarios only); not a method, never a member"
1,SD-H0,0.1,SD12MO_MAIN9,SD-12MO,MAIN9,SD12MO_MAIN9:M2[N=128]@alpha=0.1,M2_joint_chance_saa,M2_joint_chance_saa[N=128],entry,True,selected,alpha_train=0.025,optimal,,main_reference_plan_domain,cp_upper,0.5072,0.5074,0.5156710016272354,False,False,0,4,4,0.5074,0.5156710016272354,alpha_train=0.025,minimum attainable main-event rate_upper over the declared grid (descriptive; its cost is not a comparable cost),128,optimal,0.0,0.0,0.477,0.4772,0.48546985158072486,"diagnostic frontier point (training scenarios only); not a method, never a member"
1,SD-H0,0.1,SD12MO_MAIN9,SD-12MO,MAIN9,SD12MO_MAIN9:M2[N=512]@alpha=0.1,M2_joint_chance_saa,M2_joint_chance_saa[N=512],entry,True,selected,alpha_train=0.05,optimal,,main_reference_plan_domain,cp_upper,0.4698,0.47,0.4782651412028517,False,False,0,4,4,0.4037,0.411840284434965,alpha_train=0.025,minimum attainable main-event rate_upper over the declared grid (descriptive; its cost is not a comparable cost),512,optimal,0.0,0.0,0.3164,0.3167,0.324440516910407,"diagnostic frontier point (training scenarios only); not a method, never a member"
1,SD-H0,0.1,SD12MO_MAIN9,SD-12MO,MAIN9,SD12MO_MAIN9:M3a[factory box]@alpha=0.1,M3a_box_robust,M3a_box_robust,entry,False,not_met,,,"no value of the declared grid met the validation screen (candidate statuses: optimal, proven_infeasible); a grid without a solution is not a statement about the whole decision space",main_reference_plan_domain,cp_upper,,,,,False,0,5,1,0.7007,0.7082387527216175,k_box=1.0,minimum attainable main-event rate_upper over the declared grid (descriptive; its cost is not a comparable cost),1024,optimal,0.0009765625,0.0009765625,0.3214,0.3217,0.3294713297167366,"diagnostic frontier point (training scenarios only); not a method, never a member"
1,SD-H0,0.1,SD12MO_MAIN9,SD-12MO,MAIN9,"SD12MO_MAIN9:M3b[factory box k=1.5, Gamma selected]@alpha=0.1",M3b_budget_robust,M3b_budget_robust,entry,True,selected,gamma=2,optimal,,main_reference_plan_domain,cp_upper,0.5161,0.5163,0.5245656153412395,False,False,0,35,17,0.3546,0.3625494638292778,"gamma=1 {""k_box"": 3.0}",minimum attainable main-event rate_upper over the declared grid (descriptive; its cost is not a comparable cost),1024,optimal,0.0009765625,0.0009765625,0.3214,0.3217,0.3294713297167366,"diagnostic frontier point (training scenarios only); not a method, never a member"
1,SD-H0,0.1,SDH0_MAIN9,SD-H0,MAIN9,SDH0_MAIN9:M0,M0_nominal,M0_nominal,entry,True,,,optimal,,main_reference_plan_domain,cp_upper,0.8698,0.8698,0.8753052223906154,False,False,0,1,1,0.8698,0.8753052223906154,,minimum attainable main-event rate_upper over the declared grid (descriptive; its cost is not a comparable cost),1024,frontier_no_feasible_solution_found_no_ration,0.0556640625,0.21484375,,,,
1,SD-H0,0.1,SDH0_MAIN9,SD-H0,MAIN9,"SDH0_MAIN9:M1[relative,apply_to_dm=False]@alpha=0.1",M1_safety_margin,M1_safety_margin[apply_to_dm=False],sensitivity_line,False,not_met,,,"no value of the declared grid met the validation screen (candidate statuses: optimal, proven_infeasible); a grid without a solution is not a statement about the whole decision space",main_reference_plan_domain,cp_upper,,,,,False,0,5,4,0.4973,0.5055739570755036,k=0.075,minimum attainable main-event rate_upper over the declared grid (descriptive; its cost is not a comparable cost),1024,frontier_no_feasible_solution_found_no_ration,0.0556640625,0.21484375,,,,
1,SD-H0,0.1,SDH0_MAIN9,SD-H0,MAIN9,"SDH0_MAIN9:M1[relative,apply_to_dm=True]@alpha=0.1",M1_safety_margin,M1_safety_margin[apply_to_dm=True],entry,False,not_met,,,"no value of the declared grid met the validation screen (candidate statuses: optimal, proven_infeasible); a grid without a solution is not a statement about the whole decision space",main_reference_plan_domain,cp_upper,,,,,False,0,5,2,0.7436,0.7507791053352326,k=0.025,minimum attainable main-event rate_upper over the declared grid (descriptive; its cost is not a comparable cost),1024,frontier_no_feasible_solution_found_no_ration,0.0556640625,0.21484375,,,,
1,SD-H0,0.1,SDH0_MAIN9,SD-H0,MAIN9,SDH0_MAIN9:M2[N=1024]@alpha=0.1,M2_joint_chance_saa,M2_joint_chance_saa[N=1024],entry,False,not_met,,,"SAA over the N training scenarios proven infeasible for every alpha_train of the declared grid (training scenarios only; not a population, field or whole-space statement)",main_reference_plan_domain,cp_upper,,,,,False,0,4,0,,,,no scored grid candidate with a ration (not a whole-space statement),1024,frontier_no_feasible_solution_found_no_ration,0.0556640625,0.21484375,,,,
1,SD-H0,0.1,SDH0_MAIN9,SD-H0,MAIN9,SDH0_MAIN9:M2[N=128]@alpha=0.1,M2_joint_chance_saa,M2_joint_chance_saa[N=128],entry,False,not_met,,,"SAA over the N training scenarios proven infeasible for every alpha_train of the declared grid (training scenarios only; not a population, field or whole-space statement)",main_reference_plan_domain,cp_upper,,,,,False,0,4,0,,,,no scored grid candidate with a ration (not a whole-space statement),128,optimal,0.171875,0.2109375,0.1519,0.1523,0.15833496842356548,"diagnostic frontier point (training scenarios only); not a method, never a member"
1,SD-H0,0.1,SDH0_MAIN9,SD-H0,MAIN9,SDH0_MAIN9:M2[N=512]@alpha=0.1,M2_joint_chance_saa,M2_joint_chance_saa[N=512],entry,False,not_met,,,"SAA over the N training scenarios proven infeasible for every alpha_train of the declared grid (training scenarios only; not a population, field or whole-space statement)",main_reference_plan_domain,cp_upper,,,,,False,0,4,0,,,,no scored grid candidate with a ration (not a whole-space statement),512,frontier_no_feasible_solution_found_no_ration,0.06640625,0.189453125,,,,
1,SD-H0,0.1,SDH0_MAIN9,SD-H0,MAIN9,SDH0_MAIN9:M3a[factory box]@alpha=0.1,M3a_box_robust,M3a_box_robust,entry,False,not_met,,,no value of the declared grid met the validation screen (candidate statuses: proven_infeasible); a grid without a solution is not a statement about the whole decision space,main_reference_plan_domain,cp_upper,,,,,False,0,5,0,,,,no scored grid candidate with a ration (not a whole-space statement),1024,frontier_no_feasible_solution_found_no_ration,0.0556640625,0.21484375,,,,
1,SD-H0,0.1,SDH0_MAIN9,SD-H0,MAIN9,SDH0_MAIN9:M3b[factory box]@alpha=0.1,M3b_budget_robust,M3b_budget_robust,entry,False,not_met,,,"no value of the declared grid met the validation screen (candidate statuses: optimal, proven_infeasible); a grid without a solution is not a statement about the whole decision space",main_reference_plan_domain,cp_upper,,,,,False,0,35,6,0.5565,0.5647086632397,"gamma=1 {""k_box"": 1.0}",minimum attainable main-event rate_upper over the declared grid (descriptive; its cost is not a comparable cost),1024,frontier_no_feasible_solution_found_no_ration,0.0556640625,0.21484375,,,,
1,SD-H0,0.1,SDS2_MAIN9,SD-S2,MAIN9,SDS2_MAIN9:M0,M0_nominal,M0_nominal,entry,True,,,optimal,,main_reference_plan_domain,cp_upper,0.8698,0.8698,0.8753052223906154,False,False,0,1,1,0.8698,0.8753052223906154,,minimum attainable main-event rate_upper over the declared grid (descriptive; its cost is not a comparable cost),1024,optimal,0.0,0.0,0.2836,0.2839,0.2914124229909964,"diagnostic frontier point (training scenarios only); not a method, never a member"
1,SD-H0,0.1,SDS2_MAIN9,SD-S2,MAIN9,"SDS2_MAIN9:M1[relative,apply_to_dm=False]@alpha=0.1",M1_safety_margin,M1_safety_margin[apply_to_dm=False],sensitivity_line,True,selected,k=0.075,optimal,,main_reference_plan_domain,cp_upper,0.497,0.4973,0.5055739570755036,False,False,0,5,4,0.4973,0.5055739570755036,k=0.075,minimum attainable main-event rate_upper over the declared grid (descriptive; its cost is not a comparable cost),1024,optimal,0.0,0.0,0.2836,0.2839,0.2914124229909964,"diagnostic frontier point (training scenarios only); not a method, never a member"
1,SD-H0,0.1,SDS2_MAIN9,SD-S2,MAIN9,"SDS2_MAIN9:M1[relative,apply_to_dm=True]@alpha=0.1",M1_safety_margin,M1_safety_margin[apply_to_dm=True],entry,False,not_met,,,"no value of the declared grid met the validation screen (candidate statuses: optimal, proven_infeasible); a grid without a solution is not a statement about the whole decision space",main_reference_plan_domain,cp_upper,,,,,False,0,5,2,0.7436,0.7507791053352326,k=0.025,minimum attainable main-event rate_upper over the declared grid (descriptive; its cost is not a comparable cost),1024,optimal,0.0,0.0,0.2836,0.2839,0.2914124229909964,"diagnostic frontier point (training scenarios only); not a method, never a member"
1,SD-H0,0.1,SDS2_MAIN9,SD-S2,MAIN9,SDS2_MAIN9:M2[N=1024]@alpha=0.1,M2_joint_chance_saa,M2_joint_chance_saa[N=1024],entry,True,selected,alpha_train=0.075,feasible_time_limit,,main_reference_plan_domain,cp_upper,0.4495,0.4498,0.45804275736739186,False,False,0,4,4,0.3684,0.37641192036114346,alpha_train=0.025,minimum attainable main-event rate_upper over the declared grid (descriptive; its cost is not a comparable cost),1024,optimal,0.0,0.0,0.2836,0.2839,0.2914124229909964,"diagnostic frontier point (training scenarios only); not a method, never a member"
1,SD-H0,0.1,SDS2_MAIN9,SD-S2,MAIN9,SDS2_MAIN9:M2[N=128]@alpha=0.1,M2_joint_chance_saa,M2_joint_chance_saa[N=128],entry,True,selected,alpha_train=0.025,optimal,,main_reference_plan_domain,cp_upper,0.5143,0.5145,0.5227669150841802,False,False,0,4,4,0.5024,0.5106728841007919,alpha_train=0.05,minimum attainable main-event rate_upper over the declared grid (descriptive; its cost is not a comparable cost),128,optimal,0.0,0.0,0.5208,0.521,0.5292617182534284,"diagnostic frontier point (training scenarios only); not a method, never a member"
1,SD-H0,0.1,SDS2_MAIN9,SD-S2,MAIN9,SDS2_MAIN9:M2[N=512]@alpha=0.1,M2_joint_chance_saa,M2_joint_chance_saa[N=512],entry,True,selected,alpha_train=0.075,feasible_time_limit,,main_reference_plan_domain,cp_upper,0.4676,0.4679,0.4761634446143215,False,False,0,4,4,0.3778,0.38585045862443773,alpha_train=0.025,minimum attainable main-event rate_upper over the declared grid (descriptive; its cost is not a comparable cost),512,optimal,0.0,0.0,0.3046,0.3049,0.31256372698135687,"diagnostic frontier point (training scenarios only); not a method, never a member"
1,SD-H0,0.1,SDS2_MAIN9,SD-S2,MAIN9,SDS2_MAIN9:M3a[factory box]@alpha=0.1,M3a_box_robust,M3a_box_robust,entry,True,selected,k_box=1.5,optimal,,main_reference_plan_domain,cp_upper,0.3846,0.3849,0.392977451727079,False,False,0,5,2,0.3849,0.392977451727079,k_box=1.5,minimum attainable main-event rate_upper over the declared grid (descriptive; its cost is not a comparable cost),1024,optimal,0.0,0.0,0.2836,0.2839,0.2914124229909964,"diagnostic frontier point (training scenarios only); not a method, never a member"
1,SD-H0,0.1,SDS2_MAIN9,SD-S2,MAIN9,"SDS2_MAIN9:M3b[factory box k=1.5, Gamma selected]@alpha=0.1",M3b_budget_robust,M3b_budget_robust,entry,True,selected,gamma=2,optimal,,main_reference_plan_domain,cp_upper,0.5053,0.5055,0.5137718138459926,False,False,0,35,24,0.3107,0.3184021927786812,"gamma=3 {""k_box"": 2.0}",minimum attainable main-event rate_upper over the declared grid (descriptive; its cost is not a comparable cost),1024,optimal,0.0,0.0,0.2836,0.2839,0.2914124229909964,"diagnostic frontier point (training scenarios only); not a method, never a member"
1,SD-H0,0.1,SDSRC12_MAIN9,SD-SRC12,MAIN9,SDSRC12_MAIN9:M0,M0_nominal,M0_nominal,entry,True,,,optimal,,main_reference_plan_domain,cp_upper,0.8698,0.8698,0.8753052223906154,False,False,0,1,1,0.8698,0.8753052223906154,,minimum attainable main-event rate_upper over the declared grid (descriptive; its cost is not a comparable cost),1024,frontier_no_feasible_solution_found_no_ration,0.0126953125,0.0380859375,,,,
1,SD-H0,0.1,SDSRC12_MAIN9,SD-SRC12,MAIN9,"SDSRC12_MAIN9:M1[relative,apply_to_dm=False]@alpha=0.1",M1_safety_margin,M1_safety_margin[apply_to_dm=False],sensitivity_line,False,not_met,,,"no value of the declared grid met the validation screen (candidate statuses: optimal, proven_infeasible); a grid without a solution is not a statement about the whole decision space",main_reference_plan_domain,cp_upper,,,,,False,0,5,4,0.4973,0.5055739570755036,k=0.075,minimum attainable main-event rate_upper over the declared grid (descriptive; its cost is not a comparable cost),1024,frontier_no_feasible_solution_found_no_ration,0.0126953125,0.0380859375,,,,
1,SD-H0,0.1,SDSRC12_MAIN9,SD-SRC12,MAIN9,"SDSRC12_MAIN9:M1[relative,apply_to_dm=True]@alpha=0.1",M1_safety_margin,M1_safety_margin[apply_to_dm=True],entry,False,not_met,,,"no value of the declared grid met the validation screen (candidate statuses: optimal, proven_infeasible); a grid without a solution is not a statement about the whole decision space",main_reference_plan_domain,cp_upper,,,,,False,0,5,2,0.7436,0.7507791053352326,k=0.025,minimum attainable main-event rate_upper over the declared grid (descriptive; its cost is not a comparable cost),1024,frontier_no_feasible_solution_found_no_ration,0.0126953125,0.0380859375,,,,
1,SD-H0,0.1,SDSRC12_MAIN9,SD-SRC12,MAIN9,SDSRC12_MAIN9:M2[N=1024]@alpha=0.1,M2_joint_chance_saa,M2_joint_chance_saa[N=1024],entry,True,selected,alpha_train=0.1,feasible_time_limit,,main_reference_plan_domain,cp_upper,0.1438,0.1442,0.15010486776475213,False,False,0,4,2,0.134,0.13973212816805447,alpha_train=0.05,minimum attainable main-event rate_upper over the declared grid (descriptive; its cost is not a comparable cost),1024,frontier_no_feasible_solution_found_no_ration,0.0126953125,0.0380859375,,,,
1,SD-H0,0.1,SDSRC12_MAIN9,SD-SRC12,MAIN9,SDSRC12_MAIN9:M2[N=128]@alpha=0.1,M2_joint_chance_saa,M2_joint_chance_saa[N=128],entry,True,selected,alpha_train=0.05,optimal,,main_reference_plan_domain,cp_upper,0.1514,0.1518,0.15782710984845305,False,False,0,4,4,0.1393,0.14512317215401246,alpha_train=0.075,minimum attainable main-event rate_upper over the declared grid (descriptive; its cost is not a comparable cost),128,optimal,0.0234375,0.0234375,0.1561,0.1566,0.1627016472215836,"diagnostic frontier point (training scenarios only); not a method, never a member"
1,SD-H0,0.1,SDSRC12_MAIN9,SD-SRC12,MAIN9,SDSRC12_MAIN9:M2[N=512]@alpha=0.1,M2_joint_chance_saa,M2_joint_chance_saa[N=512],entry,True,selected,alpha_train=0.075,feasible_time_limit,,main_reference_plan_domain,cp_upper,0.1604,0.1607,0.16686374947495186,False,False,0,4,3,0.1381,0.14390280676827982,alpha_train=0.1,minimum attainable main-event rate_upper over the declared grid (descriptive; its cost is not a comparable cost),512,optimal,0.03125,0.03125,0.1509,0.1514,0.15742080698382052,"diagnostic frontier point (training scenarios only); not a method, never a member"
1,SD-H0,0.1,SDSRC12_MAIN9,SD-SRC12,MAIN9,SDSRC12_MAIN9:M3a[factory box]@alpha=0.1,M3a_box_robust,M3a_box_robust,entry,False,not_met,,,no value of the declared grid met the validation screen (candidate statuses: proven_infeasible); a grid without a solution is not a statement about the whole decision space,main_reference_plan_domain,cp_upper,,,,,False,0,5,0,,,,no scored grid candidate with a ration (not a whole-space statement),1024,frontier_no_feasible_solution_found_no_ration,0.0126953125,0.0380859375,,,,
1,SD-H0,0.1,SDSRC12_MAIN9,SD-SRC12,MAIN9,SDSRC12_MAIN9:M3b[factory box]@alpha=0.1,M3b_budget_robust,M3b_budget_robust,entry,False,not_met,,,"no value of the declared grid met the validation screen (candidate statuses: optimal, proven_infeasible); a grid without a solution is not a statement about the whole decision space",main_reference_plan_domain,cp_upper,,,,,False,0,35,10,0.2665,0.2738721184346025,"gamma=1 {""k_box"": 2.0}",minimum attainable main-event rate_upper over the declared grid (descriptive; its cost is not a comparable cost),1024,frontier_no_feasible_solution_found_no_ration,0.0126953125,0.0380859375,,,,
1,SD-H0,0.1,SDSRC14_MAIN9,SD-SRC14,MAIN9,SDSRC14_MAIN9:M0,M0_nominal,M0_nominal,entry,True,,,optimal,,main_reference_plan_domain,cp_upper,0.8698,0.8698,0.8753052223906154,False,False,0,1,1,0.8698,0.8753052223906154,,minimum attainable main-event rate_upper over the declared grid (descriptive; its cost is not a comparable cost),1024,optimal,0.0,0.0,0.2106,0.2109,0.21772203982025298,"diagnostic frontier point (training scenarios only); not a method, never a member"
1,SD-H0,0.1,SDSRC14_MAIN9,SD-SRC14,MAIN9,"SDSRC14_MAIN9:M1[relative,apply_to_dm=False]@alpha=0.1",M1_safety_margin,M1_safety_margin[apply_to_dm=False],sensitivity_line,False,not_met,,,"no value of the declared grid met the validation screen (candidate statuses: optimal, proven_infeasible); a grid without a solution is not a statement about the whole decision space",main_reference_plan_domain,cp_upper,,,,,False,0,5,4,0.4973,0.5055739570755036,k=0.075,minimum attainable main-event rate_upper over the declared grid (descriptive; its cost is not a comparable cost),1024,optimal,0.0,0.0,0.2106,0.2109,0.21772203982025298,"diagnostic frontier point (training scenarios only); not a method, never a member"
1,SD-H0,0.1,SDSRC14_MAIN9,SD-SRC14,MAIN9,"SDSRC14_MAIN9:M1[relative,apply_to_dm=True]@alpha=0.1",M1_safety_margin,M1_safety_margin[apply_to_dm=True],entry,False,not_met,,,"no value of the declared grid met the validation screen (candidate statuses: optimal, proven_infeasible); a grid without a solution is not a statement about the whole decision space",main_reference_plan_domain,cp_upper,,,,,False,0,5,2,0.7436,0.7507791053352326,k=0.025,minimum attainable main-event rate_upper over the declared grid (descriptive; its cost is not a comparable cost),1024,optimal,0.0,0.0,0.2106,0.2109,0.21772203982025298,"diagnostic frontier point (training scenarios only); not a method, never a member"
1,SD-H0,0.1,SDSRC14_MAIN9,SD-SRC14,MAIN9,SDSRC14_MAIN9:M2[N=1024]@alpha=0.1,M2_joint_chance_saa,M2_joint_chance_saa[N=1024],entry,True,selected,alpha_train=0.05,feasible_time_limit,,main_reference_plan_domain,cp_upper,0.1995,0.1998,0.2064912823044766,False,False,0,4,4,0.1772,0.1835999854374344,alpha_train=0.025,minimum attainable main-event rate_upper over the declared grid (descriptive; its cost is not a comparable cost),1024,optimal,0.0,0.0,0.2106,0.2109,0.21772203982025298,"diagnostic frontier point (training scenarios only); not a method, never a member"
1,SD-H0,0.1,SDSRC14_MAIN9,SD-SRC14,MAIN9,SDSRC14_MAIN9:M2[N=128]@alpha=0.1,M2_joint_chance_saa,M2_joint_chance_saa[N=128],entry,True,selected,alpha_train=0.05,optimal,,main_reference_plan_domain,cp_upper,0.217,0.2173,0.2241940120866758,False,False,0,4,4,0.1599,0.166051742838868,alpha_train=0.1,minimum attainable main-event rate_upper over the declared grid (descriptive; its cost is not a comparable cost),128,optimal,0.0,0.0,0.1823,0.1827,0.1891741482756797,"diagnostic frontier point (training scenarios only); not a method, never a member"
1,SD-H0,0.1,SDSRC14_MAIN9,SD-SRC14,MAIN9,SDSRC14_MAIN9:M2[N=512]@alpha=0.1,M2_joint_chance_saa,M2_joint_chance_saa[N=512],entry,True,selected,alpha_train=0.075,feasible_time_limit,,main_reference_plan_domain,cp_upper,0.2099,0.2102,0.21701401887896438,False,False,0,4,4,0.1845,0.19099794805813688,alpha_train=0.1,minimum attainable main-event rate_upper over the declared grid (descriptive; its cost is not a comparable cost),512,optimal,0.0,0.0,0.2377,0.2381,0.24521171703918232,"diagnostic frontier point (training scenarios only); not a method, never a member"
1,SD-H0,0.1,SDSRC14_MAIN9,SD-SRC14,MAIN9,SDSRC14_MAIN9:M3a[factory box]@alpha=0.1,M3a_box_robust,M3a_box_robust,entry,True,selected,k_box=1.0,optimal,,main_reference_plan_domain,cp_upper,0.3085,0.3088,0.3164897466411179,False,False,0,5,1,0.3088,0.3164897466411179,k_box=1.0,minimum attainable main-event rate_upper over the declared grid (descriptive; its cost is not a comparable cost),1024,optimal,0.0,0.0,0.2106,0.2109,0.21772203982025298,"diagnostic frontier point (training scenarios only); not a method, never a member"
1,SD-H0,0.1,SDSRC14_MAIN9,SD-SRC14,MAIN9,"SDSRC14_MAIN9:M3b[factory box k=1, Gamma selected]@alpha=0.1",M3b_budget_robust,M3b_budget_robust,entry,True,selected,gamma=4,optimal,,main_reference_plan_domain,cp_upper,0.3511,0.3514,0.3593339664841071,False,False,0,35,18,0.2632,0.27054391067249745,"gamma=3 {""k_box"": 1.5}",minimum attainable main-event rate_upper over the declared grid (descriptive; its cost is not a comparable cost),1024,optimal,0.0,0.0,0.2106,0.2109,0.21772203982025298,"diagnostic frontier point (training scenarios only); not a method, never a member"
1,SD-H0,0.01,SD12MO_MAIN9,SD-12MO,MAIN9,SD12MO_MAIN9:M0,M0_nominal,M0_nominal,entry,True,,,optimal,,main_reference_plan_domain,cp_upper,0.8698,0.8698,0.8753052223906154,False,False,0,1,1,0.8698,0.8753052223906154,,minimum attainable main-event rate_upper over the declared grid (descriptive; its cost is not a comparable cost),1024,optimal,0.0009765625,0.0009765625,0.3214,0.3217,0.3294713297167366,"diagnostic frontier point (training scenarios only); not a method, never a member"
1,SD-H0,0.01,SD12MO_MAIN9,SD-12MO,MAIN9,"SD12MO_MAIN9:M1[relative,apply_to_dm=False]@alpha=0.01",M1_safety_margin,M1_safety_margin[apply_to_dm=False],sensitivity_line,False,not_met,,,"no value of the declared grid met the validation screen (candidate statuses: optimal, proven_infeasible); a grid without a solution is not a statement about the whole decision space",main_reference_plan_domain,cp_upper,,,,,False,0,5,4,0.4973,0.5055739570755036,k=0.075,minimum attainable main-event rate_upper over the declared grid (descriptive; its cost is not a comparable cost),1024,optimal,0.0009765625,0.0009765625,0.3214,0.3217,0.3294713297167366,"diagnostic frontier point (training scenarios only); not a method, never a member"
1,SD-H0,0.01,SD12MO_MAIN9,SD-12MO,MAIN9,"SD12MO_MAIN9:M1[relative,apply_to_dm=True]@alpha=0.01",M1_safety_margin,M1_safety_margin[apply_to_dm=True],entry,False,not_met,,,"no value of the declared grid met the validation screen (candidate statuses: optimal, proven_infeasible); a grid without a solution is not a statement about the whole decision space",main_reference_plan_domain,cp_upper,,,,,False,0,5,2,0.7436,0.7507791053352326,k=0.025,minimum attainable main-event rate_upper over the declared grid (descriptive; its cost is not a comparable cost),1024,optimal,0.0009765625,0.0009765625,0.3214,0.3217,0.3294713297167366,"diagnostic frontier point (training scenarios only); not a method, never a member"
1,SD-H0,0.01,SD12MO_MAIN9,SD-12MO,MAIN9,SD12MO_MAIN9:M2[N=1024]@alpha=0.01,M2_joint_chance_saa,M2_joint_chance_saa[N=1024],entry,True,selected,alpha_train=0.0025,optimal,,main_reference_plan_domain,cp_upper,0.3191,0.3193,0.3270566661650261,False,False,0,4,4,0.2787,0.2861719510926849,alpha_train=0.0075,minimum attainable main-event rate_upper over the declared grid (descriptive; its cost is not a comparable cost),1024,optimal,0.0009765625,0.0009765625,0.3214,0.3217,0.3294713297167366,"diagnostic frontier point (training scenarios only); not a method, never a member"
1,SD-H0,0.01,SD12MO_MAIN9,SD-12MO,MAIN9,SD12MO_MAIN9:M2[N=128]@alpha=0.01,M2_joint_chance_saa,M2_joint_chance_saa[N=128],entry,False,not_met,,,no value of the declared grid met the validation screen (candidate statuses: optimal); a grid without a solution is not a statement about the whole decision space,main_reference_plan_domain,cp_upper,,,,,False,0,4,4,0.4772,0.48546985158072486,alpha_train=0.0075,minimum attainable main-event rate_upper over the declared grid (descriptive; its cost is not a comparable cost),128,optimal,0.0,0.0,0.477,0.4772,0.48546985158072486,"diagnostic frontier point (training scenarios only); not a method, never a member"
1,SD-H0,0.01,SD12MO_MAIN9,SD-12MO,MAIN9,SD12MO_MAIN9:M2[N=512]@alpha=0.01,M2_joint_chance_saa,M2_joint_chance_saa[N=512],entry,False,not_met,,,no value of the declared grid met the validation screen (candidate statuses: optimal); a grid without a solution is not a statement about the whole decision space,main_reference_plan_domain,cp_upper,,,,,False,0,4,4,0.3025,0.3101473968034746,alpha_train=0.0075,minimum attainable main-event rate_upper over the declared grid (descriptive; its cost is not a comparable cost),512,optimal,0.0,0.0,0.3164,0.3167,0.324440516910407,"diagnostic frontier point (training scenarios only); not a method, never a member"
1,SD-H0,0.01,SD12MO_MAIN9,SD-12MO,MAIN9,SD12MO_MAIN9:M3a[factory box]@alpha=0.01,M3a_box_robust,M3a_box_robust,entry,False,not_met,,,"no value of the declared grid met the validation screen (candidate statuses: optimal, proven_infeasible); a grid without a solution is not a statement about the whole decision space",main_reference_plan_domain,cp_upper,,,,,False,0,5,1,0.7007,0.7082387527216175,k_box=1.0,minimum attainable main-event rate_upper over the declared grid (descriptive; its cost is not a comparable cost),1024,optimal,0.0009765625,0.0009765625,0.3214,0.3217,0.3294713297167366,"diagnostic frontier point (training scenarios only); not a method, never a member"
1,SD-H0,0.01,SD12MO_MAIN9,SD-12MO,MAIN9,SD12MO_MAIN9:M3b[factory box]@alpha=0.01,M3b_budget_robust,M3b_budget_robust,entry,False,not_met,,,no value of the declared grid met the validation screen (candidate statuses: optimal); a grid without a solution is not a statement about the whole decision space,main_reference_plan_domain,cp_upper,,,,,False,0,35,17,0.3546,0.3625494638292778,"gamma=1 {""k_box"": 3.0}",minimum attainable main-event rate_upper over the declared grid (descriptive; its cost is not a comparable cost),1024,optimal,0.0009765625,0.0009765625,0.3214,0.3217,0.3294713297167366,"diagnostic frontier point (training scenarios only); not a method, never a member"
1,SD-H0,0.01,SDH0_MAIN9,SD-H0,MAIN9,SDH0_MAIN9:M0,M0_nominal,M0_nominal,entry,True,,,optimal,,main_reference_plan_domain,cp_upper,0.8698,0.8698,0.8753052223906154,False,False,0,1,1,0.8698,0.8753052223906154,,minimum attainable main-event rate_upper over the declared grid (descriptive; its cost is not a comparable cost),1024,frontier_no_feasible_solution_found_no_ration,0.0556640625,0.21484375,,,,
1,SD-H0,0.01,SDH0_MAIN9,SD-H0,MAIN9,"SDH0_MAIN9:M1[relative,apply_to_dm=False]@alpha=0.01",M1_safety_margin,M1_safety_margin[apply_to_dm=False],sensitivity_line,False,not_met,,,"no value of the declared grid met the validation screen (candidate statuses: optimal, proven_infeasible); a grid without a solution is not a statement about the whole decision space",main_reference_plan_domain,cp_upper,,,,,False,0,5,4,0.4973,0.5055739570755036,k=0.075,minimum attainable main-event rate_upper over the declared grid (descriptive; its cost is not a comparable cost),1024,frontier_no_feasible_solution_found_no_ration,0.0556640625,0.21484375,,,,
1,SD-H0,0.01,SDH0_MAIN9,SD-H0,MAIN9,"SDH0_MAIN9:M1[relative,apply_to_dm=True]@alpha=0.01",M1_safety_margin,M1_safety_margin[apply_to_dm=True],entry,False,not_met,,,"no value of the declared grid met the validation screen (candidate statuses: optimal, proven_infeasible); a grid without a solution is not a statement about the whole decision space",main_reference_plan_domain,cp_upper,,,,,False,0,5,2,0.7436,0.7507791053352326,k=0.025,minimum attainable main-event rate_upper over the declared grid (descriptive; its cost is not a comparable cost),1024,frontier_no_feasible_solution_found_no_ration,0.0556640625,0.21484375,,,,
1,SD-H0,0.01,SDH0_MAIN9,SD-H0,MAIN9,SDH0_MAIN9:M2[N=1024]@alpha=0.01,M2_joint_chance_saa,M2_joint_chance_saa[N=1024],entry,False,not_met,,,"SAA over the N training scenarios proven infeasible for every alpha_train of the declared grid (training scenarios only; not a population, field or whole-space statement)",main_reference_plan_domain,cp_upper,,,,,False,0,4,0,,,,no scored grid candidate with a ration (not a whole-space statement),1024,frontier_no_feasible_solution_found_no_ration,0.0556640625,0.21484375,,,,
1,SD-H0,0.01,SDH0_MAIN9,SD-H0,MAIN9,SDH0_MAIN9:M2[N=128]@alpha=0.01,M2_joint_chance_saa,M2_joint_chance_saa[N=128],entry,False,not_met,,,"SAA over the N training scenarios proven infeasible for every alpha_train of the declared grid (training scenarios only; not a population, field or whole-space statement)",main_reference_plan_domain,cp_upper,,,,,False,0,4,0,,,,no scored grid candidate with a ration (not a whole-space statement),128,optimal,0.171875,0.2109375,0.1519,0.1523,0.15833496842356548,"diagnostic frontier point (training scenarios only); not a method, never a member"
1,SD-H0,0.01,SDH0_MAIN9,SD-H0,MAIN9,SDH0_MAIN9:M2[N=512]@alpha=0.01,M2_joint_chance_saa,M2_joint_chance_saa[N=512],entry,False,not_met,,,"SAA over the N training scenarios proven infeasible for every alpha_train of the declared grid (training scenarios only; not a population, field or whole-space statement)",main_reference_plan_domain,cp_upper,,,,,False,0,4,0,,,,no scored grid candidate with a ration (not a whole-space statement),512,frontier_no_feasible_solution_found_no_ration,0.06640625,0.189453125,,,,
1,SD-H0,0.01,SDH0_MAIN9,SD-H0,MAIN9,SDH0_MAIN9:M3a[factory box]@alpha=0.01,M3a_box_robust,M3a_box_robust,entry,False,not_met,,,no value of the declared grid met the validation screen (candidate statuses: proven_infeasible); a grid without a solution is not a statement about the whole decision space,main_reference_plan_domain,cp_upper,,,,,False,0,5,0,,,,no scored grid candidate with a ration (not a whole-space statement),1024,frontier_no_feasible_solution_found_no_ration,0.0556640625,0.21484375,,,,
1,SD-H0,0.01,SDH0_MAIN9,SD-H0,MAIN9,SDH0_MAIN9:M3b[factory box]@alpha=0.01,M3b_budget_robust,M3b_budget_robust,entry,False,not_met,,,"no value of the declared grid met the validation screen (candidate statuses: optimal, proven_infeasible); a grid without a solution is not a statement about the whole decision space",main_reference_plan_domain,cp_upper,,,,,False,0,35,6,0.5565,0.5647086632397,"gamma=1 {""k_box"": 1.0}",minimum attainable main-event rate_upper over the declared grid (descriptive; its cost is not a comparable cost),1024,frontier_no_feasible_solution_found_no_ration,0.0556640625,0.21484375,,,,
1,SD-H0,0.01,SDS2_MAIN9,SD-S2,MAIN9,SDS2_MAIN9:M0,M0_nominal,M0_nominal,entry,True,,,optimal,,main_reference_plan_domain,cp_upper,0.8698,0.8698,0.8753052223906154,False,False,0,1,1,0.8698,0.8753052223906154,,minimum attainable main-event rate_upper over the declared grid (descriptive; its cost is not a comparable cost),1024,optimal,0.0,0.0,0.2836,0.2839,0.2914124229909964,"diagnostic frontier point (training scenarios only); not a method, never a member"
1,SD-H0,0.01,SDS2_MAIN9,SD-S2,MAIN9,"SDS2_MAIN9:M1[relative,apply_to_dm=False]@alpha=0.01",M1_safety_margin,M1_safety_margin[apply_to_dm=False],sensitivity_line,False,not_met,,,"no value of the declared grid met the validation screen (candidate statuses: optimal, proven_infeasible); a grid without a solution is not a statement about the whole decision space",main_reference_plan_domain,cp_upper,,,,,False,0,5,4,0.4973,0.5055739570755036,k=0.075,minimum attainable main-event rate_upper over the declared grid (descriptive; its cost is not a comparable cost),1024,optimal,0.0,0.0,0.2836,0.2839,0.2914124229909964,"diagnostic frontier point (training scenarios only); not a method, never a member"
1,SD-H0,0.01,SDS2_MAIN9,SD-S2,MAIN9,"SDS2_MAIN9:M1[relative,apply_to_dm=True]@alpha=0.01",M1_safety_margin,M1_safety_margin[apply_to_dm=True],entry,False,not_met,,,"no value of the declared grid met the validation screen (candidate statuses: optimal, proven_infeasible); a grid without a solution is not a statement about the whole decision space",main_reference_plan_domain,cp_upper,,,,,False,0,5,2,0.7436,0.7507791053352326,k=0.025,minimum attainable main-event rate_upper over the declared grid (descriptive; its cost is not a comparable cost),1024,optimal,0.0,0.0,0.2836,0.2839,0.2914124229909964,"diagnostic frontier point (training scenarios only); not a method, never a member"
1,SD-H0,0.01,SDS2_MAIN9,SD-S2,MAIN9,SDS2_MAIN9:M2[N=1024]@alpha=0.01,M2_joint_chance_saa,M2_joint_chance_saa[N=1024],entry,True,selected,alpha_train=0.0025,optimal,,main_reference_plan_domain,cp_upper,0.2826,0.2829,0.2904047347312501,False,False,0,4,4,0.2769,0.2843576553352515,alpha_train=0.005,minimum attainable main-event rate_upper over the declared grid (descriptive; its cost is not a comparable cost),1024,optimal,0.0,0.0,0.2836,0.2839,0.2914124229909964,"diagnostic frontier point (training scenarios only); not a method, never a member"
1,SD-H0,0.01,SDS2_MAIN9,SD-S2,MAIN9,SDS2_MAIN9:M2[N=128]@alpha=0.01,M2_joint_chance_saa,M2_joint_chance_saa[N=128],entry,False,not_met,,,no value of the declared grid met the validation screen (candidate statuses: optimal); a grid without a solution is not a statement about the whole decision space,main_reference_plan_domain,cp_upper,,,,,False,0,4,4,0.5064,0.5146714439153017,alpha_train=0.01,minimum attainable main-event rate_upper over the declared grid (descriptive; its cost is not a comparable cost),128,optimal,0.0,0.0,0.5208,0.521,0.5292617182534284,"diagnostic frontier point (training scenarios only); not a method, never a member"
1,SD-H0,0.01,SDS2_MAIN9,SD-S2,MAIN9,SDS2_MAIN9:M2[N=512]@alpha=0.01,M2_joint_chance_saa,M2_joint_chance_saa[N=512],entry,False,not_met,,,no value of the declared grid met the validation screen (candidate statuses: optimal); a grid without a solution is not a statement about the whole decision space,main_reference_plan_domain,cp_upper,,,,,False,0,4,4,0.298,0.30561611793396193,alpha_train=0.005,minimum attainable main-event rate_upper over the declared grid (descriptive; its cost is not a comparable cost),512,optimal,0.0,0.0,0.3046,0.3049,0.31256372698135687,"diagnostic frontier point (training scenarios only); not a method, never a member"
1,SD-H0,0.01,SDS2_MAIN9,SD-S2,MAIN9,SDS2_MAIN9:M3a[factory box]@alpha=0.01,M3a_box_robust,M3a_box_robust,entry,True,selected,k_box=1.5,optimal,,main_reference_plan_domain,cp_upper,0.3846,0.3849,0.392977451727079,False,False,0,5,2,0.3849,0.392977451727079,k_box=1.5,minimum attainable main-event rate_upper over the declared grid (descriptive; its cost is not a comparable cost),1024,optimal,0.0,0.0,0.2836,0.2839,0.2914124229909964,"diagnostic frontier point (training scenarios only); not a method, never a member"
1,SD-H0,0.01,SDS2_MAIN9,SD-S2,MAIN9,"SDS2_MAIN9:M3b[factory box k=1.5, Gamma selected]@alpha=0.01",M3b_budget_robust,M3b_budget_robust,entry,True,selected,gamma=4,optimal,,main_reference_plan_domain,cp_upper,0.4172,0.4175,0.425678558371243,False,False,0,35,24,0.3107,0.3184021927786812,"gamma=3 {""k_box"": 2.0}",minimum attainable main-event rate_upper over the declared grid (descriptive; its cost is not a comparable cost),1024,optimal,0.0,0.0,0.2836,0.2839,0.2914124229909964,"diagnostic frontier point (training scenarios only); not a method, never a member"
1,SD-H0,0.01,SDSRC12_MAIN9,SD-SRC12,MAIN9,SDSRC12_MAIN9:M0,M0_nominal,M0_nominal,entry,True,,,optimal,,main_reference_plan_domain,cp_upper,0.8698,0.8698,0.8753052223906154,False,False,0,1,1,0.8698,0.8753052223906154,,minimum attainable main-event rate_upper over the declared grid (descriptive; its cost is not a comparable cost),1024,frontier_no_feasible_solution_found_no_ration,0.0126953125,0.0380859375,,,,
1,SD-H0,0.01,SDSRC12_MAIN9,SD-SRC12,MAIN9,"SDSRC12_MAIN9:M1[relative,apply_to_dm=False]@alpha=0.01",M1_safety_margin,M1_safety_margin[apply_to_dm=False],sensitivity_line,False,not_met,,,"no value of the declared grid met the validation screen (candidate statuses: optimal, proven_infeasible); a grid without a solution is not a statement about the whole decision space",main_reference_plan_domain,cp_upper,,,,,False,0,5,4,0.4973,0.5055739570755036,k=0.075,minimum attainable main-event rate_upper over the declared grid (descriptive; its cost is not a comparable cost),1024,frontier_no_feasible_solution_found_no_ration,0.0126953125,0.0380859375,,,,
1,SD-H0,0.01,SDSRC12_MAIN9,SD-SRC12,MAIN9,"SDSRC12_MAIN9:M1[relative,apply_to_dm=True]@alpha=0.01",M1_safety_margin,M1_safety_margin[apply_to_dm=True],entry,False,not_met,,,"no value of the declared grid met the validation screen (candidate statuses: optimal, proven_infeasible); a grid without a solution is not a statement about the whole decision space",main_reference_plan_domain,cp_upper,,,,,False,0,5,2,0.7436,0.7507791053352326,k=0.025,minimum attainable main-event rate_upper over the declared grid (descriptive; its cost is not a comparable cost),1024,frontier_no_feasible_solution_found_no_ration,0.0126953125,0.0380859375,,,,
1,SD-H0,0.01,SDSRC12_MAIN9,SD-SRC12,MAIN9,SDSRC12_MAIN9:M2[N=1024]@alpha=0.01,M2_joint_chance_saa,M2_joint_chance_saa[N=1024],entry,False,not_met,,,"SAA over the N training scenarios proven infeasible for every alpha_train of the declared grid (training scenarios only; not a population, field or whole-space statement)",main_reference_plan_domain,cp_upper,,,,,False,0,4,0,,,,no scored grid candidate with a ration (not a whole-space statement),1024,frontier_no_feasible_solution_found_no_ration,0.0126953125,0.0380859375,,,,
1,SD-H0,0.01,SDSRC12_MAIN9,SD-SRC12,MAIN9,SDSRC12_MAIN9:M2[N=128]@alpha=0.01,M2_joint_chance_saa,M2_joint_chance_saa[N=128],entry,False,not_met,,,"SAA over the N training scenarios proven infeasible for every alpha_train of the declared grid (training scenarios only; not a population, field or whole-space statement)",main_reference_plan_domain,cp_upper,,,,,False,0,4,0,,,,no scored grid candidate with a ration (not a whole-space statement),128,optimal,0.0234375,0.0234375,0.1561,0.1566,0.1627016472215836,"diagnostic frontier point (training scenarios only); not a method, never a member"
1,SD-H0,0.01,SDSRC12_MAIN9,SD-SRC12,MAIN9,SDSRC12_MAIN9:M2[N=512]@alpha=0.01,M2_joint_chance_saa,M2_joint_chance_saa[N=512],entry,False,not_met,,,"SAA over the N training scenarios proven infeasible for every alpha_train of the declared grid (training scenarios only; not a population, field or whole-space statement)",main_reference_plan_domain,cp_upper,,,,,False,0,4,0,,,,no scored grid candidate with a ration (not a whole-space statement),512,optimal,0.03125,0.03125,0.1509,0.1514,0.15742080698382052,"diagnostic frontier point (training scenarios only); not a method, never a member"
1,SD-H0,0.01,SDSRC12_MAIN9,SD-SRC12,MAIN9,SDSRC12_MAIN9:M3a[factory box]@alpha=0.01,M3a_box_robust,M3a_box_robust,entry,False,not_met,,,no value of the declared grid met the validation screen (candidate statuses: proven_infeasible); a grid without a solution is not a statement about the whole decision space,main_reference_plan_domain,cp_upper,,,,,False,0,5,0,,,,no scored grid candidate with a ration (not a whole-space statement),1024,frontier_no_feasible_solution_found_no_ration,0.0126953125,0.0380859375,,,,
1,SD-H0,0.01,SDSRC12_MAIN9,SD-SRC12,MAIN9,SDSRC12_MAIN9:M3b[factory box]@alpha=0.01,M3b_budget_robust,M3b_budget_robust,entry,False,not_met,,,"no value of the declared grid met the validation screen (candidate statuses: optimal, proven_infeasible); a grid without a solution is not a statement about the whole decision space",main_reference_plan_domain,cp_upper,,,,,False,0,35,10,0.2665,0.2738721184346025,"gamma=1 {""k_box"": 2.0}",minimum attainable main-event rate_upper over the declared grid (descriptive; its cost is not a comparable cost),1024,frontier_no_feasible_solution_found_no_ration,0.0126953125,0.0380859375,,,,
1,SD-H0,0.01,SDSRC14_MAIN9,SD-SRC14,MAIN9,SDSRC14_MAIN9:M0,M0_nominal,M0_nominal,entry,True,,,optimal,,main_reference_plan_domain,cp_upper,0.8698,0.8698,0.8753052223906154,False,False,0,1,1,0.8698,0.8753052223906154,,minimum attainable main-event rate_upper over the declared grid (descriptive; its cost is not a comparable cost),1024,optimal,0.0,0.0,0.2106,0.2109,0.21772203982025298,"diagnostic frontier point (training scenarios only); not a method, never a member"
1,SD-H0,0.01,SDSRC14_MAIN9,SD-SRC14,MAIN9,"SDSRC14_MAIN9:M1[relative,apply_to_dm=False]@alpha=0.01",M1_safety_margin,M1_safety_margin[apply_to_dm=False],sensitivity_line,False,not_met,,,"no value of the declared grid met the validation screen (candidate statuses: optimal, proven_infeasible); a grid without a solution is not a statement about the whole decision space",main_reference_plan_domain,cp_upper,,,,,False,0,5,4,0.4973,0.5055739570755036,k=0.075,minimum attainable main-event rate_upper over the declared grid (descriptive; its cost is not a comparable cost),1024,optimal,0.0,0.0,0.2106,0.2109,0.21772203982025298,"diagnostic frontier point (training scenarios only); not a method, never a member"
1,SD-H0,0.01,SDSRC14_MAIN9,SD-SRC14,MAIN9,"SDSRC14_MAIN9:M1[relative,apply_to_dm=True]@alpha=0.01",M1_safety_margin,M1_safety_margin[apply_to_dm=True],entry,False,not_met,,,"no value of the declared grid met the validation screen (candidate statuses: optimal, proven_infeasible); a grid without a solution is not a statement about the whole decision space",main_reference_plan_domain,cp_upper,,,,,False,0,5,2,0.7436,0.7507791053352326,k=0.025,minimum attainable main-event rate_upper over the declared grid (descriptive; its cost is not a comparable cost),1024,optimal,0.0,0.0,0.2106,0.2109,0.21772203982025298,"diagnostic frontier point (training scenarios only); not a method, never a member"
1,SD-H0,0.01,SDSRC14_MAIN9,SD-SRC14,MAIN9,SDSRC14_MAIN9:M2[N=1024]@alpha=0.01,M2_joint_chance_saa,M2_joint_chance_saa[N=1024],entry,False,not_met,,,no value of the declared grid met the validation screen (candidate statuses: optimal); a grid without a solution is not a statement about the whole decision space,main_reference_plan_domain,cp_upper,,,,,False,0,4,4,0.1834,0.18988343102273994,alpha_train=0.0025,minimum attainable main-event rate_upper over the declared grid (descriptive; its cost is not a comparable cost),1024,optimal,0.0,0.0,0.2106,0.2109,0.21772203982025298,"diagnostic frontier point (training scenarios only); not a method, never a member"
1,SD-H0,0.01,SDSRC14_MAIN9,SD-SRC14,MAIN9,SDSRC14_MAIN9:M2[N=128]@alpha=0.01,M2_joint_chance_saa,M2_joint_chance_saa[N=128],entry,False,not_met,,,no value of the declared grid met the validation screen (candidate statuses: optimal); a grid without a solution is not a statement about the whole decision space,main_reference_plan_domain,cp_upper,,,,,False,0,4,4,0.1792,0.18562720790136347,alpha_train=0.01,minimum attainable main-event rate_upper over the declared grid (descriptive; its cost is not a comparable cost),128,optimal,0.0,0.0,0.1823,0.1827,0.1891741482756797,"diagnostic frontier point (training scenarios only); not a method, never a member"
1,SD-H0,0.01,SDSRC14_MAIN9,SD-SRC14,MAIN9,SDSRC14_MAIN9:M2[N=512]@alpha=0.01,M2_joint_chance_saa,M2_joint_chance_saa[N=512],entry,False,not_met,,,no value of the declared grid met the validation screen (candidate statuses: optimal); a grid without a solution is not a statement about the whole decision space,main_reference_plan_domain,cp_upper,,,,,False,0,4,4,0.1508,0.15681132590406685,alpha_train=0.01,minimum attainable main-event rate_upper over the declared grid (descriptive; its cost is not a comparable cost),512,optimal,0.0,0.0,0.2377,0.2381,0.24521171703918232,"diagnostic frontier point (training scenarios only); not a method, never a member"
1,SD-H0,0.01,SDSRC14_MAIN9,SD-SRC14,MAIN9,SDSRC14_MAIN9:M3a[factory box]@alpha=0.01,M3a_box_robust,M3a_box_robust,entry,False,not_met,,,"no value of the declared grid met the validation screen (candidate statuses: optimal, proven_infeasible); a grid without a solution is not a statement about the whole decision space",main_reference_plan_domain,cp_upper,,,,,False,0,5,1,0.3088,0.3164897466411179,k_box=1.0,minimum attainable main-event rate_upper over the declared grid (descriptive; its cost is not a comparable cost),1024,optimal,0.0,0.0,0.2106,0.2109,0.21772203982025298,"diagnostic frontier point (training scenarios only); not a method, never a member"
1,SD-H0,0.01,SDSRC14_MAIN9,SD-SRC14,MAIN9,SDSRC14_MAIN9:M3b[factory box]@alpha=0.01,M3b_budget_robust,M3b_budget_robust,entry,False,not_met,,,no value of the declared grid met the validation screen (candidate statuses: optimal); a grid without a solution is not a statement about the whole decision space,main_reference_plan_domain,cp_upper,,,,,False,0,35,18,0.2632,0.27054391067249745,"gamma=3 {""k_box"": 1.5}",minimum attainable main-event rate_upper over the declared grid (descriptive; its cost is not a comparable cost),1024,optimal,0.0,0.0,0.2106,0.2109,0.21772203982025298,"diagnostic frontier point (training scenarios only); not a method, never a member"
1,SD-S2,0.05,SD12MO_MAIN9,SD-12MO,MAIN9,SD12MO_MAIN9:M0,M0_nominal,M0_nominal,entry,True,,,optimal,,main_reference_plan_domain,cp_upper,0.8037,0.8037,0.8102173889211403,False,False,10,1,1,0.8037,0.8102173889211403,,minimum attainable main-event rate_upper over the declared grid (descriptive; its cost is not a comparable cost),1024,optimal,0.0009765625,0.0009765625,0.0027,0.0027,0.003721510352388209,"diagnostic frontier point (training scenarios only); not a method, never a member"
1,SD-S2,0.05,SD12MO_MAIN9,SD-12MO,MAIN9,"SD12MO_MAIN9:M1[relative,apply_to_dm=False]@alpha=0.05",M1_safety_margin,M1_safety_margin[apply_to_dm=False],sensitivity_line,False,not_met,,,"no value of the declared grid met the validation screen (candidate statuses: optimal, proven_infeasible); a grid without a solution is not a statement about the whole decision space",main_reference_plan_domain,cp_upper,,,,,False,10,5,4,0.0096,0.011364710187575237,k=0.075,minimum attainable main-event rate_upper over the declared grid (descriptive; its cost is not a comparable cost),1024,optimal,0.0009765625,0.0009765625,0.0027,0.0027,0.003721510352388209,"diagnostic frontier point (training scenarios only); not a method, never a member"
1,SD-S2,0.05,SD12MO_MAIN9,SD-12MO,MAIN9,"SD12MO_MAIN9:M1[relative,apply_to_dm=True]@alpha=0.05",M1_safety_margin,M1_safety_margin[apply_to_dm=True],entry,False,not_met,,,"no value of the declared grid met the validation screen (candidate statuses: optimal, proven_infeasible); a grid without a solution is not a statement about the whole decision space",main_reference_plan_domain,cp_upper,,,,,False,10,5,2,0.3618,0.36978293055652633,k=0.025,minimum attainable main-event rate_upper over the declared grid (descriptive; its cost is not a comparable cost),1024,optimal,0.0009765625,0.0009765625,0.0027,0.0027,0.003721510352388209,"diagnostic frontier point (training scenarios only); not a method, never a member"
1,SD-S2,0.05,SD12MO_MAIN9,SD-12MO,MAIN9,SD12MO_MAIN9:M2[N=1024]@alpha=0.05,M2_joint_chance_saa,M2_joint_chance_saa[N=1024],entry,True,selected,alpha_train=0.0375,feasible_time_limit,,main_reference_plan_domain,cp_upper,0.0224,0.0224,0.02498984331995396,True,True,10,4,4,0.0105,0.012336963909157018,alpha_train=0.0125,minimum attainable main-event rate_upper over the declared grid (descriptive; its cost is not a comparable cost),1024,optimal,0.0009765625,0.0009765625,0.0027,0.0027,0.003721510352388209,"diagnostic frontier point (training scenarios only); not a method, never a member"
1,SD-S2,0.05,SD12MO_MAIN9,SD-12MO,MAIN9,SD12MO_MAIN9:M2[N=128]@alpha=0.05,M2_joint_chance_saa,M2_joint_chance_saa[N=128],entry,False,not_met,,,no value of the declared grid met the validation screen (candidate statuses: optimal); a grid without a solution is not a statement about the whole decision space,main_reference_plan_domain,cp_upper,,,,,False,10,4,4,0.0412,0.044619710813105264,alpha_train=0.0125,minimum attainable main-event rate_upper over the declared grid (descriptive; its cost is not a comparable cost),128,optimal,0.0,0.0,0.0358,0.0358,0.039007930955477874,"diagnostic frontier point (training scenarios only); not a method, never a member"
1,SD-S2,0.05,SD12MO_MAIN9,SD-12MO,MAIN9,SD12MO_MAIN9:M2[N=512]@alpha=0.05,M2_joint_chance_saa,M2_joint_chance_saa[N=512],entry,True,selected,alpha_train=0.025,optimal,,main_reference_plan_domain,cp_upper,0.0269,0.0269,0.029715643417472678,True,True,10,4,4,0.0161,0.018328150811820154,alpha_train=0.0125,minimum attainable main-event rate_upper over the declared grid (descriptive; its cost is not a comparable cost),512,optimal,0.0,0.0,0.0058,0.0058,0.0072125627397637134,"diagnostic frontier point (training scenarios only); not a method, never a member"
1,SD-S2,0.05,SD12MO_MAIN9,SD-12MO,MAIN9,SD12MO_MAIN9:M3a[factory box]@alpha=0.05,M3a_box_robust,M3a_box_robust,entry,False,not_met,,,"no value of the declared grid met the validation screen (candidate statuses: optimal, proven_infeasible); a grid without a solution is not a statement about the whole decision space",main_reference_plan_domain,cp_upper,,,,,False,10,5,1,0.2046,0.21134877023864015,k_box=1.0,minimum attainable main-event rate_upper over the declared grid (descriptive; its cost is not a comparable cost),1024,optimal,0.0009765625,0.0009765625,0.0027,0.0027,0.003721510352388209,"diagnostic frontier point (training scenarios only); not a method, never a member"
1,SD-S2,0.05,SD12MO_MAIN9,SD-12MO,MAIN9,"SD12MO_MAIN9:M3b[factory box k=3, Gamma selected]@alpha=0.05",M3b_budget_robust,M3b_budget_robust,entry,True,selected,gamma=1,optimal,,main_reference_plan_domain,cp_upper,0.0095,0.0095,0.011256471282896146,True,True,10,35,17,0.0074,0.0089719337548342,"gamma=3 {""k_box"": 1.5}",minimum attainable main-event rate_upper over the declared grid (descriptive; its cost is not a comparable cost),1024,optimal,0.0009765625,0.0009765625,0.0027,0.0027,0.003721510352388209,"diagnostic frontier point (training scenarios only); not a method, never a member"
1,SD-S2,0.05,SDH0_MAIN9,SD-H0,MAIN9,SDH0_MAIN9:M0,M0_nominal,M0_nominal,entry,True,,,optimal,,main_reference_plan_domain,cp_upper,0.8037,0.8037,0.8102173889211403,False,False,10,1,1,0.8037,0.8102173889211403,,minimum attainable main-event rate_upper over the declared grid (descriptive; its cost is not a comparable cost),1024,frontier_no_feasible_solution_found_no_ration,0.0556640625,0.21484375,,,,
1,SD-S2,0.05,SDH0_MAIN9,SD-H0,MAIN9,"SDH0_MAIN9:M1[relative,apply_to_dm=False]@alpha=0.05",M1_safety_margin,M1_safety_margin[apply_to_dm=False],sensitivity_line,False,not_met,,,"no value of the declared grid met the validation screen (candidate statuses: optimal, proven_infeasible); a grid without a solution is not a statement about the whole decision space",main_reference_plan_domain,cp_upper,,,,,False,10,5,4,0.0096,0.011364710187575237,k=0.075,minimum attainable main-event rate_upper over the declared grid (descriptive; its cost is not a comparable cost),1024,frontier_no_feasible_solution_found_no_ration,0.0556640625,0.21484375,,,,
1,SD-S2,0.05,SDH0_MAIN9,SD-H0,MAIN9,"SDH0_MAIN9:M1[relative,apply_to_dm=True]@alpha=0.05",M1_safety_margin,M1_safety_margin[apply_to_dm=True],entry,False,not_met,,,"no value of the declared grid met the validation screen (candidate statuses: optimal, proven_infeasible); a grid without a solution is not a statement about the whole decision space",main_reference_plan_domain,cp_upper,,,,,False,10,5,2,0.3618,0.36978293055652633,k=0.025,minimum attainable main-event rate_upper over the declared grid (descriptive; its cost is not a comparable cost),1024,frontier_no_feasible_solution_found_no_ration,0.0556640625,0.21484375,,,,
1,SD-S2,0.05,SDH0_MAIN9,SD-H0,MAIN9,SDH0_MAIN9:M2[N=1024]@alpha=0.05,M2_joint_chance_saa,M2_joint_chance_saa[N=1024],entry,False,not_met,,,"SAA over the N training scenarios proven infeasible for every alpha_train of the declared grid (training scenarios only; not a population, field or whole-space statement)",main_reference_plan_domain,cp_upper,,,,,False,10,4,0,,,,no scored grid candidate with a ration (not a whole-space statement),1024,frontier_no_feasible_solution_found_no_ration,0.0556640625,0.21484375,,,,
1,SD-S2,0.05,SDH0_MAIN9,SD-H0,MAIN9,SDH0_MAIN9:M2[N=128]@alpha=0.05,M2_joint_chance_saa,M2_joint_chance_saa[N=128],entry,False,not_met,,,"SAA over the N training scenarios proven infeasible for every alpha_train of the declared grid (training scenarios only; not a population, field or whole-space statement)",main_reference_plan_domain,cp_upper,,,,,False,10,4,0,,,,no scored grid candidate with a ration (not a whole-space statement),128,optimal,0.171875,0.2109375,0.0,0.0,0.00029952835977661195,"diagnostic frontier point (training scenarios only); not a method, never a member"
1,SD-S2,0.05,SDH0_MAIN9,SD-H0,MAIN9,SDH0_MAIN9:M2[N=512]@alpha=0.05,M2_joint_chance_saa,M2_joint_chance_saa[N=512],entry,False,not_met,,,"SAA over the N training scenarios proven infeasible for every alpha_train of the declared grid (training scenarios only; not a population, field or whole-space statement)",main_reference_plan_domain,cp_upper,,,,,False,10,4,0,,,,no scored grid candidate with a ration (not a whole-space statement),512,frontier_no_feasible_solution_found_no_ration,0.06640625,0.189453125,,,,
1,SD-S2,0.05,SDH0_MAIN9,SD-H0,MAIN9,SDH0_MAIN9:M3a[factory box]@alpha=0.05,M3a_box_robust,M3a_box_robust,entry,False,not_met,,,no value of the declared grid met the validation screen (candidate statuses: proven_infeasible); a grid without a solution is not a statement about the whole decision space,main_reference_plan_domain,cp_upper,,,,,False,10,5,0,,,,no scored grid candidate with a ration (not a whole-space statement),1024,frontier_no_feasible_solution_found_no_ration,0.0556640625,0.21484375,,,,
1,SD-S2,0.05,SDH0_MAIN9,SD-H0,MAIN9,SDH0_MAIN9:M3b[factory box]@alpha=0.05,M3b_budget_robust,M3b_budget_robust,entry,False,not_met,,,"no value of the declared grid met the validation screen (candidate statuses: optimal, proven_infeasible); a grid without a solution is not a statement about the whole decision space",main_reference_plan_domain,cp_upper,,,,,False,10,35,6,0.1052,0.11038196539937256,"gamma=1 {""k_box"": 1.0}",minimum attainable main-event rate_upper over the declared grid (descriptive; its cost is not a comparable cost),1024,frontier_no_feasible_solution_found_no_ration,0.0556640625,0.21484375,,,,
1,SD-S2,0.05,SDS2_MAIN9,SD-S2,MAIN9,SDS2_MAIN9:M0,M0_nominal,M0_nominal,entry,True,,,optimal,,main_reference_plan_domain,cp_upper,0.8037,0.8037,0.8102173889211403,False,False,10,1,1,0.8037,0.8102173889211403,,minimum attainable main-event rate_upper over the declared grid (descriptive; its cost is not a comparable cost),1024,optimal,0.0,0.0,0.0048,0.0048,0.00610139897368877,"diagnostic frontier point (training scenarios only); not a method, never a member"
1,SD-S2,0.05,SDS2_MAIN9,SD-S2,MAIN9,"SDS2_MAIN9:M1[relative,apply_to_dm=False]@alpha=0.05",M1_safety_margin,M1_safety_margin[apply_to_dm=False],sensitivity_line,True,selected,k=0.075,optimal,,main_reference_plan_domain,cp_upper,0.0096,0.0096,0.011364710187575237,True,False,10,5,4,0.0096,0.011364710187575237,k=0.075,minimum attainable main-event rate_upper over the declared grid (descriptive; its cost is not a comparable cost),1024,optimal,0.0,0.0,0.0048,0.0048,0.00610139897368877,"diagnostic frontier point (training scenarios only); not a method, never a member"
1,SD-S2,0.05,SDS2_MAIN9,SD-S2,MAIN9,"SDS2_MAIN9:M1[relative,apply_to_dm=True]@alpha=0.05",M1_safety_margin,M1_safety_margin[apply_to_dm=True],entry,False,not_met,,,"no value of the declared grid met the validation screen (candidate statuses: optimal, proven_infeasible); a grid without a solution is not a statement about the whole decision space",main_reference_plan_domain,cp_upper,,,,,False,10,5,2,0.3618,0.36978293055652633,k=0.025,minimum attainable main-event rate_upper over the declared grid (descriptive; its cost is not a comparable cost),1024,optimal,0.0,0.0,0.0048,0.0048,0.00610139897368877,"diagnostic frontier point (training scenarios only); not a method, never a member"
1,SD-S2,0.05,SDS2_MAIN9,SD-S2,MAIN9,SDS2_MAIN9:M2[N=1024]@alpha=0.05,M2_joint_chance_saa,M2_joint_chance_saa[N=1024],entry,True,selected,alpha_train=0.025,feasible_time_limit,,main_reference_plan_domain,cp_upper,0.0256,0.0256,0.028352659973185264,True,True,10,4,4,0.0116,0.013521076139473042,alpha_train=0.0125,minimum attainable main-event rate_upper over the declared grid (descriptive; its cost is not a comparable cost),1024,optimal,0.0,0.0,0.0048,0.0048,0.00610139897368877,"diagnostic frontier point (training scenarios only); not a method, never a member"
1,SD-S2,0.05,SDS2_MAIN9,SD-S2,MAIN9,SDS2_MAIN9:M2[N=128]@alpha=0.05,M2_joint_chance_saa,M2_joint_chance_saa[N=128],entry,False,not_met,,,no value of the declared grid met the validation screen (candidate statuses: optimal); a grid without a solution is not a statement about the whole decision space,main_reference_plan_domain,cp_upper,,,,,False,10,4,4,0.0463,0.049905622903108425,alpha_train=0.0125,minimum attainable main-event rate_upper over the declared grid (descriptive; its cost is not a comparable cost),128,optimal,0.0,0.0,0.0417,0.0417,0.045138501935186315,"diagnostic frontier point (training scenarios only); not a method, never a member"
1,SD-S2,0.05,SDS2_MAIN9,SD-S2,MAIN9,SDS2_MAIN9:M2[N=512]@alpha=0.05,M2_joint_chance_saa,M2_joint_chance_saa[N=512],entry,True,selected,alpha_train=0.025,optimal,,main_reference_plan_domain,cp_upper,0.0264,0.0264,0.029191618880330138,True,True,10,4,4,0.017,0.01928392073307218,alpha_train=0.0125,minimum attainable main-event rate_upper over the declared grid (descriptive; its cost is not a comparable cost),512,optimal,0.0,0.0,0.0067,0.0067,0.008204600723855685,"diagnostic frontier point (training scenarios only); not a method, never a member"
1,SD-S2,0.05,SDS2_MAIN9,SD-S2,MAIN9,SDS2_MAIN9:M3a[factory box]@alpha=0.05,M3a_box_robust,M3a_box_robust,entry,True,selected,k_box=1.5,optimal,,main_reference_plan_domain,cp_upper,0.0034,0.0034,0.004524010463635399,True,True,10,5,2,0.0034,0.004524010463635399,k_box=1.5,minimum attainable main-event rate_upper over the declared grid (descriptive; its cost is not a comparable cost),1024,optimal,0.0,0.0,0.0048,0.0048,0.00610139897368877,"diagnostic frontier point (training scenarios only); not a method, never a member"
1,SD-S2,0.05,SDS2_MAIN9,SD-S2,MAIN9,"SDS2_MAIN9:M3b[factory box k=1.5, Gamma selected]@alpha=0.05",M3b_budget_robust,M3b_budget_robust,entry,True,selected,gamma=3,optimal,,main_reference_plan_domain,cp_upper,0.0211,0.0211,0.02362014266547502,True,True,10,35,24,0.0,0.00029952835977661195,"gamma=4 {""k_box"": 2.0}",minimum attainable main-event rate_upper over the declared grid (descriptive; its cost is not a comparable cost),1024,optimal,0.0,0.0,0.0048,0.0048,0.00610139897368877,"diagnostic frontier point (training scenarios only); not a method, never a member"
1,SD-S2,0.05,SDSRC12_MAIN9,SD-SRC12,MAIN9,SDSRC12_MAIN9:M0,M0_nominal,M0_nominal,entry,True,,,optimal,,main_reference_plan_domain,cp_upper,0.8037,0.8037,0.8102173889211403,False,False,10,1,1,0.8037,0.8102173889211403,,minimum attainable main-event rate_upper over the declared grid (descriptive; its cost is not a comparable cost),1024,frontier_no_feasible_solution_found_no_ration,0.0126953125,0.0380859375,,,,
1,SD-S2,0.05,SDSRC12_MAIN9,SD-SRC12,MAIN9,"SDSRC12_MAIN9:M1[relative,apply_to_dm=False]@alpha=0.05",M1_safety_margin,M1_safety_margin[apply_to_dm=False],sensitivity_line,False,not_met,,,"no value of the declared grid met the validation screen (candidate statuses: optimal, proven_infeasible); a grid without a solution is not a statement about the whole decision space",main_reference_plan_domain,cp_upper,,,,,False,10,5,4,0.0096,0.011364710187575237,k=0.075,minimum attainable main-event rate_upper over the declared grid (descriptive; its cost is not a comparable cost),1024,frontier_no_feasible_solution_found_no_ration,0.0126953125,0.0380859375,,,,
1,SD-S2,0.05,SDSRC12_MAIN9,SD-SRC12,MAIN9,"SDSRC12_MAIN9:M1[relative,apply_to_dm=True]@alpha=0.05",M1_safety_margin,M1_safety_margin[apply_to_dm=True],entry,False,not_met,,,"no value of the declared grid met the validation screen (candidate statuses: optimal, proven_infeasible); a grid without a solution is not a statement about the whole decision space",main_reference_plan_domain,cp_upper,,,,,False,10,5,2,0.3618,0.36978293055652633,k=0.025,minimum attainable main-event rate_upper over the declared grid (descriptive; its cost is not a comparable cost),1024,frontier_no_feasible_solution_found_no_ration,0.0126953125,0.0380859375,,,,
1,SD-S2,0.05,SDSRC12_MAIN9,SD-SRC12,MAIN9,SDSRC12_MAIN9:M2[N=1024]@alpha=0.05,M2_joint_chance_saa,M2_joint_chance_saa[N=1024],entry,False,not_met,,,"no value of the declared grid met the validation screen (candidate statuses: feasible_time_limit, no_feasible_solution_found, proven_infeasible); a grid without a solution is not a statement about the whole decision space",main_reference_plan_domain,cp_upper,,,,,False,10,4,1,0.0,0.00029952835977661195,alpha_train=0.05,minimum attainable main-event rate_upper over the declared grid (descriptive; its cost is not a comparable cost),1024,frontier_no_feasible_solution_found_no_ration,0.0126953125,0.0380859375,,,,
1,SD-S2,0.05,SDSRC12_MAIN9,SD-SRC12,MAIN9,SDSRC12_MAIN9:M2[N=128]@alpha=0.05,M2_joint_chance_saa,M2_joint_chance_saa[N=128],entry,False,not_met,,,"no value of the declared grid met the validation screen (candidate statuses: optimal, proven_infeasible); a grid without a solution is not a statement about the whole decision space",main_reference_plan_domain,cp_upper,,,,,False,10,4,3,0.0,0.00029952835977661195,alpha_train=0.05,minimum attainable main-event rate_upper over the declared grid (descriptive; its cost is not a comparable cost),128,optimal,0.0234375,0.0234375,0.0,0.0,0.00029952835977661195,"diagnostic frontier point (training scenarios only); not a method, never a member"
1,SD-S2,0.05,SDSRC12_MAIN9,SD-SRC12,MAIN9,SDSRC12_MAIN9:M2[N=512]@alpha=0.05,M2_joint_chance_saa,M2_joint_chance_saa[N=512],entry,False,not_met,,,"no value of the declared grid met the validation screen (candidate statuses: feasible_time_limit, proven_infeasible); a grid without a solution is not a statement about the whole decision space",main_reference_plan_domain,cp_upper,,,,,False,10,4,2,0.0,0.00029952835977661195,alpha_train=0.05,minimum attainable main-event rate_upper over the declared grid (descriptive; its cost is not a comparable cost),512,optimal,0.03125,0.03125,0.0,0.0,0.00029952835977661195,"diagnostic frontier point (training scenarios only); not a method, never a member"
1,SD-S2,0.05,SDSRC12_MAIN9,SD-SRC12,MAIN9,SDSRC12_MAIN9:M3a[factory box]@alpha=0.05,M3a_box_robust,M3a_box_robust,entry,False,not_met,,,no value of the declared grid met the validation screen (candidate statuses: proven_infeasible); a grid without a solution is not a statement about the whole decision space,main_reference_plan_domain,cp_upper,,,,,False,10,5,0,,,,no scored grid candidate with a ration (not a whole-space statement),1024,frontier_no_feasible_solution_found_no_ration,0.0126953125,0.0380859375,,,,
1,SD-S2,0.05,SDSRC12_MAIN9,SD-SRC12,MAIN9,SDSRC12_MAIN9:M3b[factory box]@alpha=0.05,M3b_budget_robust,M3b_budget_robust,entry,False,not_met,,,"no value of the declared grid met the validation screen (candidate statuses: optimal, proven_infeasible); a grid without a solution is not a statement about the whole decision space",main_reference_plan_domain,cp_upper,,,,,False,10,35,10,0.0005,0.0010510137186384818,"gamma=3 {""k_box"": 1.0}",minimum attainable main-event rate_upper over the declared grid (descriptive; its cost is not a comparable cost),1024,frontier_no_feasible_solution_found_no_ration,0.0126953125,0.0380859375,,,,
1,SD-S2,0.05,SDSRC14_MAIN9,SD-SRC14,MAIN9,SDSRC14_MAIN9:M0,M0_nominal,M0_nominal,entry,True,,,optimal,,main_reference_plan_domain,cp_upper,0.8037,0.8037,0.8102173889211403,False,False,10,1,1,0.8037,0.8102173889211403,,minimum attainable main-event rate_upper over the declared grid (descriptive; its cost is not a comparable cost),1024,optimal,0.0,0.0,0.0,0.0,0.00029952835977661195,"diagnostic frontier point (training scenarios only); not a method, never a member"
1,SD-S2,0.05,SDSRC14_MAIN9,SD-SRC14,MAIN9,"SDSRC14_MAIN9:M1[relative,apply_to_dm=False]@alpha=0.05",M1_safety_margin,M1_safety_margin[apply_to_dm=False],sensitivity_line,False,not_met,,,"no value of the declared grid met the validation screen (candidate statuses: optimal, proven_infeasible); a grid without a solution is not a statement about the whole decision space",main_reference_plan_domain,cp_upper,,,,,False,10,5,4,0.0096,0.011364710187575237,k=0.075,minimum attainable main-event rate_upper over the declared grid (descriptive; its cost is not a comparable cost),1024,optimal,0.0,0.0,0.0,0.0,0.00029952835977661195,"diagnostic frontier point (training scenarios only); not a method, never a member"
1,SD-S2,0.05,SDSRC14_MAIN9,SD-SRC14,MAIN9,"SDSRC14_MAIN9:M1[relative,apply_to_dm=True]@alpha=0.05",M1_safety_margin,M1_safety_margin[apply_to_dm=True],entry,False,not_met,,,"no value of the declared grid met the validation screen (candidate statuses: optimal, proven_infeasible); a grid without a solution is not a statement about the whole decision space",main_reference_plan_domain,cp_upper,,,,,False,10,5,2,0.3618,0.36978293055652633,k=0.025,minimum attainable main-event rate_upper over the declared grid (descriptive; its cost is not a comparable cost),1024,optimal,0.0,0.0,0.0,0.0,0.00029952835977661195,"diagnostic frontier point (training scenarios only); not a method, never a member"
1,SD-S2,0.05,SDSRC14_MAIN9,SD-SRC14,MAIN9,SDSRC14_MAIN9:M2[N=1024]@alpha=0.05,M2_joint_chance_saa,M2_joint_chance_saa[N=1024],entry,True,selected,alpha_train=0.025,feasible_time_limit,,main_reference_plan_domain,cp_upper,0.0,0.0,0.00029952835977661195,True,True,10,4,4,0.0,0.00029952835977661195,alpha_train=0.0375,minimum attainable main-event rate_upper over the declared grid (descriptive; its cost is not a comparable cost),1024,optimal,0.0,0.0,0.0,0.0,0.00029952835977661195,"diagnostic frontier point (training scenarios only); not a method, never a member"
1,SD-S2,0.05,SDSRC14_MAIN9,SD-SRC14,MAIN9,SDSRC14_MAIN9:M2[N=128]@alpha=0.05,M2_joint_chance_saa,M2_joint_chance_saa[N=128],entry,False,not_met,,,no value of the declared grid met the validation screen (candidate statuses: optimal); a grid without a solution is not a statement about the whole decision space,main_reference_plan_domain,cp_upper,,,,,False,10,4,4,0.0,0.00029952835977661195,alpha_train=0.05,minimum attainable main-event rate_upper over the declared grid (descriptive; its cost is not a comparable cost),128,optimal,0.0,0.0,0.0,0.0,0.00029952835977661195,"diagnostic frontier point (training scenarios only); not a method, never a member"
1,SD-S2,0.05,SDSRC14_MAIN9,SD-SRC14,MAIN9,SDSRC14_MAIN9:M2[N=512]@alpha=0.05,M2_joint_chance_saa,M2_joint_chance_saa[N=512],entry,True,selected,alpha_train=0.0125,optimal,,main_reference_plan_domain,cp_upper,0.0,0.0,0.00029952835977661195,True,True,10,4,4,0.0,0.00029952835977661195,alpha_train=0.025,minimum attainable main-event rate_upper over the declared grid (descriptive; its cost is not a comparable cost),512,optimal,0.0,0.0,0.0,0.0,0.00029952835977661195,"diagnostic frontier point (training scenarios only); not a method, never a member"
1,SD-S2,0.05,SDSRC14_MAIN9,SD-SRC14,MAIN9,SDSRC14_MAIN9:M3a[factory box]@alpha=0.05,M3a_box_robust,M3a_box_robust,entry,False,not_met,,,"no value of the declared grid met the validation screen (candidate statuses: optimal, proven_infeasible); a grid without a solution is not a statement about the whole decision space",main_reference_plan_domain,cp_upper,,,,,False,10,5,1,0.0,0.00029952835977661195,k_box=1.0,minimum attainable main-event rate_upper over the declared grid (descriptive; its cost is not a comparable cost),1024,optimal,0.0,0.0,0.0,0.0,0.00029952835977661195,"diagnostic frontier point (training scenarios only); not a method, never a member"
1,SD-S2,0.05,SDSRC14_MAIN9,SD-SRC14,MAIN9,"SDSRC14_MAIN9:M3b[factory box k=1, Gamma selected]@alpha=0.05",M3b_budget_robust,M3b_budget_robust,entry,True,selected,gamma=5,optimal,,main_reference_plan_domain,cp_upper,0.0003,0.0003,0.0007751813790100997,True,True,10,35,18,0.0,0.00029952835977661195,"gamma=6 {""k_box"": 1.0}",minimum attainable main-event rate_upper over the declared grid (descriptive; its cost is not a comparable cost),1024,optimal,0.0,0.0,0.0,0.0,0.00029952835977661195,"diagnostic frontier point (training scenarios only); not a method, never a member"
1,SD-S2,0.1,SD12MO_MAIN9,SD-12MO,MAIN9,SD12MO_MAIN9:M0,M0_nominal,M0_nominal,entry,True,,,optimal,,main_reference_plan_domain,cp_upper,0.8037,0.8037,0.8102173889211403,False,False,17,1,1,0.8037,0.8102173889211403,,minimum attainable main-event rate_upper over the declared grid (descriptive; its cost is not a comparable cost),1024,optimal,0.0009765625,0.0009765625,0.0027,0.0027,0.003721510352388209,"diagnostic frontier point (training scenarios only); not a method, never a member"
1,SD-S2,0.1,SD12MO_MAIN9,SD-12MO,MAIN9,"SD12MO_MAIN9:M1[relative,apply_to_dm=False]@alpha=0.1",M1_safety_margin,M1_safety_margin[apply_to_dm=False],sensitivity_line,True,selected,k=0.075,optimal,,main_reference_plan_domain,cp_upper,0.0096,0.0096,0.011364710187575237,True,False,17,5,4,0.0096,0.011364710187575237,k=0.075,minimum attainable main-event rate_upper over the declared grid (descriptive; its cost is not a comparable cost),1024,optimal,0.0009765625,0.0009765625,0.0027,0.0027,0.003721510352388209,"diagnostic frontier point (training scenarios only); not a method, never a member"
1,SD-S2,0.1,SD12MO_MAIN9,SD-12MO,MAIN9,"SD12MO_MAIN9:M1[relative,apply_to_dm=True]@alpha=0.1",M1_safety_margin,M1_safety_margin[apply_to_dm=True],entry,False,not_met,,,"no value of the declared grid met the validation screen (candidate statuses: optimal, proven_infeasible); a grid without a solution is not a statement about the whole decision space",main_reference_plan_domain,cp_upper,,,,,False,17,5,2,0.3618,0.36978293055652633,k=0.025,minimum attainable main-event rate_upper over the declared grid (descriptive; its cost is not a comparable cost),1024,optimal,0.0009765625,0.0009765625,0.0027,0.0027,0.003721510352388209,"diagnostic frontier point (training scenarios only); not a method, never a member"
1,SD-S2,0.1,SD12MO_MAIN9,SD-12MO,MAIN9,SD12MO_MAIN9:M2[N=1024]@alpha=0.1,M2_joint_chance_saa,M2_joint_chance_saa[N=1024],entry,True,selected,alpha_train=0.075,feasible_time_limit,,main_reference_plan_domain,cp_upper,0.0524,0.0524,0.05621297634654845,True,True,17,4,4,0.0216,0.02414721518716662,alpha_train=0.025,minimum attainable main-event rate_upper over the declared grid (descriptive; its cost is not a comparable cost),1024,optimal,0.0009765625,0.0009765625,0.0027,0.0027,0.003721510352388209,"diagnostic frontier point (training scenarios only); not a method, never a member"
1,SD-S2,0.1,SD12MO_MAIN9,SD-12MO,MAIN9,SD12MO_MAIN9:M2[N=128]@alpha=0.1,M2_joint_chance_saa,M2_joint_chance_saa[N=128],entry,True,selected,alpha_train=0.025,optimal,,main_reference_plan_domain,cp_upper,0.0518,0.0518,0.05559323263645983,True,True,17,4,4,0.0518,0.05559323263645983,alpha_train=0.025,minimum attainable main-event rate_upper over the declared grid (descriptive; its cost is not a comparable cost),128,optimal,0.0,0.0,0.0358,0.0358,0.039007930955477874,"diagnostic frontier point (training scenarios only); not a method, never a member"
1,SD-S2,0.1,SD12MO_MAIN9,SD-12MO,MAIN9,SD12MO_MAIN9:M2[N=512]@alpha=0.1,M2_joint_chance_saa,M2_joint_chance_saa[N=512],entry,True,selected,alpha_train=0.05,optimal,,main_reference_plan_domain,cp_upper,0.0457,0.0457,0.04928438522097894,True,True,17,4,4,0.0269,0.029715643417472678,alpha_train=0.025,minimum attainable main-event rate_upper over the declared grid (descriptive; its cost is not a comparable cost),512,optimal,0.0,0.0,0.0058,0.0058,0.0072125627397637134,"diagnostic frontier point (training scenarios only); not a method, never a member"
1,SD-S2,0.1,SD12MO_MAIN9,SD-12MO,MAIN9,SD12MO_MAIN9:M3a[factory box]@alpha=0.1,M3a_box_robust,M3a_box_robust,entry,False,not_met,,,"no value of the declared grid met the validation screen (candidate statuses: optimal, proven_infeasible); a grid without a solution is not a statement about the whole decision space",main_reference_plan_domain,cp_upper,,,,,False,17,5,1,0.2046,0.21134877023864015,k_box=1.0,minimum attainable main-event rate_upper over the declared grid (descriptive; its cost is not a comparable cost),1024,optimal,0.0009765625,0.0009765625,0.0027,0.0027,0.003721510352388209,"diagnostic frontier point (training scenarios only); not a method, never a member"
1,SD-S2,0.1,SD12MO_MAIN9,SD-12MO,MAIN9,"SD12MO_MAIN9:M3b[factory box k=1.5, Gamma selected]@alpha=0.1",M3b_budget_robust,M3b_budget_robust,entry,True,selected,gamma=2,optimal,,main_reference_plan_domain,cp_upper,0.0567,0.0567,0.060650689814225965,True,True,17,35,17,0.0074,0.0089719337548342,"gamma=3 {""k_box"": 1.5}",minimum attainable main-event rate_upper over the declared grid (descriptive; its cost is not a comparable cost),1024,optimal,0.0009765625,0.0009765625,0.0027,0.0027,0.003721510352388209,"diagnostic frontier point (training scenarios only); not a method, never a member"
1,SD-S2,0.1,SDH0_MAIN9,SD-H0,MAIN9,SDH0_MAIN9:M0,M0_nominal,M0_nominal,entry,True,,,optimal,,main_reference_plan_domain,cp_upper,0.8037,0.8037,0.8102173889211403,False,False,17,1,1,0.8037,0.8102173889211403,,minimum attainable main-event rate_upper over the declared grid (descriptive; its cost is not a comparable cost),1024,frontier_no_feasible_solution_found_no_ration,0.0556640625,0.21484375,,,,
1,SD-S2,0.1,SDH0_MAIN9,SD-H0,MAIN9,"SDH0_MAIN9:M1[relative,apply_to_dm=False]@alpha=0.1",M1_safety_margin,M1_safety_margin[apply_to_dm=False],sensitivity_line,False,not_met,,,"no value of the declared grid met the validation screen (candidate statuses: optimal, proven_infeasible); a grid without a solution is not a statement about the whole decision space",main_reference_plan_domain,cp_upper,,,,,False,17,5,4,0.0096,0.011364710187575237,k=0.075,minimum attainable main-event rate_upper over the declared grid (descriptive; its cost is not a comparable cost),1024,frontier_no_feasible_solution_found_no_ration,0.0556640625,0.21484375,,,,
1,SD-S2,0.1,SDH0_MAIN9,SD-H0,MAIN9,"SDH0_MAIN9:M1[relative,apply_to_dm=True]@alpha=0.1",M1_safety_margin,M1_safety_margin[apply_to_dm=True],entry,False,not_met,,,"no value of the declared grid met the validation screen (candidate statuses: optimal, proven_infeasible); a grid without a solution is not a statement about the whole decision space",main_reference_plan_domain,cp_upper,,,,,False,17,5,2,0.3618,0.36978293055652633,k=0.025,minimum attainable main-event rate_upper over the declared grid (descriptive; its cost is not a comparable cost),1024,frontier_no_feasible_solution_found_no_ration,0.0556640625,0.21484375,,,,
1,SD-S2,0.1,SDH0_MAIN9,SD-H0,MAIN9,SDH0_MAIN9:M2[N=1024]@alpha=0.1,M2_joint_chance_saa,M2_joint_chance_saa[N=1024],entry,False,not_met,,,"SAA over the N training scenarios proven infeasible for every alpha_train of the declared grid (training scenarios only; not a population, field or whole-space statement)",main_reference_plan_domain,cp_upper,,,,,False,17,4,0,,,,no scored grid candidate with a ration (not a whole-space statement),1024,frontier_no_feasible_solution_found_no_ration,0.0556640625,0.21484375,,,,
1,SD-S2,0.1,SDH0_MAIN9,SD-H0,MAIN9,SDH0_MAIN9:M2[N=128]@alpha=0.1,M2_joint_chance_saa,M2_joint_chance_saa[N=128],entry,False,not_met,,,"SAA over the N training scenarios proven infeasible for every alpha_train of the declared grid (training scenarios only; not a population, field or whole-space statement)",main_reference_plan_domain,cp_upper,,,,,False,17,4,0,,,,no scored grid candidate with a ration (not a whole-space statement),128,optimal,0.171875,0.2109375,0.0,0.0,0.00029952835977661195,"diagnostic frontier point (training scenarios only); not a method, never a member"
1,SD-S2,0.1,SDH0_MAIN9,SD-H0,MAIN9,SDH0_MAIN9:M2[N=512]@alpha=0.1,M2_joint_chance_saa,M2_joint_chance_saa[N=512],entry,False,not_met,,,"SAA over the N training scenarios proven infeasible for every alpha_train of the declared grid (training scenarios only; not a population, field or whole-space statement)",main_reference_plan_domain,cp_upper,,,,,False,17,4,0,,,,no scored grid candidate with a ration (not a whole-space statement),512,frontier_no_feasible_solution_found_no_ration,0.06640625,0.189453125,,,,
1,SD-S2,0.1,SDH0_MAIN9,SD-H0,MAIN9,SDH0_MAIN9:M3a[factory box]@alpha=0.1,M3a_box_robust,M3a_box_robust,entry,False,not_met,,,no value of the declared grid met the validation screen (candidate statuses: proven_infeasible); a grid without a solution is not a statement about the whole decision space,main_reference_plan_domain,cp_upper,,,,,False,17,5,0,,,,no scored grid candidate with a ration (not a whole-space statement),1024,frontier_no_feasible_solution_found_no_ration,0.0556640625,0.21484375,,,,
1,SD-S2,0.1,SDH0_MAIN9,SD-H0,MAIN9,SDH0_MAIN9:M3b[factory box]@alpha=0.1,M3b_budget_robust,M3b_budget_robust,entry,False,not_met,,,"no value of the declared grid met the validation screen (candidate statuses: optimal, proven_infeasible); a grid without a solution is not a statement about the whole decision space",main_reference_plan_domain,cp_upper,,,,,False,17,35,6,0.1052,0.11038196539937256,"gamma=1 {""k_box"": 1.0}",minimum attainable main-event rate_upper over the declared grid (descriptive; its cost is not a comparable cost),1024,frontier_no_feasible_solution_found_no_ration,0.0556640625,0.21484375,,,,
1,SD-S2,0.1,SDS2_MAIN9,SD-S2,MAIN9,SDS2_MAIN9:M0,M0_nominal,M0_nominal,entry,True,,,optimal,,main_reference_plan_domain,cp_upper,0.8037,0.8037,0.8102173889211403,False,False,17,1,1,0.8037,0.8102173889211403,,minimum attainable main-event rate_upper over the declared grid (descriptive; its cost is not a comparable cost),1024,optimal,0.0,0.0,0.0048,0.0048,0.00610139897368877,"diagnostic frontier point (training scenarios only); not a method, never a member"
1,SD-S2,0.1,SDS2_MAIN9,SD-S2,MAIN9,"SDS2_MAIN9:M1[relative,apply_to_dm=False]@alpha=0.1",M1_safety_margin,M1_safety_margin[apply_to_dm=False],sensitivity_line,True,selected,k=0.075,optimal,,main_reference_plan_domain,cp_upper,0.0096,0.0096,0.011364710187575237,True,False,17,5,4,0.0096,0.011364710187575237,k=0.075,minimum attainable main-event rate_upper over the declared grid (descriptive; its cost is not a comparable cost),1024,optimal,0.0,0.0,0.0048,0.0048,0.00610139897368877,"diagnostic frontier point (training scenarios only); not a method, never a member"
1,SD-S2,0.1,SDS2_MAIN9,SD-S2,MAIN9,"SDS2_MAIN9:M1[relative,apply_to_dm=True]@alpha=0.1",M1_safety_margin,M1_safety_margin[apply_to_dm=True],entry,False,not_met,,,"no value of the declared grid met the validation screen (candidate statuses: optimal, proven_infeasible); a grid without a solution is not a statement about the whole decision space",main_reference_plan_domain,cp_upper,,,,,False,17,5,2,0.3618,0.36978293055652633,k=0.025,minimum attainable main-event rate_upper over the declared grid (descriptive; its cost is not a comparable cost),1024,optimal,0.0,0.0,0.0048,0.0048,0.00610139897368877,"diagnostic frontier point (training scenarios only); not a method, never a member"
1,SD-S2,0.1,SDS2_MAIN9,SD-S2,MAIN9,SDS2_MAIN9:M2[N=1024]@alpha=0.1,M2_joint_chance_saa,M2_joint_chance_saa[N=1024],entry,True,selected,alpha_train=0.075,feasible_time_limit,,main_reference_plan_domain,cp_upper,0.0547,0.0547,0.058587442184970605,True,True,17,4,4,0.0234,0.026041996538070267,alpha_train=0.025,minimum attainable main-event rate_upper over the declared grid (descriptive; its cost is not a comparable cost),1024,optimal,0.0,0.0,0.0048,0.0048,0.00610139897368877,"diagnostic frontier point (training scenarios only); not a method, never a member"
1,SD-S2,0.1,SDS2_MAIN9,SD-S2,MAIN9,SDS2_MAIN9:M2[N=128]@alpha=0.1,M2_joint_chance_saa,M2_joint_chance_saa[N=128],entry,True,selected,alpha_train=0.025,optimal,,main_reference_plan_domain,cp_upper,0.053,0.053,0.05683258654796392,True,True,17,4,4,0.053,0.05683258654796392,alpha_train=0.025,minimum attainable main-event rate_upper over the declared grid (descriptive; its cost is not a comparable cost),128,optimal,0.0,0.0,0.0417,0.0417,0.045138501935186315,"diagnostic frontier point (training scenarios only); not a method, never a member"
1,SD-S2,0.1,SDS2_MAIN9,SD-S2,MAIN9,SDS2_MAIN9:M2[N=512]@alpha=0.1,M2_joint_chance_saa,M2_joint_chance_saa[N=512],entry,True,selected,alpha_train=0.075,feasible_time_limit,,main_reference_plan_domain,cp_upper,0.056,0.056,0.05992870755847766,True,True,17,4,4,0.0264,0.029191618880330138,alpha_train=0.025,minimum attainable main-event rate_upper over the declared grid (descriptive; its cost is not a comparable cost),512,optimal,0.0,0.0,0.0067,0.0067,0.008204600723855685,"diagnostic frontier point (training scenarios only); not a method, never a member"
1,SD-S2,0.1,SDS2_MAIN9,SD-S2,MAIN9,SDS2_MAIN9:M3a[factory box]@alpha=0.1,M3a_box_robust,M3a_box_robust,entry,True,selected,k_box=1.5,optimal,,main_reference_plan_domain,cp_upper,0.0034,0.0034,0.004524010463635399,True,True,17,5,2,0.0034,0.004524010463635399,k_box=1.5,minimum attainable main-event rate_upper over the declared grid (descriptive; its cost is not a comparable cost),1024,optimal,0.0,0.0,0.0048,0.0048,0.00610139897368877,"diagnostic frontier point (training scenarios only); not a method, never a member"
1,SD-S2,0.1,SDS2_MAIN9,SD-S2,MAIN9,"SDS2_MAIN9:M3b[factory box k=1.5, Gamma selected]@alpha=0.1",M3b_budget_robust,M3b_budget_robust,entry,True,selected,gamma=2,optimal,,main_reference_plan_domain,cp_upper,0.0643,0.0643,0.06847944186702756,True,True,17,35,24,0.0,0.00029952835977661195,"gamma=4 {""k_box"": 2.0}",minimum attainable main-event rate_upper over the declared grid (descriptive; its cost is not a comparable cost),1024,optimal,0.0,0.0,0.0048,0.0048,0.00610139897368877,"diagnostic frontier point (training scenarios only); not a method, never a member"
1,SD-S2,0.1,SDSRC12_MAIN9,SD-SRC12,MAIN9,SDSRC12_MAIN9:M0,M0_nominal,M0_nominal,entry,True,,,optimal,,main_reference_plan_domain,cp_upper,0.8037,0.8037,0.8102173889211403,False,False,17,1,1,0.8037,0.8102173889211403,,minimum attainable main-event rate_upper over the declared grid (descriptive; its cost is not a comparable cost),1024,frontier_no_feasible_solution_found_no_ration,0.0126953125,0.0380859375,,,,
1,SD-S2,0.1,SDSRC12_MAIN9,SD-SRC12,MAIN9,"SDSRC12_MAIN9:M1[relative,apply_to_dm=False]@alpha=0.1",M1_safety_margin,M1_safety_margin[apply_to_dm=False],sensitivity_line,False,not_met,,,"no value of the declared grid met the validation screen (candidate statuses: optimal, proven_infeasible); a grid without a solution is not a statement about the whole decision space",main_reference_plan_domain,cp_upper,,,,,False,17,5,4,0.0096,0.011364710187575237,k=0.075,minimum attainable main-event rate_upper over the declared grid (descriptive; its cost is not a comparable cost),1024,frontier_no_feasible_solution_found_no_ration,0.0126953125,0.0380859375,,,,
1,SD-S2,0.1,SDSRC12_MAIN9,SD-SRC12,MAIN9,"SDSRC12_MAIN9:M1[relative,apply_to_dm=True]@alpha=0.1",M1_safety_margin,M1_safety_margin[apply_to_dm=True],entry,False,not_met,,,"no value of the declared grid met the validation screen (candidate statuses: optimal, proven_infeasible); a grid without a solution is not a statement about the whole decision space",main_reference_plan_domain,cp_upper,,,,,False,17,5,2,0.3618,0.36978293055652633,k=0.025,minimum attainable main-event rate_upper over the declared grid (descriptive; its cost is not a comparable cost),1024,frontier_no_feasible_solution_found_no_ration,0.0126953125,0.0380859375,,,,
1,SD-S2,0.1,SDSRC12_MAIN9,SD-SRC12,MAIN9,SDSRC12_MAIN9:M2[N=1024]@alpha=0.1,M2_joint_chance_saa,M2_joint_chance_saa[N=1024],entry,True,selected,alpha_train=0.1,feasible_time_limit,,main_reference_plan_domain,cp_upper,0.0,0.0,0.00029952835977661195,True,True,17,4,2,0.0,0.00029952835977661195,alpha_train=0.1,minimum attainable main-event rate_upper over the declared grid (descriptive; its cost is not a comparable cost),1024,frontier_no_feasible_solution_found_no_ration,0.0126953125,0.0380859375,,,,
1,SD-S2,0.1,SDSRC12_MAIN9,SD-SRC12,MAIN9,SDSRC12_MAIN9:M2[N=128]@alpha=0.1,M2_joint_chance_saa,M2_joint_chance_saa[N=128],entry,True,selected,alpha_train=0.05,optimal,,main_reference_plan_domain,cp_upper,0.0,0.0,0.00029952835977661195,True,True,17,4,4,0.0,0.00029952835977661195,alpha_train=0.1,minimum attainable main-event rate_upper over the declared grid (descriptive; its cost is not a comparable cost),128,optimal,0.0234375,0.0234375,0.0,0.0,0.00029952835977661195,"diagnostic frontier point (training scenarios only); not a method, never a member"
1,SD-S2,0.1,SDSRC12_MAIN9,SD-SRC12,MAIN9,SDSRC12_MAIN9:M2[N=512]@alpha=0.1,M2_joint_chance_saa,M2_joint_chance_saa[N=512],entry,True,selected,alpha_train=0.075,feasible_time_limit,,main_reference_plan_domain,cp_upper,0.0,0.0,0.00029952835977661195,True,True,17,4,3,0.0,0.00029952835977661195,alpha_train=0.1,minimum attainable main-event rate_upper over the declared grid (descriptive; its cost is not a comparable cost),512,optimal,0.03125,0.03125,0.0,0.0,0.00029952835977661195,"diagnostic frontier point (training scenarios only); not a method, never a member"
1,SD-S2,0.1,SDSRC12_MAIN9,SD-SRC12,MAIN9,SDSRC12_MAIN9:M3a[factory box]@alpha=0.1,M3a_box_robust,M3a_box_robust,entry,False,not_met,,,no value of the declared grid met the validation screen (candidate statuses: proven_infeasible); a grid without a solution is not a statement about the whole decision space,main_reference_plan_domain,cp_upper,,,,,False,17,5,0,,,,no scored grid candidate with a ration (not a whole-space statement),1024,frontier_no_feasible_solution_found_no_ration,0.0126953125,0.0380859375,,,,
1,SD-S2,0.1,SDSRC12_MAIN9,SD-SRC12,MAIN9,SDSRC12_MAIN9:M3b[factory box]@alpha=0.1,M3b_budget_robust,M3b_budget_robust,entry,False,not_met,,,"no value of the declared grid met the validation screen (candidate statuses: optimal, proven_infeasible); a grid without a solution is not a statement about the whole decision space",main_reference_plan_domain,cp_upper,,,,,False,17,35,10,0.0005,0.0010510137186384818,"gamma=3 {""k_box"": 1.0}",minimum attainable main-event rate_upper over the declared grid (descriptive; its cost is not a comparable cost),1024,frontier_no_feasible_solution_found_no_ration,0.0126953125,0.0380859375,,,,
1,SD-S2,0.1,SDSRC14_MAIN9,SD-SRC14,MAIN9,SDSRC14_MAIN9:M0,M0_nominal,M0_nominal,entry,True,,,optimal,,main_reference_plan_domain,cp_upper,0.8037,0.8037,0.8102173889211403,False,False,17,1,1,0.8037,0.8102173889211403,,minimum attainable main-event rate_upper over the declared grid (descriptive; its cost is not a comparable cost),1024,optimal,0.0,0.0,0.0,0.0,0.00029952835977661195,"diagnostic frontier point (training scenarios only); not a method, never a member"
1,SD-S2,0.1,SDSRC14_MAIN9,SD-SRC14,MAIN9,"SDSRC14_MAIN9:M1[relative,apply_to_dm=False]@alpha=0.1",M1_safety_margin,M1_safety_margin[apply_to_dm=False],sensitivity_line,False,not_met,,,"no value of the declared grid met the validation screen (candidate statuses: optimal, proven_infeasible); a grid without a solution is not a statement about the whole decision space",main_reference_plan_domain,cp_upper,,,,,False,17,5,4,0.0096,0.011364710187575237,k=0.075,minimum attainable main-event rate_upper over the declared grid (descriptive; its cost is not a comparable cost),1024,optimal,0.0,0.0,0.0,0.0,0.00029952835977661195,"diagnostic frontier point (training scenarios only); not a method, never a member"
1,SD-S2,0.1,SDSRC14_MAIN9,SD-SRC14,MAIN9,"SDSRC14_MAIN9:M1[relative,apply_to_dm=True]@alpha=0.1",M1_safety_margin,M1_safety_margin[apply_to_dm=True],entry,False,not_met,,,"no value of the declared grid met the validation screen (candidate statuses: optimal, proven_infeasible); a grid without a solution is not a statement about the whole decision space",main_reference_plan_domain,cp_upper,,,,,False,17,5,2,0.3618,0.36978293055652633,k=0.025,minimum attainable main-event rate_upper over the declared grid (descriptive; its cost is not a comparable cost),1024,optimal,0.0,0.0,0.0,0.0,0.00029952835977661195,"diagnostic frontier point (training scenarios only); not a method, never a member"
1,SD-S2,0.1,SDSRC14_MAIN9,SD-SRC14,MAIN9,SDSRC14_MAIN9:M2[N=1024]@alpha=0.1,M2_joint_chance_saa,M2_joint_chance_saa[N=1024],entry,True,selected,alpha_train=0.05,feasible_time_limit,,main_reference_plan_domain,cp_upper,0.0001,0.0001,0.0004742976591654368,True,True,17,4,4,0.0,0.00029952835977661195,alpha_train=0.025,minimum attainable main-event rate_upper over the declared grid (descriptive; its cost is not a comparable cost),1024,optimal,0.0,0.0,0.0,0.0,0.00029952835977661195,"diagnostic frontier point (training scenarios only); not a method, never a member"
1,SD-S2,0.1,SDSRC14_MAIN9,SD-SRC14,MAIN9,SDSRC14_MAIN9:M2[N=128]@alpha=0.1,M2_joint_chance_saa,M2_joint_chance_saa[N=128],entry,True,selected,alpha_train=0.05,optimal,,main_reference_plan_domain,cp_upper,0.0,0.0,0.00029952835977661195,True,True,17,4,4,0.0,0.00029952835977661195,alpha_train=0.05,minimum attainable main-event rate_upper over the declared grid (descriptive; its cost is not a comparable cost),128,optimal,0.0,0.0,0.0,0.0,0.00029952835977661195,"diagnostic frontier point (training scenarios only); not a method, never a member"
1,SD-S2,0.1,SDSRC14_MAIN9,SD-SRC14,MAIN9,SDSRC14_MAIN9:M2[N=512]@alpha=0.1,M2_joint_chance_saa,M2_joint_chance_saa[N=512],entry,True,selected,alpha_train=0.075,feasible_time_limit,,main_reference_plan_domain,cp_upper,0.0004,0.0004,0.0009151160584710777,True,True,17,4,4,0.0,0.00029952835977661195,alpha_train=0.025,minimum attainable main-event rate_upper over the declared grid (descriptive; its cost is not a comparable cost),512,optimal,0.0,0.0,0.0,0.0,0.00029952835977661195,"diagnostic frontier point (training scenarios only); not a method, never a member"
1,SD-S2,0.1,SDSRC14_MAIN9,SD-SRC14,MAIN9,SDSRC14_MAIN9:M3a[factory box]@alpha=0.1,M3a_box_robust,M3a_box_robust,entry,True,selected,k_box=1.0,optimal,,main_reference_plan_domain,cp_upper,0.0,0.0,0.00029952835977661195,True,True,17,5,1,0.0,0.00029952835977661195,k_box=1.0,minimum attainable main-event rate_upper over the declared grid (descriptive; its cost is not a comparable cost),1024,optimal,0.0,0.0,0.0,0.0,0.00029952835977661195,"diagnostic frontier point (training scenarios only); not a method, never a member"
1,SD-S2,0.1,SDSRC14_MAIN9,SD-SRC14,MAIN9,"SDSRC14_MAIN9:M3b[factory box k=1, Gamma selected]@alpha=0.1",M3b_budget_robust,M3b_budget_robust,entry,True,selected,gamma=4,optimal,,main_reference_plan_domain,cp_upper,0.0001,0.0001,0.0004742976591654368,True,True,17,35,18,0.0,0.00029952835977661195,"gamma=6 {""k_box"": 1.0}",minimum attainable main-event rate_upper over the declared grid (descriptive; its cost is not a comparable cost),1024,optimal,0.0,0.0,0.0,0.0,0.00029952835977661195,"diagnostic frontier point (training scenarios only); not a method, never a member"
1,SD-S2,0.01,SD12MO_MAIN9,SD-12MO,MAIN9,SD12MO_MAIN9:M0,M0_nominal,M0_nominal,entry,True,,,optimal,,main_reference_plan_domain,cp_upper,0.8037,0.8037,0.8102173889211403,False,False,4,1,1,0.8037,0.8102173889211403,,minimum attainable main-event rate_upper over the declared grid (descriptive; its cost is not a comparable cost),1024,optimal,0.0009765625,0.0009765625,0.0027,0.0027,0.003721510352388209,"diagnostic frontier point (training scenarios only); not a method, never a member"
1,SD-S2,0.01,SD12MO_MAIN9,SD-12MO,MAIN9,"SD12MO_MAIN9:M1[relative,apply_to_dm=False]@alpha=0.01",M1_safety_margin,M1_safety_margin[apply_to_dm=False],sensitivity_line,False,not_met,,,"no value of the declared grid met the validation screen (candidate statuses: optimal, proven_infeasible); a grid without a solution is not a statement about the whole decision space",main_reference_plan_domain,cp_upper,,,,,False,4,5,4,0.0096,0.011364710187575237,k=0.075,minimum attainable main-event rate_upper over the declared grid (descriptive; its cost is not a comparable cost),1024,optimal,0.0009765625,0.0009765625,0.0027,0.0027,0.003721510352388209,"diagnostic frontier point (training scenarios only); not a method, never a member"
1,SD-S2,0.01,SD12MO_MAIN9,SD-12MO,MAIN9,"SD12MO_MAIN9:M1[relative,apply_to_dm=True]@alpha=0.01",M1_safety_margin,M1_safety_margin[apply_to_dm=True],entry,False,not_met,,,"no value of the declared grid met the validation screen (candidate statuses: optimal, proven_infeasible); a grid without a solution is not a statement about the whole decision space",main_reference_plan_domain,cp_upper,,,,,False,4,5,2,0.3618,0.36978293055652633,k=0.025,minimum attainable main-event rate_upper over the declared grid (descriptive; its cost is not a comparable cost),1024,optimal,0.0009765625,0.0009765625,0.0027,0.0027,0.003721510352388209,"diagnostic frontier point (training scenarios only); not a method, never a member"
1,SD-S2,0.01,SD12MO_MAIN9,SD-12MO,MAIN9,SD12MO_MAIN9:M2[N=1024]@alpha=0.01,M2_joint_chance_saa,M2_joint_chance_saa[N=1024],entry,True,selected,alpha_train=0.0025,optimal,,main_reference_plan_domain,cp_upper,0.0029,0.0029,0.003952012538554296,True,True,4,4,4,0.0029,0.003952012538554296,alpha_train=0.0025,minimum attainable main-event rate_upper over the declared grid (descriptive; its cost is not a comparable cost),1024,optimal,0.0009765625,0.0009765625,0.0027,0.0027,0.003721510352388209,"diagnostic frontier point (training scenarios only); not a method, never a member"
1,SD-S2,0.01,SD12MO_MAIN9,SD-12MO,MAIN9,SD12MO_MAIN9:M2[N=128]@alpha=0.01,M2_joint_chance_saa,M2_joint_chance_saa[N=128],entry,False,not_met,,,no value of the declared grid met the validation screen (candidate statuses: optimal); a grid without a solution is not a statement about the whole decision space,main_reference_plan_domain,cp_upper,,,,,False,4,4,4,0.0358,0.039007930955477874,alpha_train=0.0075,minimum attainable main-event rate_upper over the declared grid (descriptive; its cost is not a comparable cost),128,optimal,0.0,0.0,0.0358,0.0358,0.039007930955477874,"diagnostic frontier point (training scenarios only); not a method, never a member"
1,SD-S2,0.01,SD12MO_MAIN9,SD-12MO,MAIN9,SD12MO_MAIN9:M2[N=512]@alpha=0.01,M2_joint_chance_saa,M2_joint_chance_saa[N=512],entry,False,not_met,,,no value of the declared grid met the validation screen (candidate statuses: optimal); a grid without a solution is not a statement about the whole decision space,main_reference_plan_domain,cp_upper,,,,,False,4,4,4,0.0049,0.0062130084053166,alpha_train=0.0075,minimum attainable main-event rate_upper over the declared grid (descriptive; its cost is not a comparable cost),512,optimal,0.0,0.0,0.0058,0.0058,0.0072125627397637134,"diagnostic frontier point (training scenarios only); not a method, never a member"
1,SD-S2,0.01,SD12MO_MAIN9,SD-12MO,MAIN9,SD12MO_MAIN9:M3a[factory box]@alpha=0.01,M3a_box_robust,M3a_box_robust,entry,False,not_met,,,"no value of the declared grid met the validation screen (candidate statuses: optimal, proven_infeasible); a grid without a solution is not a statement about the whole decision space",main_reference_plan_domain,cp_upper,,,,,False,4,5,1,0.2046,0.21134877023864015,k_box=1.0,minimum attainable main-event rate_upper over the declared grid (descriptive; its cost is not a comparable cost),1024,optimal,0.0009765625,0.0009765625,0.0027,0.0027,0.003721510352388209,"diagnostic frontier point (training scenarios only); not a method, never a member"
1,SD-S2,0.01,SD12MO_MAIN9,SD-12MO,MAIN9,SD12MO_MAIN9:M3b[factory box]@alpha=0.01,M3b_budget_robust,M3b_budget_robust,entry,False,not_met,,,no value of the declared grid met the validation screen (candidate statuses: optimal); a grid without a solution is not a statement about the whole decision space,main_reference_plan_domain,cp_upper,,,,,False,4,35,17,0.0074,0.0089719337548342,"gamma=3 {""k_box"": 1.5}",minimum attainable main-event rate_upper over the declared grid (descriptive; its cost is not a comparable cost),1024,optimal,0.0009765625,0.0009765625,0.0027,0.0027,0.003721510352388209,"diagnostic frontier point (training scenarios only); not a method, never a member"
1,SD-S2,0.01,SDH0_MAIN9,SD-H0,MAIN9,SDH0_MAIN9:M0,M0_nominal,M0_nominal,entry,True,,,optimal,,main_reference_plan_domain,cp_upper,0.8037,0.8037,0.8102173889211403,False,False,4,1,1,0.8037,0.8102173889211403,,minimum attainable main-event rate_upper over the declared grid (descriptive; its cost is not a comparable cost),1024,frontier_no_feasible_solution_found_no_ration,0.0556640625,0.21484375,,,,
1,SD-S2,0.01,SDH0_MAIN9,SD-H0,MAIN9,"SDH0_MAIN9:M1[relative,apply_to_dm=False]@alpha=0.01",M1_safety_margin,M1_safety_margin[apply_to_dm=False],sensitivity_line,False,not_met,,,"no value of the declared grid met the validation screen (candidate statuses: optimal, proven_infeasible); a grid without a solution is not a statement about the whole decision space",main_reference_plan_domain,cp_upper,,,,,False,4,5,4,0.0096,0.011364710187575237,k=0.075,minimum attainable main-event rate_upper over the declared grid (descriptive; its cost is not a comparable cost),1024,frontier_no_feasible_solution_found_no_ration,0.0556640625,0.21484375,,,,
1,SD-S2,0.01,SDH0_MAIN9,SD-H0,MAIN9,"SDH0_MAIN9:M1[relative,apply_to_dm=True]@alpha=0.01",M1_safety_margin,M1_safety_margin[apply_to_dm=True],entry,False,not_met,,,"no value of the declared grid met the validation screen (candidate statuses: optimal, proven_infeasible); a grid without a solution is not a statement about the whole decision space",main_reference_plan_domain,cp_upper,,,,,False,4,5,2,0.3618,0.36978293055652633,k=0.025,minimum attainable main-event rate_upper over the declared grid (descriptive; its cost is not a comparable cost),1024,frontier_no_feasible_solution_found_no_ration,0.0556640625,0.21484375,,,,
1,SD-S2,0.01,SDH0_MAIN9,SD-H0,MAIN9,SDH0_MAIN9:M2[N=1024]@alpha=0.01,M2_joint_chance_saa,M2_joint_chance_saa[N=1024],entry,False,not_met,,,"SAA over the N training scenarios proven infeasible for every alpha_train of the declared grid (training scenarios only; not a population, field or whole-space statement)",main_reference_plan_domain,cp_upper,,,,,False,4,4,0,,,,no scored grid candidate with a ration (not a whole-space statement),1024,frontier_no_feasible_solution_found_no_ration,0.0556640625,0.21484375,,,,
1,SD-S2,0.01,SDH0_MAIN9,SD-H0,MAIN9,SDH0_MAIN9:M2[N=128]@alpha=0.01,M2_joint_chance_saa,M2_joint_chance_saa[N=128],entry,False,not_met,,,"SAA over the N training scenarios proven infeasible for every alpha_train of the declared grid (training scenarios only; not a population, field or whole-space statement)",main_reference_plan_domain,cp_upper,,,,,False,4,4,0,,,,no scored grid candidate with a ration (not a whole-space statement),128,optimal,0.171875,0.2109375,0.0,0.0,0.00029952835977661195,"diagnostic frontier point (training scenarios only); not a method, never a member"
1,SD-S2,0.01,SDH0_MAIN9,SD-H0,MAIN9,SDH0_MAIN9:M2[N=512]@alpha=0.01,M2_joint_chance_saa,M2_joint_chance_saa[N=512],entry,False,not_met,,,"SAA over the N training scenarios proven infeasible for every alpha_train of the declared grid (training scenarios only; not a population, field or whole-space statement)",main_reference_plan_domain,cp_upper,,,,,False,4,4,0,,,,no scored grid candidate with a ration (not a whole-space statement),512,frontier_no_feasible_solution_found_no_ration,0.06640625,0.189453125,,,,
1,SD-S2,0.01,SDH0_MAIN9,SD-H0,MAIN9,SDH0_MAIN9:M3a[factory box]@alpha=0.01,M3a_box_robust,M3a_box_robust,entry,False,not_met,,,no value of the declared grid met the validation screen (candidate statuses: proven_infeasible); a grid without a solution is not a statement about the whole decision space,main_reference_plan_domain,cp_upper,,,,,False,4,5,0,,,,no scored grid candidate with a ration (not a whole-space statement),1024,frontier_no_feasible_solution_found_no_ration,0.0556640625,0.21484375,,,,
1,SD-S2,0.01,SDH0_MAIN9,SD-H0,MAIN9,SDH0_MAIN9:M3b[factory box]@alpha=0.01,M3b_budget_robust,M3b_budget_robust,entry,False,not_met,,,"no value of the declared grid met the validation screen (candidate statuses: optimal, proven_infeasible); a grid without a solution is not a statement about the whole decision space",main_reference_plan_domain,cp_upper,,,,,False,4,35,6,0.1052,0.11038196539937256,"gamma=1 {""k_box"": 1.0}",minimum attainable main-event rate_upper over the declared grid (descriptive; its cost is not a comparable cost),1024,frontier_no_feasible_solution_found_no_ration,0.0556640625,0.21484375,,,,
1,SD-S2,0.01,SDS2_MAIN9,SD-S2,MAIN9,SDS2_MAIN9:M0,M0_nominal,M0_nominal,entry,True,,,optimal,,main_reference_plan_domain,cp_upper,0.8037,0.8037,0.8102173889211403,False,False,4,1,1,0.8037,0.8102173889211403,,minimum attainable main-event rate_upper over the declared grid (descriptive; its cost is not a comparable cost),1024,optimal,0.0,0.0,0.0048,0.0048,0.00610139897368877,"diagnostic frontier point (training scenarios only); not a method, never a member"
1,SD-S2,0.01,SDS2_MAIN9,SD-S2,MAIN9,"SDS2_MAIN9:M1[relative,apply_to_dm=False]@alpha=0.01",M1_safety_margin,M1_safety_margin[apply_to_dm=False],sensitivity_line,False,not_met,,,"no value of the declared grid met the validation screen (candidate statuses: optimal, proven_infeasible); a grid without a solution is not a statement about the whole decision space",main_reference_plan_domain,cp_upper,,,,,False,4,5,4,0.0096,0.011364710187575237,k=0.075,minimum attainable main-event rate_upper over the declared grid (descriptive; its cost is not a comparable cost),1024,optimal,0.0,0.0,0.0048,0.0048,0.00610139897368877,"diagnostic frontier point (training scenarios only); not a method, never a member"
1,SD-S2,0.01,SDS2_MAIN9,SD-S2,MAIN9,"SDS2_MAIN9:M1[relative,apply_to_dm=True]@alpha=0.01",M1_safety_margin,M1_safety_margin[apply_to_dm=True],entry,False,not_met,,,"no value of the declared grid met the validation screen (candidate statuses: optimal, proven_infeasible); a grid without a solution is not a statement about the whole decision space",main_reference_plan_domain,cp_upper,,,,,False,4,5,2,0.3618,0.36978293055652633,k=0.025,minimum attainable main-event rate_upper over the declared grid (descriptive; its cost is not a comparable cost),1024,optimal,0.0,0.0,0.0048,0.0048,0.00610139897368877,"diagnostic frontier point (training scenarios only); not a method, never a member"
1,SD-S2,0.01,SDS2_MAIN9,SD-S2,MAIN9,SDS2_MAIN9:M2[N=1024]@alpha=0.01,M2_joint_chance_saa,M2_joint_chance_saa[N=1024],entry,True,selected,alpha_train=0.0025,optimal,,main_reference_plan_domain,cp_upper,0.005,0.005,0.006324499770793831,True,True,4,4,4,0.0038,0.004977904077210066,alpha_train=0.005,minimum attainable main-event rate_upper over the declared grid (descriptive; its cost is not a comparable cost),1024,optimal,0.0,0.0,0.0048,0.0048,0.00610139897368877,"diagnostic frontier point (training scenarios only); not a method, never a member"
1,SD-S2,0.01,SDS2_MAIN9,SD-S2,MAIN9,SDS2_MAIN9:M2[N=128]@alpha=0.01,M2_joint_chance_saa,M2_joint_chance_saa[N=128],entry,False,not_met,,,no value of the declared grid met the validation screen (candidate statuses: optimal); a grid without a solution is not a statement about the whole decision space,main_reference_plan_domain,cp_upper,,,,,False,4,4,4,0.0417,0.045138501935186315,alpha_train=0.0075,minimum attainable main-event rate_upper over the declared grid (descriptive; its cost is not a comparable cost),128,optimal,0.0,0.0,0.0417,0.0417,0.045138501935186315,"diagnostic frontier point (training scenarios only); not a method, never a member"
1,SD-S2,0.01,SDS2_MAIN9,SD-S2,MAIN9,SDS2_MAIN9:M2[N=512]@alpha=0.01,M2_joint_chance_saa,M2_joint_chance_saa[N=512],entry,False,not_met,,,no value of the declared grid met the validation screen (candidate statuses: optimal); a grid without a solution is not a statement about the whole decision space,main_reference_plan_domain,cp_upper,,,,,False,4,4,4,0.0056,0.00699115107361816,alpha_train=0.005,minimum attainable main-event rate_upper over the declared grid (descriptive; its cost is not a comparable cost),512,optimal,0.0,0.0,0.0067,0.0067,0.008204600723855685,"diagnostic frontier point (training scenarios only); not a method, never a member"
1,SD-S2,0.01,SDS2_MAIN9,SD-S2,MAIN9,SDS2_MAIN9:M3a[factory box]@alpha=0.01,M3a_box_robust,M3a_box_robust,entry,True,selected,k_box=1.5,optimal,,main_reference_plan_domain,cp_upper,0.0034,0.0034,0.004524010463635399,True,True,4,5,2,0.0034,0.004524010463635399,k_box=1.5,minimum attainable main-event rate_upper over the declared grid (descriptive; its cost is not a comparable cost),1024,optimal,0.0,0.0,0.0048,0.0048,0.00610139897368877,"diagnostic frontier point (training scenarios only); not a method, never a member"
1,SD-S2,0.01,SDS2_MAIN9,SD-S2,MAIN9,"SDS2_MAIN9:M3b[factory box k=1.5, Gamma selected]@alpha=0.01",M3b_budget_robust,M3b_budget_robust,entry,True,selected,gamma=4,optimal,,main_reference_plan_domain,cp_upper,0.008,0.008,0.009627115812045468,True,True,4,35,24,0.0,0.00029952835977661195,"gamma=4 {""k_box"": 2.0}",minimum attainable main-event rate_upper over the declared grid (descriptive; its cost is not a comparable cost),1024,optimal,0.0,0.0,0.0048,0.0048,0.00610139897368877,"diagnostic frontier point (training scenarios only); not a method, never a member"
1,SD-S2,0.01,SDSRC12_MAIN9,SD-SRC12,MAIN9,SDSRC12_MAIN9:M0,M0_nominal,M0_nominal,entry,True,,,optimal,,main_reference_plan_domain,cp_upper,0.8037,0.8037,0.8102173889211403,False,False,4,1,1,0.8037,0.8102173889211403,,minimum attainable main-event rate_upper over the declared grid (descriptive; its cost is not a comparable cost),1024,frontier_no_feasible_solution_found_no_ration,0.0126953125,0.0380859375,,,,
1,SD-S2,0.01,SDSRC12_MAIN9,SD-SRC12,MAIN9,"SDSRC12_MAIN9:M1[relative,apply_to_dm=False]@alpha=0.01",M1_safety_margin,M1_safety_margin[apply_to_dm=False],sensitivity_line,False,not_met,,,"no value of the declared grid met the validation screen (candidate statuses: optimal, proven_infeasible); a grid without a solution is not a statement about the whole decision space",main_reference_plan_domain,cp_upper,,,,,False,4,5,4,0.0096,0.011364710187575237,k=0.075,minimum attainable main-event rate_upper over the declared grid (descriptive; its cost is not a comparable cost),1024,frontier_no_feasible_solution_found_no_ration,0.0126953125,0.0380859375,,,,
1,SD-S2,0.01,SDSRC12_MAIN9,SD-SRC12,MAIN9,"SDSRC12_MAIN9:M1[relative,apply_to_dm=True]@alpha=0.01",M1_safety_margin,M1_safety_margin[apply_to_dm=True],entry,False,not_met,,,"no value of the declared grid met the validation screen (candidate statuses: optimal, proven_infeasible); a grid without a solution is not a statement about the whole decision space",main_reference_plan_domain,cp_upper,,,,,False,4,5,2,0.3618,0.36978293055652633,k=0.025,minimum attainable main-event rate_upper over the declared grid (descriptive; its cost is not a comparable cost),1024,frontier_no_feasible_solution_found_no_ration,0.0126953125,0.0380859375,,,,
1,SD-S2,0.01,SDSRC12_MAIN9,SD-SRC12,MAIN9,SDSRC12_MAIN9:M2[N=1024]@alpha=0.01,M2_joint_chance_saa,M2_joint_chance_saa[N=1024],entry,False,not_met,,,"SAA over the N training scenarios proven infeasible for every alpha_train of the declared grid (training scenarios only; not a population, field or whole-space statement)",main_reference_plan_domain,cp_upper,,,,,False,4,4,0,,,,no scored grid candidate with a ration (not a whole-space statement),1024,frontier_no_feasible_solution_found_no_ration,0.0126953125,0.0380859375,,,,
1,SD-S2,0.01,SDSRC12_MAIN9,SD-SRC12,MAIN9,SDSRC12_MAIN9:M2[N=128]@alpha=0.01,M2_joint_chance_saa,M2_joint_chance_saa[N=128],entry,False,not_met,,,"SAA over the N training scenarios proven infeasible for every alpha_train of the declared grid (training scenarios only; not a population, field or whole-space statement)",main_reference_plan_domain,cp_upper,,,,,False,4,4,0,,,,no scored grid candidate with a ration (not a whole-space statement),128,optimal,0.0234375,0.0234375,0.0,0.0,0.00029952835977661195,"diagnostic frontier point (training scenarios only); not a method, never a member"
1,SD-S2,0.01,SDSRC12_MAIN9,SD-SRC12,MAIN9,SDSRC12_MAIN9:M2[N=512]@alpha=0.01,M2_joint_chance_saa,M2_joint_chance_saa[N=512],entry,False,not_met,,,"SAA over the N training scenarios proven infeasible for every alpha_train of the declared grid (training scenarios only; not a population, field or whole-space statement)",main_reference_plan_domain,cp_upper,,,,,False,4,4,0,,,,no scored grid candidate with a ration (not a whole-space statement),512,optimal,0.03125,0.03125,0.0,0.0,0.00029952835977661195,"diagnostic frontier point (training scenarios only); not a method, never a member"
1,SD-S2,0.01,SDSRC12_MAIN9,SD-SRC12,MAIN9,SDSRC12_MAIN9:M3a[factory box]@alpha=0.01,M3a_box_robust,M3a_box_robust,entry,False,not_met,,,no value of the declared grid met the validation screen (candidate statuses: proven_infeasible); a grid without a solution is not a statement about the whole decision space,main_reference_plan_domain,cp_upper,,,,,False,4,5,0,,,,no scored grid candidate with a ration (not a whole-space statement),1024,frontier_no_feasible_solution_found_no_ration,0.0126953125,0.0380859375,,,,
1,SD-S2,0.01,SDSRC12_MAIN9,SD-SRC12,MAIN9,SDSRC12_MAIN9:M3b[factory box]@alpha=0.01,M3b_budget_robust,M3b_budget_robust,entry,False,not_met,,,"no value of the declared grid met the validation screen (candidate statuses: optimal, proven_infeasible); a grid without a solution is not a statement about the whole decision space",main_reference_plan_domain,cp_upper,,,,,False,4,35,10,0.0005,0.0010510137186384818,"gamma=3 {""k_box"": 1.0}",minimum attainable main-event rate_upper over the declared grid (descriptive; its cost is not a comparable cost),1024,frontier_no_feasible_solution_found_no_ration,0.0126953125,0.0380859375,,,,
1,SD-S2,0.01,SDSRC14_MAIN9,SD-SRC14,MAIN9,SDSRC14_MAIN9:M0,M0_nominal,M0_nominal,entry,True,,,optimal,,main_reference_plan_domain,cp_upper,0.8037,0.8037,0.8102173889211403,False,False,4,1,1,0.8037,0.8102173889211403,,minimum attainable main-event rate_upper over the declared grid (descriptive; its cost is not a comparable cost),1024,optimal,0.0,0.0,0.0,0.0,0.00029952835977661195,"diagnostic frontier point (training scenarios only); not a method, never a member"
1,SD-S2,0.01,SDSRC14_MAIN9,SD-SRC14,MAIN9,"SDSRC14_MAIN9:M1[relative,apply_to_dm=False]@alpha=0.01",M1_safety_margin,M1_safety_margin[apply_to_dm=False],sensitivity_line,False,not_met,,,"no value of the declared grid met the validation screen (candidate statuses: optimal, proven_infeasible); a grid without a solution is not a statement about the whole decision space",main_reference_plan_domain,cp_upper,,,,,False,4,5,4,0.0096,0.011364710187575237,k=0.075,minimum attainable main-event rate_upper over the declared grid (descriptive; its cost is not a comparable cost),1024,optimal,0.0,0.0,0.0,0.0,0.00029952835977661195,"diagnostic frontier point (training scenarios only); not a method, never a member"
1,SD-S2,0.01,SDSRC14_MAIN9,SD-SRC14,MAIN9,"SDSRC14_MAIN9:M1[relative,apply_to_dm=True]@alpha=0.01",M1_safety_margin,M1_safety_margin[apply_to_dm=True],entry,False,not_met,,,"no value of the declared grid met the validation screen (candidate statuses: optimal, proven_infeasible); a grid without a solution is not a statement about the whole decision space",main_reference_plan_domain,cp_upper,,,,,False,4,5,2,0.3618,0.36978293055652633,k=0.025,minimum attainable main-event rate_upper over the declared grid (descriptive; its cost is not a comparable cost),1024,optimal,0.0,0.0,0.0,0.0,0.00029952835977661195,"diagnostic frontier point (training scenarios only); not a method, never a member"
1,SD-S2,0.01,SDSRC14_MAIN9,SD-SRC14,MAIN9,SDSRC14_MAIN9:M2[N=1024]@alpha=0.01,M2_joint_chance_saa,M2_joint_chance_saa[N=1024],entry,False,not_met,,,no value of the declared grid met the validation screen (candidate statuses: optimal); a grid without a solution is not a statement about the whole decision space,main_reference_plan_domain,cp_upper,,,,,False,4,4,4,0.0,0.00029952835977661195,alpha_train=0.01,minimum attainable main-event rate_upper over the declared grid (descriptive; its cost is not a comparable cost),1024,optimal,0.0,0.0,0.0,0.0,0.00029952835977661195,"diagnostic frontier point (training scenarios only); not a method, never a member"
1,SD-S2,0.01,SDSRC14_MAIN9,SD-SRC14,MAIN9,SDSRC14_MAIN9:M2[N=128]@alpha=0.01,M2_joint_chance_saa,M2_joint_chance_saa[N=128],entry,False,not_met,,,no value of the declared grid met the validation screen (candidate statuses: optimal); a grid without a solution is not a statement about the whole decision space,main_reference_plan_domain,cp_upper,,,,,False,4,4,4,0.0,0.00029952835977661195,alpha_train=0.01,minimum attainable main-event rate_upper over the declared grid (descriptive; its cost is not a comparable cost),128,optimal,0.0,0.0,0.0,0.0,0.00029952835977661195,"diagnostic frontier point (training scenarios only); not a method, never a member"
1,SD-S2,0.01,SDSRC14_MAIN9,SD-SRC14,MAIN9,SDSRC14_MAIN9:M2[N=512]@alpha=0.01,M2_joint_chance_saa,M2_joint_chance_saa[N=512],entry,False,not_met,,,no value of the declared grid met the validation screen (candidate statuses: optimal); a grid without a solution is not a statement about the whole decision space,main_reference_plan_domain,cp_upper,,,,,False,4,4,4,0.0,0.00029952835977661195,alpha_train=0.01,minimum attainable main-event rate_upper over the declared grid (descriptive; its cost is not a comparable cost),512,optimal,0.0,0.0,0.0,0.0,0.00029952835977661195,"diagnostic frontier point (training scenarios only); not a method, never a member"
1,SD-S2,0.01,SDSRC14_MAIN9,SD-SRC14,MAIN9,SDSRC14_MAIN9:M3a[factory box]@alpha=0.01,M3a_box_robust,M3a_box_robust,entry,False,not_met,,,"no value of the declared grid met the validation screen (candidate statuses: optimal, proven_infeasible); a grid without a solution is not a statement about the whole decision space",main_reference_plan_domain,cp_upper,,,,,False,4,5,1,0.0,0.00029952835977661195,k_box=1.0,minimum attainable main-event rate_upper over the declared grid (descriptive; its cost is not a comparable cost),1024,optimal,0.0,0.0,0.0,0.0,0.00029952835977661195,"diagnostic frontier point (training scenarios only); not a method, never a member"
1,SD-S2,0.01,SDSRC14_MAIN9,SD-SRC14,MAIN9,SDSRC14_MAIN9:M3b[factory box]@alpha=0.01,M3b_budget_robust,M3b_budget_robust,entry,False,not_met,,,no value of the declared grid met the validation screen (candidate statuses: optimal); a grid without a solution is not a statement about the whole decision space,main_reference_plan_domain,cp_upper,,,,,False,4,35,18,0.0,0.00029952835977661195,"gamma=6 {""k_box"": 1.0}",minimum attainable main-event rate_upper over the declared grid (descriptive; its cost is not a comparable cost),1024,optimal,0.0,0.0,0.0,0.0,0.00029952835977661195,"diagnostic frontier point (training scenarios only); not a method, never a member"
1,SD-SRC14,0.05,SD12MO_MAIN9,SD-12MO,MAIN9,SD12MO_MAIN9:M0,M0_nominal,M0_nominal,entry,True,,,optimal,,main_reference_plan_domain,cp_upper,0.8698,0.8698,0.8753052223906154,False,False,3,1,1,0.8698,0.8753052223906154,,minimum attainable main-event rate_upper over the declared grid (descriptive; its cost is not a comparable cost),1024,optimal,0.0009765625,0.0009765625,0.2271,0.2274,0.23440273907481685,"diagnostic frontier point (training scenarios only); not a method, never a member"
1,SD-SRC14,0.05,SD12MO_MAIN9,SD-12MO,MAIN9,"SD12MO_MAIN9:M1[relative,apply_to_dm=False]@alpha=0.05",M1_safety_margin,M1_safety_margin[apply_to_dm=False],sensitivity_line,False,not_met,,,"no value of the declared grid met the validation screen (candidate statuses: optimal, proven_infeasible); a grid without a solution is not a statement about the whole decision space",main_reference_plan_domain,cp_upper,,,,,False,3,5,4,0.208,0.21478861587460155,k=0.075,minimum attainable main-event rate_upper over the declared grid (descriptive; its cost is not a comparable cost),1024,optimal,0.0009765625,0.0009765625,0.2271,0.2274,0.23440273907481685,"diagnostic frontier point (training scenarios only); not a method, never a member"
1,SD-SRC14,0.05,SD12MO_MAIN9,SD-12MO,MAIN9,"SD12MO_MAIN9:M1[relative,apply_to_dm=True]@alpha=0.05",M1_safety_margin,M1_safety_margin[apply_to_dm=True],entry,False,not_met,,,"no value of the declared grid met the validation screen (candidate statuses: optimal, proven_infeasible); a grid without a solution is not a statement about the whole decision space",main_reference_plan_domain,cp_upper,,,,,False,3,5,2,0.7257,0.7330394581375287,k=0.025,minimum attainable main-event rate_upper over the declared grid (descriptive; its cost is not a comparable cost),1024,optimal,0.0009765625,0.0009765625,0.2271,0.2274,0.23440273907481685,"diagnostic frontier point (training scenarios only); not a method, never a member"
1,SD-SRC14,0.05,SD12MO_MAIN9,SD-12MO,MAIN9,SD12MO_MAIN9:M2[N=1024]@alpha=0.05,M2_joint_chance_saa,M2_joint_chance_saa[N=1024],entry,True,selected,alpha_train=0.0375,feasible_time_limit,,main_reference_plan_domain,cp_upper,0.3742,0.3745,0.382537294749276,False,False,3,4,4,0.3182,0.32594986736045056,alpha_train=0.0125,minimum attainable main-event rate_upper over the declared grid (descriptive; its cost is not a comparable cost),1024,optimal,0.0009765625,0.0009765625,0.2271,0.2274,0.23440273907481685,"diagnostic frontier point (training scenarios only); not a method, never a member"
1,SD-SRC14,0.05,SD12MO_MAIN9,SD-12MO,MAIN9,SD12MO_MAIN9:M2[N=128]@alpha=0.05,M2_joint_chance_saa,M2_joint_chance_saa[N=128],entry,False,not_met,,,no value of the declared grid met the validation screen (candidate statuses: optimal); a grid without a solution is not a statement about the whole decision space,main_reference_plan_domain,cp_upper,,,,,False,3,4,4,0.4852,0.49347307938889784,alpha_train=0.0125,minimum attainable main-event rate_upper over the declared grid (descriptive; its cost is not a comparable cost),128,optimal,0.0,0.0,0.4659,0.4661,0.4743618742385293,"diagnostic frontier point (training scenarios only); not a method, never a member"
1,SD-SRC14,0.05,SD12MO_MAIN9,SD-12MO,MAIN9,SD12MO_MAIN9:M2[N=512]@alpha=0.05,M2_joint_chance_saa,M2_joint_chance_saa[N=512],entry,True,selected,alpha_train=0.025,optimal,,main_reference_plan_domain,cp_upper,0.3841,0.3843,0.3923752404743523,False,False,3,4,4,0.3843,0.3923752404743523,alpha_train=0.025,minimum attainable main-event rate_upper over the declared grid (descriptive; its cost is not a comparable cost),512,optimal,0.0,0.0,0.261,0.2612,0.26852656036026046,"diagnostic frontier point (training scenarios only); not a method, never a member"
1,SD-SRC14,0.05,SD12MO_MAIN9,SD-12MO,MAIN9,SD12MO_MAIN9:M3a[factory box]@alpha=0.05,M3a_box_robust,M3a_box_robust,entry,False,not_met,,,"no value of the declared grid met the validation screen (candidate statuses: optimal, proven_infeasible); a grid without a solution is not a statement about the whole decision space",main_reference_plan_domain,cp_upper,,,,,False,3,5,1,0.7007,0.7082387527216175,k_box=1.0,minimum attainable main-event rate_upper over the declared grid (descriptive; its cost is not a comparable cost),1024,optimal,0.0009765625,0.0009765625,0.2271,0.2274,0.23440273907481685,"diagnostic frontier point (training scenarios only); not a method, never a member"
1,SD-SRC14,0.05,SD12MO_MAIN9,SD-12MO,MAIN9,"SD12MO_MAIN9:M3b[factory box k=3, Gamma selected]@alpha=0.05",M3b_budget_robust,M3b_budget_robust,entry,True,selected,gamma=1,optimal,,main_reference_plan_domain,cp_upper,0.2876,0.2878,0.2953419800416965,False,False,3,35,17,0.1872,0.19373322074550758,"gamma=3 {""k_box"": 1.5}",minimum attainable main-event rate_upper over the declared grid (descriptive; its cost is not a comparable cost),1024,optimal,0.0009765625,0.0009765625,0.2271,0.2274,0.23440273907481685,"diagnostic frontier point (training scenarios only); not a method, never a member"
1,SD-SRC14,0.05,SDH0_MAIN9,SD-H0,MAIN9,SDH0_MAIN9:M0,M0_nominal,M0_nominal,entry,True,,,optimal,,main_reference_plan_domain,cp_upper,0.8698,0.8698,0.8753052223906154,False,False,3,1,1,0.8698,0.8753052223906154,,minimum attainable main-event rate_upper over the declared grid (descriptive; its cost is not a comparable cost),1024,frontier_no_feasible_solution_found_no_ration,0.0556640625,0.21484375,,,,
1,SD-SRC14,0.05,SDH0_MAIN9,SD-H0,MAIN9,"SDH0_MAIN9:M1[relative,apply_to_dm=False]@alpha=0.05",M1_safety_margin,M1_safety_margin[apply_to_dm=False],sensitivity_line,False,not_met,,,"no value of the declared grid met the validation screen (candidate statuses: optimal, proven_infeasible); a grid without a solution is not a statement about the whole decision space",main_reference_plan_domain,cp_upper,,,,,False,3,5,4,0.208,0.21478861587460155,k=0.075,minimum attainable main-event rate_upper over the declared grid (descriptive; its cost is not a comparable cost),1024,frontier_no_feasible_solution_found_no_ration,0.0556640625,0.21484375,,,,
1,SD-SRC14,0.05,SDH0_MAIN9,SD-H0,MAIN9,"SDH0_MAIN9:M1[relative,apply_to_dm=True]@alpha=0.05",M1_safety_margin,M1_safety_margin[apply_to_dm=True],entry,False,not_met,,,"no value of the declared grid met the validation screen (candidate statuses: optimal, proven_infeasible); a grid without a solution is not a statement about the whole decision space",main_reference_plan_domain,cp_upper,,,,,False,3,5,2,0.7257,0.7330394581375287,k=0.025,minimum attainable main-event rate_upper over the declared grid (descriptive; its cost is not a comparable cost),1024,frontier_no_feasible_solution_found_no_ration,0.0556640625,0.21484375,,,,
1,SD-SRC14,0.05,SDH0_MAIN9,SD-H0,MAIN9,SDH0_MAIN9:M2[N=1024]@alpha=0.05,M2_joint_chance_saa,M2_joint_chance_saa[N=1024],entry,False,not_met,,,"SAA over the N training scenarios proven infeasible for every alpha_train of the declared grid (training scenarios only; not a population, field or whole-space statement)",main_reference_plan_domain,cp_upper,,,,,False,3,4,0,,,,no scored grid candidate with a ration (not a whole-space statement),1024,frontier_no_feasible_solution_found_no_ration,0.0556640625,0.21484375,,,,
1,SD-SRC14,0.05,SDH0_MAIN9,SD-H0,MAIN9,SDH0_MAIN9:M2[N=128]@alpha=0.05,M2_joint_chance_saa,M2_joint_chance_saa[N=128],entry,False,not_met,,,"SAA over the N training scenarios proven infeasible for every alpha_train of the declared grid (training scenarios only; not a population, field or whole-space statement)",main_reference_plan_domain,cp_upper,,,,,False,3,4,0,,,,no scored grid candidate with a ration (not a whole-space statement),128,optimal,0.171875,0.2109375,0.0839,0.0843,0.08901016898061778,"diagnostic frontier point (training scenarios only); not a method, never a member"
1,SD-SRC14,0.05,SDH0_MAIN9,SD-H0,MAIN9,SDH0_MAIN9:M2[N=512]@alpha=0.05,M2_joint_chance_saa,M2_joint_chance_saa[N=512],entry,False,not_met,,,"SAA over the N training scenarios proven infeasible for every alpha_train of the declared grid (training scenarios only; not a population, field or whole-space statement)",main_reference_plan_domain,cp_upper,,,,,False,3,4,0,,,,no scored grid candidate with a ration (not a whole-space statement),512,frontier_no_feasible_solution_found_no_ration,0.06640625,0.189453125,,,,
1,SD-SRC14,0.05,SDH0_MAIN9,SD-H0,MAIN9,SDH0_MAIN9:M3a[factory box]@alpha=0.05,M3a_box_robust,M3a_box_robust,entry,False,not_met,,,no value of the declared grid met the validation screen (candidate statuses: proven_infeasible); a grid without a solution is not a statement about the whole decision space,main_reference_plan_domain,cp_upper,,,,,False,3,5,0,,,,no scored grid candidate with a ration (not a whole-space statement),1024,frontier_no_feasible_solution_found_no_ration,0.0556640625,0.21484375,,,,
1,SD-SRC14,0.05,SDH0_MAIN9,SD-H0,MAIN9,SDH0_MAIN9:M3b[factory box]@alpha=0.05,M3b_budget_robust,M3b_budget_robust,entry,False,not_met,,,"no value of the declared grid met the validation screen (candidate statuses: optimal, proven_infeasible); a grid without a solution is not a statement about the whole decision space",main_reference_plan_domain,cp_upper,,,,,False,3,35,6,0.5267,0.5349560144138676,"gamma=1 {""k_box"": 1.0}",minimum attainable main-event rate_upper over the declared grid (descriptive; its cost is not a comparable cost),1024,frontier_no_feasible_solution_found_no_ration,0.0556640625,0.21484375,,,,
1,SD-SRC14,0.05,SDS2_MAIN9,SD-S2,MAIN9,SDS2_MAIN9:M0,M0_nominal,M0_nominal,entry,True,,,optimal,,main_reference_plan_domain,cp_upper,0.8698,0.8698,0.8753052223906154,False,False,3,1,1,0.8698,0.8753052223906154,,minimum attainable main-event rate_upper over the declared grid (descriptive; its cost is not a comparable cost),1024,optimal,0.0,0.0,0.2341,0.2345,0.24157574588839986,"diagnostic frontier point (training scenarios only); not a method, never a member"
1,SD-SRC14,0.05,SDS2_MAIN9,SD-S2,MAIN9,"SDS2_MAIN9:M1[relative,apply_to_dm=False]@alpha=0.05",M1_safety_margin,M1_safety_margin[apply_to_dm=False],sensitivity_line,True,selected,k=0.075,optimal,,main_reference_plan_domain,cp_upper,0.2076,0.208,0.21478861587460155,False,False,3,5,4,0.208,0.21478861587460155,k=0.075,minimum attainable main-event rate_upper over the declared grid (descriptive; its cost is not a comparable cost),1024,optimal,0.0,0.0,0.2341,0.2345,0.24157574588839986,"diagnostic frontier point (training scenarios only); not a method, never a member"
1,SD-SRC14,0.05,SDS2_MAIN9,SD-S2,MAIN9,"SDS2_MAIN9:M1[relative,apply_to_dm=True]@alpha=0.05",M1_safety_margin,M1_safety_margin[apply_to_dm=True],entry,False,not_met,,,"no value of the declared grid met the validation screen (candidate statuses: optimal, proven_infeasible); a grid without a solution is not a statement about the whole decision space",main_reference_plan_domain,cp_upper,,,,,False,3,5,2,0.7257,0.7330394581375287,k=0.025,minimum attainable main-event rate_upper over the declared grid (descriptive; its cost is not a comparable cost),1024,optimal,0.0,0.0,0.2341,0.2345,0.24157574588839986,"diagnostic frontier point (training scenarios only); not a method, never a member"
1,SD-SRC14,0.05,SDS2_MAIN9,SD-S2,MAIN9,SDS2_MAIN9:M2[N=1024]@alpha=0.05,M2_joint_chance_saa,M2_joint_chance_saa[N=1024],entry,True,selected,alpha_train=0.025,feasible_time_limit,,main_reference_plan_domain,cp_upper,0.3627,0.3631,0.3710887677172029,False,False,3,4,4,0.2919,0.2994723265117665,alpha_train=0.0125,minimum attainable main-event rate_upper over the declared grid (descriptive; its cost is not a comparable cost),1024,optimal,0.0,0.0,0.2341,0.2345,0.24157574588839986,"diagnostic frontier point (training scenarios only); not a method, never a member"
1,SD-SRC14,0.05,SDS2_MAIN9,SD-S2,MAIN9,SDS2_MAIN9:M2[N=128]@alpha=0.05,M2_joint_chance_saa,M2_joint_chance_saa[N=128],entry,False,not_met,,,no value of the declared grid met the validation screen (candidate statuses: optimal); a grid without a solution is not a statement about the whole decision space,main_reference_plan_domain,cp_upper,,,,,False,3,4,4,0.4854,0.49367313306444527,alpha_train=0.0125,minimum attainable main-event rate_upper over the declared grid (descriptive; its cost is not a comparable cost),128,optimal,0.0,0.0,0.5062,0.5064,0.5146714439153017,"diagnostic frontier point (training scenarios only); not a method, never a member"
1,SD-SRC14,0.05,SDS2_MAIN9,SD-S2,MAIN9,SDS2_MAIN9:M2[N=512]@alpha=0.05,M2_joint_chance_saa,M2_joint_chance_saa[N=512],entry,True,selected,alpha_train=0.025,optimal,,main_reference_plan_domain,cp_upper,0.3501,0.3504,0.3583290443379597,False,False,3,4,4,0.3269,0.3347023056498321,alpha_train=0.0125,minimum attainable main-event rate_upper over the declared grid (descriptive; its cost is not a comparable cost),512,optimal,0.0,0.0,0.2583,0.2587,0.2660045995536745,"diagnostic frontier point (training scenarios only); not a method, never a member"
1,SD-SRC14,0.05,SDS2_MAIN9,SD-S2,MAIN9,SDS2_MAIN9:M3a[factory box]@alpha=0.05,M3a_box_robust,M3a_box_robust,entry,True,selected,k_box=1.5,optimal,,main_reference_plan_domain,cp_upper,0.24,0.2403,0.24743335932175783,False,False,3,5,2,0.2403,0.24743335932175783,k_box=1.5,minimum attainable main-event rate_upper over the declared grid (descriptive; its cost is not a comparable cost),1024,optimal,0.0,0.0,0.2341,0.2345,0.24157574588839986,"diagnostic frontier point (training scenarios only); not a method, never a member"
1,SD-SRC14,0.05,SDS2_MAIN9,SD-S2,MAIN9,"SDS2_MAIN9:M3b[factory box k=1.5, Gamma selected]@alpha=0.05",M3b_budget_robust,M3b_budget_robust,entry,True,selected,gamma=3,optimal,,main_reference_plan_domain,cp_upper,0.4069,0.4071,0.4152503255900437,False,False,3,35,24,0.0614,0.06549420715396002,"gamma=4 {""k_box"": 2.0}",minimum attainable main-event rate_upper over the declared grid (descriptive; its cost is not a comparable cost),1024,optimal,0.0,0.0,0.2341,0.2345,0.24157574588839986,"diagnostic frontier point (training scenarios only); not a method, never a member"
1,SD-SRC14,0.05,SDSRC12_MAIN9,SD-SRC12,MAIN9,SDSRC12_MAIN9:M0,M0_nominal,M0_nominal,entry,True,,,optimal,,main_reference_plan_domain,cp_upper,0.8698,0.8698,0.8753052223906154,False,False,3,1,1,0.8698,0.8753052223906154,,minimum attainable main-event rate_upper over the declared grid (descriptive; its cost is not a comparable cost),1024,frontier_no_feasible_solution_found_no_ration,0.0126953125,0.0380859375,,,,
1,SD-SRC14,0.05,SDSRC12_MAIN9,SD-SRC12,MAIN9,"SDSRC12_MAIN9:M1[relative,apply_to_dm=False]@alpha=0.05",M1_safety_margin,M1_safety_margin[apply_to_dm=False],sensitivity_line,False,not_met,,,"no value of the declared grid met the validation screen (candidate statuses: optimal, proven_infeasible); a grid without a solution is not a statement about the whole decision space",main_reference_plan_domain,cp_upper,,,,,False,3,5,4,0.208,0.21478861587460155,k=0.075,minimum attainable main-event rate_upper over the declared grid (descriptive; its cost is not a comparable cost),1024,frontier_no_feasible_solution_found_no_ration,0.0126953125,0.0380859375,,,,
1,SD-SRC14,0.05,SDSRC12_MAIN9,SD-SRC12,MAIN9,"SDSRC12_MAIN9:M1[relative,apply_to_dm=True]@alpha=0.05",M1_safety_margin,M1_safety_margin[apply_to_dm=True],entry,False,not_met,,,"no value of the declared grid met the validation screen (candidate statuses: optimal, proven_infeasible); a grid without a solution is not a statement about the whole decision space",main_reference_plan_domain,cp_upper,,,,,False,3,5,2,0.7257,0.7330394581375287,k=0.025,minimum attainable main-event rate_upper over the declared grid (descriptive; its cost is not a comparable cost),1024,frontier_no_feasible_solution_found_no_ration,0.0126953125,0.0380859375,,,,
1,SD-SRC14,0.05,SDSRC12_MAIN9,SD-SRC12,MAIN9,SDSRC12_MAIN9:M2[N=1024]@alpha=0.05,M2_joint_chance_saa,M2_joint_chance_saa[N=1024],entry,False,not_met,,,"no value of the declared grid met the validation screen (candidate statuses: feasible_time_limit, no_feasible_solution_found, proven_infeasible); a grid without a solution is not a statement about the whole decision space",main_reference_plan_domain,cp_upper,,,,,False,3,4,1,0.0074,0.0089719337548342,alpha_train=0.05,minimum attainable main-event rate_upper over the declared grid (descriptive; its cost is not a comparable cost),1024,frontier_no_feasible_solution_found_no_ration,0.0126953125,0.0380859375,,,,
1,SD-SRC14,0.05,SDSRC12_MAIN9,SD-SRC12,MAIN9,SDSRC12_MAIN9:M2[N=128]@alpha=0.05,M2_joint_chance_saa,M2_joint_chance_saa[N=128],entry,False,not_met,,,"no value of the declared grid met the validation screen (candidate statuses: optimal, proven_infeasible); a grid without a solution is not a statement about the whole decision space",main_reference_plan_domain,cp_upper,,,,,False,3,4,3,0.0152,0.017370720343188973,alpha_train=0.025,minimum attainable main-event rate_upper over the declared grid (descriptive; its cost is not a comparable cost),128,optimal,0.0234375,0.0234375,0.0148,0.0152,0.017370720343188973,"diagnostic frontier point (training scenarios only); not a method, never a member"
1,SD-SRC14,0.05,SDSRC12_MAIN9,SD-SRC12,MAIN9,SDSRC12_MAIN9:M2[N=512]@alpha=0.05,M2_joint_chance_saa,M2_joint_chance_saa[N=512],entry,False,not_met,,,"no value of the declared grid met the validation screen (candidate statuses: feasible_time_limit, proven_infeasible); a grid without a solution is not a statement about the whole decision space",main_reference_plan_domain,cp_upper,,,,,False,3,4,2,0.0104,0.012229096975880214,alpha_train=0.0375,minimum attainable main-event rate_upper over the declared grid (descriptive; its cost is not a comparable cost),512,optimal,0.03125,0.03125,0.0095,0.0099,0.011689166504789824,"diagnostic frontier point (training scenarios only); not a method, never a member"
1,SD-SRC14,0.05,SDSRC12_MAIN9,SD-SRC12,MAIN9,SDSRC12_MAIN9:M3a[factory box]@alpha=0.05,M3a_box_robust,M3a_box_robust,entry,False,not_met,,,no value of the declared grid met the validation screen (candidate statuses: proven_infeasible); a grid without a solution is not a statement about the whole decision space,main_reference_plan_domain,cp_upper,,,,,False,3,5,0,,,,no scored grid candidate with a ration (not a whole-space statement),1024,frontier_no_feasible_solution_found_no_ration,0.0126953125,0.0380859375,,,,
1,SD-SRC14,0.05,SDSRC12_MAIN9,SD-SRC12,MAIN9,SDSRC12_MAIN9:M3b[factory box]@alpha=0.05,M3b_budget_robust,M3b_budget_robust,entry,False,not_met,,,"no value of the declared grid met the validation screen (candidate statuses: optimal, proven_infeasible); a grid without a solution is not a statement about the whole decision space",main_reference_plan_domain,cp_upper,,,,,False,3,35,10,0.1092,0.11446460210756691,"gamma=3 {""k_box"": 1.0}",minimum attainable main-event rate_upper over the declared grid (descriptive; its cost is not a comparable cost),1024,frontier_no_feasible_solution_found_no_ration,0.0126953125,0.0380859375,,,,
1,SD-SRC14,0.05,SDSRC14_MAIN9,SD-SRC14,MAIN9,SDSRC14_MAIN9:M0,M0_nominal,M0_nominal,entry,True,,,optimal,,main_reference_plan_domain,cp_upper,0.8698,0.8698,0.8753052223906154,False,False,3,1,1,0.8698,0.8753052223906154,,minimum attainable main-event rate_upper over the declared grid (descriptive; its cost is not a comparable cost),1024,optimal,0.0,0.0,0.0029,0.0034,0.004524010463635399,"diagnostic frontier point (training scenarios only); not a method, never a member"
1,SD-SRC14,0.05,SDSRC14_MAIN9,SD-SRC14,MAIN9,"SDSRC14_MAIN9:M1[relative,apply_to_dm=False]@alpha=0.05",M1_safety_margin,M1_safety_margin[apply_to_dm=False],sensitivity_line,False,not_met,,,"no value of the declared grid met the validation screen (candidate statuses: optimal, proven_infeasible); a grid without a solution is not a statement about the whole decision space",main_reference_plan_domain,cp_upper,,,,,False,3,5,4,0.208,0.21478861587460155,k=0.075,minimum attainable main-event rate_upper over the declared grid (descriptive; its cost is not a comparable cost),1024,optimal,0.0,0.0,0.0029,0.0034,0.004524010463635399,"diagnostic frontier point (training scenarios only); not a method, never a member"
1,SD-SRC14,0.05,SDSRC14_MAIN9,SD-SRC14,MAIN9,"SDSRC14_MAIN9:M1[relative,apply_to_dm=True]@alpha=0.05",M1_safety_margin,M1_safety_margin[apply_to_dm=True],entry,False,not_met,,,"no value of the declared grid met the validation screen (candidate statuses: optimal, proven_infeasible); a grid without a solution is not a statement about the whole decision space",main_reference_plan_domain,cp_upper,,,,,False,3,5,2,0.7257,0.7330394581375287,k=0.025,minimum attainable main-event rate_upper over the declared grid (descriptive; its cost is not a comparable cost),1024,optimal,0.0,0.0,0.0029,0.0034,0.004524010463635399,"diagnostic frontier point (training scenarios only); not a method, never a member"
1,SD-SRC14,0.05,SDSRC14_MAIN9,SD-SRC14,MAIN9,SDSRC14_MAIN9:M2[N=1024]@alpha=0.05,M2_joint_chance_saa,M2_joint_chance_saa[N=1024],entry,True,selected,alpha_train=0.025,feasible_time_limit,,main_reference_plan_domain,cp_upper,0.0171,0.0175,0.019814234143090685,True,True,3,4,4,0.014,0.016091306623453573,alpha_train=0.0125,minimum attainable main-event rate_upper over the declared grid (descriptive; its cost is not a comparable cost),1024,optimal,0.0,0.0,0.0029,0.0034,0.004524010463635399,"diagnostic frontier point (training scenarios only); not a method, never a member"
1,SD-SRC14,0.05,SDSRC14_MAIN9,SD-SRC14,MAIN9,SDSRC14_MAIN9:M2[N=128]@alpha=0.05,M2_joint_chance_saa,M2_joint_chance_saa[N=128],entry,False,not_met,,,no value of the declared grid met the validation screen (candidate statuses: optimal); a grid without a solution is not a statement about the whole decision space,main_reference_plan_domain,cp_upper,,,,,False,3,4,4,0.0416,0.04503475404917089,alpha_train=0.0125,minimum attainable main-event rate_upper over the declared grid (descriptive; its cost is not a comparable cost),128,optimal,0.0,0.0,0.036,0.0365,0.0397363566606283,"diagnostic frontier point (training scenarios only); not a method, never a member"
1,SD-SRC14,0.05,SDSRC14_MAIN9,SD-SRC14,MAIN9,SDSRC14_MAIN9:M2[N=512]@alpha=0.05,M2_joint_chance_saa,M2_joint_chance_saa[N=512],entry,True,selected,alpha_train=0.0125,optimal,,main_reference_plan_domain,cp_upper,0.0337,0.0342,0.03734176710101112,True,True,3,4,4,0.0342,0.03734176710101112,alpha_train=0.0125,minimum attainable main-event rate_upper over the declared grid (descriptive; its cost is not a comparable cost),512,optimal,0.0,0.0,0.0232,0.0237,0.02635740804475434,"diagnostic frontier point (training scenarios only); not a method, never a member"
1,SD-SRC14,0.05,SDSRC14_MAIN9,SD-SRC14,MAIN9,SDSRC14_MAIN9:M3a[factory box]@alpha=0.05,M3a_box_robust,M3a_box_robust,entry,False,not_met,,,"no value of the declared grid met the validation screen (candidate statuses: optimal, proven_infeasible); a grid without a solution is not a statement about the whole decision space",main_reference_plan_domain,cp_upper,,,,,False,3,5,1,0.05,0.05373317819066032,k_box=1.0,minimum attainable main-event rate_upper over the declared grid (descriptive; its cost is not a comparable cost),1024,optimal,0.0,0.0,0.0029,0.0034,0.004524010463635399,"diagnostic frontier point (training scenarios only); not a method, never a member"
1,SD-SRC14,0.05,SDSRC14_MAIN9,SD-SRC14,MAIN9,"SDSRC14_MAIN9:M3b[factory box k=1, Gamma selected]@alpha=0.05",M3b_budget_robust,M3b_budget_robust,entry,True,selected,gamma=5,optimal,,main_reference_plan_domain,cp_upper,0.0417,0.0422,0.04565716471009792,True,True,3,35,18,0.0123,0.014272472339310154,"gamma=2 {""k_box"": 2.0}",minimum attainable main-event rate_upper over the declared grid (descriptive; its cost is not a comparable cost),1024,optimal,0.0,0.0,0.0029,0.0034,0.004524010463635399,"diagnostic frontier point (training scenarios only); not a method, never a member"
1,SD-SRC14,0.1,SD12MO_MAIN9,SD-12MO,MAIN9,SD12MO_MAIN9:M0,M0_nominal,M0_nominal,entry,True,,,optimal,,main_reference_plan_domain,cp_upper,0.8698,0.8698,0.8753052223906154,False,False,8,1,1,0.8698,0.8753052223906154,,minimum attainable main-event rate_upper over the declared grid (descriptive; its cost is not a comparable cost),1024,optimal,0.0009765625,0.0009765625,0.2271,0.2274,0.23440273907481685,"diagnostic frontier point (training scenarios only); not a method, never a member"
1,SD-SRC14,0.1,SD12MO_MAIN9,SD-12MO,MAIN9,"SD12MO_MAIN9:M1[relative,apply_to_dm=False]@alpha=0.1",M1_safety_margin,M1_safety_margin[apply_to_dm=False],sensitivity_line,True,selected,k=0.075,optimal,,main_reference_plan_domain,cp_upper,0.2076,0.208,0.21478861587460155,False,False,8,5,4,0.208,0.21478861587460155,k=0.075,minimum attainable main-event rate_upper over the declared grid (descriptive; its cost is not a comparable cost),1024,optimal,0.0009765625,0.0009765625,0.2271,0.2274,0.23440273907481685,"diagnostic frontier point (training scenarios only); not a method, never a member"
1,SD-SRC14,0.1,SD12MO_MAIN9,SD-12MO,MAIN9,"SD12MO_MAIN9:M1[relative,apply_to_dm=True]@alpha=0.1",M1_safety_margin,M1_safety_margin[apply_to_dm=True],entry,False,not_met,,,"no value of the declared grid met the validation screen (candidate statuses: optimal, proven_infeasible); a grid without a solution is not a statement about the whole decision space",main_reference_plan_domain,cp_upper,,,,,False,8,5,2,0.7257,0.7330394581375287,k=0.025,minimum attainable main-event rate_upper over the declared grid (descriptive; its cost is not a comparable cost),1024,optimal,0.0009765625,0.0009765625,0.2271,0.2274,0.23440273907481685,"diagnostic frontier point (training scenarios only); not a method, never a member"
1,SD-SRC14,0.1,SD12MO_MAIN9,SD-12MO,MAIN9,SD12MO_MAIN9:M2[N=1024]@alpha=0.1,M2_joint_chance_saa,M2_joint_chance_saa[N=1024],entry,True,selected,alpha_train=0.075,feasible_time_limit,,main_reference_plan_domain,cp_upper,0.4674,0.4677,0.47596327542459704,False,False,8,4,4,0.3325,0.3403344602847979,alpha_train=0.025,minimum attainable main-event rate_upper over the declared grid (descriptive; its cost is not a comparable cost),1024,optimal,0.0009765625,0.0009765625,0.2271,0.2274,0.23440273907481685,"diagnostic frontier point (training scenarios only); not a method, never a member"
1,SD-SRC14,0.1,SD12MO_MAIN9,SD-12MO,MAIN9,SD12MO_MAIN9:M2[N=128]@alpha=0.1,M2_joint_chance_saa,M2_joint_chance_saa[N=128],entry,True,selected,alpha_train=0.025,optimal,,main_reference_plan_domain,cp_upper,0.5053,0.5055,0.5137718138459926,False,False,8,4,4,0.5055,0.5137718138459926,alpha_train=0.025,minimum attainable main-event rate_upper over the declared grid (descriptive; its cost is not a comparable cost),128,optimal,0.0,0.0,0.4659,0.4661,0.4743618742385293,"diagnostic frontier point (training scenarios only); not a method, never a member"
1,SD-SRC14,0.1,SD12MO_MAIN9,SD-12MO,MAIN9,SD12MO_MAIN9:M2[N=512]@alpha=0.1,M2_joint_chance_saa,M2_joint_chance_saa[N=512],entry,True,selected,alpha_train=0.05,optimal,,main_reference_plan_domain,cp_upper,0.4693,0.4695,0.4777647504847667,False,False,8,4,4,0.3843,0.3923752404743523,alpha_train=0.025,minimum attainable main-event rate_upper over the declared grid (descriptive; its cost is not a comparable cost),512,optimal,0.0,0.0,0.261,0.2612,0.26852656036026046,"diagnostic frontier point (training scenarios only); not a method, never a member"
1,SD-SRC14,0.1,SD12MO_MAIN9,SD-12MO,MAIN9,SD12MO_MAIN9:M3a[factory box]@alpha=0.1,M3a_box_robust,M3a_box_robust,entry,False,not_met,,,"no value of the declared grid met the validation screen (candidate statuses: optimal, proven_infeasible); a grid without a solution is not a statement about the whole decision space",main_reference_plan_domain,cp_upper,,,,,False,8,5,1,0.7007,0.7082387527216175,k_box=1.0,minimum attainable main-event rate_upper over the declared grid (descriptive; its cost is not a comparable cost),1024,optimal,0.0009765625,0.0009765625,0.2271,0.2274,0.23440273907481685,"diagnostic frontier point (training scenarios only); not a method, never a member"
1,SD-SRC14,0.1,SD12MO_MAIN9,SD-12MO,MAIN9,"SD12MO_MAIN9:M3b[factory box k=1.5, Gamma selected]@alpha=0.1",M3b_budget_robust,M3b_budget_robust,entry,True,selected,gamma=2,optimal,,main_reference_plan_domain,cp_upper,0.4979,0.4981,0.5063738453381363,False,False,8,35,17,0.1872,0.19373322074550758,"gamma=3 {""k_box"": 1.5}",minimum attainable main-event rate_upper over the declared grid (descriptive; its cost is not a comparable cost),1024,optimal,0.0009765625,0.0009765625,0.2271,0.2274,0.23440273907481685,"diagnostic frontier point (training scenarios only); not a method, never a member"
1,SD-SRC14,0.1,SDH0_MAIN9,SD-H0,MAIN9,SDH0_MAIN9:M0,M0_nominal,M0_nominal,entry,True,,,optimal,,main_reference_plan_domain,cp_upper,0.8698,0.8698,0.8753052223906154,False,False,8,1,1,0.8698,0.8753052223906154,,minimum attainable main-event rate_upper over the declared grid (descriptive; its cost is not a comparable cost),1024,frontier_no_feasible_solution_found_no_ration,0.0556640625,0.21484375,,,,
1,SD-SRC14,0.1,SDH0_MAIN9,SD-H0,MAIN9,"SDH0_MAIN9:M1[relative,apply_to_dm=False]@alpha=0.1",M1_safety_margin,M1_safety_margin[apply_to_dm=False],sensitivity_line,False,not_met,,,"no value of the declared grid met the validation screen (candidate statuses: optimal, proven_infeasible); a grid without a solution is not a statement about the whole decision space",main_reference_plan_domain,cp_upper,,,,,False,8,5,4,0.208,0.21478861587460155,k=0.075,minimum attainable main-event rate_upper over the declared grid (descriptive; its cost is not a comparable cost),1024,frontier_no_feasible_solution_found_no_ration,0.0556640625,0.21484375,,,,
1,SD-SRC14,0.1,SDH0_MAIN9,SD-H0,MAIN9,"SDH0_MAIN9:M1[relative,apply_to_dm=True]@alpha=0.1",M1_safety_margin,M1_safety_margin[apply_to_dm=True],entry,False,not_met,,,"no value of the declared grid met the validation screen (candidate statuses: optimal, proven_infeasible); a grid without a solution is not a statement about the whole decision space",main_reference_plan_domain,cp_upper,,,,,False,8,5,2,0.7257,0.7330394581375287,k=0.025,minimum attainable main-event rate_upper over the declared grid (descriptive; its cost is not a comparable cost),1024,frontier_no_feasible_solution_found_no_ration,0.0556640625,0.21484375,,,,
1,SD-SRC14,0.1,SDH0_MAIN9,SD-H0,MAIN9,SDH0_MAIN9:M2[N=1024]@alpha=0.1,M2_joint_chance_saa,M2_joint_chance_saa[N=1024],entry,False,not_met,,,"SAA over the N training scenarios proven infeasible for every alpha_train of the declared grid (training scenarios only; not a population, field or whole-space statement)",main_reference_plan_domain,cp_upper,,,,,False,8,4,0,,,,no scored grid candidate with a ration (not a whole-space statement),1024,frontier_no_feasible_solution_found_no_ration,0.0556640625,0.21484375,,,,
1,SD-SRC14,0.1,SDH0_MAIN9,SD-H0,MAIN9,SDH0_MAIN9:M2[N=128]@alpha=0.1,M2_joint_chance_saa,M2_joint_chance_saa[N=128],entry,False,not_met,,,"SAA over the N training scenarios proven infeasible for every alpha_train of the declared grid (training scenarios only; not a population, field or whole-space statement)",main_reference_plan_domain,cp_upper,,,,,False,8,4,0,,,,no scored grid candidate with a ration (not a whole-space statement),128,optimal,0.171875,0.2109375,0.0839,0.0843,0.08901016898061778,"diagnostic frontier point (training scenarios only); not a method, never a member"
1,SD-SRC14,0.1,SDH0_MAIN9,SD-H0,MAIN9,SDH0_MAIN9:M2[N=512]@alpha=0.1,M2_joint_chance_saa,M2_joint_chance_saa[N=512],entry,False,not_met,,,"SAA over the N training scenarios proven infeasible for every alpha_train of the declared grid (training scenarios only; not a population, field or whole-space statement)",main_reference_plan_domain,cp_upper,,,,,False,8,4,0,,,,no scored grid candidate with a ration (not a whole-space statement),512,frontier_no_feasible_solution_found_no_ration,0.06640625,0.189453125,,,,
1,SD-SRC14,0.1,SDH0_MAIN9,SD-H0,MAIN9,SDH0_MAIN9:M3a[factory box]@alpha=0.1,M3a_box_robust,M3a_box_robust,entry,False,not_met,,,no value of the declared grid met the validation screen (candidate statuses: proven_infeasible); a grid without a solution is not a statement about the whole decision space,main_reference_plan_domain,cp_upper,,,,,False,8,5,0,,,,no scored grid candidate with a ration (not a whole-space statement),1024,frontier_no_feasible_solution_found_no_ration,0.0556640625,0.21484375,,,,
1,SD-SRC14,0.1,SDH0_MAIN9,SD-H0,MAIN9,SDH0_MAIN9:M3b[factory box]@alpha=0.1,M3b_budget_robust,M3b_budget_robust,entry,False,not_met,,,"no value of the declared grid met the validation screen (candidate statuses: optimal, proven_infeasible); a grid without a solution is not a statement about the whole decision space",main_reference_plan_domain,cp_upper,,,,,False,8,35,6,0.5267,0.5349560144138676,"gamma=1 {""k_box"": 1.0}",minimum attainable main-event rate_upper over the declared grid (descriptive; its cost is not a comparable cost),1024,frontier_no_feasible_solution_found_no_ration,0.0556640625,0.21484375,,,,
1,SD-SRC14,0.1,SDS2_MAIN9,SD-S2,MAIN9,SDS2_MAIN9:M0,M0_nominal,M0_nominal,entry,True,,,optimal,,main_reference_plan_domain,cp_upper,0.8698,0.8698,0.8753052223906154,False,False,8,1,1,0.8698,0.8753052223906154,,minimum attainable main-event rate_upper over the declared grid (descriptive; its cost is not a comparable cost),1024,optimal,0.0,0.0,0.2341,0.2345,0.24157574588839986,"diagnostic frontier point (training scenarios only); not a method, never a member"
1,SD-SRC14,0.1,SDS2_MAIN9,SD-S2,MAIN9,"SDS2_MAIN9:M1[relative,apply_to_dm=False]@alpha=0.1",M1_safety_margin,M1_safety_margin[apply_to_dm=False],sensitivity_line,True,selected,k=0.075,optimal,,main_reference_plan_domain,cp_upper,0.2076,0.208,0.21478861587460155,False,False,8,5,4,0.208,0.21478861587460155,k=0.075,minimum attainable main-event rate_upper over the declared grid (descriptive; its cost is not a comparable cost),1024,optimal,0.0,0.0,0.2341,0.2345,0.24157574588839986,"diagnostic frontier point (training scenarios only); not a method, never a member"
1,SD-SRC14,0.1,SDS2_MAIN9,SD-S2,MAIN9,"SDS2_MAIN9:M1[relative,apply_to_dm=True]@alpha=0.1",M1_safety_margin,M1_safety_margin[apply_to_dm=True],entry,False,not_met,,,"no value of the declared grid met the validation screen (candidate statuses: optimal, proven_infeasible); a grid without a solution is not a statement about the whole decision space",main_reference_plan_domain,cp_upper,,,,,False,8,5,2,0.7257,0.7330394581375287,k=0.025,minimum attainable main-event rate_upper over the declared grid (descriptive; its cost is not a comparable cost),1024,optimal,0.0,0.0,0.2341,0.2345,0.24157574588839986,"diagnostic frontier point (training scenarios only); not a method, never a member"
1,SD-SRC14,0.1,SDS2_MAIN9,SD-S2,MAIN9,SDS2_MAIN9:M2[N=1024]@alpha=0.1,M2_joint_chance_saa,M2_joint_chance_saa[N=1024],entry,True,selected,alpha_train=0.075,feasible_time_limit,,main_reference_plan_domain,cp_upper,0.44,0.4403,0.4485275280699473,False,False,8,4,4,0.3458,0.35370591373306615,alpha_train=0.025,minimum attainable main-event rate_upper over the declared grid (descriptive; its cost is not a comparable cost),1024,optimal,0.0,0.0,0.2341,0.2345,0.24157574588839986,"diagnostic frontier point (training scenarios only); not a method, never a member"
1,SD-SRC14,0.1,SDS2_MAIN9,SD-S2,MAIN9,SDS2_MAIN9:M2[N=128]@alpha=0.1,M2_joint_chance_saa,M2_joint_chance_saa[N=128],entry,True,selected,alpha_train=0.025,optimal,,main_reference_plan_domain,cp_upper,0.5076,0.5078,0.5160708154997353,False,False,8,4,4,0.4994,0.5076736188684512,alpha_train=0.05,minimum attainable main-event rate_upper over the declared grid (descriptive; its cost is not a comparable cost),128,optimal,0.0,0.0,0.5062,0.5064,0.5146714439153017,"diagnostic frontier point (training scenarios only); not a method, never a member"
1,SD-SRC14,0.1,SDS2_MAIN9,SD-S2,MAIN9,SDS2_MAIN9:M2[N=512]@alpha=0.1,M2_joint_chance_saa,M2_joint_chance_saa[N=512],entry,True,selected,alpha_train=0.075,feasible_time_limit,,main_reference_plan_domain,cp_upper,0.4594,0.4597,0.46795542109122934,False,False,8,4,4,0.3504,0.3583290443379597,alpha_train=0.025,minimum attainable main-event rate_upper over the declared grid (descriptive; its cost is not a comparable cost),512,optimal,0.0,0.0,0.2583,0.2587,0.2660045995536745,"diagnostic frontier point (training scenarios only); not a method, never a member"
1,SD-SRC14,0.1,SDS2_MAIN9,SD-S2,MAIN9,SDS2_MAIN9:M3a[factory box]@alpha=0.1,M3a_box_robust,M3a_box_robust,entry,True,selected,k_box=1.5,optimal,,main_reference_plan_domain,cp_upper,0.24,0.2403,0.24743335932175783,False,False,8,5,2,0.2403,0.24743335932175783,k_box=1.5,minimum attainable main-event rate_upper over the declared grid (descriptive; its cost is not a comparable cost),1024,optimal,0.0,0.0,0.2341,0.2345,0.24157574588839986,"diagnostic frontier point (training scenarios only); not a method, never a member"
1,SD-SRC14,0.1,SDS2_MAIN9,SD-S2,MAIN9,"SDS2_MAIN9:M3b[factory box k=1.5, Gamma selected]@alpha=0.1",M3b_budget_robust,M3b_budget_robust,entry,True,selected,gamma=2,optimal,,main_reference_plan_domain,cp_upper,0.4801,0.4803,0.4885713527093644,False,False,8,35,24,0.0614,0.06549420715396002,"gamma=4 {""k_box"": 2.0}",minimum attainable main-event rate_upper over the declared grid (descriptive; its cost is not a comparable cost),1024,optimal,0.0,0.0,0.2341,0.2345,0.24157574588839986,"diagnostic frontier point (training scenarios only); not a method, never a member"
1,SD-SRC14,0.1,SDSRC12_MAIN9,SD-SRC12,MAIN9,SDSRC12_MAIN9:M0,M0_nominal,M0_nominal,entry,True,,,optimal,,main_reference_plan_domain,cp_upper,0.8698,0.8698,0.8753052223906154,False,False,8,1,1,0.8698,0.8753052223906154,,minimum attainable main-event rate_upper over the declared grid (descriptive; its cost is not a comparable cost),1024,frontier_no_feasible_solution_found_no_ration,0.0126953125,0.0380859375,,,,
1,SD-SRC14,0.1,SDSRC12_MAIN9,SD-SRC12,MAIN9,"SDSRC12_MAIN9:M1[relative,apply_to_dm=False]@alpha=0.1",M1_safety_margin,M1_safety_margin[apply_to_dm=False],sensitivity_line,False,not_met,,,"no value of the declared grid met the validation screen (candidate statuses: optimal, proven_infeasible); a grid without a solution is not a statement about the whole decision space",main_reference_plan_domain,cp_upper,,,,,False,8,5,4,0.208,0.21478861587460155,k=0.075,minimum attainable main-event rate_upper over the declared grid (descriptive; its cost is not a comparable cost),1024,frontier_no_feasible_solution_found_no_ration,0.0126953125,0.0380859375,,,,
1,SD-SRC14,0.1,SDSRC12_MAIN9,SD-SRC12,MAIN9,"SDSRC12_MAIN9:M1[relative,apply_to_dm=True]@alpha=0.1",M1_safety_margin,M1_safety_margin[apply_to_dm=True],entry,False,not_met,,,"no value of the declared grid met the validation screen (candidate statuses: optimal, proven_infeasible); a grid without a solution is not a statement about the whole decision space",main_reference_plan_domain,cp_upper,,,,,False,8,5,2,0.7257,0.7330394581375287,k=0.025,minimum attainable main-event rate_upper over the declared grid (descriptive; its cost is not a comparable cost),1024,frontier_no_feasible_solution_found_no_ration,0.0126953125,0.0380859375,,,,
1,SD-SRC14,0.1,SDSRC12_MAIN9,SD-SRC12,MAIN9,SDSRC12_MAIN9:M2[N=1024]@alpha=0.1,M2_joint_chance_saa,M2_joint_chance_saa[N=1024],entry,True,selected,alpha_train=0.1,feasible_time_limit,,main_reference_plan_domain,cp_upper,0.0298,0.0302,0.03316842689431795,True,True,8,4,2,0.0074,0.0089719337548342,alpha_train=0.05,minimum attainable main-event rate_upper over the declared grid (descriptive; its cost is not a comparable cost),1024,frontier_no_feasible_solution_found_no_ration,0.0126953125,0.0380859375,,,,
1,SD-SRC14,0.1,SDSRC12_MAIN9,SD-SRC12,MAIN9,SDSRC12_MAIN9:M2[N=128]@alpha=0.1,M2_joint_chance_saa,M2_joint_chance_saa[N=128],entry,True,selected,alpha_train=0.05,optimal,,main_reference_plan_domain,cp_upper,0.0361,0.0365,0.0397363566606283,True,True,8,4,4,0.0152,0.017370720343188973,alpha_train=0.025,minimum attainable main-event rate_upper over the declared grid (descriptive; its cost is not a comparable cost),128,optimal,0.0234375,0.0234375,0.0148,0.0152,0.017370720343188973,"diagnostic frontier point (training scenarios only); not a method, never a member"
1,SD-SRC14,0.1,SDSRC12_MAIN9,SD-SRC12,MAIN9,SDSRC12_MAIN9:M2[N=512]@alpha=0.1,M2_joint_chance_saa,M2_joint_chance_saa[N=512],entry,True,selected,alpha_train=0.075,feasible_time_limit,,main_reference_plan_domain,cp_upper,0.0423,0.0427,0.0461757013094624,True,True,8,4,3,0.0161,0.018328150811820154,alpha_train=0.05,minimum attainable main-event rate_upper over the declared grid (descriptive; its cost is not a comparable cost),512,optimal,0.03125,0.03125,0.0095,0.0099,0.011689166504789824,"diagnostic frontier point (training scenarios only); not a method, never a member"
1,SD-SRC14,0.1,SDSRC12_MAIN9,SD-SRC12,MAIN9,SDSRC12_MAIN9:M3a[factory box]@alpha=0.1,M3a_box_robust,M3a_box_robust,entry,False,not_met,,,no value of the declared grid met the validation screen (candidate statuses: proven_infeasible); a grid without a solution is not a statement about the whole decision space,main_reference_plan_domain,cp_upper,,,,,False,8,5,0,,,,no scored grid candidate with a ration (not a whole-space statement),1024,frontier_no_feasible_solution_found_no_ration,0.0126953125,0.0380859375,,,,
1,SD-SRC14,0.1,SDSRC12_MAIN9,SD-SRC12,MAIN9,SDSRC12_MAIN9:M3b[factory box]@alpha=0.1,M3b_budget_robust,M3b_budget_robust,entry,False,not_met,,,"no value of the declared grid met the validation screen (candidate statuses: optimal, proven_infeasible); a grid without a solution is not a statement about the whole decision space",main_reference_plan_domain,cp_upper,,,,,False,8,35,10,0.1092,0.11446460210756691,"gamma=3 {""k_box"": 1.0}",minimum attainable main-event rate_upper over the declared grid (descriptive; its cost is not a comparable cost),1024,frontier_no_feasible_solution_found_no_ration,0.0126953125,0.0380859375,,,,
1,SD-SRC14,0.1,SDSRC14_MAIN9,SD-SRC14,MAIN9,SDSRC14_MAIN9:M0,M0_nominal,M0_nominal,entry,True,,,optimal,,main_reference_plan_domain,cp_upper,0.8698,0.8698,0.8753052223906154,False,False,8,1,1,0.8698,0.8753052223906154,,minimum attainable main-event rate_upper over the declared grid (descriptive; its cost is not a comparable cost),1024,optimal,0.0,0.0,0.0029,0.0034,0.004524010463635399,"diagnostic frontier point (training scenarios only); not a method, never a member"
1,SD-SRC14,0.1,SDSRC14_MAIN9,SD-SRC14,MAIN9,"SDSRC14_MAIN9:M1[relative,apply_to_dm=False]@alpha=0.1",M1_safety_margin,M1_safety_margin[apply_to_dm=False],sensitivity_line,False,not_met,,,"no value of the declared grid met the validation screen (candidate statuses: optimal, proven_infeasible); a grid without a solution is not a statement about the whole decision space",main_reference_plan_domain,cp_upper,,,,,False,8,5,4,0.208,0.21478861587460155,k=0.075,minimum attainable main-event rate_upper over the declared grid (descriptive; its cost is not a comparable cost),1024,optimal,0.0,0.0,0.0029,0.0034,0.004524010463635399,"diagnostic frontier point (training scenarios only); not a method, never a member"
1,SD-SRC14,0.1,SDSRC14_MAIN9,SD-SRC14,MAIN9,"SDSRC14_MAIN9:M1[relative,apply_to_dm=True]@alpha=0.1",M1_safety_margin,M1_safety_margin[apply_to_dm=True],entry,False,not_met,,,"no value of the declared grid met the validation screen (candidate statuses: optimal, proven_infeasible); a grid without a solution is not a statement about the whole decision space",main_reference_plan_domain,cp_upper,,,,,False,8,5,2,0.7257,0.7330394581375287,k=0.025,minimum attainable main-event rate_upper over the declared grid (descriptive; its cost is not a comparable cost),1024,optimal,0.0,0.0,0.0029,0.0034,0.004524010463635399,"diagnostic frontier point (training scenarios only); not a method, never a member"
1,SD-SRC14,0.1,SDSRC14_MAIN9,SD-SRC14,MAIN9,SDSRC14_MAIN9:M2[N=1024]@alpha=0.1,M2_joint_chance_saa,M2_joint_chance_saa[N=1024],entry,True,selected,alpha_train=0.05,feasible_time_limit,,main_reference_plan_domain,cp_upper,0.0322,0.0326,0.03567385428706479,True,True,8,4,4,0.0175,0.019814234143090685,alpha_train=0.025,minimum attainable main-event rate_upper over the declared grid (descriptive; its cost is not a comparable cost),1024,optimal,0.0,0.0,0.0029,0.0034,0.004524010463635399,"diagnostic frontier point (training scenarios only); not a method, never a member"
1,SD-SRC14,0.1,SDSRC14_MAIN9,SD-SRC14,MAIN9,SDSRC14_MAIN9:M2[N=128]@alpha=0.1,M2_joint_chance_saa,M2_joint_chance_saa[N=128],entry,True,selected,alpha_train=0.05,optimal,,main_reference_plan_domain,cp_upper,0.0607,0.0611,0.06518525009678577,True,True,8,4,4,0.0477,0.051354563522270566,alpha_train=0.025,minimum attainable main-event rate_upper over the declared grid (descriptive; its cost is not a comparable cost),128,optimal,0.0,0.0,0.036,0.0365,0.0397363566606283,"diagnostic frontier point (training scenarios only); not a method, never a member"
1,SD-SRC14,0.1,SDSRC14_MAIN9,SD-SRC14,MAIN9,SDSRC14_MAIN9:M2[N=512]@alpha=0.1,M2_joint_chance_saa,M2_joint_chance_saa[N=512],entry,True,selected,alpha_train=0.075,feasible_time_limit,,main_reference_plan_domain,cp_upper,0.0673,0.0677,0.07197640194362871,True,True,8,4,4,0.042,0.04544971486137441,alpha_train=0.025,minimum attainable main-event rate_upper over the declared grid (descriptive; its cost is not a comparable cost),512,optimal,0.0,0.0,0.0232,0.0237,0.02635740804475434,"diagnostic frontier point (training scenarios only); not a method, never a member"
1,SD-SRC14,0.1,SDSRC14_MAIN9,SD-SRC14,MAIN9,SDSRC14_MAIN9:M3a[factory box]@alpha=0.1,M3a_box_robust,M3a_box_robust,entry,True,selected,k_box=1.0,optimal,,main_reference_plan_domain,cp_upper,0.0496,0.05,0.05373317819066032,True,True,8,5,1,0.05,0.05373317819066032,k_box=1.0,minimum attainable main-event rate_upper over the declared grid (descriptive; its cost is not a comparable cost),1024,optimal,0.0,0.0,0.0029,0.0034,0.004524010463635399,"diagnostic frontier point (training scenarios only); not a method, never a member"
1,SD-SRC14,0.1,SDSRC14_MAIN9,SD-SRC14,MAIN9,"SDSRC14_MAIN9:M3b[factory box k=1, Gamma selected]@alpha=0.1",M3b_budget_robust,M3b_budget_robust,entry,True,selected,gamma=4,optimal,,main_reference_plan_domain,cp_upper,0.0752,0.0756,0.08009045982748098,True,True,8,35,18,0.0123,0.014272472339310154,"gamma=2 {""k_box"": 2.0}",minimum attainable main-event rate_upper over the declared grid (descriptive; its cost is not a comparable cost),1024,optimal,0.0,0.0,0.0029,0.0034,0.004524010463635399,"diagnostic frontier point (training scenarios only); not a method, never a member"
1,SD-SRC14,0.01,SD12MO_MAIN9,SD-12MO,MAIN9,SD12MO_MAIN9:M0,M0_nominal,M0_nominal,entry,True,,,optimal,,main_reference_plan_domain,cp_upper,0.8698,0.8698,0.8753052223906154,False,False,0,1,1,0.8698,0.8753052223906154,,minimum attainable main-event rate_upper over the declared grid (descriptive; its cost is not a comparable cost),1024,optimal,0.0009765625,0.0009765625,0.2271,0.2274,0.23440273907481685,"diagnostic frontier point (training scenarios only); not a method, never a member"
1,SD-SRC14,0.01,SD12MO_MAIN9,SD-12MO,MAIN9,"SD12MO_MAIN9:M1[relative,apply_to_dm=False]@alpha=0.01",M1_safety_margin,M1_safety_margin[apply_to_dm=False],sensitivity_line,False,not_met,,,"no value of the declared grid met the validation screen (candidate statuses: optimal, proven_infeasible); a grid without a solution is not a statement about the whole decision space",main_reference_plan_domain,cp_upper,,,,,False,0,5,4,0.208,0.21478861587460155,k=0.075,minimum attainable main-event rate_upper over the declared grid (descriptive; its cost is not a comparable cost),1024,optimal,0.0009765625,0.0009765625,0.2271,0.2274,0.23440273907481685,"diagnostic frontier point (training scenarios only); not a method, never a member"
1,SD-SRC14,0.01,SD12MO_MAIN9,SD-12MO,MAIN9,"SD12MO_MAIN9:M1[relative,apply_to_dm=True]@alpha=0.01",M1_safety_margin,M1_safety_margin[apply_to_dm=True],entry,False,not_met,,,"no value of the declared grid met the validation screen (candidate statuses: optimal, proven_infeasible); a grid without a solution is not a statement about the whole decision space",main_reference_plan_domain,cp_upper,,,,,False,0,5,2,0.7257,0.7330394581375287,k=0.025,minimum attainable main-event rate_upper over the declared grid (descriptive; its cost is not a comparable cost),1024,optimal,0.0009765625,0.0009765625,0.2271,0.2274,0.23440273907481685,"diagnostic frontier point (training scenarios only); not a method, never a member"
1,SD-SRC14,0.01,SD12MO_MAIN9,SD-12MO,MAIN9,SD12MO_MAIN9:M2[N=1024]@alpha=0.01,M2_joint_chance_saa,M2_joint_chance_saa[N=1024],entry,True,selected,alpha_train=0.0025,optimal,,main_reference_plan_domain,cp_upper,0.247,0.2473,0.25450053567871295,False,False,0,4,4,0.2347,0.2417777625575631,alpha_train=0.0075,minimum attainable main-event rate_upper over the declared grid (descriptive; its cost is not a comparable cost),1024,optimal,0.0009765625,0.0009765625,0.2271,0.2274,0.23440273907481685,"diagnostic frontier point (training scenarios only); not a method, never a member"
1,SD-SRC14,0.01,SD12MO_MAIN9,SD-12MO,MAIN9,SD12MO_MAIN9:M2[N=128]@alpha=0.01,M2_joint_chance_saa,M2_joint_chance_saa[N=128],entry,False,not_met,,,no value of the declared grid met the validation screen (candidate statuses: optimal); a grid without a solution is not a statement about the whole decision space,main_reference_plan_domain,cp_upper,,,,,False,0,4,4,0.4661,0.4743618742385293,alpha_train=0.0075,minimum attainable main-event rate_upper over the declared grid (descriptive; its cost is not a comparable cost),128,optimal,0.0,0.0,0.4659,0.4661,0.4743618742385293,"diagnostic frontier point (training scenarios only); not a method, never a member"
1,SD-SRC14,0.01,SD12MO_MAIN9,SD-12MO,MAIN9,SD12MO_MAIN9:M2[N=512]@alpha=0.01,M2_joint_chance_saa,M2_joint_chance_saa[N=512],entry,False,not_met,,,no value of the declared grid met the validation screen (candidate statuses: optimal); a grid without a solution is not a statement about the whole decision space,main_reference_plan_domain,cp_upper,,,,,False,0,4,4,0.261,0.2683248146853804,alpha_train=0.0025,minimum attainable main-event rate_upper over the declared grid (descriptive; its cost is not a comparable cost),512,optimal,0.0,0.0,0.261,0.2612,0.26852656036026046,"diagnostic frontier point (training scenarios only); not a method, never a member"
1,SD-SRC14,0.01,SD12MO_MAIN9,SD-12MO,MAIN9,SD12MO_MAIN9:M3a[factory box]@alpha=0.01,M3a_box_robust,M3a_box_robust,entry,False,not_met,,,"no value of the declared grid met the validation screen (candidate statuses: optimal, proven_infeasible); a grid without a solution is not a statement about the whole decision space",main_reference_plan_domain,cp_upper,,,,,False,0,5,1,0.7007,0.7082387527216175,k_box=1.0,minimum attainable main-event rate_upper over the declared grid (descriptive; its cost is not a comparable cost),1024,optimal,0.0009765625,0.0009765625,0.2271,0.2274,0.23440273907481685,"diagnostic frontier point (training scenarios only); not a method, never a member"
1,SD-SRC14,0.01,SD12MO_MAIN9,SD-12MO,MAIN9,SD12MO_MAIN9:M3b[factory box]@alpha=0.01,M3b_budget_robust,M3b_budget_robust,entry,False,not_met,,,no value of the declared grid met the validation screen (candidate statuses: optimal); a grid without a solution is not a statement about the whole decision space,main_reference_plan_domain,cp_upper,,,,,False,0,35,17,0.1872,0.19373322074550758,"gamma=3 {""k_box"": 1.5}",minimum attainable main-event rate_upper over the declared grid (descriptive; its cost is not a comparable cost),1024,optimal,0.0009765625,0.0009765625,0.2271,0.2274,0.23440273907481685,"diagnostic frontier point (training scenarios only); not a method, never a member"
1,SD-SRC14,0.01,SDH0_MAIN9,SD-H0,MAIN9,SDH0_MAIN9:M0,M0_nominal,M0_nominal,entry,True,,,optimal,,main_reference_plan_domain,cp_upper,0.8698,0.8698,0.8753052223906154,False,False,0,1,1,0.8698,0.8753052223906154,,minimum attainable main-event rate_upper over the declared grid (descriptive; its cost is not a comparable cost),1024,frontier_no_feasible_solution_found_no_ration,0.0556640625,0.21484375,,,,
1,SD-SRC14,0.01,SDH0_MAIN9,SD-H0,MAIN9,"SDH0_MAIN9:M1[relative,apply_to_dm=False]@alpha=0.01",M1_safety_margin,M1_safety_margin[apply_to_dm=False],sensitivity_line,False,not_met,,,"no value of the declared grid met the validation screen (candidate statuses: optimal, proven_infeasible); a grid without a solution is not a statement about the whole decision space",main_reference_plan_domain,cp_upper,,,,,False,0,5,4,0.208,0.21478861587460155,k=0.075,minimum attainable main-event rate_upper over the declared grid (descriptive; its cost is not a comparable cost),1024,frontier_no_feasible_solution_found_no_ration,0.0556640625,0.21484375,,,,
1,SD-SRC14,0.01,SDH0_MAIN9,SD-H0,MAIN9,"SDH0_MAIN9:M1[relative,apply_to_dm=True]@alpha=0.01",M1_safety_margin,M1_safety_margin[apply_to_dm=True],entry,False,not_met,,,"no value of the declared grid met the validation screen (candidate statuses: optimal, proven_infeasible); a grid without a solution is not a statement about the whole decision space",main_reference_plan_domain,cp_upper,,,,,False,0,5,2,0.7257,0.7330394581375287,k=0.025,minimum attainable main-event rate_upper over the declared grid (descriptive; its cost is not a comparable cost),1024,frontier_no_feasible_solution_found_no_ration,0.0556640625,0.21484375,,,,
1,SD-SRC14,0.01,SDH0_MAIN9,SD-H0,MAIN9,SDH0_MAIN9:M2[N=1024]@alpha=0.01,M2_joint_chance_saa,M2_joint_chance_saa[N=1024],entry,False,not_met,,,"SAA over the N training scenarios proven infeasible for every alpha_train of the declared grid (training scenarios only; not a population, field or whole-space statement)",main_reference_plan_domain,cp_upper,,,,,False,0,4,0,,,,no scored grid candidate with a ration (not a whole-space statement),1024,frontier_no_feasible_solution_found_no_ration,0.0556640625,0.21484375,,,,
1,SD-SRC14,0.01,SDH0_MAIN9,SD-H0,MAIN9,SDH0_MAIN9:M2[N=128]@alpha=0.01,M2_joint_chance_saa,M2_joint_chance_saa[N=128],entry,False,not_met,,,"SAA over the N training scenarios proven infeasible for every alpha_train of the declared grid (training scenarios only; not a population, field or whole-space statement)",main_reference_plan_domain,cp_upper,,,,,False,0,4,0,,,,no scored grid candidate with a ration (not a whole-space statement),128,optimal,0.171875,0.2109375,0.0839,0.0843,0.08901016898061778,"diagnostic frontier point (training scenarios only); not a method, never a member"
1,SD-SRC14,0.01,SDH0_MAIN9,SD-H0,MAIN9,SDH0_MAIN9:M2[N=512]@alpha=0.01,M2_joint_chance_saa,M2_joint_chance_saa[N=512],entry,False,not_met,,,"SAA over the N training scenarios proven infeasible for every alpha_train of the declared grid (training scenarios only; not a population, field or whole-space statement)",main_reference_plan_domain,cp_upper,,,,,False,0,4,0,,,,no scored grid candidate with a ration (not a whole-space statement),512,frontier_no_feasible_solution_found_no_ration,0.06640625,0.189453125,,,,
1,SD-SRC14,0.01,SDH0_MAIN9,SD-H0,MAIN9,SDH0_MAIN9:M3a[factory box]@alpha=0.01,M3a_box_robust,M3a_box_robust,entry,False,not_met,,,no value of the declared grid met the validation screen (candidate statuses: proven_infeasible); a grid without a solution is not a statement about the whole decision space,main_reference_plan_domain,cp_upper,,,,,False,0,5,0,,,,no scored grid candidate with a ration (not a whole-space statement),1024,frontier_no_feasible_solution_found_no_ration,0.0556640625,0.21484375,,,,
1,SD-SRC14,0.01,SDH0_MAIN9,SD-H0,MAIN9,SDH0_MAIN9:M3b[factory box]@alpha=0.01,M3b_budget_robust,M3b_budget_robust,entry,False,not_met,,,"no value of the declared grid met the validation screen (candidate statuses: optimal, proven_infeasible); a grid without a solution is not a statement about the whole decision space",main_reference_plan_domain,cp_upper,,,,,False,0,35,6,0.5267,0.5349560144138676,"gamma=1 {""k_box"": 1.0}",minimum attainable main-event rate_upper over the declared grid (descriptive; its cost is not a comparable cost),1024,frontier_no_feasible_solution_found_no_ration,0.0556640625,0.21484375,,,,
1,SD-SRC14,0.01,SDS2_MAIN9,SD-S2,MAIN9,SDS2_MAIN9:M0,M0_nominal,M0_nominal,entry,True,,,optimal,,main_reference_plan_domain,cp_upper,0.8698,0.8698,0.8753052223906154,False,False,0,1,1,0.8698,0.8753052223906154,,minimum attainable main-event rate_upper over the declared grid (descriptive; its cost is not a comparable cost),1024,optimal,0.0,0.0,0.2341,0.2345,0.24157574588839986,"diagnostic frontier point (training scenarios only); not a method, never a member"
1,SD-SRC14,0.01,SDS2_MAIN9,SD-S2,MAIN9,"SDS2_MAIN9:M1[relative,apply_to_dm=False]@alpha=0.01",M1_safety_margin,M1_safety_margin[apply_to_dm=False],sensitivity_line,False,not_met,,,"no value of the declared grid met the validation screen (candidate statuses: optimal, proven_infeasible); a grid without a solution is not a statement about the whole decision space",main_reference_plan_domain,cp_upper,,,,,False,0,5,4,0.208,0.21478861587460155,k=0.075,minimum attainable main-event rate_upper over the declared grid (descriptive; its cost is not a comparable cost),1024,optimal,0.0,0.0,0.2341,0.2345,0.24157574588839986,"diagnostic frontier point (training scenarios only); not a method, never a member"
1,SD-SRC14,0.01,SDS2_MAIN9,SD-S2,MAIN9,"SDS2_MAIN9:M1[relative,apply_to_dm=True]@alpha=0.01",M1_safety_margin,M1_safety_margin[apply_to_dm=True],entry,False,not_met,,,"no value of the declared grid met the validation screen (candidate statuses: optimal, proven_infeasible); a grid without a solution is not a statement about the whole decision space",main_reference_plan_domain,cp_upper,,,,,False,0,5,2,0.7257,0.7330394581375287,k=0.025,minimum attainable main-event rate_upper over the declared grid (descriptive; its cost is not a comparable cost),1024,optimal,0.0,0.0,0.2341,0.2345,0.24157574588839986,"diagnostic frontier point (training scenarios only); not a method, never a member"
1,SD-SRC14,0.01,SDS2_MAIN9,SD-S2,MAIN9,SDS2_MAIN9:M2[N=1024]@alpha=0.01,M2_joint_chance_saa,M2_joint_chance_saa[N=1024],entry,True,selected,alpha_train=0.0025,optimal,,main_reference_plan_domain,cp_upper,0.2334,0.2337,0.24076765757595375,False,False,0,4,4,0.2337,0.24076765757595375,alpha_train=0.0025,minimum attainable main-event rate_upper over the declared grid (descriptive; its cost is not a comparable cost),1024,optimal,0.0,0.0,0.2341,0.2345,0.24157574588839986,"diagnostic frontier point (training scenarios only); not a method, never a member"
1,SD-SRC14,0.01,SDS2_MAIN9,SD-S2,MAIN9,SDS2_MAIN9:M2[N=128]@alpha=0.01,M2_joint_chance_saa,M2_joint_chance_saa[N=128],entry,False,not_met,,,no value of the declared grid met the validation screen (candidate statuses: optimal); a grid without a solution is not a statement about the whole decision space,main_reference_plan_domain,cp_upper,,,,,False,0,4,4,0.4854,0.49367313306444527,alpha_train=0.01,minimum attainable main-event rate_upper over the declared grid (descriptive; its cost is not a comparable cost),128,optimal,0.0,0.0,0.5062,0.5064,0.5146714439153017,"diagnostic frontier point (training scenarios only); not a method, never a member"
1,SD-SRC14,0.01,SDS2_MAIN9,SD-S2,MAIN9,SDS2_MAIN9:M2[N=512]@alpha=0.01,M2_joint_chance_saa,M2_joint_chance_saa[N=512],entry,False,not_met,,,no value of the declared grid met the validation screen (candidate statuses: optimal); a grid without a solution is not a statement about the whole decision space,main_reference_plan_domain,cp_upper,,,,,False,0,4,4,0.2597,0.26701342042340415,alpha_train=0.0025,minimum attainable main-event rate_upper over the declared grid (descriptive; its cost is not a comparable cost),512,optimal,0.0,0.0,0.2583,0.2587,0.2660045995536745,"diagnostic frontier point (training scenarios only); not a method, never a member"
1,SD-SRC14,0.01,SDS2_MAIN9,SD-S2,MAIN9,SDS2_MAIN9:M3a[factory box]@alpha=0.01,M3a_box_robust,M3a_box_robust,entry,True,selected,k_box=1.5,optimal,,main_reference_plan_domain,cp_upper,0.24,0.2403,0.24743335932175783,False,False,0,5,2,0.2403,0.24743335932175783,k_box=1.5,minimum attainable main-event rate_upper over the declared grid (descriptive; its cost is not a comparable cost),1024,optimal,0.0,0.0,0.2341,0.2345,0.24157574588839986,"diagnostic frontier point (training scenarios only); not a method, never a member"
1,SD-SRC14,0.01,SDS2_MAIN9,SD-S2,MAIN9,"SDS2_MAIN9:M3b[factory box k=1.5, Gamma selected]@alpha=0.01",M3b_budget_robust,M3b_budget_robust,entry,True,selected,gamma=4,optimal,,main_reference_plan_domain,cp_upper,0.3086,0.3088,0.3164897466411179,False,False,0,35,24,0.0614,0.06549420715396002,"gamma=4 {""k_box"": 2.0}",minimum attainable main-event rate_upper over the declared grid (descriptive; its cost is not a comparable cost),1024,optimal,0.0,0.0,0.2341,0.2345,0.24157574588839986,"diagnostic frontier point (training scenarios only); not a method, never a member"
1,SD-SRC14,0.01,SDSRC12_MAIN9,SD-SRC12,MAIN9,SDSRC12_MAIN9:M0,M0_nominal,M0_nominal,entry,True,,,optimal,,main_reference_plan_domain,cp_upper,0.8698,0.8698,0.8753052223906154,False,False,0,1,1,0.8698,0.8753052223906154,,minimum attainable main-event rate_upper over the declared grid (descriptive; its cost is not a comparable cost),1024,frontier_no_feasible_solution_found_no_ration,0.0126953125,0.0380859375,,,,
1,SD-SRC14,0.01,SDSRC12_MAIN9,SD-SRC12,MAIN9,"SDSRC12_MAIN9:M1[relative,apply_to_dm=False]@alpha=0.01",M1_safety_margin,M1_safety_margin[apply_to_dm=False],sensitivity_line,False,not_met,,,"no value of the declared grid met the validation screen (candidate statuses: optimal, proven_infeasible); a grid without a solution is not a statement about the whole decision space",main_reference_plan_domain,cp_upper,,,,,False,0,5,4,0.208,0.21478861587460155,k=0.075,minimum attainable main-event rate_upper over the declared grid (descriptive; its cost is not a comparable cost),1024,frontier_no_feasible_solution_found_no_ration,0.0126953125,0.0380859375,,,,
1,SD-SRC14,0.01,SDSRC12_MAIN9,SD-SRC12,MAIN9,"SDSRC12_MAIN9:M1[relative,apply_to_dm=True]@alpha=0.01",M1_safety_margin,M1_safety_margin[apply_to_dm=True],entry,False,not_met,,,"no value of the declared grid met the validation screen (candidate statuses: optimal, proven_infeasible); a grid without a solution is not a statement about the whole decision space",main_reference_plan_domain,cp_upper,,,,,False,0,5,2,0.7257,0.7330394581375287,k=0.025,minimum attainable main-event rate_upper over the declared grid (descriptive; its cost is not a comparable cost),1024,frontier_no_feasible_solution_found_no_ration,0.0126953125,0.0380859375,,,,
1,SD-SRC14,0.01,SDSRC12_MAIN9,SD-SRC12,MAIN9,SDSRC12_MAIN9:M2[N=1024]@alpha=0.01,M2_joint_chance_saa,M2_joint_chance_saa[N=1024],entry,False,not_met,,,"SAA over the N training scenarios proven infeasible for every alpha_train of the declared grid (training scenarios only; not a population, field or whole-space statement)",main_reference_plan_domain,cp_upper,,,,,False,0,4,0,,,,no scored grid candidate with a ration (not a whole-space statement),1024,frontier_no_feasible_solution_found_no_ration,0.0126953125,0.0380859375,,,,
1,SD-SRC14,0.01,SDSRC12_MAIN9,SD-SRC12,MAIN9,SDSRC12_MAIN9:M2[N=128]@alpha=0.01,M2_joint_chance_saa,M2_joint_chance_saa[N=128],entry,False,not_met,,,"SAA over the N training scenarios proven infeasible for every alpha_train of the declared grid (training scenarios only; not a population, field or whole-space statement)",main_reference_plan_domain,cp_upper,,,,,False,0,4,0,,,,no scored grid candidate with a ration (not a whole-space statement),128,optimal,0.0234375,0.0234375,0.0148,0.0152,0.017370720343188973,"diagnostic frontier point (training scenarios only); not a method, never a member"
1,SD-SRC14,0.01,SDSRC12_MAIN9,SD-SRC12,MAIN9,SDSRC12_MAIN9:M2[N=512]@alpha=0.01,M2_joint_chance_saa,M2_joint_chance_saa[N=512],entry,False,not_met,,,"SAA over the N training scenarios proven infeasible for every alpha_train of the declared grid (training scenarios only; not a population, field or whole-space statement)",main_reference_plan_domain,cp_upper,,,,,False,0,4,0,,,,no scored grid candidate with a ration (not a whole-space statement),512,optimal,0.03125,0.03125,0.0095,0.0099,0.011689166504789824,"diagnostic frontier point (training scenarios only); not a method, never a member"
1,SD-SRC14,0.01,SDSRC12_MAIN9,SD-SRC12,MAIN9,SDSRC12_MAIN9:M3a[factory box]@alpha=0.01,M3a_box_robust,M3a_box_robust,entry,False,not_met,,,no value of the declared grid met the validation screen (candidate statuses: proven_infeasible); a grid without a solution is not a statement about the whole decision space,main_reference_plan_domain,cp_upper,,,,,False,0,5,0,,,,no scored grid candidate with a ration (not a whole-space statement),1024,frontier_no_feasible_solution_found_no_ration,0.0126953125,0.0380859375,,,,
1,SD-SRC14,0.01,SDSRC12_MAIN9,SD-SRC12,MAIN9,SDSRC12_MAIN9:M3b[factory box]@alpha=0.01,M3b_budget_robust,M3b_budget_robust,entry,False,not_met,,,"no value of the declared grid met the validation screen (candidate statuses: optimal, proven_infeasible); a grid without a solution is not a statement about the whole decision space",main_reference_plan_domain,cp_upper,,,,,False,0,35,10,0.1092,0.11446460210756691,"gamma=3 {""k_box"": 1.0}",minimum attainable main-event rate_upper over the declared grid (descriptive; its cost is not a comparable cost),1024,frontier_no_feasible_solution_found_no_ration,0.0126953125,0.0380859375,,,,
1,SD-SRC14,0.01,SDSRC14_MAIN9,SD-SRC14,MAIN9,SDSRC14_MAIN9:M0,M0_nominal,M0_nominal,entry,True,,,optimal,,main_reference_plan_domain,cp_upper,0.8698,0.8698,0.8753052223906154,False,False,0,1,1,0.8698,0.8753052223906154,,minimum attainable main-event rate_upper over the declared grid (descriptive; its cost is not a comparable cost),1024,optimal,0.0,0.0,0.0029,0.0034,0.004524010463635399,"diagnostic frontier point (training scenarios only); not a method, never a member"
1,SD-SRC14,0.01,SDSRC14_MAIN9,SD-SRC14,MAIN9,"SDSRC14_MAIN9:M1[relative,apply_to_dm=False]@alpha=0.01",M1_safety_margin,M1_safety_margin[apply_to_dm=False],sensitivity_line,False,not_met,,,"no value of the declared grid met the validation screen (candidate statuses: optimal, proven_infeasible); a grid without a solution is not a statement about the whole decision space",main_reference_plan_domain,cp_upper,,,,,False,0,5,4,0.208,0.21478861587460155,k=0.075,minimum attainable main-event rate_upper over the declared grid (descriptive; its cost is not a comparable cost),1024,optimal,0.0,0.0,0.0029,0.0034,0.004524010463635399,"diagnostic frontier point (training scenarios only); not a method, never a member"
1,SD-SRC14,0.01,SDSRC14_MAIN9,SD-SRC14,MAIN9,"SDSRC14_MAIN9:M1[relative,apply_to_dm=True]@alpha=0.01",M1_safety_margin,M1_safety_margin[apply_to_dm=True],entry,False,not_met,,,"no value of the declared grid met the validation screen (candidate statuses: optimal, proven_infeasible); a grid without a solution is not a statement about the whole decision space",main_reference_plan_domain,cp_upper,,,,,False,0,5,2,0.7257,0.7330394581375287,k=0.025,minimum attainable main-event rate_upper over the declared grid (descriptive; its cost is not a comparable cost),1024,optimal,0.0,0.0,0.0029,0.0034,0.004524010463635399,"diagnostic frontier point (training scenarios only); not a method, never a member"
1,SD-SRC14,0.01,SDSRC14_MAIN9,SD-SRC14,MAIN9,SDSRC14_MAIN9:M2[N=1024]@alpha=0.01,M2_joint_chance_saa,M2_joint_chance_saa[N=1024],entry,False,not_met,,,no value of the declared grid met the validation screen (candidate statuses: optimal); a grid without a solution is not a statement about the whole decision space,main_reference_plan_domain,cp_upper,,,,,False,0,4,4,0.0079,0.009518068661312334,alpha_train=0.0075,minimum attainable main-event rate_upper over the declared grid (descriptive; its cost is not a comparable cost),1024,optimal,0.0,0.0,0.0029,0.0034,0.004524010463635399,"diagnostic frontier point (training scenarios only); not a method, never a member"
1,SD-SRC14,0.01,SDSRC14_MAIN9,SD-SRC14,MAIN9,SDSRC14_MAIN9:M2[N=128]@alpha=0.01,M2_joint_chance_saa,M2_joint_chance_saa[N=128],entry,False,not_met,,,no value of the declared grid met the validation screen (candidate statuses: optimal); a grid without a solution is not a statement about the whole decision space,main_reference_plan_domain,cp_upper,,,,,False,0,4,4,0.0365,0.0397363566606283,alpha_train=0.0075,minimum attainable main-event rate_upper over the declared grid (descriptive; its cost is not a comparable cost),128,optimal,0.0,0.0,0.036,0.0365,0.0397363566606283,"diagnostic frontier point (training scenarios only); not a method, never a member"
1,SD-SRC14,0.01,SDSRC14_MAIN9,SD-SRC14,MAIN9,SDSRC14_MAIN9:M2[N=512]@alpha=0.01,M2_joint_chance_saa,M2_joint_chance_saa[N=512],entry,False,not_met,,,no value of the declared grid met the validation screen (candidate statuses: optimal); a grid without a solution is not a statement about the whole decision space,main_reference_plan_domain,cp_upper,,,,,False,0,4,4,0.0189,0.021296758650943704,alpha_train=0.0075,minimum attainable main-event rate_upper over the declared grid (descriptive; its cost is not a comparable cost),512,optimal,0.0,0.0,0.0232,0.0237,0.02635740804475434,"diagnostic frontier point (training scenarios only); not a method, never a member"
1,SD-SRC14,0.01,SDSRC14_MAIN9,SD-SRC14,MAIN9,SDSRC14_MAIN9:M3a[factory box]@alpha=0.01,M3a_box_robust,M3a_box_robust,entry,False,not_met,,,"no value of the declared grid met the validation screen (candidate statuses: optimal, proven_infeasible); a grid without a solution is not a statement about the whole decision space",main_reference_plan_domain,cp_upper,,,,,False,0,5,1,0.05,0.05373317819066032,k_box=1.0,minimum attainable main-event rate_upper over the declared grid (descriptive; its cost is not a comparable cost),1024,optimal,0.0,0.0,0.0029,0.0034,0.004524010463635399,"diagnostic frontier point (training scenarios only); not a method, never a member"
1,SD-SRC14,0.01,SDSRC14_MAIN9,SD-SRC14,MAIN9,SDSRC14_MAIN9:M3b[factory box]@alpha=0.01,M3b_budget_robust,M3b_budget_robust,entry,False,not_met,,,no value of the declared grid met the validation screen (candidate statuses: optimal); a grid without a solution is not a statement about the whole decision space,main_reference_plan_domain,cp_upper,,,,,False,0,35,18,0.0123,0.014272472339310154,"gamma=2 {""k_box"": 2.0}",minimum attainable main-event rate_upper over the declared grid (descriptive; its cost is not a comparable cost),1024,optimal,0.0,0.0,0.0029,0.0034,0.004524010463635399,"diagnostic frontier point (training scenarios only); not a method, never a member"
1,SD-12MO,0.05,SD12MO_MAIN9,SD-12MO,MAIN9,SD12MO_MAIN9:M0,M0_nominal,M0_nominal,entry,True,,,optimal,,main_reference_plan_domain,cp_upper,0.8037,0.8037,0.8102173889211403,False,False,9,1,1,0.8037,0.8102173889211403,,minimum attainable main-event rate_upper over the declared grid (descriptive; its cost is not a comparable cost),1024,optimal,0.0009765625,0.0009765625,0.0041,0.0041,0.005316495826732534,"diagnostic frontier point (training scenarios only); not a method, never a member"
1,SD-12MO,0.05,SD12MO_MAIN9,SD-12MO,MAIN9,"SD12MO_MAIN9:M1[relative,apply_to_dm=False]@alpha=0.05",M1_safety_margin,M1_safety_margin[apply_to_dm=False],sensitivity_line,False,not_met,,,"no value of the declared grid met the validation screen (candidate statuses: optimal, proven_infeasible); a grid without a solution is not a statement about the whole decision space",main_reference_plan_domain,cp_upper,,,,,False,9,5,4,0.0718,0.07618935942387442,k=0.075,minimum attainable main-event rate_upper over the declared grid (descriptive; its cost is not a comparable cost),1024,optimal,0.0009765625,0.0009765625,0.0041,0.0041,0.005316495826732534,"diagnostic frontier point (training scenarios only); not a method, never a member"
1,SD-12MO,0.05,SD12MO_MAIN9,SD-12MO,MAIN9,"SD12MO_MAIN9:M1[relative,apply_to_dm=True]@alpha=0.05",M1_safety_margin,M1_safety_margin[apply_to_dm=True],entry,False,not_met,,,"no value of the declared grid met the validation screen (candidate statuses: optimal, proven_infeasible); a grid without a solution is not a statement about the whole decision space",main_reference_plan_domain,cp_upper,,,,,False,9,5,2,0.3684,0.37641192036114346,k=0.025,minimum attainable main-event rate_upper over the declared grid (descriptive; its cost is not a comparable cost),1024,optimal,0.0009765625,0.0009765625,0.0041,0.0041,0.005316495826732534,"diagnostic frontier point (training scenarios only); not a method, never a member"
1,SD-12MO,0.05,SD12MO_MAIN9,SD-12MO,MAIN9,SD12MO_MAIN9:M2[N=1024]@alpha=0.05,M2_joint_chance_saa,M2_joint_chance_saa[N=1024],entry,True,selected,alpha_train=0.0375,feasible_time_limit,,main_reference_plan_domain,cp_upper,0.0235,0.0235,0.026147145455158245,True,True,9,4,4,0.0111,0.01298337699725686,alpha_train=0.0125,minimum attainable main-event rate_upper over the declared grid (descriptive; its cost is not a comparable cost),1024,optimal,0.0009765625,0.0009765625,0.0041,0.0041,0.005316495826732534,"diagnostic frontier point (training scenarios only); not a method, never a member"
1,SD-12MO,0.05,SD12MO_MAIN9,SD-12MO,MAIN9,SD12MO_MAIN9:M2[N=128]@alpha=0.05,M2_joint_chance_saa,M2_joint_chance_saa[N=128],entry,False,not_met,,,no value of the declared grid met the validation screen (candidate statuses: optimal); a grid without a solution is not a statement about the whole decision space,main_reference_plan_domain,cp_upper,,,,,False,9,4,4,0.0426,0.04607200398152725,alpha_train=0.0125,minimum attainable main-event rate_upper over the declared grid (descriptive; its cost is not a comparable cost),128,optimal,0.0,0.0,0.0359,0.0359,0.0391120107421971,"diagnostic frontier point (training scenarios only); not a method, never a member"
1,SD-12MO,0.05,SD12MO_MAIN9,SD-12MO,MAIN9,SD12MO_MAIN9:M2[N=512]@alpha=0.05,M2_joint_chance_saa,M2_joint_chance_saa[N=512],entry,True,selected,alpha_train=0.025,optimal,,main_reference_plan_domain,cp_upper,0.0278,0.0278,0.03065828268938303,True,True,9,4,4,0.0173,0.019602164229733723,alpha_train=0.0125,minimum attainable main-event rate_upper over the declared grid (descriptive; its cost is not a comparable cost),512,optimal,0.0,0.0,0.006,0.006,0.007433605812518839,"diagnostic frontier point (training scenarios only); not a method, never a member"
1,SD-12MO,0.05,SD12MO_MAIN9,SD-12MO,MAIN9,SD12MO_MAIN9:M3a[factory box]@alpha=0.05,M3a_box_robust,M3a_box_robust,entry,False,not_met,,,"no value of the declared grid met the validation screen (candidate statuses: optimal, proven_infeasible); a grid without a solution is not a statement about the whole decision space",main_reference_plan_domain,cp_upper,,,,,False,9,5,1,0.2046,0.21134877023864015,k_box=1.0,minimum attainable main-event rate_upper over the declared grid (descriptive; its cost is not a comparable cost),1024,optimal,0.0009765625,0.0009765625,0.0041,0.0041,0.005316495826732534,"diagnostic frontier point (training scenarios only); not a method, never a member"
1,SD-12MO,0.05,SD12MO_MAIN9,SD-12MO,MAIN9,"SD12MO_MAIN9:M3b[factory box k=3, Gamma selected]@alpha=0.05",M3b_budget_robust,M3b_budget_robust,entry,True,selected,gamma=1,optimal,,main_reference_plan_domain,cp_upper,0.0105,0.0105,0.012336963909157018,True,True,9,35,17,0.0105,0.012336963909157018,"gamma=1 {""k_box"": 3.0}",minimum attainable main-event rate_upper over the declared grid (descriptive; its cost is not a comparable cost),1024,optimal,0.0009765625,0.0009765625,0.0041,0.0041,0.005316495826732534,"diagnostic frontier point (training scenarios only); not a method, never a member"
1,SD-12MO,0.05,SDH0_MAIN9,SD-H0,MAIN9,SDH0_MAIN9:M0,M0_nominal,M0_nominal,entry,True,,,optimal,,main_reference_plan_domain,cp_upper,0.8037,0.8037,0.8102173889211403,False,False,9,1,1,0.8037,0.8102173889211403,,minimum attainable main-event rate_upper over the declared grid (descriptive; its cost is not a comparable cost),1024,frontier_no_feasible_solution_found_no_ration,0.0556640625,0.21484375,,,,
1,SD-12MO,0.05,SDH0_MAIN9,SD-H0,MAIN9,"SDH0_MAIN9:M1[relative,apply_to_dm=False]@alpha=0.05",M1_safety_margin,M1_safety_margin[apply_to_dm=False],sensitivity_line,False,not_met,,,"no value of the declared grid met the validation screen (candidate statuses: optimal, proven_infeasible); a grid without a solution is not a statement about the whole decision space",main_reference_plan_domain,cp_upper,,,,,False,9,5,4,0.0718,0.07618935942387442,k=0.075,minimum attainable main-event rate_upper over the declared grid (descriptive; its cost is not a comparable cost),1024,frontier_no_feasible_solution_found_no_ration,0.0556640625,0.21484375,,,,
1,SD-12MO,0.05,SDH0_MAIN9,SD-H0,MAIN9,"SDH0_MAIN9:M1[relative,apply_to_dm=True]@alpha=0.05",M1_safety_margin,M1_safety_margin[apply_to_dm=True],entry,False,not_met,,,"no value of the declared grid met the validation screen (candidate statuses: optimal, proven_infeasible); a grid without a solution is not a statement about the whole decision space",main_reference_plan_domain,cp_upper,,,,,False,9,5,2,0.3684,0.37641192036114346,k=0.025,minimum attainable main-event rate_upper over the declared grid (descriptive; its cost is not a comparable cost),1024,frontier_no_feasible_solution_found_no_ration,0.0556640625,0.21484375,,,,
1,SD-12MO,0.05,SDH0_MAIN9,SD-H0,MAIN9,SDH0_MAIN9:M2[N=1024]@alpha=0.05,M2_joint_chance_saa,M2_joint_chance_saa[N=1024],entry,False,not_met,,,"SAA over the N training scenarios proven infeasible for every alpha_train of the declared grid (training scenarios only; not a population, field or whole-space statement)",main_reference_plan_domain,cp_upper,,,,,False,9,4,0,,,,no scored grid candidate with a ration (not a whole-space statement),1024,frontier_no_feasible_solution_found_no_ration,0.0556640625,0.21484375,,,,
1,SD-12MO,0.05,SDH0_MAIN9,SD-H0,MAIN9,SDH0_MAIN9:M2[N=128]@alpha=0.05,M2_joint_chance_saa,M2_joint_chance_saa[N=128],entry,False,not_met,,,"SAA over the N training scenarios proven infeasible for every alpha_train of the declared grid (training scenarios only; not a population, field or whole-space statement)",main_reference_plan_domain,cp_upper,,,,,False,9,4,0,,,,no scored grid candidate with a ration (not a whole-space statement),128,optimal,0.171875,0.2109375,0.0015,0.0015,0.002308777804199719,"diagnostic frontier point (training scenarios only); not a method, never a member"
1,SD-12MO,0.05,SDH0_MAIN9,SD-H0,MAIN9,SDH0_MAIN9:M2[N=512]@alpha=0.05,M2_joint_chance_saa,M2_joint_chance_saa[N=512],entry,False,not_met,,,"SAA over the N training scenarios proven infeasible for every alpha_train of the declared grid (training scenarios only; not a population, field or whole-space statement)",main_reference_plan_domain,cp_upper,,,,,False,9,4,0,,,,no scored grid candidate with a ration (not a whole-space statement),512,frontier_no_feasible_solution_found_no_ration,0.06640625,0.189453125,,,,
1,SD-12MO,0.05,SDH0_MAIN9,SD-H0,MAIN9,SDH0_MAIN9:M3a[factory box]@alpha=0.05,M3a_box_robust,M3a_box_robust,entry,False,not_met,,,no value of the declared grid met the validation screen (candidate statuses: proven_infeasible); a grid without a solution is not a statement about the whole decision space,main_reference_plan_domain,cp_upper,,,,,False,9,5,0,,,,no scored grid candidate with a ration (not a whole-space statement),1024,frontier_no_feasible_solution_found_no_ration,0.0556640625,0.21484375,,,,
1,SD-12MO,0.05,SDH0_MAIN9,SD-H0,MAIN9,SDH0_MAIN9:M3b[factory box]@alpha=0.05,M3b_budget_robust,M3b_budget_robust,entry,False,not_met,,,"no value of the declared grid met the validation screen (candidate statuses: optimal, proven_infeasible); a grid without a solution is not a statement about the whole decision space",main_reference_plan_domain,cp_upper,,,,,False,9,35,6,0.1146,0.11997274278100001,"gamma=1 {""k_box"": 1.0}",minimum attainable main-event rate_upper over the declared grid (descriptive; its cost is not a comparable cost),1024,frontier_no_feasible_solution_found_no_ration,0.0556640625,0.21484375,,,,
1,SD-12MO,0.05,SDS2_MAIN9,SD-S2,MAIN9,SDS2_MAIN9:M0,M0_nominal,M0_nominal,entry,True,,,optimal,,main_reference_plan_domain,cp_upper,0.8037,0.8037,0.8102173889211403,False,False,9,1,1,0.8037,0.8102173889211403,,minimum attainable main-event rate_upper over the declared grid (descriptive; its cost is not a comparable cost),1024,optimal,0.0,0.0,0.0059,0.0059,0.007323129192957677,"diagnostic frontier point (training scenarios only); not a method, never a member"
1,SD-12MO,0.05,SDS2_MAIN9,SD-S2,MAIN9,"SDS2_MAIN9:M1[relative,apply_to_dm=False]@alpha=0.05",M1_safety_margin,M1_safety_margin[apply_to_dm=False],sensitivity_line,True,selected,k=0.075,optimal,,main_reference_plan_domain,cp_upper,0.0718,0.0718,0.07618935942387442,False,False,9,5,4,0.0718,0.07618935942387442,k=0.075,minimum attainable main-event rate_upper over the declared grid (descriptive; its cost is not a comparable cost),1024,optimal,0.0,0.0,0.0059,0.0059,0.007323129192957677,"diagnostic frontier point (training scenarios only); not a method, never a member"
1,SD-12MO,0.05,SDS2_MAIN9,SD-S2,MAIN9,"SDS2_MAIN9:M1[relative,apply_to_dm=True]@alpha=0.05",M1_safety_margin,M1_safety_margin[apply_to_dm=True],entry,False,not_met,,,"no value of the declared grid met the validation screen (candidate statuses: optimal, proven_infeasible); a grid without a solution is not a statement about the whole decision space",main_reference_plan_domain,cp_upper,,,,,False,9,5,2,0.3684,0.37641192036114346,k=0.025,minimum attainable main-event rate_upper over the declared grid (descriptive; its cost is not a comparable cost),1024,optimal,0.0,0.0,0.0059,0.0059,0.007323129192957677,"diagnostic frontier point (training scenarios only); not a method, never a member"
1,SD-12MO,0.05,SDS2_MAIN9,SD-S2,MAIN9,SDS2_MAIN9:M2[N=1024]@alpha=0.05,M2_joint_chance_saa,M2_joint_chance_saa[N=1024],entry,True,selected,alpha_train=0.025,feasible_time_limit,,main_reference_plan_domain,cp_upper,0.0265,0.0265,0.029296443443979348,True,True,9,4,4,0.012,0.013950635558311471,alpha_train=0.0125,minimum attainable main-event rate_upper over the declared grid (descriptive; its cost is not a comparable cost),1024,optimal,0.0,0.0,0.0059,0.0059,0.007323129192957677,"diagnostic frontier point (training scenarios only); not a method, never a member"
1,SD-12MO,0.05,SDS2_MAIN9,SD-S2,MAIN9,SDS2_MAIN9:M2[N=128]@alpha=0.05,M2_joint_chance_saa,M2_joint_chance_saa[N=128],entry,False,not_met,,,no value of the declared grid met the validation screen (candidate statuses: optimal); a grid without a solution is not a statement about the whole decision space,main_reference_plan_domain,cp_upper,,,,,False,9,4,4,0.0498,0.05352642738476749,alpha_train=0.0125,minimum attainable main-event rate_upper over the declared grid (descriptive; its cost is not a comparable cost),128,optimal,0.0,0.0,0.0423,0.0423,0.04576088205564487,"diagnostic frontier point (training scenarios only); not a method, never a member"
1,SD-12MO,0.05,SDS2_MAIN9,SD-S2,MAIN9,SDS2_MAIN9:M2[N=512]@alpha=0.05,M2_joint_chance_saa,M2_joint_chance_saa[N=512],entry,True,selected,alpha_train=0.025,optimal,,main_reference_plan_domain,cp_upper,0.0275,0.0275,0.030344154325820237,True,True,9,4,4,0.0197,0.022142466979503388,alpha_train=0.0125,minimum attainable main-event rate_upper over the declared grid (descriptive; its cost is not a comparable cost),512,optimal,0.0,0.0,0.0079,0.0079,0.009518068661312334,"diagnostic frontier point (training scenarios only); not a method, never a member"
1,SD-12MO,0.05,SDS2_MAIN9,SD-S2,MAIN9,SDS2_MAIN9:M3a[factory box]@alpha=0.05,M3a_box_robust,M3a_box_robust,entry,True,selected,k_box=1.5,optimal,,main_reference_plan_domain,cp_upper,0.0173,0.0173,0.019602164229733723,True,True,9,5,2,0.0173,0.019602164229733723,k_box=1.5,minimum attainable main-event rate_upper over the declared grid (descriptive; its cost is not a comparable cost),1024,optimal,0.0,0.0,0.0059,0.0059,0.007323129192957677,"diagnostic frontier point (training scenarios only); not a method, never a member"
1,SD-12MO,0.05,SDS2_MAIN9,SD-S2,MAIN9,"SDS2_MAIN9:M3b[factory box k=1.5, Gamma selected]@alpha=0.05",M3b_budget_robust,M3b_budget_robust,entry,True,selected,gamma=3,optimal,,main_reference_plan_domain,cp_upper,0.0289,0.0289,0.03180938660211424,True,True,9,35,24,0.0058,0.0072125627397637134,"gamma=3 {""k_box"": 2.0}",minimum attainable main-event rate_upper over the declared grid (descriptive; its cost is not a comparable cost),1024,optimal,0.0,0.0,0.0059,0.0059,0.007323129192957677,"diagnostic frontier point (training scenarios only); not a method, never a member"
1,SD-12MO,0.05,SDSRC12_MAIN9,SD-SRC12,MAIN9,SDSRC12_MAIN9:M0,M0_nominal,M0_nominal,entry,True,,,optimal,,main_reference_plan_domain,cp_upper,0.8037,0.8037,0.8102173889211403,False,False,9,1,1,0.8037,0.8102173889211403,,minimum attainable main-event rate_upper over the declared grid (descriptive; its cost is not a comparable cost),1024,frontier_no_feasible_solution_found_no_ration,0.0126953125,0.0380859375,,,,
1,SD-12MO,0.05,SDSRC12_MAIN9,SD-SRC12,MAIN9,"SDSRC12_MAIN9:M1[relative,apply_to_dm=False]@alpha=0.05",M1_safety_margin,M1_safety_margin[apply_to_dm=False],sensitivity_line,False,not_met,,,"no value of the declared grid met the validation screen (candidate statuses: optimal, proven_infeasible); a grid without a solution is not a statement about the whole decision space",main_reference_plan_domain,cp_upper,,,,,False,9,5,4,0.0718,0.07618935942387442,k=0.075,minimum attainable main-event rate_upper over the declared grid (descriptive; its cost is not a comparable cost),1024,frontier_no_feasible_solution_found_no_ration,0.0126953125,0.0380859375,,,,
1,SD-12MO,0.05,SDSRC12_MAIN9,SD-SRC12,MAIN9,"SDSRC12_MAIN9:M1[relative,apply_to_dm=True]@alpha=0.05",M1_safety_margin,M1_safety_margin[apply_to_dm=True],entry,False,not_met,,,"no value of the declared grid met the validation screen (candidate statuses: optimal, proven_infeasible); a grid without a solution is not a statement about the whole decision space",main_reference_plan_domain,cp_upper,,,,,False,9,5,2,0.3684,0.37641192036114346,k=0.025,minimum attainable main-event rate_upper over the declared grid (descriptive; its cost is not a comparable cost),1024,frontier_no_feasible_solution_found_no_ration,0.0126953125,0.0380859375,,,,
1,SD-12MO,0.05,SDSRC12_MAIN9,SD-SRC12,MAIN9,SDSRC12_MAIN9:M2[N=1024]@alpha=0.05,M2_joint_chance_saa,M2_joint_chance_saa[N=1024],entry,False,not_met,,,"no value of the declared grid met the validation screen (candidate statuses: feasible_time_limit, no_feasible_solution_found, proven_infeasible); a grid without a solution is not a statement about the whole decision space",main_reference_plan_domain,cp_upper,,,,,False,9,4,1,0.0008,0.0014430005782821718,alpha_train=0.05,minimum attainable main-event rate_upper over the declared grid (descriptive; its cost is not a comparable cost),1024,frontier_no_feasible_solution_found_no_ration,0.0126953125,0.0380859375,,,,
1,SD-12MO,0.05,SDSRC12_MAIN9,SD-SRC12,MAIN9,SDSRC12_MAIN9:M2[N=128]@alpha=0.05,M2_joint_chance_saa,M2_joint_chance_saa[N=128],entry,False,not_met,,,"no value of the declared grid met the validation screen (candidate statuses: optimal, proven_infeasible); a grid without a solution is not a statement about the whole decision space",main_reference_plan_domain,cp_upper,,,,,False,9,4,3,0.0005,0.0010510137186384818,alpha_train=0.05,minimum attainable main-event rate_upper over the declared grid (descriptive; its cost is not a comparable cost),128,optimal,0.0234375,0.0234375,0.0032,0.0032,0.004295884196653873,"diagnostic frontier point (training scenarios only); not a method, never a member"
1,SD-12MO,0.05,SDSRC12_MAIN9,SD-SRC12,MAIN9,SDSRC12_MAIN9:M2[N=512]@alpha=0.05,M2_joint_chance_saa,M2_joint_chance_saa[N=512],entry,False,not_met,,,"no value of the declared grid met the validation screen (candidate statuses: feasible_time_limit, proven_infeasible); a grid without a solution is not a statement about the whole decision space",main_reference_plan_domain,cp_upper,,,,,False,9,4,2,0.0013,0.0020660643831529055,alpha_train=0.0375,minimum attainable main-event rate_upper over the declared grid (descriptive; its cost is not a comparable cost),512,optimal,0.03125,0.03125,0.003,0.003,0.004066874992626077,"diagnostic frontier point (training scenarios only); not a method, never a member"
1,SD-12MO,0.05,SDSRC12_MAIN9,SD-SRC12,MAIN9,SDSRC12_MAIN9:M3a[factory box]@alpha=0.05,M3a_box_robust,M3a_box_robust,entry,False,not_met,,,no value of the declared grid met the validation screen (candidate statuses: proven_infeasible); a grid without a solution is not a statement about the whole decision space,main_reference_plan_domain,cp_upper,,,,,False,9,5,0,,,,no scored grid candidate with a ration (not a whole-space statement),1024,frontier_no_feasible_solution_found_no_ration,0.0126953125,0.0380859375,,,,
1,SD-12MO,0.05,SDSRC12_MAIN9,SD-SRC12,MAIN9,SDSRC12_MAIN9:M3b[factory box]@alpha=0.05,M3b_budget_robust,M3b_budget_robust,entry,False,not_met,,,"no value of the declared grid met the validation screen (candidate statuses: optimal, proven_infeasible); a grid without a solution is not a statement about the whole decision space",main_reference_plan_domain,cp_upper,,,,,False,9,35,10,0.0037,0.0048647055939070516,"gamma=1 {""k_box"": 2.0}",minimum attainable main-event rate_upper over the declared grid (descriptive; its cost is not a comparable cost),1024,frontier_no_feasible_solution_found_no_ration,0.0126953125,0.0380859375,,,,
1,SD-12MO,0.05,SDSRC14_MAIN9,SD-SRC14,MAIN9,SDSRC14_MAIN9:M0,M0_nominal,M0_nominal,entry,True,,,optimal,,main_reference_plan_domain,cp_upper,0.8037,0.8037,0.8102173889211403,False,False,9,1,1,0.8037,0.8102173889211403,,minimum attainable main-event rate_upper over the declared grid (descriptive; its cost is not a comparable cost),1024,optimal,0.0,0.0,0.0061,0.0061,0.007543994794539046,"diagnostic frontier point (training scenarios only); not a method, never a member"
1,SD-12MO,0.05,SDSRC14_MAIN9,SD-SRC14,MAIN9,"SDSRC14_MAIN9:M1[relative,apply_to_dm=False]@alpha=0.05",M1_safety_margin,M1_safety_margin[apply_to_dm=False],sensitivity_line,False,not_met,,,"no value of the declared grid met the validation screen (candidate statuses: optimal, proven_infeasible); a grid without a solution is not a statement about the whole decision space",main_reference_plan_domain,cp_upper,,,,,False,9,5,4,0.0718,0.07618935942387442,k=0.075,minimum attainable main-event rate_upper over the declared grid (descriptive; its cost is not a comparable cost),1024,optimal,0.0,0.0,0.0061,0.0061,0.007543994794539046,"diagnostic frontier point (training scenarios only); not a method, never a member"
1,SD-12MO,0.05,SDSRC14_MAIN9,SD-SRC14,MAIN9,"SDSRC14_MAIN9:M1[relative,apply_to_dm=True]@alpha=0.05",M1_safety_margin,M1_safety_margin[apply_to_dm=True],entry,False,not_met,,,"no value of the declared grid met the validation screen (candidate statuses: optimal, proven_infeasible); a grid without a solution is not a statement about the whole decision space",main_reference_plan_domain,cp_upper,,,,,False,9,5,2,0.3684,0.37641192036114346,k=0.025,minimum attainable main-event rate_upper over the declared grid (descriptive; its cost is not a comparable cost),1024,optimal,0.0,0.0,0.0061,0.0061,0.007543994794539046,"diagnostic frontier point (training scenarios only); not a method, never a member"
1,SD-12MO,0.05,SDSRC14_MAIN9,SD-SRC14,MAIN9,SDSRC14_MAIN9:M2[N=1024]@alpha=0.05,M2_joint_chance_saa,M2_joint_chance_saa[N=1024],entry,True,selected,alpha_train=0.025,feasible_time_limit,,main_reference_plan_domain,cp_upper,0.0074,0.0074,0.0089719337548342,True,True,9,4,4,0.0074,0.0089719337548342,alpha_train=0.025,minimum attainable main-event rate_upper over the declared grid (descriptive; its cost is not a comparable cost),1024,optimal,0.0,0.0,0.0061,0.0061,0.007543994794539046,"diagnostic frontier point (training scenarios only); not a method, never a member"
1,SD-12MO,0.05,SDSRC14_MAIN9,SD-SRC14,MAIN9,SDSRC14_MAIN9:M2[N=128]@alpha=0.05,M2_joint_chance_saa,M2_joint_chance_saa[N=128],entry,False,not_met,,,no value of the declared grid met the validation screen (candidate statuses: optimal); a grid without a solution is not a statement about the whole decision space,main_reference_plan_domain,cp_upper,,,,,False,9,4,4,0.005,0.006324499770793831,alpha_train=0.05,minimum attainable main-event rate_upper over the declared grid (descriptive; its cost is not a comparable cost),128,optimal,0.0,0.0,0.0065,0.0065,0.00798471527353767,"diagnostic frontier point (training scenarios only); not a method, never a member"
1,SD-12MO,0.05,SDSRC14_MAIN9,SD-SRC14,MAIN9,SDSRC14_MAIN9:M2[N=512]@alpha=0.05,M2_joint_chance_saa,M2_joint_chance_saa[N=512],entry,True,selected,alpha_train=0.0125,optimal,,main_reference_plan_domain,cp_upper,0.0038,0.0038,0.004977904077210066,True,True,9,4,4,0.0038,0.004977904077210066,alpha_train=0.0125,minimum attainable main-event rate_upper over the declared grid (descriptive; its cost is not a comparable cost),512,optimal,0.0,0.0,0.0082,0.0082,0.009845039083377432,"diagnostic frontier point (training scenarios only); not a method, never a member"
1,SD-12MO,0.05,SDSRC14_MAIN9,SD-SRC14,MAIN9,SDSRC14_MAIN9:M3a[factory box]@alpha=0.05,M3a_box_robust,M3a_box_robust,entry,False,not_met,,,"no value of the declared grid met the validation screen (candidate statuses: optimal, proven_infeasible); a grid without a solution is not a statement about the whole decision space",main_reference_plan_domain,cp_upper,,,,,False,9,5,1,0.0257,0.028457565598167627,k_box=1.0,minimum attainable main-event rate_upper over the declared grid (descriptive; its cost is not a comparable cost),1024,optimal,0.0,0.0,0.0061,0.0061,0.007543994794539046,"diagnostic frontier point (training scenarios only); not a method, never a member"
1,SD-12MO,0.05,SDSRC14_MAIN9,SD-SRC14,MAIN9,"SDSRC14_MAIN9:M3b[factory box k=1, Gamma selected]@alpha=0.05",M3b_budget_robust,M3b_budget_robust,entry,True,selected,gamma=5,optimal,,main_reference_plan_domain,cp_upper,0.0566,0.0566,0.06054755951171717,False,False,9,35,18,0.0042,0.0054290452673158756,"gamma=1 {""k_box"": 2.5}",minimum attainable main-event rate_upper over the declared grid (descriptive; its cost is not a comparable cost),1024,optimal,0.0,0.0,0.0061,0.0061,0.007543994794539046,"diagnostic frontier point (training scenarios only); not a method, never a member"
1,SD-12MO,0.1,SD12MO_MAIN9,SD-12MO,MAIN9,SD12MO_MAIN9:M0,M0_nominal,M0_nominal,entry,True,,,optimal,,main_reference_plan_domain,cp_upper,0.8037,0.8037,0.8102173889211403,False,False,17,1,1,0.8037,0.8102173889211403,,minimum attainable main-event rate_upper over the declared grid (descriptive; its cost is not a comparable cost),1024,optimal,0.0009765625,0.0009765625,0.0041,0.0041,0.005316495826732534,"diagnostic frontier point (training scenarios only); not a method, never a member"
1,SD-12MO,0.1,SD12MO_MAIN9,SD-12MO,MAIN9,"SD12MO_MAIN9:M1[relative,apply_to_dm=False]@alpha=0.1",M1_safety_margin,M1_safety_margin[apply_to_dm=False],sensitivity_line,True,selected,k=0.075,optimal,,main_reference_plan_domain,cp_upper,0.0718,0.0718,0.07618935942387442,True,False,17,5,4,0.0718,0.07618935942387442,k=0.075,minimum attainable main-event rate_upper over the declared grid (descriptive; its cost is not a comparable cost),1024,optimal,0.0009765625,0.0009765625,0.0041,0.0041,0.005316495826732534,"diagnostic frontier point (training scenarios only); not a method, never a member"
1,SD-12MO,0.1,SD12MO_MAIN9,SD-12MO,MAIN9,"SD12MO_MAIN9:M1[relative,apply_to_dm=True]@alpha=0.1",M1_safety_margin,M1_safety_margin[apply_to_dm=True],entry,False,not_met,,,"no value of the declared grid met the validation screen (candidate statuses: optimal, proven_infeasible); a grid without a solution is not a statement about the whole decision space",main_reference_plan_domain,cp_upper,,,,,False,17,5,2,0.3684,0.37641192036114346,k=0.025,minimum attainable main-event rate_upper over the declared grid (descriptive; its cost is not a comparable cost),1024,optimal,0.0009765625,0.0009765625,0.0041,0.0041,0.005316495826732534,"diagnostic frontier point (training scenarios only); not a method, never a member"
1,SD-12MO,0.1,SD12MO_MAIN9,SD-12MO,MAIN9,SD12MO_MAIN9:M2[N=1024]@alpha=0.1,M2_joint_chance_saa,M2_joint_chance_saa[N=1024],entry,True,selected,alpha_train=0.075,feasible_time_limit,,main_reference_plan_domain,cp_upper,0.0528,0.0528,0.056626064515563415,True,True,17,4,4,0.0223,0.024884559877903285,alpha_train=0.025,minimum attainable main-event rate_upper over the declared grid (descriptive; its cost is not a comparable cost),1024,optimal,0.0009765625,0.0009765625,0.0041,0.0041,0.005316495826732534,"diagnostic frontier point (training scenarios only); not a method, never a member"
1,SD-12MO,0.1,SD12MO_MAIN9,SD-12MO,MAIN9,SD12MO_MAIN9:M2[N=128]@alpha=0.1,M2_joint_chance_saa,M2_joint_chance_saa[N=128],entry,True,selected,alpha_train=0.025,optimal,,main_reference_plan_domain,cp_upper,0.0524,0.0524,0.05621297634654845,True,True,17,4,4,0.0524,0.05621297634654845,alpha_train=0.025,minimum attainable main-event rate_upper over the declared grid (descriptive; its cost is not a comparable cost),128,optimal,0.0,0.0,0.0359,0.0359,0.0391120107421971,"diagnostic frontier point (training scenarios only); not a method, never a member"
1,SD-12MO,0.1,SD12MO_MAIN9,SD-12MO,MAIN9,SD12MO_MAIN9:M2[N=512]@alpha=0.1,M2_joint_chance_saa,M2_joint_chance_saa[N=512],entry,True,selected,alpha_train=0.05,optimal,,main_reference_plan_domain,cp_upper,0.0463,0.0463,0.049905622903108425,True,True,17,4,4,0.0278,0.03065828268938303,alpha_train=0.025,minimum attainable main-event rate_upper over the declared grid (descriptive; its cost is not a comparable cost),512,optimal,0.0,0.0,0.006,0.006,0.007433605812518839,"diagnostic frontier point (training scenarios only); not a method, never a member"
1,SD-12MO,0.1,SD12MO_MAIN9,SD-12MO,MAIN9,SD12MO_MAIN9:M3a[factory box]@alpha=0.1,M3a_box_robust,M3a_box_robust,entry,False,not_met,,,"no value of the declared grid met the validation screen (candidate statuses: optimal, proven_infeasible); a grid without a solution is not a statement about the whole decision space",main_reference_plan_domain,cp_upper,,,,,False,17,5,1,0.2046,0.21134877023864015,k_box=1.0,minimum attainable main-event rate_upper over the declared grid (descriptive; its cost is not a comparable cost),1024,optimal,0.0009765625,0.0009765625,0.0041,0.0041,0.005316495826732534,"diagnostic frontier point (training scenarios only); not a method, never a member"
1,SD-12MO,0.1,SD12MO_MAIN9,SD-12MO,MAIN9,"SD12MO_MAIN9:M3b[factory box k=1.5, Gamma selected]@alpha=0.1",M3b_budget_robust,M3b_budget_robust,entry,True,selected,gamma=2,optimal,,main_reference_plan_domain,cp_upper,0.0581,0.0581,0.06209416937476537,True,True,17,35,17,0.0105,0.012336963909157018,"gamma=1 {""k_box"": 3.0}",minimum attainable main-event rate_upper over the declared grid (descriptive; its cost is not a comparable cost),1024,optimal,0.0009765625,0.0009765625,0.0041,0.0041,0.005316495826732534,"diagnostic frontier point (training scenarios only); not a method, never a member"
1,SD-12MO,0.1,SDH0_MAIN9,SD-H0,MAIN9,SDH0_MAIN9:M0,M0_nominal,M0_nominal,entry,True,,,optimal,,main_reference_plan_domain,cp_upper,0.8037,0.8037,0.8102173889211403,False,False,17,1,1,0.8037,0.8102173889211403,,minimum attainable main-event rate_upper over the declared grid (descriptive; its cost is not a comparable cost),1024,frontier_no_feasible_solution_found_no_ration,0.0556640625,0.21484375,,,,
1,SD-12MO,0.1,SDH0_MAIN9,SD-H0,MAIN9,"SDH0_MAIN9:M1[relative,apply_to_dm=False]@alpha=0.1",M1_safety_margin,M1_safety_margin[apply_to_dm=False],sensitivity_line,False,not_met,,,"no value of the declared grid met the validation screen (candidate statuses: optimal, proven_infeasible); a grid without a solution is not a statement about the whole decision space",main_reference_plan_domain,cp_upper,,,,,False,17,5,4,0.0718,0.07618935942387442,k=0.075,minimum attainable main-event rate_upper over the declared grid (descriptive; its cost is not a comparable cost),1024,frontier_no_feasible_solution_found_no_ration,0.0556640625,0.21484375,,,,
1,SD-12MO,0.1,SDH0_MAIN9,SD-H0,MAIN9,"SDH0_MAIN9:M1[relative,apply_to_dm=True]@alpha=0.1",M1_safety_margin,M1_safety_margin[apply_to_dm=True],entry,False,not_met,,,"no value of the declared grid met the validation screen (candidate statuses: optimal, proven_infeasible); a grid without a solution is not a statement about the whole decision space",main_reference_plan_domain,cp_upper,,,,,False,17,5,2,0.3684,0.37641192036114346,k=0.025,minimum attainable main-event rate_upper over the declared grid (descriptive; its cost is not a comparable cost),1024,frontier_no_feasible_solution_found_no_ration,0.0556640625,0.21484375,,,,
1,SD-12MO,0.1,SDH0_MAIN9,SD-H0,MAIN9,SDH0_MAIN9:M2[N=1024]@alpha=0.1,M2_joint_chance_saa,M2_joint_chance_saa[N=1024],entry,False,not_met,,,"SAA over the N training scenarios proven infeasible for every alpha_train of the declared grid (training scenarios only; not a population, field or whole-space statement)",main_reference_plan_domain,cp_upper,,,,,False,17,4,0,,,,no scored grid candidate with a ration (not a whole-space statement),1024,frontier_no_feasible_solution_found_no_ration,0.0556640625,0.21484375,,,,
1,SD-12MO,0.1,SDH0_MAIN9,SD-H0,MAIN9,SDH0_MAIN9:M2[N=128]@alpha=0.1,M2_joint_chance_saa,M2_joint_chance_saa[N=128],entry,False,not_met,,,"SAA over the N training scenarios proven infeasible for every alpha_train of the declared grid (training scenarios only; not a population, field or whole-space statement)",main_reference_plan_domain,cp_upper,,,,,False,17,4,0,,,,no scored grid candidate with a ration (not a whole-space statement),128,optimal,0.171875,0.2109375,0.0015,0.0015,0.002308777804199719,"diagnostic frontier point (training scenarios only); not a method, never a member"
1,SD-12MO,0.1,SDH0_MAIN9,SD-H0,MAIN9,SDH0_MAIN9:M2[N=512]@alpha=0.1,M2_joint_chance_saa,M2_joint_chance_saa[N=512],entry,False,not_met,,,"SAA over the N training scenarios proven infeasible for every alpha_train of the declared grid (training scenarios only; not a population, field or whole-space statement)",main_reference_plan_domain,cp_upper,,,,,False,17,4,0,,,,no scored grid candidate with a ration (not a whole-space statement),512,frontier_no_feasible_solution_found_no_ration,0.06640625,0.189453125,,,,
1,SD-12MO,0.1,SDH0_MAIN9,SD-H0,MAIN9,SDH0_MAIN9:M3a[factory box]@alpha=0.1,M3a_box_robust,M3a_box_robust,entry,False,not_met,,,no value of the declared grid met the validation screen (candidate statuses: proven_infeasible); a grid without a solution is not a statement about the whole decision space,main_reference_plan_domain,cp_upper,,,,,False,17,5,0,,,,no scored grid candidate with a ration (not a whole-space statement),1024,frontier_no_feasible_solution_found_no_ration,0.0556640625,0.21484375,,,,
1,SD-12MO,0.1,SDH0_MAIN9,SD-H0,MAIN9,SDH0_MAIN9:M3b[factory box]@alpha=0.1,M3b_budget_robust,M3b_budget_robust,entry,False,not_met,,,"no value of the declared grid met the validation screen (candidate statuses: optimal, proven_infeasible); a grid without a solution is not a statement about the whole decision space",main_reference_plan_domain,cp_upper,,,,,False,17,35,6,0.1146,0.11997274278100001,"gamma=1 {""k_box"": 1.0}",minimum attainable main-event rate_upper over the declared grid (descriptive; its cost is not a comparable cost),1024,frontier_no_feasible_solution_found_no_ration,0.0556640625,0.21484375,,,,
1,SD-12MO,0.1,SDS2_MAIN9,SD-S2,MAIN9,SDS2_MAIN9:M0,M0_nominal,M0_nominal,entry,True,,,optimal,,main_reference_plan_domain,cp_upper,0.8037,0.8037,0.8102173889211403,False,False,17,1,1,0.8037,0.8102173889211403,,minimum attainable main-event rate_upper over the declared grid (descriptive; its cost is not a comparable cost),1024,optimal,0.0,0.0,0.0059,0.0059,0.007323129192957677,"diagnostic frontier point (training scenarios only); not a method, never a member"
1,SD-12MO,0.1,SDS2_MAIN9,SD-S2,MAIN9,"SDS2_MAIN9:M1[relative,apply_to_dm=False]@alpha=0.1",M1_safety_margin,M1_safety_margin[apply_to_dm=False],sensitivity_line,True,selected,k=0.075,optimal,,main_reference_plan_domain,cp_upper,0.0718,0.0718,0.07618935942387442,True,False,17,5,4,0.0718,0.07618935942387442,k=0.075,minimum attainable main-event rate_upper over the declared grid (descriptive; its cost is not a comparable cost),1024,optimal,0.0,0.0,0.0059,0.0059,0.007323129192957677,"diagnostic frontier point (training scenarios only); not a method, never a member"
1,SD-12MO,0.1,SDS2_MAIN9,SD-S2,MAIN9,"SDS2_MAIN9:M1[relative,apply_to_dm=True]@alpha=0.1",M1_safety_margin,M1_safety_margin[apply_to_dm=True],entry,False,not_met,,,"no value of the declared grid met the validation screen (candidate statuses: optimal, proven_infeasible); a grid without a solution is not a statement about the whole decision space",main_reference_plan_domain,cp_upper,,,,,False,17,5,2,0.3684,0.37641192036114346,k=0.025,minimum attainable main-event rate_upper over the declared grid (descriptive; its cost is not a comparable cost),1024,optimal,0.0,0.0,0.0059,0.0059,0.007323129192957677,"diagnostic frontier point (training scenarios only); not a method, never a member"
1,SD-12MO,0.1,SDS2_MAIN9,SD-S2,MAIN9,SDS2_MAIN9:M2[N=1024]@alpha=0.1,M2_joint_chance_saa,M2_joint_chance_saa[N=1024],entry,True,selected,alpha_train=0.075,feasible_time_limit,,main_reference_plan_domain,cp_upper,0.0555,0.0555,0.05941290482351136,True,True,17,4,4,0.024,0.026672714897028032,alpha_train=0.025,minimum attainable main-event rate_upper over the declared grid (descriptive; its cost is not a comparable cost),1024,optimal,0.0,0.0,0.0059,0.0059,0.007323129192957677,"diagnostic frontier point (training scenarios only); not a method, never a member"
1,SD-12MO,0.1,SDS2_MAIN9,SD-S2,MAIN9,SDS2_MAIN9:M2[N=128]@alpha=0.1,M2_joint_chance_saa,M2_joint_chance_saa[N=128],entry,True,selected,alpha_train=0.025,optimal,,main_reference_plan_domain,cp_upper,0.0554,0.0554,0.0593097340532131,True,True,17,4,4,0.0554,0.0593097340532131,alpha_train=0.025,minimum attainable main-event rate_upper over the declared grid (descriptive; its cost is not a comparable cost),128,optimal,0.0,0.0,0.0423,0.0423,0.04576088205564487,"diagnostic frontier point (training scenarios only); not a method, never a member"
1,SD-12MO,0.1,SDS2_MAIN9,SD-S2,MAIN9,SDS2_MAIN9:M2[N=512]@alpha=0.1,M2_joint_chance_saa,M2_joint_chance_saa[N=512],entry,True,selected,alpha_train=0.075,feasible_time_limit,,main_reference_plan_domain,cp_upper,0.0583,0.0583,0.06230032894261818,True,True,17,4,4,0.0275,0.030344154325820237,alpha_train=0.025,minimum attainable main-event rate_upper over the declared grid (descriptive; its cost is not a comparable cost),512,optimal,0.0,0.0,0.0079,0.0079,0.009518068661312334,"diagnostic frontier point (training scenarios only); not a method, never a member"
1,SD-12MO,0.1,SDS2_MAIN9,SD-S2,MAIN9,SDS2_MAIN9:M3a[factory box]@alpha=0.1,M3a_box_robust,M3a_box_robust,entry,True,selected,k_box=1.5,optimal,,main_reference_plan_domain,cp_upper,0.0173,0.0173,0.019602164229733723,True,True,17,5,2,0.0173,0.019602164229733723,k_box=1.5,minimum attainable main-event rate_upper over the declared grid (descriptive; its cost is not a comparable cost),1024,optimal,0.0,0.0,0.0059,0.0059,0.007323129192957677,"diagnostic frontier point (training scenarios only); not a method, never a member"
1,SD-12MO,0.1,SDS2_MAIN9,SD-S2,MAIN9,"SDS2_MAIN9:M3b[factory box k=1.5, Gamma selected]@alpha=0.1",M3b_budget_robust,M3b_budget_robust,entry,True,selected,gamma=2,optimal,,main_reference_plan_domain,cp_upper,0.0681,0.0681,0.07238760808261205,True,True,17,35,24,0.0058,0.0072125627397637134,"gamma=3 {""k_box"": 2.0}",minimum attainable main-event rate_upper over the declared grid (descriptive; its cost is not a comparable cost),1024,optimal,0.0,0.0,0.0059,0.0059,0.007323129192957677,"diagnostic frontier point (training scenarios only); not a method, never a member"
1,SD-12MO,0.1,SDSRC12_MAIN9,SD-SRC12,MAIN9,SDSRC12_MAIN9:M0,M0_nominal,M0_nominal,entry,True,,,optimal,,main_reference_plan_domain,cp_upper,0.8037,0.8037,0.8102173889211403,False,False,17,1,1,0.8037,0.8102173889211403,,minimum attainable main-event rate_upper over the declared grid (descriptive; its cost is not a comparable cost),1024,frontier_no_feasible_solution_found_no_ration,0.0126953125,0.0380859375,,,,
1,SD-12MO,0.1,SDSRC12_MAIN9,SD-SRC12,MAIN9,"SDSRC12_MAIN9:M1[relative,apply_to_dm=False]@alpha=0.1",M1_safety_margin,M1_safety_margin[apply_to_dm=False],sensitivity_line,False,not_met,,,"no value of the declared grid met the validation screen (candidate statuses: optimal, proven_infeasible); a grid without a solution is not a statement about the whole decision space",main_reference_plan_domain,cp_upper,,,,,False,17,5,4,0.0718,0.07618935942387442,k=0.075,minimum attainable main-event rate_upper over the declared grid (descriptive; its cost is not a comparable cost),1024,frontier_no_feasible_solution_found_no_ration,0.0126953125,0.0380859375,,,,
1,SD-12MO,0.1,SDSRC12_MAIN9,SD-SRC12,MAIN9,"SDSRC12_MAIN9:M1[relative,apply_to_dm=True]@alpha=0.1",M1_safety_margin,M1_safety_margin[apply_to_dm=True],entry,False,not_met,,,"no value of the declared grid met the validation screen (candidate statuses: optimal, proven_infeasible); a grid without a solution is not a statement about the whole decision space",main_reference_plan_domain,cp_upper,,,,,False,17,5,2,0.3684,0.37641192036114346,k=0.025,minimum attainable main-event rate_upper over the declared grid (descriptive; its cost is not a comparable cost),1024,frontier_no_feasible_solution_found_no_ration,0.0126953125,0.0380859375,,,,
1,SD-12MO,0.1,SDSRC12_MAIN9,SD-SRC12,MAIN9,SDSRC12_MAIN9:M2[N=1024]@alpha=0.1,M2_joint_chance_saa,M2_joint_chance_saa[N=1024],entry,True,selected,alpha_train=0.1,feasible_time_limit,,main_reference_plan_domain,cp_upper,0.0028,0.0028,0.0038368954483227035,True,True,17,4,2,0.0008,0.0014430005782821718,alpha_train=0.05,minimum attainable main-event rate_upper over the declared grid (descriptive; its cost is not a comparable cost),1024,frontier_no_feasible_solution_found_no_ration,0.0126953125,0.0380859375,,,,
1,SD-12MO,0.1,SDSRC12_MAIN9,SD-SRC12,MAIN9,SDSRC12_MAIN9:M2[N=128]@alpha=0.1,M2_joint_chance_saa,M2_joint_chance_saa[N=128],entry,True,selected,alpha_train=0.05,optimal,,main_reference_plan_domain,cp_upper,0.0005,0.0005,0.0010510137186384818,True,True,17,4,4,0.0005,0.0010510137186384818,alpha_train=0.075,minimum attainable main-event rate_upper over the declared grid (descriptive; its cost is not a comparable cost),128,optimal,0.0234375,0.0234375,0.0032,0.0032,0.004295884196653873,"diagnostic frontier point (training scenarios only); not a method, never a member"
1,SD-12MO,0.1,SDSRC12_MAIN9,SD-SRC12,MAIN9,SDSRC12_MAIN9:M2[N=512]@alpha=0.1,M2_joint_chance_saa,M2_joint_chance_saa[N=512],entry,True,selected,alpha_train=0.075,feasible_time_limit,,main_reference_plan_domain,cp_upper,0.0013,0.0013,0.0020660643831529055,True,True,17,4,3,0.0005,0.0010510137186384818,alpha_train=0.1,minimum attainable main-event rate_upper over the declared grid (descriptive; its cost is not a comparable cost),512,optimal,0.03125,0.03125,0.003,0.003,0.004066874992626077,"diagnostic frontier point (training scenarios only); not a method, never a member"
1,SD-12MO,0.1,SDSRC12_MAIN9,SD-SRC12,MAIN9,SDSRC12_MAIN9:M3a[factory box]@alpha=0.1,M3a_box_robust,M3a_box_robust,entry,False,not_met,,,no value of the declared grid met the validation screen (candidate statuses: proven_infeasible); a grid without a solution is not a statement about the whole decision space,main_reference_plan_domain,cp_upper,,,,,False,17,5,0,,,,no scored grid candidate with a ration (not a whole-space statement),1024,frontier_no_feasible_solution_found_no_ration,0.0126953125,0.0380859375,,,,
1,SD-12MO,0.1,SDSRC12_MAIN9,SD-SRC12,MAIN9,SDSRC12_MAIN9:M3b[factory box]@alpha=0.1,M3b_budget_robust,M3b_budget_robust,entry,False,not_met,,,"no value of the declared grid met the validation screen (candidate statuses: optimal, proven_infeasible); a grid without a solution is not a statement about the whole decision space",main_reference_plan_domain,cp_upper,,,,,False,17,35,10,0.0037,0.0048647055939070516,"gamma=1 {""k_box"": 2.0}",minimum attainable main-event rate_upper over the declared grid (descriptive; its cost is not a comparable cost),1024,frontier_no_feasible_solution_found_no_ration,0.0126953125,0.0380859375,,,,
1,SD-12MO,0.1,SDSRC14_MAIN9,SD-SRC14,MAIN9,SDSRC14_MAIN9:M0,M0_nominal,M0_nominal,entry,True,,,optimal,,main_reference_plan_domain,cp_upper,0.8037,0.8037,0.8102173889211403,False,False,17,1,1,0.8037,0.8102173889211403,,minimum attainable main-event rate_upper over the declared grid (descriptive; its cost is not a comparable cost),1024,optimal,0.0,0.0,0.0061,0.0061,0.007543994794539046,"diagnostic frontier point (training scenarios only); not a method, never a member"
1,SD-12MO,0.1,SDSRC14_MAIN9,SD-SRC14,MAIN9,"SDSRC14_MAIN9:M1[relative,apply_to_dm=False]@alpha=0.1",M1_safety_margin,M1_safety_margin[apply_to_dm=False],sensitivity_line,False,not_met,,,"no value of the declared grid met the validation screen (candidate statuses: optimal, proven_infeasible); a grid without a solution is not a statement about the whole decision space",main_reference_plan_domain,cp_upper,,,,,False,17,5,4,0.0718,0.07618935942387442,k=0.075,minimum attainable main-event rate_upper over the declared grid (descriptive; its cost is not a comparable cost),1024,optimal,0.0,0.0,0.0061,0.0061,0.007543994794539046,"diagnostic frontier point (training scenarios only); not a method, never a member"
1,SD-12MO,0.1,SDSRC14_MAIN9,SD-SRC14,MAIN9,"SDSRC14_MAIN9:M1[relative,apply_to_dm=True]@alpha=0.1",M1_safety_margin,M1_safety_margin[apply_to_dm=True],entry,False,not_met,,,"no value of the declared grid met the validation screen (candidate statuses: optimal, proven_infeasible); a grid without a solution is not a statement about the whole decision space",main_reference_plan_domain,cp_upper,,,,,False,17,5,2,0.3684,0.37641192036114346,k=0.025,minimum attainable main-event rate_upper over the declared grid (descriptive; its cost is not a comparable cost),1024,optimal,0.0,0.0,0.0061,0.0061,0.007543994794539046,"diagnostic frontier point (training scenarios only); not a method, never a member"
1,SD-12MO,0.1,SDSRC14_MAIN9,SD-SRC14,MAIN9,SDSRC14_MAIN9:M2[N=1024]@alpha=0.1,M2_joint_chance_saa,M2_joint_chance_saa[N=1024],entry,True,selected,alpha_train=0.05,feasible_time_limit,,main_reference_plan_domain,cp_upper,0.0085,0.0085,0.010171511564727544,True,True,17,4,4,0.0041,0.005316495826732534,alpha_train=0.1,minimum attainable main-event rate_upper over the declared grid (descriptive; its cost is not a comparable cost),1024,optimal,0.0,0.0,0.0061,0.0061,0.007543994794539046,"diagnostic frontier point (training scenarios only); not a method, never a member"
1,SD-12MO,0.1,SDSRC14_MAIN9,SD-SRC14,MAIN9,SDSRC14_MAIN9:M2[N=128]@alpha=0.1,M2_joint_chance_saa,M2_joint_chance_saa[N=128],entry,True,selected,alpha_train=0.05,optimal,,main_reference_plan_domain,cp_upper,0.005,0.005,0.006324499770793831,True,True,17,4,4,0.0007,0.0013144072195026937,alpha_train=0.1,minimum attainable main-event rate_upper over the declared grid (descriptive; its cost is not a comparable cost),128,optimal,0.0,0.0,0.0065,0.0065,0.00798471527353767,"diagnostic frontier point (training scenarios only); not a method, never a member"
1,SD-12MO,0.1,SDSRC14_MAIN9,SD-SRC14,MAIN9,SDSRC14_MAIN9:M2[N=512]@alpha=0.1,M2_joint_chance_saa,M2_joint_chance_saa[N=512],entry,True,selected,alpha_train=0.075,feasible_time_limit,,main_reference_plan_domain,cp_upper,0.0074,0.0074,0.0089719337548342,True,True,17,4,4,0.0056,0.00699115107361816,alpha_train=0.1,minimum attainable main-event rate_upper over the declared grid (descriptive; its cost is not a comparable cost),512,optimal,0.0,0.0,0.0082,0.0082,0.009845039083377432,"diagnostic frontier point (training scenarios only); not a method, never a member"
1,SD-12MO,0.1,SDSRC14_MAIN9,SD-SRC14,MAIN9,SDSRC14_MAIN9:M3a[factory box]@alpha=0.1,M3a_box_robust,M3a_box_robust,entry,True,selected,k_box=1.0,optimal,,main_reference_plan_domain,cp_upper,0.0257,0.0257,0.028457565598167627,True,True,17,5,1,0.0257,0.028457565598167627,k_box=1.0,minimum attainable main-event rate_upper over the declared grid (descriptive; its cost is not a comparable cost),1024,optimal,0.0,0.0,0.0061,0.0061,0.007543994794539046,"diagnostic frontier point (training scenarios only); not a method, never a member"
1,SD-12MO,0.1,SDSRC14_MAIN9,SD-SRC14,MAIN9,"SDSRC14_MAIN9:M3b[factory box k=1, Gamma selected]@alpha=0.1",M3b_budget_robust,M3b_budget_robust,entry,True,selected,gamma=4,optimal,,main_reference_plan_domain,cp_upper,0.0205,0.0205,0.022987199797750164,True,True,17,35,18,0.0042,0.0054290452673158756,"gamma=1 {""k_box"": 2.5}",minimum attainable main-event rate_upper over the declared grid (descriptive; its cost is not a comparable cost),1024,optimal,0.0,0.0,0.0061,0.0061,0.007543994794539046,"diagnostic frontier point (training scenarios only); not a method, never a member"
1,SD-12MO,0.01,SD12MO_MAIN9,SD-12MO,MAIN9,SD12MO_MAIN9:M0,M0_nominal,M0_nominal,entry,True,,,optimal,,main_reference_plan_domain,cp_upper,0.8037,0.8037,0.8102173889211403,False,False,2,1,1,0.8037,0.8102173889211403,,minimum attainable main-event rate_upper over the declared grid (descriptive; its cost is not a comparable cost),1024,optimal,0.0009765625,0.0009765625,0.0041,0.0041,0.005316495826732534,"diagnostic frontier point (training scenarios only); not a method, never a member"
1,SD-12MO,0.01,SD12MO_MAIN9,SD-12MO,MAIN9,"SD12MO_MAIN9:M1[relative,apply_to_dm=False]@alpha=0.01",M1_safety_margin,M1_safety_margin[apply_to_dm=False],sensitivity_line,False,not_met,,,"no value of the declared grid met the validation screen (candidate statuses: optimal, proven_infeasible); a grid without a solution is not a statement about the whole decision space",main_reference_plan_domain,cp_upper,,,,,False,2,5,4,0.0718,0.07618935942387442,k=0.075,minimum attainable main-event rate_upper over the declared grid (descriptive; its cost is not a comparable cost),1024,optimal,0.0009765625,0.0009765625,0.0041,0.0041,0.005316495826732534,"diagnostic frontier point (training scenarios only); not a method, never a member"
1,SD-12MO,0.01,SD12MO_MAIN9,SD-12MO,MAIN9,"SD12MO_MAIN9:M1[relative,apply_to_dm=True]@alpha=0.01",M1_safety_margin,M1_safety_margin[apply_to_dm=True],entry,False,not_met,,,"no value of the declared grid met the validation screen (candidate statuses: optimal, proven_infeasible); a grid without a solution is not a statement about the whole decision space",main_reference_plan_domain,cp_upper,,,,,False,2,5,2,0.3684,0.37641192036114346,k=0.025,minimum attainable main-event rate_upper over the declared grid (descriptive; its cost is not a comparable cost),1024,optimal,0.0009765625,0.0009765625,0.0041,0.0041,0.005316495826732534,"diagnostic frontier point (training scenarios only); not a method, never a member"
1,SD-12MO,0.01,SD12MO_MAIN9,SD-12MO,MAIN9,SD12MO_MAIN9:M2[N=1024]@alpha=0.01,M2_joint_chance_saa,M2_joint_chance_saa[N=1024],entry,True,selected,alpha_train=0.0025,optimal,,main_reference_plan_domain,cp_upper,0.005,0.005,0.006324499770793831,True,True,2,4,4,0.0046,0.005877811185041439,alpha_train=0.0075,minimum attainable main-event rate_upper over the declared grid (descriptive; its cost is not a comparable cost),1024,optimal,0.0009765625,0.0009765625,0.0041,0.0041,0.005316495826732534,"diagnostic frontier point (training scenarios only); not a method, never a member"
1,SD-12MO,0.01,SD12MO_MAIN9,SD-12MO,MAIN9,SD12MO_MAIN9:M2[N=128]@alpha=0.01,M2_joint_chance_saa,M2_joint_chance_saa[N=128],entry,False,not_met,,,no value of the declared grid met the validation screen (candidate statuses: optimal); a grid without a solution is not a statement about the whole decision space,main_reference_plan_domain,cp_upper,,,,,False,2,4,4,0.0359,0.0391120107421971,alpha_train=0.0075,minimum attainable main-event rate_upper over the declared grid (descriptive; its cost is not a comparable cost),128,optimal,0.0,0.0,0.0359,0.0359,0.0391120107421971,"diagnostic frontier point (training scenarios only); not a method, never a member"
1,SD-12MO,0.01,SD12MO_MAIN9,SD-12MO,MAIN9,SD12MO_MAIN9:M2[N=512]@alpha=0.01,M2_joint_chance_saa,M2_joint_chance_saa[N=512],entry,False,not_met,,,no value of the declared grid met the validation screen (candidate statuses: optimal); a grid without a solution is not a statement about the whole decision space,main_reference_plan_domain,cp_upper,,,,,False,2,4,4,0.0062,0.007654298246644336,alpha_train=0.0075,minimum attainable main-event rate_upper over the declared grid (descriptive; its cost is not a comparable cost),512,optimal,0.0,0.0,0.006,0.006,0.007433605812518839,"diagnostic frontier point (training scenarios only); not a method, never a member"
1,SD-12MO,0.01,SD12MO_MAIN9,SD-12MO,MAIN9,SD12MO_MAIN9:M3a[factory box]@alpha=0.01,M3a_box_robust,M3a_box_robust,entry,False,not_met,,,"no value of the declared grid met the validation screen (candidate statuses: optimal, proven_infeasible); a grid without a solution is not a statement about the whole decision space",main_reference_plan_domain,cp_upper,,,,,False,2,5,1,0.2046,0.21134877023864015,k_box=1.0,minimum attainable main-event rate_upper over the declared grid (descriptive; its cost is not a comparable cost),1024,optimal,0.0009765625,0.0009765625,0.0041,0.0041,0.005316495826732534,"diagnostic frontier point (training scenarios only); not a method, never a member"
1,SD-12MO,0.01,SD12MO_MAIN9,SD-12MO,MAIN9,SD12MO_MAIN9:M3b[factory box]@alpha=0.01,M3b_budget_robust,M3b_budget_robust,entry,False,not_met,,,no value of the declared grid met the validation screen (candidate statuses: optimal); a grid without a solution is not a statement about the whole decision space,main_reference_plan_domain,cp_upper,,,,,False,2,35,17,0.0105,0.012336963909157018,"gamma=1 {""k_box"": 3.0}",minimum attainable main-event rate_upper over the declared grid (descriptive; its cost is not a comparable cost),1024,optimal,0.0009765625,0.0009765625,0.0041,0.0041,0.005316495826732534,"diagnostic frontier point (training scenarios only); not a method, never a member"
1,SD-12MO,0.01,SDH0_MAIN9,SD-H0,MAIN9,SDH0_MAIN9:M0,M0_nominal,M0_nominal,entry,True,,,optimal,,main_reference_plan_domain,cp_upper,0.8037,0.8037,0.8102173889211403,False,False,2,1,1,0.8037,0.8102173889211403,,minimum attainable main-event rate_upper over the declared grid (descriptive; its cost is not a comparable cost),1024,frontier_no_feasible_solution_found_no_ration,0.0556640625,0.21484375,,,,
1,SD-12MO,0.01,SDH0_MAIN9,SD-H0,MAIN9,"SDH0_MAIN9:M1[relative,apply_to_dm=False]@alpha=0.01",M1_safety_margin,M1_safety_margin[apply_to_dm=False],sensitivity_line,False,not_met,,,"no value of the declared grid met the validation screen (candidate statuses: optimal, proven_infeasible); a grid without a solution is not a statement about the whole decision space",main_reference_plan_domain,cp_upper,,,,,False,2,5,4,0.0718,0.07618935942387442,k=0.075,minimum attainable main-event rate_upper over the declared grid (descriptive; its cost is not a comparable cost),1024,frontier_no_feasible_solution_found_no_ration,0.0556640625,0.21484375,,,,
1,SD-12MO,0.01,SDH0_MAIN9,SD-H0,MAIN9,"SDH0_MAIN9:M1[relative,apply_to_dm=True]@alpha=0.01",M1_safety_margin,M1_safety_margin[apply_to_dm=True],entry,False,not_met,,,"no value of the declared grid met the validation screen (candidate statuses: optimal, proven_infeasible); a grid without a solution is not a statement about the whole decision space",main_reference_plan_domain,cp_upper,,,,,False,2,5,2,0.3684,0.37641192036114346,k=0.025,minimum attainable main-event rate_upper over the declared grid (descriptive; its cost is not a comparable cost),1024,frontier_no_feasible_solution_found_no_ration,0.0556640625,0.21484375,,,,
1,SD-12MO,0.01,SDH0_MAIN9,SD-H0,MAIN9,SDH0_MAIN9:M2[N=1024]@alpha=0.01,M2_joint_chance_saa,M2_joint_chance_saa[N=1024],entry,False,not_met,,,"SAA over the N training scenarios proven infeasible for every alpha_train of the declared grid (training scenarios only; not a population, field or whole-space statement)",main_reference_plan_domain,cp_upper,,,,,False,2,4,0,,,,no scored grid candidate with a ration (not a whole-space statement),1024,frontier_no_feasible_solution_found_no_ration,0.0556640625,0.21484375,,,,
1,SD-12MO,0.01,SDH0_MAIN9,SD-H0,MAIN9,SDH0_MAIN9:M2[N=128]@alpha=0.01,M2_joint_chance_saa,M2_joint_chance_saa[N=128],entry,False,not_met,,,"SAA over the N training scenarios proven infeasible for every alpha_train of the declared grid (training scenarios only; not a population, field or whole-space statement)",main_reference_plan_domain,cp_upper,,,,,False,2,4,0,,,,no scored grid candidate with a ration (not a whole-space statement),128,optimal,0.171875,0.2109375,0.0015,0.0015,0.002308777804199719,"diagnostic frontier point (training scenarios only); not a method, never a member"
1,SD-12MO,0.01,SDH0_MAIN9,SD-H0,MAIN9,SDH0_MAIN9:M2[N=512]@alpha=0.01,M2_joint_chance_saa,M2_joint_chance_saa[N=512],entry,False,not_met,,,"SAA over the N training scenarios proven infeasible for every alpha_train of the declared grid (training scenarios only; not a population, field or whole-space statement)",main_reference_plan_domain,cp_upper,,,,,False,2,4,0,,,,no scored grid candidate with a ration (not a whole-space statement),512,frontier_no_feasible_solution_found_no_ration,0.06640625,0.189453125,,,,
1,SD-12MO,0.01,SDH0_MAIN9,SD-H0,MAIN9,SDH0_MAIN9:M3a[factory box]@alpha=0.01,M3a_box_robust,M3a_box_robust,entry,False,not_met,,,no value of the declared grid met the validation screen (candidate statuses: proven_infeasible); a grid without a solution is not a statement about the whole decision space,main_reference_plan_domain,cp_upper,,,,,False,2,5,0,,,,no scored grid candidate with a ration (not a whole-space statement),1024,frontier_no_feasible_solution_found_no_ration,0.0556640625,0.21484375,,,,
1,SD-12MO,0.01,SDH0_MAIN9,SD-H0,MAIN9,SDH0_MAIN9:M3b[factory box]@alpha=0.01,M3b_budget_robust,M3b_budget_robust,entry,False,not_met,,,"no value of the declared grid met the validation screen (candidate statuses: optimal, proven_infeasible); a grid without a solution is not a statement about the whole decision space",main_reference_plan_domain,cp_upper,,,,,False,2,35,6,0.1146,0.11997274278100001,"gamma=1 {""k_box"": 1.0}",minimum attainable main-event rate_upper over the declared grid (descriptive; its cost is not a comparable cost),1024,frontier_no_feasible_solution_found_no_ration,0.0556640625,0.21484375,,,,
1,SD-12MO,0.01,SDS2_MAIN9,SD-S2,MAIN9,SDS2_MAIN9:M0,M0_nominal,M0_nominal,entry,True,,,optimal,,main_reference_plan_domain,cp_upper,0.8037,0.8037,0.8102173889211403,False,False,2,1,1,0.8037,0.8102173889211403,,minimum attainable main-event rate_upper over the declared grid (descriptive; its cost is not a comparable cost),1024,optimal,0.0,0.0,0.0059,0.0059,0.007323129192957677,"diagnostic frontier point (training scenarios only); not a method, never a member"
1,SD-12MO,0.01,SDS2_MAIN9,SD-S2,MAIN9,"SDS2_MAIN9:M1[relative,apply_to_dm=False]@alpha=0.01",M1_safety_margin,M1_safety_margin[apply_to_dm=False],sensitivity_line,False,not_met,,,"no value of the declared grid met the validation screen (candidate statuses: optimal, proven_infeasible); a grid without a solution is not a statement about the whole decision space",main_reference_plan_domain,cp_upper,,,,,False,2,5,4,0.0718,0.07618935942387442,k=0.075,minimum attainable main-event rate_upper over the declared grid (descriptive; its cost is not a comparable cost),1024,optimal,0.0,0.0,0.0059,0.0059,0.007323129192957677,"diagnostic frontier point (training scenarios only); not a method, never a member"
1,SD-12MO,0.01,SDS2_MAIN9,SD-S2,MAIN9,"SDS2_MAIN9:M1[relative,apply_to_dm=True]@alpha=0.01",M1_safety_margin,M1_safety_margin[apply_to_dm=True],entry,False,not_met,,,"no value of the declared grid met the validation screen (candidate statuses: optimal, proven_infeasible); a grid without a solution is not a statement about the whole decision space",main_reference_plan_domain,cp_upper,,,,,False,2,5,2,0.3684,0.37641192036114346,k=0.025,minimum attainable main-event rate_upper over the declared grid (descriptive; its cost is not a comparable cost),1024,optimal,0.0,0.0,0.0059,0.0059,0.007323129192957677,"diagnostic frontier point (training scenarios only); not a method, never a member"
1,SD-12MO,0.01,SDS2_MAIN9,SD-S2,MAIN9,SDS2_MAIN9:M2[N=1024]@alpha=0.01,M2_joint_chance_saa,M2_joint_chance_saa[N=1024],entry,True,selected,alpha_train=0.0025,optimal,,main_reference_plan_domain,cp_upper,0.0058,0.0058,0.0072125627397637134,True,True,2,4,4,0.0041,0.005316495826732534,alpha_train=0.005,minimum attainable main-event rate_upper over the declared grid (descriptive; its cost is not a comparable cost),1024,optimal,0.0,0.0,0.0059,0.0059,0.007323129192957677,"diagnostic frontier point (training scenarios only); not a method, never a member"
1,SD-12MO,0.01,SDS2_MAIN9,SD-S2,MAIN9,SDS2_MAIN9:M2[N=128]@alpha=0.01,M2_joint_chance_saa,M2_joint_chance_saa[N=128],entry,False,not_met,,,no value of the declared grid met the validation screen (candidate statuses: optimal); a grid without a solution is not a statement about the whole decision space,main_reference_plan_domain,cp_upper,,,,,False,2,4,4,0.0423,0.04576088205564487,alpha_train=0.0075,minimum attainable main-event rate_upper over the declared grid (descriptive; its cost is not a comparable cost),128,optimal,0.0,0.0,0.0423,0.0423,0.04576088205564487,"diagnostic frontier point (training scenarios only); not a method, never a member"
1,SD-12MO,0.01,SDS2_MAIN9,SD-S2,MAIN9,SDS2_MAIN9:M2[N=512]@alpha=0.01,M2_joint_chance_saa,M2_joint_chance_saa[N=512],entry,False,not_met,,,no value of the declared grid met the validation screen (candidate statuses: optimal); a grid without a solution is not a statement about the whole decision space,main_reference_plan_domain,cp_upper,,,,,False,2,4,4,0.0062,0.007654298246644336,alpha_train=0.005,minimum attainable main-event rate_upper over the declared grid (descriptive; its cost is not a comparable cost),512,optimal,0.0,0.0,0.0079,0.0079,0.009518068661312334,"diagnostic frontier point (training scenarios only); not a method, never a member"
1,SD-12MO,0.01,SDS2_MAIN9,SD-S2,MAIN9,SDS2_MAIN9:M3a[factory box]@alpha=0.01,M3a_box_robust,M3a_box_robust,entry,True,selected,k_box=1.5,optimal,,main_reference_plan_domain,cp_upper,0.0173,0.0173,0.019602164229733723,False,False,2,5,2,0.0173,0.019602164229733723,k_box=1.5,minimum attainable main-event rate_upper over the declared grid (descriptive; its cost is not a comparable cost),1024,optimal,0.0,0.0,0.0059,0.0059,0.007323129192957677,"diagnostic frontier point (training scenarios only); not a method, never a member"
1,SD-12MO,0.01,SDS2_MAIN9,SD-S2,MAIN9,"SDS2_MAIN9:M3b[factory box k=1.5, Gamma selected]@alpha=0.01",M3b_budget_robust,M3b_budget_robust,entry,True,selected,gamma=4,optimal,,main_reference_plan_domain,cp_upper,0.0185,0.0185,0.0208735198253204,False,False,2,35,24,0.0058,0.0072125627397637134,"gamma=3 {""k_box"": 2.0}",minimum attainable main-event rate_upper over the declared grid (descriptive; its cost is not a comparable cost),1024,optimal,0.0,0.0,0.0059,0.0059,0.007323129192957677,"diagnostic frontier point (training scenarios only); not a method, never a member"
1,SD-12MO,0.01,SDSRC12_MAIN9,SD-SRC12,MAIN9,SDSRC12_MAIN9:M0,M0_nominal,M0_nominal,entry,True,,,optimal,,main_reference_plan_domain,cp_upper,0.8037,0.8037,0.8102173889211403,False,False,2,1,1,0.8037,0.8102173889211403,,minimum attainable main-event rate_upper over the declared grid (descriptive; its cost is not a comparable cost),1024,frontier_no_feasible_solution_found_no_ration,0.0126953125,0.0380859375,,,,
1,SD-12MO,0.01,SDSRC12_MAIN9,SD-SRC12,MAIN9,"SDSRC12_MAIN9:M1[relative,apply_to_dm=False]@alpha=0.01",M1_safety_margin,M1_safety_margin[apply_to_dm=False],sensitivity_line,False,not_met,,,"no value of the declared grid met the validation screen (candidate statuses: optimal, proven_infeasible); a grid without a solution is not a statement about the whole decision space",main_reference_plan_domain,cp_upper,,,,,False,2,5,4,0.0718,0.07618935942387442,k=0.075,minimum attainable main-event rate_upper over the declared grid (descriptive; its cost is not a comparable cost),1024,frontier_no_feasible_solution_found_no_ration,0.0126953125,0.0380859375,,,,
1,SD-12MO,0.01,SDSRC12_MAIN9,SD-SRC12,MAIN9,"SDSRC12_MAIN9:M1[relative,apply_to_dm=True]@alpha=0.01",M1_safety_margin,M1_safety_margin[apply_to_dm=True],entry,False,not_met,,,"no value of the declared grid met the validation screen (candidate statuses: optimal, proven_infeasible); a grid without a solution is not a statement about the whole decision space",main_reference_plan_domain,cp_upper,,,,,False,2,5,2,0.3684,0.37641192036114346,k=0.025,minimum attainable main-event rate_upper over the declared grid (descriptive; its cost is not a comparable cost),1024,frontier_no_feasible_solution_found_no_ration,0.0126953125,0.0380859375,,,,
1,SD-12MO,0.01,SDSRC12_MAIN9,SD-SRC12,MAIN9,SDSRC12_MAIN9:M2[N=1024]@alpha=0.01,M2_joint_chance_saa,M2_joint_chance_saa[N=1024],entry,False,not_met,,,"SAA over the N training scenarios proven infeasible for every alpha_train of the declared grid (training scenarios only; not a population, field or whole-space statement)",main_reference_plan_domain,cp_upper,,,,,False,2,4,0,,,,no scored grid candidate with a ration (not a whole-space statement),1024,frontier_no_feasible_solution_found_no_ration,0.0126953125,0.0380859375,,,,
1,SD-12MO,0.01,SDSRC12_MAIN9,SD-SRC12,MAIN9,SDSRC12_MAIN9:M2[N=128]@alpha=0.01,M2_joint_chance_saa,M2_joint_chance_saa[N=128],entry,False,not_met,,,"SAA over the N training scenarios proven infeasible for every alpha_train of the declared grid (training scenarios only; not a population, field or whole-space statement)",main_reference_plan_domain,cp_upper,,,,,False,2,4,0,,,,no scored grid candidate with a ration (not a whole-space statement),128,optimal,0.0234375,0.0234375,0.0032,0.0032,0.004295884196653873,"diagnostic frontier point (training scenarios only); not a method, never a member"
1,SD-12MO,0.01,SDSRC12_MAIN9,SD-SRC12,MAIN9,SDSRC12_MAIN9:M2[N=512]@alpha=0.01,M2_joint_chance_saa,M2_joint_chance_saa[N=512],entry,False,not_met,,,"SAA over the N training scenarios proven infeasible for every alpha_train of the declared grid (training scenarios only; not a population, field or whole-space statement)",main_reference_plan_domain,cp_upper,,,,,False,2,4,0,,,,no scored grid candidate with a ration (not a whole-space statement),512,optimal,0.03125,0.03125,0.003,0.003,0.004066874992626077,"diagnostic frontier point (training scenarios only); not a method, never a member"
1,SD-12MO,0.01,SDSRC12_MAIN9,SD-SRC12,MAIN9,SDSRC12_MAIN9:M3a[factory box]@alpha=0.01,M3a_box_robust,M3a_box_robust,entry,False,not_met,,,no value of the declared grid met the validation screen (candidate statuses: proven_infeasible); a grid without a solution is not a statement about the whole decision space,main_reference_plan_domain,cp_upper,,,,,False,2,5,0,,,,no scored grid candidate with a ration (not a whole-space statement),1024,frontier_no_feasible_solution_found_no_ration,0.0126953125,0.0380859375,,,,
1,SD-12MO,0.01,SDSRC12_MAIN9,SD-SRC12,MAIN9,SDSRC12_MAIN9:M3b[factory box]@alpha=0.01,M3b_budget_robust,M3b_budget_robust,entry,False,not_met,,,"no value of the declared grid met the validation screen (candidate statuses: optimal, proven_infeasible); a grid without a solution is not a statement about the whole decision space",main_reference_plan_domain,cp_upper,,,,,False,2,35,10,0.0037,0.0048647055939070516,"gamma=1 {""k_box"": 2.0}",minimum attainable main-event rate_upper over the declared grid (descriptive; its cost is not a comparable cost),1024,frontier_no_feasible_solution_found_no_ration,0.0126953125,0.0380859375,,,,
1,SD-12MO,0.01,SDSRC14_MAIN9,SD-SRC14,MAIN9,SDSRC14_MAIN9:M0,M0_nominal,M0_nominal,entry,True,,,optimal,,main_reference_plan_domain,cp_upper,0.8037,0.8037,0.8102173889211403,False,False,2,1,1,0.8037,0.8102173889211403,,minimum attainable main-event rate_upper over the declared grid (descriptive; its cost is not a comparable cost),1024,optimal,0.0,0.0,0.0061,0.0061,0.007543994794539046,"diagnostic frontier point (training scenarios only); not a method, never a member"
1,SD-12MO,0.01,SDSRC14_MAIN9,SD-SRC14,MAIN9,"SDSRC14_MAIN9:M1[relative,apply_to_dm=False]@alpha=0.01",M1_safety_margin,M1_safety_margin[apply_to_dm=False],sensitivity_line,False,not_met,,,"no value of the declared grid met the validation screen (candidate statuses: optimal, proven_infeasible); a grid without a solution is not a statement about the whole decision space",main_reference_plan_domain,cp_upper,,,,,False,2,5,4,0.0718,0.07618935942387442,k=0.075,minimum attainable main-event rate_upper over the declared grid (descriptive; its cost is not a comparable cost),1024,optimal,0.0,0.0,0.0061,0.0061,0.007543994794539046,"diagnostic frontier point (training scenarios only); not a method, never a member"
1,SD-12MO,0.01,SDSRC14_MAIN9,SD-SRC14,MAIN9,"SDSRC14_MAIN9:M1[relative,apply_to_dm=True]@alpha=0.01",M1_safety_margin,M1_safety_margin[apply_to_dm=True],entry,False,not_met,,,"no value of the declared grid met the validation screen (candidate statuses: optimal, proven_infeasible); a grid without a solution is not a statement about the whole decision space",main_reference_plan_domain,cp_upper,,,,,False,2,5,2,0.3684,0.37641192036114346,k=0.025,minimum attainable main-event rate_upper over the declared grid (descriptive; its cost is not a comparable cost),1024,optimal,0.0,0.0,0.0061,0.0061,0.007543994794539046,"diagnostic frontier point (training scenarios only); not a method, never a member"
1,SD-12MO,0.01,SDSRC14_MAIN9,SD-SRC14,MAIN9,SDSRC14_MAIN9:M2[N=1024]@alpha=0.01,M2_joint_chance_saa,M2_joint_chance_saa[N=1024],entry,False,not_met,,,no value of the declared grid met the validation screen (candidate statuses: optimal); a grid without a solution is not a statement about the whole decision space,main_reference_plan_domain,cp_upper,,,,,False,2,4,4,0.0033,0.004410052749836001,alpha_train=0.0025,minimum attainable main-event rate_upper over the declared grid (descriptive; its cost is not a comparable cost),1024,optimal,0.0,0.0,0.0061,0.0061,0.007543994794539046,"diagnostic frontier point (training scenarios only); not a method, never a member"
1,SD-12MO,0.01,SDSRC14_MAIN9,SD-SRC14,MAIN9,SDSRC14_MAIN9:M2[N=128]@alpha=0.01,M2_joint_chance_saa,M2_joint_chance_saa[N=128],entry,False,not_met,,,no value of the declared grid met the validation screen (candidate statuses: optimal); a grid without a solution is not a statement about the whole decision space,main_reference_plan_domain,cp_upper,,,,,False,2,4,4,0.0063,0.0077645181929084,alpha_train=0.01,minimum attainable main-event rate_upper over the declared grid (descriptive; its cost is not a comparable cost),128,optimal,0.0,0.0,0.0065,0.0065,0.00798471527353767,"diagnostic frontier point (training scenarios only); not a method, never a member"
1,SD-12MO,0.01,SDSRC14_MAIN9,SD-SRC14,MAIN9,SDSRC14_MAIN9:M2[N=512]@alpha=0.01,M2_joint_chance_saa,M2_joint_chance_saa[N=512],entry,False,not_met,,,no value of the declared grid met the validation screen (candidate statuses: optimal); a grid without a solution is not a statement about the whole decision space,main_reference_plan_domain,cp_upper,,,,,False,2,4,4,0.0034,0.004524010463635399,alpha_train=0.01,minimum attainable main-event rate_upper over the declared grid (descriptive; its cost is not a comparable cost),512,optimal,0.0,0.0,0.0082,0.0082,0.009845039083377432,"diagnostic frontier point (training scenarios only); not a method, never a member"
1,SD-12MO,0.01,SDSRC14_MAIN9,SD-SRC14,MAIN9,SDSRC14_MAIN9:M3a[factory box]@alpha=0.01,M3a_box_robust,M3a_box_robust,entry,False,not_met,,,"no value of the declared grid met the validation screen (candidate statuses: optimal, proven_infeasible); a grid without a solution is not a statement about the whole decision space",main_reference_plan_domain,cp_upper,,,,,False,2,5,1,0.0257,0.028457565598167627,k_box=1.0,minimum attainable main-event rate_upper over the declared grid (descriptive; its cost is not a comparable cost),1024,optimal,0.0,0.0,0.0061,0.0061,0.007543994794539046,"diagnostic frontier point (training scenarios only); not a method, never a member"
1,SD-12MO,0.01,SDSRC14_MAIN9,SD-SRC14,MAIN9,SDSRC14_MAIN9:M3b[factory box]@alpha=0.01,M3b_budget_robust,M3b_budget_robust,entry,False,not_met,,,no value of the declared grid met the validation screen (candidate statuses: optimal); a grid without a solution is not a statement about the whole decision space,main_reference_plan_domain,cp_upper,,,,,False,2,35,18,0.0042,0.0054290452673158756,"gamma=1 {""k_box"": 2.5}",minimum attainable main-event rate_upper over the declared grid (descriptive; its cost is not a comparable cost),1024,optimal,0.0,0.0,0.0061,0.0061,0.007543994794539046,"diagnostic frontier point (training scenarios only); not a method, never a member"
1,SD-SRC12,0.05,SD12MO_MAIN9,SD-12MO,MAIN9,SD12MO_MAIN9:M0,M0_nominal,M0_nominal,entry,True,,,optimal,,main_reference_plan_domain,cp_upper,0.8698,0.8698,0.8753052223906154,False,False,0,1,1,0.8698,0.8753052223906154,,minimum attainable main-event rate_upper over the declared grid (descriptive; its cost is not a comparable cost),1024,optimal,0.0009765625,0.0009765625,0.2768,0.2771,0.28455925107704794,"diagnostic frontier point (training scenarios only); not a method, never a member"
1,SD-SRC12,0.05,SD12MO_MAIN9,SD-12MO,MAIN9,"SD12MO_MAIN9:M1[relative,apply_to_dm=False]@alpha=0.05",M1_safety_margin,M1_safety_margin[apply_to_dm=False],sensitivity_line,False,not_met,,,"no value of the declared grid met the validation screen (candidate statuses: optimal, proven_infeasible); a grid without a solution is not a statement about the whole decision space",main_reference_plan_domain,cp_upper,,,,,False,0,5,4,0.3895,0.3975939786710658,k=0.075,minimum attainable main-event rate_upper over the declared grid (descriptive; its cost is not a comparable cost),1024,optimal,0.0009765625,0.0009765625,0.2768,0.2771,0.28455925107704794,"diagnostic frontier point (training scenarios only); not a method, never a member"
1,SD-SRC12,0.05,SD12MO_MAIN9,SD-12MO,MAIN9,"SD12MO_MAIN9:M1[relative,apply_to_dm=True]@alpha=0.05",M1_safety_margin,M1_safety_margin[apply_to_dm=True],entry,False,not_met,,,"no value of the declared grid met the validation screen (candidate statuses: optimal, proven_infeasible); a grid without a solution is not a statement about the whole decision space",main_reference_plan_domain,cp_upper,,,,,False,0,5,2,0.7354,0.7426544652044854,k=0.025,minimum attainable main-event rate_upper over the declared grid (descriptive; its cost is not a comparable cost),1024,optimal,0.0009765625,0.0009765625,0.2768,0.2771,0.28455925107704794,"diagnostic frontier point (training scenarios only); not a method, never a member"
1,SD-SRC12,0.05,SD12MO_MAIN9,SD-12MO,MAIN9,SD12MO_MAIN9:M2[N=1024]@alpha=0.05,M2_joint_chance_saa,M2_joint_chance_saa[N=1024],entry,True,selected,alpha_train=0.0375,feasible_time_limit,,main_reference_plan_domain,cp_upper,0.3773,0.3776,0.38564967201628153,False,False,0,4,4,0.3331,0.3409378320184757,alpha_train=0.0125,minimum attainable main-event rate_upper over the declared grid (descriptive; its cost is not a comparable cost),1024,optimal,0.0009765625,0.0009765625,0.2768,0.2771,0.28455925107704794,"diagnostic frontier point (training scenarios only); not a method, never a member"
1,SD-SRC12,0.05,SD12MO_MAIN9,SD-12MO,MAIN9,SD12MO_MAIN9:M2[N=128]@alpha=0.05,M2_joint_chance_saa,M2_joint_chance_saa[N=128],entry,False,not_met,,,no value of the declared grid met the validation screen (candidate statuses: optimal); a grid without a solution is not a statement about the whole decision space,main_reference_plan_domain,cp_upper,,,,,False,0,4,4,0.4866,0.49487342745608653,alpha_train=0.0125,minimum attainable main-event rate_upper over the declared grid (descriptive; its cost is not a comparable cost),128,optimal,0.0,0.0,0.472,0.4722,0.48046676216899803,"diagnostic frontier point (training scenarios only); not a method, never a member"
1,SD-SRC12,0.05,SD12MO_MAIN9,SD-12MO,MAIN9,SD12MO_MAIN9:M2[N=512]@alpha=0.05,M2_joint_chance_saa,M2_joint_chance_saa[N=512],entry,True,selected,alpha_train=0.025,optimal,,main_reference_plan_domain,cp_upper,0.3898,0.39,0.398095729787679,False,False,0,4,4,0.39,0.398095729787679,alpha_train=0.025,minimum attainable main-event rate_upper over the declared grid (descriptive; its cost is not a comparable cost),512,optimal,0.0,0.0,0.2788,0.279,0.2864743193294688,"diagnostic frontier point (training scenarios only); not a method, never a member"
1,SD-SRC12,0.05,SD12MO_MAIN9,SD-12MO,MAIN9,SD12MO_MAIN9:M3a[factory box]@alpha=0.05,M3a_box_robust,M3a_box_robust,entry,False,not_met,,,"no value of the declared grid met the validation screen (candidate statuses: optimal, proven_infeasible); a grid without a solution is not a statement about the whole decision space",main_reference_plan_domain,cp_upper,,,,,False,0,5,1,0.7007,0.7082387527216175,k_box=1.0,minimum attainable main-event rate_upper over the declared grid (descriptive; its cost is not a comparable cost),1024,optimal,0.0009765625,0.0009765625,0.2768,0.2771,0.28455925107704794,"diagnostic frontier point (training scenarios only); not a method, never a member"
1,SD-SRC12,0.05,SD12MO_MAIN9,SD-12MO,MAIN9,"SD12MO_MAIN9:M3b[factory box k=3, Gamma selected]@alpha=0.05",M3b_budget_robust,M3b_budget_robust,entry,True,selected,gamma=1,optimal,,main_reference_plan_domain,cp_upper,0.3175,0.3177,0.3254467607308765,False,False,0,35,17,0.3078,0.3154831356460464,"gamma=3 {""k_box"": 1.5}",minimum attainable main-event rate_upper over the declared grid (descriptive; its cost is not a comparable cost),1024,optimal,0.0009765625,0.0009765625,0.2768,0.2771,0.28455925107704794,"diagnostic frontier point (training scenarios only); not a method, never a member"
1,SD-SRC12,0.05,SDH0_MAIN9,SD-H0,MAIN9,SDH0_MAIN9:M0,M0_nominal,M0_nominal,entry,True,,,optimal,,main_reference_plan_domain,cp_upper,0.8698,0.8698,0.8753052223906154,False,False,0,1,1,0.8698,0.8753052223906154,,minimum attainable main-event rate_upper over the declared grid (descriptive; its cost is not a comparable cost),1024,frontier_no_feasible_solution_found_no_ration,0.0556640625,0.21484375,,,,
1,SD-SRC12,0.05,SDH0_MAIN9,SD-H0,MAIN9,"SDH0_MAIN9:M1[relative,apply_to_dm=False]@alpha=0.05",M1_safety_margin,M1_safety_margin[apply_to_dm=False],sensitivity_line,False,not_met,,,"no value of the declared grid met the validation screen (candidate statuses: optimal, proven_infeasible); a grid without a solution is not a statement about the whole decision space",main_reference_plan_domain,cp_upper,,,,,False,0,5,4,0.3895,0.3975939786710658,k=0.075,minimum attainable main-event rate_upper over the declared grid (descriptive; its cost is not a comparable cost),1024,frontier_no_feasible_solution_found_no_ration,0.0556640625,0.21484375,,,,
1,SD-SRC12,0.05,SDH0_MAIN9,SD-H0,MAIN9,"SDH0_MAIN9:M1[relative,apply_to_dm=True]@alpha=0.05",M1_safety_margin,M1_safety_margin[apply_to_dm=True],entry,False,not_met,,,"no value of the declared grid met the validation screen (candidate statuses: optimal, proven_infeasible); a grid without a solution is not a statement about the whole decision space",main_reference_plan_domain,cp_upper,,,,,False,0,5,2,0.7354,0.7426544652044854,k=0.025,minimum attainable main-event rate_upper over the declared grid (descriptive; its cost is not a comparable cost),1024,frontier_no_feasible_solution_found_no_ration,0.0556640625,0.21484375,,,,
1,SD-SRC12,0.05,SDH0_MAIN9,SD-H0,MAIN9,SDH0_MAIN9:M2[N=1024]@alpha=0.05,M2_joint_chance_saa,M2_joint_chance_saa[N=1024],entry,False,not_met,,,"SAA over the N training scenarios proven infeasible for every alpha_train of the declared grid (training scenarios only; not a population, field or whole-space statement)",main_reference_plan_domain,cp_upper,,,,,False,0,4,0,,,,no scored grid candidate with a ration (not a whole-space statement),1024,frontier_no_feasible_solution_found_no_ration,0.0556640625,0.21484375,,,,
1,SD-SRC12,0.05,SDH0_MAIN9,SD-H0,MAIN9,SDH0_MAIN9:M2[N=128]@alpha=0.05,M2_joint_chance_saa,M2_joint_chance_saa[N=128],entry,False,not_met,,,"SAA over the N training scenarios proven infeasible for every alpha_train of the declared grid (training scenarios only; not a population, field or whole-space statement)",main_reference_plan_domain,cp_upper,,,,,False,0,4,0,,,,no scored grid candidate with a ration (not a whole-space statement),128,optimal,0.171875,0.2109375,0.0981,0.0985,0.10353838865001701,"diagnostic frontier point (training scenarios only); not a method, never a member"
1,SD-SRC12,0.05,SDH0_MAIN9,SD-H0,MAIN9,SDH0_MAIN9:M2[N=512]@alpha=0.05,M2_joint_chance_saa,M2_joint_chance_saa[N=512],entry,False,not_met,,,"SAA over the N training scenarios proven infeasible for every alpha_train of the declared grid (training scenarios only; not a population, field or whole-space statement)",main_reference_plan_domain,cp_upper,,,,,False,0,4,0,,,,no scored grid candidate with a ration (not a whole-space statement),512,frontier_no_feasible_solution_found_no_ration,0.06640625,0.189453125,,,,
1,SD-SRC12,0.05,SDH0_MAIN9,SD-H0,MAIN9,SDH0_MAIN9:M3a[factory box]@alpha=0.05,M3a_box_robust,M3a_box_robust,entry,False,not_met,,,no value of the declared grid met the validation screen (candidate statuses: proven_infeasible); a grid without a solution is not a statement about the whole decision space,main_reference_plan_domain,cp_upper,,,,,False,0,5,0,,,,no scored grid candidate with a ration (not a whole-space statement),1024,frontier_no_feasible_solution_found_no_ration,0.0556640625,0.21484375,,,,
1,SD-SRC12,0.05,SDH0_MAIN9,SD-H0,MAIN9,SDH0_MAIN9:M3b[factory box]@alpha=0.05,M3b_budget_robust,M3b_budget_robust,entry,False,not_met,,,"no value of the declared grid met the validation screen (candidate statuses: optimal, proven_infeasible); a grid without a solution is not a statement about the whole decision space",main_reference_plan_domain,cp_upper,,,,,False,0,35,6,0.5375,0.5457422620886168,"gamma=1 {""k_box"": 1.0}",minimum attainable main-event rate_upper over the declared grid (descriptive; its cost is not a comparable cost),1024,frontier_no_feasible_solution_found_no_ration,0.0556640625,0.21484375,,,,
1,SD-SRC12,0.05,SDS2_MAIN9,SD-S2,MAIN9,SDS2_MAIN9:M0,M0_nominal,M0_nominal,entry,True,,,optimal,,main_reference_plan_domain,cp_upper,0.8698,0.8698,0.8753052223906154,False,False,0,1,1,0.8698,0.8753052223906154,,minimum attainable main-event rate_upper over the declared grid (descriptive; its cost is not a comparable cost),1024,optimal,0.0,0.0,0.2482,0.2485,0.25571179779846986,"diagnostic frontier point (training scenarios only); not a method, never a member"
1,SD-SRC12,0.05,SDS2_MAIN9,SD-S2,MAIN9,"SDS2_MAIN9:M1[relative,apply_to_dm=False]@alpha=0.05",M1_safety_margin,M1_safety_margin[apply_to_dm=False],sensitivity_line,True,selected,k=0.075,optimal,,main_reference_plan_domain,cp_upper,0.3892,0.3895,0.3975939786710658,False,False,0,5,4,0.3895,0.3975939786710658,k=0.075,minimum attainable main-event rate_upper over the declared grid (descriptive; its cost is not a comparable cost),1024,optimal,0.0,0.0,0.2482,0.2485,0.25571179779846986,"diagnostic frontier point (training scenarios only); not a method, never a member"
1,SD-SRC12,0.05,SDS2_MAIN9,SD-S2,MAIN9,"SDS2_MAIN9:M1[relative,apply_to_dm=True]@alpha=0.05",M1_safety_margin,M1_safety_margin[apply_to_dm=True],entry,False,not_met,,,"no value of the declared grid met the validation screen (candidate statuses: optimal, proven_infeasible); a grid without a solution is not a statement about the whole decision space",main_reference_plan_domain,cp_upper,,,,,False,0,5,2,0.7354,0.7426544652044854,k=0.025,minimum attainable main-event rate_upper over the declared grid (descriptive; its cost is not a comparable cost),1024,optimal,0.0,0.0,0.2482,0.2485,0.25571179779846986,"diagnostic frontier point (training scenarios only); not a method, never a member"
1,SD-SRC12,0.05,SDS2_MAIN9,SD-S2,MAIN9,SDS2_MAIN9:M2[N=1024]@alpha=0.05,M2_joint_chance_saa,M2_joint_chance_saa[N=1024],entry,True,selected,alpha_train=0.025,feasible_time_limit,,main_reference_plan_domain,cp_upper,0.3704,0.3707,0.37872164706506994,False,False,0,4,4,0.3007,0.3083349889354108,alpha_train=0.0125,minimum attainable main-event rate_upper over the declared grid (descriptive; its cost is not a comparable cost),1024,optimal,0.0,0.0,0.2482,0.2485,0.25571179779846986,"diagnostic frontier point (training scenarios only); not a method, never a member"
1,SD-SRC12,0.05,SDS2_MAIN9,SD-S2,MAIN9,SDS2_MAIN9:M2[N=128]@alpha=0.05,M2_joint_chance_saa,M2_joint_chance_saa[N=128],entry,False,not_met,,,no value of the declared grid met the validation screen (candidate statuses: optimal); a grid without a solution is not a statement about the whole decision space,main_reference_plan_domain,cp_upper,,,,,False,0,4,4,0.4928,0.5010741933392687,alpha_train=0.0125,minimum attainable main-event rate_upper over the declared grid (descriptive; its cost is not a comparable cost),128,optimal,0.0,0.0,0.5143,0.5145,0.5227669150841802,"diagnostic frontier point (training scenarios only); not a method, never a member"
1,SD-SRC12,0.05,SDS2_MAIN9,SD-S2,MAIN9,SDS2_MAIN9:M2[N=512]@alpha=0.05,M2_joint_chance_saa,M2_joint_chance_saa[N=512],entry,True,selected,alpha_train=0.025,optimal,,main_reference_plan_domain,cp_upper,0.3573,0.3575,0.3654631761213015,False,False,0,4,4,0.3356,0.34345172898460385,alpha_train=0.0125,minimum attainable main-event rate_upper over the declared grid (descriptive; its cost is not a comparable cost),512,optimal,0.0,0.0,0.2713,0.2716,0.27901469564728265,"diagnostic frontier point (training scenarios only); not a method, never a member"
1,SD-SRC12,0.05,SDS2_MAIN9,SD-S2,MAIN9,SDS2_MAIN9:M3a[factory box]@alpha=0.05,M3a_box_robust,M3a_box_robust,entry,True,selected,k_box=1.5,optimal,,main_reference_plan_domain,cp_upper,0.3295,0.3298,0.33761911205497425,False,False,0,5,2,0.3298,0.33761911205497425,k_box=1.5,minimum attainable main-event rate_upper over the declared grid (descriptive; its cost is not a comparable cost),1024,optimal,0.0,0.0,0.2482,0.2485,0.25571179779846986,"diagnostic frontier point (training scenarios only); not a method, never a member"
1,SD-SRC12,0.05,SDS2_MAIN9,SD-S2,MAIN9,"SDS2_MAIN9:M3b[factory box k=1.5, Gamma selected]@alpha=0.05",M3b_budget_robust,M3b_budget_robust,entry,True,selected,gamma=3,optimal,,main_reference_plan_domain,cp_upper,0.4483,0.4485,0.45674085175318363,False,False,0,35,24,0.1846,0.19109926355479165,"gamma=3 {""k_box"": 2.0}",minimum attainable main-event rate_upper over the declared grid (descriptive; its cost is not a comparable cost),1024,optimal,0.0,0.0,0.2482,0.2485,0.25571179779846986,"diagnostic frontier point (training scenarios only); not a method, never a member"
1,SD-SRC12,0.05,SDSRC12_MAIN9,SD-SRC12,MAIN9,SDSRC12_MAIN9:M0,M0_nominal,M0_nominal,entry,True,,,optimal,,main_reference_plan_domain,cp_upper,0.8698,0.8698,0.8753052223906154,False,False,0,1,1,0.8698,0.8753052223906154,,minimum attainable main-event rate_upper over the declared grid (descriptive; its cost is not a comparable cost),1024,frontier_no_feasible_solution_found_no_ration,0.0126953125,0.0380859375,,,,
1,SD-SRC12,0.05,SDSRC12_MAIN9,SD-SRC12,MAIN9,"SDSRC12_MAIN9:M1[relative,apply_to_dm=False]@alpha=0.05",M1_safety_margin,M1_safety_margin[apply_to_dm=False],sensitivity_line,False,not_met,,,"no value of the declared grid met the validation screen (candidate statuses: optimal, proven_infeasible); a grid without a solution is not a statement about the whole decision space",main_reference_plan_domain,cp_upper,,,,,False,0,5,4,0.3895,0.3975939786710658,k=0.075,minimum attainable main-event rate_upper over the declared grid (descriptive; its cost is not a comparable cost),1024,frontier_no_feasible_solution_found_no_ration,0.0126953125,0.0380859375,,,,
1,SD-SRC12,0.05,SDSRC12_MAIN9,SD-SRC12,MAIN9,"SDSRC12_MAIN9:M1[relative,apply_to_dm=True]@alpha=0.05",M1_safety_margin,M1_safety_margin[apply_to_dm=True],entry,False,not_met,,,"no value of the declared grid met the validation screen (candidate statuses: optimal, proven_infeasible); a grid without a solution is not a statement about the whole decision space",main_reference_plan_domain,cp_upper,,,,,False,0,5,2,0.7354,0.7426544652044854,k=0.025,minimum attainable main-event rate_upper over the declared grid (descriptive; its cost is not a comparable cost),1024,frontier_no_feasible_solution_found_no_ration,0.0126953125,0.0380859375,,,,
1,SD-SRC12,0.05,SDSRC12_MAIN9,SD-SRC12,MAIN9,SDSRC12_MAIN9:M2[N=1024]@alpha=0.05,M2_joint_chance_saa,M2_joint_chance_saa[N=1024],entry,False,not_met,,,"no value of the declared grid met the validation screen (candidate statuses: feasible_time_limit, no_feasible_solution_found, proven_infeasible); a grid without a solution is not a statement about the whole decision space",main_reference_plan_domain,cp_upper,,,,,False,0,4,1,0.0266,0.029401258125766928,alpha_train=0.05,minimum attainable main-event rate_upper over the declared grid (descriptive; its cost is not a comparable cost),1024,frontier_no_feasible_solution_found_no_ration,0.0126953125,0.0380859375,,,,
1,SD-SRC12,0.05,SDSRC12_MAIN9,SD-SRC12,MAIN9,SDSRC12_MAIN9:M2[N=128]@alpha=0.05,M2_joint_chance_saa,M2_joint_chance_saa[N=128],entry,False,not_met,,,"no value of the declared grid met the validation screen (candidate statuses: optimal, proven_infeasible); a grid without a solution is not a statement about the whole decision space",main_reference_plan_domain,cp_upper,,,,,False,0,4,3,0.0349,0.038070922112248634,alpha_train=0.025,minimum attainable main-event rate_upper over the declared grid (descriptive; its cost is not a comparable cost),128,optimal,0.0234375,0.0234375,0.0345,0.0349,0.038070922112248634,"diagnostic frontier point (training scenarios only); not a method, never a member"
1,SD-SRC12,0.05,SDSRC12_MAIN9,SD-SRC12,MAIN9,SDSRC12_MAIN9:M2[N=512]@alpha=0.05,M2_joint_chance_saa,M2_joint_chance_saa[N=512],entry,False,not_met,,,"no value of the declared grid met the validation screen (candidate statuses: feasible_time_limit, proven_infeasible); a grid without a solution is not a statement about the whole decision space",main_reference_plan_domain,cp_upper,,,,,False,0,4,2,0.0287,0.03160017513906082,alpha_train=0.0375,minimum attainable main-event rate_upper over the declared grid (descriptive; its cost is not a comparable cost),512,optimal,0.03125,0.03125,0.0293,0.0298,0.032750411891377444,"diagnostic frontier point (training scenarios only); not a method, never a member"
1,SD-SRC12,0.05,SDSRC12_MAIN9,SD-SRC12,MAIN9,SDSRC12_MAIN9:M3a[factory box]@alpha=0.05,M3a_box_robust,M3a_box_robust,entry,False,not_met,,,no value of the declared grid met the validation screen (candidate statuses: proven_infeasible); a grid without a solution is not a statement about the whole decision space,main_reference_plan_domain,cp_upper,,,,,False,0,5,0,,,,no scored grid candidate with a ration (not a whole-space statement),1024,frontier_no_feasible_solution_found_no_ration,0.0126953125,0.0380859375,,,,
1,SD-SRC12,0.05,SDSRC12_MAIN9,SD-SRC12,MAIN9,SDSRC12_MAIN9:M3b[factory box]@alpha=0.05,M3b_budget_robust,M3b_budget_robust,entry,False,not_met,,,"no value of the declared grid met the validation screen (candidate statuses: optimal, proven_infeasible); a grid without a solution is not a statement about the whole decision space",main_reference_plan_domain,cp_upper,,,,,False,0,35,10,0.1757,0.18207937503111554,"gamma=3 {""k_box"": 1.0}",minimum attainable main-event rate_upper over the declared grid (descriptive; its cost is not a comparable cost),1024,frontier_no_feasible_solution_found_no_ration,0.0126953125,0.0380859375,,,,
1,SD-SRC12,0.05,SDSRC14_MAIN9,SD-SRC14,MAIN9,SDSRC14_MAIN9:M0,M0_nominal,M0_nominal,entry,True,,,optimal,,main_reference_plan_domain,cp_upper,0.8698,0.8698,0.8753052223906154,False,False,0,1,1,0.8698,0.8753052223906154,,minimum attainable main-event rate_upper over the declared grid (descriptive; its cost is not a comparable cost),1024,optimal,0.0,0.0,0.0513,0.0518,0.05559323263645983,"diagnostic frontier point (training scenarios only); not a method, never a member"
1,SD-SRC12,0.05,SDSRC14_MAIN9,SD-SRC14,MAIN9,"SDSRC14_MAIN9:M1[relative,apply_to_dm=False]@alpha=0.05",M1_safety_margin,M1_safety_margin[apply_to_dm=False],sensitivity_line,False,not_met,,,"no value of the declared grid met the validation screen (candidate statuses: optimal, proven_infeasible); a grid without a solution is not a statement about the whole decision space",main_reference_plan_domain,cp_upper,,,,,False,0,5,4,0.3895,0.3975939786710658,k=0.075,minimum attainable main-event rate_upper over the declared grid (descriptive; its cost is not a comparable cost),1024,optimal,0.0,0.0,0.0513,0.0518,0.05559323263645983,"diagnostic frontier point (training scenarios only); not a method, never a member"
1,SD-SRC12,0.05,SDSRC14_MAIN9,SD-SRC14,MAIN9,"SDSRC14_MAIN9:M1[relative,apply_to_dm=True]@alpha=0.05",M1_safety_margin,M1_safety_margin[apply_to_dm=True],entry,False,not_met,,,"no value of the declared grid met the validation screen (candidate statuses: optimal, proven_infeasible); a grid without a solution is not a statement about the whole decision space",main_reference_plan_domain,cp_upper,,,,,False,0,5,2,0.7354,0.7426544652044854,k=0.025,minimum attainable main-event rate_upper over the declared grid (descriptive; its cost is not a comparable cost),1024,optimal,0.0,0.0,0.0513,0.0518,0.05559323263645983,"diagnostic frontier point (training scenarios only); not a method, never a member"
1,SD-SRC12,0.05,SDSRC14_MAIN9,SD-SRC14,MAIN9,SDSRC14_MAIN9:M2[N=1024]@alpha=0.05,M2_joint_chance_saa,M2_joint_chance_saa[N=1024],entry,True,selected,alpha_train=0.025,feasible_time_limit,,main_reference_plan_domain,cp_upper,0.0477,0.0481,0.05176839246408696,False,False,0,4,4,0.0473,0.05094066678148597,alpha_train=0.0125,minimum attainable main-event rate_upper over the declared grid (descriptive; its cost is not a comparable cost),1024,optimal,0.0,0.0,0.0513,0.0518,0.05559323263645983,"diagnostic frontier point (training scenarios only); not a method, never a member"
1,SD-SRC12,0.05,SDSRC14_MAIN9,SD-SRC14,MAIN9,SDSRC14_MAIN9:M2[N=128]@alpha=0.05,M2_joint_chance_saa,M2_joint_chance_saa[N=128],entry,False,not_met,,,no value of the declared grid met the validation screen (candidate statuses: optimal); a grid without a solution is not a statement about the whole decision space,main_reference_plan_domain,cp_upper,,,,,False,0,4,4,0.0588,0.0628156721635235,alpha_train=0.0125,minimum attainable main-event rate_upper over the declared grid (descriptive; its cost is not a comparable cost),128,optimal,0.0,0.0,0.0597,0.0602,0.06425821686771434,"diagnostic frontier point (training scenarios only); not a method, never a member"
1,SD-SRC12,0.05,SDSRC14_MAIN9,SD-SRC14,MAIN9,SDSRC14_MAIN9:M2[N=512]@alpha=0.05,M2_joint_chance_saa,M2_joint_chance_saa[N=512],entry,True,selected,alpha_train=0.0125,optimal,,main_reference_plan_domain,cp_upper,0.0515,0.052,0.05579982884160688,False,False,0,4,4,0.052,0.05579982884160688,alpha_train=0.0125,minimum attainable main-event rate_upper over the declared grid (descriptive; its cost is not a comparable cost),512,optimal,0.0,0.0,0.0776,0.0781,0.08265520824024802,"diagnostic frontier point (training scenarios only); not a method, never a member"
1,SD-SRC12,0.05,SDSRC14_MAIN9,SD-SRC14,MAIN9,SDSRC14_MAIN9:M3a[factory box]@alpha=0.05,M3a_box_robust,M3a_box_robust,entry,False,not_met,,,"no value of the declared grid met the validation screen (candidate statuses: optimal, proven_infeasible); a grid without a solution is not a statement about the whole decision space",main_reference_plan_domain,cp_upper,,,,,False,0,5,1,0.2079,0.21468745414989496,k_box=1.0,minimum attainable main-event rate_upper over the declared grid (descriptive; its cost is not a comparable cost),1024,optimal,0.0,0.0,0.0513,0.0518,0.05559323263645983,"diagnostic frontier point (training scenarios only); not a method, never a member"
1,SD-SRC12,0.05,SDSRC14_MAIN9,SD-SRC14,MAIN9,"SDSRC14_MAIN9:M3b[factory box k=1, Gamma selected]@alpha=0.05",M3b_budget_robust,M3b_budget_robust,entry,True,selected,gamma=5,optimal,,main_reference_plan_domain,cp_upper,0.2452,0.2455,0.25268350419903424,False,False,0,35,18,0.1217,0.12720931934125473,"gamma=3 {""k_box"": 1.5}",minimum attainable main-event rate_upper over the declared grid (descriptive; its cost is not a comparable cost),1024,optimal,0.0,0.0,0.0513,0.0518,0.05559323263645983,"diagnostic frontier point (training scenarios only); not a method, never a member"
1,SD-SRC12,0.1,SD12MO_MAIN9,SD-12MO,MAIN9,SD12MO_MAIN9:M0,M0_nominal,M0_nominal,entry,True,,,optimal,,main_reference_plan_domain,cp_upper,0.8698,0.8698,0.8753052223906154,False,False,4,1,1,0.8698,0.8753052223906154,,minimum attainable main-event rate_upper over the declared grid (descriptive; its cost is not a comparable cost),1024,optimal,0.0009765625,0.0009765625,0.2768,0.2771,0.28455925107704794,"diagnostic frontier point (training scenarios only); not a method, never a member"
1,SD-SRC12,0.1,SD12MO_MAIN9,SD-12MO,MAIN9,"SD12MO_MAIN9:M1[relative,apply_to_dm=False]@alpha=0.1",M1_safety_margin,M1_safety_margin[apply_to_dm=False],sensitivity_line,True,selected,k=0.075,optimal,,main_reference_plan_domain,cp_upper,0.3892,0.3895,0.3975939786710658,False,False,4,5,4,0.3895,0.3975939786710658,k=0.075,minimum attainable main-event rate_upper over the declared grid (descriptive; its cost is not a comparable cost),1024,optimal,0.0009765625,0.0009765625,0.2768,0.2771,0.28455925107704794,"diagnostic frontier point (training scenarios only); not a method, never a member"
1,SD-SRC12,0.1,SD12MO_MAIN9,SD-12MO,MAIN9,"SD12MO_MAIN9:M1[relative,apply_to_dm=True]@alpha=0.1",M1_safety_margin,M1_safety_margin[apply_to_dm=True],entry,False,not_met,,,"no value of the declared grid met the validation screen (candidate statuses: optimal, proven_infeasible); a grid without a solution is not a statement about the whole decision space",main_reference_plan_domain,cp_upper,,,,,False,4,5,2,0.7354,0.7426544652044854,k=0.025,minimum attainable main-event rate_upper over the declared grid (descriptive; its cost is not a comparable cost),1024,optimal,0.0009765625,0.0009765625,0.2768,0.2771,0.28455925107704794,"diagnostic frontier point (training scenarios only); not a method, never a member"
1,SD-SRC12,0.1,SD12MO_MAIN9,SD-12MO,MAIN9,SD12MO_MAIN9:M2[N=1024]@alpha=0.1,M2_joint_chance_saa,M2_joint_chance_saa[N=1024],entry,True,selected,alpha_train=0.075,feasible_time_limit,,main_reference_plan_domain,cp_upper,0.4674,0.4677,0.47596327542459704,False,False,4,4,4,0.3378,0.3456637564135234,alpha_train=0.025,minimum attainable main-event rate_upper over the declared grid (descriptive; its cost is not a comparable cost),1024,optimal,0.0009765625,0.0009765625,0.2768,0.2771,0.28455925107704794,"diagnostic frontier point (training scenarios only); not a method, never a member"
1,SD-SRC12,0.1,SD12MO_MAIN9,SD-12MO,MAIN9,SD12MO_MAIN9:M2[N=128]@alpha=0.1,M2_joint_chance_saa,M2_joint_chance_saa[N=128],entry,True,selected,alpha_train=0.025,optimal,,main_reference_plan_domain,cp_upper,0.506,0.5062,0.5144715284249748,False,False,4,4,4,0.5062,0.5144715284249748,alpha_train=0.025,minimum attainable main-event rate_upper over the declared grid (descriptive; its cost is not a comparable cost),128,optimal,0.0,0.0,0.472,0.4722,0.48046676216899803,"diagnostic frontier point (training scenarios only); not a method, never a member"
1,SD-SRC12,0.1,SD12MO_MAIN9,SD-12MO,MAIN9,SD12MO_MAIN9:M2[N=512]@alpha=0.1,M2_joint_chance_saa,M2_joint_chance_saa[N=512],entry,True,selected,alpha_train=0.05,optimal,,main_reference_plan_domain,cp_upper,0.4698,0.47,0.4782651412028517,False,False,4,4,4,0.39,0.398095729787679,alpha_train=0.025,minimum attainable main-event rate_upper over the declared grid (descriptive; its cost is not a comparable cost),512,optimal,0.0,0.0,0.2788,0.279,0.2864743193294688,"diagnostic frontier point (training scenarios only); not a method, never a member"
1,SD-SRC12,0.1,SD12MO_MAIN9,SD-12MO,MAIN9,SD12MO_MAIN9:M3a[factory box]@alpha=0.1,M3a_box_robust,M3a_box_robust,entry,False,not_met,,,"no value of the declared grid met the validation screen (candidate statuses: optimal, proven_infeasible); a grid without a solution is not a statement about the whole decision space",main_reference_plan_domain,cp_upper,,,,,False,4,5,1,0.7007,0.7082387527216175,k_box=1.0,minimum attainable main-event rate_upper over the declared grid (descriptive; its cost is not a comparable cost),1024,optimal,0.0009765625,0.0009765625,0.2768,0.2771,0.28455925107704794,"diagnostic frontier point (training scenarios only); not a method, never a member"
1,SD-SRC12,0.1,SD12MO_MAIN9,SD-12MO,MAIN9,"SD12MO_MAIN9:M3b[factory box k=1.5, Gamma selected]@alpha=0.1",M3b_budget_robust,M3b_budget_robust,entry,True,selected,gamma=2,optimal,,main_reference_plan_domain,cp_upper,0.5037,0.5039,0.5121724057081212,False,False,4,35,17,0.3078,0.3154831356460464,"gamma=3 {""k_box"": 1.5}",minimum attainable main-event rate_upper over the declared grid (descriptive; its cost is not a comparable cost),1024,optimal,0.0009765625,0.0009765625,0.2768,0.2771,0.28455925107704794,"diagnostic frontier point (training scenarios only); not a method, never a member"
1,SD-SRC12,0.1,SDH0_MAIN9,SD-H0,MAIN9,SDH0_MAIN9:M0,M0_nominal,M0_nominal,entry,True,,,optimal,,main_reference_plan_domain,cp_upper,0.8698,0.8698,0.8753052223906154,False,False,4,1,1,0.8698,0.8753052223906154,,minimum attainable main-event rate_upper over the declared grid (descriptive; its cost is not a comparable cost),1024,frontier_no_feasible_solution_found_no_ration,0.0556640625,0.21484375,,,,
1,SD-SRC12,0.1,SDH0_MAIN9,SD-H0,MAIN9,"SDH0_MAIN9:M1[relative,apply_to_dm=False]@alpha=0.1",M1_safety_margin,M1_safety_margin[apply_to_dm=False],sensitivity_line,False,not_met,,,"no value of the declared grid met the validation screen (candidate statuses: optimal, proven_infeasible); a grid without a solution is not a statement about the whole decision space",main_reference_plan_domain,cp_upper,,,,,False,4,5,4,0.3895,0.3975939786710658,k=0.075,minimum attainable main-event rate_upper over the declared grid (descriptive; its cost is not a comparable cost),1024,frontier_no_feasible_solution_found_no_ration,0.0556640625,0.21484375,,,,
1,SD-SRC12,0.1,SDH0_MAIN9,SD-H0,MAIN9,"SDH0_MAIN9:M1[relative,apply_to_dm=True]@alpha=0.1",M1_safety_margin,M1_safety_margin[apply_to_dm=True],entry,False,not_met,,,"no value of the declared grid met the validation screen (candidate statuses: optimal, proven_infeasible); a grid without a solution is not a statement about the whole decision space",main_reference_plan_domain,cp_upper,,,,,False,4,5,2,0.7354,0.7426544652044854,k=0.025,minimum attainable main-event rate_upper over the declared grid (descriptive; its cost is not a comparable cost),1024,frontier_no_feasible_solution_found_no_ration,0.0556640625,0.21484375,,,,
1,SD-SRC12,0.1,SDH0_MAIN9,SD-H0,MAIN9,SDH0_MAIN9:M2[N=1024]@alpha=0.1,M2_joint_chance_saa,M2_joint_chance_saa[N=1024],entry,False,not_met,,,"SAA over the N training scenarios proven infeasible for every alpha_train of the declared grid (training scenarios only; not a population, field or whole-space statement)",main_reference_plan_domain,cp_upper,,,,,False,4,4,0,,,,no scored grid candidate with a ration (not a whole-space statement),1024,frontier_no_feasible_solution_found_no_ration,0.0556640625,0.21484375,,,,
1,SD-SRC12,0.1,SDH0_MAIN9,SD-H0,MAIN9,SDH0_MAIN9:M2[N=128]@alpha=0.1,M2_joint_chance_saa,M2_joint_chance_saa[N=128],entry,False,not_met,,,"SAA over the N training scenarios proven infeasible for every alpha_train of the declared grid (training scenarios only; not a population, field or whole-space statement)",main_reference_plan_domain,cp_upper,,,,,False,4,4,0,,,,no scored grid candidate with a ration (not a whole-space statement),128,optimal,0.171875,0.2109375,0.0981,0.0985,0.10353838865001701,"diagnostic frontier point (training scenarios only); not a method, never a member"
1,SD-SRC12,0.1,SDH0_MAIN9,SD-H0,MAIN9,SDH0_MAIN9:M2[N=512]@alpha=0.1,M2_joint_chance_saa,M2_joint_chance_saa[N=512],entry,False,not_met,,,"SAA over the N training scenarios proven infeasible for every alpha_train of the declared grid (training scenarios only; not a population, field or whole-space statement)",main_reference_plan_domain,cp_upper,,,,,False,4,4,0,,,,no scored grid candidate with a ration (not a whole-space statement),512,frontier_no_feasible_solution_found_no_ration,0.06640625,0.189453125,,,,
1,SD-SRC12,0.1,SDH0_MAIN9,SD-H0,MAIN9,SDH0_MAIN9:M3a[factory box]@alpha=0.1,M3a_box_robust,M3a_box_robust,entry,False,not_met,,,no value of the declared grid met the validation screen (candidate statuses: proven_infeasible); a grid without a solution is not a statement about the whole decision space,main_reference_plan_domain,cp_upper,,,,,False,4,5,0,,,,no scored grid candidate with a ration (not a whole-space statement),1024,frontier_no_feasible_solution_found_no_ration,0.0556640625,0.21484375,,,,
1,SD-SRC12,0.1,SDH0_MAIN9,SD-H0,MAIN9,SDH0_MAIN9:M3b[factory box]@alpha=0.1,M3b_budget_robust,M3b_budget_robust,entry,False,not_met,,,"no value of the declared grid met the validation screen (candidate statuses: optimal, proven_infeasible); a grid without a solution is not a statement about the whole decision space",main_reference_plan_domain,cp_upper,,,,,False,4,35,6,0.5375,0.5457422620886168,"gamma=1 {""k_box"": 1.0}",minimum attainable main-event rate_upper over the declared grid (descriptive; its cost is not a comparable cost),1024,frontier_no_feasible_solution_found_no_ration,0.0556640625,0.21484375,,,,
1,SD-SRC12,0.1,SDS2_MAIN9,SD-S2,MAIN9,SDS2_MAIN9:M0,M0_nominal,M0_nominal,entry,True,,,optimal,,main_reference_plan_domain,cp_upper,0.8698,0.8698,0.8753052223906154,False,False,4,1,1,0.8698,0.8753052223906154,,minimum attainable main-event rate_upper over the declared grid (descriptive; its cost is not a comparable cost),1024,optimal,0.0,0.0,0.2482,0.2485,0.25571179779846986,"diagnostic frontier point (training scenarios only); not a method, never a member"
1,SD-SRC12,0.1,SDS2_MAIN9,SD-S2,MAIN9,"SDS2_MAIN9:M1[relative,apply_to_dm=False]@alpha=0.1",M1_safety_margin,M1_safety_margin[apply_to_dm=False],sensitivity_line,True,selected,k=0.075,optimal,,main_reference_plan_domain,cp_upper,0.3892,0.3895,0.3975939786710658,False,False,4,5,4,0.3895,0.3975939786710658,k=0.075,minimum attainable main-event rate_upper over the declared grid (descriptive; its cost is not a comparable cost),1024,optimal,0.0,0.0,0.2482,0.2485,0.25571179779846986,"diagnostic frontier point (training scenarios only); not a method, never a member"
1,SD-SRC12,0.1,SDS2_MAIN9,SD-S2,MAIN9,"SDS2_MAIN9:M1[relative,apply_to_dm=True]@alpha=0.1",M1_safety_margin,M1_safety_margin[apply_to_dm=True],entry,False,not_met,,,"no value of the declared grid met the validation screen (candidate statuses: optimal, proven_infeasible); a grid without a solution is not a statement about the whole decision space",main_reference_plan_domain,cp_upper,,,,,False,4,5,2,0.7354,0.7426544652044854,k=0.025,minimum attainable main-event rate_upper over the declared grid (descriptive; its cost is not a comparable cost),1024,optimal,0.0,0.0,0.2482,0.2485,0.25571179779846986,"diagnostic frontier point (training scenarios only); not a method, never a member"
1,SD-SRC12,0.1,SDS2_MAIN9,SD-S2,MAIN9,SDS2_MAIN9:M2[N=1024]@alpha=0.1,M2_joint_chance_saa,M2_joint_chance_saa[N=1024],entry,True,selected,alpha_train=0.075,feasible_time_limit,,main_reference_plan_domain,cp_upper,0.4409,0.4412,0.4494291005850018,False,False,4,4,4,0.3526,0.36053982319597433,alpha_train=0.025,minimum attainable main-event rate_upper over the declared grid (descriptive; its cost is not a comparable cost),1024,optimal,0.0,0.0,0.2482,0.2485,0.25571179779846986,"diagnostic frontier point (training scenarios only); not a method, never a member"
1,SD-SRC12,0.1,SDS2_MAIN9,SD-S2,MAIN9,SDS2_MAIN9:M2[N=128]@alpha=0.1,M2_joint_chance_saa,M2_joint_chance_saa[N=128],entry,True,selected,alpha_train=0.025,optimal,,main_reference_plan_domain,cp_upper,0.5073,0.5075,0.515770955588891,False,False,4,4,4,0.4995,0.5077735991453513,alpha_train=0.05,minimum attainable main-event rate_upper over the declared grid (descriptive; its cost is not a comparable cost),128,optimal,0.0,0.0,0.5143,0.5145,0.5227669150841802,"diagnostic frontier point (training scenarios only); not a method, never a member"
1,SD-SRC12,0.1,SDS2_MAIN9,SD-S2,MAIN9,SDS2_MAIN9:M2[N=512]@alpha=0.1,M2_joint_chance_saa,M2_joint_chance_saa[N=512],entry,True,selected,alpha_train=0.075,feasible_time_limit,,main_reference_plan_domain,cp_upper,0.4604,0.4607,0.4689565189672191,False,False,4,4,4,0.3575,0.3654631761213015,alpha_train=0.025,minimum attainable main-event rate_upper over the declared grid (descriptive; its cost is not a comparable cost),512,optimal,0.0,0.0,0.2713,0.2716,0.27901469564728265,"diagnostic frontier point (training scenarios only); not a method, never a member"
1,SD-SRC12,0.1,SDS2_MAIN9,SD-S2,MAIN9,SDS2_MAIN9:M3a[factory box]@alpha=0.1,M3a_box_robust,M3a_box_robust,entry,True,selected,k_box=1.5,optimal,,main_reference_plan_domain,cp_upper,0.3295,0.3298,0.33761911205497425,False,False,4,5,2,0.3298,0.33761911205497425,k_box=1.5,minimum attainable main-event rate_upper over the declared grid (descriptive; its cost is not a comparable cost),1024,optimal,0.0,0.0,0.2482,0.2485,0.25571179779846986,"diagnostic frontier point (training scenarios only); not a method, never a member"
1,SD-SRC12,0.1,SDS2_MAIN9,SD-S2,MAIN9,"SDS2_MAIN9:M3b[factory box k=1.5, Gamma selected]@alpha=0.1",M3b_budget_robust,M3b_budget_robust,entry,True,selected,gamma=2,optimal,,main_reference_plan_domain,cp_upper,0.4867,0.4869,0.49517349364533025,False,False,4,35,24,0.1846,0.19109926355479165,"gamma=3 {""k_box"": 2.0}",minimum attainable main-event rate_upper over the declared grid (descriptive; its cost is not a comparable cost),1024,optimal,0.0,0.0,0.2482,0.2485,0.25571179779846986,"diagnostic frontier point (training scenarios only); not a method, never a member"
1,SD-SRC12,0.1,SDSRC12_MAIN9,SD-SRC12,MAIN9,SDSRC12_MAIN9:M0,M0_nominal,M0_nominal,entry,True,,,optimal,,main_reference_plan_domain,cp_upper,0.8698,0.8698,0.8753052223906154,False,False,4,1,1,0.8698,0.8753052223906154,,minimum attainable main-event rate_upper over the declared grid (descriptive; its cost is not a comparable cost),1024,frontier_no_feasible_solution_found_no_ration,0.0126953125,0.0380859375,,,,
1,SD-SRC12,0.1,SDSRC12_MAIN9,SD-SRC12,MAIN9,"SDSRC12_MAIN9:M1[relative,apply_to_dm=False]@alpha=0.1",M1_safety_margin,M1_safety_margin[apply_to_dm=False],sensitivity_line,False,not_met,,,"no value of the declared grid met the validation screen (candidate statuses: optimal, proven_infeasible); a grid without a solution is not a statement about the whole decision space",main_reference_plan_domain,cp_upper,,,,,False,4,5,4,0.3895,0.3975939786710658,k=0.075,minimum attainable main-event rate_upper over the declared grid (descriptive; its cost is not a comparable cost),1024,frontier_no_feasible_solution_found_no_ration,0.0126953125,0.0380859375,,,,
1,SD-SRC12,0.1,SDSRC12_MAIN9,SD-SRC12,MAIN9,"SDSRC12_MAIN9:M1[relative,apply_to_dm=True]@alpha=0.1",M1_safety_margin,M1_safety_margin[apply_to_dm=True],entry,False,not_met,,,"no value of the declared grid met the validation screen (candidate statuses: optimal, proven_infeasible); a grid without a solution is not a statement about the whole decision space",main_reference_plan_domain,cp_upper,,,,,False,4,5,2,0.7354,0.7426544652044854,k=0.025,minimum attainable main-event rate_upper over the declared grid (descriptive; its cost is not a comparable cost),1024,frontier_no_feasible_solution_found_no_ration,0.0126953125,0.0380859375,,,,
1,SD-SRC12,0.1,SDSRC12_MAIN9,SD-SRC12,MAIN9,SDSRC12_MAIN9:M2[N=1024]@alpha=0.1,M2_joint_chance_saa,M2_joint_chance_saa[N=1024],entry,True,selected,alpha_train=0.1,feasible_time_limit,,main_reference_plan_domain,cp_upper,0.0461,0.0465,0.05011266661669491,True,True,4,4,2,0.0266,0.029401258125766928,alpha_train=0.05,minimum attainable main-event rate_upper over the declared grid (descriptive; its cost is not a comparable cost),1024,frontier_no_feasible_solution_found_no_ration,0.0126953125,0.0380859375,,,,
1,SD-SRC12,0.1,SDSRC12_MAIN9,SD-SRC12,MAIN9,SDSRC12_MAIN9:M2[N=128]@alpha=0.1,M2_joint_chance_saa,M2_joint_chance_saa[N=128],entry,True,selected,alpha_train=0.05,optimal,,main_reference_plan_domain,cp_upper,0.0652,0.0656,0.06981688205395603,True,True,4,4,4,0.0349,0.038070922112248634,alpha_train=0.025,minimum attainable main-event rate_upper over the declared grid (descriptive; its cost is not a comparable cost),128,optimal,0.0234375,0.0234375,0.0345,0.0349,0.038070922112248634,"diagnostic frontier point (training scenarios only); not a method, never a member"
1,SD-SRC12,0.1,SDSRC12_MAIN9,SD-SRC12,MAIN9,SDSRC12_MAIN9:M2[N=512]@alpha=0.1,M2_joint_chance_saa,M2_joint_chance_saa[N=512],entry,True,selected,alpha_train=0.075,feasible_time_limit,,main_reference_plan_domain,cp_upper,0.0632,0.0636,0.06775908789005411,True,True,4,4,3,0.0345,0.03765430250205349,alpha_train=0.05,minimum attainable main-event rate_upper over the declared grid (descriptive; its cost is not a comparable cost),512,optimal,0.03125,0.03125,0.0293,0.0298,0.032750411891377444,"diagnostic frontier point (training scenarios only); not a method, never a member"
1,SD-SRC12,0.1,SDSRC12_MAIN9,SD-SRC12,MAIN9,SDSRC12_MAIN9:M3a[factory box]@alpha=0.1,M3a_box_robust,M3a_box_robust,entry,False,not_met,,,no value of the declared grid met the validation screen (candidate statuses: proven_infeasible); a grid without a solution is not a statement about the whole decision space,main_reference_plan_domain,cp_upper,,,,,False,4,5,0,,,,no scored grid candidate with a ration (not a whole-space statement),1024,frontier_no_feasible_solution_found_no_ration,0.0126953125,0.0380859375,,,,
1,SD-SRC12,0.1,SDSRC12_MAIN9,SD-SRC12,MAIN9,SDSRC12_MAIN9:M3b[factory box]@alpha=0.1,M3b_budget_robust,M3b_budget_robust,entry,False,not_met,,,"no value of the declared grid met the validation screen (candidate statuses: optimal, proven_infeasible); a grid without a solution is not a statement about the whole decision space",main_reference_plan_domain,cp_upper,,,,,False,4,35,10,0.1757,0.18207937503111554,"gamma=3 {""k_box"": 1.0}",minimum attainable main-event rate_upper over the declared grid (descriptive; its cost is not a comparable cost),1024,frontier_no_feasible_solution_found_no_ration,0.0126953125,0.0380859375,,,,
1,SD-SRC12,0.1,SDSRC14_MAIN9,SD-SRC14,MAIN9,SDSRC14_MAIN9:M0,M0_nominal,M0_nominal,entry,True,,,optimal,,main_reference_plan_domain,cp_upper,0.8698,0.8698,0.8753052223906154,False,False,4,1,1,0.8698,0.8753052223906154,,minimum attainable main-event rate_upper over the declared grid (descriptive; its cost is not a comparable cost),1024,optimal,0.0,0.0,0.0513,0.0518,0.05559323263645983,"diagnostic frontier point (training scenarios only); not a method, never a member"
1,SD-SRC12,0.1,SDSRC14_MAIN9,SD-SRC14,MAIN9,"SDSRC14_MAIN9:M1[relative,apply_to_dm=False]@alpha=0.1",M1_safety_margin,M1_safety_margin[apply_to_dm=False],sensitivity_line,False,not_met,,,"no value of the declared grid met the validation screen (candidate statuses: optimal, proven_infeasible); a grid without a solution is not a statement about the whole decision space",main_reference_plan_domain,cp_upper,,,,,False,4,5,4,0.3895,0.3975939786710658,k=0.075,minimum attainable main-event rate_upper over the declared grid (descriptive; its cost is not a comparable cost),1024,optimal,0.0,0.0,0.0513,0.0518,0.05559323263645983,"diagnostic frontier point (training scenarios only); not a method, never a member"
1,SD-SRC12,0.1,SDSRC14_MAIN9,SD-SRC14,MAIN9,"SDSRC14_MAIN9:M1[relative,apply_to_dm=True]@alpha=0.1",M1_safety_margin,M1_safety_margin[apply_to_dm=True],entry,False,not_met,,,"no value of the declared grid met the validation screen (candidate statuses: optimal, proven_infeasible); a grid without a solution is not a statement about the whole decision space",main_reference_plan_domain,cp_upper,,,,,False,4,5,2,0.7354,0.7426544652044854,k=0.025,minimum attainable main-event rate_upper over the declared grid (descriptive; its cost is not a comparable cost),1024,optimal,0.0,0.0,0.0513,0.0518,0.05559323263645983,"diagnostic frontier point (training scenarios only); not a method, never a member"
1,SD-SRC12,0.1,SDSRC14_MAIN9,SD-SRC14,MAIN9,SDSRC14_MAIN9:M2[N=1024]@alpha=0.1,M2_joint_chance_saa,M2_joint_chance_saa[N=1024],entry,True,selected,alpha_train=0.05,feasible_time_limit,,main_reference_plan_domain,cp_upper,0.0639,0.0643,0.06847944186702756,True,True,4,4,4,0.0481,0.05176839246408696,alpha_train=0.025,minimum attainable main-event rate_upper over the declared grid (descriptive; its cost is not a comparable cost),1024,optimal,0.0,0.0,0.0513,0.0518,0.05559323263645983,"diagnostic frontier point (training scenarios only); not a method, never a member"
1,SD-SRC12,0.1,SDSRC14_MAIN9,SD-SRC14,MAIN9,SDSRC14_MAIN9:M2[N=128]@alpha=0.1,M2_joint_chance_saa,M2_joint_chance_saa[N=128],entry,True,selected,alpha_train=0.05,optimal,,main_reference_plan_domain,cp_upper,0.0951,0.0954,0.10036963592697107,False,False,4,4,4,0.0802,0.08480856769666804,alpha_train=0.025,minimum attainable main-event rate_upper over the declared grid (descriptive; its cost is not a comparable cost),128,optimal,0.0,0.0,0.0597,0.0602,0.06425821686771434,"diagnostic frontier point (training scenarios only); not a method, never a member"
1,SD-SRC12,0.1,SDSRC14_MAIN9,SD-SRC14,MAIN9,SDSRC14_MAIN9:M2[N=512]@alpha=0.1,M2_joint_chance_saa,M2_joint_chance_saa[N=512],entry,True,selected,alpha_train=0.075,feasible_time_limit,,main_reference_plan_domain,cp_upper,0.095,0.0954,0.10036963592697107,False,False,4,4,4,0.0708,0.07516219127231756,alpha_train=0.025,minimum attainable main-event rate_upper over the declared grid (descriptive; its cost is not a comparable cost),512,optimal,0.0,0.0,0.0776,0.0781,0.08265520824024802,"diagnostic frontier point (training scenarios only); not a method, never a member"
1,SD-SRC12,0.1,SDSRC14_MAIN9,SD-SRC14,MAIN9,SDSRC14_MAIN9:M3a[factory box]@alpha=0.1,M3a_box_robust,M3a_box_robust,entry,True,selected,k_box=1.0,optimal,,main_reference_plan_domain,cp_upper,0.2076,0.2079,0.21468745414989496,False,False,4,5,1,0.2079,0.21468745414989496,k_box=1.0,minimum attainable main-event rate_upper over the declared grid (descriptive; its cost is not a comparable cost),1024,optimal,0.0,0.0,0.0513,0.0518,0.05559323263645983,"diagnostic frontier point (training scenarios only); not a method, never a member"
1,SD-SRC12,0.1,SDSRC14_MAIN9,SD-SRC14,MAIN9,"SDSRC14_MAIN9:M3b[factory box k=1, Gamma selected]@alpha=0.1",M3b_budget_robust,M3b_budget_robust,entry,True,selected,gamma=4,optimal,,main_reference_plan_domain,cp_upper,0.1982,0.1986,0.2052766804220488,False,False,4,35,18,0.1217,0.12720931934125473,"gamma=3 {""k_box"": 1.5}",minimum attainable main-event rate_upper over the declared grid (descriptive; its cost is not a comparable cost),1024,optimal,0.0,0.0,0.0513,0.0518,0.05559323263645983,"diagnostic frontier point (training scenarios only); not a method, never a member"
1,SD-SRC12,0.01,SD12MO_MAIN9,SD-12MO,MAIN9,SD12MO_MAIN9:M0,M0_nominal,M0_nominal,entry,True,,,optimal,,main_reference_plan_domain,cp_upper,0.8698,0.8698,0.8753052223906154,False,False,0,1,1,0.8698,0.8753052223906154,,minimum attainable main-event rate_upper over the declared grid (descriptive; its cost is not a comparable cost),1024,optimal,0.0009765625,0.0009765625,0.2768,0.2771,0.28455925107704794,"diagnostic frontier point (training scenarios only); not a method, never a member"
1,SD-SRC12,0.01,SD12MO_MAIN9,SD-12MO,MAIN9,"SD12MO_MAIN9:M1[relative,apply_to_dm=False]@alpha=0.01",M1_safety_margin,M1_safety_margin[apply_to_dm=False],sensitivity_line,False,not_met,,,"no value of the declared grid met the validation screen (candidate statuses: optimal, proven_infeasible); a grid without a solution is not a statement about the whole decision space",main_reference_plan_domain,cp_upper,,,,,False,0,5,4,0.3895,0.3975939786710658,k=0.075,minimum attainable main-event rate_upper over the declared grid (descriptive; its cost is not a comparable cost),1024,optimal,0.0009765625,0.0009765625,0.2768,0.2771,0.28455925107704794,"diagnostic frontier point (training scenarios only); not a method, never a member"
1,SD-SRC12,0.01,SD12MO_MAIN9,SD-12MO,MAIN9,"SD12MO_MAIN9:M1[relative,apply_to_dm=True]@alpha=0.01",M1_safety_margin,M1_safety_margin[apply_to_dm=True],entry,False,not_met,,,"no value of the declared grid met the validation screen (candidate statuses: optimal, proven_infeasible); a grid without a solution is not a statement about the whole decision space",main_reference_plan_domain,cp_upper,,,,,False,0,5,2,0.7354,0.7426544652044854,k=0.025,minimum attainable main-event rate_upper over the declared grid (descriptive; its cost is not a comparable cost),1024,optimal,0.0009765625,0.0009765625,0.2768,0.2771,0.28455925107704794,"diagnostic frontier point (training scenarios only); not a method, never a member"
1,SD-SRC12,0.01,SD12MO_MAIN9,SD-12MO,MAIN9,SD12MO_MAIN9:M2[N=1024]@alpha=0.01,M2_joint_chance_saa,M2_joint_chance_saa[N=1024],entry,True,selected,alpha_train=0.0025,optimal,,main_reference_plan_domain,cp_upper,0.2889,0.2891,0.29665168226551325,False,False,0,4,4,0.2465,0.2536929866768526,alpha_train=0.0075,minimum attainable main-event rate_upper over the declared grid (descriptive; its cost is not a comparable cost),1024,optimal,0.0009765625,0.0009765625,0.2768,0.2771,0.28455925107704794,"diagnostic frontier point (training scenarios only); not a method, never a member"
1,SD-SRC12,0.01,SD12MO_MAIN9,SD-12MO,MAIN9,SD12MO_MAIN9:M2[N=128]@alpha=0.01,M2_joint_chance_saa,M2_joint_chance_saa[N=128],entry,False,not_met,,,no value of the declared grid met the validation screen (candidate statuses: optimal); a grid without a solution is not a statement about the whole decision space,main_reference_plan_domain,cp_upper,,,,,False,0,4,4,0.4722,0.48046676216899803,alpha_train=0.0075,minimum attainable main-event rate_upper over the declared grid (descriptive; its cost is not a comparable cost),128,optimal,0.0,0.0,0.472,0.4722,0.48046676216899803,"diagnostic frontier point (training scenarios only); not a method, never a member"
1,SD-SRC12,0.01,SD12MO_MAIN9,SD-12MO,MAIN9,SD12MO_MAIN9:M2[N=512]@alpha=0.01,M2_joint_chance_saa,M2_joint_chance_saa[N=512],entry,False,not_met,,,no value of the declared grid met the validation screen (candidate statuses: optimal); a grid without a solution is not a statement about the whole decision space,main_reference_plan_domain,cp_upper,,,,,False,0,4,4,0.2732,0.28062780179529184,alpha_train=0.0075,minimum attainable main-event rate_upper over the declared grid (descriptive; its cost is not a comparable cost),512,optimal,0.0,0.0,0.2788,0.279,0.2864743193294688,"diagnostic frontier point (training scenarios only); not a method, never a member"
1,SD-SRC12,0.01,SD12MO_MAIN9,SD-12MO,MAIN9,SD12MO_MAIN9:M3a[factory box]@alpha=0.01,M3a_box_robust,M3a_box_robust,entry,False,not_met,,,"no value of the declared grid met the validation screen (candidate statuses: optimal, proven_infeasible); a grid without a solution is not a statement about the whole decision space",main_reference_plan_domain,cp_upper,,,,,False,0,5,1,0.7007,0.7082387527216175,k_box=1.0,minimum attainable main-event rate_upper over the declared grid (descriptive; its cost is not a comparable cost),1024,optimal,0.0009765625,0.0009765625,0.2768,0.2771,0.28455925107704794,"diagnostic frontier point (training scenarios only); not a method, never a member"
1,SD-SRC12,0.01,SD12MO_MAIN9,SD-12MO,MAIN9,SD12MO_MAIN9:M3b[factory box]@alpha=0.01,M3b_budget_robust,M3b_budget_robust,entry,False,not_met,,,no value of the declared grid met the validation screen (candidate statuses: optimal); a grid without a solution is not a statement about the whole decision space,main_reference_plan_domain,cp_upper,,,,,False,0,35,17,0.3078,0.3154831356460464,"gamma=3 {""k_box"": 1.5}",minimum attainable main-event rate_upper over the declared grid (descriptive; its cost is not a comparable cost),1024,optimal,0.0009765625,0.0009765625,0.2768,0.2771,0.28455925107704794,"diagnostic frontier point (training scenarios only); not a method, never a member"
1,SD-SRC12,0.01,SDH0_MAIN9,SD-H0,MAIN9,SDH0_MAIN9:M0,M0_nominal,M0_nominal,entry,True,,,optimal,,main_reference_plan_domain,cp_upper,0.8698,0.8698,0.8753052223906154,False,False,0,1,1,0.8698,0.8753052223906154,,minimum attainable main-event rate_upper over the declared grid (descriptive; its cost is not a comparable cost),1024,frontier_no_feasible_solution_found_no_ration,0.0556640625,0.21484375,,,,
1,SD-SRC12,0.01,SDH0_MAIN9,SD-H0,MAIN9,"SDH0_MAIN9:M1[relative,apply_to_dm=False]@alpha=0.01",M1_safety_margin,M1_safety_margin[apply_to_dm=False],sensitivity_line,False,not_met,,,"no value of the declared grid met the validation screen (candidate statuses: optimal, proven_infeasible); a grid without a solution is not a statement about the whole decision space",main_reference_plan_domain,cp_upper,,,,,False,0,5,4,0.3895,0.3975939786710658,k=0.075,minimum attainable main-event rate_upper over the declared grid (descriptive; its cost is not a comparable cost),1024,frontier_no_feasible_solution_found_no_ration,0.0556640625,0.21484375,,,,
1,SD-SRC12,0.01,SDH0_MAIN9,SD-H0,MAIN9,"SDH0_MAIN9:M1[relative,apply_to_dm=True]@alpha=0.01",M1_safety_margin,M1_safety_margin[apply_to_dm=True],entry,False,not_met,,,"no value of the declared grid met the validation screen (candidate statuses: optimal, proven_infeasible); a grid without a solution is not a statement about the whole decision space",main_reference_plan_domain,cp_upper,,,,,False,0,5,2,0.7354,0.7426544652044854,k=0.025,minimum attainable main-event rate_upper over the declared grid (descriptive; its cost is not a comparable cost),1024,frontier_no_feasible_solution_found_no_ration,0.0556640625,0.21484375,,,,
1,SD-SRC12,0.01,SDH0_MAIN9,SD-H0,MAIN9,SDH0_MAIN9:M2[N=1024]@alpha=0.01,M2_joint_chance_saa,M2_joint_chance_saa[N=1024],entry,False,not_met,,,"SAA over the N training scenarios proven infeasible for every alpha_train of the declared grid (training scenarios only; not a population, field or whole-space statement)",main_reference_plan_domain,cp_upper,,,,,False,0,4,0,,,,no scored grid candidate with a ration (not a whole-space statement),1024,frontier_no_feasible_solution_found_no_ration,0.0556640625,0.21484375,,,,
1,SD-SRC12,0.01,SDH0_MAIN9,SD-H0,MAIN9,SDH0_MAIN9:M2[N=128]@alpha=0.01,M2_joint_chance_saa,M2_joint_chance_saa[N=128],entry,False,not_met,,,"SAA over the N training scenarios proven infeasible for every alpha_train of the declared grid (training scenarios only; not a population, field or whole-space statement)",main_reference_plan_domain,cp_upper,,,,,False,0,4,0,,,,no scored grid candidate with a ration (not a whole-space statement),128,optimal,0.171875,0.2109375,0.0981,0.0985,0.10353838865001701,"diagnostic frontier point (training scenarios only); not a method, never a member"
1,SD-SRC12,0.01,SDH0_MAIN9,SD-H0,MAIN9,SDH0_MAIN9:M2[N=512]@alpha=0.01,M2_joint_chance_saa,M2_joint_chance_saa[N=512],entry,False,not_met,,,"SAA over the N training scenarios proven infeasible for every alpha_train of the declared grid (training scenarios only; not a population, field or whole-space statement)",main_reference_plan_domain,cp_upper,,,,,False,0,4,0,,,,no scored grid candidate with a ration (not a whole-space statement),512,frontier_no_feasible_solution_found_no_ration,0.06640625,0.189453125,,,,
1,SD-SRC12,0.01,SDH0_MAIN9,SD-H0,MAIN9,SDH0_MAIN9:M3a[factory box]@alpha=0.01,M3a_box_robust,M3a_box_robust,entry,False,not_met,,,no value of the declared grid met the validation screen (candidate statuses: proven_infeasible); a grid without a solution is not a statement about the whole decision space,main_reference_plan_domain,cp_upper,,,,,False,0,5,0,,,,no scored grid candidate with a ration (not a whole-space statement),1024,frontier_no_feasible_solution_found_no_ration,0.0556640625,0.21484375,,,,
1,SD-SRC12,0.01,SDH0_MAIN9,SD-H0,MAIN9,SDH0_MAIN9:M3b[factory box]@alpha=0.01,M3b_budget_robust,M3b_budget_robust,entry,False,not_met,,,"no value of the declared grid met the validation screen (candidate statuses: optimal, proven_infeasible); a grid without a solution is not a statement about the whole decision space",main_reference_plan_domain,cp_upper,,,,,False,0,35,6,0.5375,0.5457422620886168,"gamma=1 {""k_box"": 1.0}",minimum attainable main-event rate_upper over the declared grid (descriptive; its cost is not a comparable cost),1024,frontier_no_feasible_solution_found_no_ration,0.0556640625,0.21484375,,,,
1,SD-SRC12,0.01,SDS2_MAIN9,SD-S2,MAIN9,SDS2_MAIN9:M0,M0_nominal,M0_nominal,entry,True,,,optimal,,main_reference_plan_domain,cp_upper,0.8698,0.8698,0.8753052223906154,False,False,0,1,1,0.8698,0.8753052223906154,,minimum attainable main-event rate_upper over the declared grid (descriptive; its cost is not a comparable cost),1024,optimal,0.0,0.0,0.2482,0.2485,0.25571179779846986,"diagnostic frontier point (training scenarios only); not a method, never a member"
1,SD-SRC12,0.01,SDS2_MAIN9,SD-S2,MAIN9,"SDS2_MAIN9:M1[relative,apply_to_dm=False]@alpha=0.01",M1_safety_margin,M1_safety_margin[apply_to_dm=False],sensitivity_line,False,not_met,,,"no value of the declared grid met the validation screen (candidate statuses: optimal, proven_infeasible); a grid without a solution is not a statement about the whole decision space",main_reference_plan_domain,cp_upper,,,,,False,0,5,4,0.3895,0.3975939786710658,k=0.075,minimum attainable main-event rate_upper over the declared grid (descriptive; its cost is not a comparable cost),1024,optimal,0.0,0.0,0.2482,0.2485,0.25571179779846986,"diagnostic frontier point (training scenarios only); not a method, never a member"
1,SD-SRC12,0.01,SDS2_MAIN9,SD-S2,MAIN9,"SDS2_MAIN9:M1[relative,apply_to_dm=True]@alpha=0.01",M1_safety_margin,M1_safety_margin[apply_to_dm=True],entry,False,not_met,,,"no value of the declared grid met the validation screen (candidate statuses: optimal, proven_infeasible); a grid without a solution is not a statement about the whole decision space",main_reference_plan_domain,cp_upper,,,,,False,0,5,2,0.7354,0.7426544652044854,k=0.025,minimum attainable main-event rate_upper over the declared grid (descriptive; its cost is not a comparable cost),1024,optimal,0.0,0.0,0.2482,0.2485,0.25571179779846986,"diagnostic frontier point (training scenarios only); not a method, never a member"
1,SD-SRC12,0.01,SDS2_MAIN9,SD-S2,MAIN9,SDS2_MAIN9:M2[N=1024]@alpha=0.01,M2_joint_chance_saa,M2_joint_chance_saa[N=1024],entry,True,selected,alpha_train=0.0025,optimal,,main_reference_plan_domain,cp_upper,0.247,0.2473,0.25450053567871295,False,False,0,4,4,0.2473,0.25450053567871295,alpha_train=0.0025,minimum attainable main-event rate_upper over the declared grid (descriptive; its cost is not a comparable cost),1024,optimal,0.0,0.0,0.2482,0.2485,0.25571179779846986,"diagnostic frontier point (training scenarios only); not a method, never a member"
1,SD-SRC12,0.01,SDS2_MAIN9,SD-S2,MAIN9,SDS2_MAIN9:M2[N=128]@alpha=0.01,M2_joint_chance_saa,M2_joint_chance_saa[N=128],entry,False,not_met,,,no value of the declared grid met the validation screen (candidate statuses: optimal); a grid without a solution is not a statement about the whole decision space,main_reference_plan_domain,cp_upper,,,,,False,0,4,4,0.4928,0.5010741933392687,alpha_train=0.01,minimum attainable main-event rate_upper over the declared grid (descriptive; its cost is not a comparable cost),128,optimal,0.0,0.0,0.5143,0.5145,0.5227669150841802,"diagnostic frontier point (training scenarios only); not a method, never a member"
1,SD-SRC12,0.01,SDS2_MAIN9,SD-S2,MAIN9,SDS2_MAIN9:M2[N=512]@alpha=0.01,M2_joint_chance_saa,M2_joint_chance_saa[N=512],entry,False,not_met,,,no value of the declared grid met the validation screen (candidate statuses: optimal); a grid without a solution is not a statement about the whole decision space,main_reference_plan_domain,cp_upper,,,,,False,0,4,4,0.2713,0.2787122249511701,alpha_train=0.0025,minimum attainable main-event rate_upper over the declared grid (descriptive; its cost is not a comparable cost),512,optimal,0.0,0.0,0.2713,0.2716,0.27901469564728265,"diagnostic frontier point (training scenarios only); not a method, never a member"
1,SD-SRC12,0.01,SDS2_MAIN9,SD-S2,MAIN9,SDS2_MAIN9:M3a[factory box]@alpha=0.01,M3a_box_robust,M3a_box_robust,entry,True,selected,k_box=1.5,optimal,,main_reference_plan_domain,cp_upper,0.3295,0.3298,0.33761911205497425,False,False,0,5,2,0.3298,0.33761911205497425,k_box=1.5,minimum attainable main-event rate_upper over the declared grid (descriptive; its cost is not a comparable cost),1024,optimal,0.0,0.0,0.2482,0.2485,0.25571179779846986,"diagnostic frontier point (training scenarios only); not a method, never a member"
1,SD-SRC12,0.01,SDS2_MAIN9,SD-S2,MAIN9,"SDS2_MAIN9:M3b[factory box k=1.5, Gamma selected]@alpha=0.01",M3b_budget_robust,M3b_budget_robust,entry,True,selected,gamma=4,optimal,,main_reference_plan_domain,cp_upper,0.3764,0.3766,0.38464571731723457,False,False,0,35,24,0.1846,0.19109926355479165,"gamma=3 {""k_box"": 2.0}",minimum attainable main-event rate_upper over the declared grid (descriptive; its cost is not a comparable cost),1024,optimal,0.0,0.0,0.2482,0.2485,0.25571179779846986,"diagnostic frontier point (training scenarios only); not a method, never a member"
1,SD-SRC12,0.01,SDSRC12_MAIN9,SD-SRC12,MAIN9,SDSRC12_MAIN9:M0,M0_nominal,M0_nominal,entry,True,,,optimal,,main_reference_plan_domain,cp_upper,0.8698,0.8698,0.8753052223906154,False,False,0,1,1,0.8698,0.8753052223906154,,minimum attainable main-event rate_upper over the declared grid (descriptive; its cost is not a comparable cost),1024,frontier_no_feasible_solution_found_no_ration,0.0126953125,0.0380859375,,,,
1,SD-SRC12,0.01,SDSRC12_MAIN9,SD-SRC12,MAIN9,"SDSRC12_MAIN9:M1[relative,apply_to_dm=False]@alpha=0.01",M1_safety_margin,M1_safety_margin[apply_to_dm=False],sensitivity_line,False,not_met,,,"no value of the declared grid met the validation screen (candidate statuses: optimal, proven_infeasible); a grid without a solution is not a statement about the whole decision space",main_reference_plan_domain,cp_upper,,,,,False,0,5,4,0.3895,0.3975939786710658,k=0.075,minimum attainable main-event rate_upper over the declared grid (descriptive; its cost is not a comparable cost),1024,frontier_no_feasible_solution_found_no_ration,0.0126953125,0.0380859375,,,,
1,SD-SRC12,0.01,SDSRC12_MAIN9,SD-SRC12,MAIN9,"SDSRC12_MAIN9:M1[relative,apply_to_dm=True]@alpha=0.01",M1_safety_margin,M1_safety_margin[apply_to_dm=True],entry,False,not_met,,,"no value of the declared grid met the validation screen (candidate statuses: optimal, proven_infeasible); a grid without a solution is not a statement about the whole decision space",main_reference_plan_domain,cp_upper,,,,,False,0,5,2,0.7354,0.7426544652044854,k=0.025,minimum attainable main-event rate_upper over the declared grid (descriptive; its cost is not a comparable cost),1024,frontier_no_feasible_solution_found_no_ration,0.0126953125,0.0380859375,,,,
1,SD-SRC12,0.01,SDSRC12_MAIN9,SD-SRC12,MAIN9,SDSRC12_MAIN9:M2[N=1024]@alpha=0.01,M2_joint_chance_saa,M2_joint_chance_saa[N=1024],entry,False,not_met,,,"SAA over the N training scenarios proven infeasible for every alpha_train of the declared grid (training scenarios only; not a population, field or whole-space statement)",main_reference_plan_domain,cp_upper,,,,,False,0,4,0,,,,no scored grid candidate with a ration (not a whole-space statement),1024,frontier_no_feasible_solution_found_no_ration,0.0126953125,0.0380859375,,,,
1,SD-SRC12,0.01,SDSRC12_MAIN9,SD-SRC12,MAIN9,SDSRC12_MAIN9:M2[N=128]@alpha=0.01,M2_joint_chance_saa,M2_joint_chance_saa[N=128],entry,False,not_met,,,"SAA over the N training scenarios proven infeasible for every alpha_train of the declared grid (training scenarios only; not a population, field or whole-space statement)",main_reference_plan_domain,cp_upper,,,,,False,0,4,0,,,,no scored grid candidate with a ration (not a whole-space statement),128,optimal,0.0234375,0.0234375,0.0345,0.0349,0.038070922112248634,"diagnostic frontier point (training scenarios only); not a method, never a member"
1,SD-SRC12,0.01,SDSRC12_MAIN9,SD-SRC12,MAIN9,SDSRC12_MAIN9:M2[N=512]@alpha=0.01,M2_joint_chance_saa,M2_joint_chance_saa[N=512],entry,False,not_met,,,"SAA over the N training scenarios proven infeasible for every alpha_train of the declared grid (training scenarios only; not a population, field or whole-space statement)",main_reference_plan_domain,cp_upper,,,,,False,0,4,0,,,,no scored grid candidate with a ration (not a whole-space statement),512,optimal,0.03125,0.03125,0.0293,0.0298,0.032750411891377444,"diagnostic frontier point (training scenarios only); not a method, never a member"
1,SD-SRC12,0.01,SDSRC12_MAIN9,SD-SRC12,MAIN9,SDSRC12_MAIN9:M3a[factory box]@alpha=0.01,M3a_box_robust,M3a_box_robust,entry,False,not_met,,,no value of the declared grid met the validation screen (candidate statuses: proven_infeasible); a grid without a solution is not a statement about the whole decision space,main_reference_plan_domain,cp_upper,,,,,False,0,5,0,,,,no scored grid candidate with a ration (not a whole-space statement),1024,frontier_no_feasible_solution_found_no_ration,0.0126953125,0.0380859375,,,,
1,SD-SRC12,0.01,SDSRC12_MAIN9,SD-SRC12,MAIN9,SDSRC12_MAIN9:M3b[factory box]@alpha=0.01,M3b_budget_robust,M3b_budget_robust,entry,False,not_met,,,"no value of the declared grid met the validation screen (candidate statuses: optimal, proven_infeasible); a grid without a solution is not a statement about the whole decision space",main_reference_plan_domain,cp_upper,,,,,False,0,35,10,0.1757,0.18207937503111554,"gamma=3 {""k_box"": 1.0}",minimum attainable main-event rate_upper over the declared grid (descriptive; its cost is not a comparable cost),1024,frontier_no_feasible_solution_found_no_ration,0.0126953125,0.0380859375,,,,
1,SD-SRC12,0.01,SDSRC14_MAIN9,SD-SRC14,MAIN9,SDSRC14_MAIN9:M0,M0_nominal,M0_nominal,entry,True,,,optimal,,main_reference_plan_domain,cp_upper,0.8698,0.8698,0.8753052223906154,False,False,0,1,1,0.8698,0.8753052223906154,,minimum attainable main-event rate_upper over the declared grid (descriptive; its cost is not a comparable cost),1024,optimal,0.0,0.0,0.0513,0.0518,0.05559323263645983,"diagnostic frontier point (training scenarios only); not a method, never a member"
1,SD-SRC12,0.01,SDSRC14_MAIN9,SD-SRC14,MAIN9,"SDSRC14_MAIN9:M1[relative,apply_to_dm=False]@alpha=0.01",M1_safety_margin,M1_safety_margin[apply_to_dm=False],sensitivity_line,False,not_met,,,"no value of the declared grid met the validation screen (candidate statuses: optimal, proven_infeasible); a grid without a solution is not a statement about the whole decision space",main_reference_plan_domain,cp_upper,,,,,False,0,5,4,0.3895,0.3975939786710658,k=0.075,minimum attainable main-event rate_upper over the declared grid (descriptive; its cost is not a comparable cost),1024,optimal,0.0,0.0,0.0513,0.0518,0.05559323263645983,"diagnostic frontier point (training scenarios only); not a method, never a member"
1,SD-SRC12,0.01,SDSRC14_MAIN9,SD-SRC14,MAIN9,"SDSRC14_MAIN9:M1[relative,apply_to_dm=True]@alpha=0.01",M1_safety_margin,M1_safety_margin[apply_to_dm=True],entry,False,not_met,,,"no value of the declared grid met the validation screen (candidate statuses: optimal, proven_infeasible); a grid without a solution is not a statement about the whole decision space",main_reference_plan_domain,cp_upper,,,,,False,0,5,2,0.7354,0.7426544652044854,k=0.025,minimum attainable main-event rate_upper over the declared grid (descriptive; its cost is not a comparable cost),1024,optimal,0.0,0.0,0.0513,0.0518,0.05559323263645983,"diagnostic frontier point (training scenarios only); not a method, never a member"
1,SD-SRC12,0.01,SDSRC14_MAIN9,SD-SRC14,MAIN9,SDSRC14_MAIN9:M2[N=1024]@alpha=0.01,M2_joint_chance_saa,M2_joint_chance_saa[N=1024],entry,False,not_met,,,no value of the declared grid met the validation screen (candidate statuses: optimal); a grid without a solution is not a statement about the whole decision space,main_reference_plan_domain,cp_upper,,,,,False,0,4,4,0.0484,0.052078720159519844,alpha_train=0.0025,minimum attainable main-event rate_upper over the declared grid (descriptive; its cost is not a comparable cost),1024,optimal,0.0,0.0,0.0513,0.0518,0.05559323263645983,"diagnostic frontier point (training scenarios only); not a method, never a member"
1,SD-SRC12,0.01,SDSRC14_MAIN9,SD-SRC14,MAIN9,SDSRC14_MAIN9:M2[N=128]@alpha=0.01,M2_joint_chance_saa,M2_joint_chance_saa[N=128],entry,False,not_met,,,no value of the declared grid met the validation screen (candidate statuses: optimal); a grid without a solution is not a statement about the whole decision space,main_reference_plan_domain,cp_upper,,,,,False,0,4,4,0.0588,0.0628156721635235,alpha_train=0.01,minimum attainable main-event rate_upper over the declared grid (descriptive; its cost is not a comparable cost),128,optimal,0.0,0.0,0.0597,0.0602,0.06425821686771434,"diagnostic frontier point (training scenarios only); not a method, never a member"
1,SD-SRC12,0.01,SDSRC14_MAIN9,SD-SRC14,MAIN9,SDSRC14_MAIN9:M2[N=512]@alpha=0.01,M2_joint_chance_saa,M2_joint_chance_saa[N=512],entry,False,not_met,,,no value of the declared grid met the validation screen (candidate statuses: optimal); a grid without a solution is not a statement about the whole decision space,main_reference_plan_domain,cp_upper,,,,,False,0,4,4,0.0381,0.04140019904456275,alpha_train=0.01,minimum attainable main-event rate_upper over the declared grid (descriptive; its cost is not a comparable cost),512,optimal,0.0,0.0,0.0776,0.0781,0.08265520824024802,"diagnostic frontier point (training scenarios only); not a method, never a member"
1,SD-SRC12,0.01,SDSRC14_MAIN9,SD-SRC14,MAIN9,SDSRC14_MAIN9:M3a[factory box]@alpha=0.01,M3a_box_robust,M3a_box_robust,entry,False,not_met,,,"no value of the declared grid met the validation screen (candidate statuses: optimal, proven_infeasible); a grid without a solution is not a statement about the whole decision space",main_reference_plan_domain,cp_upper,,,,,False,0,5,1,0.2079,0.21468745414989496,k_box=1.0,minimum attainable main-event rate_upper over the declared grid (descriptive; its cost is not a comparable cost),1024,optimal,0.0,0.0,0.0513,0.0518,0.05559323263645983,"diagnostic frontier point (training scenarios only); not a method, never a member"
1,SD-SRC12,0.01,SDSRC14_MAIN9,SD-SRC14,MAIN9,SDSRC14_MAIN9:M3b[factory box]@alpha=0.01,M3b_budget_robust,M3b_budget_robust,entry,False,not_met,,,no value of the declared grid met the validation screen (candidate statuses: optimal); a grid without a solution is not a statement about the whole decision space,main_reference_plan_domain,cp_upper,,,,,False,0,35,18,0.1217,0.12720931934125473,"gamma=3 {""k_box"": 1.5}",minimum attainable main-event rate_upper over the declared grid (descriptive; its cost is not a comparable cost),1024,optimal,0.0,0.0,0.0513,0.0518,0.05559323263645983,"diagnostic frontier point (training scenarios only); not a method, never a member"
