root_k,evaluation_world,target_alpha,cell_id,sd_arm,objective_arm,label,method_id,method_family,entry_role,has_ration,selection_status,selected_param,solver_status,infeasibility_scope,membership_event,membership_stat,rate_lower,rate_upper,cp_upper,target_met,in_comparable_set,comparable_set_size,grid_n_candidates,grid_n_candidates_with_ration,grid_min_rate_upper,grid_min_rate_upper_cp_upper,grid_min_rate_upper_param,grid_min_label,frontier_N,frontier_status,frontier_m_star_lower_over_N,frontier_m_star_upper_over_N,frontier_rate_lower,frontier_rate_upper,frontier_cp_upper,frontier_label
2,SD-H0,0.05,SD12MO_MAIN9,SD-12MO,MAIN9,SD12MO_MAIN9:M0,M0_nominal,M0_nominal,entry,True,,,optimal,,main_reference_plan_domain,cp_upper,0.9564,0.9564,0.9597100487962973,False,False,0,1,1,0.9564,0.9597100487962973,,minimum attainable main-event rate_upper over the declared grid (descriptive; its cost is not a comparable cost),1024,frontier_no_feasible_solution_found_no_ration,0.3056640625,0.6611328125,,,,
2,SD-H0,0.05,SD12MO_MAIN9,SD-12MO,MAIN9,"SD12MO_MAIN9:M1[relative,apply_to_dm=False]@alpha=0.05",M1_safety_margin,M1_safety_margin[apply_to_dm=False],sensitivity_line,False,not_met,,,"no value of the declared grid met the validation screen (candidate statuses: optimal, proven_infeasible); a grid without a solution is not a statement about the whole decision space",main_reference_plan_domain,cp_upper,,,,,False,0,5,1,0.9564,0.9597100487962973,k=0.0,minimum attainable main-event rate_upper over the declared grid (descriptive; its cost is not a comparable cost),1024,frontier_no_feasible_solution_found_no_ration,0.3056640625,0.6611328125,,,,
2,SD-H0,0.05,SD12MO_MAIN9,SD-12MO,MAIN9,"SD12MO_MAIN9:M1[relative,apply_to_dm=True]@alpha=0.05",M1_safety_margin,M1_safety_margin[apply_to_dm=True],entry,False,not_met,,,"no value of the declared grid met the validation screen (candidate statuses: optimal, proven_infeasible); a grid without a solution is not a statement about the whole decision space",main_reference_plan_domain,cp_upper,,,,,False,0,5,1,0.9564,0.9597100487962973,k=0.0,minimum attainable main-event rate_upper over the declared grid (descriptive; its cost is not a comparable cost),1024,frontier_no_feasible_solution_found_no_ration,0.3056640625,0.6611328125,,,,
2,SD-H0,0.05,SD12MO_MAIN9,SD-12MO,MAIN9,SD12MO_MAIN9:M2[N=1024]@alpha=0.05,M2_joint_chance_saa,M2_joint_chance_saa[N=1024],entry,False,not_met,,,"SAA over the N training scenarios proven infeasible for every alpha_train of the declared grid (training scenarios only; not a population, field or whole-space statement)",main_reference_plan_domain,cp_upper,,,,,False,0,4,0,,,,no scored grid candidate with a ration (not a whole-space statement),1024,frontier_no_feasible_solution_found_no_ration,0.3056640625,0.6611328125,,,,
2,SD-H0,0.05,SD12MO_MAIN9,SD-12MO,MAIN9,SD12MO_MAIN9:M2[N=128]@alpha=0.05,M2_joint_chance_saa,M2_joint_chance_saa[N=128],entry,False,not_met,,,"SAA over the N training scenarios proven infeasible for every alpha_train of the declared grid (training scenarios only; not a population, field or whole-space statement)",main_reference_plan_domain,cp_upper,,,,,False,0,4,0,,,,no scored grid candidate with a ration (not a whole-space statement),128,optimal,0.6484375,0.6484375,0.7758,0.7759,0.7827488600028756,"diagnostic frontier point (training scenarios only); not a method, never a member"
2,SD-H0,0.05,SD12MO_MAIN9,SD-12MO,MAIN9,SD12MO_MAIN9:M2[N=512]@alpha=0.05,M2_joint_chance_saa,M2_joint_chance_saa[N=512],entry,False,not_met,,,"SAA over the N training scenarios proven infeasible for every alpha_train of the declared grid (training scenarios only; not a population, field or whole-space statement)",main_reference_plan_domain,cp_upper,,,,,False,0,4,0,,,,no scored grid candidate with a ration (not a whole-space statement),512,frontier_no_feasible_solution_found_no_ration,0.517578125,0.634765625,,,,
2,SD-H0,0.05,SD12MO_MAIN9,SD-12MO,MAIN9,SD12MO_MAIN9:M3a[factory box]@alpha=0.05,M3a_box_robust,M3a_box_robust,entry,False,not_met,,,no value of the declared grid met the validation screen (candidate statuses: proven_infeasible); a grid without a solution is not a statement about the whole decision space,main_reference_plan_domain,cp_upper,,,,,False,0,5,0,,,,no scored grid candidate with a ration (not a whole-space statement),1024,frontier_no_feasible_solution_found_no_ration,0.3056640625,0.6611328125,,,,
2,SD-H0,0.05,SD12MO_MAIN9,SD-12MO,MAIN9,SD12MO_MAIN9:M3b[factory box]@alpha=0.05,M3b_budget_robust,M3b_budget_robust,entry,False,not_met,,,"no value of the declared grid met the validation screen (candidate statuses: optimal, proven_infeasible); a grid without a solution is not a statement about the whole decision space",main_reference_plan_domain,cp_upper,,,,,False,0,35,5,0.9564,0.9597100487962973,"gamma=0 {""k_box"": 1.0}",minimum attainable main-event rate_upper over the declared grid (descriptive; its cost is not a comparable cost),1024,frontier_no_feasible_solution_found_no_ration,0.3056640625,0.6611328125,,,,
2,SD-H0,0.05,SDH0_MAIN9,SD-H0,MAIN9,SDH0_MAIN9:M0,M0_nominal,M0_nominal,entry,True,,,optimal,,main_reference_plan_domain,cp_upper,0.9564,0.9564,0.9597100487962973,False,False,0,1,1,0.9564,0.9597100487962973,,minimum attainable main-event rate_upper over the declared grid (descriptive; its cost is not a comparable cost),1024,frontier_no_feasible_solution_found_no_ration,0.412109375,0.7705078125,,,,
2,SD-H0,0.05,SDH0_MAIN9,SD-H0,MAIN9,"SDH0_MAIN9:M1[relative,apply_to_dm=False]@alpha=0.05",M1_safety_margin,M1_safety_margin[apply_to_dm=False],sensitivity_line,False,not_met,,,"no value of the declared grid met the validation screen (candidate statuses: optimal, proven_infeasible); a grid without a solution is not a statement about the whole decision space",main_reference_plan_domain,cp_upper,,,,,False,0,5,1,0.9564,0.9597100487962973,k=0.0,minimum attainable main-event rate_upper over the declared grid (descriptive; its cost is not a comparable cost),1024,frontier_no_feasible_solution_found_no_ration,0.412109375,0.7705078125,,,,
2,SD-H0,0.05,SDH0_MAIN9,SD-H0,MAIN9,"SDH0_MAIN9:M1[relative,apply_to_dm=True]@alpha=0.05",M1_safety_margin,M1_safety_margin[apply_to_dm=True],entry,False,not_met,,,"no value of the declared grid met the validation screen (candidate statuses: optimal, proven_infeasible); a grid without a solution is not a statement about the whole decision space",main_reference_plan_domain,cp_upper,,,,,False,0,5,1,0.9564,0.9597100487962973,k=0.0,minimum attainable main-event rate_upper over the declared grid (descriptive; its cost is not a comparable cost),1024,frontier_no_feasible_solution_found_no_ration,0.412109375,0.7705078125,,,,
2,SD-H0,0.05,SDH0_MAIN9,SD-H0,MAIN9,SDH0_MAIN9:M2[N=1024]@alpha=0.05,M2_joint_chance_saa,M2_joint_chance_saa[N=1024],entry,False,not_met,,,"SAA over the N training scenarios proven infeasible for every alpha_train of the declared grid (training scenarios only; not a population, field or whole-space statement)",main_reference_plan_domain,cp_upper,,,,,False,0,4,0,,,,no scored grid candidate with a ration (not a whole-space statement),1024,frontier_no_feasible_solution_found_no_ration,0.412109375,0.7705078125,,,,
2,SD-H0,0.05,SDH0_MAIN9,SD-H0,MAIN9,SDH0_MAIN9:M2[N=128]@alpha=0.05,M2_joint_chance_saa,M2_joint_chance_saa[N=128],entry,False,not_met,,,"SAA over the N training scenarios proven infeasible for every alpha_train of the declared grid (training scenarios only; not a population, field or whole-space statement)",main_reference_plan_domain,cp_upper,,,,,False,0,4,0,,,,no scored grid candidate with a ration (not a whole-space statement),128,optimal,0.703125,0.703125,0.6984,0.6985,0.7060549799152995,"diagnostic frontier point (training scenarios only); not a method, never a member"
2,SD-H0,0.05,SDH0_MAIN9,SD-H0,MAIN9,SDH0_MAIN9:M2[N=512]@alpha=0.05,M2_joint_chance_saa,M2_joint_chance_saa[N=512],entry,False,not_met,,,"SAA over the N training scenarios proven infeasible for every alpha_train of the declared grid (training scenarios only; not a population, field or whole-space statement)",main_reference_plan_domain,cp_upper,,,,,False,0,4,0,,,,no scored grid candidate with a ration (not a whole-space statement),512,frontier_no_feasible_solution_found_no_ration,0.58203125,0.720703125,,,,
2,SD-H0,0.05,SDH0_MAIN9,SD-H0,MAIN9,SDH0_MAIN9:M3a[factory box]@alpha=0.05,M3a_box_robust,M3a_box_robust,entry,False,not_met,,,no value of the declared grid met the validation screen (candidate statuses: proven_infeasible); a grid without a solution is not a statement about the whole decision space,main_reference_plan_domain,cp_upper,,,,,False,0,5,0,,,,no scored grid candidate with a ration (not a whole-space statement),1024,frontier_no_feasible_solution_found_no_ration,0.412109375,0.7705078125,,,,
2,SD-H0,0.05,SDH0_MAIN9,SD-H0,MAIN9,SDH0_MAIN9:M3b[factory box]@alpha=0.05,M3b_budget_robust,M3b_budget_robust,entry,False,not_met,,,"no value of the declared grid met the validation screen (candidate statuses: optimal, proven_infeasible); a grid without a solution is not a statement about the whole decision space",main_reference_plan_domain,cp_upper,,,,,False,0,35,5,0.9564,0.9597100487962973,"gamma=0 {""k_box"": 1.0}",minimum attainable main-event rate_upper over the declared grid (descriptive; its cost is not a comparable cost),1024,frontier_no_feasible_solution_found_no_ration,0.412109375,0.7705078125,,,,
2,SD-H0,0.05,SDS2_MAIN9,SD-S2,MAIN9,SDS2_MAIN9:M0,M0_nominal,M0_nominal,entry,True,,,optimal,,main_reference_plan_domain,cp_upper,0.9564,0.9564,0.9597100487962973,False,False,0,1,1,0.9564,0.9597100487962973,,minimum attainable main-event rate_upper over the declared grid (descriptive; its cost is not a comparable cost),1024,frontier_no_feasible_solution_found_no_ration,0.1533203125,0.6064453125,,,,
2,SD-H0,0.05,SDS2_MAIN9,SD-S2,MAIN9,"SDS2_MAIN9:M1[relative,apply_to_dm=False]@alpha=0.05",M1_safety_margin,M1_safety_margin[apply_to_dm=False],sensitivity_line,False,not_met,,,"no value of the declared grid met the validation screen (candidate statuses: optimal, proven_infeasible); a grid without a solution is not a statement about the whole decision space",main_reference_plan_domain,cp_upper,,,,,False,0,5,1,0.9564,0.9597100487962973,k=0.0,minimum attainable main-event rate_upper over the declared grid (descriptive; its cost is not a comparable cost),1024,frontier_no_feasible_solution_found_no_ration,0.1533203125,0.6064453125,,,,
2,SD-H0,0.05,SDS2_MAIN9,SD-S2,MAIN9,"SDS2_MAIN9:M1[relative,apply_to_dm=True]@alpha=0.05",M1_safety_margin,M1_safety_margin[apply_to_dm=True],entry,False,not_met,,,"no value of the declared grid met the validation screen (candidate statuses: optimal, proven_infeasible); a grid without a solution is not a statement about the whole decision space",main_reference_plan_domain,cp_upper,,,,,False,0,5,1,0.9564,0.9597100487962973,k=0.0,minimum attainable main-event rate_upper over the declared grid (descriptive; its cost is not a comparable cost),1024,frontier_no_feasible_solution_found_no_ration,0.1533203125,0.6064453125,,,,
2,SD-H0,0.05,SDS2_MAIN9,SD-S2,MAIN9,SDS2_MAIN9:M2[N=1024]@alpha=0.05,M2_joint_chance_saa,M2_joint_chance_saa[N=1024],entry,False,not_met,,,"SAA over the N training scenarios proven infeasible for every alpha_train of the declared grid (training scenarios only; not a population, field or whole-space statement)",main_reference_plan_domain,cp_upper,,,,,False,0,4,0,,,,no scored grid candidate with a ration (not a whole-space statement),1024,frontier_no_feasible_solution_found_no_ration,0.1533203125,0.6064453125,,,,
2,SD-H0,0.05,SDS2_MAIN9,SD-S2,MAIN9,SDS2_MAIN9:M2[N=128]@alpha=0.05,M2_joint_chance_saa,M2_joint_chance_saa[N=128],entry,False,not_met,,,"SAA over the N training scenarios proven infeasible for every alpha_train of the declared grid (training scenarios only; not a population, field or whole-space statement)",main_reference_plan_domain,cp_upper,,,,,False,0,4,0,,,,no scored grid candidate with a ration (not a whole-space statement),128,optimal,0.5546875,0.5546875,0.8132,0.8133,0.8196915163512288,"diagnostic frontier point (training scenarios only); not a method, never a member"
2,SD-H0,0.05,SDS2_MAIN9,SD-S2,MAIN9,SDS2_MAIN9:M2[N=512]@alpha=0.05,M2_joint_chance_saa,M2_joint_chance_saa[N=512],entry,False,not_met,,,"SAA over the N training scenarios proven infeasible for every alpha_train of the declared grid (training scenarios only; not a population, field or whole-space statement)",main_reference_plan_domain,cp_upper,,,,,False,0,4,0,,,,no scored grid candidate with a ration (not a whole-space statement),512,frontier_no_feasible_solution_found_no_ration,0.375,0.58203125,,,,
2,SD-H0,0.05,SDS2_MAIN9,SD-S2,MAIN9,SDS2_MAIN9:M3a[factory box]@alpha=0.05,M3a_box_robust,M3a_box_robust,entry,False,not_met,,,no value of the declared grid met the validation screen (candidate statuses: proven_infeasible); a grid without a solution is not a statement about the whole decision space,main_reference_plan_domain,cp_upper,,,,,False,0,5,0,,,,no scored grid candidate with a ration (not a whole-space statement),1024,frontier_no_feasible_solution_found_no_ration,0.1533203125,0.6064453125,,,,
2,SD-H0,0.05,SDS2_MAIN9,SD-S2,MAIN9,SDS2_MAIN9:M3b[factory box]@alpha=0.05,M3b_budget_robust,M3b_budget_robust,entry,False,not_met,,,"no value of the declared grid met the validation screen (candidate statuses: optimal, proven_infeasible); a grid without a solution is not a statement about the whole decision space",main_reference_plan_domain,cp_upper,,,,,False,0,35,5,0.9564,0.9597100487962973,"gamma=0 {""k_box"": 1.0}",minimum attainable main-event rate_upper over the declared grid (descriptive; its cost is not a comparable cost),1024,frontier_no_feasible_solution_found_no_ration,0.1533203125,0.6064453125,,,,
2,SD-H0,0.05,SDSRC12_MAIN9,SD-SRC12,MAIN9,SDSRC12_MAIN9:M0,M0_nominal,M0_nominal,entry,True,,,optimal,,main_reference_plan_domain,cp_upper,0.9564,0.9564,0.9597100487962973,False,False,0,1,1,0.9564,0.9597100487962973,,minimum attainable main-event rate_upper over the declared grid (descriptive; its cost is not a comparable cost),1024,frontier_no_feasible_solution_found_no_ration,0.3212890625,0.75390625,,,,
2,SD-H0,0.05,SDSRC12_MAIN9,SD-SRC12,MAIN9,"SDSRC12_MAIN9:M1[relative,apply_to_dm=False]@alpha=0.05",M1_safety_margin,M1_safety_margin[apply_to_dm=False],sensitivity_line,False,not_met,,,"no value of the declared grid met the validation screen (candidate statuses: optimal, proven_infeasible); a grid without a solution is not a statement about the whole decision space",main_reference_plan_domain,cp_upper,,,,,False,0,5,1,0.9564,0.9597100487962973,k=0.0,minimum attainable main-event rate_upper over the declared grid (descriptive; its cost is not a comparable cost),1024,frontier_no_feasible_solution_found_no_ration,0.3212890625,0.75390625,,,,
2,SD-H0,0.05,SDSRC12_MAIN9,SD-SRC12,MAIN9,"SDSRC12_MAIN9:M1[relative,apply_to_dm=True]@alpha=0.05",M1_safety_margin,M1_safety_margin[apply_to_dm=True],entry,False,not_met,,,"no value of the declared grid met the validation screen (candidate statuses: optimal, proven_infeasible); a grid without a solution is not a statement about the whole decision space",main_reference_plan_domain,cp_upper,,,,,False,0,5,1,0.9564,0.9597100487962973,k=0.0,minimum attainable main-event rate_upper over the declared grid (descriptive; its cost is not a comparable cost),1024,frontier_no_feasible_solution_found_no_ration,0.3212890625,0.75390625,,,,
2,SD-H0,0.05,SDSRC12_MAIN9,SD-SRC12,MAIN9,SDSRC12_MAIN9:M2[N=1024]@alpha=0.05,M2_joint_chance_saa,M2_joint_chance_saa[N=1024],entry,False,not_met,,,"SAA over the N training scenarios proven infeasible for every alpha_train of the declared grid (training scenarios only; not a population, field or whole-space statement)",main_reference_plan_domain,cp_upper,,,,,False,0,4,0,,,,no scored grid candidate with a ration (not a whole-space statement),1024,frontier_no_feasible_solution_found_no_ration,0.3212890625,0.75390625,,,,
2,SD-H0,0.05,SDSRC12_MAIN9,SD-SRC12,MAIN9,SDSRC12_MAIN9:M2[N=128]@alpha=0.05,M2_joint_chance_saa,M2_joint_chance_saa[N=128],entry,False,not_met,,,"SAA over the N training scenarios proven infeasible for every alpha_train of the declared grid (training scenarios only; not a population, field or whole-space statement)",main_reference_plan_domain,cp_upper,,,,,False,0,4,0,,,,no scored grid candidate with a ration (not a whole-space statement),128,optimal,0.703125,0.703125,0.7424,0.7426,0.7497884713287597,"diagnostic frontier point (training scenarios only); not a method, never a member"
2,SD-H0,0.05,SDSRC12_MAIN9,SD-SRC12,MAIN9,SDSRC12_MAIN9:M2[N=512]@alpha=0.05,M2_joint_chance_saa,M2_joint_chance_saa[N=512],entry,False,not_met,,,"SAA over the N training scenarios proven infeasible for every alpha_train of the declared grid (training scenarios only; not a population, field or whole-space statement)",main_reference_plan_domain,cp_upper,,,,,False,0,4,0,,,,no scored grid candidate with a ration (not a whole-space statement),512,frontier_no_feasible_solution_found_no_ration,0.54296875,0.732421875,,,,
2,SD-H0,0.05,SDSRC12_MAIN9,SD-SRC12,MAIN9,SDSRC12_MAIN9:M3a[factory box]@alpha=0.05,M3a_box_robust,M3a_box_robust,entry,False,not_met,,,no value of the declared grid met the validation screen (candidate statuses: proven_infeasible); a grid without a solution is not a statement about the whole decision space,main_reference_plan_domain,cp_upper,,,,,False,0,5,0,,,,no scored grid candidate with a ration (not a whole-space statement),1024,frontier_no_feasible_solution_found_no_ration,0.3212890625,0.75390625,,,,
2,SD-H0,0.05,SDSRC12_MAIN9,SD-SRC12,MAIN9,SDSRC12_MAIN9:M3b[factory box]@alpha=0.05,M3b_budget_robust,M3b_budget_robust,entry,False,not_met,,,"no value of the declared grid met the validation screen (candidate statuses: optimal, proven_infeasible); a grid without a solution is not a statement about the whole decision space",main_reference_plan_domain,cp_upper,,,,,False,0,35,5,0.9564,0.9597100487962973,"gamma=0 {""k_box"": 1.0}",minimum attainable main-event rate_upper over the declared grid (descriptive; its cost is not a comparable cost),1024,frontier_no_feasible_solution_found_no_ration,0.3212890625,0.75390625,,,,
2,SD-H0,0.05,SDSRC14_MAIN9,SD-SRC14,MAIN9,SDSRC14_MAIN9:M0,M0_nominal,M0_nominal,entry,True,,,optimal,,main_reference_plan_domain,cp_upper,0.9564,0.9564,0.9597100487962973,False,False,0,1,1,0.9564,0.9597100487962973,,minimum attainable main-event rate_upper over the declared grid (descriptive; its cost is not a comparable cost),1024,frontier_no_feasible_solution_found_no_ration,0.1533203125,0.693359375,,,,
2,SD-H0,0.05,SDSRC14_MAIN9,SD-SRC14,MAIN9,"SDSRC14_MAIN9:M1[relative,apply_to_dm=False]@alpha=0.05",M1_safety_margin,M1_safety_margin[apply_to_dm=False],sensitivity_line,False,not_met,,,"no value of the declared grid met the validation screen (candidate statuses: optimal, proven_infeasible); a grid without a solution is not a statement about the whole decision space",main_reference_plan_domain,cp_upper,,,,,False,0,5,1,0.9564,0.9597100487962973,k=0.0,minimum attainable main-event rate_upper over the declared grid (descriptive; its cost is not a comparable cost),1024,frontier_no_feasible_solution_found_no_ration,0.1533203125,0.693359375,,,,
2,SD-H0,0.05,SDSRC14_MAIN9,SD-SRC14,MAIN9,"SDSRC14_MAIN9:M1[relative,apply_to_dm=True]@alpha=0.05",M1_safety_margin,M1_safety_margin[apply_to_dm=True],entry,False,not_met,,,"no value of the declared grid met the validation screen (candidate statuses: optimal, proven_infeasible); a grid without a solution is not a statement about the whole decision space",main_reference_plan_domain,cp_upper,,,,,False,0,5,1,0.9564,0.9597100487962973,k=0.0,minimum attainable main-event rate_upper over the declared grid (descriptive; its cost is not a comparable cost),1024,frontier_no_feasible_solution_found_no_ration,0.1533203125,0.693359375,,,,
2,SD-H0,0.05,SDSRC14_MAIN9,SD-SRC14,MAIN9,SDSRC14_MAIN9:M2[N=1024]@alpha=0.05,M2_joint_chance_saa,M2_joint_chance_saa[N=1024],entry,False,not_met,,,"SAA over the N training scenarios proven infeasible for every alpha_train of the declared grid (training scenarios only; not a population, field or whole-space statement)",main_reference_plan_domain,cp_upper,,,,,False,0,4,0,,,,no scored grid candidate with a ration (not a whole-space statement),1024,frontier_no_feasible_solution_found_no_ration,0.1533203125,0.693359375,,,,
2,SD-H0,0.05,SDSRC14_MAIN9,SD-SRC14,MAIN9,SDSRC14_MAIN9:M2[N=128]@alpha=0.05,M2_joint_chance_saa,M2_joint_chance_saa[N=128],entry,False,not_met,,,"SAA over the N training scenarios proven infeasible for every alpha_train of the declared grid (training scenarios only; not a population, field or whole-space statement)",main_reference_plan_domain,cp_upper,,,,,False,0,4,0,,,,no scored grid candidate with a ration (not a whole-space statement),128,optimal,0.6328125,0.6328125,0.756,0.7562,0.7632567970121735,"diagnostic frontier point (training scenarios only); not a method, never a member"
2,SD-H0,0.05,SDSRC14_MAIN9,SD-SRC14,MAIN9,SDSRC14_MAIN9:M2[N=512]@alpha=0.05,M2_joint_chance_saa,M2_joint_chance_saa[N=512],entry,False,not_met,,,"SAA over the N training scenarios proven infeasible for every alpha_train of the declared grid (training scenarios only; not a population, field or whole-space statement)",main_reference_plan_domain,cp_upper,,,,,False,0,4,0,,,,no scored grid candidate with a ration (not a whole-space statement),512,frontier_no_feasible_solution_found_no_ration,0.44921875,0.66015625,,,,
2,SD-H0,0.05,SDSRC14_MAIN9,SD-SRC14,MAIN9,SDSRC14_MAIN9:M3a[factory box]@alpha=0.05,M3a_box_robust,M3a_box_robust,entry,False,not_met,,,no value of the declared grid met the validation screen (candidate statuses: proven_infeasible); a grid without a solution is not a statement about the whole decision space,main_reference_plan_domain,cp_upper,,,,,False,0,5,0,,,,no scored grid candidate with a ration (not a whole-space statement),1024,frontier_no_feasible_solution_found_no_ration,0.1533203125,0.693359375,,,,
2,SD-H0,0.05,SDSRC14_MAIN9,SD-SRC14,MAIN9,SDSRC14_MAIN9:M3b[factory box]@alpha=0.05,M3b_budget_robust,M3b_budget_robust,entry,False,not_met,,,"no value of the declared grid met the validation screen (candidate statuses: optimal, proven_infeasible); a grid without a solution is not a statement about the whole decision space",main_reference_plan_domain,cp_upper,,,,,False,0,35,5,0.9564,0.9597100487962973,"gamma=0 {""k_box"": 1.0}",minimum attainable main-event rate_upper over the declared grid (descriptive; its cost is not a comparable cost),1024,frontier_no_feasible_solution_found_no_ration,0.1533203125,0.693359375,,,,
2,SD-H0,0.1,SD12MO_MAIN9,SD-12MO,MAIN9,SD12MO_MAIN9:M0,M0_nominal,M0_nominal,entry,True,,,optimal,,main_reference_plan_domain,cp_upper,0.9564,0.9564,0.9597100487962973,False,False,0,1,1,0.9564,0.9597100487962973,,minimum attainable main-event rate_upper over the declared grid (descriptive; its cost is not a comparable cost),1024,frontier_no_feasible_solution_found_no_ration,0.3056640625,0.6611328125,,,,
2,SD-H0,0.1,SD12MO_MAIN9,SD-12MO,MAIN9,"SD12MO_MAIN9:M1[relative,apply_to_dm=False]@alpha=0.1",M1_safety_margin,M1_safety_margin[apply_to_dm=False],sensitivity_line,False,not_met,,,"no value of the declared grid met the validation screen (candidate statuses: optimal, proven_infeasible); a grid without a solution is not a statement about the whole decision space",main_reference_plan_domain,cp_upper,,,,,False,0,5,1,0.9564,0.9597100487962973,k=0.0,minimum attainable main-event rate_upper over the declared grid (descriptive; its cost is not a comparable cost),1024,frontier_no_feasible_solution_found_no_ration,0.3056640625,0.6611328125,,,,
2,SD-H0,0.1,SD12MO_MAIN9,SD-12MO,MAIN9,"SD12MO_MAIN9:M1[relative,apply_to_dm=True]@alpha=0.1",M1_safety_margin,M1_safety_margin[apply_to_dm=True],entry,False,not_met,,,"no value of the declared grid met the validation screen (candidate statuses: optimal, proven_infeasible); a grid without a solution is not a statement about the whole decision space",main_reference_plan_domain,cp_upper,,,,,False,0,5,1,0.9564,0.9597100487962973,k=0.0,minimum attainable main-event rate_upper over the declared grid (descriptive; its cost is not a comparable cost),1024,frontier_no_feasible_solution_found_no_ration,0.3056640625,0.6611328125,,,,
2,SD-H0,0.1,SD12MO_MAIN9,SD-12MO,MAIN9,SD12MO_MAIN9:M2[N=1024]@alpha=0.1,M2_joint_chance_saa,M2_joint_chance_saa[N=1024],entry,False,not_met,,,"SAA over the N training scenarios proven infeasible for every alpha_train of the declared grid (training scenarios only; not a population, field or whole-space statement)",main_reference_plan_domain,cp_upper,,,,,False,0,4,0,,,,no scored grid candidate with a ration (not a whole-space statement),1024,frontier_no_feasible_solution_found_no_ration,0.3056640625,0.6611328125,,,,
2,SD-H0,0.1,SD12MO_MAIN9,SD-12MO,MAIN9,SD12MO_MAIN9:M2[N=128]@alpha=0.1,M2_joint_chance_saa,M2_joint_chance_saa[N=128],entry,False,not_met,,,"SAA over the N training scenarios proven infeasible for every alpha_train of the declared grid (training scenarios only; not a population, field or whole-space statement)",main_reference_plan_domain,cp_upper,,,,,False,0,4,0,,,,no scored grid candidate with a ration (not a whole-space statement),128,optimal,0.6484375,0.6484375,0.7758,0.7759,0.7827488600028756,"diagnostic frontier point (training scenarios only); not a method, never a member"
2,SD-H0,0.1,SD12MO_MAIN9,SD-12MO,MAIN9,SD12MO_MAIN9:M2[N=512]@alpha=0.1,M2_joint_chance_saa,M2_joint_chance_saa[N=512],entry,False,not_met,,,"SAA over the N training scenarios proven infeasible for every alpha_train of the declared grid (training scenarios only; not a population, field or whole-space statement)",main_reference_plan_domain,cp_upper,,,,,False,0,4,0,,,,no scored grid candidate with a ration (not a whole-space statement),512,frontier_no_feasible_solution_found_no_ration,0.517578125,0.634765625,,,,
2,SD-H0,0.1,SD12MO_MAIN9,SD-12MO,MAIN9,SD12MO_MAIN9:M3a[factory box]@alpha=0.1,M3a_box_robust,M3a_box_robust,entry,False,not_met,,,no value of the declared grid met the validation screen (candidate statuses: proven_infeasible); a grid without a solution is not a statement about the whole decision space,main_reference_plan_domain,cp_upper,,,,,False,0,5,0,,,,no scored grid candidate with a ration (not a whole-space statement),1024,frontier_no_feasible_solution_found_no_ration,0.3056640625,0.6611328125,,,,
2,SD-H0,0.1,SD12MO_MAIN9,SD-12MO,MAIN9,SD12MO_MAIN9:M3b[factory box]@alpha=0.1,M3b_budget_robust,M3b_budget_robust,entry,False,not_met,,,"no value of the declared grid met the validation screen (candidate statuses: optimal, proven_infeasible); a grid without a solution is not a statement about the whole decision space",main_reference_plan_domain,cp_upper,,,,,False,0,35,5,0.9564,0.9597100487962973,"gamma=0 {""k_box"": 1.0}",minimum attainable main-event rate_upper over the declared grid (descriptive; its cost is not a comparable cost),1024,frontier_no_feasible_solution_found_no_ration,0.3056640625,0.6611328125,,,,
2,SD-H0,0.1,SDH0_MAIN9,SD-H0,MAIN9,SDH0_MAIN9:M0,M0_nominal,M0_nominal,entry,True,,,optimal,,main_reference_plan_domain,cp_upper,0.9564,0.9564,0.9597100487962973,False,False,0,1,1,0.9564,0.9597100487962973,,minimum attainable main-event rate_upper over the declared grid (descriptive; its cost is not a comparable cost),1024,frontier_no_feasible_solution_found_no_ration,0.412109375,0.7705078125,,,,
2,SD-H0,0.1,SDH0_MAIN9,SD-H0,MAIN9,"SDH0_MAIN9:M1[relative,apply_to_dm=False]@alpha=0.1",M1_safety_margin,M1_safety_margin[apply_to_dm=False],sensitivity_line,False,not_met,,,"no value of the declared grid met the validation screen (candidate statuses: optimal, proven_infeasible); a grid without a solution is not a statement about the whole decision space",main_reference_plan_domain,cp_upper,,,,,False,0,5,1,0.9564,0.9597100487962973,k=0.0,minimum attainable main-event rate_upper over the declared grid (descriptive; its cost is not a comparable cost),1024,frontier_no_feasible_solution_found_no_ration,0.412109375,0.7705078125,,,,
2,SD-H0,0.1,SDH0_MAIN9,SD-H0,MAIN9,"SDH0_MAIN9:M1[relative,apply_to_dm=True]@alpha=0.1",M1_safety_margin,M1_safety_margin[apply_to_dm=True],entry,False,not_met,,,"no value of the declared grid met the validation screen (candidate statuses: optimal, proven_infeasible); a grid without a solution is not a statement about the whole decision space",main_reference_plan_domain,cp_upper,,,,,False,0,5,1,0.9564,0.9597100487962973,k=0.0,minimum attainable main-event rate_upper over the declared grid (descriptive; its cost is not a comparable cost),1024,frontier_no_feasible_solution_found_no_ration,0.412109375,0.7705078125,,,,
2,SD-H0,0.1,SDH0_MAIN9,SD-H0,MAIN9,SDH0_MAIN9:M2[N=1024]@alpha=0.1,M2_joint_chance_saa,M2_joint_chance_saa[N=1024],entry,False,not_met,,,"SAA over the N training scenarios proven infeasible for every alpha_train of the declared grid (training scenarios only; not a population, field or whole-space statement)",main_reference_plan_domain,cp_upper,,,,,False,0,4,0,,,,no scored grid candidate with a ration (not a whole-space statement),1024,frontier_no_feasible_solution_found_no_ration,0.412109375,0.7705078125,,,,
2,SD-H0,0.1,SDH0_MAIN9,SD-H0,MAIN9,SDH0_MAIN9:M2[N=128]@alpha=0.1,M2_joint_chance_saa,M2_joint_chance_saa[N=128],entry,False,not_met,,,"SAA over the N training scenarios proven infeasible for every alpha_train of the declared grid (training scenarios only; not a population, field or whole-space statement)",main_reference_plan_domain,cp_upper,,,,,False,0,4,0,,,,no scored grid candidate with a ration (not a whole-space statement),128,optimal,0.703125,0.703125,0.6984,0.6985,0.7060549799152995,"diagnostic frontier point (training scenarios only); not a method, never a member"
2,SD-H0,0.1,SDH0_MAIN9,SD-H0,MAIN9,SDH0_MAIN9:M2[N=512]@alpha=0.1,M2_joint_chance_saa,M2_joint_chance_saa[N=512],entry,False,not_met,,,"SAA over the N training scenarios proven infeasible for every alpha_train of the declared grid (training scenarios only; not a population, field or whole-space statement)",main_reference_plan_domain,cp_upper,,,,,False,0,4,0,,,,no scored grid candidate with a ration (not a whole-space statement),512,frontier_no_feasible_solution_found_no_ration,0.58203125,0.720703125,,,,
2,SD-H0,0.1,SDH0_MAIN9,SD-H0,MAIN9,SDH0_MAIN9:M3a[factory box]@alpha=0.1,M3a_box_robust,M3a_box_robust,entry,False,not_met,,,no value of the declared grid met the validation screen (candidate statuses: proven_infeasible); a grid without a solution is not a statement about the whole decision space,main_reference_plan_domain,cp_upper,,,,,False,0,5,0,,,,no scored grid candidate with a ration (not a whole-space statement),1024,frontier_no_feasible_solution_found_no_ration,0.412109375,0.7705078125,,,,
2,SD-H0,0.1,SDH0_MAIN9,SD-H0,MAIN9,SDH0_MAIN9:M3b[factory box]@alpha=0.1,M3b_budget_robust,M3b_budget_robust,entry,False,not_met,,,"no value of the declared grid met the validation screen (candidate statuses: optimal, proven_infeasible); a grid without a solution is not a statement about the whole decision space",main_reference_plan_domain,cp_upper,,,,,False,0,35,5,0.9564,0.9597100487962973,"gamma=0 {""k_box"": 1.0}",minimum attainable main-event rate_upper over the declared grid (descriptive; its cost is not a comparable cost),1024,frontier_no_feasible_solution_found_no_ration,0.412109375,0.7705078125,,,,
2,SD-H0,0.1,SDS2_MAIN9,SD-S2,MAIN9,SDS2_MAIN9:M0,M0_nominal,M0_nominal,entry,True,,,optimal,,main_reference_plan_domain,cp_upper,0.9564,0.9564,0.9597100487962973,False,False,0,1,1,0.9564,0.9597100487962973,,minimum attainable main-event rate_upper over the declared grid (descriptive; its cost is not a comparable cost),1024,frontier_no_feasible_solution_found_no_ration,0.1533203125,0.6064453125,,,,
2,SD-H0,0.1,SDS2_MAIN9,SD-S2,MAIN9,"SDS2_MAIN9:M1[relative,apply_to_dm=False]@alpha=0.1",M1_safety_margin,M1_safety_margin[apply_to_dm=False],sensitivity_line,False,not_met,,,"no value of the declared grid met the validation screen (candidate statuses: optimal, proven_infeasible); a grid without a solution is not a statement about the whole decision space",main_reference_plan_domain,cp_upper,,,,,False,0,5,1,0.9564,0.9597100487962973,k=0.0,minimum attainable main-event rate_upper over the declared grid (descriptive; its cost is not a comparable cost),1024,frontier_no_feasible_solution_found_no_ration,0.1533203125,0.6064453125,,,,
2,SD-H0,0.1,SDS2_MAIN9,SD-S2,MAIN9,"SDS2_MAIN9:M1[relative,apply_to_dm=True]@alpha=0.1",M1_safety_margin,M1_safety_margin[apply_to_dm=True],entry,False,not_met,,,"no value of the declared grid met the validation screen (candidate statuses: optimal, proven_infeasible); a grid without a solution is not a statement about the whole decision space",main_reference_plan_domain,cp_upper,,,,,False,0,5,1,0.9564,0.9597100487962973,k=0.0,minimum attainable main-event rate_upper over the declared grid (descriptive; its cost is not a comparable cost),1024,frontier_no_feasible_solution_found_no_ration,0.1533203125,0.6064453125,,,,
2,SD-H0,0.1,SDS2_MAIN9,SD-S2,MAIN9,SDS2_MAIN9:M2[N=1024]@alpha=0.1,M2_joint_chance_saa,M2_joint_chance_saa[N=1024],entry,False,not_met,,,"SAA over the N training scenarios proven infeasible for every alpha_train of the declared grid (training scenarios only; not a population, field or whole-space statement)",main_reference_plan_domain,cp_upper,,,,,False,0,4,0,,,,no scored grid candidate with a ration (not a whole-space statement),1024,frontier_no_feasible_solution_found_no_ration,0.1533203125,0.6064453125,,,,
2,SD-H0,0.1,SDS2_MAIN9,SD-S2,MAIN9,SDS2_MAIN9:M2[N=128]@alpha=0.1,M2_joint_chance_saa,M2_joint_chance_saa[N=128],entry,False,not_met,,,"SAA over the N training scenarios proven infeasible for every alpha_train of the declared grid (training scenarios only; not a population, field or whole-space statement)",main_reference_plan_domain,cp_upper,,,,,False,0,4,0,,,,no scored grid candidate with a ration (not a whole-space statement),128,optimal,0.5546875,0.5546875,0.8132,0.8133,0.8196915163512288,"diagnostic frontier point (training scenarios only); not a method, never a member"
2,SD-H0,0.1,SDS2_MAIN9,SD-S2,MAIN9,SDS2_MAIN9:M2[N=512]@alpha=0.1,M2_joint_chance_saa,M2_joint_chance_saa[N=512],entry,False,not_met,,,"SAA over the N training scenarios proven infeasible for every alpha_train of the declared grid (training scenarios only; not a population, field or whole-space statement)",main_reference_plan_domain,cp_upper,,,,,False,0,4,0,,,,no scored grid candidate with a ration (not a whole-space statement),512,frontier_no_feasible_solution_found_no_ration,0.375,0.58203125,,,,
2,SD-H0,0.1,SDS2_MAIN9,SD-S2,MAIN9,SDS2_MAIN9:M3a[factory box]@alpha=0.1,M3a_box_robust,M3a_box_robust,entry,False,not_met,,,no value of the declared grid met the validation screen (candidate statuses: proven_infeasible); a grid without a solution is not a statement about the whole decision space,main_reference_plan_domain,cp_upper,,,,,False,0,5,0,,,,no scored grid candidate with a ration (not a whole-space statement),1024,frontier_no_feasible_solution_found_no_ration,0.1533203125,0.6064453125,,,,
2,SD-H0,0.1,SDS2_MAIN9,SD-S2,MAIN9,SDS2_MAIN9:M3b[factory box]@alpha=0.1,M3b_budget_robust,M3b_budget_robust,entry,False,not_met,,,"no value of the declared grid met the validation screen (candidate statuses: optimal, proven_infeasible); a grid without a solution is not a statement about the whole decision space",main_reference_plan_domain,cp_upper,,,,,False,0,35,5,0.9564,0.9597100487962973,"gamma=0 {""k_box"": 1.0}",minimum attainable main-event rate_upper over the declared grid (descriptive; its cost is not a comparable cost),1024,frontier_no_feasible_solution_found_no_ration,0.1533203125,0.6064453125,,,,
2,SD-H0,0.1,SDSRC12_MAIN9,SD-SRC12,MAIN9,SDSRC12_MAIN9:M0,M0_nominal,M0_nominal,entry,True,,,optimal,,main_reference_plan_domain,cp_upper,0.9564,0.9564,0.9597100487962973,False,False,0,1,1,0.9564,0.9597100487962973,,minimum attainable main-event rate_upper over the declared grid (descriptive; its cost is not a comparable cost),1024,frontier_no_feasible_solution_found_no_ration,0.3212890625,0.75390625,,,,
2,SD-H0,0.1,SDSRC12_MAIN9,SD-SRC12,MAIN9,"SDSRC12_MAIN9:M1[relative,apply_to_dm=False]@alpha=0.1",M1_safety_margin,M1_safety_margin[apply_to_dm=False],sensitivity_line,False,not_met,,,"no value of the declared grid met the validation screen (candidate statuses: optimal, proven_infeasible); a grid without a solution is not a statement about the whole decision space",main_reference_plan_domain,cp_upper,,,,,False,0,5,1,0.9564,0.9597100487962973,k=0.0,minimum attainable main-event rate_upper over the declared grid (descriptive; its cost is not a comparable cost),1024,frontier_no_feasible_solution_found_no_ration,0.3212890625,0.75390625,,,,
2,SD-H0,0.1,SDSRC12_MAIN9,SD-SRC12,MAIN9,"SDSRC12_MAIN9:M1[relative,apply_to_dm=True]@alpha=0.1",M1_safety_margin,M1_safety_margin[apply_to_dm=True],entry,False,not_met,,,"no value of the declared grid met the validation screen (candidate statuses: optimal, proven_infeasible); a grid without a solution is not a statement about the whole decision space",main_reference_plan_domain,cp_upper,,,,,False,0,5,1,0.9564,0.9597100487962973,k=0.0,minimum attainable main-event rate_upper over the declared grid (descriptive; its cost is not a comparable cost),1024,frontier_no_feasible_solution_found_no_ration,0.3212890625,0.75390625,,,,
2,SD-H0,0.1,SDSRC12_MAIN9,SD-SRC12,MAIN9,SDSRC12_MAIN9:M2[N=1024]@alpha=0.1,M2_joint_chance_saa,M2_joint_chance_saa[N=1024],entry,False,not_met,,,"SAA over the N training scenarios proven infeasible for every alpha_train of the declared grid (training scenarios only; not a population, field or whole-space statement)",main_reference_plan_domain,cp_upper,,,,,False,0,4,0,,,,no scored grid candidate with a ration (not a whole-space statement),1024,frontier_no_feasible_solution_found_no_ration,0.3212890625,0.75390625,,,,
2,SD-H0,0.1,SDSRC12_MAIN9,SD-SRC12,MAIN9,SDSRC12_MAIN9:M2[N=128]@alpha=0.1,M2_joint_chance_saa,M2_joint_chance_saa[N=128],entry,False,not_met,,,"SAA over the N training scenarios proven infeasible for every alpha_train of the declared grid (training scenarios only; not a population, field or whole-space statement)",main_reference_plan_domain,cp_upper,,,,,False,0,4,0,,,,no scored grid candidate with a ration (not a whole-space statement),128,optimal,0.703125,0.703125,0.7424,0.7426,0.7497884713287597,"diagnostic frontier point (training scenarios only); not a method, never a member"
2,SD-H0,0.1,SDSRC12_MAIN9,SD-SRC12,MAIN9,SDSRC12_MAIN9:M2[N=512]@alpha=0.1,M2_joint_chance_saa,M2_joint_chance_saa[N=512],entry,False,not_met,,,"SAA over the N training scenarios proven infeasible for every alpha_train of the declared grid (training scenarios only; not a population, field or whole-space statement)",main_reference_plan_domain,cp_upper,,,,,False,0,4,0,,,,no scored grid candidate with a ration (not a whole-space statement),512,frontier_no_feasible_solution_found_no_ration,0.54296875,0.732421875,,,,
2,SD-H0,0.1,SDSRC12_MAIN9,SD-SRC12,MAIN9,SDSRC12_MAIN9:M3a[factory box]@alpha=0.1,M3a_box_robust,M3a_box_robust,entry,False,not_met,,,no value of the declared grid met the validation screen (candidate statuses: proven_infeasible); a grid without a solution is not a statement about the whole decision space,main_reference_plan_domain,cp_upper,,,,,False,0,5,0,,,,no scored grid candidate with a ration (not a whole-space statement),1024,frontier_no_feasible_solution_found_no_ration,0.3212890625,0.75390625,,,,
2,SD-H0,0.1,SDSRC12_MAIN9,SD-SRC12,MAIN9,SDSRC12_MAIN9:M3b[factory box]@alpha=0.1,M3b_budget_robust,M3b_budget_robust,entry,False,not_met,,,"no value of the declared grid met the validation screen (candidate statuses: optimal, proven_infeasible); a grid without a solution is not a statement about the whole decision space",main_reference_plan_domain,cp_upper,,,,,False,0,35,5,0.9564,0.9597100487962973,"gamma=0 {""k_box"": 1.0}",minimum attainable main-event rate_upper over the declared grid (descriptive; its cost is not a comparable cost),1024,frontier_no_feasible_solution_found_no_ration,0.3212890625,0.75390625,,,,
2,SD-H0,0.1,SDSRC14_MAIN9,SD-SRC14,MAIN9,SDSRC14_MAIN9:M0,M0_nominal,M0_nominal,entry,True,,,optimal,,main_reference_plan_domain,cp_upper,0.9564,0.9564,0.9597100487962973,False,False,0,1,1,0.9564,0.9597100487962973,,minimum attainable main-event rate_upper over the declared grid (descriptive; its cost is not a comparable cost),1024,frontier_no_feasible_solution_found_no_ration,0.1533203125,0.693359375,,,,
2,SD-H0,0.1,SDSRC14_MAIN9,SD-SRC14,MAIN9,"SDSRC14_MAIN9:M1[relative,apply_to_dm=False]@alpha=0.1",M1_safety_margin,M1_safety_margin[apply_to_dm=False],sensitivity_line,False,not_met,,,"no value of the declared grid met the validation screen (candidate statuses: optimal, proven_infeasible); a grid without a solution is not a statement about the whole decision space",main_reference_plan_domain,cp_upper,,,,,False,0,5,1,0.9564,0.9597100487962973,k=0.0,minimum attainable main-event rate_upper over the declared grid (descriptive; its cost is not a comparable cost),1024,frontier_no_feasible_solution_found_no_ration,0.1533203125,0.693359375,,,,
2,SD-H0,0.1,SDSRC14_MAIN9,SD-SRC14,MAIN9,"SDSRC14_MAIN9:M1[relative,apply_to_dm=True]@alpha=0.1",M1_safety_margin,M1_safety_margin[apply_to_dm=True],entry,False,not_met,,,"no value of the declared grid met the validation screen (candidate statuses: optimal, proven_infeasible); a grid without a solution is not a statement about the whole decision space",main_reference_plan_domain,cp_upper,,,,,False,0,5,1,0.9564,0.9597100487962973,k=0.0,minimum attainable main-event rate_upper over the declared grid (descriptive; its cost is not a comparable cost),1024,frontier_no_feasible_solution_found_no_ration,0.1533203125,0.693359375,,,,
2,SD-H0,0.1,SDSRC14_MAIN9,SD-SRC14,MAIN9,SDSRC14_MAIN9:M2[N=1024]@alpha=0.1,M2_joint_chance_saa,M2_joint_chance_saa[N=1024],entry,False,not_met,,,"SAA over the N training scenarios proven infeasible for every alpha_train of the declared grid (training scenarios only; not a population, field or whole-space statement)",main_reference_plan_domain,cp_upper,,,,,False,0,4,0,,,,no scored grid candidate with a ration (not a whole-space statement),1024,frontier_no_feasible_solution_found_no_ration,0.1533203125,0.693359375,,,,
2,SD-H0,0.1,SDSRC14_MAIN9,SD-SRC14,MAIN9,SDSRC14_MAIN9:M2[N=128]@alpha=0.1,M2_joint_chance_saa,M2_joint_chance_saa[N=128],entry,False,not_met,,,"SAA over the N training scenarios proven infeasible for every alpha_train of the declared grid (training scenarios only; not a population, field or whole-space statement)",main_reference_plan_domain,cp_upper,,,,,False,0,4,0,,,,no scored grid candidate with a ration (not a whole-space statement),128,optimal,0.6328125,0.6328125,0.756,0.7562,0.7632567970121735,"diagnostic frontier point (training scenarios only); not a method, never a member"
2,SD-H0,0.1,SDSRC14_MAIN9,SD-SRC14,MAIN9,SDSRC14_MAIN9:M2[N=512]@alpha=0.1,M2_joint_chance_saa,M2_joint_chance_saa[N=512],entry,False,not_met,,,"SAA over the N training scenarios proven infeasible for every alpha_train of the declared grid (training scenarios only; not a population, field or whole-space statement)",main_reference_plan_domain,cp_upper,,,,,False,0,4,0,,,,no scored grid candidate with a ration (not a whole-space statement),512,frontier_no_feasible_solution_found_no_ration,0.44921875,0.66015625,,,,
2,SD-H0,0.1,SDSRC14_MAIN9,SD-SRC14,MAIN9,SDSRC14_MAIN9:M3a[factory box]@alpha=0.1,M3a_box_robust,M3a_box_robust,entry,False,not_met,,,no value of the declared grid met the validation screen (candidate statuses: proven_infeasible); a grid without a solution is not a statement about the whole decision space,main_reference_plan_domain,cp_upper,,,,,False,0,5,0,,,,no scored grid candidate with a ration (not a whole-space statement),1024,frontier_no_feasible_solution_found_no_ration,0.1533203125,0.693359375,,,,
2,SD-H0,0.1,SDSRC14_MAIN9,SD-SRC14,MAIN9,SDSRC14_MAIN9:M3b[factory box]@alpha=0.1,M3b_budget_robust,M3b_budget_robust,entry,False,not_met,,,"no value of the declared grid met the validation screen (candidate statuses: optimal, proven_infeasible); a grid without a solution is not a statement about the whole decision space",main_reference_plan_domain,cp_upper,,,,,False,0,35,5,0.9564,0.9597100487962973,"gamma=0 {""k_box"": 1.0}",minimum attainable main-event rate_upper over the declared grid (descriptive; its cost is not a comparable cost),1024,frontier_no_feasible_solution_found_no_ration,0.1533203125,0.693359375,,,,
2,SD-H0,0.01,SD12MO_MAIN9,SD-12MO,MAIN9,SD12MO_MAIN9:M0,M0_nominal,M0_nominal,entry,True,,,optimal,,main_reference_plan_domain,cp_upper,0.9564,0.9564,0.9597100487962973,False,False,0,1,1,0.9564,0.9597100487962973,,minimum attainable main-event rate_upper over the declared grid (descriptive; its cost is not a comparable cost),1024,frontier_no_feasible_solution_found_no_ration,0.3056640625,0.6611328125,,,,
2,SD-H0,0.01,SD12MO_MAIN9,SD-12MO,MAIN9,"SD12MO_MAIN9:M1[relative,apply_to_dm=False]@alpha=0.01",M1_safety_margin,M1_safety_margin[apply_to_dm=False],sensitivity_line,False,not_met,,,"no value of the declared grid met the validation screen (candidate statuses: optimal, proven_infeasible); a grid without a solution is not a statement about the whole decision space",main_reference_plan_domain,cp_upper,,,,,False,0,5,1,0.9564,0.9597100487962973,k=0.0,minimum attainable main-event rate_upper over the declared grid (descriptive; its cost is not a comparable cost),1024,frontier_no_feasible_solution_found_no_ration,0.3056640625,0.6611328125,,,,
2,SD-H0,0.01,SD12MO_MAIN9,SD-12MO,MAIN9,"SD12MO_MAIN9:M1[relative,apply_to_dm=True]@alpha=0.01",M1_safety_margin,M1_safety_margin[apply_to_dm=True],entry,False,not_met,,,"no value of the declared grid met the validation screen (candidate statuses: optimal, proven_infeasible); a grid without a solution is not a statement about the whole decision space",main_reference_plan_domain,cp_upper,,,,,False,0,5,1,0.9564,0.9597100487962973,k=0.0,minimum attainable main-event rate_upper over the declared grid (descriptive; its cost is not a comparable cost),1024,frontier_no_feasible_solution_found_no_ration,0.3056640625,0.6611328125,,,,
2,SD-H0,0.01,SD12MO_MAIN9,SD-12MO,MAIN9,SD12MO_MAIN9:M2[N=1024]@alpha=0.01,M2_joint_chance_saa,M2_joint_chance_saa[N=1024],entry,False,not_met,,,"SAA over the N training scenarios proven infeasible for every alpha_train of the declared grid (training scenarios only; not a population, field or whole-space statement)",main_reference_plan_domain,cp_upper,,,,,False,0,4,0,,,,no scored grid candidate with a ration (not a whole-space statement),1024,frontier_no_feasible_solution_found_no_ration,0.3056640625,0.6611328125,,,,
2,SD-H0,0.01,SD12MO_MAIN9,SD-12MO,MAIN9,SD12MO_MAIN9:M2[N=128]@alpha=0.01,M2_joint_chance_saa,M2_joint_chance_saa[N=128],entry,False,not_met,,,"SAA over the N training scenarios proven infeasible for every alpha_train of the declared grid (training scenarios only; not a population, field or whole-space statement)",main_reference_plan_domain,cp_upper,,,,,False,0,4,0,,,,no scored grid candidate with a ration (not a whole-space statement),128,optimal,0.6484375,0.6484375,0.7758,0.7759,0.7827488600028756,"diagnostic frontier point (training scenarios only); not a method, never a member"
2,SD-H0,0.01,SD12MO_MAIN9,SD-12MO,MAIN9,SD12MO_MAIN9:M2[N=512]@alpha=0.01,M2_joint_chance_saa,M2_joint_chance_saa[N=512],entry,False,not_met,,,"SAA over the N training scenarios proven infeasible for every alpha_train of the declared grid (training scenarios only; not a population, field or whole-space statement)",main_reference_plan_domain,cp_upper,,,,,False,0,4,0,,,,no scored grid candidate with a ration (not a whole-space statement),512,frontier_no_feasible_solution_found_no_ration,0.517578125,0.634765625,,,,
2,SD-H0,0.01,SD12MO_MAIN9,SD-12MO,MAIN9,SD12MO_MAIN9:M3a[factory box]@alpha=0.01,M3a_box_robust,M3a_box_robust,entry,False,not_met,,,no value of the declared grid met the validation screen (candidate statuses: proven_infeasible); a grid without a solution is not a statement about the whole decision space,main_reference_plan_domain,cp_upper,,,,,False,0,5,0,,,,no scored grid candidate with a ration (not a whole-space statement),1024,frontier_no_feasible_solution_found_no_ration,0.3056640625,0.6611328125,,,,
2,SD-H0,0.01,SD12MO_MAIN9,SD-12MO,MAIN9,SD12MO_MAIN9:M3b[factory box]@alpha=0.01,M3b_budget_robust,M3b_budget_robust,entry,False,not_met,,,"no value of the declared grid met the validation screen (candidate statuses: optimal, proven_infeasible); a grid without a solution is not a statement about the whole decision space",main_reference_plan_domain,cp_upper,,,,,False,0,35,5,0.9564,0.9597100487962973,"gamma=0 {""k_box"": 1.0}",minimum attainable main-event rate_upper over the declared grid (descriptive; its cost is not a comparable cost),1024,frontier_no_feasible_solution_found_no_ration,0.3056640625,0.6611328125,,,,
2,SD-H0,0.01,SDH0_MAIN9,SD-H0,MAIN9,SDH0_MAIN9:M0,M0_nominal,M0_nominal,entry,True,,,optimal,,main_reference_plan_domain,cp_upper,0.9564,0.9564,0.9597100487962973,False,False,0,1,1,0.9564,0.9597100487962973,,minimum attainable main-event rate_upper over the declared grid (descriptive; its cost is not a comparable cost),1024,frontier_no_feasible_solution_found_no_ration,0.412109375,0.7705078125,,,,
2,SD-H0,0.01,SDH0_MAIN9,SD-H0,MAIN9,"SDH0_MAIN9:M1[relative,apply_to_dm=False]@alpha=0.01",M1_safety_margin,M1_safety_margin[apply_to_dm=False],sensitivity_line,False,not_met,,,"no value of the declared grid met the validation screen (candidate statuses: optimal, proven_infeasible); a grid without a solution is not a statement about the whole decision space",main_reference_plan_domain,cp_upper,,,,,False,0,5,1,0.9564,0.9597100487962973,k=0.0,minimum attainable main-event rate_upper over the declared grid (descriptive; its cost is not a comparable cost),1024,frontier_no_feasible_solution_found_no_ration,0.412109375,0.7705078125,,,,
2,SD-H0,0.01,SDH0_MAIN9,SD-H0,MAIN9,"SDH0_MAIN9:M1[relative,apply_to_dm=True]@alpha=0.01",M1_safety_margin,M1_safety_margin[apply_to_dm=True],entry,False,not_met,,,"no value of the declared grid met the validation screen (candidate statuses: optimal, proven_infeasible); a grid without a solution is not a statement about the whole decision space",main_reference_plan_domain,cp_upper,,,,,False,0,5,1,0.9564,0.9597100487962973,k=0.0,minimum attainable main-event rate_upper over the declared grid (descriptive; its cost is not a comparable cost),1024,frontier_no_feasible_solution_found_no_ration,0.412109375,0.7705078125,,,,
2,SD-H0,0.01,SDH0_MAIN9,SD-H0,MAIN9,SDH0_MAIN9:M2[N=1024]@alpha=0.01,M2_joint_chance_saa,M2_joint_chance_saa[N=1024],entry,False,not_met,,,"SAA over the N training scenarios proven infeasible for every alpha_train of the declared grid (training scenarios only; not a population, field or whole-space statement)",main_reference_plan_domain,cp_upper,,,,,False,0,4,0,,,,no scored grid candidate with a ration (not a whole-space statement),1024,frontier_no_feasible_solution_found_no_ration,0.412109375,0.7705078125,,,,
2,SD-H0,0.01,SDH0_MAIN9,SD-H0,MAIN9,SDH0_MAIN9:M2[N=128]@alpha=0.01,M2_joint_chance_saa,M2_joint_chance_saa[N=128],entry,False,not_met,,,"SAA over the N training scenarios proven infeasible for every alpha_train of the declared grid (training scenarios only; not a population, field or whole-space statement)",main_reference_plan_domain,cp_upper,,,,,False,0,4,0,,,,no scored grid candidate with a ration (not a whole-space statement),128,optimal,0.703125,0.703125,0.6984,0.6985,0.7060549799152995,"diagnostic frontier point (training scenarios only); not a method, never a member"
2,SD-H0,0.01,SDH0_MAIN9,SD-H0,MAIN9,SDH0_MAIN9:M2[N=512]@alpha=0.01,M2_joint_chance_saa,M2_joint_chance_saa[N=512],entry,False,not_met,,,"SAA over the N training scenarios proven infeasible for every alpha_train of the declared grid (training scenarios only; not a population, field or whole-space statement)",main_reference_plan_domain,cp_upper,,,,,False,0,4,0,,,,no scored grid candidate with a ration (not a whole-space statement),512,frontier_no_feasible_solution_found_no_ration,0.58203125,0.720703125,,,,
2,SD-H0,0.01,SDH0_MAIN9,SD-H0,MAIN9,SDH0_MAIN9:M3a[factory box]@alpha=0.01,M3a_box_robust,M3a_box_robust,entry,False,not_met,,,no value of the declared grid met the validation screen (candidate statuses: proven_infeasible); a grid without a solution is not a statement about the whole decision space,main_reference_plan_domain,cp_upper,,,,,False,0,5,0,,,,no scored grid candidate with a ration (not a whole-space statement),1024,frontier_no_feasible_solution_found_no_ration,0.412109375,0.7705078125,,,,
2,SD-H0,0.01,SDH0_MAIN9,SD-H0,MAIN9,SDH0_MAIN9:M3b[factory box]@alpha=0.01,M3b_budget_robust,M3b_budget_robust,entry,False,not_met,,,"no value of the declared grid met the validation screen (candidate statuses: optimal, proven_infeasible); a grid without a solution is not a statement about the whole decision space",main_reference_plan_domain,cp_upper,,,,,False,0,35,5,0.9564,0.9597100487962973,"gamma=0 {""k_box"": 1.0}",minimum attainable main-event rate_upper over the declared grid (descriptive; its cost is not a comparable cost),1024,frontier_no_feasible_solution_found_no_ration,0.412109375,0.7705078125,,,,
2,SD-H0,0.01,SDS2_MAIN9,SD-S2,MAIN9,SDS2_MAIN9:M0,M0_nominal,M0_nominal,entry,True,,,optimal,,main_reference_plan_domain,cp_upper,0.9564,0.9564,0.9597100487962973,False,False,0,1,1,0.9564,0.9597100487962973,,minimum attainable main-event rate_upper over the declared grid (descriptive; its cost is not a comparable cost),1024,frontier_no_feasible_solution_found_no_ration,0.1533203125,0.6064453125,,,,
2,SD-H0,0.01,SDS2_MAIN9,SD-S2,MAIN9,"SDS2_MAIN9:M1[relative,apply_to_dm=False]@alpha=0.01",M1_safety_margin,M1_safety_margin[apply_to_dm=False],sensitivity_line,False,not_met,,,"no value of the declared grid met the validation screen (candidate statuses: optimal, proven_infeasible); a grid without a solution is not a statement about the whole decision space",main_reference_plan_domain,cp_upper,,,,,False,0,5,1,0.9564,0.9597100487962973,k=0.0,minimum attainable main-event rate_upper over the declared grid (descriptive; its cost is not a comparable cost),1024,frontier_no_feasible_solution_found_no_ration,0.1533203125,0.6064453125,,,,
2,SD-H0,0.01,SDS2_MAIN9,SD-S2,MAIN9,"SDS2_MAIN9:M1[relative,apply_to_dm=True]@alpha=0.01",M1_safety_margin,M1_safety_margin[apply_to_dm=True],entry,False,not_met,,,"no value of the declared grid met the validation screen (candidate statuses: optimal, proven_infeasible); a grid without a solution is not a statement about the whole decision space",main_reference_plan_domain,cp_upper,,,,,False,0,5,1,0.9564,0.9597100487962973,k=0.0,minimum attainable main-event rate_upper over the declared grid (descriptive; its cost is not a comparable cost),1024,frontier_no_feasible_solution_found_no_ration,0.1533203125,0.6064453125,,,,
2,SD-H0,0.01,SDS2_MAIN9,SD-S2,MAIN9,SDS2_MAIN9:M2[N=1024]@alpha=0.01,M2_joint_chance_saa,M2_joint_chance_saa[N=1024],entry,False,not_met,,,"SAA over the N training scenarios proven infeasible for every alpha_train of the declared grid (training scenarios only; not a population, field or whole-space statement)",main_reference_plan_domain,cp_upper,,,,,False,0,4,0,,,,no scored grid candidate with a ration (not a whole-space statement),1024,frontier_no_feasible_solution_found_no_ration,0.1533203125,0.6064453125,,,,
2,SD-H0,0.01,SDS2_MAIN9,SD-S2,MAIN9,SDS2_MAIN9:M2[N=128]@alpha=0.01,M2_joint_chance_saa,M2_joint_chance_saa[N=128],entry,False,not_met,,,"SAA over the N training scenarios proven infeasible for every alpha_train of the declared grid (training scenarios only; not a population, field or whole-space statement)",main_reference_plan_domain,cp_upper,,,,,False,0,4,0,,,,no scored grid candidate with a ration (not a whole-space statement),128,optimal,0.5546875,0.5546875,0.8132,0.8133,0.8196915163512288,"diagnostic frontier point (training scenarios only); not a method, never a member"
2,SD-H0,0.01,SDS2_MAIN9,SD-S2,MAIN9,SDS2_MAIN9:M2[N=512]@alpha=0.01,M2_joint_chance_saa,M2_joint_chance_saa[N=512],entry,False,not_met,,,"SAA over the N training scenarios proven infeasible for every alpha_train of the declared grid (training scenarios only; not a population, field or whole-space statement)",main_reference_plan_domain,cp_upper,,,,,False,0,4,0,,,,no scored grid candidate with a ration (not a whole-space statement),512,frontier_no_feasible_solution_found_no_ration,0.375,0.58203125,,,,
2,SD-H0,0.01,SDS2_MAIN9,SD-S2,MAIN9,SDS2_MAIN9:M3a[factory box]@alpha=0.01,M3a_box_robust,M3a_box_robust,entry,False,not_met,,,no value of the declared grid met the validation screen (candidate statuses: proven_infeasible); a grid without a solution is not a statement about the whole decision space,main_reference_plan_domain,cp_upper,,,,,False,0,5,0,,,,no scored grid candidate with a ration (not a whole-space statement),1024,frontier_no_feasible_solution_found_no_ration,0.1533203125,0.6064453125,,,,
2,SD-H0,0.01,SDS2_MAIN9,SD-S2,MAIN9,SDS2_MAIN9:M3b[factory box]@alpha=0.01,M3b_budget_robust,M3b_budget_robust,entry,False,not_met,,,"no value of the declared grid met the validation screen (candidate statuses: optimal, proven_infeasible); a grid without a solution is not a statement about the whole decision space",main_reference_plan_domain,cp_upper,,,,,False,0,35,5,0.9564,0.9597100487962973,"gamma=0 {""k_box"": 1.0}",minimum attainable main-event rate_upper over the declared grid (descriptive; its cost is not a comparable cost),1024,frontier_no_feasible_solution_found_no_ration,0.1533203125,0.6064453125,,,,
2,SD-H0,0.01,SDSRC12_MAIN9,SD-SRC12,MAIN9,SDSRC12_MAIN9:M0,M0_nominal,M0_nominal,entry,True,,,optimal,,main_reference_plan_domain,cp_upper,0.9564,0.9564,0.9597100487962973,False,False,0,1,1,0.9564,0.9597100487962973,,minimum attainable main-event rate_upper over the declared grid (descriptive; its cost is not a comparable cost),1024,frontier_no_feasible_solution_found_no_ration,0.3212890625,0.75390625,,,,
2,SD-H0,0.01,SDSRC12_MAIN9,SD-SRC12,MAIN9,"SDSRC12_MAIN9:M1[relative,apply_to_dm=False]@alpha=0.01",M1_safety_margin,M1_safety_margin[apply_to_dm=False],sensitivity_line,False,not_met,,,"no value of the declared grid met the validation screen (candidate statuses: optimal, proven_infeasible); a grid without a solution is not a statement about the whole decision space",main_reference_plan_domain,cp_upper,,,,,False,0,5,1,0.9564,0.9597100487962973,k=0.0,minimum attainable main-event rate_upper over the declared grid (descriptive; its cost is not a comparable cost),1024,frontier_no_feasible_solution_found_no_ration,0.3212890625,0.75390625,,,,
2,SD-H0,0.01,SDSRC12_MAIN9,SD-SRC12,MAIN9,"SDSRC12_MAIN9:M1[relative,apply_to_dm=True]@alpha=0.01",M1_safety_margin,M1_safety_margin[apply_to_dm=True],entry,False,not_met,,,"no value of the declared grid met the validation screen (candidate statuses: optimal, proven_infeasible); a grid without a solution is not a statement about the whole decision space",main_reference_plan_domain,cp_upper,,,,,False,0,5,1,0.9564,0.9597100487962973,k=0.0,minimum attainable main-event rate_upper over the declared grid (descriptive; its cost is not a comparable cost),1024,frontier_no_feasible_solution_found_no_ration,0.3212890625,0.75390625,,,,
2,SD-H0,0.01,SDSRC12_MAIN9,SD-SRC12,MAIN9,SDSRC12_MAIN9:M2[N=1024]@alpha=0.01,M2_joint_chance_saa,M2_joint_chance_saa[N=1024],entry,False,not_met,,,"SAA over the N training scenarios proven infeasible for every alpha_train of the declared grid (training scenarios only; not a population, field or whole-space statement)",main_reference_plan_domain,cp_upper,,,,,False,0,4,0,,,,no scored grid candidate with a ration (not a whole-space statement),1024,frontier_no_feasible_solution_found_no_ration,0.3212890625,0.75390625,,,,
2,SD-H0,0.01,SDSRC12_MAIN9,SD-SRC12,MAIN9,SDSRC12_MAIN9:M2[N=128]@alpha=0.01,M2_joint_chance_saa,M2_joint_chance_saa[N=128],entry,False,not_met,,,"SAA over the N training scenarios proven infeasible for every alpha_train of the declared grid (training scenarios only; not a population, field or whole-space statement)",main_reference_plan_domain,cp_upper,,,,,False,0,4,0,,,,no scored grid candidate with a ration (not a whole-space statement),128,optimal,0.703125,0.703125,0.7424,0.7426,0.7497884713287597,"diagnostic frontier point (training scenarios only); not a method, never a member"
2,SD-H0,0.01,SDSRC12_MAIN9,SD-SRC12,MAIN9,SDSRC12_MAIN9:M2[N=512]@alpha=0.01,M2_joint_chance_saa,M2_joint_chance_saa[N=512],entry,False,not_met,,,"SAA over the N training scenarios proven infeasible for every alpha_train of the declared grid (training scenarios only; not a population, field or whole-space statement)",main_reference_plan_domain,cp_upper,,,,,False,0,4,0,,,,no scored grid candidate with a ration (not a whole-space statement),512,frontier_no_feasible_solution_found_no_ration,0.54296875,0.732421875,,,,
2,SD-H0,0.01,SDSRC12_MAIN9,SD-SRC12,MAIN9,SDSRC12_MAIN9:M3a[factory box]@alpha=0.01,M3a_box_robust,M3a_box_robust,entry,False,not_met,,,no value of the declared grid met the validation screen (candidate statuses: proven_infeasible); a grid without a solution is not a statement about the whole decision space,main_reference_plan_domain,cp_upper,,,,,False,0,5,0,,,,no scored grid candidate with a ration (not a whole-space statement),1024,frontier_no_feasible_solution_found_no_ration,0.3212890625,0.75390625,,,,
2,SD-H0,0.01,SDSRC12_MAIN9,SD-SRC12,MAIN9,SDSRC12_MAIN9:M3b[factory box]@alpha=0.01,M3b_budget_robust,M3b_budget_robust,entry,False,not_met,,,"no value of the declared grid met the validation screen (candidate statuses: optimal, proven_infeasible); a grid without a solution is not a statement about the whole decision space",main_reference_plan_domain,cp_upper,,,,,False,0,35,5,0.9564,0.9597100487962973,"gamma=0 {""k_box"": 1.0}",minimum attainable main-event rate_upper over the declared grid (descriptive; its cost is not a comparable cost),1024,frontier_no_feasible_solution_found_no_ration,0.3212890625,0.75390625,,,,
2,SD-H0,0.01,SDSRC14_MAIN9,SD-SRC14,MAIN9,SDSRC14_MAIN9:M0,M0_nominal,M0_nominal,entry,True,,,optimal,,main_reference_plan_domain,cp_upper,0.9564,0.9564,0.9597100487962973,False,False,0,1,1,0.9564,0.9597100487962973,,minimum attainable main-event rate_upper over the declared grid (descriptive; its cost is not a comparable cost),1024,frontier_no_feasible_solution_found_no_ration,0.1533203125,0.693359375,,,,
2,SD-H0,0.01,SDSRC14_MAIN9,SD-SRC14,MAIN9,"SDSRC14_MAIN9:M1[relative,apply_to_dm=False]@alpha=0.01",M1_safety_margin,M1_safety_margin[apply_to_dm=False],sensitivity_line,False,not_met,,,"no value of the declared grid met the validation screen (candidate statuses: optimal, proven_infeasible); a grid without a solution is not a statement about the whole decision space",main_reference_plan_domain,cp_upper,,,,,False,0,5,1,0.9564,0.9597100487962973,k=0.0,minimum attainable main-event rate_upper over the declared grid (descriptive; its cost is not a comparable cost),1024,frontier_no_feasible_solution_found_no_ration,0.1533203125,0.693359375,,,,
2,SD-H0,0.01,SDSRC14_MAIN9,SD-SRC14,MAIN9,"SDSRC14_MAIN9:M1[relative,apply_to_dm=True]@alpha=0.01",M1_safety_margin,M1_safety_margin[apply_to_dm=True],entry,False,not_met,,,"no value of the declared grid met the validation screen (candidate statuses: optimal, proven_infeasible); a grid without a solution is not a statement about the whole decision space",main_reference_plan_domain,cp_upper,,,,,False,0,5,1,0.9564,0.9597100487962973,k=0.0,minimum attainable main-event rate_upper over the declared grid (descriptive; its cost is not a comparable cost),1024,frontier_no_feasible_solution_found_no_ration,0.1533203125,0.693359375,,,,
2,SD-H0,0.01,SDSRC14_MAIN9,SD-SRC14,MAIN9,SDSRC14_MAIN9:M2[N=1024]@alpha=0.01,M2_joint_chance_saa,M2_joint_chance_saa[N=1024],entry,False,not_met,,,"SAA over the N training scenarios proven infeasible for every alpha_train of the declared grid (training scenarios only; not a population, field or whole-space statement)",main_reference_plan_domain,cp_upper,,,,,False,0,4,0,,,,no scored grid candidate with a ration (not a whole-space statement),1024,frontier_no_feasible_solution_found_no_ration,0.1533203125,0.693359375,,,,
2,SD-H0,0.01,SDSRC14_MAIN9,SD-SRC14,MAIN9,SDSRC14_MAIN9:M2[N=128]@alpha=0.01,M2_joint_chance_saa,M2_joint_chance_saa[N=128],entry,False,not_met,,,"SAA over the N training scenarios proven infeasible for every alpha_train of the declared grid (training scenarios only; not a population, field or whole-space statement)",main_reference_plan_domain,cp_upper,,,,,False,0,4,0,,,,no scored grid candidate with a ration (not a whole-space statement),128,optimal,0.6328125,0.6328125,0.756,0.7562,0.7632567970121735,"diagnostic frontier point (training scenarios only); not a method, never a member"
2,SD-H0,0.01,SDSRC14_MAIN9,SD-SRC14,MAIN9,SDSRC14_MAIN9:M2[N=512]@alpha=0.01,M2_joint_chance_saa,M2_joint_chance_saa[N=512],entry,False,not_met,,,"SAA over the N training scenarios proven infeasible for every alpha_train of the declared grid (training scenarios only; not a population, field or whole-space statement)",main_reference_plan_domain,cp_upper,,,,,False,0,4,0,,,,no scored grid candidate with a ration (not a whole-space statement),512,frontier_no_feasible_solution_found_no_ration,0.44921875,0.66015625,,,,
2,SD-H0,0.01,SDSRC14_MAIN9,SD-SRC14,MAIN9,SDSRC14_MAIN9:M3a[factory box]@alpha=0.01,M3a_box_robust,M3a_box_robust,entry,False,not_met,,,no value of the declared grid met the validation screen (candidate statuses: proven_infeasible); a grid without a solution is not a statement about the whole decision space,main_reference_plan_domain,cp_upper,,,,,False,0,5,0,,,,no scored grid candidate with a ration (not a whole-space statement),1024,frontier_no_feasible_solution_found_no_ration,0.1533203125,0.693359375,,,,
2,SD-H0,0.01,SDSRC14_MAIN9,SD-SRC14,MAIN9,SDSRC14_MAIN9:M3b[factory box]@alpha=0.01,M3b_budget_robust,M3b_budget_robust,entry,False,not_met,,,"no value of the declared grid met the validation screen (candidate statuses: optimal, proven_infeasible); a grid without a solution is not a statement about the whole decision space",main_reference_plan_domain,cp_upper,,,,,False,0,35,5,0.9564,0.9597100487962973,"gamma=0 {""k_box"": 1.0}",minimum attainable main-event rate_upper over the declared grid (descriptive; its cost is not a comparable cost),1024,frontier_no_feasible_solution_found_no_ration,0.1533203125,0.693359375,,,,
2,SD-S2,0.05,SD12MO_MAIN9,SD-12MO,MAIN9,SD12MO_MAIN9:M0,M0_nominal,M0_nominal,entry,True,,,optimal,,main_reference_plan_domain,cp_upper,0.9687,0.9687,0.9715125928129352,False,False,0,1,1,0.9687,0.9715125928129352,,minimum attainable main-event rate_upper over the declared grid (descriptive; its cost is not a comparable cost),1024,frontier_no_feasible_solution_found_no_ration,0.3056640625,0.6611328125,,,,
2,SD-S2,0.05,SD12MO_MAIN9,SD-12MO,MAIN9,"SD12MO_MAIN9:M1[relative,apply_to_dm=False]@alpha=0.05",M1_safety_margin,M1_safety_margin[apply_to_dm=False],sensitivity_line,False,not_met,,,"no value of the declared grid met the validation screen (candidate statuses: optimal, proven_infeasible); a grid without a solution is not a statement about the whole decision space",main_reference_plan_domain,cp_upper,,,,,False,0,5,1,0.9687,0.9715125928129352,k=0.0,minimum attainable main-event rate_upper over the declared grid (descriptive; its cost is not a comparable cost),1024,frontier_no_feasible_solution_found_no_ration,0.3056640625,0.6611328125,,,,
2,SD-S2,0.05,SD12MO_MAIN9,SD-12MO,MAIN9,"SD12MO_MAIN9:M1[relative,apply_to_dm=True]@alpha=0.05",M1_safety_margin,M1_safety_margin[apply_to_dm=True],entry,False,not_met,,,"no value of the declared grid met the validation screen (candidate statuses: optimal, proven_infeasible); a grid without a solution is not a statement about the whole decision space",main_reference_plan_domain,cp_upper,,,,,False,0,5,1,0.9687,0.9715125928129352,k=0.0,minimum attainable main-event rate_upper over the declared grid (descriptive; its cost is not a comparable cost),1024,frontier_no_feasible_solution_found_no_ration,0.3056640625,0.6611328125,,,,
2,SD-S2,0.05,SD12MO_MAIN9,SD-12MO,MAIN9,SD12MO_MAIN9:M2[N=1024]@alpha=0.05,M2_joint_chance_saa,M2_joint_chance_saa[N=1024],entry,False,not_met,,,"SAA over the N training scenarios proven infeasible for every alpha_train of the declared grid (training scenarios only; not a population, field or whole-space statement)",main_reference_plan_domain,cp_upper,,,,,False,0,4,0,,,,no scored grid candidate with a ration (not a whole-space statement),1024,frontier_no_feasible_solution_found_no_ration,0.3056640625,0.6611328125,,,,
2,SD-S2,0.05,SD12MO_MAIN9,SD-12MO,MAIN9,SD12MO_MAIN9:M2[N=128]@alpha=0.05,M2_joint_chance_saa,M2_joint_chance_saa[N=128],entry,False,not_met,,,"SAA over the N training scenarios proven infeasible for every alpha_train of the declared grid (training scenarios only; not a population, field or whole-space statement)",main_reference_plan_domain,cp_upper,,,,,False,0,4,0,,,,no scored grid candidate with a ration (not a whole-space statement),128,optimal,0.6484375,0.6484375,0.5264,0.5264,0.5346563413558094,"diagnostic frontier point (training scenarios only); not a method, never a member"
2,SD-S2,0.05,SD12MO_MAIN9,SD-12MO,MAIN9,SD12MO_MAIN9:M2[N=512]@alpha=0.05,M2_joint_chance_saa,M2_joint_chance_saa[N=512],entry,False,not_met,,,"SAA over the N training scenarios proven infeasible for every alpha_train of the declared grid (training scenarios only; not a population, field or whole-space statement)",main_reference_plan_domain,cp_upper,,,,,False,0,4,0,,,,no scored grid candidate with a ration (not a whole-space statement),512,frontier_no_feasible_solution_found_no_ration,0.517578125,0.634765625,,,,
2,SD-S2,0.05,SD12MO_MAIN9,SD-12MO,MAIN9,SD12MO_MAIN9:M3a[factory box]@alpha=0.05,M3a_box_robust,M3a_box_robust,entry,False,not_met,,,no value of the declared grid met the validation screen (candidate statuses: proven_infeasible); a grid without a solution is not a statement about the whole decision space,main_reference_plan_domain,cp_upper,,,,,False,0,5,0,,,,no scored grid candidate with a ration (not a whole-space statement),1024,frontier_no_feasible_solution_found_no_ration,0.3056640625,0.6611328125,,,,
2,SD-S2,0.05,SD12MO_MAIN9,SD-12MO,MAIN9,SD12MO_MAIN9:M3b[factory box]@alpha=0.05,M3b_budget_robust,M3b_budget_robust,entry,False,not_met,,,"no value of the declared grid met the validation screen (candidate statuses: optimal, proven_infeasible); a grid without a solution is not a statement about the whole decision space",main_reference_plan_domain,cp_upper,,,,,False,0,35,5,0.9687,0.9715125928129352,"gamma=0 {""k_box"": 1.0}",minimum attainable main-event rate_upper over the declared grid (descriptive; its cost is not a comparable cost),1024,frontier_no_feasible_solution_found_no_ration,0.3056640625,0.6611328125,,,,
2,SD-S2,0.05,SDH0_MAIN9,SD-H0,MAIN9,SDH0_MAIN9:M0,M0_nominal,M0_nominal,entry,True,,,optimal,,main_reference_plan_domain,cp_upper,0.9687,0.9687,0.9715125928129352,False,False,0,1,1,0.9687,0.9715125928129352,,minimum attainable main-event rate_upper over the declared grid (descriptive; its cost is not a comparable cost),1024,frontier_no_feasible_solution_found_no_ration,0.412109375,0.7705078125,,,,
2,SD-S2,0.05,SDH0_MAIN9,SD-H0,MAIN9,"SDH0_MAIN9:M1[relative,apply_to_dm=False]@alpha=0.05",M1_safety_margin,M1_safety_margin[apply_to_dm=False],sensitivity_line,False,not_met,,,"no value of the declared grid met the validation screen (candidate statuses: optimal, proven_infeasible); a grid without a solution is not a statement about the whole decision space",main_reference_plan_domain,cp_upper,,,,,False,0,5,1,0.9687,0.9715125928129352,k=0.0,minimum attainable main-event rate_upper over the declared grid (descriptive; its cost is not a comparable cost),1024,frontier_no_feasible_solution_found_no_ration,0.412109375,0.7705078125,,,,
2,SD-S2,0.05,SDH0_MAIN9,SD-H0,MAIN9,"SDH0_MAIN9:M1[relative,apply_to_dm=True]@alpha=0.05",M1_safety_margin,M1_safety_margin[apply_to_dm=True],entry,False,not_met,,,"no value of the declared grid met the validation screen (candidate statuses: optimal, proven_infeasible); a grid without a solution is not a statement about the whole decision space",main_reference_plan_domain,cp_upper,,,,,False,0,5,1,0.9687,0.9715125928129352,k=0.0,minimum attainable main-event rate_upper over the declared grid (descriptive; its cost is not a comparable cost),1024,frontier_no_feasible_solution_found_no_ration,0.412109375,0.7705078125,,,,
2,SD-S2,0.05,SDH0_MAIN9,SD-H0,MAIN9,SDH0_MAIN9:M2[N=1024]@alpha=0.05,M2_joint_chance_saa,M2_joint_chance_saa[N=1024],entry,False,not_met,,,"SAA over the N training scenarios proven infeasible for every alpha_train of the declared grid (training scenarios only; not a population, field or whole-space statement)",main_reference_plan_domain,cp_upper,,,,,False,0,4,0,,,,no scored grid candidate with a ration (not a whole-space statement),1024,frontier_no_feasible_solution_found_no_ration,0.412109375,0.7705078125,,,,
2,SD-S2,0.05,SDH0_MAIN9,SD-H0,MAIN9,SDH0_MAIN9:M2[N=128]@alpha=0.05,M2_joint_chance_saa,M2_joint_chance_saa[N=128],entry,False,not_met,,,"SAA over the N training scenarios proven infeasible for every alpha_train of the declared grid (training scenarios only; not a population, field or whole-space statement)",main_reference_plan_domain,cp_upper,,,,,False,0,4,0,,,,no scored grid candidate with a ration (not a whole-space statement),128,optimal,0.703125,0.703125,0.7429,0.7429,0.7500856667056403,"diagnostic frontier point (training scenarios only); not a method, never a member"
2,SD-S2,0.05,SDH0_MAIN9,SD-H0,MAIN9,SDH0_MAIN9:M2[N=512]@alpha=0.05,M2_joint_chance_saa,M2_joint_chance_saa[N=512],entry,False,not_met,,,"SAA over the N training scenarios proven infeasible for every alpha_train of the declared grid (training scenarios only; not a population, field or whole-space statement)",main_reference_plan_domain,cp_upper,,,,,False,0,4,0,,,,no scored grid candidate with a ration (not a whole-space statement),512,frontier_no_feasible_solution_found_no_ration,0.58203125,0.720703125,,,,
2,SD-S2,0.05,SDH0_MAIN9,SD-H0,MAIN9,SDH0_MAIN9:M3a[factory box]@alpha=0.05,M3a_box_robust,M3a_box_robust,entry,False,not_met,,,no value of the declared grid met the validation screen (candidate statuses: proven_infeasible); a grid without a solution is not a statement about the whole decision space,main_reference_plan_domain,cp_upper,,,,,False,0,5,0,,,,no scored grid candidate with a ration (not a whole-space statement),1024,frontier_no_feasible_solution_found_no_ration,0.412109375,0.7705078125,,,,
2,SD-S2,0.05,SDH0_MAIN9,SD-H0,MAIN9,SDH0_MAIN9:M3b[factory box]@alpha=0.05,M3b_budget_robust,M3b_budget_robust,entry,False,not_met,,,"no value of the declared grid met the validation screen (candidate statuses: optimal, proven_infeasible); a grid without a solution is not a statement about the whole decision space",main_reference_plan_domain,cp_upper,,,,,False,0,35,5,0.9687,0.9715125928129352,"gamma=0 {""k_box"": 1.0}",minimum attainable main-event rate_upper over the declared grid (descriptive; its cost is not a comparable cost),1024,frontier_no_feasible_solution_found_no_ration,0.412109375,0.7705078125,,,,
2,SD-S2,0.05,SDS2_MAIN9,SD-S2,MAIN9,SDS2_MAIN9:M0,M0_nominal,M0_nominal,entry,True,,,optimal,,main_reference_plan_domain,cp_upper,0.9687,0.9687,0.9715125928129352,False,False,0,1,1,0.9687,0.9715125928129352,,minimum attainable main-event rate_upper over the declared grid (descriptive; its cost is not a comparable cost),1024,frontier_no_feasible_solution_found_no_ration,0.1533203125,0.6064453125,,,,
2,SD-S2,0.05,SDS2_MAIN9,SD-S2,MAIN9,"SDS2_MAIN9:M1[relative,apply_to_dm=False]@alpha=0.05",M1_safety_margin,M1_safety_margin[apply_to_dm=False],sensitivity_line,False,not_met,,,"no value of the declared grid met the validation screen (candidate statuses: optimal, proven_infeasible); a grid without a solution is not a statement about the whole decision space",main_reference_plan_domain,cp_upper,,,,,False,0,5,1,0.9687,0.9715125928129352,k=0.0,minimum attainable main-event rate_upper over the declared grid (descriptive; its cost is not a comparable cost),1024,frontier_no_feasible_solution_found_no_ration,0.1533203125,0.6064453125,,,,
2,SD-S2,0.05,SDS2_MAIN9,SD-S2,MAIN9,"SDS2_MAIN9:M1[relative,apply_to_dm=True]@alpha=0.05",M1_safety_margin,M1_safety_margin[apply_to_dm=True],entry,False,not_met,,,"no value of the declared grid met the validation screen (candidate statuses: optimal, proven_infeasible); a grid without a solution is not a statement about the whole decision space",main_reference_plan_domain,cp_upper,,,,,False,0,5,1,0.9687,0.9715125928129352,k=0.0,minimum attainable main-event rate_upper over the declared grid (descriptive; its cost is not a comparable cost),1024,frontier_no_feasible_solution_found_no_ration,0.1533203125,0.6064453125,,,,
2,SD-S2,0.05,SDS2_MAIN9,SD-S2,MAIN9,SDS2_MAIN9:M2[N=1024]@alpha=0.05,M2_joint_chance_saa,M2_joint_chance_saa[N=1024],entry,False,not_met,,,"SAA over the N training scenarios proven infeasible for every alpha_train of the declared grid (training scenarios only; not a population, field or whole-space statement)",main_reference_plan_domain,cp_upper,,,,,False,0,4,0,,,,no scored grid candidate with a ration (not a whole-space statement),1024,frontier_no_feasible_solution_found_no_ration,0.1533203125,0.6064453125,,,,
2,SD-S2,0.05,SDS2_MAIN9,SD-S2,MAIN9,SDS2_MAIN9:M2[N=128]@alpha=0.05,M2_joint_chance_saa,M2_joint_chance_saa[N=128],entry,False,not_met,,,"SAA over the N training scenarios proven infeasible for every alpha_train of the declared grid (training scenarios only; not a population, field or whole-space statement)",main_reference_plan_domain,cp_upper,,,,,False,0,4,0,,,,no scored grid candidate with a ration (not a whole-space statement),128,optimal,0.5546875,0.5546875,0.5627,0.5627,0.5708950867924335,"diagnostic frontier point (training scenarios only); not a method, never a member"
2,SD-S2,0.05,SDS2_MAIN9,SD-S2,MAIN9,SDS2_MAIN9:M2[N=512]@alpha=0.05,M2_joint_chance_saa,M2_joint_chance_saa[N=512],entry,False,not_met,,,"SAA over the N training scenarios proven infeasible for every alpha_train of the declared grid (training scenarios only; not a population, field or whole-space statement)",main_reference_plan_domain,cp_upper,,,,,False,0,4,0,,,,no scored grid candidate with a ration (not a whole-space statement),512,frontier_no_feasible_solution_found_no_ration,0.375,0.58203125,,,,
2,SD-S2,0.05,SDS2_MAIN9,SD-S2,MAIN9,SDS2_MAIN9:M3a[factory box]@alpha=0.05,M3a_box_robust,M3a_box_robust,entry,False,not_met,,,no value of the declared grid met the validation screen (candidate statuses: proven_infeasible); a grid without a solution is not a statement about the whole decision space,main_reference_plan_domain,cp_upper,,,,,False,0,5,0,,,,no scored grid candidate with a ration (not a whole-space statement),1024,frontier_no_feasible_solution_found_no_ration,0.1533203125,0.6064453125,,,,
2,SD-S2,0.05,SDS2_MAIN9,SD-S2,MAIN9,SDS2_MAIN9:M3b[factory box]@alpha=0.05,M3b_budget_robust,M3b_budget_robust,entry,False,not_met,,,"no value of the declared grid met the validation screen (candidate statuses: optimal, proven_infeasible); a grid without a solution is not a statement about the whole decision space",main_reference_plan_domain,cp_upper,,,,,False,0,35,5,0.9687,0.9715125928129352,"gamma=0 {""k_box"": 1.0}",minimum attainable main-event rate_upper over the declared grid (descriptive; its cost is not a comparable cost),1024,frontier_no_feasible_solution_found_no_ration,0.1533203125,0.6064453125,,,,
2,SD-S2,0.05,SDSRC12_MAIN9,SD-SRC12,MAIN9,SDSRC12_MAIN9:M0,M0_nominal,M0_nominal,entry,True,,,optimal,,main_reference_plan_domain,cp_upper,0.9687,0.9687,0.9715125928129352,False,False,0,1,1,0.9687,0.9715125928129352,,minimum attainable main-event rate_upper over the declared grid (descriptive; its cost is not a comparable cost),1024,frontier_no_feasible_solution_found_no_ration,0.3212890625,0.75390625,,,,
2,SD-S2,0.05,SDSRC12_MAIN9,SD-SRC12,MAIN9,"SDSRC12_MAIN9:M1[relative,apply_to_dm=False]@alpha=0.05",M1_safety_margin,M1_safety_margin[apply_to_dm=False],sensitivity_line,False,not_met,,,"no value of the declared grid met the validation screen (candidate statuses: optimal, proven_infeasible); a grid without a solution is not a statement about the whole decision space",main_reference_plan_domain,cp_upper,,,,,False,0,5,1,0.9687,0.9715125928129352,k=0.0,minimum attainable main-event rate_upper over the declared grid (descriptive; its cost is not a comparable cost),1024,frontier_no_feasible_solution_found_no_ration,0.3212890625,0.75390625,,,,
2,SD-S2,0.05,SDSRC12_MAIN9,SD-SRC12,MAIN9,"SDSRC12_MAIN9:M1[relative,apply_to_dm=True]@alpha=0.05",M1_safety_margin,M1_safety_margin[apply_to_dm=True],entry,False,not_met,,,"no value of the declared grid met the validation screen (candidate statuses: optimal, proven_infeasible); a grid without a solution is not a statement about the whole decision space",main_reference_plan_domain,cp_upper,,,,,False,0,5,1,0.9687,0.9715125928129352,k=0.0,minimum attainable main-event rate_upper over the declared grid (descriptive; its cost is not a comparable cost),1024,frontier_no_feasible_solution_found_no_ration,0.3212890625,0.75390625,,,,
2,SD-S2,0.05,SDSRC12_MAIN9,SD-SRC12,MAIN9,SDSRC12_MAIN9:M2[N=1024]@alpha=0.05,M2_joint_chance_saa,M2_joint_chance_saa[N=1024],entry,False,not_met,,,"SAA over the N training scenarios proven infeasible for every alpha_train of the declared grid (training scenarios only; not a population, field or whole-space statement)",main_reference_plan_domain,cp_upper,,,,,False,0,4,0,,,,no scored grid candidate with a ration (not a whole-space statement),1024,frontier_no_feasible_solution_found_no_ration,0.3212890625,0.75390625,,,,
2,SD-S2,0.05,SDSRC12_MAIN9,SD-SRC12,MAIN9,SDSRC12_MAIN9:M2[N=128]@alpha=0.05,M2_joint_chance_saa,M2_joint_chance_saa[N=128],entry,False,not_met,,,"SAA over the N training scenarios proven infeasible for every alpha_train of the declared grid (training scenarios only; not a population, field or whole-space statement)",main_reference_plan_domain,cp_upper,,,,,False,0,4,0,,,,no scored grid candidate with a ration (not a whole-space statement),128,optimal,0.703125,0.703125,0.5478,0.5478,0.5560255417986479,"diagnostic frontier point (training scenarios only); not a method, never a member"
2,SD-S2,0.05,SDSRC12_MAIN9,SD-SRC12,MAIN9,SDSRC12_MAIN9:M2[N=512]@alpha=0.05,M2_joint_chance_saa,M2_joint_chance_saa[N=512],entry,False,not_met,,,"SAA over the N training scenarios proven infeasible for every alpha_train of the declared grid (training scenarios only; not a population, field or whole-space statement)",main_reference_plan_domain,cp_upper,,,,,False,0,4,0,,,,no scored grid candidate with a ration (not a whole-space statement),512,frontier_no_feasible_solution_found_no_ration,0.54296875,0.732421875,,,,
2,SD-S2,0.05,SDSRC12_MAIN9,SD-SRC12,MAIN9,SDSRC12_MAIN9:M3a[factory box]@alpha=0.05,M3a_box_robust,M3a_box_robust,entry,False,not_met,,,no value of the declared grid met the validation screen (candidate statuses: proven_infeasible); a grid without a solution is not a statement about the whole decision space,main_reference_plan_domain,cp_upper,,,,,False,0,5,0,,,,no scored grid candidate with a ration (not a whole-space statement),1024,frontier_no_feasible_solution_found_no_ration,0.3212890625,0.75390625,,,,
2,SD-S2,0.05,SDSRC12_MAIN9,SD-SRC12,MAIN9,SDSRC12_MAIN9:M3b[factory box]@alpha=0.05,M3b_budget_robust,M3b_budget_robust,entry,False,not_met,,,"no value of the declared grid met the validation screen (candidate statuses: optimal, proven_infeasible); a grid without a solution is not a statement about the whole decision space",main_reference_plan_domain,cp_upper,,,,,False,0,35,5,0.9687,0.9715125928129352,"gamma=0 {""k_box"": 1.0}",minimum attainable main-event rate_upper over the declared grid (descriptive; its cost is not a comparable cost),1024,frontier_no_feasible_solution_found_no_ration,0.3212890625,0.75390625,,,,
2,SD-S2,0.05,SDSRC14_MAIN9,SD-SRC14,MAIN9,SDSRC14_MAIN9:M0,M0_nominal,M0_nominal,entry,True,,,optimal,,main_reference_plan_domain,cp_upper,0.9687,0.9687,0.9715125928129352,False,False,0,1,1,0.9687,0.9715125928129352,,minimum attainable main-event rate_upper over the declared grid (descriptive; its cost is not a comparable cost),1024,frontier_no_feasible_solution_found_no_ration,0.1533203125,0.693359375,,,,
2,SD-S2,0.05,SDSRC14_MAIN9,SD-SRC14,MAIN9,"SDSRC14_MAIN9:M1[relative,apply_to_dm=False]@alpha=0.05",M1_safety_margin,M1_safety_margin[apply_to_dm=False],sensitivity_line,False,not_met,,,"no value of the declared grid met the validation screen (candidate statuses: optimal, proven_infeasible); a grid without a solution is not a statement about the whole decision space",main_reference_plan_domain,cp_upper,,,,,False,0,5,1,0.9687,0.9715125928129352,k=0.0,minimum attainable main-event rate_upper over the declared grid (descriptive; its cost is not a comparable cost),1024,frontier_no_feasible_solution_found_no_ration,0.1533203125,0.693359375,,,,
2,SD-S2,0.05,SDSRC14_MAIN9,SD-SRC14,MAIN9,"SDSRC14_MAIN9:M1[relative,apply_to_dm=True]@alpha=0.05",M1_safety_margin,M1_safety_margin[apply_to_dm=True],entry,False,not_met,,,"no value of the declared grid met the validation screen (candidate statuses: optimal, proven_infeasible); a grid without a solution is not a statement about the whole decision space",main_reference_plan_domain,cp_upper,,,,,False,0,5,1,0.9687,0.9715125928129352,k=0.0,minimum attainable main-event rate_upper over the declared grid (descriptive; its cost is not a comparable cost),1024,frontier_no_feasible_solution_found_no_ration,0.1533203125,0.693359375,,,,
2,SD-S2,0.05,SDSRC14_MAIN9,SD-SRC14,MAIN9,SDSRC14_MAIN9:M2[N=1024]@alpha=0.05,M2_joint_chance_saa,M2_joint_chance_saa[N=1024],entry,False,not_met,,,"SAA over the N training scenarios proven infeasible for every alpha_train of the declared grid (training scenarios only; not a population, field or whole-space statement)",main_reference_plan_domain,cp_upper,,,,,False,0,4,0,,,,no scored grid candidate with a ration (not a whole-space statement),1024,frontier_no_feasible_solution_found_no_ration,0.1533203125,0.693359375,,,,
2,SD-S2,0.05,SDSRC14_MAIN9,SD-SRC14,MAIN9,SDSRC14_MAIN9:M2[N=128]@alpha=0.05,M2_joint_chance_saa,M2_joint_chance_saa[N=128],entry,False,not_met,,,"SAA over the N training scenarios proven infeasible for every alpha_train of the declared grid (training scenarios only; not a population, field or whole-space statement)",main_reference_plan_domain,cp_upper,,,,,False,0,4,0,,,,no scored grid candidate with a ration (not a whole-space statement),128,optimal,0.6328125,0.6328125,0.5408,0.5408,0.5490372890721296,"diagnostic frontier point (training scenarios only); not a method, never a member"
2,SD-S2,0.05,SDSRC14_MAIN9,SD-SRC14,MAIN9,SDSRC14_MAIN9:M2[N=512]@alpha=0.05,M2_joint_chance_saa,M2_joint_chance_saa[N=512],entry,False,not_met,,,"SAA over the N training scenarios proven infeasible for every alpha_train of the declared grid (training scenarios only; not a population, field or whole-space statement)",main_reference_plan_domain,cp_upper,,,,,False,0,4,0,,,,no scored grid candidate with a ration (not a whole-space statement),512,frontier_no_feasible_solution_found_no_ration,0.44921875,0.66015625,,,,
2,SD-S2,0.05,SDSRC14_MAIN9,SD-SRC14,MAIN9,SDSRC14_MAIN9:M3a[factory box]@alpha=0.05,M3a_box_robust,M3a_box_robust,entry,False,not_met,,,no value of the declared grid met the validation screen (candidate statuses: proven_infeasible); a grid without a solution is not a statement about the whole decision space,main_reference_plan_domain,cp_upper,,,,,False,0,5,0,,,,no scored grid candidate with a ration (not a whole-space statement),1024,frontier_no_feasible_solution_found_no_ration,0.1533203125,0.693359375,,,,
2,SD-S2,0.05,SDSRC14_MAIN9,SD-SRC14,MAIN9,SDSRC14_MAIN9:M3b[factory box]@alpha=0.05,M3b_budget_robust,M3b_budget_robust,entry,False,not_met,,,"no value of the declared grid met the validation screen (candidate statuses: optimal, proven_infeasible); a grid without a solution is not a statement about the whole decision space",main_reference_plan_domain,cp_upper,,,,,False,0,35,5,0.9687,0.9715125928129352,"gamma=0 {""k_box"": 1.0}",minimum attainable main-event rate_upper over the declared grid (descriptive; its cost is not a comparable cost),1024,frontier_no_feasible_solution_found_no_ration,0.1533203125,0.693359375,,,,
2,SD-S2,0.1,SD12MO_MAIN9,SD-12MO,MAIN9,SD12MO_MAIN9:M0,M0_nominal,M0_nominal,entry,True,,,optimal,,main_reference_plan_domain,cp_upper,0.9687,0.9687,0.9715125928129352,False,False,0,1,1,0.9687,0.9715125928129352,,minimum attainable main-event rate_upper over the declared grid (descriptive; its cost is not a comparable cost),1024,frontier_no_feasible_solution_found_no_ration,0.3056640625,0.6611328125,,,,
2,SD-S2,0.1,SD12MO_MAIN9,SD-12MO,MAIN9,"SD12MO_MAIN9:M1[relative,apply_to_dm=False]@alpha=0.1",M1_safety_margin,M1_safety_margin[apply_to_dm=False],sensitivity_line,False,not_met,,,"no value of the declared grid met the validation screen (candidate statuses: optimal, proven_infeasible); a grid without a solution is not a statement about the whole decision space",main_reference_plan_domain,cp_upper,,,,,False,0,5,1,0.9687,0.9715125928129352,k=0.0,minimum attainable main-event rate_upper over the declared grid (descriptive; its cost is not a comparable cost),1024,frontier_no_feasible_solution_found_no_ration,0.3056640625,0.6611328125,,,,
2,SD-S2,0.1,SD12MO_MAIN9,SD-12MO,MAIN9,"SD12MO_MAIN9:M1[relative,apply_to_dm=True]@alpha=0.1",M1_safety_margin,M1_safety_margin[apply_to_dm=True],entry,False,not_met,,,"no value of the declared grid met the validation screen (candidate statuses: optimal, proven_infeasible); a grid without a solution is not a statement about the whole decision space",main_reference_plan_domain,cp_upper,,,,,False,0,5,1,0.9687,0.9715125928129352,k=0.0,minimum attainable main-event rate_upper over the declared grid (descriptive; its cost is not a comparable cost),1024,frontier_no_feasible_solution_found_no_ration,0.3056640625,0.6611328125,,,,
2,SD-S2,0.1,SD12MO_MAIN9,SD-12MO,MAIN9,SD12MO_MAIN9:M2[N=1024]@alpha=0.1,M2_joint_chance_saa,M2_joint_chance_saa[N=1024],entry,False,not_met,,,"SAA over the N training scenarios proven infeasible for every alpha_train of the declared grid (training scenarios only; not a population, field or whole-space statement)",main_reference_plan_domain,cp_upper,,,,,False,0,4,0,,,,no scored grid candidate with a ration (not a whole-space statement),1024,frontier_no_feasible_solution_found_no_ration,0.3056640625,0.6611328125,,,,
2,SD-S2,0.1,SD12MO_MAIN9,SD-12MO,MAIN9,SD12MO_MAIN9:M2[N=128]@alpha=0.1,M2_joint_chance_saa,M2_joint_chance_saa[N=128],entry,False,not_met,,,"SAA over the N training scenarios proven infeasible for every alpha_train of the declared grid (training scenarios only; not a population, field or whole-space statement)",main_reference_plan_domain,cp_upper,,,,,False,0,4,0,,,,no scored grid candidate with a ration (not a whole-space statement),128,optimal,0.6484375,0.6484375,0.5264,0.5264,0.5346563413558094,"diagnostic frontier point (training scenarios only); not a method, never a member"
2,SD-S2,0.1,SD12MO_MAIN9,SD-12MO,MAIN9,SD12MO_MAIN9:M2[N=512]@alpha=0.1,M2_joint_chance_saa,M2_joint_chance_saa[N=512],entry,False,not_met,,,"SAA over the N training scenarios proven infeasible for every alpha_train of the declared grid (training scenarios only; not a population, field or whole-space statement)",main_reference_plan_domain,cp_upper,,,,,False,0,4,0,,,,no scored grid candidate with a ration (not a whole-space statement),512,frontier_no_feasible_solution_found_no_ration,0.517578125,0.634765625,,,,
2,SD-S2,0.1,SD12MO_MAIN9,SD-12MO,MAIN9,SD12MO_MAIN9:M3a[factory box]@alpha=0.1,M3a_box_robust,M3a_box_robust,entry,False,not_met,,,no value of the declared grid met the validation screen (candidate statuses: proven_infeasible); a grid without a solution is not a statement about the whole decision space,main_reference_plan_domain,cp_upper,,,,,False,0,5,0,,,,no scored grid candidate with a ration (not a whole-space statement),1024,frontier_no_feasible_solution_found_no_ration,0.3056640625,0.6611328125,,,,
2,SD-S2,0.1,SD12MO_MAIN9,SD-12MO,MAIN9,SD12MO_MAIN9:M3b[factory box]@alpha=0.1,M3b_budget_robust,M3b_budget_robust,entry,False,not_met,,,"no value of the declared grid met the validation screen (candidate statuses: optimal, proven_infeasible); a grid without a solution is not a statement about the whole decision space",main_reference_plan_domain,cp_upper,,,,,False,0,35,5,0.9687,0.9715125928129352,"gamma=0 {""k_box"": 1.0}",minimum attainable main-event rate_upper over the declared grid (descriptive; its cost is not a comparable cost),1024,frontier_no_feasible_solution_found_no_ration,0.3056640625,0.6611328125,,,,
2,SD-S2,0.1,SDH0_MAIN9,SD-H0,MAIN9,SDH0_MAIN9:M0,M0_nominal,M0_nominal,entry,True,,,optimal,,main_reference_plan_domain,cp_upper,0.9687,0.9687,0.9715125928129352,False,False,0,1,1,0.9687,0.9715125928129352,,minimum attainable main-event rate_upper over the declared grid (descriptive; its cost is not a comparable cost),1024,frontier_no_feasible_solution_found_no_ration,0.412109375,0.7705078125,,,,
2,SD-S2,0.1,SDH0_MAIN9,SD-H0,MAIN9,"SDH0_MAIN9:M1[relative,apply_to_dm=False]@alpha=0.1",M1_safety_margin,M1_safety_margin[apply_to_dm=False],sensitivity_line,False,not_met,,,"no value of the declared grid met the validation screen (candidate statuses: optimal, proven_infeasible); a grid without a solution is not a statement about the whole decision space",main_reference_plan_domain,cp_upper,,,,,False,0,5,1,0.9687,0.9715125928129352,k=0.0,minimum attainable main-event rate_upper over the declared grid (descriptive; its cost is not a comparable cost),1024,frontier_no_feasible_solution_found_no_ration,0.412109375,0.7705078125,,,,
2,SD-S2,0.1,SDH0_MAIN9,SD-H0,MAIN9,"SDH0_MAIN9:M1[relative,apply_to_dm=True]@alpha=0.1",M1_safety_margin,M1_safety_margin[apply_to_dm=True],entry,False,not_met,,,"no value of the declared grid met the validation screen (candidate statuses: optimal, proven_infeasible); a grid without a solution is not a statement about the whole decision space",main_reference_plan_domain,cp_upper,,,,,False,0,5,1,0.9687,0.9715125928129352,k=0.0,minimum attainable main-event rate_upper over the declared grid (descriptive; its cost is not a comparable cost),1024,frontier_no_feasible_solution_found_no_ration,0.412109375,0.7705078125,,,,
2,SD-S2,0.1,SDH0_MAIN9,SD-H0,MAIN9,SDH0_MAIN9:M2[N=1024]@alpha=0.1,M2_joint_chance_saa,M2_joint_chance_saa[N=1024],entry,False,not_met,,,"SAA over the N training scenarios proven infeasible for every alpha_train of the declared grid (training scenarios only; not a population, field or whole-space statement)",main_reference_plan_domain,cp_upper,,,,,False,0,4,0,,,,no scored grid candidate with a ration (not a whole-space statement),1024,frontier_no_feasible_solution_found_no_ration,0.412109375,0.7705078125,,,,
2,SD-S2,0.1,SDH0_MAIN9,SD-H0,MAIN9,SDH0_MAIN9:M2[N=128]@alpha=0.1,M2_joint_chance_saa,M2_joint_chance_saa[N=128],entry,False,not_met,,,"SAA over the N training scenarios proven infeasible for every alpha_train of the declared grid (training scenarios only; not a population, field or whole-space statement)",main_reference_plan_domain,cp_upper,,,,,False,0,4,0,,,,no scored grid candidate with a ration (not a whole-space statement),128,optimal,0.703125,0.703125,0.7429,0.7429,0.7500856667056403,"diagnostic frontier point (training scenarios only); not a method, never a member"
2,SD-S2,0.1,SDH0_MAIN9,SD-H0,MAIN9,SDH0_MAIN9:M2[N=512]@alpha=0.1,M2_joint_chance_saa,M2_joint_chance_saa[N=512],entry,False,not_met,,,"SAA over the N training scenarios proven infeasible for every alpha_train of the declared grid (training scenarios only; not a population, field or whole-space statement)",main_reference_plan_domain,cp_upper,,,,,False,0,4,0,,,,no scored grid candidate with a ration (not a whole-space statement),512,frontier_no_feasible_solution_found_no_ration,0.58203125,0.720703125,,,,
2,SD-S2,0.1,SDH0_MAIN9,SD-H0,MAIN9,SDH0_MAIN9:M3a[factory box]@alpha=0.1,M3a_box_robust,M3a_box_robust,entry,False,not_met,,,no value of the declared grid met the validation screen (candidate statuses: proven_infeasible); a grid without a solution is not a statement about the whole decision space,main_reference_plan_domain,cp_upper,,,,,False,0,5,0,,,,no scored grid candidate with a ration (not a whole-space statement),1024,frontier_no_feasible_solution_found_no_ration,0.412109375,0.7705078125,,,,
2,SD-S2,0.1,SDH0_MAIN9,SD-H0,MAIN9,SDH0_MAIN9:M3b[factory box]@alpha=0.1,M3b_budget_robust,M3b_budget_robust,entry,False,not_met,,,"no value of the declared grid met the validation screen (candidate statuses: optimal, proven_infeasible); a grid without a solution is not a statement about the whole decision space",main_reference_plan_domain,cp_upper,,,,,False,0,35,5,0.9687,0.9715125928129352,"gamma=0 {""k_box"": 1.0}",minimum attainable main-event rate_upper over the declared grid (descriptive; its cost is not a comparable cost),1024,frontier_no_feasible_solution_found_no_ration,0.412109375,0.7705078125,,,,
2,SD-S2,0.1,SDS2_MAIN9,SD-S2,MAIN9,SDS2_MAIN9:M0,M0_nominal,M0_nominal,entry,True,,,optimal,,main_reference_plan_domain,cp_upper,0.9687,0.9687,0.9715125928129352,False,False,0,1,1,0.9687,0.9715125928129352,,minimum attainable main-event rate_upper over the declared grid (descriptive; its cost is not a comparable cost),1024,frontier_no_feasible_solution_found_no_ration,0.1533203125,0.6064453125,,,,
2,SD-S2,0.1,SDS2_MAIN9,SD-S2,MAIN9,"SDS2_MAIN9:M1[relative,apply_to_dm=False]@alpha=0.1",M1_safety_margin,M1_safety_margin[apply_to_dm=False],sensitivity_line,False,not_met,,,"no value of the declared grid met the validation screen (candidate statuses: optimal, proven_infeasible); a grid without a solution is not a statement about the whole decision space",main_reference_plan_domain,cp_upper,,,,,False,0,5,1,0.9687,0.9715125928129352,k=0.0,minimum attainable main-event rate_upper over the declared grid (descriptive; its cost is not a comparable cost),1024,frontier_no_feasible_solution_found_no_ration,0.1533203125,0.6064453125,,,,
2,SD-S2,0.1,SDS2_MAIN9,SD-S2,MAIN9,"SDS2_MAIN9:M1[relative,apply_to_dm=True]@alpha=0.1",M1_safety_margin,M1_safety_margin[apply_to_dm=True],entry,False,not_met,,,"no value of the declared grid met the validation screen (candidate statuses: optimal, proven_infeasible); a grid without a solution is not a statement about the whole decision space",main_reference_plan_domain,cp_upper,,,,,False,0,5,1,0.9687,0.9715125928129352,k=0.0,minimum attainable main-event rate_upper over the declared grid (descriptive; its cost is not a comparable cost),1024,frontier_no_feasible_solution_found_no_ration,0.1533203125,0.6064453125,,,,
2,SD-S2,0.1,SDS2_MAIN9,SD-S2,MAIN9,SDS2_MAIN9:M2[N=1024]@alpha=0.1,M2_joint_chance_saa,M2_joint_chance_saa[N=1024],entry,False,not_met,,,"SAA over the N training scenarios proven infeasible for every alpha_train of the declared grid (training scenarios only; not a population, field or whole-space statement)",main_reference_plan_domain,cp_upper,,,,,False,0,4,0,,,,no scored grid candidate with a ration (not a whole-space statement),1024,frontier_no_feasible_solution_found_no_ration,0.1533203125,0.6064453125,,,,
2,SD-S2,0.1,SDS2_MAIN9,SD-S2,MAIN9,SDS2_MAIN9:M2[N=128]@alpha=0.1,M2_joint_chance_saa,M2_joint_chance_saa[N=128],entry,False,not_met,,,"SAA over the N training scenarios proven infeasible for every alpha_train of the declared grid (training scenarios only; not a population, field or whole-space statement)",main_reference_plan_domain,cp_upper,,,,,False,0,4,0,,,,no scored grid candidate with a ration (not a whole-space statement),128,optimal,0.5546875,0.5546875,0.5627,0.5627,0.5708950867924335,"diagnostic frontier point (training scenarios only); not a method, never a member"
2,SD-S2,0.1,SDS2_MAIN9,SD-S2,MAIN9,SDS2_MAIN9:M2[N=512]@alpha=0.1,M2_joint_chance_saa,M2_joint_chance_saa[N=512],entry,False,not_met,,,"SAA over the N training scenarios proven infeasible for every alpha_train of the declared grid (training scenarios only; not a population, field or whole-space statement)",main_reference_plan_domain,cp_upper,,,,,False,0,4,0,,,,no scored grid candidate with a ration (not a whole-space statement),512,frontier_no_feasible_solution_found_no_ration,0.375,0.58203125,,,,
2,SD-S2,0.1,SDS2_MAIN9,SD-S2,MAIN9,SDS2_MAIN9:M3a[factory box]@alpha=0.1,M3a_box_robust,M3a_box_robust,entry,False,not_met,,,no value of the declared grid met the validation screen (candidate statuses: proven_infeasible); a grid without a solution is not a statement about the whole decision space,main_reference_plan_domain,cp_upper,,,,,False,0,5,0,,,,no scored grid candidate with a ration (not a whole-space statement),1024,frontier_no_feasible_solution_found_no_ration,0.1533203125,0.6064453125,,,,
2,SD-S2,0.1,SDS2_MAIN9,SD-S2,MAIN9,SDS2_MAIN9:M3b[factory box]@alpha=0.1,M3b_budget_robust,M3b_budget_robust,entry,False,not_met,,,"no value of the declared grid met the validation screen (candidate statuses: optimal, proven_infeasible); a grid without a solution is not a statement about the whole decision space",main_reference_plan_domain,cp_upper,,,,,False,0,35,5,0.9687,0.9715125928129352,"gamma=0 {""k_box"": 1.0}",minimum attainable main-event rate_upper over the declared grid (descriptive; its cost is not a comparable cost),1024,frontier_no_feasible_solution_found_no_ration,0.1533203125,0.6064453125,,,,
2,SD-S2,0.1,SDSRC12_MAIN9,SD-SRC12,MAIN9,SDSRC12_MAIN9:M0,M0_nominal,M0_nominal,entry,True,,,optimal,,main_reference_plan_domain,cp_upper,0.9687,0.9687,0.9715125928129352,False,False,0,1,1,0.9687,0.9715125928129352,,minimum attainable main-event rate_upper over the declared grid (descriptive; its cost is not a comparable cost),1024,frontier_no_feasible_solution_found_no_ration,0.3212890625,0.75390625,,,,
2,SD-S2,0.1,SDSRC12_MAIN9,SD-SRC12,MAIN9,"SDSRC12_MAIN9:M1[relative,apply_to_dm=False]@alpha=0.1",M1_safety_margin,M1_safety_margin[apply_to_dm=False],sensitivity_line,False,not_met,,,"no value of the declared grid met the validation screen (candidate statuses: optimal, proven_infeasible); a grid without a solution is not a statement about the whole decision space",main_reference_plan_domain,cp_upper,,,,,False,0,5,1,0.9687,0.9715125928129352,k=0.0,minimum attainable main-event rate_upper over the declared grid (descriptive; its cost is not a comparable cost),1024,frontier_no_feasible_solution_found_no_ration,0.3212890625,0.75390625,,,,
2,SD-S2,0.1,SDSRC12_MAIN9,SD-SRC12,MAIN9,"SDSRC12_MAIN9:M1[relative,apply_to_dm=True]@alpha=0.1",M1_safety_margin,M1_safety_margin[apply_to_dm=True],entry,False,not_met,,,"no value of the declared grid met the validation screen (candidate statuses: optimal, proven_infeasible); a grid without a solution is not a statement about the whole decision space",main_reference_plan_domain,cp_upper,,,,,False,0,5,1,0.9687,0.9715125928129352,k=0.0,minimum attainable main-event rate_upper over the declared grid (descriptive; its cost is not a comparable cost),1024,frontier_no_feasible_solution_found_no_ration,0.3212890625,0.75390625,,,,
2,SD-S2,0.1,SDSRC12_MAIN9,SD-SRC12,MAIN9,SDSRC12_MAIN9:M2[N=1024]@alpha=0.1,M2_joint_chance_saa,M2_joint_chance_saa[N=1024],entry,False,not_met,,,"SAA over the N training scenarios proven infeasible for every alpha_train of the declared grid (training scenarios only; not a population, field or whole-space statement)",main_reference_plan_domain,cp_upper,,,,,False,0,4,0,,,,no scored grid candidate with a ration (not a whole-space statement),1024,frontier_no_feasible_solution_found_no_ration,0.3212890625,0.75390625,,,,
2,SD-S2,0.1,SDSRC12_MAIN9,SD-SRC12,MAIN9,SDSRC12_MAIN9:M2[N=128]@alpha=0.1,M2_joint_chance_saa,M2_joint_chance_saa[N=128],entry,False,not_met,,,"SAA over the N training scenarios proven infeasible for every alpha_train of the declared grid (training scenarios only; not a population, field or whole-space statement)",main_reference_plan_domain,cp_upper,,,,,False,0,4,0,,,,no scored grid candidate with a ration (not a whole-space statement),128,optimal,0.703125,0.703125,0.5478,0.5478,0.5560255417986479,"diagnostic frontier point (training scenarios only); not a method, never a member"
2,SD-S2,0.1,SDSRC12_MAIN9,SD-SRC12,MAIN9,SDSRC12_MAIN9:M2[N=512]@alpha=0.1,M2_joint_chance_saa,M2_joint_chance_saa[N=512],entry,False,not_met,,,"SAA over the N training scenarios proven infeasible for every alpha_train of the declared grid (training scenarios only; not a population, field or whole-space statement)",main_reference_plan_domain,cp_upper,,,,,False,0,4,0,,,,no scored grid candidate with a ration (not a whole-space statement),512,frontier_no_feasible_solution_found_no_ration,0.54296875,0.732421875,,,,
2,SD-S2,0.1,SDSRC12_MAIN9,SD-SRC12,MAIN9,SDSRC12_MAIN9:M3a[factory box]@alpha=0.1,M3a_box_robust,M3a_box_robust,entry,False,not_met,,,no value of the declared grid met the validation screen (candidate statuses: proven_infeasible); a grid without a solution is not a statement about the whole decision space,main_reference_plan_domain,cp_upper,,,,,False,0,5,0,,,,no scored grid candidate with a ration (not a whole-space statement),1024,frontier_no_feasible_solution_found_no_ration,0.3212890625,0.75390625,,,,
2,SD-S2,0.1,SDSRC12_MAIN9,SD-SRC12,MAIN9,SDSRC12_MAIN9:M3b[factory box]@alpha=0.1,M3b_budget_robust,M3b_budget_robust,entry,False,not_met,,,"no value of the declared grid met the validation screen (candidate statuses: optimal, proven_infeasible); a grid without a solution is not a statement about the whole decision space",main_reference_plan_domain,cp_upper,,,,,False,0,35,5,0.9687,0.9715125928129352,"gamma=0 {""k_box"": 1.0}",minimum attainable main-event rate_upper over the declared grid (descriptive; its cost is not a comparable cost),1024,frontier_no_feasible_solution_found_no_ration,0.3212890625,0.75390625,,,,
2,SD-S2,0.1,SDSRC14_MAIN9,SD-SRC14,MAIN9,SDSRC14_MAIN9:M0,M0_nominal,M0_nominal,entry,True,,,optimal,,main_reference_plan_domain,cp_upper,0.9687,0.9687,0.9715125928129352,False,False,0,1,1,0.9687,0.9715125928129352,,minimum attainable main-event rate_upper over the declared grid (descriptive; its cost is not a comparable cost),1024,frontier_no_feasible_solution_found_no_ration,0.1533203125,0.693359375,,,,
2,SD-S2,0.1,SDSRC14_MAIN9,SD-SRC14,MAIN9,"SDSRC14_MAIN9:M1[relative,apply_to_dm=False]@alpha=0.1",M1_safety_margin,M1_safety_margin[apply_to_dm=False],sensitivity_line,False,not_met,,,"no value of the declared grid met the validation screen (candidate statuses: optimal, proven_infeasible); a grid without a solution is not a statement about the whole decision space",main_reference_plan_domain,cp_upper,,,,,False,0,5,1,0.9687,0.9715125928129352,k=0.0,minimum attainable main-event rate_upper over the declared grid (descriptive; its cost is not a comparable cost),1024,frontier_no_feasible_solution_found_no_ration,0.1533203125,0.693359375,,,,
2,SD-S2,0.1,SDSRC14_MAIN9,SD-SRC14,MAIN9,"SDSRC14_MAIN9:M1[relative,apply_to_dm=True]@alpha=0.1",M1_safety_margin,M1_safety_margin[apply_to_dm=True],entry,False,not_met,,,"no value of the declared grid met the validation screen (candidate statuses: optimal, proven_infeasible); a grid without a solution is not a statement about the whole decision space",main_reference_plan_domain,cp_upper,,,,,False,0,5,1,0.9687,0.9715125928129352,k=0.0,minimum attainable main-event rate_upper over the declared grid (descriptive; its cost is not a comparable cost),1024,frontier_no_feasible_solution_found_no_ration,0.1533203125,0.693359375,,,,
2,SD-S2,0.1,SDSRC14_MAIN9,SD-SRC14,MAIN9,SDSRC14_MAIN9:M2[N=1024]@alpha=0.1,M2_joint_chance_saa,M2_joint_chance_saa[N=1024],entry,False,not_met,,,"SAA over the N training scenarios proven infeasible for every alpha_train of the declared grid (training scenarios only; not a population, field or whole-space statement)",main_reference_plan_domain,cp_upper,,,,,False,0,4,0,,,,no scored grid candidate with a ration (not a whole-space statement),1024,frontier_no_feasible_solution_found_no_ration,0.1533203125,0.693359375,,,,
2,SD-S2,0.1,SDSRC14_MAIN9,SD-SRC14,MAIN9,SDSRC14_MAIN9:M2[N=128]@alpha=0.1,M2_joint_chance_saa,M2_joint_chance_saa[N=128],entry,False,not_met,,,"SAA over the N training scenarios proven infeasible for every alpha_train of the declared grid (training scenarios only; not a population, field or whole-space statement)",main_reference_plan_domain,cp_upper,,,,,False,0,4,0,,,,no scored grid candidate with a ration (not a whole-space statement),128,optimal,0.6328125,0.6328125,0.5408,0.5408,0.5490372890721296,"diagnostic frontier point (training scenarios only); not a method, never a member"
2,SD-S2,0.1,SDSRC14_MAIN9,SD-SRC14,MAIN9,SDSRC14_MAIN9:M2[N=512]@alpha=0.1,M2_joint_chance_saa,M2_joint_chance_saa[N=512],entry,False,not_met,,,"SAA over the N training scenarios proven infeasible for every alpha_train of the declared grid (training scenarios only; not a population, field or whole-space statement)",main_reference_plan_domain,cp_upper,,,,,False,0,4,0,,,,no scored grid candidate with a ration (not a whole-space statement),512,frontier_no_feasible_solution_found_no_ration,0.44921875,0.66015625,,,,
2,SD-S2,0.1,SDSRC14_MAIN9,SD-SRC14,MAIN9,SDSRC14_MAIN9:M3a[factory box]@alpha=0.1,M3a_box_robust,M3a_box_robust,entry,False,not_met,,,no value of the declared grid met the validation screen (candidate statuses: proven_infeasible); a grid without a solution is not a statement about the whole decision space,main_reference_plan_domain,cp_upper,,,,,False,0,5,0,,,,no scored grid candidate with a ration (not a whole-space statement),1024,frontier_no_feasible_solution_found_no_ration,0.1533203125,0.693359375,,,,
2,SD-S2,0.1,SDSRC14_MAIN9,SD-SRC14,MAIN9,SDSRC14_MAIN9:M3b[factory box]@alpha=0.1,M3b_budget_robust,M3b_budget_robust,entry,False,not_met,,,"no value of the declared grid met the validation screen (candidate statuses: optimal, proven_infeasible); a grid without a solution is not a statement about the whole decision space",main_reference_plan_domain,cp_upper,,,,,False,0,35,5,0.9687,0.9715125928129352,"gamma=0 {""k_box"": 1.0}",minimum attainable main-event rate_upper over the declared grid (descriptive; its cost is not a comparable cost),1024,frontier_no_feasible_solution_found_no_ration,0.1533203125,0.693359375,,,,
2,SD-S2,0.01,SD12MO_MAIN9,SD-12MO,MAIN9,SD12MO_MAIN9:M0,M0_nominal,M0_nominal,entry,True,,,optimal,,main_reference_plan_domain,cp_upper,0.9687,0.9687,0.9715125928129352,False,False,0,1,1,0.9687,0.9715125928129352,,minimum attainable main-event rate_upper over the declared grid (descriptive; its cost is not a comparable cost),1024,frontier_no_feasible_solution_found_no_ration,0.3056640625,0.6611328125,,,,
2,SD-S2,0.01,SD12MO_MAIN9,SD-12MO,MAIN9,"SD12MO_MAIN9:M1[relative,apply_to_dm=False]@alpha=0.01",M1_safety_margin,M1_safety_margin[apply_to_dm=False],sensitivity_line,False,not_met,,,"no value of the declared grid met the validation screen (candidate statuses: optimal, proven_infeasible); a grid without a solution is not a statement about the whole decision space",main_reference_plan_domain,cp_upper,,,,,False,0,5,1,0.9687,0.9715125928129352,k=0.0,minimum attainable main-event rate_upper over the declared grid (descriptive; its cost is not a comparable cost),1024,frontier_no_feasible_solution_found_no_ration,0.3056640625,0.6611328125,,,,
2,SD-S2,0.01,SD12MO_MAIN9,SD-12MO,MAIN9,"SD12MO_MAIN9:M1[relative,apply_to_dm=True]@alpha=0.01",M1_safety_margin,M1_safety_margin[apply_to_dm=True],entry,False,not_met,,,"no value of the declared grid met the validation screen (candidate statuses: optimal, proven_infeasible); a grid without a solution is not a statement about the whole decision space",main_reference_plan_domain,cp_upper,,,,,False,0,5,1,0.9687,0.9715125928129352,k=0.0,minimum attainable main-event rate_upper over the declared grid (descriptive; its cost is not a comparable cost),1024,frontier_no_feasible_solution_found_no_ration,0.3056640625,0.6611328125,,,,
2,SD-S2,0.01,SD12MO_MAIN9,SD-12MO,MAIN9,SD12MO_MAIN9:M2[N=1024]@alpha=0.01,M2_joint_chance_saa,M2_joint_chance_saa[N=1024],entry,False,not_met,,,"SAA over the N training scenarios proven infeasible for every alpha_train of the declared grid (training scenarios only; not a population, field or whole-space statement)",main_reference_plan_domain,cp_upper,,,,,False,0,4,0,,,,no scored grid candidate with a ration (not a whole-space statement),1024,frontier_no_feasible_solution_found_no_ration,0.3056640625,0.6611328125,,,,
2,SD-S2,0.01,SD12MO_MAIN9,SD-12MO,MAIN9,SD12MO_MAIN9:M2[N=128]@alpha=0.01,M2_joint_chance_saa,M2_joint_chance_saa[N=128],entry,False,not_met,,,"SAA over the N training scenarios proven infeasible for every alpha_train of the declared grid (training scenarios only; not a population, field or whole-space statement)",main_reference_plan_domain,cp_upper,,,,,False,0,4,0,,,,no scored grid candidate with a ration (not a whole-space statement),128,optimal,0.6484375,0.6484375,0.5264,0.5264,0.5346563413558094,"diagnostic frontier point (training scenarios only); not a method, never a member"
2,SD-S2,0.01,SD12MO_MAIN9,SD-12MO,MAIN9,SD12MO_MAIN9:M2[N=512]@alpha=0.01,M2_joint_chance_saa,M2_joint_chance_saa[N=512],entry,False,not_met,,,"SAA over the N training scenarios proven infeasible for every alpha_train of the declared grid (training scenarios only; not a population, field or whole-space statement)",main_reference_plan_domain,cp_upper,,,,,False,0,4,0,,,,no scored grid candidate with a ration (not a whole-space statement),512,frontier_no_feasible_solution_found_no_ration,0.517578125,0.634765625,,,,
2,SD-S2,0.01,SD12MO_MAIN9,SD-12MO,MAIN9,SD12MO_MAIN9:M3a[factory box]@alpha=0.01,M3a_box_robust,M3a_box_robust,entry,False,not_met,,,no value of the declared grid met the validation screen (candidate statuses: proven_infeasible); a grid without a solution is not a statement about the whole decision space,main_reference_plan_domain,cp_upper,,,,,False,0,5,0,,,,no scored grid candidate with a ration (not a whole-space statement),1024,frontier_no_feasible_solution_found_no_ration,0.3056640625,0.6611328125,,,,
2,SD-S2,0.01,SD12MO_MAIN9,SD-12MO,MAIN9,SD12MO_MAIN9:M3b[factory box]@alpha=0.01,M3b_budget_robust,M3b_budget_robust,entry,False,not_met,,,"no value of the declared grid met the validation screen (candidate statuses: optimal, proven_infeasible); a grid without a solution is not a statement about the whole decision space",main_reference_plan_domain,cp_upper,,,,,False,0,35,5,0.9687,0.9715125928129352,"gamma=0 {""k_box"": 1.0}",minimum attainable main-event rate_upper over the declared grid (descriptive; its cost is not a comparable cost),1024,frontier_no_feasible_solution_found_no_ration,0.3056640625,0.6611328125,,,,
2,SD-S2,0.01,SDH0_MAIN9,SD-H0,MAIN9,SDH0_MAIN9:M0,M0_nominal,M0_nominal,entry,True,,,optimal,,main_reference_plan_domain,cp_upper,0.9687,0.9687,0.9715125928129352,False,False,0,1,1,0.9687,0.9715125928129352,,minimum attainable main-event rate_upper over the declared grid (descriptive; its cost is not a comparable cost),1024,frontier_no_feasible_solution_found_no_ration,0.412109375,0.7705078125,,,,
2,SD-S2,0.01,SDH0_MAIN9,SD-H0,MAIN9,"SDH0_MAIN9:M1[relative,apply_to_dm=False]@alpha=0.01",M1_safety_margin,M1_safety_margin[apply_to_dm=False],sensitivity_line,False,not_met,,,"no value of the declared grid met the validation screen (candidate statuses: optimal, proven_infeasible); a grid without a solution is not a statement about the whole decision space",main_reference_plan_domain,cp_upper,,,,,False,0,5,1,0.9687,0.9715125928129352,k=0.0,minimum attainable main-event rate_upper over the declared grid (descriptive; its cost is not a comparable cost),1024,frontier_no_feasible_solution_found_no_ration,0.412109375,0.7705078125,,,,
2,SD-S2,0.01,SDH0_MAIN9,SD-H0,MAIN9,"SDH0_MAIN9:M1[relative,apply_to_dm=True]@alpha=0.01",M1_safety_margin,M1_safety_margin[apply_to_dm=True],entry,False,not_met,,,"no value of the declared grid met the validation screen (candidate statuses: optimal, proven_infeasible); a grid without a solution is not a statement about the whole decision space",main_reference_plan_domain,cp_upper,,,,,False,0,5,1,0.9687,0.9715125928129352,k=0.0,minimum attainable main-event rate_upper over the declared grid (descriptive; its cost is not a comparable cost),1024,frontier_no_feasible_solution_found_no_ration,0.412109375,0.7705078125,,,,
2,SD-S2,0.01,SDH0_MAIN9,SD-H0,MAIN9,SDH0_MAIN9:M2[N=1024]@alpha=0.01,M2_joint_chance_saa,M2_joint_chance_saa[N=1024],entry,False,not_met,,,"SAA over the N training scenarios proven infeasible for every alpha_train of the declared grid (training scenarios only; not a population, field or whole-space statement)",main_reference_plan_domain,cp_upper,,,,,False,0,4,0,,,,no scored grid candidate with a ration (not a whole-space statement),1024,frontier_no_feasible_solution_found_no_ration,0.412109375,0.7705078125,,,,
2,SD-S2,0.01,SDH0_MAIN9,SD-H0,MAIN9,SDH0_MAIN9:M2[N=128]@alpha=0.01,M2_joint_chance_saa,M2_joint_chance_saa[N=128],entry,False,not_met,,,"SAA over the N training scenarios proven infeasible for every alpha_train of the declared grid (training scenarios only; not a population, field or whole-space statement)",main_reference_plan_domain,cp_upper,,,,,False,0,4,0,,,,no scored grid candidate with a ration (not a whole-space statement),128,optimal,0.703125,0.703125,0.7429,0.7429,0.7500856667056403,"diagnostic frontier point (training scenarios only); not a method, never a member"
2,SD-S2,0.01,SDH0_MAIN9,SD-H0,MAIN9,SDH0_MAIN9:M2[N=512]@alpha=0.01,M2_joint_chance_saa,M2_joint_chance_saa[N=512],entry,False,not_met,,,"SAA over the N training scenarios proven infeasible for every alpha_train of the declared grid (training scenarios only; not a population, field or whole-space statement)",main_reference_plan_domain,cp_upper,,,,,False,0,4,0,,,,no scored grid candidate with a ration (not a whole-space statement),512,frontier_no_feasible_solution_found_no_ration,0.58203125,0.720703125,,,,
2,SD-S2,0.01,SDH0_MAIN9,SD-H0,MAIN9,SDH0_MAIN9:M3a[factory box]@alpha=0.01,M3a_box_robust,M3a_box_robust,entry,False,not_met,,,no value of the declared grid met the validation screen (candidate statuses: proven_infeasible); a grid without a solution is not a statement about the whole decision space,main_reference_plan_domain,cp_upper,,,,,False,0,5,0,,,,no scored grid candidate with a ration (not a whole-space statement),1024,frontier_no_feasible_solution_found_no_ration,0.412109375,0.7705078125,,,,
2,SD-S2,0.01,SDH0_MAIN9,SD-H0,MAIN9,SDH0_MAIN9:M3b[factory box]@alpha=0.01,M3b_budget_robust,M3b_budget_robust,entry,False,not_met,,,"no value of the declared grid met the validation screen (candidate statuses: optimal, proven_infeasible); a grid without a solution is not a statement about the whole decision space",main_reference_plan_domain,cp_upper,,,,,False,0,35,5,0.9687,0.9715125928129352,"gamma=0 {""k_box"": 1.0}",minimum attainable main-event rate_upper over the declared grid (descriptive; its cost is not a comparable cost),1024,frontier_no_feasible_solution_found_no_ration,0.412109375,0.7705078125,,,,
2,SD-S2,0.01,SDS2_MAIN9,SD-S2,MAIN9,SDS2_MAIN9:M0,M0_nominal,M0_nominal,entry,True,,,optimal,,main_reference_plan_domain,cp_upper,0.9687,0.9687,0.9715125928129352,False,False,0,1,1,0.9687,0.9715125928129352,,minimum attainable main-event rate_upper over the declared grid (descriptive; its cost is not a comparable cost),1024,frontier_no_feasible_solution_found_no_ration,0.1533203125,0.6064453125,,,,
2,SD-S2,0.01,SDS2_MAIN9,SD-S2,MAIN9,"SDS2_MAIN9:M1[relative,apply_to_dm=False]@alpha=0.01",M1_safety_margin,M1_safety_margin[apply_to_dm=False],sensitivity_line,False,not_met,,,"no value of the declared grid met the validation screen (candidate statuses: optimal, proven_infeasible); a grid without a solution is not a statement about the whole decision space",main_reference_plan_domain,cp_upper,,,,,False,0,5,1,0.9687,0.9715125928129352,k=0.0,minimum attainable main-event rate_upper over the declared grid (descriptive; its cost is not a comparable cost),1024,frontier_no_feasible_solution_found_no_ration,0.1533203125,0.6064453125,,,,
2,SD-S2,0.01,SDS2_MAIN9,SD-S2,MAIN9,"SDS2_MAIN9:M1[relative,apply_to_dm=True]@alpha=0.01",M1_safety_margin,M1_safety_margin[apply_to_dm=True],entry,False,not_met,,,"no value of the declared grid met the validation screen (candidate statuses: optimal, proven_infeasible); a grid without a solution is not a statement about the whole decision space",main_reference_plan_domain,cp_upper,,,,,False,0,5,1,0.9687,0.9715125928129352,k=0.0,minimum attainable main-event rate_upper over the declared grid (descriptive; its cost is not a comparable cost),1024,frontier_no_feasible_solution_found_no_ration,0.1533203125,0.6064453125,,,,
2,SD-S2,0.01,SDS2_MAIN9,SD-S2,MAIN9,SDS2_MAIN9:M2[N=1024]@alpha=0.01,M2_joint_chance_saa,M2_joint_chance_saa[N=1024],entry,False,not_met,,,"SAA over the N training scenarios proven infeasible for every alpha_train of the declared grid (training scenarios only; not a population, field or whole-space statement)",main_reference_plan_domain,cp_upper,,,,,False,0,4,0,,,,no scored grid candidate with a ration (not a whole-space statement),1024,frontier_no_feasible_solution_found_no_ration,0.1533203125,0.6064453125,,,,
2,SD-S2,0.01,SDS2_MAIN9,SD-S2,MAIN9,SDS2_MAIN9:M2[N=128]@alpha=0.01,M2_joint_chance_saa,M2_joint_chance_saa[N=128],entry,False,not_met,,,"SAA over the N training scenarios proven infeasible for every alpha_train of the declared grid (training scenarios only; not a population, field or whole-space statement)",main_reference_plan_domain,cp_upper,,,,,False,0,4,0,,,,no scored grid candidate with a ration (not a whole-space statement),128,optimal,0.5546875,0.5546875,0.5627,0.5627,0.5708950867924335,"diagnostic frontier point (training scenarios only); not a method, never a member"
2,SD-S2,0.01,SDS2_MAIN9,SD-S2,MAIN9,SDS2_MAIN9:M2[N=512]@alpha=0.01,M2_joint_chance_saa,M2_joint_chance_saa[N=512],entry,False,not_met,,,"SAA over the N training scenarios proven infeasible for every alpha_train of the declared grid (training scenarios only; not a population, field or whole-space statement)",main_reference_plan_domain,cp_upper,,,,,False,0,4,0,,,,no scored grid candidate with a ration (not a whole-space statement),512,frontier_no_feasible_solution_found_no_ration,0.375,0.58203125,,,,
2,SD-S2,0.01,SDS2_MAIN9,SD-S2,MAIN9,SDS2_MAIN9:M3a[factory box]@alpha=0.01,M3a_box_robust,M3a_box_robust,entry,False,not_met,,,no value of the declared grid met the validation screen (candidate statuses: proven_infeasible); a grid without a solution is not a statement about the whole decision space,main_reference_plan_domain,cp_upper,,,,,False,0,5,0,,,,no scored grid candidate with a ration (not a whole-space statement),1024,frontier_no_feasible_solution_found_no_ration,0.1533203125,0.6064453125,,,,
2,SD-S2,0.01,SDS2_MAIN9,SD-S2,MAIN9,SDS2_MAIN9:M3b[factory box]@alpha=0.01,M3b_budget_robust,M3b_budget_robust,entry,False,not_met,,,"no value of the declared grid met the validation screen (candidate statuses: optimal, proven_infeasible); a grid without a solution is not a statement about the whole decision space",main_reference_plan_domain,cp_upper,,,,,False,0,35,5,0.9687,0.9715125928129352,"gamma=0 {""k_box"": 1.0}",minimum attainable main-event rate_upper over the declared grid (descriptive; its cost is not a comparable cost),1024,frontier_no_feasible_solution_found_no_ration,0.1533203125,0.6064453125,,,,
2,SD-S2,0.01,SDSRC12_MAIN9,SD-SRC12,MAIN9,SDSRC12_MAIN9:M0,M0_nominal,M0_nominal,entry,True,,,optimal,,main_reference_plan_domain,cp_upper,0.9687,0.9687,0.9715125928129352,False,False,0,1,1,0.9687,0.9715125928129352,,minimum attainable main-event rate_upper over the declared grid (descriptive; its cost is not a comparable cost),1024,frontier_no_feasible_solution_found_no_ration,0.3212890625,0.75390625,,,,
2,SD-S2,0.01,SDSRC12_MAIN9,SD-SRC12,MAIN9,"SDSRC12_MAIN9:M1[relative,apply_to_dm=False]@alpha=0.01",M1_safety_margin,M1_safety_margin[apply_to_dm=False],sensitivity_line,False,not_met,,,"no value of the declared grid met the validation screen (candidate statuses: optimal, proven_infeasible); a grid without a solution is not a statement about the whole decision space",main_reference_plan_domain,cp_upper,,,,,False,0,5,1,0.9687,0.9715125928129352,k=0.0,minimum attainable main-event rate_upper over the declared grid (descriptive; its cost is not a comparable cost),1024,frontier_no_feasible_solution_found_no_ration,0.3212890625,0.75390625,,,,
2,SD-S2,0.01,SDSRC12_MAIN9,SD-SRC12,MAIN9,"SDSRC12_MAIN9:M1[relative,apply_to_dm=True]@alpha=0.01",M1_safety_margin,M1_safety_margin[apply_to_dm=True],entry,False,not_met,,,"no value of the declared grid met the validation screen (candidate statuses: optimal, proven_infeasible); a grid without a solution is not a statement about the whole decision space",main_reference_plan_domain,cp_upper,,,,,False,0,5,1,0.9687,0.9715125928129352,k=0.0,minimum attainable main-event rate_upper over the declared grid (descriptive; its cost is not a comparable cost),1024,frontier_no_feasible_solution_found_no_ration,0.3212890625,0.75390625,,,,
2,SD-S2,0.01,SDSRC12_MAIN9,SD-SRC12,MAIN9,SDSRC12_MAIN9:M2[N=1024]@alpha=0.01,M2_joint_chance_saa,M2_joint_chance_saa[N=1024],entry,False,not_met,,,"SAA over the N training scenarios proven infeasible for every alpha_train of the declared grid (training scenarios only; not a population, field or whole-space statement)",main_reference_plan_domain,cp_upper,,,,,False,0,4,0,,,,no scored grid candidate with a ration (not a whole-space statement),1024,frontier_no_feasible_solution_found_no_ration,0.3212890625,0.75390625,,,,
2,SD-S2,0.01,SDSRC12_MAIN9,SD-SRC12,MAIN9,SDSRC12_MAIN9:M2[N=128]@alpha=0.01,M2_joint_chance_saa,M2_joint_chance_saa[N=128],entry,False,not_met,,,"SAA over the N training scenarios proven infeasible for every alpha_train of the declared grid (training scenarios only; not a population, field or whole-space statement)",main_reference_plan_domain,cp_upper,,,,,False,0,4,0,,,,no scored grid candidate with a ration (not a whole-space statement),128,optimal,0.703125,0.703125,0.5478,0.5478,0.5560255417986479,"diagnostic frontier point (training scenarios only); not a method, never a member"
2,SD-S2,0.01,SDSRC12_MAIN9,SD-SRC12,MAIN9,SDSRC12_MAIN9:M2[N=512]@alpha=0.01,M2_joint_chance_saa,M2_joint_chance_saa[N=512],entry,False,not_met,,,"SAA over the N training scenarios proven infeasible for every alpha_train of the declared grid (training scenarios only; not a population, field or whole-space statement)",main_reference_plan_domain,cp_upper,,,,,False,0,4,0,,,,no scored grid candidate with a ration (not a whole-space statement),512,frontier_no_feasible_solution_found_no_ration,0.54296875,0.732421875,,,,
2,SD-S2,0.01,SDSRC12_MAIN9,SD-SRC12,MAIN9,SDSRC12_MAIN9:M3a[factory box]@alpha=0.01,M3a_box_robust,M3a_box_robust,entry,False,not_met,,,no value of the declared grid met the validation screen (candidate statuses: proven_infeasible); a grid without a solution is not a statement about the whole decision space,main_reference_plan_domain,cp_upper,,,,,False,0,5,0,,,,no scored grid candidate with a ration (not a whole-space statement),1024,frontier_no_feasible_solution_found_no_ration,0.3212890625,0.75390625,,,,
2,SD-S2,0.01,SDSRC12_MAIN9,SD-SRC12,MAIN9,SDSRC12_MAIN9:M3b[factory box]@alpha=0.01,M3b_budget_robust,M3b_budget_robust,entry,False,not_met,,,"no value of the declared grid met the validation screen (candidate statuses: optimal, proven_infeasible); a grid without a solution is not a statement about the whole decision space",main_reference_plan_domain,cp_upper,,,,,False,0,35,5,0.9687,0.9715125928129352,"gamma=0 {""k_box"": 1.0}",minimum attainable main-event rate_upper over the declared grid (descriptive; its cost is not a comparable cost),1024,frontier_no_feasible_solution_found_no_ration,0.3212890625,0.75390625,,,,
2,SD-S2,0.01,SDSRC14_MAIN9,SD-SRC14,MAIN9,SDSRC14_MAIN9:M0,M0_nominal,M0_nominal,entry,True,,,optimal,,main_reference_plan_domain,cp_upper,0.9687,0.9687,0.9715125928129352,False,False,0,1,1,0.9687,0.9715125928129352,,minimum attainable main-event rate_upper over the declared grid (descriptive; its cost is not a comparable cost),1024,frontier_no_feasible_solution_found_no_ration,0.1533203125,0.693359375,,,,
2,SD-S2,0.01,SDSRC14_MAIN9,SD-SRC14,MAIN9,"SDSRC14_MAIN9:M1[relative,apply_to_dm=False]@alpha=0.01",M1_safety_margin,M1_safety_margin[apply_to_dm=False],sensitivity_line,False,not_met,,,"no value of the declared grid met the validation screen (candidate statuses: optimal, proven_infeasible); a grid without a solution is not a statement about the whole decision space",main_reference_plan_domain,cp_upper,,,,,False,0,5,1,0.9687,0.9715125928129352,k=0.0,minimum attainable main-event rate_upper over the declared grid (descriptive; its cost is not a comparable cost),1024,frontier_no_feasible_solution_found_no_ration,0.1533203125,0.693359375,,,,
2,SD-S2,0.01,SDSRC14_MAIN9,SD-SRC14,MAIN9,"SDSRC14_MAIN9:M1[relative,apply_to_dm=True]@alpha=0.01",M1_safety_margin,M1_safety_margin[apply_to_dm=True],entry,False,not_met,,,"no value of the declared grid met the validation screen (candidate statuses: optimal, proven_infeasible); a grid without a solution is not a statement about the whole decision space",main_reference_plan_domain,cp_upper,,,,,False,0,5,1,0.9687,0.9715125928129352,k=0.0,minimum attainable main-event rate_upper over the declared grid (descriptive; its cost is not a comparable cost),1024,frontier_no_feasible_solution_found_no_ration,0.1533203125,0.693359375,,,,
2,SD-S2,0.01,SDSRC14_MAIN9,SD-SRC14,MAIN9,SDSRC14_MAIN9:M2[N=1024]@alpha=0.01,M2_joint_chance_saa,M2_joint_chance_saa[N=1024],entry,False,not_met,,,"SAA over the N training scenarios proven infeasible for every alpha_train of the declared grid (training scenarios only; not a population, field or whole-space statement)",main_reference_plan_domain,cp_upper,,,,,False,0,4,0,,,,no scored grid candidate with a ration (not a whole-space statement),1024,frontier_no_feasible_solution_found_no_ration,0.1533203125,0.693359375,,,,
2,SD-S2,0.01,SDSRC14_MAIN9,SD-SRC14,MAIN9,SDSRC14_MAIN9:M2[N=128]@alpha=0.01,M2_joint_chance_saa,M2_joint_chance_saa[N=128],entry,False,not_met,,,"SAA over the N training scenarios proven infeasible for every alpha_train of the declared grid (training scenarios only; not a population, field or whole-space statement)",main_reference_plan_domain,cp_upper,,,,,False,0,4,0,,,,no scored grid candidate with a ration (not a whole-space statement),128,optimal,0.6328125,0.6328125,0.5408,0.5408,0.5490372890721296,"diagnostic frontier point (training scenarios only); not a method, never a member"
2,SD-S2,0.01,SDSRC14_MAIN9,SD-SRC14,MAIN9,SDSRC14_MAIN9:M2[N=512]@alpha=0.01,M2_joint_chance_saa,M2_joint_chance_saa[N=512],entry,False,not_met,,,"SAA over the N training scenarios proven infeasible for every alpha_train of the declared grid (training scenarios only; not a population, field or whole-space statement)",main_reference_plan_domain,cp_upper,,,,,False,0,4,0,,,,no scored grid candidate with a ration (not a whole-space statement),512,frontier_no_feasible_solution_found_no_ration,0.44921875,0.66015625,,,,
2,SD-S2,0.01,SDSRC14_MAIN9,SD-SRC14,MAIN9,SDSRC14_MAIN9:M3a[factory box]@alpha=0.01,M3a_box_robust,M3a_box_robust,entry,False,not_met,,,no value of the declared grid met the validation screen (candidate statuses: proven_infeasible); a grid without a solution is not a statement about the whole decision space,main_reference_plan_domain,cp_upper,,,,,False,0,5,0,,,,no scored grid candidate with a ration (not a whole-space statement),1024,frontier_no_feasible_solution_found_no_ration,0.1533203125,0.693359375,,,,
2,SD-S2,0.01,SDSRC14_MAIN9,SD-SRC14,MAIN9,SDSRC14_MAIN9:M3b[factory box]@alpha=0.01,M3b_budget_robust,M3b_budget_robust,entry,False,not_met,,,"no value of the declared grid met the validation screen (candidate statuses: optimal, proven_infeasible); a grid without a solution is not a statement about the whole decision space",main_reference_plan_domain,cp_upper,,,,,False,0,35,5,0.9687,0.9715125928129352,"gamma=0 {""k_box"": 1.0}",minimum attainable main-event rate_upper over the declared grid (descriptive; its cost is not a comparable cost),1024,frontier_no_feasible_solution_found_no_ration,0.1533203125,0.693359375,,,,
2,SD-SRC14,0.05,SD12MO_MAIN9,SD-12MO,MAIN9,SD12MO_MAIN9:M0,M0_nominal,M0_nominal,entry,True,,,optimal,,main_reference_plan_domain,cp_upper,0.9734,0.9734,0.975994133543531,False,False,0,1,1,0.9734,0.975994133543531,,minimum attainable main-event rate_upper over the declared grid (descriptive; its cost is not a comparable cost),1024,frontier_no_feasible_solution_found_no_ration,0.3056640625,0.6611328125,,,,
2,SD-SRC14,0.05,SD12MO_MAIN9,SD-12MO,MAIN9,"SD12MO_MAIN9:M1[relative,apply_to_dm=False]@alpha=0.05",M1_safety_margin,M1_safety_margin[apply_to_dm=False],sensitivity_line,False,not_met,,,"no value of the declared grid met the validation screen (candidate statuses: optimal, proven_infeasible); a grid without a solution is not a statement about the whole decision space",main_reference_plan_domain,cp_upper,,,,,False,0,5,1,0.9734,0.975994133543531,k=0.0,minimum attainable main-event rate_upper over the declared grid (descriptive; its cost is not a comparable cost),1024,frontier_no_feasible_solution_found_no_ration,0.3056640625,0.6611328125,,,,
2,SD-SRC14,0.05,SD12MO_MAIN9,SD-12MO,MAIN9,"SD12MO_MAIN9:M1[relative,apply_to_dm=True]@alpha=0.05",M1_safety_margin,M1_safety_margin[apply_to_dm=True],entry,False,not_met,,,"no value of the declared grid met the validation screen (candidate statuses: optimal, proven_infeasible); a grid without a solution is not a statement about the whole decision space",main_reference_plan_domain,cp_upper,,,,,False,0,5,1,0.9734,0.975994133543531,k=0.0,minimum attainable main-event rate_upper over the declared grid (descriptive; its cost is not a comparable cost),1024,frontier_no_feasible_solution_found_no_ration,0.3056640625,0.6611328125,,,,
2,SD-SRC14,0.05,SD12MO_MAIN9,SD-12MO,MAIN9,SD12MO_MAIN9:M2[N=1024]@alpha=0.05,M2_joint_chance_saa,M2_joint_chance_saa[N=1024],entry,False,not_met,,,"SAA over the N training scenarios proven infeasible for every alpha_train of the declared grid (training scenarios only; not a population, field or whole-space statement)",main_reference_plan_domain,cp_upper,,,,,False,0,4,0,,,,no scored grid candidate with a ration (not a whole-space statement),1024,frontier_no_feasible_solution_found_no_ration,0.3056640625,0.6611328125,,,,
2,SD-SRC14,0.05,SD12MO_MAIN9,SD-12MO,MAIN9,SD12MO_MAIN9:M2[N=128]@alpha=0.05,M2_joint_chance_saa,M2_joint_chance_saa[N=128],entry,False,not_met,,,"SAA over the N training scenarios proven infeasible for every alpha_train of the declared grid (training scenarios only; not a population, field or whole-space statement)",main_reference_plan_domain,cp_upper,,,,,False,0,4,0,,,,no scored grid candidate with a ration (not a whole-space statement),128,optimal,0.6484375,0.6484375,0.6693,0.6694,0.6771507040547851,"diagnostic frontier point (training scenarios only); not a method, never a member"
2,SD-SRC14,0.05,SD12MO_MAIN9,SD-12MO,MAIN9,SD12MO_MAIN9:M2[N=512]@alpha=0.05,M2_joint_chance_saa,M2_joint_chance_saa[N=512],entry,False,not_met,,,"SAA over the N training scenarios proven infeasible for every alpha_train of the declared grid (training scenarios only; not a population, field or whole-space statement)",main_reference_plan_domain,cp_upper,,,,,False,0,4,0,,,,no scored grid candidate with a ration (not a whole-space statement),512,frontier_no_feasible_solution_found_no_ration,0.517578125,0.634765625,,,,
2,SD-SRC14,0.05,SD12MO_MAIN9,SD-12MO,MAIN9,SD12MO_MAIN9:M3a[factory box]@alpha=0.05,M3a_box_robust,M3a_box_robust,entry,False,not_met,,,no value of the declared grid met the validation screen (candidate statuses: proven_infeasible); a grid without a solution is not a statement about the whole decision space,main_reference_plan_domain,cp_upper,,,,,False,0,5,0,,,,no scored grid candidate with a ration (not a whole-space statement),1024,frontier_no_feasible_solution_found_no_ration,0.3056640625,0.6611328125,,,,
2,SD-SRC14,0.05,SD12MO_MAIN9,SD-12MO,MAIN9,SD12MO_MAIN9:M3b[factory box]@alpha=0.05,M3b_budget_robust,M3b_budget_robust,entry,False,not_met,,,"no value of the declared grid met the validation screen (candidate statuses: optimal, proven_infeasible); a grid without a solution is not a statement about the whole decision space",main_reference_plan_domain,cp_upper,,,,,False,0,35,5,0.9734,0.975994133543531,"gamma=0 {""k_box"": 1.0}",minimum attainable main-event rate_upper over the declared grid (descriptive; its cost is not a comparable cost),1024,frontier_no_feasible_solution_found_no_ration,0.3056640625,0.6611328125,,,,
2,SD-SRC14,0.05,SDH0_MAIN9,SD-H0,MAIN9,SDH0_MAIN9:M0,M0_nominal,M0_nominal,entry,True,,,optimal,,main_reference_plan_domain,cp_upper,0.9734,0.9734,0.975994133543531,False,False,0,1,1,0.9734,0.975994133543531,,minimum attainable main-event rate_upper over the declared grid (descriptive; its cost is not a comparable cost),1024,frontier_no_feasible_solution_found_no_ration,0.412109375,0.7705078125,,,,
2,SD-SRC14,0.05,SDH0_MAIN9,SD-H0,MAIN9,"SDH0_MAIN9:M1[relative,apply_to_dm=False]@alpha=0.05",M1_safety_margin,M1_safety_margin[apply_to_dm=False],sensitivity_line,False,not_met,,,"no value of the declared grid met the validation screen (candidate statuses: optimal, proven_infeasible); a grid without a solution is not a statement about the whole decision space",main_reference_plan_domain,cp_upper,,,,,False,0,5,1,0.9734,0.975994133543531,k=0.0,minimum attainable main-event rate_upper over the declared grid (descriptive; its cost is not a comparable cost),1024,frontier_no_feasible_solution_found_no_ration,0.412109375,0.7705078125,,,,
2,SD-SRC14,0.05,SDH0_MAIN9,SD-H0,MAIN9,"SDH0_MAIN9:M1[relative,apply_to_dm=True]@alpha=0.05",M1_safety_margin,M1_safety_margin[apply_to_dm=True],entry,False,not_met,,,"no value of the declared grid met the validation screen (candidate statuses: optimal, proven_infeasible); a grid without a solution is not a statement about the whole decision space",main_reference_plan_domain,cp_upper,,,,,False,0,5,1,0.9734,0.975994133543531,k=0.0,minimum attainable main-event rate_upper over the declared grid (descriptive; its cost is not a comparable cost),1024,frontier_no_feasible_solution_found_no_ration,0.412109375,0.7705078125,,,,
2,SD-SRC14,0.05,SDH0_MAIN9,SD-H0,MAIN9,SDH0_MAIN9:M2[N=1024]@alpha=0.05,M2_joint_chance_saa,M2_joint_chance_saa[N=1024],entry,False,not_met,,,"SAA over the N training scenarios proven infeasible for every alpha_train of the declared grid (training scenarios only; not a population, field or whole-space statement)",main_reference_plan_domain,cp_upper,,,,,False,0,4,0,,,,no scored grid candidate with a ration (not a whole-space statement),1024,frontier_no_feasible_solution_found_no_ration,0.412109375,0.7705078125,,,,
2,SD-SRC14,0.05,SDH0_MAIN9,SD-H0,MAIN9,SDH0_MAIN9:M2[N=128]@alpha=0.05,M2_joint_chance_saa,M2_joint_chance_saa[N=128],entry,False,not_met,,,"SAA over the N training scenarios proven infeasible for every alpha_train of the declared grid (training scenarios only; not a population, field or whole-space statement)",main_reference_plan_domain,cp_upper,,,,,False,0,4,0,,,,no scored grid candidate with a ration (not a whole-space statement),128,optimal,0.703125,0.703125,0.7441,0.7443,0.7514725197626706,"diagnostic frontier point (training scenarios only); not a method, never a member"
2,SD-SRC14,0.05,SDH0_MAIN9,SD-H0,MAIN9,SDH0_MAIN9:M2[N=512]@alpha=0.05,M2_joint_chance_saa,M2_joint_chance_saa[N=512],entry,False,not_met,,,"SAA over the N training scenarios proven infeasible for every alpha_train of the declared grid (training scenarios only; not a population, field or whole-space statement)",main_reference_plan_domain,cp_upper,,,,,False,0,4,0,,,,no scored grid candidate with a ration (not a whole-space statement),512,frontier_no_feasible_solution_found_no_ration,0.58203125,0.720703125,,,,
2,SD-SRC14,0.05,SDH0_MAIN9,SD-H0,MAIN9,SDH0_MAIN9:M3a[factory box]@alpha=0.05,M3a_box_robust,M3a_box_robust,entry,False,not_met,,,no value of the declared grid met the validation screen (candidate statuses: proven_infeasible); a grid without a solution is not a statement about the whole decision space,main_reference_plan_domain,cp_upper,,,,,False,0,5,0,,,,no scored grid candidate with a ration (not a whole-space statement),1024,frontier_no_feasible_solution_found_no_ration,0.412109375,0.7705078125,,,,
2,SD-SRC14,0.05,SDH0_MAIN9,SD-H0,MAIN9,SDH0_MAIN9:M3b[factory box]@alpha=0.05,M3b_budget_robust,M3b_budget_robust,entry,False,not_met,,,"no value of the declared grid met the validation screen (candidate statuses: optimal, proven_infeasible); a grid without a solution is not a statement about the whole decision space",main_reference_plan_domain,cp_upper,,,,,False,0,35,5,0.9734,0.975994133543531,"gamma=0 {""k_box"": 1.0}",minimum attainable main-event rate_upper over the declared grid (descriptive; its cost is not a comparable cost),1024,frontier_no_feasible_solution_found_no_ration,0.412109375,0.7705078125,,,,
2,SD-SRC14,0.05,SDS2_MAIN9,SD-S2,MAIN9,SDS2_MAIN9:M0,M0_nominal,M0_nominal,entry,True,,,optimal,,main_reference_plan_domain,cp_upper,0.9734,0.9734,0.975994133543531,False,False,0,1,1,0.9734,0.975994133543531,,minimum attainable main-event rate_upper over the declared grid (descriptive; its cost is not a comparable cost),1024,frontier_no_feasible_solution_found_no_ration,0.1533203125,0.6064453125,,,,
2,SD-SRC14,0.05,SDS2_MAIN9,SD-S2,MAIN9,"SDS2_MAIN9:M1[relative,apply_to_dm=False]@alpha=0.05",M1_safety_margin,M1_safety_margin[apply_to_dm=False],sensitivity_line,False,not_met,,,"no value of the declared grid met the validation screen (candidate statuses: optimal, proven_infeasible); a grid without a solution is not a statement about the whole decision space",main_reference_plan_domain,cp_upper,,,,,False,0,5,1,0.9734,0.975994133543531,k=0.0,minimum attainable main-event rate_upper over the declared grid (descriptive; its cost is not a comparable cost),1024,frontier_no_feasible_solution_found_no_ration,0.1533203125,0.6064453125,,,,
2,SD-SRC14,0.05,SDS2_MAIN9,SD-S2,MAIN9,"SDS2_MAIN9:M1[relative,apply_to_dm=True]@alpha=0.05",M1_safety_margin,M1_safety_margin[apply_to_dm=True],entry,False,not_met,,,"no value of the declared grid met the validation screen (candidate statuses: optimal, proven_infeasible); a grid without a solution is not a statement about the whole decision space",main_reference_plan_domain,cp_upper,,,,,False,0,5,1,0.9734,0.975994133543531,k=0.0,minimum attainable main-event rate_upper over the declared grid (descriptive; its cost is not a comparable cost),1024,frontier_no_feasible_solution_found_no_ration,0.1533203125,0.6064453125,,,,
2,SD-SRC14,0.05,SDS2_MAIN9,SD-S2,MAIN9,SDS2_MAIN9:M2[N=1024]@alpha=0.05,M2_joint_chance_saa,M2_joint_chance_saa[N=1024],entry,False,not_met,,,"SAA over the N training scenarios proven infeasible for every alpha_train of the declared grid (training scenarios only; not a population, field or whole-space statement)",main_reference_plan_domain,cp_upper,,,,,False,0,4,0,,,,no scored grid candidate with a ration (not a whole-space statement),1024,frontier_no_feasible_solution_found_no_ration,0.1533203125,0.6064453125,,,,
2,SD-SRC14,0.05,SDS2_MAIN9,SD-S2,MAIN9,SDS2_MAIN9:M2[N=128]@alpha=0.05,M2_joint_chance_saa,M2_joint_chance_saa[N=128],entry,False,not_met,,,"SAA over the N training scenarios proven infeasible for every alpha_train of the declared grid (training scenarios only; not a population, field or whole-space statement)",main_reference_plan_domain,cp_upper,,,,,False,0,4,0,,,,no scored grid candidate with a ration (not a whole-space statement),128,optimal,0.5546875,0.5546875,0.714,0.7141,0.7215353899384533,"diagnostic frontier point (training scenarios only); not a method, never a member"
2,SD-SRC14,0.05,SDS2_MAIN9,SD-S2,MAIN9,SDS2_MAIN9:M2[N=512]@alpha=0.05,M2_joint_chance_saa,M2_joint_chance_saa[N=512],entry,False,not_met,,,"SAA over the N training scenarios proven infeasible for every alpha_train of the declared grid (training scenarios only; not a population, field or whole-space statement)",main_reference_plan_domain,cp_upper,,,,,False,0,4,0,,,,no scored grid candidate with a ration (not a whole-space statement),512,frontier_no_feasible_solution_found_no_ration,0.375,0.58203125,,,,
2,SD-SRC14,0.05,SDS2_MAIN9,SD-S2,MAIN9,SDS2_MAIN9:M3a[factory box]@alpha=0.05,M3a_box_robust,M3a_box_robust,entry,False,not_met,,,no value of the declared grid met the validation screen (candidate statuses: proven_infeasible); a grid without a solution is not a statement about the whole decision space,main_reference_plan_domain,cp_upper,,,,,False,0,5,0,,,,no scored grid candidate with a ration (not a whole-space statement),1024,frontier_no_feasible_solution_found_no_ration,0.1533203125,0.6064453125,,,,
2,SD-SRC14,0.05,SDS2_MAIN9,SD-S2,MAIN9,SDS2_MAIN9:M3b[factory box]@alpha=0.05,M3b_budget_robust,M3b_budget_robust,entry,False,not_met,,,"no value of the declared grid met the validation screen (candidate statuses: optimal, proven_infeasible); a grid without a solution is not a statement about the whole decision space",main_reference_plan_domain,cp_upper,,,,,False,0,35,5,0.9734,0.975994133543531,"gamma=0 {""k_box"": 1.0}",minimum attainable main-event rate_upper over the declared grid (descriptive; its cost is not a comparable cost),1024,frontier_no_feasible_solution_found_no_ration,0.1533203125,0.6064453125,,,,
2,SD-SRC14,0.05,SDSRC12_MAIN9,SD-SRC12,MAIN9,SDSRC12_MAIN9:M0,M0_nominal,M0_nominal,entry,True,,,optimal,,main_reference_plan_domain,cp_upper,0.9734,0.9734,0.975994133543531,False,False,0,1,1,0.9734,0.975994133543531,,minimum attainable main-event rate_upper over the declared grid (descriptive; its cost is not a comparable cost),1024,frontier_no_feasible_solution_found_no_ration,0.3212890625,0.75390625,,,,
2,SD-SRC14,0.05,SDSRC12_MAIN9,SD-SRC12,MAIN9,"SDSRC12_MAIN9:M1[relative,apply_to_dm=False]@alpha=0.05",M1_safety_margin,M1_safety_margin[apply_to_dm=False],sensitivity_line,False,not_met,,,"no value of the declared grid met the validation screen (candidate statuses: optimal, proven_infeasible); a grid without a solution is not a statement about the whole decision space",main_reference_plan_domain,cp_upper,,,,,False,0,5,1,0.9734,0.975994133543531,k=0.0,minimum attainable main-event rate_upper over the declared grid (descriptive; its cost is not a comparable cost),1024,frontier_no_feasible_solution_found_no_ration,0.3212890625,0.75390625,,,,
2,SD-SRC14,0.05,SDSRC12_MAIN9,SD-SRC12,MAIN9,"SDSRC12_MAIN9:M1[relative,apply_to_dm=True]@alpha=0.05",M1_safety_margin,M1_safety_margin[apply_to_dm=True],entry,False,not_met,,,"no value of the declared grid met the validation screen (candidate statuses: optimal, proven_infeasible); a grid without a solution is not a statement about the whole decision space",main_reference_plan_domain,cp_upper,,,,,False,0,5,1,0.9734,0.975994133543531,k=0.0,minimum attainable main-event rate_upper over the declared grid (descriptive; its cost is not a comparable cost),1024,frontier_no_feasible_solution_found_no_ration,0.3212890625,0.75390625,,,,
2,SD-SRC14,0.05,SDSRC12_MAIN9,SD-SRC12,MAIN9,SDSRC12_MAIN9:M2[N=1024]@alpha=0.05,M2_joint_chance_saa,M2_joint_chance_saa[N=1024],entry,False,not_met,,,"SAA over the N training scenarios proven infeasible for every alpha_train of the declared grid (training scenarios only; not a population, field or whole-space statement)",main_reference_plan_domain,cp_upper,,,,,False,0,4,0,,,,no scored grid candidate with a ration (not a whole-space statement),1024,frontier_no_feasible_solution_found_no_ration,0.3212890625,0.75390625,,,,
2,SD-SRC14,0.05,SDSRC12_MAIN9,SD-SRC12,MAIN9,SDSRC12_MAIN9:M2[N=128]@alpha=0.05,M2_joint_chance_saa,M2_joint_chance_saa[N=128],entry,False,not_met,,,"SAA over the N training scenarios proven infeasible for every alpha_train of the declared grid (training scenarios only; not a population, field or whole-space statement)",main_reference_plan_domain,cp_upper,,,,,False,0,4,0,,,,no scored grid candidate with a ration (not a whole-space statement),128,optimal,0.703125,0.703125,0.6051,0.6053,0.6133664036853101,"diagnostic frontier point (training scenarios only); not a method, never a member"
2,SD-SRC14,0.05,SDSRC12_MAIN9,SD-SRC12,MAIN9,SDSRC12_MAIN9:M2[N=512]@alpha=0.05,M2_joint_chance_saa,M2_joint_chance_saa[N=512],entry,False,not_met,,,"SAA over the N training scenarios proven infeasible for every alpha_train of the declared grid (training scenarios only; not a population, field or whole-space statement)",main_reference_plan_domain,cp_upper,,,,,False,0,4,0,,,,no scored grid candidate with a ration (not a whole-space statement),512,frontier_no_feasible_solution_found_no_ration,0.54296875,0.732421875,,,,
2,SD-SRC14,0.05,SDSRC12_MAIN9,SD-SRC12,MAIN9,SDSRC12_MAIN9:M3a[factory box]@alpha=0.05,M3a_box_robust,M3a_box_robust,entry,False,not_met,,,no value of the declared grid met the validation screen (candidate statuses: proven_infeasible); a grid without a solution is not a statement about the whole decision space,main_reference_plan_domain,cp_upper,,,,,False,0,5,0,,,,no scored grid candidate with a ration (not a whole-space statement),1024,frontier_no_feasible_solution_found_no_ration,0.3212890625,0.75390625,,,,
2,SD-SRC14,0.05,SDSRC12_MAIN9,SD-SRC12,MAIN9,SDSRC12_MAIN9:M3b[factory box]@alpha=0.05,M3b_budget_robust,M3b_budget_robust,entry,False,not_met,,,"no value of the declared grid met the validation screen (candidate statuses: optimal, proven_infeasible); a grid without a solution is not a statement about the whole decision space",main_reference_plan_domain,cp_upper,,,,,False,0,35,5,0.9734,0.975994133543531,"gamma=0 {""k_box"": 1.0}",minimum attainable main-event rate_upper over the declared grid (descriptive; its cost is not a comparable cost),1024,frontier_no_feasible_solution_found_no_ration,0.3212890625,0.75390625,,,,
2,SD-SRC14,0.05,SDSRC14_MAIN9,SD-SRC14,MAIN9,SDSRC14_MAIN9:M0,M0_nominal,M0_nominal,entry,True,,,optimal,,main_reference_plan_domain,cp_upper,0.9734,0.9734,0.975994133543531,False,False,0,1,1,0.9734,0.975994133543531,,minimum attainable main-event rate_upper over the declared grid (descriptive; its cost is not a comparable cost),1024,frontier_no_feasible_solution_found_no_ration,0.1533203125,0.693359375,,,,
2,SD-SRC14,0.05,SDSRC14_MAIN9,SD-SRC14,MAIN9,"SDSRC14_MAIN9:M1[relative,apply_to_dm=False]@alpha=0.05",M1_safety_margin,M1_safety_margin[apply_to_dm=False],sensitivity_line,False,not_met,,,"no value of the declared grid met the validation screen (candidate statuses: optimal, proven_infeasible); a grid without a solution is not a statement about the whole decision space",main_reference_plan_domain,cp_upper,,,,,False,0,5,1,0.9734,0.975994133543531,k=0.0,minimum attainable main-event rate_upper over the declared grid (descriptive; its cost is not a comparable cost),1024,frontier_no_feasible_solution_found_no_ration,0.1533203125,0.693359375,,,,
2,SD-SRC14,0.05,SDSRC14_MAIN9,SD-SRC14,MAIN9,"SDSRC14_MAIN9:M1[relative,apply_to_dm=True]@alpha=0.05",M1_safety_margin,M1_safety_margin[apply_to_dm=True],entry,False,not_met,,,"no value of the declared grid met the validation screen (candidate statuses: optimal, proven_infeasible); a grid without a solution is not a statement about the whole decision space",main_reference_plan_domain,cp_upper,,,,,False,0,5,1,0.9734,0.975994133543531,k=0.0,minimum attainable main-event rate_upper over the declared grid (descriptive; its cost is not a comparable cost),1024,frontier_no_feasible_solution_found_no_ration,0.1533203125,0.693359375,,,,
2,SD-SRC14,0.05,SDSRC14_MAIN9,SD-SRC14,MAIN9,SDSRC14_MAIN9:M2[N=1024]@alpha=0.05,M2_joint_chance_saa,M2_joint_chance_saa[N=1024],entry,False,not_met,,,"SAA over the N training scenarios proven infeasible for every alpha_train of the declared grid (training scenarios only; not a population, field or whole-space statement)",main_reference_plan_domain,cp_upper,,,,,False,0,4,0,,,,no scored grid candidate with a ration (not a whole-space statement),1024,frontier_no_feasible_solution_found_no_ration,0.1533203125,0.693359375,,,,
2,SD-SRC14,0.05,SDSRC14_MAIN9,SD-SRC14,MAIN9,SDSRC14_MAIN9:M2[N=128]@alpha=0.05,M2_joint_chance_saa,M2_joint_chance_saa[N=128],entry,False,not_met,,,"SAA over the N training scenarios proven infeasible for every alpha_train of the declared grid (training scenarios only; not a population, field or whole-space statement)",main_reference_plan_domain,cp_upper,,,,,False,0,4,0,,,,no scored grid candidate with a ration (not a whole-space statement),128,optimal,0.6328125,0.6328125,0.615,0.6152,0.6232274637155462,"diagnostic frontier point (training scenarios only); not a method, never a member"
2,SD-SRC14,0.05,SDSRC14_MAIN9,SD-SRC14,MAIN9,SDSRC14_MAIN9:M2[N=512]@alpha=0.05,M2_joint_chance_saa,M2_joint_chance_saa[N=512],entry,False,not_met,,,"SAA over the N training scenarios proven infeasible for every alpha_train of the declared grid (training scenarios only; not a population, field or whole-space statement)",main_reference_plan_domain,cp_upper,,,,,False,0,4,0,,,,no scored grid candidate with a ration (not a whole-space statement),512,frontier_no_feasible_solution_found_no_ration,0.44921875,0.66015625,,,,
2,SD-SRC14,0.05,SDSRC14_MAIN9,SD-SRC14,MAIN9,SDSRC14_MAIN9:M3a[factory box]@alpha=0.05,M3a_box_robust,M3a_box_robust,entry,False,not_met,,,no value of the declared grid met the validation screen (candidate statuses: proven_infeasible); a grid without a solution is not a statement about the whole decision space,main_reference_plan_domain,cp_upper,,,,,False,0,5,0,,,,no scored grid candidate with a ration (not a whole-space statement),1024,frontier_no_feasible_solution_found_no_ration,0.1533203125,0.693359375,,,,
2,SD-SRC14,0.05,SDSRC14_MAIN9,SD-SRC14,MAIN9,SDSRC14_MAIN9:M3b[factory box]@alpha=0.05,M3b_budget_robust,M3b_budget_robust,entry,False,not_met,,,"no value of the declared grid met the validation screen (candidate statuses: optimal, proven_infeasible); a grid without a solution is not a statement about the whole decision space",main_reference_plan_domain,cp_upper,,,,,False,0,35,5,0.9734,0.975994133543531,"gamma=0 {""k_box"": 1.0}",minimum attainable main-event rate_upper over the declared grid (descriptive; its cost is not a comparable cost),1024,frontier_no_feasible_solution_found_no_ration,0.1533203125,0.693359375,,,,
2,SD-SRC14,0.1,SD12MO_MAIN9,SD-12MO,MAIN9,SD12MO_MAIN9:M0,M0_nominal,M0_nominal,entry,True,,,optimal,,main_reference_plan_domain,cp_upper,0.9734,0.9734,0.975994133543531,False,False,0,1,1,0.9734,0.975994133543531,,minimum attainable main-event rate_upper over the declared grid (descriptive; its cost is not a comparable cost),1024,frontier_no_feasible_solution_found_no_ration,0.3056640625,0.6611328125,,,,
2,SD-SRC14,0.1,SD12MO_MAIN9,SD-12MO,MAIN9,"SD12MO_MAIN9:M1[relative,apply_to_dm=False]@alpha=0.1",M1_safety_margin,M1_safety_margin[apply_to_dm=False],sensitivity_line,False,not_met,,,"no value of the declared grid met the validation screen (candidate statuses: optimal, proven_infeasible); a grid without a solution is not a statement about the whole decision space",main_reference_plan_domain,cp_upper,,,,,False,0,5,1,0.9734,0.975994133543531,k=0.0,minimum attainable main-event rate_upper over the declared grid (descriptive; its cost is not a comparable cost),1024,frontier_no_feasible_solution_found_no_ration,0.3056640625,0.6611328125,,,,
2,SD-SRC14,0.1,SD12MO_MAIN9,SD-12MO,MAIN9,"SD12MO_MAIN9:M1[relative,apply_to_dm=True]@alpha=0.1",M1_safety_margin,M1_safety_margin[apply_to_dm=True],entry,False,not_met,,,"no value of the declared grid met the validation screen (candidate statuses: optimal, proven_infeasible); a grid without a solution is not a statement about the whole decision space",main_reference_plan_domain,cp_upper,,,,,False,0,5,1,0.9734,0.975994133543531,k=0.0,minimum attainable main-event rate_upper over the declared grid (descriptive; its cost is not a comparable cost),1024,frontier_no_feasible_solution_found_no_ration,0.3056640625,0.6611328125,,,,
2,SD-SRC14,0.1,SD12MO_MAIN9,SD-12MO,MAIN9,SD12MO_MAIN9:M2[N=1024]@alpha=0.1,M2_joint_chance_saa,M2_joint_chance_saa[N=1024],entry,False,not_met,,,"SAA over the N training scenarios proven infeasible for every alpha_train of the declared grid (training scenarios only; not a population, field or whole-space statement)",main_reference_plan_domain,cp_upper,,,,,False,0,4,0,,,,no scored grid candidate with a ration (not a whole-space statement),1024,frontier_no_feasible_solution_found_no_ration,0.3056640625,0.6611328125,,,,
2,SD-SRC14,0.1,SD12MO_MAIN9,SD-12MO,MAIN9,SD12MO_MAIN9:M2[N=128]@alpha=0.1,M2_joint_chance_saa,M2_joint_chance_saa[N=128],entry,False,not_met,,,"SAA over the N training scenarios proven infeasible for every alpha_train of the declared grid (training scenarios only; not a population, field or whole-space statement)",main_reference_plan_domain,cp_upper,,,,,False,0,4,0,,,,no scored grid candidate with a ration (not a whole-space statement),128,optimal,0.6484375,0.6484375,0.6693,0.6694,0.6771507040547851,"diagnostic frontier point (training scenarios only); not a method, never a member"
2,SD-SRC14,0.1,SD12MO_MAIN9,SD-12MO,MAIN9,SD12MO_MAIN9:M2[N=512]@alpha=0.1,M2_joint_chance_saa,M2_joint_chance_saa[N=512],entry,False,not_met,,,"SAA over the N training scenarios proven infeasible for every alpha_train of the declared grid (training scenarios only; not a population, field or whole-space statement)",main_reference_plan_domain,cp_upper,,,,,False,0,4,0,,,,no scored grid candidate with a ration (not a whole-space statement),512,frontier_no_feasible_solution_found_no_ration,0.517578125,0.634765625,,,,
2,SD-SRC14,0.1,SD12MO_MAIN9,SD-12MO,MAIN9,SD12MO_MAIN9:M3a[factory box]@alpha=0.1,M3a_box_robust,M3a_box_robust,entry,False,not_met,,,no value of the declared grid met the validation screen (candidate statuses: proven_infeasible); a grid without a solution is not a statement about the whole decision space,main_reference_plan_domain,cp_upper,,,,,False,0,5,0,,,,no scored grid candidate with a ration (not a whole-space statement),1024,frontier_no_feasible_solution_found_no_ration,0.3056640625,0.6611328125,,,,
2,SD-SRC14,0.1,SD12MO_MAIN9,SD-12MO,MAIN9,SD12MO_MAIN9:M3b[factory box]@alpha=0.1,M3b_budget_robust,M3b_budget_robust,entry,False,not_met,,,"no value of the declared grid met the validation screen (candidate statuses: optimal, proven_infeasible); a grid without a solution is not a statement about the whole decision space",main_reference_plan_domain,cp_upper,,,,,False,0,35,5,0.9734,0.975994133543531,"gamma=0 {""k_box"": 1.0}",minimum attainable main-event rate_upper over the declared grid (descriptive; its cost is not a comparable cost),1024,frontier_no_feasible_solution_found_no_ration,0.3056640625,0.6611328125,,,,
2,SD-SRC14,0.1,SDH0_MAIN9,SD-H0,MAIN9,SDH0_MAIN9:M0,M0_nominal,M0_nominal,entry,True,,,optimal,,main_reference_plan_domain,cp_upper,0.9734,0.9734,0.975994133543531,False,False,0,1,1,0.9734,0.975994133543531,,minimum attainable main-event rate_upper over the declared grid (descriptive; its cost is not a comparable cost),1024,frontier_no_feasible_solution_found_no_ration,0.412109375,0.7705078125,,,,
2,SD-SRC14,0.1,SDH0_MAIN9,SD-H0,MAIN9,"SDH0_MAIN9:M1[relative,apply_to_dm=False]@alpha=0.1",M1_safety_margin,M1_safety_margin[apply_to_dm=False],sensitivity_line,False,not_met,,,"no value of the declared grid met the validation screen (candidate statuses: optimal, proven_infeasible); a grid without a solution is not a statement about the whole decision space",main_reference_plan_domain,cp_upper,,,,,False,0,5,1,0.9734,0.975994133543531,k=0.0,minimum attainable main-event rate_upper over the declared grid (descriptive; its cost is not a comparable cost),1024,frontier_no_feasible_solution_found_no_ration,0.412109375,0.7705078125,,,,
2,SD-SRC14,0.1,SDH0_MAIN9,SD-H0,MAIN9,"SDH0_MAIN9:M1[relative,apply_to_dm=True]@alpha=0.1",M1_safety_margin,M1_safety_margin[apply_to_dm=True],entry,False,not_met,,,"no value of the declared grid met the validation screen (candidate statuses: optimal, proven_infeasible); a grid without a solution is not a statement about the whole decision space",main_reference_plan_domain,cp_upper,,,,,False,0,5,1,0.9734,0.975994133543531,k=0.0,minimum attainable main-event rate_upper over the declared grid (descriptive; its cost is not a comparable cost),1024,frontier_no_feasible_solution_found_no_ration,0.412109375,0.7705078125,,,,
2,SD-SRC14,0.1,SDH0_MAIN9,SD-H0,MAIN9,SDH0_MAIN9:M2[N=1024]@alpha=0.1,M2_joint_chance_saa,M2_joint_chance_saa[N=1024],entry,False,not_met,,,"SAA over the N training scenarios proven infeasible for every alpha_train of the declared grid (training scenarios only; not a population, field or whole-space statement)",main_reference_plan_domain,cp_upper,,,,,False,0,4,0,,,,no scored grid candidate with a ration (not a whole-space statement),1024,frontier_no_feasible_solution_found_no_ration,0.412109375,0.7705078125,,,,
2,SD-SRC14,0.1,SDH0_MAIN9,SD-H0,MAIN9,SDH0_MAIN9:M2[N=128]@alpha=0.1,M2_joint_chance_saa,M2_joint_chance_saa[N=128],entry,False,not_met,,,"SAA over the N training scenarios proven infeasible for every alpha_train of the declared grid (training scenarios only; not a population, field or whole-space statement)",main_reference_plan_domain,cp_upper,,,,,False,0,4,0,,,,no scored grid candidate with a ration (not a whole-space statement),128,optimal,0.703125,0.703125,0.7441,0.7443,0.7514725197626706,"diagnostic frontier point (training scenarios only); not a method, never a member"
2,SD-SRC14,0.1,SDH0_MAIN9,SD-H0,MAIN9,SDH0_MAIN9:M2[N=512]@alpha=0.1,M2_joint_chance_saa,M2_joint_chance_saa[N=512],entry,False,not_met,,,"SAA over the N training scenarios proven infeasible for every alpha_train of the declared grid (training scenarios only; not a population, field or whole-space statement)",main_reference_plan_domain,cp_upper,,,,,False,0,4,0,,,,no scored grid candidate with a ration (not a whole-space statement),512,frontier_no_feasible_solution_found_no_ration,0.58203125,0.720703125,,,,
2,SD-SRC14,0.1,SDH0_MAIN9,SD-H0,MAIN9,SDH0_MAIN9:M3a[factory box]@alpha=0.1,M3a_box_robust,M3a_box_robust,entry,False,not_met,,,no value of the declared grid met the validation screen (candidate statuses: proven_infeasible); a grid without a solution is not a statement about the whole decision space,main_reference_plan_domain,cp_upper,,,,,False,0,5,0,,,,no scored grid candidate with a ration (not a whole-space statement),1024,frontier_no_feasible_solution_found_no_ration,0.412109375,0.7705078125,,,,
2,SD-SRC14,0.1,SDH0_MAIN9,SD-H0,MAIN9,SDH0_MAIN9:M3b[factory box]@alpha=0.1,M3b_budget_robust,M3b_budget_robust,entry,False,not_met,,,"no value of the declared grid met the validation screen (candidate statuses: optimal, proven_infeasible); a grid without a solution is not a statement about the whole decision space",main_reference_plan_domain,cp_upper,,,,,False,0,35,5,0.9734,0.975994133543531,"gamma=0 {""k_box"": 1.0}",minimum attainable main-event rate_upper over the declared grid (descriptive; its cost is not a comparable cost),1024,frontier_no_feasible_solution_found_no_ration,0.412109375,0.7705078125,,,,
2,SD-SRC14,0.1,SDS2_MAIN9,SD-S2,MAIN9,SDS2_MAIN9:M0,M0_nominal,M0_nominal,entry,True,,,optimal,,main_reference_plan_domain,cp_upper,0.9734,0.9734,0.975994133543531,False,False,0,1,1,0.9734,0.975994133543531,,minimum attainable main-event rate_upper over the declared grid (descriptive; its cost is not a comparable cost),1024,frontier_no_feasible_solution_found_no_ration,0.1533203125,0.6064453125,,,,
2,SD-SRC14,0.1,SDS2_MAIN9,SD-S2,MAIN9,"SDS2_MAIN9:M1[relative,apply_to_dm=False]@alpha=0.1",M1_safety_margin,M1_safety_margin[apply_to_dm=False],sensitivity_line,False,not_met,,,"no value of the declared grid met the validation screen (candidate statuses: optimal, proven_infeasible); a grid without a solution is not a statement about the whole decision space",main_reference_plan_domain,cp_upper,,,,,False,0,5,1,0.9734,0.975994133543531,k=0.0,minimum attainable main-event rate_upper over the declared grid (descriptive; its cost is not a comparable cost),1024,frontier_no_feasible_solution_found_no_ration,0.1533203125,0.6064453125,,,,
2,SD-SRC14,0.1,SDS2_MAIN9,SD-S2,MAIN9,"SDS2_MAIN9:M1[relative,apply_to_dm=True]@alpha=0.1",M1_safety_margin,M1_safety_margin[apply_to_dm=True],entry,False,not_met,,,"no value of the declared grid met the validation screen (candidate statuses: optimal, proven_infeasible); a grid without a solution is not a statement about the whole decision space",main_reference_plan_domain,cp_upper,,,,,False,0,5,1,0.9734,0.975994133543531,k=0.0,minimum attainable main-event rate_upper over the declared grid (descriptive; its cost is not a comparable cost),1024,frontier_no_feasible_solution_found_no_ration,0.1533203125,0.6064453125,,,,
2,SD-SRC14,0.1,SDS2_MAIN9,SD-S2,MAIN9,SDS2_MAIN9:M2[N=1024]@alpha=0.1,M2_joint_chance_saa,M2_joint_chance_saa[N=1024],entry,False,not_met,,,"SAA over the N training scenarios proven infeasible for every alpha_train of the declared grid (training scenarios only; not a population, field or whole-space statement)",main_reference_plan_domain,cp_upper,,,,,False,0,4,0,,,,no scored grid candidate with a ration (not a whole-space statement),1024,frontier_no_feasible_solution_found_no_ration,0.1533203125,0.6064453125,,,,
2,SD-SRC14,0.1,SDS2_MAIN9,SD-S2,MAIN9,SDS2_MAIN9:M2[N=128]@alpha=0.1,M2_joint_chance_saa,M2_joint_chance_saa[N=128],entry,False,not_met,,,"SAA over the N training scenarios proven infeasible for every alpha_train of the declared grid (training scenarios only; not a population, field or whole-space statement)",main_reference_plan_domain,cp_upper,,,,,False,0,4,0,,,,no scored grid candidate with a ration (not a whole-space statement),128,optimal,0.5546875,0.5546875,0.714,0.7141,0.7215353899384533,"diagnostic frontier point (training scenarios only); not a method, never a member"
2,SD-SRC14,0.1,SDS2_MAIN9,SD-S2,MAIN9,SDS2_MAIN9:M2[N=512]@alpha=0.1,M2_joint_chance_saa,M2_joint_chance_saa[N=512],entry,False,not_met,,,"SAA over the N training scenarios proven infeasible for every alpha_train of the declared grid (training scenarios only; not a population, field or whole-space statement)",main_reference_plan_domain,cp_upper,,,,,False,0,4,0,,,,no scored grid candidate with a ration (not a whole-space statement),512,frontier_no_feasible_solution_found_no_ration,0.375,0.58203125,,,,
2,SD-SRC14,0.1,SDS2_MAIN9,SD-S2,MAIN9,SDS2_MAIN9:M3a[factory box]@alpha=0.1,M3a_box_robust,M3a_box_robust,entry,False,not_met,,,no value of the declared grid met the validation screen (candidate statuses: proven_infeasible); a grid without a solution is not a statement about the whole decision space,main_reference_plan_domain,cp_upper,,,,,False,0,5,0,,,,no scored grid candidate with a ration (not a whole-space statement),1024,frontier_no_feasible_solution_found_no_ration,0.1533203125,0.6064453125,,,,
2,SD-SRC14,0.1,SDS2_MAIN9,SD-S2,MAIN9,SDS2_MAIN9:M3b[factory box]@alpha=0.1,M3b_budget_robust,M3b_budget_robust,entry,False,not_met,,,"no value of the declared grid met the validation screen (candidate statuses: optimal, proven_infeasible); a grid without a solution is not a statement about the whole decision space",main_reference_plan_domain,cp_upper,,,,,False,0,35,5,0.9734,0.975994133543531,"gamma=0 {""k_box"": 1.0}",minimum attainable main-event rate_upper over the declared grid (descriptive; its cost is not a comparable cost),1024,frontier_no_feasible_solution_found_no_ration,0.1533203125,0.6064453125,,,,
2,SD-SRC14,0.1,SDSRC12_MAIN9,SD-SRC12,MAIN9,SDSRC12_MAIN9:M0,M0_nominal,M0_nominal,entry,True,,,optimal,,main_reference_plan_domain,cp_upper,0.9734,0.9734,0.975994133543531,False,False,0,1,1,0.9734,0.975994133543531,,minimum attainable main-event rate_upper over the declared grid (descriptive; its cost is not a comparable cost),1024,frontier_no_feasible_solution_found_no_ration,0.3212890625,0.75390625,,,,
2,SD-SRC14,0.1,SDSRC12_MAIN9,SD-SRC12,MAIN9,"SDSRC12_MAIN9:M1[relative,apply_to_dm=False]@alpha=0.1",M1_safety_margin,M1_safety_margin[apply_to_dm=False],sensitivity_line,False,not_met,,,"no value of the declared grid met the validation screen (candidate statuses: optimal, proven_infeasible); a grid without a solution is not a statement about the whole decision space",main_reference_plan_domain,cp_upper,,,,,False,0,5,1,0.9734,0.975994133543531,k=0.0,minimum attainable main-event rate_upper over the declared grid (descriptive; its cost is not a comparable cost),1024,frontier_no_feasible_solution_found_no_ration,0.3212890625,0.75390625,,,,
2,SD-SRC14,0.1,SDSRC12_MAIN9,SD-SRC12,MAIN9,"SDSRC12_MAIN9:M1[relative,apply_to_dm=True]@alpha=0.1",M1_safety_margin,M1_safety_margin[apply_to_dm=True],entry,False,not_met,,,"no value of the declared grid met the validation screen (candidate statuses: optimal, proven_infeasible); a grid without a solution is not a statement about the whole decision space",main_reference_plan_domain,cp_upper,,,,,False,0,5,1,0.9734,0.975994133543531,k=0.0,minimum attainable main-event rate_upper over the declared grid (descriptive; its cost is not a comparable cost),1024,frontier_no_feasible_solution_found_no_ration,0.3212890625,0.75390625,,,,
2,SD-SRC14,0.1,SDSRC12_MAIN9,SD-SRC12,MAIN9,SDSRC12_MAIN9:M2[N=1024]@alpha=0.1,M2_joint_chance_saa,M2_joint_chance_saa[N=1024],entry,False,not_met,,,"SAA over the N training scenarios proven infeasible for every alpha_train of the declared grid (training scenarios only; not a population, field or whole-space statement)",main_reference_plan_domain,cp_upper,,,,,False,0,4,0,,,,no scored grid candidate with a ration (not a whole-space statement),1024,frontier_no_feasible_solution_found_no_ration,0.3212890625,0.75390625,,,,
2,SD-SRC14,0.1,SDSRC12_MAIN9,SD-SRC12,MAIN9,SDSRC12_MAIN9:M2[N=128]@alpha=0.1,M2_joint_chance_saa,M2_joint_chance_saa[N=128],entry,False,not_met,,,"SAA over the N training scenarios proven infeasible for every alpha_train of the declared grid (training scenarios only; not a population, field or whole-space statement)",main_reference_plan_domain,cp_upper,,,,,False,0,4,0,,,,no scored grid candidate with a ration (not a whole-space statement),128,optimal,0.703125,0.703125,0.6051,0.6053,0.6133664036853101,"diagnostic frontier point (training scenarios only); not a method, never a member"
2,SD-SRC14,0.1,SDSRC12_MAIN9,SD-SRC12,MAIN9,SDSRC12_MAIN9:M2[N=512]@alpha=0.1,M2_joint_chance_saa,M2_joint_chance_saa[N=512],entry,False,not_met,,,"SAA over the N training scenarios proven infeasible for every alpha_train of the declared grid (training scenarios only; not a population, field or whole-space statement)",main_reference_plan_domain,cp_upper,,,,,False,0,4,0,,,,no scored grid candidate with a ration (not a whole-space statement),512,frontier_no_feasible_solution_found_no_ration,0.54296875,0.732421875,,,,
2,SD-SRC14,0.1,SDSRC12_MAIN9,SD-SRC12,MAIN9,SDSRC12_MAIN9:M3a[factory box]@alpha=0.1,M3a_box_robust,M3a_box_robust,entry,False,not_met,,,no value of the declared grid met the validation screen (candidate statuses: proven_infeasible); a grid without a solution is not a statement about the whole decision space,main_reference_plan_domain,cp_upper,,,,,False,0,5,0,,,,no scored grid candidate with a ration (not a whole-space statement),1024,frontier_no_feasible_solution_found_no_ration,0.3212890625,0.75390625,,,,
2,SD-SRC14,0.1,SDSRC12_MAIN9,SD-SRC12,MAIN9,SDSRC12_MAIN9:M3b[factory box]@alpha=0.1,M3b_budget_robust,M3b_budget_robust,entry,False,not_met,,,"no value of the declared grid met the validation screen (candidate statuses: optimal, proven_infeasible); a grid without a solution is not a statement about the whole decision space",main_reference_plan_domain,cp_upper,,,,,False,0,35,5,0.9734,0.975994133543531,"gamma=0 {""k_box"": 1.0}",minimum attainable main-event rate_upper over the declared grid (descriptive; its cost is not a comparable cost),1024,frontier_no_feasible_solution_found_no_ration,0.3212890625,0.75390625,,,,
2,SD-SRC14,0.1,SDSRC14_MAIN9,SD-SRC14,MAIN9,SDSRC14_MAIN9:M0,M0_nominal,M0_nominal,entry,True,,,optimal,,main_reference_plan_domain,cp_upper,0.9734,0.9734,0.975994133543531,False,False,0,1,1,0.9734,0.975994133543531,,minimum attainable main-event rate_upper over the declared grid (descriptive; its cost is not a comparable cost),1024,frontier_no_feasible_solution_found_no_ration,0.1533203125,0.693359375,,,,
2,SD-SRC14,0.1,SDSRC14_MAIN9,SD-SRC14,MAIN9,"SDSRC14_MAIN9:M1[relative,apply_to_dm=False]@alpha=0.1",M1_safety_margin,M1_safety_margin[apply_to_dm=False],sensitivity_line,False,not_met,,,"no value of the declared grid met the validation screen (candidate statuses: optimal, proven_infeasible); a grid without a solution is not a statement about the whole decision space",main_reference_plan_domain,cp_upper,,,,,False,0,5,1,0.9734,0.975994133543531,k=0.0,minimum attainable main-event rate_upper over the declared grid (descriptive; its cost is not a comparable cost),1024,frontier_no_feasible_solution_found_no_ration,0.1533203125,0.693359375,,,,
2,SD-SRC14,0.1,SDSRC14_MAIN9,SD-SRC14,MAIN9,"SDSRC14_MAIN9:M1[relative,apply_to_dm=True]@alpha=0.1",M1_safety_margin,M1_safety_margin[apply_to_dm=True],entry,False,not_met,,,"no value of the declared grid met the validation screen (candidate statuses: optimal, proven_infeasible); a grid without a solution is not a statement about the whole decision space",main_reference_plan_domain,cp_upper,,,,,False,0,5,1,0.9734,0.975994133543531,k=0.0,minimum attainable main-event rate_upper over the declared grid (descriptive; its cost is not a comparable cost),1024,frontier_no_feasible_solution_found_no_ration,0.1533203125,0.693359375,,,,
2,SD-SRC14,0.1,SDSRC14_MAIN9,SD-SRC14,MAIN9,SDSRC14_MAIN9:M2[N=1024]@alpha=0.1,M2_joint_chance_saa,M2_joint_chance_saa[N=1024],entry,False,not_met,,,"SAA over the N training scenarios proven infeasible for every alpha_train of the declared grid (training scenarios only; not a population, field or whole-space statement)",main_reference_plan_domain,cp_upper,,,,,False,0,4,0,,,,no scored grid candidate with a ration (not a whole-space statement),1024,frontier_no_feasible_solution_found_no_ration,0.1533203125,0.693359375,,,,
2,SD-SRC14,0.1,SDSRC14_MAIN9,SD-SRC14,MAIN9,SDSRC14_MAIN9:M2[N=128]@alpha=0.1,M2_joint_chance_saa,M2_joint_chance_saa[N=128],entry,False,not_met,,,"SAA over the N training scenarios proven infeasible for every alpha_train of the declared grid (training scenarios only; not a population, field or whole-space statement)",main_reference_plan_domain,cp_upper,,,,,False,0,4,0,,,,no scored grid candidate with a ration (not a whole-space statement),128,optimal,0.6328125,0.6328125,0.615,0.6152,0.6232274637155462,"diagnostic frontier point (training scenarios only); not a method, never a member"
2,SD-SRC14,0.1,SDSRC14_MAIN9,SD-SRC14,MAIN9,SDSRC14_MAIN9:M2[N=512]@alpha=0.1,M2_joint_chance_saa,M2_joint_chance_saa[N=512],entry,False,not_met,,,"SAA over the N training scenarios proven infeasible for every alpha_train of the declared grid (training scenarios only; not a population, field or whole-space statement)",main_reference_plan_domain,cp_upper,,,,,False,0,4,0,,,,no scored grid candidate with a ration (not a whole-space statement),512,frontier_no_feasible_solution_found_no_ration,0.44921875,0.66015625,,,,
2,SD-SRC14,0.1,SDSRC14_MAIN9,SD-SRC14,MAIN9,SDSRC14_MAIN9:M3a[factory box]@alpha=0.1,M3a_box_robust,M3a_box_robust,entry,False,not_met,,,no value of the declared grid met the validation screen (candidate statuses: proven_infeasible); a grid without a solution is not a statement about the whole decision space,main_reference_plan_domain,cp_upper,,,,,False,0,5,0,,,,no scored grid candidate with a ration (not a whole-space statement),1024,frontier_no_feasible_solution_found_no_ration,0.1533203125,0.693359375,,,,
2,SD-SRC14,0.1,SDSRC14_MAIN9,SD-SRC14,MAIN9,SDSRC14_MAIN9:M3b[factory box]@alpha=0.1,M3b_budget_robust,M3b_budget_robust,entry,False,not_met,,,"no value of the declared grid met the validation screen (candidate statuses: optimal, proven_infeasible); a grid without a solution is not a statement about the whole decision space",main_reference_plan_domain,cp_upper,,,,,False,0,35,5,0.9734,0.975994133543531,"gamma=0 {""k_box"": 1.0}",minimum attainable main-event rate_upper over the declared grid (descriptive; its cost is not a comparable cost),1024,frontier_no_feasible_solution_found_no_ration,0.1533203125,0.693359375,,,,
2,SD-SRC14,0.01,SD12MO_MAIN9,SD-12MO,MAIN9,SD12MO_MAIN9:M0,M0_nominal,M0_nominal,entry,True,,,optimal,,main_reference_plan_domain,cp_upper,0.9734,0.9734,0.975994133543531,False,False,0,1,1,0.9734,0.975994133543531,,minimum attainable main-event rate_upper over the declared grid (descriptive; its cost is not a comparable cost),1024,frontier_no_feasible_solution_found_no_ration,0.3056640625,0.6611328125,,,,
2,SD-SRC14,0.01,SD12MO_MAIN9,SD-12MO,MAIN9,"SD12MO_MAIN9:M1[relative,apply_to_dm=False]@alpha=0.01",M1_safety_margin,M1_safety_margin[apply_to_dm=False],sensitivity_line,False,not_met,,,"no value of the declared grid met the validation screen (candidate statuses: optimal, proven_infeasible); a grid without a solution is not a statement about the whole decision space",main_reference_plan_domain,cp_upper,,,,,False,0,5,1,0.9734,0.975994133543531,k=0.0,minimum attainable main-event rate_upper over the declared grid (descriptive; its cost is not a comparable cost),1024,frontier_no_feasible_solution_found_no_ration,0.3056640625,0.6611328125,,,,
2,SD-SRC14,0.01,SD12MO_MAIN9,SD-12MO,MAIN9,"SD12MO_MAIN9:M1[relative,apply_to_dm=True]@alpha=0.01",M1_safety_margin,M1_safety_margin[apply_to_dm=True],entry,False,not_met,,,"no value of the declared grid met the validation screen (candidate statuses: optimal, proven_infeasible); a grid without a solution is not a statement about the whole decision space",main_reference_plan_domain,cp_upper,,,,,False,0,5,1,0.9734,0.975994133543531,k=0.0,minimum attainable main-event rate_upper over the declared grid (descriptive; its cost is not a comparable cost),1024,frontier_no_feasible_solution_found_no_ration,0.3056640625,0.6611328125,,,,
2,SD-SRC14,0.01,SD12MO_MAIN9,SD-12MO,MAIN9,SD12MO_MAIN9:M2[N=1024]@alpha=0.01,M2_joint_chance_saa,M2_joint_chance_saa[N=1024],entry,False,not_met,,,"SAA over the N training scenarios proven infeasible for every alpha_train of the declared grid (training scenarios only; not a population, field or whole-space statement)",main_reference_plan_domain,cp_upper,,,,,False,0,4,0,,,,no scored grid candidate with a ration (not a whole-space statement),1024,frontier_no_feasible_solution_found_no_ration,0.3056640625,0.6611328125,,,,
2,SD-SRC14,0.01,SD12MO_MAIN9,SD-12MO,MAIN9,SD12MO_MAIN9:M2[N=128]@alpha=0.01,M2_joint_chance_saa,M2_joint_chance_saa[N=128],entry,False,not_met,,,"SAA over the N training scenarios proven infeasible for every alpha_train of the declared grid (training scenarios only; not a population, field or whole-space statement)",main_reference_plan_domain,cp_upper,,,,,False,0,4,0,,,,no scored grid candidate with a ration (not a whole-space statement),128,optimal,0.6484375,0.6484375,0.6693,0.6694,0.6771507040547851,"diagnostic frontier point (training scenarios only); not a method, never a member"
2,SD-SRC14,0.01,SD12MO_MAIN9,SD-12MO,MAIN9,SD12MO_MAIN9:M2[N=512]@alpha=0.01,M2_joint_chance_saa,M2_joint_chance_saa[N=512],entry,False,not_met,,,"SAA over the N training scenarios proven infeasible for every alpha_train of the declared grid (training scenarios only; not a population, field or whole-space statement)",main_reference_plan_domain,cp_upper,,,,,False,0,4,0,,,,no scored grid candidate with a ration (not a whole-space statement),512,frontier_no_feasible_solution_found_no_ration,0.517578125,0.634765625,,,,
2,SD-SRC14,0.01,SD12MO_MAIN9,SD-12MO,MAIN9,SD12MO_MAIN9:M3a[factory box]@alpha=0.01,M3a_box_robust,M3a_box_robust,entry,False,not_met,,,no value of the declared grid met the validation screen (candidate statuses: proven_infeasible); a grid without a solution is not a statement about the whole decision space,main_reference_plan_domain,cp_upper,,,,,False,0,5,0,,,,no scored grid candidate with a ration (not a whole-space statement),1024,frontier_no_feasible_solution_found_no_ration,0.3056640625,0.6611328125,,,,
2,SD-SRC14,0.01,SD12MO_MAIN9,SD-12MO,MAIN9,SD12MO_MAIN9:M3b[factory box]@alpha=0.01,M3b_budget_robust,M3b_budget_robust,entry,False,not_met,,,"no value of the declared grid met the validation screen (candidate statuses: optimal, proven_infeasible); a grid without a solution is not a statement about the whole decision space",main_reference_plan_domain,cp_upper,,,,,False,0,35,5,0.9734,0.975994133543531,"gamma=0 {""k_box"": 1.0}",minimum attainable main-event rate_upper over the declared grid (descriptive; its cost is not a comparable cost),1024,frontier_no_feasible_solution_found_no_ration,0.3056640625,0.6611328125,,,,
2,SD-SRC14,0.01,SDH0_MAIN9,SD-H0,MAIN9,SDH0_MAIN9:M0,M0_nominal,M0_nominal,entry,True,,,optimal,,main_reference_plan_domain,cp_upper,0.9734,0.9734,0.975994133543531,False,False,0,1,1,0.9734,0.975994133543531,,minimum attainable main-event rate_upper over the declared grid (descriptive; its cost is not a comparable cost),1024,frontier_no_feasible_solution_found_no_ration,0.412109375,0.7705078125,,,,
2,SD-SRC14,0.01,SDH0_MAIN9,SD-H0,MAIN9,"SDH0_MAIN9:M1[relative,apply_to_dm=False]@alpha=0.01",M1_safety_margin,M1_safety_margin[apply_to_dm=False],sensitivity_line,False,not_met,,,"no value of the declared grid met the validation screen (candidate statuses: optimal, proven_infeasible); a grid without a solution is not a statement about the whole decision space",main_reference_plan_domain,cp_upper,,,,,False,0,5,1,0.9734,0.975994133543531,k=0.0,minimum attainable main-event rate_upper over the declared grid (descriptive; its cost is not a comparable cost),1024,frontier_no_feasible_solution_found_no_ration,0.412109375,0.7705078125,,,,
2,SD-SRC14,0.01,SDH0_MAIN9,SD-H0,MAIN9,"SDH0_MAIN9:M1[relative,apply_to_dm=True]@alpha=0.01",M1_safety_margin,M1_safety_margin[apply_to_dm=True],entry,False,not_met,,,"no value of the declared grid met the validation screen (candidate statuses: optimal, proven_infeasible); a grid without a solution is not a statement about the whole decision space",main_reference_plan_domain,cp_upper,,,,,False,0,5,1,0.9734,0.975994133543531,k=0.0,minimum attainable main-event rate_upper over the declared grid (descriptive; its cost is not a comparable cost),1024,frontier_no_feasible_solution_found_no_ration,0.412109375,0.7705078125,,,,
2,SD-SRC14,0.01,SDH0_MAIN9,SD-H0,MAIN9,SDH0_MAIN9:M2[N=1024]@alpha=0.01,M2_joint_chance_saa,M2_joint_chance_saa[N=1024],entry,False,not_met,,,"SAA over the N training scenarios proven infeasible for every alpha_train of the declared grid (training scenarios only; not a population, field or whole-space statement)",main_reference_plan_domain,cp_upper,,,,,False,0,4,0,,,,no scored grid candidate with a ration (not a whole-space statement),1024,frontier_no_feasible_solution_found_no_ration,0.412109375,0.7705078125,,,,
2,SD-SRC14,0.01,SDH0_MAIN9,SD-H0,MAIN9,SDH0_MAIN9:M2[N=128]@alpha=0.01,M2_joint_chance_saa,M2_joint_chance_saa[N=128],entry,False,not_met,,,"SAA over the N training scenarios proven infeasible for every alpha_train of the declared grid (training scenarios only; not a population, field or whole-space statement)",main_reference_plan_domain,cp_upper,,,,,False,0,4,0,,,,no scored grid candidate with a ration (not a whole-space statement),128,optimal,0.703125,0.703125,0.7441,0.7443,0.7514725197626706,"diagnostic frontier point (training scenarios only); not a method, never a member"
2,SD-SRC14,0.01,SDH0_MAIN9,SD-H0,MAIN9,SDH0_MAIN9:M2[N=512]@alpha=0.01,M2_joint_chance_saa,M2_joint_chance_saa[N=512],entry,False,not_met,,,"SAA over the N training scenarios proven infeasible for every alpha_train of the declared grid (training scenarios only; not a population, field or whole-space statement)",main_reference_plan_domain,cp_upper,,,,,False,0,4,0,,,,no scored grid candidate with a ration (not a whole-space statement),512,frontier_no_feasible_solution_found_no_ration,0.58203125,0.720703125,,,,
2,SD-SRC14,0.01,SDH0_MAIN9,SD-H0,MAIN9,SDH0_MAIN9:M3a[factory box]@alpha=0.01,M3a_box_robust,M3a_box_robust,entry,False,not_met,,,no value of the declared grid met the validation screen (candidate statuses: proven_infeasible); a grid without a solution is not a statement about the whole decision space,main_reference_plan_domain,cp_upper,,,,,False,0,5,0,,,,no scored grid candidate with a ration (not a whole-space statement),1024,frontier_no_feasible_solution_found_no_ration,0.412109375,0.7705078125,,,,
2,SD-SRC14,0.01,SDH0_MAIN9,SD-H0,MAIN9,SDH0_MAIN9:M3b[factory box]@alpha=0.01,M3b_budget_robust,M3b_budget_robust,entry,False,not_met,,,"no value of the declared grid met the validation screen (candidate statuses: optimal, proven_infeasible); a grid without a solution is not a statement about the whole decision space",main_reference_plan_domain,cp_upper,,,,,False,0,35,5,0.9734,0.975994133543531,"gamma=0 {""k_box"": 1.0}",minimum attainable main-event rate_upper over the declared grid (descriptive; its cost is not a comparable cost),1024,frontier_no_feasible_solution_found_no_ration,0.412109375,0.7705078125,,,,
2,SD-SRC14,0.01,SDS2_MAIN9,SD-S2,MAIN9,SDS2_MAIN9:M0,M0_nominal,M0_nominal,entry,True,,,optimal,,main_reference_plan_domain,cp_upper,0.9734,0.9734,0.975994133543531,False,False,0,1,1,0.9734,0.975994133543531,,minimum attainable main-event rate_upper over the declared grid (descriptive; its cost is not a comparable cost),1024,frontier_no_feasible_solution_found_no_ration,0.1533203125,0.6064453125,,,,
2,SD-SRC14,0.01,SDS2_MAIN9,SD-S2,MAIN9,"SDS2_MAIN9:M1[relative,apply_to_dm=False]@alpha=0.01",M1_safety_margin,M1_safety_margin[apply_to_dm=False],sensitivity_line,False,not_met,,,"no value of the declared grid met the validation screen (candidate statuses: optimal, proven_infeasible); a grid without a solution is not a statement about the whole decision space",main_reference_plan_domain,cp_upper,,,,,False,0,5,1,0.9734,0.975994133543531,k=0.0,minimum attainable main-event rate_upper over the declared grid (descriptive; its cost is not a comparable cost),1024,frontier_no_feasible_solution_found_no_ration,0.1533203125,0.6064453125,,,,
2,SD-SRC14,0.01,SDS2_MAIN9,SD-S2,MAIN9,"SDS2_MAIN9:M1[relative,apply_to_dm=True]@alpha=0.01",M1_safety_margin,M1_safety_margin[apply_to_dm=True],entry,False,not_met,,,"no value of the declared grid met the validation screen (candidate statuses: optimal, proven_infeasible); a grid without a solution is not a statement about the whole decision space",main_reference_plan_domain,cp_upper,,,,,False,0,5,1,0.9734,0.975994133543531,k=0.0,minimum attainable main-event rate_upper over the declared grid (descriptive; its cost is not a comparable cost),1024,frontier_no_feasible_solution_found_no_ration,0.1533203125,0.6064453125,,,,
2,SD-SRC14,0.01,SDS2_MAIN9,SD-S2,MAIN9,SDS2_MAIN9:M2[N=1024]@alpha=0.01,M2_joint_chance_saa,M2_joint_chance_saa[N=1024],entry,False,not_met,,,"SAA over the N training scenarios proven infeasible for every alpha_train of the declared grid (training scenarios only; not a population, field or whole-space statement)",main_reference_plan_domain,cp_upper,,,,,False,0,4,0,,,,no scored grid candidate with a ration (not a whole-space statement),1024,frontier_no_feasible_solution_found_no_ration,0.1533203125,0.6064453125,,,,
2,SD-SRC14,0.01,SDS2_MAIN9,SD-S2,MAIN9,SDS2_MAIN9:M2[N=128]@alpha=0.01,M2_joint_chance_saa,M2_joint_chance_saa[N=128],entry,False,not_met,,,"SAA over the N training scenarios proven infeasible for every alpha_train of the declared grid (training scenarios only; not a population, field or whole-space statement)",main_reference_plan_domain,cp_upper,,,,,False,0,4,0,,,,no scored grid candidate with a ration (not a whole-space statement),128,optimal,0.5546875,0.5546875,0.714,0.7141,0.7215353899384533,"diagnostic frontier point (training scenarios only); not a method, never a member"
2,SD-SRC14,0.01,SDS2_MAIN9,SD-S2,MAIN9,SDS2_MAIN9:M2[N=512]@alpha=0.01,M2_joint_chance_saa,M2_joint_chance_saa[N=512],entry,False,not_met,,,"SAA over the N training scenarios proven infeasible for every alpha_train of the declared grid (training scenarios only; not a population, field or whole-space statement)",main_reference_plan_domain,cp_upper,,,,,False,0,4,0,,,,no scored grid candidate with a ration (not a whole-space statement),512,frontier_no_feasible_solution_found_no_ration,0.375,0.58203125,,,,
2,SD-SRC14,0.01,SDS2_MAIN9,SD-S2,MAIN9,SDS2_MAIN9:M3a[factory box]@alpha=0.01,M3a_box_robust,M3a_box_robust,entry,False,not_met,,,no value of the declared grid met the validation screen (candidate statuses: proven_infeasible); a grid without a solution is not a statement about the whole decision space,main_reference_plan_domain,cp_upper,,,,,False,0,5,0,,,,no scored grid candidate with a ration (not a whole-space statement),1024,frontier_no_feasible_solution_found_no_ration,0.1533203125,0.6064453125,,,,
2,SD-SRC14,0.01,SDS2_MAIN9,SD-S2,MAIN9,SDS2_MAIN9:M3b[factory box]@alpha=0.01,M3b_budget_robust,M3b_budget_robust,entry,False,not_met,,,"no value of the declared grid met the validation screen (candidate statuses: optimal, proven_infeasible); a grid without a solution is not a statement about the whole decision space",main_reference_plan_domain,cp_upper,,,,,False,0,35,5,0.9734,0.975994133543531,"gamma=0 {""k_box"": 1.0}",minimum attainable main-event rate_upper over the declared grid (descriptive; its cost is not a comparable cost),1024,frontier_no_feasible_solution_found_no_ration,0.1533203125,0.6064453125,,,,
2,SD-SRC14,0.01,SDSRC12_MAIN9,SD-SRC12,MAIN9,SDSRC12_MAIN9:M0,M0_nominal,M0_nominal,entry,True,,,optimal,,main_reference_plan_domain,cp_upper,0.9734,0.9734,0.975994133543531,False,False,0,1,1,0.9734,0.975994133543531,,minimum attainable main-event rate_upper over the declared grid (descriptive; its cost is not a comparable cost),1024,frontier_no_feasible_solution_found_no_ration,0.3212890625,0.75390625,,,,
2,SD-SRC14,0.01,SDSRC12_MAIN9,SD-SRC12,MAIN9,"SDSRC12_MAIN9:M1[relative,apply_to_dm=False]@alpha=0.01",M1_safety_margin,M1_safety_margin[apply_to_dm=False],sensitivity_line,False,not_met,,,"no value of the declared grid met the validation screen (candidate statuses: optimal, proven_infeasible); a grid without a solution is not a statement about the whole decision space",main_reference_plan_domain,cp_upper,,,,,False,0,5,1,0.9734,0.975994133543531,k=0.0,minimum attainable main-event rate_upper over the declared grid (descriptive; its cost is not a comparable cost),1024,frontier_no_feasible_solution_found_no_ration,0.3212890625,0.75390625,,,,
2,SD-SRC14,0.01,SDSRC12_MAIN9,SD-SRC12,MAIN9,"SDSRC12_MAIN9:M1[relative,apply_to_dm=True]@alpha=0.01",M1_safety_margin,M1_safety_margin[apply_to_dm=True],entry,False,not_met,,,"no value of the declared grid met the validation screen (candidate statuses: optimal, proven_infeasible); a grid without a solution is not a statement about the whole decision space",main_reference_plan_domain,cp_upper,,,,,False,0,5,1,0.9734,0.975994133543531,k=0.0,minimum attainable main-event rate_upper over the declared grid (descriptive; its cost is not a comparable cost),1024,frontier_no_feasible_solution_found_no_ration,0.3212890625,0.75390625,,,,
2,SD-SRC14,0.01,SDSRC12_MAIN9,SD-SRC12,MAIN9,SDSRC12_MAIN9:M2[N=1024]@alpha=0.01,M2_joint_chance_saa,M2_joint_chance_saa[N=1024],entry,False,not_met,,,"SAA over the N training scenarios proven infeasible for every alpha_train of the declared grid (training scenarios only; not a population, field or whole-space statement)",main_reference_plan_domain,cp_upper,,,,,False,0,4,0,,,,no scored grid candidate with a ration (not a whole-space statement),1024,frontier_no_feasible_solution_found_no_ration,0.3212890625,0.75390625,,,,
2,SD-SRC14,0.01,SDSRC12_MAIN9,SD-SRC12,MAIN9,SDSRC12_MAIN9:M2[N=128]@alpha=0.01,M2_joint_chance_saa,M2_joint_chance_saa[N=128],entry,False,not_met,,,"SAA over the N training scenarios proven infeasible for every alpha_train of the declared grid (training scenarios only; not a population, field or whole-space statement)",main_reference_plan_domain,cp_upper,,,,,False,0,4,0,,,,no scored grid candidate with a ration (not a whole-space statement),128,optimal,0.703125,0.703125,0.6051,0.6053,0.6133664036853101,"diagnostic frontier point (training scenarios only); not a method, never a member"
2,SD-SRC14,0.01,SDSRC12_MAIN9,SD-SRC12,MAIN9,SDSRC12_MAIN9:M2[N=512]@alpha=0.01,M2_joint_chance_saa,M2_joint_chance_saa[N=512],entry,False,not_met,,,"SAA over the N training scenarios proven infeasible for every alpha_train of the declared grid (training scenarios only; not a population, field or whole-space statement)",main_reference_plan_domain,cp_upper,,,,,False,0,4,0,,,,no scored grid candidate with a ration (not a whole-space statement),512,frontier_no_feasible_solution_found_no_ration,0.54296875,0.732421875,,,,
2,SD-SRC14,0.01,SDSRC12_MAIN9,SD-SRC12,MAIN9,SDSRC12_MAIN9:M3a[factory box]@alpha=0.01,M3a_box_robust,M3a_box_robust,entry,False,not_met,,,no value of the declared grid met the validation screen (candidate statuses: proven_infeasible); a grid without a solution is not a statement about the whole decision space,main_reference_plan_domain,cp_upper,,,,,False,0,5,0,,,,no scored grid candidate with a ration (not a whole-space statement),1024,frontier_no_feasible_solution_found_no_ration,0.3212890625,0.75390625,,,,
2,SD-SRC14,0.01,SDSRC12_MAIN9,SD-SRC12,MAIN9,SDSRC12_MAIN9:M3b[factory box]@alpha=0.01,M3b_budget_robust,M3b_budget_robust,entry,False,not_met,,,"no value of the declared grid met the validation screen (candidate statuses: optimal, proven_infeasible); a grid without a solution is not a statement about the whole decision space",main_reference_plan_domain,cp_upper,,,,,False,0,35,5,0.9734,0.975994133543531,"gamma=0 {""k_box"": 1.0}",minimum attainable main-event rate_upper over the declared grid (descriptive; its cost is not a comparable cost),1024,frontier_no_feasible_solution_found_no_ration,0.3212890625,0.75390625,,,,
2,SD-SRC14,0.01,SDSRC14_MAIN9,SD-SRC14,MAIN9,SDSRC14_MAIN9:M0,M0_nominal,M0_nominal,entry,True,,,optimal,,main_reference_plan_domain,cp_upper,0.9734,0.9734,0.975994133543531,False,False,0,1,1,0.9734,0.975994133543531,,minimum attainable main-event rate_upper over the declared grid (descriptive; its cost is not a comparable cost),1024,frontier_no_feasible_solution_found_no_ration,0.1533203125,0.693359375,,,,
2,SD-SRC14,0.01,SDSRC14_MAIN9,SD-SRC14,MAIN9,"SDSRC14_MAIN9:M1[relative,apply_to_dm=False]@alpha=0.01",M1_safety_margin,M1_safety_margin[apply_to_dm=False],sensitivity_line,False,not_met,,,"no value of the declared grid met the validation screen (candidate statuses: optimal, proven_infeasible); a grid without a solution is not a statement about the whole decision space",main_reference_plan_domain,cp_upper,,,,,False,0,5,1,0.9734,0.975994133543531,k=0.0,minimum attainable main-event rate_upper over the declared grid (descriptive; its cost is not a comparable cost),1024,frontier_no_feasible_solution_found_no_ration,0.1533203125,0.693359375,,,,
2,SD-SRC14,0.01,SDSRC14_MAIN9,SD-SRC14,MAIN9,"SDSRC14_MAIN9:M1[relative,apply_to_dm=True]@alpha=0.01",M1_safety_margin,M1_safety_margin[apply_to_dm=True],entry,False,not_met,,,"no value of the declared grid met the validation screen (candidate statuses: optimal, proven_infeasible); a grid without a solution is not a statement about the whole decision space",main_reference_plan_domain,cp_upper,,,,,False,0,5,1,0.9734,0.975994133543531,k=0.0,minimum attainable main-event rate_upper over the declared grid (descriptive; its cost is not a comparable cost),1024,frontier_no_feasible_solution_found_no_ration,0.1533203125,0.693359375,,,,
2,SD-SRC14,0.01,SDSRC14_MAIN9,SD-SRC14,MAIN9,SDSRC14_MAIN9:M2[N=1024]@alpha=0.01,M2_joint_chance_saa,M2_joint_chance_saa[N=1024],entry,False,not_met,,,"SAA over the N training scenarios proven infeasible for every alpha_train of the declared grid (training scenarios only; not a population, field or whole-space statement)",main_reference_plan_domain,cp_upper,,,,,False,0,4,0,,,,no scored grid candidate with a ration (not a whole-space statement),1024,frontier_no_feasible_solution_found_no_ration,0.1533203125,0.693359375,,,,
2,SD-SRC14,0.01,SDSRC14_MAIN9,SD-SRC14,MAIN9,SDSRC14_MAIN9:M2[N=128]@alpha=0.01,M2_joint_chance_saa,M2_joint_chance_saa[N=128],entry,False,not_met,,,"SAA over the N training scenarios proven infeasible for every alpha_train of the declared grid (training scenarios only; not a population, field or whole-space statement)",main_reference_plan_domain,cp_upper,,,,,False,0,4,0,,,,no scored grid candidate with a ration (not a whole-space statement),128,optimal,0.6328125,0.6328125,0.615,0.6152,0.6232274637155462,"diagnostic frontier point (training scenarios only); not a method, never a member"
2,SD-SRC14,0.01,SDSRC14_MAIN9,SD-SRC14,MAIN9,SDSRC14_MAIN9:M2[N=512]@alpha=0.01,M2_joint_chance_saa,M2_joint_chance_saa[N=512],entry,False,not_met,,,"SAA over the N training scenarios proven infeasible for every alpha_train of the declared grid (training scenarios only; not a population, field or whole-space statement)",main_reference_plan_domain,cp_upper,,,,,False,0,4,0,,,,no scored grid candidate with a ration (not a whole-space statement),512,frontier_no_feasible_solution_found_no_ration,0.44921875,0.66015625,,,,
2,SD-SRC14,0.01,SDSRC14_MAIN9,SD-SRC14,MAIN9,SDSRC14_MAIN9:M3a[factory box]@alpha=0.01,M3a_box_robust,M3a_box_robust,entry,False,not_met,,,no value of the declared grid met the validation screen (candidate statuses: proven_infeasible); a grid without a solution is not a statement about the whole decision space,main_reference_plan_domain,cp_upper,,,,,False,0,5,0,,,,no scored grid candidate with a ration (not a whole-space statement),1024,frontier_no_feasible_solution_found_no_ration,0.1533203125,0.693359375,,,,
2,SD-SRC14,0.01,SDSRC14_MAIN9,SD-SRC14,MAIN9,SDSRC14_MAIN9:M3b[factory box]@alpha=0.01,M3b_budget_robust,M3b_budget_robust,entry,False,not_met,,,"no value of the declared grid met the validation screen (candidate statuses: optimal, proven_infeasible); a grid without a solution is not a statement about the whole decision space",main_reference_plan_domain,cp_upper,,,,,False,0,35,5,0.9734,0.975994133543531,"gamma=0 {""k_box"": 1.0}",minimum attainable main-event rate_upper over the declared grid (descriptive; its cost is not a comparable cost),1024,frontier_no_feasible_solution_found_no_ration,0.1533203125,0.693359375,,,,
2,SD-12MO,0.05,SD12MO_MAIN9,SD-12MO,MAIN9,SD12MO_MAIN9:M0,M0_nominal,M0_nominal,entry,True,,,optimal,,main_reference_plan_domain,cp_upper,0.9524,0.9524,0.9558542780498354,False,False,0,1,1,0.9524,0.9558542780498354,,minimum attainable main-event rate_upper over the declared grid (descriptive; its cost is not a comparable cost),1024,frontier_no_feasible_solution_found_no_ration,0.3056640625,0.6611328125,,,,
2,SD-12MO,0.05,SD12MO_MAIN9,SD-12MO,MAIN9,"SD12MO_MAIN9:M1[relative,apply_to_dm=False]@alpha=0.05",M1_safety_margin,M1_safety_margin[apply_to_dm=False],sensitivity_line,False,not_met,,,"no value of the declared grid met the validation screen (candidate statuses: optimal, proven_infeasible); a grid without a solution is not a statement about the whole decision space",main_reference_plan_domain,cp_upper,,,,,False,0,5,1,0.9524,0.9558542780498354,k=0.0,minimum attainable main-event rate_upper over the declared grid (descriptive; its cost is not a comparable cost),1024,frontier_no_feasible_solution_found_no_ration,0.3056640625,0.6611328125,,,,
2,SD-12MO,0.05,SD12MO_MAIN9,SD-12MO,MAIN9,"SD12MO_MAIN9:M1[relative,apply_to_dm=True]@alpha=0.05",M1_safety_margin,M1_safety_margin[apply_to_dm=True],entry,False,not_met,,,"no value of the declared grid met the validation screen (candidate statuses: optimal, proven_infeasible); a grid without a solution is not a statement about the whole decision space",main_reference_plan_domain,cp_upper,,,,,False,0,5,1,0.9524,0.9558542780498354,k=0.0,minimum attainable main-event rate_upper over the declared grid (descriptive; its cost is not a comparable cost),1024,frontier_no_feasible_solution_found_no_ration,0.3056640625,0.6611328125,,,,
2,SD-12MO,0.05,SD12MO_MAIN9,SD-12MO,MAIN9,SD12MO_MAIN9:M2[N=1024]@alpha=0.05,M2_joint_chance_saa,M2_joint_chance_saa[N=1024],entry,False,not_met,,,"SAA over the N training scenarios proven infeasible for every alpha_train of the declared grid (training scenarios only; not a population, field or whole-space statement)",main_reference_plan_domain,cp_upper,,,,,False,0,4,0,,,,no scored grid candidate with a ration (not a whole-space statement),1024,frontier_no_feasible_solution_found_no_ration,0.3056640625,0.6611328125,,,,
2,SD-12MO,0.05,SD12MO_MAIN9,SD-12MO,MAIN9,SD12MO_MAIN9:M2[N=128]@alpha=0.05,M2_joint_chance_saa,M2_joint_chance_saa[N=128],entry,False,not_met,,,"SAA over the N training scenarios proven infeasible for every alpha_train of the declared grid (training scenarios only; not a population, field or whole-space statement)",main_reference_plan_domain,cp_upper,,,,,False,0,4,0,,,,no scored grid candidate with a ration (not a whole-space statement),128,optimal,0.6484375,0.6484375,0.5829,0.5829,0.5910418373049854,"diagnostic frontier point (training scenarios only); not a method, never a member"
2,SD-12MO,0.05,SD12MO_MAIN9,SD-12MO,MAIN9,SD12MO_MAIN9:M2[N=512]@alpha=0.05,M2_joint_chance_saa,M2_joint_chance_saa[N=512],entry,False,not_met,,,"SAA over the N training scenarios proven infeasible for every alpha_train of the declared grid (training scenarios only; not a population, field or whole-space statement)",main_reference_plan_domain,cp_upper,,,,,False,0,4,0,,,,no scored grid candidate with a ration (not a whole-space statement),512,frontier_no_feasible_solution_found_no_ration,0.517578125,0.634765625,,,,
2,SD-12MO,0.05,SD12MO_MAIN9,SD-12MO,MAIN9,SD12MO_MAIN9:M3a[factory box]@alpha=0.05,M3a_box_robust,M3a_box_robust,entry,False,not_met,,,no value of the declared grid met the validation screen (candidate statuses: proven_infeasible); a grid without a solution is not a statement about the whole decision space,main_reference_plan_domain,cp_upper,,,,,False,0,5,0,,,,no scored grid candidate with a ration (not a whole-space statement),1024,frontier_no_feasible_solution_found_no_ration,0.3056640625,0.6611328125,,,,
2,SD-12MO,0.05,SD12MO_MAIN9,SD-12MO,MAIN9,SD12MO_MAIN9:M3b[factory box]@alpha=0.05,M3b_budget_robust,M3b_budget_robust,entry,False,not_met,,,"no value of the declared grid met the validation screen (candidate statuses: optimal, proven_infeasible); a grid without a solution is not a statement about the whole decision space",main_reference_plan_domain,cp_upper,,,,,False,0,35,5,0.9524,0.9558542780498354,"gamma=0 {""k_box"": 1.0}",minimum attainable main-event rate_upper over the declared grid (descriptive; its cost is not a comparable cost),1024,frontier_no_feasible_solution_found_no_ration,0.3056640625,0.6611328125,,,,
2,SD-12MO,0.05,SDH0_MAIN9,SD-H0,MAIN9,SDH0_MAIN9:M0,M0_nominal,M0_nominal,entry,True,,,optimal,,main_reference_plan_domain,cp_upper,0.9524,0.9524,0.9558542780498354,False,False,0,1,1,0.9524,0.9558542780498354,,minimum attainable main-event rate_upper over the declared grid (descriptive; its cost is not a comparable cost),1024,frontier_no_feasible_solution_found_no_ration,0.412109375,0.7705078125,,,,
2,SD-12MO,0.05,SDH0_MAIN9,SD-H0,MAIN9,"SDH0_MAIN9:M1[relative,apply_to_dm=False]@alpha=0.05",M1_safety_margin,M1_safety_margin[apply_to_dm=False],sensitivity_line,False,not_met,,,"no value of the declared grid met the validation screen (candidate statuses: optimal, proven_infeasible); a grid without a solution is not a statement about the whole decision space",main_reference_plan_domain,cp_upper,,,,,False,0,5,1,0.9524,0.9558542780498354,k=0.0,minimum attainable main-event rate_upper over the declared grid (descriptive; its cost is not a comparable cost),1024,frontier_no_feasible_solution_found_no_ration,0.412109375,0.7705078125,,,,
2,SD-12MO,0.05,SDH0_MAIN9,SD-H0,MAIN9,"SDH0_MAIN9:M1[relative,apply_to_dm=True]@alpha=0.05",M1_safety_margin,M1_safety_margin[apply_to_dm=True],entry,False,not_met,,,"no value of the declared grid met the validation screen (candidate statuses: optimal, proven_infeasible); a grid without a solution is not a statement about the whole decision space",main_reference_plan_domain,cp_upper,,,,,False,0,5,1,0.9524,0.9558542780498354,k=0.0,minimum attainable main-event rate_upper over the declared grid (descriptive; its cost is not a comparable cost),1024,frontier_no_feasible_solution_found_no_ration,0.412109375,0.7705078125,,,,
2,SD-12MO,0.05,SDH0_MAIN9,SD-H0,MAIN9,SDH0_MAIN9:M2[N=1024]@alpha=0.05,M2_joint_chance_saa,M2_joint_chance_saa[N=1024],entry,False,not_met,,,"SAA over the N training scenarios proven infeasible for every alpha_train of the declared grid (training scenarios only; not a population, field or whole-space statement)",main_reference_plan_domain,cp_upper,,,,,False,0,4,0,,,,no scored grid candidate with a ration (not a whole-space statement),1024,frontier_no_feasible_solution_found_no_ration,0.412109375,0.7705078125,,,,
2,SD-12MO,0.05,SDH0_MAIN9,SD-H0,MAIN9,SDH0_MAIN9:M2[N=128]@alpha=0.05,M2_joint_chance_saa,M2_joint_chance_saa[N=128],entry,False,not_met,,,"SAA over the N training scenarios proven infeasible for every alpha_train of the declared grid (training scenarios only; not a population, field or whole-space statement)",main_reference_plan_domain,cp_upper,,,,,False,0,4,0,,,,no scored grid candidate with a ration (not a whole-space statement),128,optimal,0.703125,0.703125,0.6406,0.6406,0.6485114220443141,"diagnostic frontier point (training scenarios only); not a method, never a member"
2,SD-12MO,0.05,SDH0_MAIN9,SD-H0,MAIN9,SDH0_MAIN9:M2[N=512]@alpha=0.05,M2_joint_chance_saa,M2_joint_chance_saa[N=512],entry,False,not_met,,,"SAA over the N training scenarios proven infeasible for every alpha_train of the declared grid (training scenarios only; not a population, field or whole-space statement)",main_reference_plan_domain,cp_upper,,,,,False,0,4,0,,,,no scored grid candidate with a ration (not a whole-space statement),512,frontier_no_feasible_solution_found_no_ration,0.58203125,0.720703125,,,,
2,SD-12MO,0.05,SDH0_MAIN9,SD-H0,MAIN9,SDH0_MAIN9:M3a[factory box]@alpha=0.05,M3a_box_robust,M3a_box_robust,entry,False,not_met,,,no value of the declared grid met the validation screen (candidate statuses: proven_infeasible); a grid without a solution is not a statement about the whole decision space,main_reference_plan_domain,cp_upper,,,,,False,0,5,0,,,,no scored grid candidate with a ration (not a whole-space statement),1024,frontier_no_feasible_solution_found_no_ration,0.412109375,0.7705078125,,,,
2,SD-12MO,0.05,SDH0_MAIN9,SD-H0,MAIN9,SDH0_MAIN9:M3b[factory box]@alpha=0.05,M3b_budget_robust,M3b_budget_robust,entry,False,not_met,,,"no value of the declared grid met the validation screen (candidate statuses: optimal, proven_infeasible); a grid without a solution is not a statement about the whole decision space",main_reference_plan_domain,cp_upper,,,,,False,0,35,5,0.9524,0.9558542780498354,"gamma=0 {""k_box"": 1.0}",minimum attainable main-event rate_upper over the declared grid (descriptive; its cost is not a comparable cost),1024,frontier_no_feasible_solution_found_no_ration,0.412109375,0.7705078125,,,,
2,SD-12MO,0.05,SDS2_MAIN9,SD-S2,MAIN9,SDS2_MAIN9:M0,M0_nominal,M0_nominal,entry,True,,,optimal,,main_reference_plan_domain,cp_upper,0.9524,0.9524,0.9558542780498354,False,False,0,1,1,0.9524,0.9558542780498354,,minimum attainable main-event rate_upper over the declared grid (descriptive; its cost is not a comparable cost),1024,frontier_no_feasible_solution_found_no_ration,0.1533203125,0.6064453125,,,,
2,SD-12MO,0.05,SDS2_MAIN9,SD-S2,MAIN9,"SDS2_MAIN9:M1[relative,apply_to_dm=False]@alpha=0.05",M1_safety_margin,M1_safety_margin[apply_to_dm=False],sensitivity_line,False,not_met,,,"no value of the declared grid met the validation screen (candidate statuses: optimal, proven_infeasible); a grid without a solution is not a statement about the whole decision space",main_reference_plan_domain,cp_upper,,,,,False,0,5,1,0.9524,0.9558542780498354,k=0.0,minimum attainable main-event rate_upper over the declared grid (descriptive; its cost is not a comparable cost),1024,frontier_no_feasible_solution_found_no_ration,0.1533203125,0.6064453125,,,,
2,SD-12MO,0.05,SDS2_MAIN9,SD-S2,MAIN9,"SDS2_MAIN9:M1[relative,apply_to_dm=True]@alpha=0.05",M1_safety_margin,M1_safety_margin[apply_to_dm=True],entry,False,not_met,,,"no value of the declared grid met the validation screen (candidate statuses: optimal, proven_infeasible); a grid without a solution is not a statement about the whole decision space",main_reference_plan_domain,cp_upper,,,,,False,0,5,1,0.9524,0.9558542780498354,k=0.0,minimum attainable main-event rate_upper over the declared grid (descriptive; its cost is not a comparable cost),1024,frontier_no_feasible_solution_found_no_ration,0.1533203125,0.6064453125,,,,
2,SD-12MO,0.05,SDS2_MAIN9,SD-S2,MAIN9,SDS2_MAIN9:M2[N=1024]@alpha=0.05,M2_joint_chance_saa,M2_joint_chance_saa[N=1024],entry,False,not_met,,,"SAA over the N training scenarios proven infeasible for every alpha_train of the declared grid (training scenarios only; not a population, field or whole-space statement)",main_reference_plan_domain,cp_upper,,,,,False,0,4,0,,,,no scored grid candidate with a ration (not a whole-space statement),1024,frontier_no_feasible_solution_found_no_ration,0.1533203125,0.6064453125,,,,
2,SD-12MO,0.05,SDS2_MAIN9,SD-S2,MAIN9,SDS2_MAIN9:M2[N=128]@alpha=0.05,M2_joint_chance_saa,M2_joint_chance_saa[N=128],entry,False,not_met,,,"SAA over the N training scenarios proven infeasible for every alpha_train of the declared grid (training scenarios only; not a population, field or whole-space statement)",main_reference_plan_domain,cp_upper,,,,,False,0,4,0,,,,no scored grid candidate with a ration (not a whole-space statement),128,optimal,0.5546875,0.5546875,0.6669,0.6669,0.6746659246314302,"diagnostic frontier point (training scenarios only); not a method, never a member"
2,SD-12MO,0.05,SDS2_MAIN9,SD-S2,MAIN9,SDS2_MAIN9:M2[N=512]@alpha=0.05,M2_joint_chance_saa,M2_joint_chance_saa[N=512],entry,False,not_met,,,"SAA over the N training scenarios proven infeasible for every alpha_train of the declared grid (training scenarios only; not a population, field or whole-space statement)",main_reference_plan_domain,cp_upper,,,,,False,0,4,0,,,,no scored grid candidate with a ration (not a whole-space statement),512,frontier_no_feasible_solution_found_no_ration,0.375,0.58203125,,,,
2,SD-12MO,0.05,SDS2_MAIN9,SD-S2,MAIN9,SDS2_MAIN9:M3a[factory box]@alpha=0.05,M3a_box_robust,M3a_box_robust,entry,False,not_met,,,no value of the declared grid met the validation screen (candidate statuses: proven_infeasible); a grid without a solution is not a statement about the whole decision space,main_reference_plan_domain,cp_upper,,,,,False,0,5,0,,,,no scored grid candidate with a ration (not a whole-space statement),1024,frontier_no_feasible_solution_found_no_ration,0.1533203125,0.6064453125,,,,
2,SD-12MO,0.05,SDS2_MAIN9,SD-S2,MAIN9,SDS2_MAIN9:M3b[factory box]@alpha=0.05,M3b_budget_robust,M3b_budget_robust,entry,False,not_met,,,"no value of the declared grid met the validation screen (candidate statuses: optimal, proven_infeasible); a grid without a solution is not a statement about the whole decision space",main_reference_plan_domain,cp_upper,,,,,False,0,35,5,0.9524,0.9558542780498354,"gamma=0 {""k_box"": 1.0}",minimum attainable main-event rate_upper over the declared grid (descriptive; its cost is not a comparable cost),1024,frontier_no_feasible_solution_found_no_ration,0.1533203125,0.6064453125,,,,
2,SD-12MO,0.05,SDSRC12_MAIN9,SD-SRC12,MAIN9,SDSRC12_MAIN9:M0,M0_nominal,M0_nominal,entry,True,,,optimal,,main_reference_plan_domain,cp_upper,0.9524,0.9524,0.9558542780498354,False,False,0,1,1,0.9524,0.9558542780498354,,minimum attainable main-event rate_upper over the declared grid (descriptive; its cost is not a comparable cost),1024,frontier_no_feasible_solution_found_no_ration,0.3212890625,0.75390625,,,,
2,SD-12MO,0.05,SDSRC12_MAIN9,SD-SRC12,MAIN9,"SDSRC12_MAIN9:M1[relative,apply_to_dm=False]@alpha=0.05",M1_safety_margin,M1_safety_margin[apply_to_dm=False],sensitivity_line,False,not_met,,,"no value of the declared grid met the validation screen (candidate statuses: optimal, proven_infeasible); a grid without a solution is not a statement about the whole decision space",main_reference_plan_domain,cp_upper,,,,,False,0,5,1,0.9524,0.9558542780498354,k=0.0,minimum attainable main-event rate_upper over the declared grid (descriptive; its cost is not a comparable cost),1024,frontier_no_feasible_solution_found_no_ration,0.3212890625,0.75390625,,,,
2,SD-12MO,0.05,SDSRC12_MAIN9,SD-SRC12,MAIN9,"SDSRC12_MAIN9:M1[relative,apply_to_dm=True]@alpha=0.05",M1_safety_margin,M1_safety_margin[apply_to_dm=True],entry,False,not_met,,,"no value of the declared grid met the validation screen (candidate statuses: optimal, proven_infeasible); a grid without a solution is not a statement about the whole decision space",main_reference_plan_domain,cp_upper,,,,,False,0,5,1,0.9524,0.9558542780498354,k=0.0,minimum attainable main-event rate_upper over the declared grid (descriptive; its cost is not a comparable cost),1024,frontier_no_feasible_solution_found_no_ration,0.3212890625,0.75390625,,,,
2,SD-12MO,0.05,SDSRC12_MAIN9,SD-SRC12,MAIN9,SDSRC12_MAIN9:M2[N=1024]@alpha=0.05,M2_joint_chance_saa,M2_joint_chance_saa[N=1024],entry,False,not_met,,,"SAA over the N training scenarios proven infeasible for every alpha_train of the declared grid (training scenarios only; not a population, field or whole-space statement)",main_reference_plan_domain,cp_upper,,,,,False,0,4,0,,,,no scored grid candidate with a ration (not a whole-space statement),1024,frontier_no_feasible_solution_found_no_ration,0.3212890625,0.75390625,,,,
2,SD-12MO,0.05,SDSRC12_MAIN9,SD-SRC12,MAIN9,SDSRC12_MAIN9:M2[N=128]@alpha=0.05,M2_joint_chance_saa,M2_joint_chance_saa[N=128],entry,False,not_met,,,"SAA over the N training scenarios proven infeasible for every alpha_train of the declared grid (training scenarios only; not a population, field or whole-space statement)",main_reference_plan_domain,cp_upper,,,,,False,0,4,0,,,,no scored grid candidate with a ration (not a whole-space statement),128,optimal,0.703125,0.703125,0.6203,0.6203,0.6283060413751633,"diagnostic frontier point (training scenarios only); not a method, never a member"
2,SD-12MO,0.05,SDSRC12_MAIN9,SD-SRC12,MAIN9,SDSRC12_MAIN9:M2[N=512]@alpha=0.05,M2_joint_chance_saa,M2_joint_chance_saa[N=512],entry,False,not_met,,,"SAA over the N training scenarios proven infeasible for every alpha_train of the declared grid (training scenarios only; not a population, field or whole-space statement)",main_reference_plan_domain,cp_upper,,,,,False,0,4,0,,,,no scored grid candidate with a ration (not a whole-space statement),512,frontier_no_feasible_solution_found_no_ration,0.54296875,0.732421875,,,,
2,SD-12MO,0.05,SDSRC12_MAIN9,SD-SRC12,MAIN9,SDSRC12_MAIN9:M3a[factory box]@alpha=0.05,M3a_box_robust,M3a_box_robust,entry,False,not_met,,,no value of the declared grid met the validation screen (candidate statuses: proven_infeasible); a grid without a solution is not a statement about the whole decision space,main_reference_plan_domain,cp_upper,,,,,False,0,5,0,,,,no scored grid candidate with a ration (not a whole-space statement),1024,frontier_no_feasible_solution_found_no_ration,0.3212890625,0.75390625,,,,
2,SD-12MO,0.05,SDSRC12_MAIN9,SD-SRC12,MAIN9,SDSRC12_MAIN9:M3b[factory box]@alpha=0.05,M3b_budget_robust,M3b_budget_robust,entry,False,not_met,,,"no value of the declared grid met the validation screen (candidate statuses: optimal, proven_infeasible); a grid without a solution is not a statement about the whole decision space",main_reference_plan_domain,cp_upper,,,,,False,0,35,5,0.9524,0.9558542780498354,"gamma=0 {""k_box"": 1.0}",minimum attainable main-event rate_upper over the declared grid (descriptive; its cost is not a comparable cost),1024,frontier_no_feasible_solution_found_no_ration,0.3212890625,0.75390625,,,,
2,SD-12MO,0.05,SDSRC14_MAIN9,SD-SRC14,MAIN9,SDSRC14_MAIN9:M0,M0_nominal,M0_nominal,entry,True,,,optimal,,main_reference_plan_domain,cp_upper,0.9524,0.9524,0.9558542780498354,False,False,0,1,1,0.9524,0.9558542780498354,,minimum attainable main-event rate_upper over the declared grid (descriptive; its cost is not a comparable cost),1024,frontier_no_feasible_solution_found_no_ration,0.1533203125,0.693359375,,,,
2,SD-12MO,0.05,SDSRC14_MAIN9,SD-SRC14,MAIN9,"SDSRC14_MAIN9:M1[relative,apply_to_dm=False]@alpha=0.05",M1_safety_margin,M1_safety_margin[apply_to_dm=False],sensitivity_line,False,not_met,,,"no value of the declared grid met the validation screen (candidate statuses: optimal, proven_infeasible); a grid without a solution is not a statement about the whole decision space",main_reference_plan_domain,cp_upper,,,,,False,0,5,1,0.9524,0.9558542780498354,k=0.0,minimum attainable main-event rate_upper over the declared grid (descriptive; its cost is not a comparable cost),1024,frontier_no_feasible_solution_found_no_ration,0.1533203125,0.693359375,,,,
2,SD-12MO,0.05,SDSRC14_MAIN9,SD-SRC14,MAIN9,"SDSRC14_MAIN9:M1[relative,apply_to_dm=True]@alpha=0.05",M1_safety_margin,M1_safety_margin[apply_to_dm=True],entry,False,not_met,,,"no value of the declared grid met the validation screen (candidate statuses: optimal, proven_infeasible); a grid without a solution is not a statement about the whole decision space",main_reference_plan_domain,cp_upper,,,,,False,0,5,1,0.9524,0.9558542780498354,k=0.0,minimum attainable main-event rate_upper over the declared grid (descriptive; its cost is not a comparable cost),1024,frontier_no_feasible_solution_found_no_ration,0.1533203125,0.693359375,,,,
2,SD-12MO,0.05,SDSRC14_MAIN9,SD-SRC14,MAIN9,SDSRC14_MAIN9:M2[N=1024]@alpha=0.05,M2_joint_chance_saa,M2_joint_chance_saa[N=1024],entry,False,not_met,,,"SAA over the N training scenarios proven infeasible for every alpha_train of the declared grid (training scenarios only; not a population, field or whole-space statement)",main_reference_plan_domain,cp_upper,,,,,False,0,4,0,,,,no scored grid candidate with a ration (not a whole-space statement),1024,frontier_no_feasible_solution_found_no_ration,0.1533203125,0.693359375,,,,
2,SD-12MO,0.05,SDSRC14_MAIN9,SD-SRC14,MAIN9,SDSRC14_MAIN9:M2[N=128]@alpha=0.05,M2_joint_chance_saa,M2_joint_chance_saa[N=128],entry,False,not_met,,,"SAA over the N training scenarios proven infeasible for every alpha_train of the declared grid (training scenarios only; not a population, field or whole-space statement)",main_reference_plan_domain,cp_upper,,,,,False,0,4,0,,,,no scored grid candidate with a ration (not a whole-space statement),128,optimal,0.6328125,0.6328125,0.6433,0.6433,0.6511976933390666,"diagnostic frontier point (training scenarios only); not a method, never a member"
2,SD-12MO,0.05,SDSRC14_MAIN9,SD-SRC14,MAIN9,SDSRC14_MAIN9:M2[N=512]@alpha=0.05,M2_joint_chance_saa,M2_joint_chance_saa[N=512],entry,False,not_met,,,"SAA over the N training scenarios proven infeasible for every alpha_train of the declared grid (training scenarios only; not a population, field or whole-space statement)",main_reference_plan_domain,cp_upper,,,,,False,0,4,0,,,,no scored grid candidate with a ration (not a whole-space statement),512,frontier_no_feasible_solution_found_no_ration,0.44921875,0.66015625,,,,
2,SD-12MO,0.05,SDSRC14_MAIN9,SD-SRC14,MAIN9,SDSRC14_MAIN9:M3a[factory box]@alpha=0.05,M3a_box_robust,M3a_box_robust,entry,False,not_met,,,no value of the declared grid met the validation screen (candidate statuses: proven_infeasible); a grid without a solution is not a statement about the whole decision space,main_reference_plan_domain,cp_upper,,,,,False,0,5,0,,,,no scored grid candidate with a ration (not a whole-space statement),1024,frontier_no_feasible_solution_found_no_ration,0.1533203125,0.693359375,,,,
2,SD-12MO,0.05,SDSRC14_MAIN9,SD-SRC14,MAIN9,SDSRC14_MAIN9:M3b[factory box]@alpha=0.05,M3b_budget_robust,M3b_budget_robust,entry,False,not_met,,,"no value of the declared grid met the validation screen (candidate statuses: optimal, proven_infeasible); a grid without a solution is not a statement about the whole decision space",main_reference_plan_domain,cp_upper,,,,,False,0,35,5,0.9524,0.9558542780498354,"gamma=0 {""k_box"": 1.0}",minimum attainable main-event rate_upper over the declared grid (descriptive; its cost is not a comparable cost),1024,frontier_no_feasible_solution_found_no_ration,0.1533203125,0.693359375,,,,
2,SD-12MO,0.1,SD12MO_MAIN9,SD-12MO,MAIN9,SD12MO_MAIN9:M0,M0_nominal,M0_nominal,entry,True,,,optimal,,main_reference_plan_domain,cp_upper,0.9524,0.9524,0.9558542780498354,False,False,0,1,1,0.9524,0.9558542780498354,,minimum attainable main-event rate_upper over the declared grid (descriptive; its cost is not a comparable cost),1024,frontier_no_feasible_solution_found_no_ration,0.3056640625,0.6611328125,,,,
2,SD-12MO,0.1,SD12MO_MAIN9,SD-12MO,MAIN9,"SD12MO_MAIN9:M1[relative,apply_to_dm=False]@alpha=0.1",M1_safety_margin,M1_safety_margin[apply_to_dm=False],sensitivity_line,False,not_met,,,"no value of the declared grid met the validation screen (candidate statuses: optimal, proven_infeasible); a grid without a solution is not a statement about the whole decision space",main_reference_plan_domain,cp_upper,,,,,False,0,5,1,0.9524,0.9558542780498354,k=0.0,minimum attainable main-event rate_upper over the declared grid (descriptive; its cost is not a comparable cost),1024,frontier_no_feasible_solution_found_no_ration,0.3056640625,0.6611328125,,,,
2,SD-12MO,0.1,SD12MO_MAIN9,SD-12MO,MAIN9,"SD12MO_MAIN9:M1[relative,apply_to_dm=True]@alpha=0.1",M1_safety_margin,M1_safety_margin[apply_to_dm=True],entry,False,not_met,,,"no value of the declared grid met the validation screen (candidate statuses: optimal, proven_infeasible); a grid without a solution is not a statement about the whole decision space",main_reference_plan_domain,cp_upper,,,,,False,0,5,1,0.9524,0.9558542780498354,k=0.0,minimum attainable main-event rate_upper over the declared grid (descriptive; its cost is not a comparable cost),1024,frontier_no_feasible_solution_found_no_ration,0.3056640625,0.6611328125,,,,
2,SD-12MO,0.1,SD12MO_MAIN9,SD-12MO,MAIN9,SD12MO_MAIN9:M2[N=1024]@alpha=0.1,M2_joint_chance_saa,M2_joint_chance_saa[N=1024],entry,False,not_met,,,"SAA over the N training scenarios proven infeasible for every alpha_train of the declared grid (training scenarios only; not a population, field or whole-space statement)",main_reference_plan_domain,cp_upper,,,,,False,0,4,0,,,,no scored grid candidate with a ration (not a whole-space statement),1024,frontier_no_feasible_solution_found_no_ration,0.3056640625,0.6611328125,,,,
2,SD-12MO,0.1,SD12MO_MAIN9,SD-12MO,MAIN9,SD12MO_MAIN9:M2[N=128]@alpha=0.1,M2_joint_chance_saa,M2_joint_chance_saa[N=128],entry,False,not_met,,,"SAA over the N training scenarios proven infeasible for every alpha_train of the declared grid (training scenarios only; not a population, field or whole-space statement)",main_reference_plan_domain,cp_upper,,,,,False,0,4,0,,,,no scored grid candidate with a ration (not a whole-space statement),128,optimal,0.6484375,0.6484375,0.5829,0.5829,0.5910418373049854,"diagnostic frontier point (training scenarios only); not a method, never a member"
2,SD-12MO,0.1,SD12MO_MAIN9,SD-12MO,MAIN9,SD12MO_MAIN9:M2[N=512]@alpha=0.1,M2_joint_chance_saa,M2_joint_chance_saa[N=512],entry,False,not_met,,,"SAA over the N training scenarios proven infeasible for every alpha_train of the declared grid (training scenarios only; not a population, field or whole-space statement)",main_reference_plan_domain,cp_upper,,,,,False,0,4,0,,,,no scored grid candidate with a ration (not a whole-space statement),512,frontier_no_feasible_solution_found_no_ration,0.517578125,0.634765625,,,,
2,SD-12MO,0.1,SD12MO_MAIN9,SD-12MO,MAIN9,SD12MO_MAIN9:M3a[factory box]@alpha=0.1,M3a_box_robust,M3a_box_robust,entry,False,not_met,,,no value of the declared grid met the validation screen (candidate statuses: proven_infeasible); a grid without a solution is not a statement about the whole decision space,main_reference_plan_domain,cp_upper,,,,,False,0,5,0,,,,no scored grid candidate with a ration (not a whole-space statement),1024,frontier_no_feasible_solution_found_no_ration,0.3056640625,0.6611328125,,,,
2,SD-12MO,0.1,SD12MO_MAIN9,SD-12MO,MAIN9,SD12MO_MAIN9:M3b[factory box]@alpha=0.1,M3b_budget_robust,M3b_budget_robust,entry,False,not_met,,,"no value of the declared grid met the validation screen (candidate statuses: optimal, proven_infeasible); a grid without a solution is not a statement about the whole decision space",main_reference_plan_domain,cp_upper,,,,,False,0,35,5,0.9524,0.9558542780498354,"gamma=0 {""k_box"": 1.0}",minimum attainable main-event rate_upper over the declared grid (descriptive; its cost is not a comparable cost),1024,frontier_no_feasible_solution_found_no_ration,0.3056640625,0.6611328125,,,,
2,SD-12MO,0.1,SDH0_MAIN9,SD-H0,MAIN9,SDH0_MAIN9:M0,M0_nominal,M0_nominal,entry,True,,,optimal,,main_reference_plan_domain,cp_upper,0.9524,0.9524,0.9558542780498354,False,False,0,1,1,0.9524,0.9558542780498354,,minimum attainable main-event rate_upper over the declared grid (descriptive; its cost is not a comparable cost),1024,frontier_no_feasible_solution_found_no_ration,0.412109375,0.7705078125,,,,
2,SD-12MO,0.1,SDH0_MAIN9,SD-H0,MAIN9,"SDH0_MAIN9:M1[relative,apply_to_dm=False]@alpha=0.1",M1_safety_margin,M1_safety_margin[apply_to_dm=False],sensitivity_line,False,not_met,,,"no value of the declared grid met the validation screen (candidate statuses: optimal, proven_infeasible); a grid without a solution is not a statement about the whole decision space",main_reference_plan_domain,cp_upper,,,,,False,0,5,1,0.9524,0.9558542780498354,k=0.0,minimum attainable main-event rate_upper over the declared grid (descriptive; its cost is not a comparable cost),1024,frontier_no_feasible_solution_found_no_ration,0.412109375,0.7705078125,,,,
2,SD-12MO,0.1,SDH0_MAIN9,SD-H0,MAIN9,"SDH0_MAIN9:M1[relative,apply_to_dm=True]@alpha=0.1",M1_safety_margin,M1_safety_margin[apply_to_dm=True],entry,False,not_met,,,"no value of the declared grid met the validation screen (candidate statuses: optimal, proven_infeasible); a grid without a solution is not a statement about the whole decision space",main_reference_plan_domain,cp_upper,,,,,False,0,5,1,0.9524,0.9558542780498354,k=0.0,minimum attainable main-event rate_upper over the declared grid (descriptive; its cost is not a comparable cost),1024,frontier_no_feasible_solution_found_no_ration,0.412109375,0.7705078125,,,,
2,SD-12MO,0.1,SDH0_MAIN9,SD-H0,MAIN9,SDH0_MAIN9:M2[N=1024]@alpha=0.1,M2_joint_chance_saa,M2_joint_chance_saa[N=1024],entry,False,not_met,,,"SAA over the N training scenarios proven infeasible for every alpha_train of the declared grid (training scenarios only; not a population, field or whole-space statement)",main_reference_plan_domain,cp_upper,,,,,False,0,4,0,,,,no scored grid candidate with a ration (not a whole-space statement),1024,frontier_no_feasible_solution_found_no_ration,0.412109375,0.7705078125,,,,
2,SD-12MO,0.1,SDH0_MAIN9,SD-H0,MAIN9,SDH0_MAIN9:M2[N=128]@alpha=0.1,M2_joint_chance_saa,M2_joint_chance_saa[N=128],entry,False,not_met,,,"SAA over the N training scenarios proven infeasible for every alpha_train of the declared grid (training scenarios only; not a population, field or whole-space statement)",main_reference_plan_domain,cp_upper,,,,,False,0,4,0,,,,no scored grid candidate with a ration (not a whole-space statement),128,optimal,0.703125,0.703125,0.6406,0.6406,0.6485114220443141,"diagnostic frontier point (training scenarios only); not a method, never a member"
2,SD-12MO,0.1,SDH0_MAIN9,SD-H0,MAIN9,SDH0_MAIN9:M2[N=512]@alpha=0.1,M2_joint_chance_saa,M2_joint_chance_saa[N=512],entry,False,not_met,,,"SAA over the N training scenarios proven infeasible for every alpha_train of the declared grid (training scenarios only; not a population, field or whole-space statement)",main_reference_plan_domain,cp_upper,,,,,False,0,4,0,,,,no scored grid candidate with a ration (not a whole-space statement),512,frontier_no_feasible_solution_found_no_ration,0.58203125,0.720703125,,,,
2,SD-12MO,0.1,SDH0_MAIN9,SD-H0,MAIN9,SDH0_MAIN9:M3a[factory box]@alpha=0.1,M3a_box_robust,M3a_box_robust,entry,False,not_met,,,no value of the declared grid met the validation screen (candidate statuses: proven_infeasible); a grid without a solution is not a statement about the whole decision space,main_reference_plan_domain,cp_upper,,,,,False,0,5,0,,,,no scored grid candidate with a ration (not a whole-space statement),1024,frontier_no_feasible_solution_found_no_ration,0.412109375,0.7705078125,,,,
2,SD-12MO,0.1,SDH0_MAIN9,SD-H0,MAIN9,SDH0_MAIN9:M3b[factory box]@alpha=0.1,M3b_budget_robust,M3b_budget_robust,entry,False,not_met,,,"no value of the declared grid met the validation screen (candidate statuses: optimal, proven_infeasible); a grid without a solution is not a statement about the whole decision space",main_reference_plan_domain,cp_upper,,,,,False,0,35,5,0.9524,0.9558542780498354,"gamma=0 {""k_box"": 1.0}",minimum attainable main-event rate_upper over the declared grid (descriptive; its cost is not a comparable cost),1024,frontier_no_feasible_solution_found_no_ration,0.412109375,0.7705078125,,,,
2,SD-12MO,0.1,SDS2_MAIN9,SD-S2,MAIN9,SDS2_MAIN9:M0,M0_nominal,M0_nominal,entry,True,,,optimal,,main_reference_plan_domain,cp_upper,0.9524,0.9524,0.9558542780498354,False,False,0,1,1,0.9524,0.9558542780498354,,minimum attainable main-event rate_upper over the declared grid (descriptive; its cost is not a comparable cost),1024,frontier_no_feasible_solution_found_no_ration,0.1533203125,0.6064453125,,,,
2,SD-12MO,0.1,SDS2_MAIN9,SD-S2,MAIN9,"SDS2_MAIN9:M1[relative,apply_to_dm=False]@alpha=0.1",M1_safety_margin,M1_safety_margin[apply_to_dm=False],sensitivity_line,False,not_met,,,"no value of the declared grid met the validation screen (candidate statuses: optimal, proven_infeasible); a grid without a solution is not a statement about the whole decision space",main_reference_plan_domain,cp_upper,,,,,False,0,5,1,0.9524,0.9558542780498354,k=0.0,minimum attainable main-event rate_upper over the declared grid (descriptive; its cost is not a comparable cost),1024,frontier_no_feasible_solution_found_no_ration,0.1533203125,0.6064453125,,,,
2,SD-12MO,0.1,SDS2_MAIN9,SD-S2,MAIN9,"SDS2_MAIN9:M1[relative,apply_to_dm=True]@alpha=0.1",M1_safety_margin,M1_safety_margin[apply_to_dm=True],entry,False,not_met,,,"no value of the declared grid met the validation screen (candidate statuses: optimal, proven_infeasible); a grid without a solution is not a statement about the whole decision space",main_reference_plan_domain,cp_upper,,,,,False,0,5,1,0.9524,0.9558542780498354,k=0.0,minimum attainable main-event rate_upper over the declared grid (descriptive; its cost is not a comparable cost),1024,frontier_no_feasible_solution_found_no_ration,0.1533203125,0.6064453125,,,,
2,SD-12MO,0.1,SDS2_MAIN9,SD-S2,MAIN9,SDS2_MAIN9:M2[N=1024]@alpha=0.1,M2_joint_chance_saa,M2_joint_chance_saa[N=1024],entry,False,not_met,,,"SAA over the N training scenarios proven infeasible for every alpha_train of the declared grid (training scenarios only; not a population, field or whole-space statement)",main_reference_plan_domain,cp_upper,,,,,False,0,4,0,,,,no scored grid candidate with a ration (not a whole-space statement),1024,frontier_no_feasible_solution_found_no_ration,0.1533203125,0.6064453125,,,,
2,SD-12MO,0.1,SDS2_MAIN9,SD-S2,MAIN9,SDS2_MAIN9:M2[N=128]@alpha=0.1,M2_joint_chance_saa,M2_joint_chance_saa[N=128],entry,False,not_met,,,"SAA over the N training scenarios proven infeasible for every alpha_train of the declared grid (training scenarios only; not a population, field or whole-space statement)",main_reference_plan_domain,cp_upper,,,,,False,0,4,0,,,,no scored grid candidate with a ration (not a whole-space statement),128,optimal,0.5546875,0.5546875,0.6669,0.6669,0.6746659246314302,"diagnostic frontier point (training scenarios only); not a method, never a member"
2,SD-12MO,0.1,SDS2_MAIN9,SD-S2,MAIN9,SDS2_MAIN9:M2[N=512]@alpha=0.1,M2_joint_chance_saa,M2_joint_chance_saa[N=512],entry,False,not_met,,,"SAA over the N training scenarios proven infeasible for every alpha_train of the declared grid (training scenarios only; not a population, field or whole-space statement)",main_reference_plan_domain,cp_upper,,,,,False,0,4,0,,,,no scored grid candidate with a ration (not a whole-space statement),512,frontier_no_feasible_solution_found_no_ration,0.375,0.58203125,,,,
2,SD-12MO,0.1,SDS2_MAIN9,SD-S2,MAIN9,SDS2_MAIN9:M3a[factory box]@alpha=0.1,M3a_box_robust,M3a_box_robust,entry,False,not_met,,,no value of the declared grid met the validation screen (candidate statuses: proven_infeasible); a grid without a solution is not a statement about the whole decision space,main_reference_plan_domain,cp_upper,,,,,False,0,5,0,,,,no scored grid candidate with a ration (not a whole-space statement),1024,frontier_no_feasible_solution_found_no_ration,0.1533203125,0.6064453125,,,,
2,SD-12MO,0.1,SDS2_MAIN9,SD-S2,MAIN9,SDS2_MAIN9:M3b[factory box]@alpha=0.1,M3b_budget_robust,M3b_budget_robust,entry,False,not_met,,,"no value of the declared grid met the validation screen (candidate statuses: optimal, proven_infeasible); a grid without a solution is not a statement about the whole decision space",main_reference_plan_domain,cp_upper,,,,,False,0,35,5,0.9524,0.9558542780498354,"gamma=0 {""k_box"": 1.0}",minimum attainable main-event rate_upper over the declared grid (descriptive; its cost is not a comparable cost),1024,frontier_no_feasible_solution_found_no_ration,0.1533203125,0.6064453125,,,,
2,SD-12MO,0.1,SDSRC12_MAIN9,SD-SRC12,MAIN9,SDSRC12_MAIN9:M0,M0_nominal,M0_nominal,entry,True,,,optimal,,main_reference_plan_domain,cp_upper,0.9524,0.9524,0.9558542780498354,False,False,0,1,1,0.9524,0.9558542780498354,,minimum attainable main-event rate_upper over the declared grid (descriptive; its cost is not a comparable cost),1024,frontier_no_feasible_solution_found_no_ration,0.3212890625,0.75390625,,,,
2,SD-12MO,0.1,SDSRC12_MAIN9,SD-SRC12,MAIN9,"SDSRC12_MAIN9:M1[relative,apply_to_dm=False]@alpha=0.1",M1_safety_margin,M1_safety_margin[apply_to_dm=False],sensitivity_line,False,not_met,,,"no value of the declared grid met the validation screen (candidate statuses: optimal, proven_infeasible); a grid without a solution is not a statement about the whole decision space",main_reference_plan_domain,cp_upper,,,,,False,0,5,1,0.9524,0.9558542780498354,k=0.0,minimum attainable main-event rate_upper over the declared grid (descriptive; its cost is not a comparable cost),1024,frontier_no_feasible_solution_found_no_ration,0.3212890625,0.75390625,,,,
2,SD-12MO,0.1,SDSRC12_MAIN9,SD-SRC12,MAIN9,"SDSRC12_MAIN9:M1[relative,apply_to_dm=True]@alpha=0.1",M1_safety_margin,M1_safety_margin[apply_to_dm=True],entry,False,not_met,,,"no value of the declared grid met the validation screen (candidate statuses: optimal, proven_infeasible); a grid without a solution is not a statement about the whole decision space",main_reference_plan_domain,cp_upper,,,,,False,0,5,1,0.9524,0.9558542780498354,k=0.0,minimum attainable main-event rate_upper over the declared grid (descriptive; its cost is not a comparable cost),1024,frontier_no_feasible_solution_found_no_ration,0.3212890625,0.75390625,,,,
2,SD-12MO,0.1,SDSRC12_MAIN9,SD-SRC12,MAIN9,SDSRC12_MAIN9:M2[N=1024]@alpha=0.1,M2_joint_chance_saa,M2_joint_chance_saa[N=1024],entry,False,not_met,,,"SAA over the N training scenarios proven infeasible for every alpha_train of the declared grid (training scenarios only; not a population, field or whole-space statement)",main_reference_plan_domain,cp_upper,,,,,False,0,4,0,,,,no scored grid candidate with a ration (not a whole-space statement),1024,frontier_no_feasible_solution_found_no_ration,0.3212890625,0.75390625,,,,
2,SD-12MO,0.1,SDSRC12_MAIN9,SD-SRC12,MAIN9,SDSRC12_MAIN9:M2[N=128]@alpha=0.1,M2_joint_chance_saa,M2_joint_chance_saa[N=128],entry,False,not_met,,,"SAA over the N training scenarios proven infeasible for every alpha_train of the declared grid (training scenarios only; not a population, field or whole-space statement)",main_reference_plan_domain,cp_upper,,,,,False,0,4,0,,,,no scored grid candidate with a ration (not a whole-space statement),128,optimal,0.703125,0.703125,0.6203,0.6203,0.6283060413751633,"diagnostic frontier point (training scenarios only); not a method, never a member"
2,SD-12MO,0.1,SDSRC12_MAIN9,SD-SRC12,MAIN9,SDSRC12_MAIN9:M2[N=512]@alpha=0.1,M2_joint_chance_saa,M2_joint_chance_saa[N=512],entry,False,not_met,,,"SAA over the N training scenarios proven infeasible for every alpha_train of the declared grid (training scenarios only; not a population, field or whole-space statement)",main_reference_plan_domain,cp_upper,,,,,False,0,4,0,,,,no scored grid candidate with a ration (not a whole-space statement),512,frontier_no_feasible_solution_found_no_ration,0.54296875,0.732421875,,,,
2,SD-12MO,0.1,SDSRC12_MAIN9,SD-SRC12,MAIN9,SDSRC12_MAIN9:M3a[factory box]@alpha=0.1,M3a_box_robust,M3a_box_robust,entry,False,not_met,,,no value of the declared grid met the validation screen (candidate statuses: proven_infeasible); a grid without a solution is not a statement about the whole decision space,main_reference_plan_domain,cp_upper,,,,,False,0,5,0,,,,no scored grid candidate with a ration (not a whole-space statement),1024,frontier_no_feasible_solution_found_no_ration,0.3212890625,0.75390625,,,,
2,SD-12MO,0.1,SDSRC12_MAIN9,SD-SRC12,MAIN9,SDSRC12_MAIN9:M3b[factory box]@alpha=0.1,M3b_budget_robust,M3b_budget_robust,entry,False,not_met,,,"no value of the declared grid met the validation screen (candidate statuses: optimal, proven_infeasible); a grid without a solution is not a statement about the whole decision space",main_reference_plan_domain,cp_upper,,,,,False,0,35,5,0.9524,0.9558542780498354,"gamma=0 {""k_box"": 1.0}",minimum attainable main-event rate_upper over the declared grid (descriptive; its cost is not a comparable cost),1024,frontier_no_feasible_solution_found_no_ration,0.3212890625,0.75390625,,,,
2,SD-12MO,0.1,SDSRC14_MAIN9,SD-SRC14,MAIN9,SDSRC14_MAIN9:M0,M0_nominal,M0_nominal,entry,True,,,optimal,,main_reference_plan_domain,cp_upper,0.9524,0.9524,0.9558542780498354,False,False,0,1,1,0.9524,0.9558542780498354,,minimum attainable main-event rate_upper over the declared grid (descriptive; its cost is not a comparable cost),1024,frontier_no_feasible_solution_found_no_ration,0.1533203125,0.693359375,,,,
2,SD-12MO,0.1,SDSRC14_MAIN9,SD-SRC14,MAIN9,"SDSRC14_MAIN9:M1[relative,apply_to_dm=False]@alpha=0.1",M1_safety_margin,M1_safety_margin[apply_to_dm=False],sensitivity_line,False,not_met,,,"no value of the declared grid met the validation screen (candidate statuses: optimal, proven_infeasible); a grid without a solution is not a statement about the whole decision space",main_reference_plan_domain,cp_upper,,,,,False,0,5,1,0.9524,0.9558542780498354,k=0.0,minimum attainable main-event rate_upper over the declared grid (descriptive; its cost is not a comparable cost),1024,frontier_no_feasible_solution_found_no_ration,0.1533203125,0.693359375,,,,
2,SD-12MO,0.1,SDSRC14_MAIN9,SD-SRC14,MAIN9,"SDSRC14_MAIN9:M1[relative,apply_to_dm=True]@alpha=0.1",M1_safety_margin,M1_safety_margin[apply_to_dm=True],entry,False,not_met,,,"no value of the declared grid met the validation screen (candidate statuses: optimal, proven_infeasible); a grid without a solution is not a statement about the whole decision space",main_reference_plan_domain,cp_upper,,,,,False,0,5,1,0.9524,0.9558542780498354,k=0.0,minimum attainable main-event rate_upper over the declared grid (descriptive; its cost is not a comparable cost),1024,frontier_no_feasible_solution_found_no_ration,0.1533203125,0.693359375,,,,
2,SD-12MO,0.1,SDSRC14_MAIN9,SD-SRC14,MAIN9,SDSRC14_MAIN9:M2[N=1024]@alpha=0.1,M2_joint_chance_saa,M2_joint_chance_saa[N=1024],entry,False,not_met,,,"SAA over the N training scenarios proven infeasible for every alpha_train of the declared grid (training scenarios only; not a population, field or whole-space statement)",main_reference_plan_domain,cp_upper,,,,,False,0,4,0,,,,no scored grid candidate with a ration (not a whole-space statement),1024,frontier_no_feasible_solution_found_no_ration,0.1533203125,0.693359375,,,,
2,SD-12MO,0.1,SDSRC14_MAIN9,SD-SRC14,MAIN9,SDSRC14_MAIN9:M2[N=128]@alpha=0.1,M2_joint_chance_saa,M2_joint_chance_saa[N=128],entry,False,not_met,,,"SAA over the N training scenarios proven infeasible for every alpha_train of the declared grid (training scenarios only; not a population, field or whole-space statement)",main_reference_plan_domain,cp_upper,,,,,False,0,4,0,,,,no scored grid candidate with a ration (not a whole-space statement),128,optimal,0.6328125,0.6328125,0.6433,0.6433,0.6511976933390666,"diagnostic frontier point (training scenarios only); not a method, never a member"
2,SD-12MO,0.1,SDSRC14_MAIN9,SD-SRC14,MAIN9,SDSRC14_MAIN9:M2[N=512]@alpha=0.1,M2_joint_chance_saa,M2_joint_chance_saa[N=512],entry,False,not_met,,,"SAA over the N training scenarios proven infeasible for every alpha_train of the declared grid (training scenarios only; not a population, field or whole-space statement)",main_reference_plan_domain,cp_upper,,,,,False,0,4,0,,,,no scored grid candidate with a ration (not a whole-space statement),512,frontier_no_feasible_solution_found_no_ration,0.44921875,0.66015625,,,,
2,SD-12MO,0.1,SDSRC14_MAIN9,SD-SRC14,MAIN9,SDSRC14_MAIN9:M3a[factory box]@alpha=0.1,M3a_box_robust,M3a_box_robust,entry,False,not_met,,,no value of the declared grid met the validation screen (candidate statuses: proven_infeasible); a grid without a solution is not a statement about the whole decision space,main_reference_plan_domain,cp_upper,,,,,False,0,5,0,,,,no scored grid candidate with a ration (not a whole-space statement),1024,frontier_no_feasible_solution_found_no_ration,0.1533203125,0.693359375,,,,
2,SD-12MO,0.1,SDSRC14_MAIN9,SD-SRC14,MAIN9,SDSRC14_MAIN9:M3b[factory box]@alpha=0.1,M3b_budget_robust,M3b_budget_robust,entry,False,not_met,,,"no value of the declared grid met the validation screen (candidate statuses: optimal, proven_infeasible); a grid without a solution is not a statement about the whole decision space",main_reference_plan_domain,cp_upper,,,,,False,0,35,5,0.9524,0.9558542780498354,"gamma=0 {""k_box"": 1.0}",minimum attainable main-event rate_upper over the declared grid (descriptive; its cost is not a comparable cost),1024,frontier_no_feasible_solution_found_no_ration,0.1533203125,0.693359375,,,,
2,SD-12MO,0.01,SD12MO_MAIN9,SD-12MO,MAIN9,SD12MO_MAIN9:M0,M0_nominal,M0_nominal,entry,True,,,optimal,,main_reference_plan_domain,cp_upper,0.9524,0.9524,0.9558542780498354,False,False,0,1,1,0.9524,0.9558542780498354,,minimum attainable main-event rate_upper over the declared grid (descriptive; its cost is not a comparable cost),1024,frontier_no_feasible_solution_found_no_ration,0.3056640625,0.6611328125,,,,
2,SD-12MO,0.01,SD12MO_MAIN9,SD-12MO,MAIN9,"SD12MO_MAIN9:M1[relative,apply_to_dm=False]@alpha=0.01",M1_safety_margin,M1_safety_margin[apply_to_dm=False],sensitivity_line,False,not_met,,,"no value of the declared grid met the validation screen (candidate statuses: optimal, proven_infeasible); a grid without a solution is not a statement about the whole decision space",main_reference_plan_domain,cp_upper,,,,,False,0,5,1,0.9524,0.9558542780498354,k=0.0,minimum attainable main-event rate_upper over the declared grid (descriptive; its cost is not a comparable cost),1024,frontier_no_feasible_solution_found_no_ration,0.3056640625,0.6611328125,,,,
2,SD-12MO,0.01,SD12MO_MAIN9,SD-12MO,MAIN9,"SD12MO_MAIN9:M1[relative,apply_to_dm=True]@alpha=0.01",M1_safety_margin,M1_safety_margin[apply_to_dm=True],entry,False,not_met,,,"no value of the declared grid met the validation screen (candidate statuses: optimal, proven_infeasible); a grid without a solution is not a statement about the whole decision space",main_reference_plan_domain,cp_upper,,,,,False,0,5,1,0.9524,0.9558542780498354,k=0.0,minimum attainable main-event rate_upper over the declared grid (descriptive; its cost is not a comparable cost),1024,frontier_no_feasible_solution_found_no_ration,0.3056640625,0.6611328125,,,,
2,SD-12MO,0.01,SD12MO_MAIN9,SD-12MO,MAIN9,SD12MO_MAIN9:M2[N=1024]@alpha=0.01,M2_joint_chance_saa,M2_joint_chance_saa[N=1024],entry,False,not_met,,,"SAA over the N training scenarios proven infeasible for every alpha_train of the declared grid (training scenarios only; not a population, field or whole-space statement)",main_reference_plan_domain,cp_upper,,,,,False,0,4,0,,,,no scored grid candidate with a ration (not a whole-space statement),1024,frontier_no_feasible_solution_found_no_ration,0.3056640625,0.6611328125,,,,
2,SD-12MO,0.01,SD12MO_MAIN9,SD-12MO,MAIN9,SD12MO_MAIN9:M2[N=128]@alpha=0.01,M2_joint_chance_saa,M2_joint_chance_saa[N=128],entry,False,not_met,,,"SAA over the N training scenarios proven infeasible for every alpha_train of the declared grid (training scenarios only; not a population, field or whole-space statement)",main_reference_plan_domain,cp_upper,,,,,False,0,4,0,,,,no scored grid candidate with a ration (not a whole-space statement),128,optimal,0.6484375,0.6484375,0.5829,0.5829,0.5910418373049854,"diagnostic frontier point (training scenarios only); not a method, never a member"
2,SD-12MO,0.01,SD12MO_MAIN9,SD-12MO,MAIN9,SD12MO_MAIN9:M2[N=512]@alpha=0.01,M2_joint_chance_saa,M2_joint_chance_saa[N=512],entry,False,not_met,,,"SAA over the N training scenarios proven infeasible for every alpha_train of the declared grid (training scenarios only; not a population, field or whole-space statement)",main_reference_plan_domain,cp_upper,,,,,False,0,4,0,,,,no scored grid candidate with a ration (not a whole-space statement),512,frontier_no_feasible_solution_found_no_ration,0.517578125,0.634765625,,,,
2,SD-12MO,0.01,SD12MO_MAIN9,SD-12MO,MAIN9,SD12MO_MAIN9:M3a[factory box]@alpha=0.01,M3a_box_robust,M3a_box_robust,entry,False,not_met,,,no value of the declared grid met the validation screen (candidate statuses: proven_infeasible); a grid without a solution is not a statement about the whole decision space,main_reference_plan_domain,cp_upper,,,,,False,0,5,0,,,,no scored grid candidate with a ration (not a whole-space statement),1024,frontier_no_feasible_solution_found_no_ration,0.3056640625,0.6611328125,,,,
2,SD-12MO,0.01,SD12MO_MAIN9,SD-12MO,MAIN9,SD12MO_MAIN9:M3b[factory box]@alpha=0.01,M3b_budget_robust,M3b_budget_robust,entry,False,not_met,,,"no value of the declared grid met the validation screen (candidate statuses: optimal, proven_infeasible); a grid without a solution is not a statement about the whole decision space",main_reference_plan_domain,cp_upper,,,,,False,0,35,5,0.9524,0.9558542780498354,"gamma=0 {""k_box"": 1.0}",minimum attainable main-event rate_upper over the declared grid (descriptive; its cost is not a comparable cost),1024,frontier_no_feasible_solution_found_no_ration,0.3056640625,0.6611328125,,,,
2,SD-12MO,0.01,SDH0_MAIN9,SD-H0,MAIN9,SDH0_MAIN9:M0,M0_nominal,M0_nominal,entry,True,,,optimal,,main_reference_plan_domain,cp_upper,0.9524,0.9524,0.9558542780498354,False,False,0,1,1,0.9524,0.9558542780498354,,minimum attainable main-event rate_upper over the declared grid (descriptive; its cost is not a comparable cost),1024,frontier_no_feasible_solution_found_no_ration,0.412109375,0.7705078125,,,,
2,SD-12MO,0.01,SDH0_MAIN9,SD-H0,MAIN9,"SDH0_MAIN9:M1[relative,apply_to_dm=False]@alpha=0.01",M1_safety_margin,M1_safety_margin[apply_to_dm=False],sensitivity_line,False,not_met,,,"no value of the declared grid met the validation screen (candidate statuses: optimal, proven_infeasible); a grid without a solution is not a statement about the whole decision space",main_reference_plan_domain,cp_upper,,,,,False,0,5,1,0.9524,0.9558542780498354,k=0.0,minimum attainable main-event rate_upper over the declared grid (descriptive; its cost is not a comparable cost),1024,frontier_no_feasible_solution_found_no_ration,0.412109375,0.7705078125,,,,
2,SD-12MO,0.01,SDH0_MAIN9,SD-H0,MAIN9,"SDH0_MAIN9:M1[relative,apply_to_dm=True]@alpha=0.01",M1_safety_margin,M1_safety_margin[apply_to_dm=True],entry,False,not_met,,,"no value of the declared grid met the validation screen (candidate statuses: optimal, proven_infeasible); a grid without a solution is not a statement about the whole decision space",main_reference_plan_domain,cp_upper,,,,,False,0,5,1,0.9524,0.9558542780498354,k=0.0,minimum attainable main-event rate_upper over the declared grid (descriptive; its cost is not a comparable cost),1024,frontier_no_feasible_solution_found_no_ration,0.412109375,0.7705078125,,,,
2,SD-12MO,0.01,SDH0_MAIN9,SD-H0,MAIN9,SDH0_MAIN9:M2[N=1024]@alpha=0.01,M2_joint_chance_saa,M2_joint_chance_saa[N=1024],entry,False,not_met,,,"SAA over the N training scenarios proven infeasible for every alpha_train of the declared grid (training scenarios only; not a population, field or whole-space statement)",main_reference_plan_domain,cp_upper,,,,,False,0,4,0,,,,no scored grid candidate with a ration (not a whole-space statement),1024,frontier_no_feasible_solution_found_no_ration,0.412109375,0.7705078125,,,,
2,SD-12MO,0.01,SDH0_MAIN9,SD-H0,MAIN9,SDH0_MAIN9:M2[N=128]@alpha=0.01,M2_joint_chance_saa,M2_joint_chance_saa[N=128],entry,False,not_met,,,"SAA over the N training scenarios proven infeasible for every alpha_train of the declared grid (training scenarios only; not a population, field or whole-space statement)",main_reference_plan_domain,cp_upper,,,,,False,0,4,0,,,,no scored grid candidate with a ration (not a whole-space statement),128,optimal,0.703125,0.703125,0.6406,0.6406,0.6485114220443141,"diagnostic frontier point (training scenarios only); not a method, never a member"
2,SD-12MO,0.01,SDH0_MAIN9,SD-H0,MAIN9,SDH0_MAIN9:M2[N=512]@alpha=0.01,M2_joint_chance_saa,M2_joint_chance_saa[N=512],entry,False,not_met,,,"SAA over the N training scenarios proven infeasible for every alpha_train of the declared grid (training scenarios only; not a population, field or whole-space statement)",main_reference_plan_domain,cp_upper,,,,,False,0,4,0,,,,no scored grid candidate with a ration (not a whole-space statement),512,frontier_no_feasible_solution_found_no_ration,0.58203125,0.720703125,,,,
2,SD-12MO,0.01,SDH0_MAIN9,SD-H0,MAIN9,SDH0_MAIN9:M3a[factory box]@alpha=0.01,M3a_box_robust,M3a_box_robust,entry,False,not_met,,,no value of the declared grid met the validation screen (candidate statuses: proven_infeasible); a grid without a solution is not a statement about the whole decision space,main_reference_plan_domain,cp_upper,,,,,False,0,5,0,,,,no scored grid candidate with a ration (not a whole-space statement),1024,frontier_no_feasible_solution_found_no_ration,0.412109375,0.7705078125,,,,
2,SD-12MO,0.01,SDH0_MAIN9,SD-H0,MAIN9,SDH0_MAIN9:M3b[factory box]@alpha=0.01,M3b_budget_robust,M3b_budget_robust,entry,False,not_met,,,"no value of the declared grid met the validation screen (candidate statuses: optimal, proven_infeasible); a grid without a solution is not a statement about the whole decision space",main_reference_plan_domain,cp_upper,,,,,False,0,35,5,0.9524,0.9558542780498354,"gamma=0 {""k_box"": 1.0}",minimum attainable main-event rate_upper over the declared grid (descriptive; its cost is not a comparable cost),1024,frontier_no_feasible_solution_found_no_ration,0.412109375,0.7705078125,,,,
2,SD-12MO,0.01,SDS2_MAIN9,SD-S2,MAIN9,SDS2_MAIN9:M0,M0_nominal,M0_nominal,entry,True,,,optimal,,main_reference_plan_domain,cp_upper,0.9524,0.9524,0.9558542780498354,False,False,0,1,1,0.9524,0.9558542780498354,,minimum attainable main-event rate_upper over the declared grid (descriptive; its cost is not a comparable cost),1024,frontier_no_feasible_solution_found_no_ration,0.1533203125,0.6064453125,,,,
2,SD-12MO,0.01,SDS2_MAIN9,SD-S2,MAIN9,"SDS2_MAIN9:M1[relative,apply_to_dm=False]@alpha=0.01",M1_safety_margin,M1_safety_margin[apply_to_dm=False],sensitivity_line,False,not_met,,,"no value of the declared grid met the validation screen (candidate statuses: optimal, proven_infeasible); a grid without a solution is not a statement about the whole decision space",main_reference_plan_domain,cp_upper,,,,,False,0,5,1,0.9524,0.9558542780498354,k=0.0,minimum attainable main-event rate_upper over the declared grid (descriptive; its cost is not a comparable cost),1024,frontier_no_feasible_solution_found_no_ration,0.1533203125,0.6064453125,,,,
2,SD-12MO,0.01,SDS2_MAIN9,SD-S2,MAIN9,"SDS2_MAIN9:M1[relative,apply_to_dm=True]@alpha=0.01",M1_safety_margin,M1_safety_margin[apply_to_dm=True],entry,False,not_met,,,"no value of the declared grid met the validation screen (candidate statuses: optimal, proven_infeasible); a grid without a solution is not a statement about the whole decision space",main_reference_plan_domain,cp_upper,,,,,False,0,5,1,0.9524,0.9558542780498354,k=0.0,minimum attainable main-event rate_upper over the declared grid (descriptive; its cost is not a comparable cost),1024,frontier_no_feasible_solution_found_no_ration,0.1533203125,0.6064453125,,,,
2,SD-12MO,0.01,SDS2_MAIN9,SD-S2,MAIN9,SDS2_MAIN9:M2[N=1024]@alpha=0.01,M2_joint_chance_saa,M2_joint_chance_saa[N=1024],entry,False,not_met,,,"SAA over the N training scenarios proven infeasible for every alpha_train of the declared grid (training scenarios only; not a population, field or whole-space statement)",main_reference_plan_domain,cp_upper,,,,,False,0,4,0,,,,no scored grid candidate with a ration (not a whole-space statement),1024,frontier_no_feasible_solution_found_no_ration,0.1533203125,0.6064453125,,,,
2,SD-12MO,0.01,SDS2_MAIN9,SD-S2,MAIN9,SDS2_MAIN9:M2[N=128]@alpha=0.01,M2_joint_chance_saa,M2_joint_chance_saa[N=128],entry,False,not_met,,,"SAA over the N training scenarios proven infeasible for every alpha_train of the declared grid (training scenarios only; not a population, field or whole-space statement)",main_reference_plan_domain,cp_upper,,,,,False,0,4,0,,,,no scored grid candidate with a ration (not a whole-space statement),128,optimal,0.5546875,0.5546875,0.6669,0.6669,0.6746659246314302,"diagnostic frontier point (training scenarios only); not a method, never a member"
2,SD-12MO,0.01,SDS2_MAIN9,SD-S2,MAIN9,SDS2_MAIN9:M2[N=512]@alpha=0.01,M2_joint_chance_saa,M2_joint_chance_saa[N=512],entry,False,not_met,,,"SAA over the N training scenarios proven infeasible for every alpha_train of the declared grid (training scenarios only; not a population, field or whole-space statement)",main_reference_plan_domain,cp_upper,,,,,False,0,4,0,,,,no scored grid candidate with a ration (not a whole-space statement),512,frontier_no_feasible_solution_found_no_ration,0.375,0.58203125,,,,
2,SD-12MO,0.01,SDS2_MAIN9,SD-S2,MAIN9,SDS2_MAIN9:M3a[factory box]@alpha=0.01,M3a_box_robust,M3a_box_robust,entry,False,not_met,,,no value of the declared grid met the validation screen (candidate statuses: proven_infeasible); a grid without a solution is not a statement about the whole decision space,main_reference_plan_domain,cp_upper,,,,,False,0,5,0,,,,no scored grid candidate with a ration (not a whole-space statement),1024,frontier_no_feasible_solution_found_no_ration,0.1533203125,0.6064453125,,,,
2,SD-12MO,0.01,SDS2_MAIN9,SD-S2,MAIN9,SDS2_MAIN9:M3b[factory box]@alpha=0.01,M3b_budget_robust,M3b_budget_robust,entry,False,not_met,,,"no value of the declared grid met the validation screen (candidate statuses: optimal, proven_infeasible); a grid without a solution is not a statement about the whole decision space",main_reference_plan_domain,cp_upper,,,,,False,0,35,5,0.9524,0.9558542780498354,"gamma=0 {""k_box"": 1.0}",minimum attainable main-event rate_upper over the declared grid (descriptive; its cost is not a comparable cost),1024,frontier_no_feasible_solution_found_no_ration,0.1533203125,0.6064453125,,,,
2,SD-12MO,0.01,SDSRC12_MAIN9,SD-SRC12,MAIN9,SDSRC12_MAIN9:M0,M0_nominal,M0_nominal,entry,True,,,optimal,,main_reference_plan_domain,cp_upper,0.9524,0.9524,0.9558542780498354,False,False,0,1,1,0.9524,0.9558542780498354,,minimum attainable main-event rate_upper over the declared grid (descriptive; its cost is not a comparable cost),1024,frontier_no_feasible_solution_found_no_ration,0.3212890625,0.75390625,,,,
2,SD-12MO,0.01,SDSRC12_MAIN9,SD-SRC12,MAIN9,"SDSRC12_MAIN9:M1[relative,apply_to_dm=False]@alpha=0.01",M1_safety_margin,M1_safety_margin[apply_to_dm=False],sensitivity_line,False,not_met,,,"no value of the declared grid met the validation screen (candidate statuses: optimal, proven_infeasible); a grid without a solution is not a statement about the whole decision space",main_reference_plan_domain,cp_upper,,,,,False,0,5,1,0.9524,0.9558542780498354,k=0.0,minimum attainable main-event rate_upper over the declared grid (descriptive; its cost is not a comparable cost),1024,frontier_no_feasible_solution_found_no_ration,0.3212890625,0.75390625,,,,
2,SD-12MO,0.01,SDSRC12_MAIN9,SD-SRC12,MAIN9,"SDSRC12_MAIN9:M1[relative,apply_to_dm=True]@alpha=0.01",M1_safety_margin,M1_safety_margin[apply_to_dm=True],entry,False,not_met,,,"no value of the declared grid met the validation screen (candidate statuses: optimal, proven_infeasible); a grid without a solution is not a statement about the whole decision space",main_reference_plan_domain,cp_upper,,,,,False,0,5,1,0.9524,0.9558542780498354,k=0.0,minimum attainable main-event rate_upper over the declared grid (descriptive; its cost is not a comparable cost),1024,frontier_no_feasible_solution_found_no_ration,0.3212890625,0.75390625,,,,
2,SD-12MO,0.01,SDSRC12_MAIN9,SD-SRC12,MAIN9,SDSRC12_MAIN9:M2[N=1024]@alpha=0.01,M2_joint_chance_saa,M2_joint_chance_saa[N=1024],entry,False,not_met,,,"SAA over the N training scenarios proven infeasible for every alpha_train of the declared grid (training scenarios only; not a population, field or whole-space statement)",main_reference_plan_domain,cp_upper,,,,,False,0,4,0,,,,no scored grid candidate with a ration (not a whole-space statement),1024,frontier_no_feasible_solution_found_no_ration,0.3212890625,0.75390625,,,,
2,SD-12MO,0.01,SDSRC12_MAIN9,SD-SRC12,MAIN9,SDSRC12_MAIN9:M2[N=128]@alpha=0.01,M2_joint_chance_saa,M2_joint_chance_saa[N=128],entry,False,not_met,,,"SAA over the N training scenarios proven infeasible for every alpha_train of the declared grid (training scenarios only; not a population, field or whole-space statement)",main_reference_plan_domain,cp_upper,,,,,False,0,4,0,,,,no scored grid candidate with a ration (not a whole-space statement),128,optimal,0.703125,0.703125,0.6203,0.6203,0.6283060413751633,"diagnostic frontier point (training scenarios only); not a method, never a member"
2,SD-12MO,0.01,SDSRC12_MAIN9,SD-SRC12,MAIN9,SDSRC12_MAIN9:M2[N=512]@alpha=0.01,M2_joint_chance_saa,M2_joint_chance_saa[N=512],entry,False,not_met,,,"SAA over the N training scenarios proven infeasible for every alpha_train of the declared grid (training scenarios only; not a population, field or whole-space statement)",main_reference_plan_domain,cp_upper,,,,,False,0,4,0,,,,no scored grid candidate with a ration (not a whole-space statement),512,frontier_no_feasible_solution_found_no_ration,0.54296875,0.732421875,,,,
2,SD-12MO,0.01,SDSRC12_MAIN9,SD-SRC12,MAIN9,SDSRC12_MAIN9:M3a[factory box]@alpha=0.01,M3a_box_robust,M3a_box_robust,entry,False,not_met,,,no value of the declared grid met the validation screen (candidate statuses: proven_infeasible); a grid without a solution is not a statement about the whole decision space,main_reference_plan_domain,cp_upper,,,,,False,0,5,0,,,,no scored grid candidate with a ration (not a whole-space statement),1024,frontier_no_feasible_solution_found_no_ration,0.3212890625,0.75390625,,,,
2,SD-12MO,0.01,SDSRC12_MAIN9,SD-SRC12,MAIN9,SDSRC12_MAIN9:M3b[factory box]@alpha=0.01,M3b_budget_robust,M3b_budget_robust,entry,False,not_met,,,"no value of the declared grid met the validation screen (candidate statuses: optimal, proven_infeasible); a grid without a solution is not a statement about the whole decision space",main_reference_plan_domain,cp_upper,,,,,False,0,35,5,0.9524,0.9558542780498354,"gamma=0 {""k_box"": 1.0}",minimum attainable main-event rate_upper over the declared grid (descriptive; its cost is not a comparable cost),1024,frontier_no_feasible_solution_found_no_ration,0.3212890625,0.75390625,,,,
2,SD-12MO,0.01,SDSRC14_MAIN9,SD-SRC14,MAIN9,SDSRC14_MAIN9:M0,M0_nominal,M0_nominal,entry,True,,,optimal,,main_reference_plan_domain,cp_upper,0.9524,0.9524,0.9558542780498354,False,False,0,1,1,0.9524,0.9558542780498354,,minimum attainable main-event rate_upper over the declared grid (descriptive; its cost is not a comparable cost),1024,frontier_no_feasible_solution_found_no_ration,0.1533203125,0.693359375,,,,
2,SD-12MO,0.01,SDSRC14_MAIN9,SD-SRC14,MAIN9,"SDSRC14_MAIN9:M1[relative,apply_to_dm=False]@alpha=0.01",M1_safety_margin,M1_safety_margin[apply_to_dm=False],sensitivity_line,False,not_met,,,"no value of the declared grid met the validation screen (candidate statuses: optimal, proven_infeasible); a grid without a solution is not a statement about the whole decision space",main_reference_plan_domain,cp_upper,,,,,False,0,5,1,0.9524,0.9558542780498354,k=0.0,minimum attainable main-event rate_upper over the declared grid (descriptive; its cost is not a comparable cost),1024,frontier_no_feasible_solution_found_no_ration,0.1533203125,0.693359375,,,,
2,SD-12MO,0.01,SDSRC14_MAIN9,SD-SRC14,MAIN9,"SDSRC14_MAIN9:M1[relative,apply_to_dm=True]@alpha=0.01",M1_safety_margin,M1_safety_margin[apply_to_dm=True],entry,False,not_met,,,"no value of the declared grid met the validation screen (candidate statuses: optimal, proven_infeasible); a grid without a solution is not a statement about the whole decision space",main_reference_plan_domain,cp_upper,,,,,False,0,5,1,0.9524,0.9558542780498354,k=0.0,minimum attainable main-event rate_upper over the declared grid (descriptive; its cost is not a comparable cost),1024,frontier_no_feasible_solution_found_no_ration,0.1533203125,0.693359375,,,,
2,SD-12MO,0.01,SDSRC14_MAIN9,SD-SRC14,MAIN9,SDSRC14_MAIN9:M2[N=1024]@alpha=0.01,M2_joint_chance_saa,M2_joint_chance_saa[N=1024],entry,False,not_met,,,"SAA over the N training scenarios proven infeasible for every alpha_train of the declared grid (training scenarios only; not a population, field or whole-space statement)",main_reference_plan_domain,cp_upper,,,,,False,0,4,0,,,,no scored grid candidate with a ration (not a whole-space statement),1024,frontier_no_feasible_solution_found_no_ration,0.1533203125,0.693359375,,,,
2,SD-12MO,0.01,SDSRC14_MAIN9,SD-SRC14,MAIN9,SDSRC14_MAIN9:M2[N=128]@alpha=0.01,M2_joint_chance_saa,M2_joint_chance_saa[N=128],entry,False,not_met,,,"SAA over the N training scenarios proven infeasible for every alpha_train of the declared grid (training scenarios only; not a population, field or whole-space statement)",main_reference_plan_domain,cp_upper,,,,,False,0,4,0,,,,no scored grid candidate with a ration (not a whole-space statement),128,optimal,0.6328125,0.6328125,0.6433,0.6433,0.6511976933390666,"diagnostic frontier point (training scenarios only); not a method, never a member"
2,SD-12MO,0.01,SDSRC14_MAIN9,SD-SRC14,MAIN9,SDSRC14_MAIN9:M2[N=512]@alpha=0.01,M2_joint_chance_saa,M2_joint_chance_saa[N=512],entry,False,not_met,,,"SAA over the N training scenarios proven infeasible for every alpha_train of the declared grid (training scenarios only; not a population, field or whole-space statement)",main_reference_plan_domain,cp_upper,,,,,False,0,4,0,,,,no scored grid candidate with a ration (not a whole-space statement),512,frontier_no_feasible_solution_found_no_ration,0.44921875,0.66015625,,,,
2,SD-12MO,0.01,SDSRC14_MAIN9,SD-SRC14,MAIN9,SDSRC14_MAIN9:M3a[factory box]@alpha=0.01,M3a_box_robust,M3a_box_robust,entry,False,not_met,,,no value of the declared grid met the validation screen (candidate statuses: proven_infeasible); a grid without a solution is not a statement about the whole decision space,main_reference_plan_domain,cp_upper,,,,,False,0,5,0,,,,no scored grid candidate with a ration (not a whole-space statement),1024,frontier_no_feasible_solution_found_no_ration,0.1533203125,0.693359375,,,,
2,SD-12MO,0.01,SDSRC14_MAIN9,SD-SRC14,MAIN9,SDSRC14_MAIN9:M3b[factory box]@alpha=0.01,M3b_budget_robust,M3b_budget_robust,entry,False,not_met,,,"no value of the declared grid met the validation screen (candidate statuses: optimal, proven_infeasible); a grid without a solution is not a statement about the whole decision space",main_reference_plan_domain,cp_upper,,,,,False,0,35,5,0.9524,0.9558542780498354,"gamma=0 {""k_box"": 1.0}",minimum attainable main-event rate_upper over the declared grid (descriptive; its cost is not a comparable cost),1024,frontier_no_feasible_solution_found_no_ration,0.1533203125,0.693359375,,,,
2,SD-SRC12,0.05,SD12MO_MAIN9,SD-12MO,MAIN9,SD12MO_MAIN9:M0,M0_nominal,M0_nominal,entry,True,,,optimal,,main_reference_plan_domain,cp_upper,0.9603,0.9603,0.9634619710577212,False,False,0,1,1,0.9603,0.9634619710577212,,minimum attainable main-event rate_upper over the declared grid (descriptive; its cost is not a comparable cost),1024,frontier_no_feasible_solution_found_no_ration,0.3056640625,0.6611328125,,,,
2,SD-SRC12,0.05,SD12MO_MAIN9,SD-12MO,MAIN9,"SD12MO_MAIN9:M1[relative,apply_to_dm=False]@alpha=0.05",M1_safety_margin,M1_safety_margin[apply_to_dm=False],sensitivity_line,False,not_met,,,"no value of the declared grid met the validation screen (candidate statuses: optimal, proven_infeasible); a grid without a solution is not a statement about the whole decision space",main_reference_plan_domain,cp_upper,,,,,False,0,5,1,0.9603,0.9634619710577212,k=0.0,minimum attainable main-event rate_upper over the declared grid (descriptive; its cost is not a comparable cost),1024,frontier_no_feasible_solution_found_no_ration,0.3056640625,0.6611328125,,,,
2,SD-SRC12,0.05,SD12MO_MAIN9,SD-12MO,MAIN9,"SD12MO_MAIN9:M1[relative,apply_to_dm=True]@alpha=0.05",M1_safety_margin,M1_safety_margin[apply_to_dm=True],entry,False,not_met,,,"no value of the declared grid met the validation screen (candidate statuses: optimal, proven_infeasible); a grid without a solution is not a statement about the whole decision space",main_reference_plan_domain,cp_upper,,,,,False,0,5,1,0.9603,0.9634619710577212,k=0.0,minimum attainable main-event rate_upper over the declared grid (descriptive; its cost is not a comparable cost),1024,frontier_no_feasible_solution_found_no_ration,0.3056640625,0.6611328125,,,,
2,SD-SRC12,0.05,SD12MO_MAIN9,SD-12MO,MAIN9,SD12MO_MAIN9:M2[N=1024]@alpha=0.05,M2_joint_chance_saa,M2_joint_chance_saa[N=1024],entry,False,not_met,,,"SAA over the N training scenarios proven infeasible for every alpha_train of the declared grid (training scenarios only; not a population, field or whole-space statement)",main_reference_plan_domain,cp_upper,,,,,False,0,4,0,,,,no scored grid candidate with a ration (not a whole-space statement),1024,frontier_no_feasible_solution_found_no_ration,0.3056640625,0.6611328125,,,,
2,SD-SRC12,0.05,SD12MO_MAIN9,SD-12MO,MAIN9,SD12MO_MAIN9:M2[N=128]@alpha=0.05,M2_joint_chance_saa,M2_joint_chance_saa[N=128],entry,False,not_met,,,"SAA over the N training scenarios proven infeasible for every alpha_train of the declared grid (training scenarios only; not a population, field or whole-space statement)",main_reference_plan_domain,cp_upper,,,,,False,0,4,0,,,,no scored grid candidate with a ration (not a whole-space statement),128,optimal,0.6484375,0.6484375,0.7368,0.7369,0.7441409234673289,"diagnostic frontier point (training scenarios only); not a method, never a member"
2,SD-SRC12,0.05,SD12MO_MAIN9,SD-12MO,MAIN9,SD12MO_MAIN9:M2[N=512]@alpha=0.05,M2_joint_chance_saa,M2_joint_chance_saa[N=512],entry,False,not_met,,,"SAA over the N training scenarios proven infeasible for every alpha_train of the declared grid (training scenarios only; not a population, field or whole-space statement)",main_reference_plan_domain,cp_upper,,,,,False,0,4,0,,,,no scored grid candidate with a ration (not a whole-space statement),512,frontier_no_feasible_solution_found_no_ration,0.517578125,0.634765625,,,,
2,SD-SRC12,0.05,SD12MO_MAIN9,SD-12MO,MAIN9,SD12MO_MAIN9:M3a[factory box]@alpha=0.05,M3a_box_robust,M3a_box_robust,entry,False,not_met,,,no value of the declared grid met the validation screen (candidate statuses: proven_infeasible); a grid without a solution is not a statement about the whole decision space,main_reference_plan_domain,cp_upper,,,,,False,0,5,0,,,,no scored grid candidate with a ration (not a whole-space statement),1024,frontier_no_feasible_solution_found_no_ration,0.3056640625,0.6611328125,,,,
2,SD-SRC12,0.05,SD12MO_MAIN9,SD-12MO,MAIN9,SD12MO_MAIN9:M3b[factory box]@alpha=0.05,M3b_budget_robust,M3b_budget_robust,entry,False,not_met,,,"no value of the declared grid met the validation screen (candidate statuses: optimal, proven_infeasible); a grid without a solution is not a statement about the whole decision space",main_reference_plan_domain,cp_upper,,,,,False,0,35,5,0.9603,0.9634619710577212,"gamma=0 {""k_box"": 1.0}",minimum attainable main-event rate_upper over the declared grid (descriptive; its cost is not a comparable cost),1024,frontier_no_feasible_solution_found_no_ration,0.3056640625,0.6611328125,,,,
2,SD-SRC12,0.05,SDH0_MAIN9,SD-H0,MAIN9,SDH0_MAIN9:M0,M0_nominal,M0_nominal,entry,True,,,optimal,,main_reference_plan_domain,cp_upper,0.9603,0.9603,0.9634619710577212,False,False,0,1,1,0.9603,0.9634619710577212,,minimum attainable main-event rate_upper over the declared grid (descriptive; its cost is not a comparable cost),1024,frontier_no_feasible_solution_found_no_ration,0.412109375,0.7705078125,,,,
2,SD-SRC12,0.05,SDH0_MAIN9,SD-H0,MAIN9,"SDH0_MAIN9:M1[relative,apply_to_dm=False]@alpha=0.05",M1_safety_margin,M1_safety_margin[apply_to_dm=False],sensitivity_line,False,not_met,,,"no value of the declared grid met the validation screen (candidate statuses: optimal, proven_infeasible); a grid without a solution is not a statement about the whole decision space",main_reference_plan_domain,cp_upper,,,,,False,0,5,1,0.9603,0.9634619710577212,k=0.0,minimum attainable main-event rate_upper over the declared grid (descriptive; its cost is not a comparable cost),1024,frontier_no_feasible_solution_found_no_ration,0.412109375,0.7705078125,,,,
2,SD-SRC12,0.05,SDH0_MAIN9,SD-H0,MAIN9,"SDH0_MAIN9:M1[relative,apply_to_dm=True]@alpha=0.05",M1_safety_margin,M1_safety_margin[apply_to_dm=True],entry,False,not_met,,,"no value of the declared grid met the validation screen (candidate statuses: optimal, proven_infeasible); a grid without a solution is not a statement about the whole decision space",main_reference_plan_domain,cp_upper,,,,,False,0,5,1,0.9603,0.9634619710577212,k=0.0,minimum attainable main-event rate_upper over the declared grid (descriptive; its cost is not a comparable cost),1024,frontier_no_feasible_solution_found_no_ration,0.412109375,0.7705078125,,,,
2,SD-SRC12,0.05,SDH0_MAIN9,SD-H0,MAIN9,SDH0_MAIN9:M2[N=1024]@alpha=0.05,M2_joint_chance_saa,M2_joint_chance_saa[N=1024],entry,False,not_met,,,"SAA over the N training scenarios proven infeasible for every alpha_train of the declared grid (training scenarios only; not a population, field or whole-space statement)",main_reference_plan_domain,cp_upper,,,,,False,0,4,0,,,,no scored grid candidate with a ration (not a whole-space statement),1024,frontier_no_feasible_solution_found_no_ration,0.412109375,0.7705078125,,,,
2,SD-SRC12,0.05,SDH0_MAIN9,SD-H0,MAIN9,SDH0_MAIN9:M2[N=128]@alpha=0.05,M2_joint_chance_saa,M2_joint_chance_saa[N=128],entry,False,not_met,,,"SAA over the N training scenarios proven infeasible for every alpha_train of the declared grid (training scenarios only; not a population, field or whole-space statement)",main_reference_plan_domain,cp_upper,,,,,False,0,4,0,,,,no scored grid candidate with a ration (not a whole-space statement),128,optimal,0.703125,0.703125,0.7049,0.7051,0.7126056753638046,"diagnostic frontier point (training scenarios only); not a method, never a member"
2,SD-SRC12,0.05,SDH0_MAIN9,SD-H0,MAIN9,SDH0_MAIN9:M2[N=512]@alpha=0.05,M2_joint_chance_saa,M2_joint_chance_saa[N=512],entry,False,not_met,,,"SAA over the N training scenarios proven infeasible for every alpha_train of the declared grid (training scenarios only; not a population, field or whole-space statement)",main_reference_plan_domain,cp_upper,,,,,False,0,4,0,,,,no scored grid candidate with a ration (not a whole-space statement),512,frontier_no_feasible_solution_found_no_ration,0.58203125,0.720703125,,,,
2,SD-SRC12,0.05,SDH0_MAIN9,SD-H0,MAIN9,SDH0_MAIN9:M3a[factory box]@alpha=0.05,M3a_box_robust,M3a_box_robust,entry,False,not_met,,,no value of the declared grid met the validation screen (candidate statuses: proven_infeasible); a grid without a solution is not a statement about the whole decision space,main_reference_plan_domain,cp_upper,,,,,False,0,5,0,,,,no scored grid candidate with a ration (not a whole-space statement),1024,frontier_no_feasible_solution_found_no_ration,0.412109375,0.7705078125,,,,
2,SD-SRC12,0.05,SDH0_MAIN9,SD-H0,MAIN9,SDH0_MAIN9:M3b[factory box]@alpha=0.05,M3b_budget_robust,M3b_budget_robust,entry,False,not_met,,,"no value of the declared grid met the validation screen (candidate statuses: optimal, proven_infeasible); a grid without a solution is not a statement about the whole decision space",main_reference_plan_domain,cp_upper,,,,,False,0,35,5,0.9603,0.9634619710577212,"gamma=0 {""k_box"": 1.0}",minimum attainable main-event rate_upper over the declared grid (descriptive; its cost is not a comparable cost),1024,frontier_no_feasible_solution_found_no_ration,0.412109375,0.7705078125,,,,
2,SD-SRC12,0.05,SDS2_MAIN9,SD-S2,MAIN9,SDS2_MAIN9:M0,M0_nominal,M0_nominal,entry,True,,,optimal,,main_reference_plan_domain,cp_upper,0.9603,0.9603,0.9634619710577212,False,False,0,1,1,0.9603,0.9634619710577212,,minimum attainable main-event rate_upper over the declared grid (descriptive; its cost is not a comparable cost),1024,frontier_no_feasible_solution_found_no_ration,0.1533203125,0.6064453125,,,,
2,SD-SRC12,0.05,SDS2_MAIN9,SD-S2,MAIN9,"SDS2_MAIN9:M1[relative,apply_to_dm=False]@alpha=0.05",M1_safety_margin,M1_safety_margin[apply_to_dm=False],sensitivity_line,False,not_met,,,"no value of the declared grid met the validation screen (candidate statuses: optimal, proven_infeasible); a grid without a solution is not a statement about the whole decision space",main_reference_plan_domain,cp_upper,,,,,False,0,5,1,0.9603,0.9634619710577212,k=0.0,minimum attainable main-event rate_upper over the declared grid (descriptive; its cost is not a comparable cost),1024,frontier_no_feasible_solution_found_no_ration,0.1533203125,0.6064453125,,,,
2,SD-SRC12,0.05,SDS2_MAIN9,SD-S2,MAIN9,"SDS2_MAIN9:M1[relative,apply_to_dm=True]@alpha=0.05",M1_safety_margin,M1_safety_margin[apply_to_dm=True],entry,False,not_met,,,"no value of the declared grid met the validation screen (candidate statuses: optimal, proven_infeasible); a grid without a solution is not a statement about the whole decision space",main_reference_plan_domain,cp_upper,,,,,False,0,5,1,0.9603,0.9634619710577212,k=0.0,minimum attainable main-event rate_upper over the declared grid (descriptive; its cost is not a comparable cost),1024,frontier_no_feasible_solution_found_no_ration,0.1533203125,0.6064453125,,,,
2,SD-SRC12,0.05,SDS2_MAIN9,SD-S2,MAIN9,SDS2_MAIN9:M2[N=1024]@alpha=0.05,M2_joint_chance_saa,M2_joint_chance_saa[N=1024],entry,False,not_met,,,"SAA over the N training scenarios proven infeasible for every alpha_train of the declared grid (training scenarios only; not a population, field or whole-space statement)",main_reference_plan_domain,cp_upper,,,,,False,0,4,0,,,,no scored grid candidate with a ration (not a whole-space statement),1024,frontier_no_feasible_solution_found_no_ration,0.1533203125,0.6064453125,,,,
2,SD-SRC12,0.05,SDS2_MAIN9,SD-S2,MAIN9,SDS2_MAIN9:M2[N=128]@alpha=0.05,M2_joint_chance_saa,M2_joint_chance_saa[N=128],entry,False,not_met,,,"SAA over the N training scenarios proven infeasible for every alpha_train of the declared grid (training scenarios only; not a population, field or whole-space statement)",main_reference_plan_domain,cp_upper,,,,,False,0,4,0,,,,no scored grid candidate with a ration (not a whole-space statement),128,optimal,0.5546875,0.5546875,0.761,0.761,0.7680080567065171,"diagnostic frontier point (training scenarios only); not a method, never a member"
2,SD-SRC12,0.05,SDS2_MAIN9,SD-S2,MAIN9,SDS2_MAIN9:M2[N=512]@alpha=0.05,M2_joint_chance_saa,M2_joint_chance_saa[N=512],entry,False,not_met,,,"SAA over the N training scenarios proven infeasible for every alpha_train of the declared grid (training scenarios only; not a population, field or whole-space statement)",main_reference_plan_domain,cp_upper,,,,,False,0,4,0,,,,no scored grid candidate with a ration (not a whole-space statement),512,frontier_no_feasible_solution_found_no_ration,0.375,0.58203125,,,,
2,SD-SRC12,0.05,SDS2_MAIN9,SD-S2,MAIN9,SDS2_MAIN9:M3a[factory box]@alpha=0.05,M3a_box_robust,M3a_box_robust,entry,False,not_met,,,no value of the declared grid met the validation screen (candidate statuses: proven_infeasible); a grid without a solution is not a statement about the whole decision space,main_reference_plan_domain,cp_upper,,,,,False,0,5,0,,,,no scored grid candidate with a ration (not a whole-space statement),1024,frontier_no_feasible_solution_found_no_ration,0.1533203125,0.6064453125,,,,
2,SD-SRC12,0.05,SDS2_MAIN9,SD-S2,MAIN9,SDS2_MAIN9:M3b[factory box]@alpha=0.05,M3b_budget_robust,M3b_budget_robust,entry,False,not_met,,,"no value of the declared grid met the validation screen (candidate statuses: optimal, proven_infeasible); a grid without a solution is not a statement about the whole decision space",main_reference_plan_domain,cp_upper,,,,,False,0,35,5,0.9603,0.9634619710577212,"gamma=0 {""k_box"": 1.0}",minimum attainable main-event rate_upper over the declared grid (descriptive; its cost is not a comparable cost),1024,frontier_no_feasible_solution_found_no_ration,0.1533203125,0.6064453125,,,,
2,SD-SRC12,0.05,SDSRC12_MAIN9,SD-SRC12,MAIN9,SDSRC12_MAIN9:M0,M0_nominal,M0_nominal,entry,True,,,optimal,,main_reference_plan_domain,cp_upper,0.9603,0.9603,0.9634619710577212,False,False,0,1,1,0.9603,0.9634619710577212,,minimum attainable main-event rate_upper over the declared grid (descriptive; its cost is not a comparable cost),1024,frontier_no_feasible_solution_found_no_ration,0.3212890625,0.75390625,,,,
2,SD-SRC12,0.05,SDSRC12_MAIN9,SD-SRC12,MAIN9,"SDSRC12_MAIN9:M1[relative,apply_to_dm=False]@alpha=0.05",M1_safety_margin,M1_safety_margin[apply_to_dm=False],sensitivity_line,False,not_met,,,"no value of the declared grid met the validation screen (candidate statuses: optimal, proven_infeasible); a grid without a solution is not a statement about the whole decision space",main_reference_plan_domain,cp_upper,,,,,False,0,5,1,0.9603,0.9634619710577212,k=0.0,minimum attainable main-event rate_upper over the declared grid (descriptive; its cost is not a comparable cost),1024,frontier_no_feasible_solution_found_no_ration,0.3212890625,0.75390625,,,,
2,SD-SRC12,0.05,SDSRC12_MAIN9,SD-SRC12,MAIN9,"SDSRC12_MAIN9:M1[relative,apply_to_dm=True]@alpha=0.05",M1_safety_margin,M1_safety_margin[apply_to_dm=True],entry,False,not_met,,,"no value of the declared grid met the validation screen (candidate statuses: optimal, proven_infeasible); a grid without a solution is not a statement about the whole decision space",main_reference_plan_domain,cp_upper,,,,,False,0,5,1,0.9603,0.9634619710577212,k=0.0,minimum attainable main-event rate_upper over the declared grid (descriptive; its cost is not a comparable cost),1024,frontier_no_feasible_solution_found_no_ration,0.3212890625,0.75390625,,,,
2,SD-SRC12,0.05,SDSRC12_MAIN9,SD-SRC12,MAIN9,SDSRC12_MAIN9:M2[N=1024]@alpha=0.05,M2_joint_chance_saa,M2_joint_chance_saa[N=1024],entry,False,not_met,,,"SAA over the N training scenarios proven infeasible for every alpha_train of the declared grid (training scenarios only; not a population, field or whole-space statement)",main_reference_plan_domain,cp_upper,,,,,False,0,4,0,,,,no scored grid candidate with a ration (not a whole-space statement),1024,frontier_no_feasible_solution_found_no_ration,0.3212890625,0.75390625,,,,
2,SD-SRC12,0.05,SDSRC12_MAIN9,SD-SRC12,MAIN9,SDSRC12_MAIN9:M2[N=128]@alpha=0.05,M2_joint_chance_saa,M2_joint_chance_saa[N=128],entry,False,not_met,,,"SAA over the N training scenarios proven infeasible for every alpha_train of the declared grid (training scenarios only; not a population, field or whole-space statement)",main_reference_plan_domain,cp_upper,,,,,False,0,4,0,,,,no scored grid candidate with a ration (not a whole-space statement),128,optimal,0.703125,0.703125,0.683,0.6832,0.6908622046863465,"diagnostic frontier point (training scenarios only); not a method, never a member"
2,SD-SRC12,0.05,SDSRC12_MAIN9,SD-SRC12,MAIN9,SDSRC12_MAIN9:M2[N=512]@alpha=0.05,M2_joint_chance_saa,M2_joint_chance_saa[N=512],entry,False,not_met,,,"SAA over the N training scenarios proven infeasible for every alpha_train of the declared grid (training scenarios only; not a population, field or whole-space statement)",main_reference_plan_domain,cp_upper,,,,,False,0,4,0,,,,no scored grid candidate with a ration (not a whole-space statement),512,frontier_no_feasible_solution_found_no_ration,0.54296875,0.732421875,,,,
2,SD-SRC12,0.05,SDSRC12_MAIN9,SD-SRC12,MAIN9,SDSRC12_MAIN9:M3a[factory box]@alpha=0.05,M3a_box_robust,M3a_box_robust,entry,False,not_met,,,no value of the declared grid met the validation screen (candidate statuses: proven_infeasible); a grid without a solution is not a statement about the whole decision space,main_reference_plan_domain,cp_upper,,,,,False,0,5,0,,,,no scored grid candidate with a ration (not a whole-space statement),1024,frontier_no_feasible_solution_found_no_ration,0.3212890625,0.75390625,,,,
2,SD-SRC12,0.05,SDSRC12_MAIN9,SD-SRC12,MAIN9,SDSRC12_MAIN9:M3b[factory box]@alpha=0.05,M3b_budget_robust,M3b_budget_robust,entry,False,not_met,,,"no value of the declared grid met the validation screen (candidate statuses: optimal, proven_infeasible); a grid without a solution is not a statement about the whole decision space",main_reference_plan_domain,cp_upper,,,,,False,0,35,5,0.9603,0.9634619710577212,"gamma=0 {""k_box"": 1.0}",minimum attainable main-event rate_upper over the declared grid (descriptive; its cost is not a comparable cost),1024,frontier_no_feasible_solution_found_no_ration,0.3212890625,0.75390625,,,,
2,SD-SRC12,0.05,SDSRC14_MAIN9,SD-SRC14,MAIN9,SDSRC14_MAIN9:M0,M0_nominal,M0_nominal,entry,True,,,optimal,,main_reference_plan_domain,cp_upper,0.9603,0.9603,0.9634619710577212,False,False,0,1,1,0.9603,0.9634619710577212,,minimum attainable main-event rate_upper over the declared grid (descriptive; its cost is not a comparable cost),1024,frontier_no_feasible_solution_found_no_ration,0.1533203125,0.693359375,,,,
2,SD-SRC12,0.05,SDSRC14_MAIN9,SD-SRC14,MAIN9,"SDSRC14_MAIN9:M1[relative,apply_to_dm=False]@alpha=0.05",M1_safety_margin,M1_safety_margin[apply_to_dm=False],sensitivity_line,False,not_met,,,"no value of the declared grid met the validation screen (candidate statuses: optimal, proven_infeasible); a grid without a solution is not a statement about the whole decision space",main_reference_plan_domain,cp_upper,,,,,False,0,5,1,0.9603,0.9634619710577212,k=0.0,minimum attainable main-event rate_upper over the declared grid (descriptive; its cost is not a comparable cost),1024,frontier_no_feasible_solution_found_no_ration,0.1533203125,0.693359375,,,,
2,SD-SRC12,0.05,SDSRC14_MAIN9,SD-SRC14,MAIN9,"SDSRC14_MAIN9:M1[relative,apply_to_dm=True]@alpha=0.05",M1_safety_margin,M1_safety_margin[apply_to_dm=True],entry,False,not_met,,,"no value of the declared grid met the validation screen (candidate statuses: optimal, proven_infeasible); a grid without a solution is not a statement about the whole decision space",main_reference_plan_domain,cp_upper,,,,,False,0,5,1,0.9603,0.9634619710577212,k=0.0,minimum attainable main-event rate_upper over the declared grid (descriptive; its cost is not a comparable cost),1024,frontier_no_feasible_solution_found_no_ration,0.1533203125,0.693359375,,,,
2,SD-SRC12,0.05,SDSRC14_MAIN9,SD-SRC14,MAIN9,SDSRC14_MAIN9:M2[N=1024]@alpha=0.05,M2_joint_chance_saa,M2_joint_chance_saa[N=1024],entry,False,not_met,,,"SAA over the N training scenarios proven infeasible for every alpha_train of the declared grid (training scenarios only; not a population, field or whole-space statement)",main_reference_plan_domain,cp_upper,,,,,False,0,4,0,,,,no scored grid candidate with a ration (not a whole-space statement),1024,frontier_no_feasible_solution_found_no_ration,0.1533203125,0.693359375,,,,
2,SD-SRC12,0.05,SDSRC14_MAIN9,SD-SRC14,MAIN9,SDSRC14_MAIN9:M2[N=128]@alpha=0.05,M2_joint_chance_saa,M2_joint_chance_saa[N=128],entry,False,not_met,,,"SAA over the N training scenarios proven infeasible for every alpha_train of the declared grid (training scenarios only; not a population, field or whole-space statement)",main_reference_plan_domain,cp_upper,,,,,False,0,4,0,,,,no scored grid candidate with a ration (not a whole-space statement),128,optimal,0.6328125,0.6328125,0.6899,0.6901,0.6977150550113757,"diagnostic frontier point (training scenarios only); not a method, never a member"
2,SD-SRC12,0.05,SDSRC14_MAIN9,SD-SRC14,MAIN9,SDSRC14_MAIN9:M2[N=512]@alpha=0.05,M2_joint_chance_saa,M2_joint_chance_saa[N=512],entry,False,not_met,,,"SAA over the N training scenarios proven infeasible for every alpha_train of the declared grid (training scenarios only; not a population, field or whole-space statement)",main_reference_plan_domain,cp_upper,,,,,False,0,4,0,,,,no scored grid candidate with a ration (not a whole-space statement),512,frontier_no_feasible_solution_found_no_ration,0.44921875,0.66015625,,,,
2,SD-SRC12,0.05,SDSRC14_MAIN9,SD-SRC14,MAIN9,SDSRC14_MAIN9:M3a[factory box]@alpha=0.05,M3a_box_robust,M3a_box_robust,entry,False,not_met,,,no value of the declared grid met the validation screen (candidate statuses: proven_infeasible); a grid without a solution is not a statement about the whole decision space,main_reference_plan_domain,cp_upper,,,,,False,0,5,0,,,,no scored grid candidate with a ration (not a whole-space statement),1024,frontier_no_feasible_solution_found_no_ration,0.1533203125,0.693359375,,,,
2,SD-SRC12,0.05,SDSRC14_MAIN9,SD-SRC14,MAIN9,SDSRC14_MAIN9:M3b[factory box]@alpha=0.05,M3b_budget_robust,M3b_budget_robust,entry,False,not_met,,,"no value of the declared grid met the validation screen (candidate statuses: optimal, proven_infeasible); a grid without a solution is not a statement about the whole decision space",main_reference_plan_domain,cp_upper,,,,,False,0,35,5,0.9603,0.9634619710577212,"gamma=0 {""k_box"": 1.0}",minimum attainable main-event rate_upper over the declared grid (descriptive; its cost is not a comparable cost),1024,frontier_no_feasible_solution_found_no_ration,0.1533203125,0.693359375,,,,
2,SD-SRC12,0.1,SD12MO_MAIN9,SD-12MO,MAIN9,SD12MO_MAIN9:M0,M0_nominal,M0_nominal,entry,True,,,optimal,,main_reference_plan_domain,cp_upper,0.9603,0.9603,0.9634619710577212,False,False,0,1,1,0.9603,0.9634619710577212,,minimum attainable main-event rate_upper over the declared grid (descriptive; its cost is not a comparable cost),1024,frontier_no_feasible_solution_found_no_ration,0.3056640625,0.6611328125,,,,
2,SD-SRC12,0.1,SD12MO_MAIN9,SD-12MO,MAIN9,"SD12MO_MAIN9:M1[relative,apply_to_dm=False]@alpha=0.1",M1_safety_margin,M1_safety_margin[apply_to_dm=False],sensitivity_line,False,not_met,,,"no value of the declared grid met the validation screen (candidate statuses: optimal, proven_infeasible); a grid without a solution is not a statement about the whole decision space",main_reference_plan_domain,cp_upper,,,,,False,0,5,1,0.9603,0.9634619710577212,k=0.0,minimum attainable main-event rate_upper over the declared grid (descriptive; its cost is not a comparable cost),1024,frontier_no_feasible_solution_found_no_ration,0.3056640625,0.6611328125,,,,
2,SD-SRC12,0.1,SD12MO_MAIN9,SD-12MO,MAIN9,"SD12MO_MAIN9:M1[relative,apply_to_dm=True]@alpha=0.1",M1_safety_margin,M1_safety_margin[apply_to_dm=True],entry,False,not_met,,,"no value of the declared grid met the validation screen (candidate statuses: optimal, proven_infeasible); a grid without a solution is not a statement about the whole decision space",main_reference_plan_domain,cp_upper,,,,,False,0,5,1,0.9603,0.9634619710577212,k=0.0,minimum attainable main-event rate_upper over the declared grid (descriptive; its cost is not a comparable cost),1024,frontier_no_feasible_solution_found_no_ration,0.3056640625,0.6611328125,,,,
2,SD-SRC12,0.1,SD12MO_MAIN9,SD-12MO,MAIN9,SD12MO_MAIN9:M2[N=1024]@alpha=0.1,M2_joint_chance_saa,M2_joint_chance_saa[N=1024],entry,False,not_met,,,"SAA over the N training scenarios proven infeasible for every alpha_train of the declared grid (training scenarios only; not a population, field or whole-space statement)",main_reference_plan_domain,cp_upper,,,,,False,0,4,0,,,,no scored grid candidate with a ration (not a whole-space statement),1024,frontier_no_feasible_solution_found_no_ration,0.3056640625,0.6611328125,,,,
2,SD-SRC12,0.1,SD12MO_MAIN9,SD-12MO,MAIN9,SD12MO_MAIN9:M2[N=128]@alpha=0.1,M2_joint_chance_saa,M2_joint_chance_saa[N=128],entry,False,not_met,,,"SAA over the N training scenarios proven infeasible for every alpha_train of the declared grid (training scenarios only; not a population, field or whole-space statement)",main_reference_plan_domain,cp_upper,,,,,False,0,4,0,,,,no scored grid candidate with a ration (not a whole-space statement),128,optimal,0.6484375,0.6484375,0.7368,0.7369,0.7441409234673289,"diagnostic frontier point (training scenarios only); not a method, never a member"
2,SD-SRC12,0.1,SD12MO_MAIN9,SD-12MO,MAIN9,SD12MO_MAIN9:M2[N=512]@alpha=0.1,M2_joint_chance_saa,M2_joint_chance_saa[N=512],entry,False,not_met,,,"SAA over the N training scenarios proven infeasible for every alpha_train of the declared grid (training scenarios only; not a population, field or whole-space statement)",main_reference_plan_domain,cp_upper,,,,,False,0,4,0,,,,no scored grid candidate with a ration (not a whole-space statement),512,frontier_no_feasible_solution_found_no_ration,0.517578125,0.634765625,,,,
2,SD-SRC12,0.1,SD12MO_MAIN9,SD-12MO,MAIN9,SD12MO_MAIN9:M3a[factory box]@alpha=0.1,M3a_box_robust,M3a_box_robust,entry,False,not_met,,,no value of the declared grid met the validation screen (candidate statuses: proven_infeasible); a grid without a solution is not a statement about the whole decision space,main_reference_plan_domain,cp_upper,,,,,False,0,5,0,,,,no scored grid candidate with a ration (not a whole-space statement),1024,frontier_no_feasible_solution_found_no_ration,0.3056640625,0.6611328125,,,,
2,SD-SRC12,0.1,SD12MO_MAIN9,SD-12MO,MAIN9,SD12MO_MAIN9:M3b[factory box]@alpha=0.1,M3b_budget_robust,M3b_budget_robust,entry,False,not_met,,,"no value of the declared grid met the validation screen (candidate statuses: optimal, proven_infeasible); a grid without a solution is not a statement about the whole decision space",main_reference_plan_domain,cp_upper,,,,,False,0,35,5,0.9603,0.9634619710577212,"gamma=0 {""k_box"": 1.0}",minimum attainable main-event rate_upper over the declared grid (descriptive; its cost is not a comparable cost),1024,frontier_no_feasible_solution_found_no_ration,0.3056640625,0.6611328125,,,,
2,SD-SRC12,0.1,SDH0_MAIN9,SD-H0,MAIN9,SDH0_MAIN9:M0,M0_nominal,M0_nominal,entry,True,,,optimal,,main_reference_plan_domain,cp_upper,0.9603,0.9603,0.9634619710577212,False,False,0,1,1,0.9603,0.9634619710577212,,minimum attainable main-event rate_upper over the declared grid (descriptive; its cost is not a comparable cost),1024,frontier_no_feasible_solution_found_no_ration,0.412109375,0.7705078125,,,,
2,SD-SRC12,0.1,SDH0_MAIN9,SD-H0,MAIN9,"SDH0_MAIN9:M1[relative,apply_to_dm=False]@alpha=0.1",M1_safety_margin,M1_safety_margin[apply_to_dm=False],sensitivity_line,False,not_met,,,"no value of the declared grid met the validation screen (candidate statuses: optimal, proven_infeasible); a grid without a solution is not a statement about the whole decision space",main_reference_plan_domain,cp_upper,,,,,False,0,5,1,0.9603,0.9634619710577212,k=0.0,minimum attainable main-event rate_upper over the declared grid (descriptive; its cost is not a comparable cost),1024,frontier_no_feasible_solution_found_no_ration,0.412109375,0.7705078125,,,,
2,SD-SRC12,0.1,SDH0_MAIN9,SD-H0,MAIN9,"SDH0_MAIN9:M1[relative,apply_to_dm=True]@alpha=0.1",M1_safety_margin,M1_safety_margin[apply_to_dm=True],entry,False,not_met,,,"no value of the declared grid met the validation screen (candidate statuses: optimal, proven_infeasible); a grid without a solution is not a statement about the whole decision space",main_reference_plan_domain,cp_upper,,,,,False,0,5,1,0.9603,0.9634619710577212,k=0.0,minimum attainable main-event rate_upper over the declared grid (descriptive; its cost is not a comparable cost),1024,frontier_no_feasible_solution_found_no_ration,0.412109375,0.7705078125,,,,
2,SD-SRC12,0.1,SDH0_MAIN9,SD-H0,MAIN9,SDH0_MAIN9:M2[N=1024]@alpha=0.1,M2_joint_chance_saa,M2_joint_chance_saa[N=1024],entry,False,not_met,,,"SAA over the N training scenarios proven infeasible for every alpha_train of the declared grid (training scenarios only; not a population, field or whole-space statement)",main_reference_plan_domain,cp_upper,,,,,False,0,4,0,,,,no scored grid candidate with a ration (not a whole-space statement),1024,frontier_no_feasible_solution_found_no_ration,0.412109375,0.7705078125,,,,
2,SD-SRC12,0.1,SDH0_MAIN9,SD-H0,MAIN9,SDH0_MAIN9:M2[N=128]@alpha=0.1,M2_joint_chance_saa,M2_joint_chance_saa[N=128],entry,False,not_met,,,"SAA over the N training scenarios proven infeasible for every alpha_train of the declared grid (training scenarios only; not a population, field or whole-space statement)",main_reference_plan_domain,cp_upper,,,,,False,0,4,0,,,,no scored grid candidate with a ration (not a whole-space statement),128,optimal,0.703125,0.703125,0.7049,0.7051,0.7126056753638046,"diagnostic frontier point (training scenarios only); not a method, never a member"
2,SD-SRC12,0.1,SDH0_MAIN9,SD-H0,MAIN9,SDH0_MAIN9:M2[N=512]@alpha=0.1,M2_joint_chance_saa,M2_joint_chance_saa[N=512],entry,False,not_met,,,"SAA over the N training scenarios proven infeasible for every alpha_train of the declared grid (training scenarios only; not a population, field or whole-space statement)",main_reference_plan_domain,cp_upper,,,,,False,0,4,0,,,,no scored grid candidate with a ration (not a whole-space statement),512,frontier_no_feasible_solution_found_no_ration,0.58203125,0.720703125,,,,
2,SD-SRC12,0.1,SDH0_MAIN9,SD-H0,MAIN9,SDH0_MAIN9:M3a[factory box]@alpha=0.1,M3a_box_robust,M3a_box_robust,entry,False,not_met,,,no value of the declared grid met the validation screen (candidate statuses: proven_infeasible); a grid without a solution is not a statement about the whole decision space,main_reference_plan_domain,cp_upper,,,,,False,0,5,0,,,,no scored grid candidate with a ration (not a whole-space statement),1024,frontier_no_feasible_solution_found_no_ration,0.412109375,0.7705078125,,,,
2,SD-SRC12,0.1,SDH0_MAIN9,SD-H0,MAIN9,SDH0_MAIN9:M3b[factory box]@alpha=0.1,M3b_budget_robust,M3b_budget_robust,entry,False,not_met,,,"no value of the declared grid met the validation screen (candidate statuses: optimal, proven_infeasible); a grid without a solution is not a statement about the whole decision space",main_reference_plan_domain,cp_upper,,,,,False,0,35,5,0.9603,0.9634619710577212,"gamma=0 {""k_box"": 1.0}",minimum attainable main-event rate_upper over the declared grid (descriptive; its cost is not a comparable cost),1024,frontier_no_feasible_solution_found_no_ration,0.412109375,0.7705078125,,,,
2,SD-SRC12,0.1,SDS2_MAIN9,SD-S2,MAIN9,SDS2_MAIN9:M0,M0_nominal,M0_nominal,entry,True,,,optimal,,main_reference_plan_domain,cp_upper,0.9603,0.9603,0.9634619710577212,False,False,0,1,1,0.9603,0.9634619710577212,,minimum attainable main-event rate_upper over the declared grid (descriptive; its cost is not a comparable cost),1024,frontier_no_feasible_solution_found_no_ration,0.1533203125,0.6064453125,,,,
2,SD-SRC12,0.1,SDS2_MAIN9,SD-S2,MAIN9,"SDS2_MAIN9:M1[relative,apply_to_dm=False]@alpha=0.1",M1_safety_margin,M1_safety_margin[apply_to_dm=False],sensitivity_line,False,not_met,,,"no value of the declared grid met the validation screen (candidate statuses: optimal, proven_infeasible); a grid without a solution is not a statement about the whole decision space",main_reference_plan_domain,cp_upper,,,,,False,0,5,1,0.9603,0.9634619710577212,k=0.0,minimum attainable main-event rate_upper over the declared grid (descriptive; its cost is not a comparable cost),1024,frontier_no_feasible_solution_found_no_ration,0.1533203125,0.6064453125,,,,
2,SD-SRC12,0.1,SDS2_MAIN9,SD-S2,MAIN9,"SDS2_MAIN9:M1[relative,apply_to_dm=True]@alpha=0.1",M1_safety_margin,M1_safety_margin[apply_to_dm=True],entry,False,not_met,,,"no value of the declared grid met the validation screen (candidate statuses: optimal, proven_infeasible); a grid without a solution is not a statement about the whole decision space",main_reference_plan_domain,cp_upper,,,,,False,0,5,1,0.9603,0.9634619710577212,k=0.0,minimum attainable main-event rate_upper over the declared grid (descriptive; its cost is not a comparable cost),1024,frontier_no_feasible_solution_found_no_ration,0.1533203125,0.6064453125,,,,
2,SD-SRC12,0.1,SDS2_MAIN9,SD-S2,MAIN9,SDS2_MAIN9:M2[N=1024]@alpha=0.1,M2_joint_chance_saa,M2_joint_chance_saa[N=1024],entry,False,not_met,,,"SAA over the N training scenarios proven infeasible for every alpha_train of the declared grid (training scenarios only; not a population, field or whole-space statement)",main_reference_plan_domain,cp_upper,,,,,False,0,4,0,,,,no scored grid candidate with a ration (not a whole-space statement),1024,frontier_no_feasible_solution_found_no_ration,0.1533203125,0.6064453125,,,,
2,SD-SRC12,0.1,SDS2_MAIN9,SD-S2,MAIN9,SDS2_MAIN9:M2[N=128]@alpha=0.1,M2_joint_chance_saa,M2_joint_chance_saa[N=128],entry,False,not_met,,,"SAA over the N training scenarios proven infeasible for every alpha_train of the declared grid (training scenarios only; not a population, field or whole-space statement)",main_reference_plan_domain,cp_upper,,,,,False,0,4,0,,,,no scored grid candidate with a ration (not a whole-space statement),128,optimal,0.5546875,0.5546875,0.761,0.761,0.7680080567065171,"diagnostic frontier point (training scenarios only); not a method, never a member"
2,SD-SRC12,0.1,SDS2_MAIN9,SD-S2,MAIN9,SDS2_MAIN9:M2[N=512]@alpha=0.1,M2_joint_chance_saa,M2_joint_chance_saa[N=512],entry,False,not_met,,,"SAA over the N training scenarios proven infeasible for every alpha_train of the declared grid (training scenarios only; not a population, field or whole-space statement)",main_reference_plan_domain,cp_upper,,,,,False,0,4,0,,,,no scored grid candidate with a ration (not a whole-space statement),512,frontier_no_feasible_solution_found_no_ration,0.375,0.58203125,,,,
2,SD-SRC12,0.1,SDS2_MAIN9,SD-S2,MAIN9,SDS2_MAIN9:M3a[factory box]@alpha=0.1,M3a_box_robust,M3a_box_robust,entry,False,not_met,,,no value of the declared grid met the validation screen (candidate statuses: proven_infeasible); a grid without a solution is not a statement about the whole decision space,main_reference_plan_domain,cp_upper,,,,,False,0,5,0,,,,no scored grid candidate with a ration (not a whole-space statement),1024,frontier_no_feasible_solution_found_no_ration,0.1533203125,0.6064453125,,,,
2,SD-SRC12,0.1,SDS2_MAIN9,SD-S2,MAIN9,SDS2_MAIN9:M3b[factory box]@alpha=0.1,M3b_budget_robust,M3b_budget_robust,entry,False,not_met,,,"no value of the declared grid met the validation screen (candidate statuses: optimal, proven_infeasible); a grid without a solution is not a statement about the whole decision space",main_reference_plan_domain,cp_upper,,,,,False,0,35,5,0.9603,0.9634619710577212,"gamma=0 {""k_box"": 1.0}",minimum attainable main-event rate_upper over the declared grid (descriptive; its cost is not a comparable cost),1024,frontier_no_feasible_solution_found_no_ration,0.1533203125,0.6064453125,,,,
2,SD-SRC12,0.1,SDSRC12_MAIN9,SD-SRC12,MAIN9,SDSRC12_MAIN9:M0,M0_nominal,M0_nominal,entry,True,,,optimal,,main_reference_plan_domain,cp_upper,0.9603,0.9603,0.9634619710577212,False,False,0,1,1,0.9603,0.9634619710577212,,minimum attainable main-event rate_upper over the declared grid (descriptive; its cost is not a comparable cost),1024,frontier_no_feasible_solution_found_no_ration,0.3212890625,0.75390625,,,,
2,SD-SRC12,0.1,SDSRC12_MAIN9,SD-SRC12,MAIN9,"SDSRC12_MAIN9:M1[relative,apply_to_dm=False]@alpha=0.1",M1_safety_margin,M1_safety_margin[apply_to_dm=False],sensitivity_line,False,not_met,,,"no value of the declared grid met the validation screen (candidate statuses: optimal, proven_infeasible); a grid without a solution is not a statement about the whole decision space",main_reference_plan_domain,cp_upper,,,,,False,0,5,1,0.9603,0.9634619710577212,k=0.0,minimum attainable main-event rate_upper over the declared grid (descriptive; its cost is not a comparable cost),1024,frontier_no_feasible_solution_found_no_ration,0.3212890625,0.75390625,,,,
2,SD-SRC12,0.1,SDSRC12_MAIN9,SD-SRC12,MAIN9,"SDSRC12_MAIN9:M1[relative,apply_to_dm=True]@alpha=0.1",M1_safety_margin,M1_safety_margin[apply_to_dm=True],entry,False,not_met,,,"no value of the declared grid met the validation screen (candidate statuses: optimal, proven_infeasible); a grid without a solution is not a statement about the whole decision space",main_reference_plan_domain,cp_upper,,,,,False,0,5,1,0.9603,0.9634619710577212,k=0.0,minimum attainable main-event rate_upper over the declared grid (descriptive; its cost is not a comparable cost),1024,frontier_no_feasible_solution_found_no_ration,0.3212890625,0.75390625,,,,
2,SD-SRC12,0.1,SDSRC12_MAIN9,SD-SRC12,MAIN9,SDSRC12_MAIN9:M2[N=1024]@alpha=0.1,M2_joint_chance_saa,M2_joint_chance_saa[N=1024],entry,False,not_met,,,"SAA over the N training scenarios proven infeasible for every alpha_train of the declared grid (training scenarios only; not a population, field or whole-space statement)",main_reference_plan_domain,cp_upper,,,,,False,0,4,0,,,,no scored grid candidate with a ration (not a whole-space statement),1024,frontier_no_feasible_solution_found_no_ration,0.3212890625,0.75390625,,,,
2,SD-SRC12,0.1,SDSRC12_MAIN9,SD-SRC12,MAIN9,SDSRC12_MAIN9:M2[N=128]@alpha=0.1,M2_joint_chance_saa,M2_joint_chance_saa[N=128],entry,False,not_met,,,"SAA over the N training scenarios proven infeasible for every alpha_train of the declared grid (training scenarios only; not a population, field or whole-space statement)",main_reference_plan_domain,cp_upper,,,,,False,0,4,0,,,,no scored grid candidate with a ration (not a whole-space statement),128,optimal,0.703125,0.703125,0.683,0.6832,0.6908622046863465,"diagnostic frontier point (training scenarios only); not a method, never a member"
2,SD-SRC12,0.1,SDSRC12_MAIN9,SD-SRC12,MAIN9,SDSRC12_MAIN9:M2[N=512]@alpha=0.1,M2_joint_chance_saa,M2_joint_chance_saa[N=512],entry,False,not_met,,,"SAA over the N training scenarios proven infeasible for every alpha_train of the declared grid (training scenarios only; not a population, field or whole-space statement)",main_reference_plan_domain,cp_upper,,,,,False,0,4,0,,,,no scored grid candidate with a ration (not a whole-space statement),512,frontier_no_feasible_solution_found_no_ration,0.54296875,0.732421875,,,,
2,SD-SRC12,0.1,SDSRC12_MAIN9,SD-SRC12,MAIN9,SDSRC12_MAIN9:M3a[factory box]@alpha=0.1,M3a_box_robust,M3a_box_robust,entry,False,not_met,,,no value of the declared grid met the validation screen (candidate statuses: proven_infeasible); a grid without a solution is not a statement about the whole decision space,main_reference_plan_domain,cp_upper,,,,,False,0,5,0,,,,no scored grid candidate with a ration (not a whole-space statement),1024,frontier_no_feasible_solution_found_no_ration,0.3212890625,0.75390625,,,,
2,SD-SRC12,0.1,SDSRC12_MAIN9,SD-SRC12,MAIN9,SDSRC12_MAIN9:M3b[factory box]@alpha=0.1,M3b_budget_robust,M3b_budget_robust,entry,False,not_met,,,"no value of the declared grid met the validation screen (candidate statuses: optimal, proven_infeasible); a grid without a solution is not a statement about the whole decision space",main_reference_plan_domain,cp_upper,,,,,False,0,35,5,0.9603,0.9634619710577212,"gamma=0 {""k_box"": 1.0}",minimum attainable main-event rate_upper over the declared grid (descriptive; its cost is not a comparable cost),1024,frontier_no_feasible_solution_found_no_ration,0.3212890625,0.75390625,,,,
2,SD-SRC12,0.1,SDSRC14_MAIN9,SD-SRC14,MAIN9,SDSRC14_MAIN9:M0,M0_nominal,M0_nominal,entry,True,,,optimal,,main_reference_plan_domain,cp_upper,0.9603,0.9603,0.9634619710577212,False,False,0,1,1,0.9603,0.9634619710577212,,minimum attainable main-event rate_upper over the declared grid (descriptive; its cost is not a comparable cost),1024,frontier_no_feasible_solution_found_no_ration,0.1533203125,0.693359375,,,,
2,SD-SRC12,0.1,SDSRC14_MAIN9,SD-SRC14,MAIN9,"SDSRC14_MAIN9:M1[relative,apply_to_dm=False]@alpha=0.1",M1_safety_margin,M1_safety_margin[apply_to_dm=False],sensitivity_line,False,not_met,,,"no value of the declared grid met the validation screen (candidate statuses: optimal, proven_infeasible); a grid without a solution is not a statement about the whole decision space",main_reference_plan_domain,cp_upper,,,,,False,0,5,1,0.9603,0.9634619710577212,k=0.0,minimum attainable main-event rate_upper over the declared grid (descriptive; its cost is not a comparable cost),1024,frontier_no_feasible_solution_found_no_ration,0.1533203125,0.693359375,,,,
2,SD-SRC12,0.1,SDSRC14_MAIN9,SD-SRC14,MAIN9,"SDSRC14_MAIN9:M1[relative,apply_to_dm=True]@alpha=0.1",M1_safety_margin,M1_safety_margin[apply_to_dm=True],entry,False,not_met,,,"no value of the declared grid met the validation screen (candidate statuses: optimal, proven_infeasible); a grid without a solution is not a statement about the whole decision space",main_reference_plan_domain,cp_upper,,,,,False,0,5,1,0.9603,0.9634619710577212,k=0.0,minimum attainable main-event rate_upper over the declared grid (descriptive; its cost is not a comparable cost),1024,frontier_no_feasible_solution_found_no_ration,0.1533203125,0.693359375,,,,
2,SD-SRC12,0.1,SDSRC14_MAIN9,SD-SRC14,MAIN9,SDSRC14_MAIN9:M2[N=1024]@alpha=0.1,M2_joint_chance_saa,M2_joint_chance_saa[N=1024],entry,False,not_met,,,"SAA over the N training scenarios proven infeasible for every alpha_train of the declared grid (training scenarios only; not a population, field or whole-space statement)",main_reference_plan_domain,cp_upper,,,,,False,0,4,0,,,,no scored grid candidate with a ration (not a whole-space statement),1024,frontier_no_feasible_solution_found_no_ration,0.1533203125,0.693359375,,,,
2,SD-SRC12,0.1,SDSRC14_MAIN9,SD-SRC14,MAIN9,SDSRC14_MAIN9:M2[N=128]@alpha=0.1,M2_joint_chance_saa,M2_joint_chance_saa[N=128],entry,False,not_met,,,"SAA over the N training scenarios proven infeasible for every alpha_train of the declared grid (training scenarios only; not a population, field or whole-space statement)",main_reference_plan_domain,cp_upper,,,,,False,0,4,0,,,,no scored grid candidate with a ration (not a whole-space statement),128,optimal,0.6328125,0.6328125,0.6899,0.6901,0.6977150550113757,"diagnostic frontier point (training scenarios only); not a method, never a member"
2,SD-SRC12,0.1,SDSRC14_MAIN9,SD-SRC14,MAIN9,SDSRC14_MAIN9:M2[N=512]@alpha=0.1,M2_joint_chance_saa,M2_joint_chance_saa[N=512],entry,False,not_met,,,"SAA over the N training scenarios proven infeasible for every alpha_train of the declared grid (training scenarios only; not a population, field or whole-space statement)",main_reference_plan_domain,cp_upper,,,,,False,0,4,0,,,,no scored grid candidate with a ration (not a whole-space statement),512,frontier_no_feasible_solution_found_no_ration,0.44921875,0.66015625,,,,
2,SD-SRC12,0.1,SDSRC14_MAIN9,SD-SRC14,MAIN9,SDSRC14_MAIN9:M3a[factory box]@alpha=0.1,M3a_box_robust,M3a_box_robust,entry,False,not_met,,,no value of the declared grid met the validation screen (candidate statuses: proven_infeasible); a grid without a solution is not a statement about the whole decision space,main_reference_plan_domain,cp_upper,,,,,False,0,5,0,,,,no scored grid candidate with a ration (not a whole-space statement),1024,frontier_no_feasible_solution_found_no_ration,0.1533203125,0.693359375,,,,
2,SD-SRC12,0.1,SDSRC14_MAIN9,SD-SRC14,MAIN9,SDSRC14_MAIN9:M3b[factory box]@alpha=0.1,M3b_budget_robust,M3b_budget_robust,entry,False,not_met,,,"no value of the declared grid met the validation screen (candidate statuses: optimal, proven_infeasible); a grid without a solution is not a statement about the whole decision space",main_reference_plan_domain,cp_upper,,,,,False,0,35,5,0.9603,0.9634619710577212,"gamma=0 {""k_box"": 1.0}",minimum attainable main-event rate_upper over the declared grid (descriptive; its cost is not a comparable cost),1024,frontier_no_feasible_solution_found_no_ration,0.1533203125,0.693359375,,,,
2,SD-SRC12,0.01,SD12MO_MAIN9,SD-12MO,MAIN9,SD12MO_MAIN9:M0,M0_nominal,M0_nominal,entry,True,,,optimal,,main_reference_plan_domain,cp_upper,0.9603,0.9603,0.9634619710577212,False,False,0,1,1,0.9603,0.9634619710577212,,minimum attainable main-event rate_upper over the declared grid (descriptive; its cost is not a comparable cost),1024,frontier_no_feasible_solution_found_no_ration,0.3056640625,0.6611328125,,,,
2,SD-SRC12,0.01,SD12MO_MAIN9,SD-12MO,MAIN9,"SD12MO_MAIN9:M1[relative,apply_to_dm=False]@alpha=0.01",M1_safety_margin,M1_safety_margin[apply_to_dm=False],sensitivity_line,False,not_met,,,"no value of the declared grid met the validation screen (candidate statuses: optimal, proven_infeasible); a grid without a solution is not a statement about the whole decision space",main_reference_plan_domain,cp_upper,,,,,False,0,5,1,0.9603,0.9634619710577212,k=0.0,minimum attainable main-event rate_upper over the declared grid (descriptive; its cost is not a comparable cost),1024,frontier_no_feasible_solution_found_no_ration,0.3056640625,0.6611328125,,,,
2,SD-SRC12,0.01,SD12MO_MAIN9,SD-12MO,MAIN9,"SD12MO_MAIN9:M1[relative,apply_to_dm=True]@alpha=0.01",M1_safety_margin,M1_safety_margin[apply_to_dm=True],entry,False,not_met,,,"no value of the declared grid met the validation screen (candidate statuses: optimal, proven_infeasible); a grid without a solution is not a statement about the whole decision space",main_reference_plan_domain,cp_upper,,,,,False,0,5,1,0.9603,0.9634619710577212,k=0.0,minimum attainable main-event rate_upper over the declared grid (descriptive; its cost is not a comparable cost),1024,frontier_no_feasible_solution_found_no_ration,0.3056640625,0.6611328125,,,,
2,SD-SRC12,0.01,SD12MO_MAIN9,SD-12MO,MAIN9,SD12MO_MAIN9:M2[N=1024]@alpha=0.01,M2_joint_chance_saa,M2_joint_chance_saa[N=1024],entry,False,not_met,,,"SAA over the N training scenarios proven infeasible for every alpha_train of the declared grid (training scenarios only; not a population, field or whole-space statement)",main_reference_plan_domain,cp_upper,,,,,False,0,4,0,,,,no scored grid candidate with a ration (not a whole-space statement),1024,frontier_no_feasible_solution_found_no_ration,0.3056640625,0.6611328125,,,,
2,SD-SRC12,0.01,SD12MO_MAIN9,SD-12MO,MAIN9,SD12MO_MAIN9:M2[N=128]@alpha=0.01,M2_joint_chance_saa,M2_joint_chance_saa[N=128],entry,False,not_met,,,"SAA over the N training scenarios proven infeasible for every alpha_train of the declared grid (training scenarios only; not a population, field or whole-space statement)",main_reference_plan_domain,cp_upper,,,,,False,0,4,0,,,,no scored grid candidate with a ration (not a whole-space statement),128,optimal,0.6484375,0.6484375,0.7368,0.7369,0.7441409234673289,"diagnostic frontier point (training scenarios only); not a method, never a member"
2,SD-SRC12,0.01,SD12MO_MAIN9,SD-12MO,MAIN9,SD12MO_MAIN9:M2[N=512]@alpha=0.01,M2_joint_chance_saa,M2_joint_chance_saa[N=512],entry,False,not_met,,,"SAA over the N training scenarios proven infeasible for every alpha_train of the declared grid (training scenarios only; not a population, field or whole-space statement)",main_reference_plan_domain,cp_upper,,,,,False,0,4,0,,,,no scored grid candidate with a ration (not a whole-space statement),512,frontier_no_feasible_solution_found_no_ration,0.517578125,0.634765625,,,,
2,SD-SRC12,0.01,SD12MO_MAIN9,SD-12MO,MAIN9,SD12MO_MAIN9:M3a[factory box]@alpha=0.01,M3a_box_robust,M3a_box_robust,entry,False,not_met,,,no value of the declared grid met the validation screen (candidate statuses: proven_infeasible); a grid without a solution is not a statement about the whole decision space,main_reference_plan_domain,cp_upper,,,,,False,0,5,0,,,,no scored grid candidate with a ration (not a whole-space statement),1024,frontier_no_feasible_solution_found_no_ration,0.3056640625,0.6611328125,,,,
2,SD-SRC12,0.01,SD12MO_MAIN9,SD-12MO,MAIN9,SD12MO_MAIN9:M3b[factory box]@alpha=0.01,M3b_budget_robust,M3b_budget_robust,entry,False,not_met,,,"no value of the declared grid met the validation screen (candidate statuses: optimal, proven_infeasible); a grid without a solution is not a statement about the whole decision space",main_reference_plan_domain,cp_upper,,,,,False,0,35,5,0.9603,0.9634619710577212,"gamma=0 {""k_box"": 1.0}",minimum attainable main-event rate_upper over the declared grid (descriptive; its cost is not a comparable cost),1024,frontier_no_feasible_solution_found_no_ration,0.3056640625,0.6611328125,,,,
2,SD-SRC12,0.01,SDH0_MAIN9,SD-H0,MAIN9,SDH0_MAIN9:M0,M0_nominal,M0_nominal,entry,True,,,optimal,,main_reference_plan_domain,cp_upper,0.9603,0.9603,0.9634619710577212,False,False,0,1,1,0.9603,0.9634619710577212,,minimum attainable main-event rate_upper over the declared grid (descriptive; its cost is not a comparable cost),1024,frontier_no_feasible_solution_found_no_ration,0.412109375,0.7705078125,,,,
2,SD-SRC12,0.01,SDH0_MAIN9,SD-H0,MAIN9,"SDH0_MAIN9:M1[relative,apply_to_dm=False]@alpha=0.01",M1_safety_margin,M1_safety_margin[apply_to_dm=False],sensitivity_line,False,not_met,,,"no value of the declared grid met the validation screen (candidate statuses: optimal, proven_infeasible); a grid without a solution is not a statement about the whole decision space",main_reference_plan_domain,cp_upper,,,,,False,0,5,1,0.9603,0.9634619710577212,k=0.0,minimum attainable main-event rate_upper over the declared grid (descriptive; its cost is not a comparable cost),1024,frontier_no_feasible_solution_found_no_ration,0.412109375,0.7705078125,,,,
2,SD-SRC12,0.01,SDH0_MAIN9,SD-H0,MAIN9,"SDH0_MAIN9:M1[relative,apply_to_dm=True]@alpha=0.01",M1_safety_margin,M1_safety_margin[apply_to_dm=True],entry,False,not_met,,,"no value of the declared grid met the validation screen (candidate statuses: optimal, proven_infeasible); a grid without a solution is not a statement about the whole decision space",main_reference_plan_domain,cp_upper,,,,,False,0,5,1,0.9603,0.9634619710577212,k=0.0,minimum attainable main-event rate_upper over the declared grid (descriptive; its cost is not a comparable cost),1024,frontier_no_feasible_solution_found_no_ration,0.412109375,0.7705078125,,,,
2,SD-SRC12,0.01,SDH0_MAIN9,SD-H0,MAIN9,SDH0_MAIN9:M2[N=1024]@alpha=0.01,M2_joint_chance_saa,M2_joint_chance_saa[N=1024],entry,False,not_met,,,"SAA over the N training scenarios proven infeasible for every alpha_train of the declared grid (training scenarios only; not a population, field or whole-space statement)",main_reference_plan_domain,cp_upper,,,,,False,0,4,0,,,,no scored grid candidate with a ration (not a whole-space statement),1024,frontier_no_feasible_solution_found_no_ration,0.412109375,0.7705078125,,,,
2,SD-SRC12,0.01,SDH0_MAIN9,SD-H0,MAIN9,SDH0_MAIN9:M2[N=128]@alpha=0.01,M2_joint_chance_saa,M2_joint_chance_saa[N=128],entry,False,not_met,,,"SAA over the N training scenarios proven infeasible for every alpha_train of the declared grid (training scenarios only; not a population, field or whole-space statement)",main_reference_plan_domain,cp_upper,,,,,False,0,4,0,,,,no scored grid candidate with a ration (not a whole-space statement),128,optimal,0.703125,0.703125,0.7049,0.7051,0.7126056753638046,"diagnostic frontier point (training scenarios only); not a method, never a member"
2,SD-SRC12,0.01,SDH0_MAIN9,SD-H0,MAIN9,SDH0_MAIN9:M2[N=512]@alpha=0.01,M2_joint_chance_saa,M2_joint_chance_saa[N=512],entry,False,not_met,,,"SAA over the N training scenarios proven infeasible for every alpha_train of the declared grid (training scenarios only; not a population, field or whole-space statement)",main_reference_plan_domain,cp_upper,,,,,False,0,4,0,,,,no scored grid candidate with a ration (not a whole-space statement),512,frontier_no_feasible_solution_found_no_ration,0.58203125,0.720703125,,,,
2,SD-SRC12,0.01,SDH0_MAIN9,SD-H0,MAIN9,SDH0_MAIN9:M3a[factory box]@alpha=0.01,M3a_box_robust,M3a_box_robust,entry,False,not_met,,,no value of the declared grid met the validation screen (candidate statuses: proven_infeasible); a grid without a solution is not a statement about the whole decision space,main_reference_plan_domain,cp_upper,,,,,False,0,5,0,,,,no scored grid candidate with a ration (not a whole-space statement),1024,frontier_no_feasible_solution_found_no_ration,0.412109375,0.7705078125,,,,
2,SD-SRC12,0.01,SDH0_MAIN9,SD-H0,MAIN9,SDH0_MAIN9:M3b[factory box]@alpha=0.01,M3b_budget_robust,M3b_budget_robust,entry,False,not_met,,,"no value of the declared grid met the validation screen (candidate statuses: optimal, proven_infeasible); a grid without a solution is not a statement about the whole decision space",main_reference_plan_domain,cp_upper,,,,,False,0,35,5,0.9603,0.9634619710577212,"gamma=0 {""k_box"": 1.0}",minimum attainable main-event rate_upper over the declared grid (descriptive; its cost is not a comparable cost),1024,frontier_no_feasible_solution_found_no_ration,0.412109375,0.7705078125,,,,
2,SD-SRC12,0.01,SDS2_MAIN9,SD-S2,MAIN9,SDS2_MAIN9:M0,M0_nominal,M0_nominal,entry,True,,,optimal,,main_reference_plan_domain,cp_upper,0.9603,0.9603,0.9634619710577212,False,False,0,1,1,0.9603,0.9634619710577212,,minimum attainable main-event rate_upper over the declared grid (descriptive; its cost is not a comparable cost),1024,frontier_no_feasible_solution_found_no_ration,0.1533203125,0.6064453125,,,,
2,SD-SRC12,0.01,SDS2_MAIN9,SD-S2,MAIN9,"SDS2_MAIN9:M1[relative,apply_to_dm=False]@alpha=0.01",M1_safety_margin,M1_safety_margin[apply_to_dm=False],sensitivity_line,False,not_met,,,"no value of the declared grid met the validation screen (candidate statuses: optimal, proven_infeasible); a grid without a solution is not a statement about the whole decision space",main_reference_plan_domain,cp_upper,,,,,False,0,5,1,0.9603,0.9634619710577212,k=0.0,minimum attainable main-event rate_upper over the declared grid (descriptive; its cost is not a comparable cost),1024,frontier_no_feasible_solution_found_no_ration,0.1533203125,0.6064453125,,,,
2,SD-SRC12,0.01,SDS2_MAIN9,SD-S2,MAIN9,"SDS2_MAIN9:M1[relative,apply_to_dm=True]@alpha=0.01",M1_safety_margin,M1_safety_margin[apply_to_dm=True],entry,False,not_met,,,"no value of the declared grid met the validation screen (candidate statuses: optimal, proven_infeasible); a grid without a solution is not a statement about the whole decision space",main_reference_plan_domain,cp_upper,,,,,False,0,5,1,0.9603,0.9634619710577212,k=0.0,minimum attainable main-event rate_upper over the declared grid (descriptive; its cost is not a comparable cost),1024,frontier_no_feasible_solution_found_no_ration,0.1533203125,0.6064453125,,,,
2,SD-SRC12,0.01,SDS2_MAIN9,SD-S2,MAIN9,SDS2_MAIN9:M2[N=1024]@alpha=0.01,M2_joint_chance_saa,M2_joint_chance_saa[N=1024],entry,False,not_met,,,"SAA over the N training scenarios proven infeasible for every alpha_train of the declared grid (training scenarios only; not a population, field or whole-space statement)",main_reference_plan_domain,cp_upper,,,,,False,0,4,0,,,,no scored grid candidate with a ration (not a whole-space statement),1024,frontier_no_feasible_solution_found_no_ration,0.1533203125,0.6064453125,,,,
2,SD-SRC12,0.01,SDS2_MAIN9,SD-S2,MAIN9,SDS2_MAIN9:M2[N=128]@alpha=0.01,M2_joint_chance_saa,M2_joint_chance_saa[N=128],entry,False,not_met,,,"SAA over the N training scenarios proven infeasible for every alpha_train of the declared grid (training scenarios only; not a population, field or whole-space statement)",main_reference_plan_domain,cp_upper,,,,,False,0,4,0,,,,no scored grid candidate with a ration (not a whole-space statement),128,optimal,0.5546875,0.5546875,0.761,0.761,0.7680080567065171,"diagnostic frontier point (training scenarios only); not a method, never a member"
2,SD-SRC12,0.01,SDS2_MAIN9,SD-S2,MAIN9,SDS2_MAIN9:M2[N=512]@alpha=0.01,M2_joint_chance_saa,M2_joint_chance_saa[N=512],entry,False,not_met,,,"SAA over the N training scenarios proven infeasible for every alpha_train of the declared grid (training scenarios only; not a population, field or whole-space statement)",main_reference_plan_domain,cp_upper,,,,,False,0,4,0,,,,no scored grid candidate with a ration (not a whole-space statement),512,frontier_no_feasible_solution_found_no_ration,0.375,0.58203125,,,,
2,SD-SRC12,0.01,SDS2_MAIN9,SD-S2,MAIN9,SDS2_MAIN9:M3a[factory box]@alpha=0.01,M3a_box_robust,M3a_box_robust,entry,False,not_met,,,no value of the declared grid met the validation screen (candidate statuses: proven_infeasible); a grid without a solution is not a statement about the whole decision space,main_reference_plan_domain,cp_upper,,,,,False,0,5,0,,,,no scored grid candidate with a ration (not a whole-space statement),1024,frontier_no_feasible_solution_found_no_ration,0.1533203125,0.6064453125,,,,
2,SD-SRC12,0.01,SDS2_MAIN9,SD-S2,MAIN9,SDS2_MAIN9:M3b[factory box]@alpha=0.01,M3b_budget_robust,M3b_budget_robust,entry,False,not_met,,,"no value of the declared grid met the validation screen (candidate statuses: optimal, proven_infeasible); a grid without a solution is not a statement about the whole decision space",main_reference_plan_domain,cp_upper,,,,,False,0,35,5,0.9603,0.9634619710577212,"gamma=0 {""k_box"": 1.0}",minimum attainable main-event rate_upper over the declared grid (descriptive; its cost is not a comparable cost),1024,frontier_no_feasible_solution_found_no_ration,0.1533203125,0.6064453125,,,,
2,SD-SRC12,0.01,SDSRC12_MAIN9,SD-SRC12,MAIN9,SDSRC12_MAIN9:M0,M0_nominal,M0_nominal,entry,True,,,optimal,,main_reference_plan_domain,cp_upper,0.9603,0.9603,0.9634619710577212,False,False,0,1,1,0.9603,0.9634619710577212,,minimum attainable main-event rate_upper over the declared grid (descriptive; its cost is not a comparable cost),1024,frontier_no_feasible_solution_found_no_ration,0.3212890625,0.75390625,,,,
2,SD-SRC12,0.01,SDSRC12_MAIN9,SD-SRC12,MAIN9,"SDSRC12_MAIN9:M1[relative,apply_to_dm=False]@alpha=0.01",M1_safety_margin,M1_safety_margin[apply_to_dm=False],sensitivity_line,False,not_met,,,"no value of the declared grid met the validation screen (candidate statuses: optimal, proven_infeasible); a grid without a solution is not a statement about the whole decision space",main_reference_plan_domain,cp_upper,,,,,False,0,5,1,0.9603,0.9634619710577212,k=0.0,minimum attainable main-event rate_upper over the declared grid (descriptive; its cost is not a comparable cost),1024,frontier_no_feasible_solution_found_no_ration,0.3212890625,0.75390625,,,,
2,SD-SRC12,0.01,SDSRC12_MAIN9,SD-SRC12,MAIN9,"SDSRC12_MAIN9:M1[relative,apply_to_dm=True]@alpha=0.01",M1_safety_margin,M1_safety_margin[apply_to_dm=True],entry,False,not_met,,,"no value of the declared grid met the validation screen (candidate statuses: optimal, proven_infeasible); a grid without a solution is not a statement about the whole decision space",main_reference_plan_domain,cp_upper,,,,,False,0,5,1,0.9603,0.9634619710577212,k=0.0,minimum attainable main-event rate_upper over the declared grid (descriptive; its cost is not a comparable cost),1024,frontier_no_feasible_solution_found_no_ration,0.3212890625,0.75390625,,,,
2,SD-SRC12,0.01,SDSRC12_MAIN9,SD-SRC12,MAIN9,SDSRC12_MAIN9:M2[N=1024]@alpha=0.01,M2_joint_chance_saa,M2_joint_chance_saa[N=1024],entry,False,not_met,,,"SAA over the N training scenarios proven infeasible for every alpha_train of the declared grid (training scenarios only; not a population, field or whole-space statement)",main_reference_plan_domain,cp_upper,,,,,False,0,4,0,,,,no scored grid candidate with a ration (not a whole-space statement),1024,frontier_no_feasible_solution_found_no_ration,0.3212890625,0.75390625,,,,
2,SD-SRC12,0.01,SDSRC12_MAIN9,SD-SRC12,MAIN9,SDSRC12_MAIN9:M2[N=128]@alpha=0.01,M2_joint_chance_saa,M2_joint_chance_saa[N=128],entry,False,not_met,,,"SAA over the N training scenarios proven infeasible for every alpha_train of the declared grid (training scenarios only; not a population, field or whole-space statement)",main_reference_plan_domain,cp_upper,,,,,False,0,4,0,,,,no scored grid candidate with a ration (not a whole-space statement),128,optimal,0.703125,0.703125,0.683,0.6832,0.6908622046863465,"diagnostic frontier point (training scenarios only); not a method, never a member"
2,SD-SRC12,0.01,SDSRC12_MAIN9,SD-SRC12,MAIN9,SDSRC12_MAIN9:M2[N=512]@alpha=0.01,M2_joint_chance_saa,M2_joint_chance_saa[N=512],entry,False,not_met,,,"SAA over the N training scenarios proven infeasible for every alpha_train of the declared grid (training scenarios only; not a population, field or whole-space statement)",main_reference_plan_domain,cp_upper,,,,,False,0,4,0,,,,no scored grid candidate with a ration (not a whole-space statement),512,frontier_no_feasible_solution_found_no_ration,0.54296875,0.732421875,,,,
2,SD-SRC12,0.01,SDSRC12_MAIN9,SD-SRC12,MAIN9,SDSRC12_MAIN9:M3a[factory box]@alpha=0.01,M3a_box_robust,M3a_box_robust,entry,False,not_met,,,no value of the declared grid met the validation screen (candidate statuses: proven_infeasible); a grid without a solution is not a statement about the whole decision space,main_reference_plan_domain,cp_upper,,,,,False,0,5,0,,,,no scored grid candidate with a ration (not a whole-space statement),1024,frontier_no_feasible_solution_found_no_ration,0.3212890625,0.75390625,,,,
2,SD-SRC12,0.01,SDSRC12_MAIN9,SD-SRC12,MAIN9,SDSRC12_MAIN9:M3b[factory box]@alpha=0.01,M3b_budget_robust,M3b_budget_robust,entry,False,not_met,,,"no value of the declared grid met the validation screen (candidate statuses: optimal, proven_infeasible); a grid without a solution is not a statement about the whole decision space",main_reference_plan_domain,cp_upper,,,,,False,0,35,5,0.9603,0.9634619710577212,"gamma=0 {""k_box"": 1.0}",minimum attainable main-event rate_upper over the declared grid (descriptive; its cost is not a comparable cost),1024,frontier_no_feasible_solution_found_no_ration,0.3212890625,0.75390625,,,,
2,SD-SRC12,0.01,SDSRC14_MAIN9,SD-SRC14,MAIN9,SDSRC14_MAIN9:M0,M0_nominal,M0_nominal,entry,True,,,optimal,,main_reference_plan_domain,cp_upper,0.9603,0.9603,0.9634619710577212,False,False,0,1,1,0.9603,0.9634619710577212,,minimum attainable main-event rate_upper over the declared grid (descriptive; its cost is not a comparable cost),1024,frontier_no_feasible_solution_found_no_ration,0.1533203125,0.693359375,,,,
2,SD-SRC12,0.01,SDSRC14_MAIN9,SD-SRC14,MAIN9,"SDSRC14_MAIN9:M1[relative,apply_to_dm=False]@alpha=0.01",M1_safety_margin,M1_safety_margin[apply_to_dm=False],sensitivity_line,False,not_met,,,"no value of the declared grid met the validation screen (candidate statuses: optimal, proven_infeasible); a grid without a solution is not a statement about the whole decision space",main_reference_plan_domain,cp_upper,,,,,False,0,5,1,0.9603,0.9634619710577212,k=0.0,minimum attainable main-event rate_upper over the declared grid (descriptive; its cost is not a comparable cost),1024,frontier_no_feasible_solution_found_no_ration,0.1533203125,0.693359375,,,,
2,SD-SRC12,0.01,SDSRC14_MAIN9,SD-SRC14,MAIN9,"SDSRC14_MAIN9:M1[relative,apply_to_dm=True]@alpha=0.01",M1_safety_margin,M1_safety_margin[apply_to_dm=True],entry,False,not_met,,,"no value of the declared grid met the validation screen (candidate statuses: optimal, proven_infeasible); a grid without a solution is not a statement about the whole decision space",main_reference_plan_domain,cp_upper,,,,,False,0,5,1,0.9603,0.9634619710577212,k=0.0,minimum attainable main-event rate_upper over the declared grid (descriptive; its cost is not a comparable cost),1024,frontier_no_feasible_solution_found_no_ration,0.1533203125,0.693359375,,,,
2,SD-SRC12,0.01,SDSRC14_MAIN9,SD-SRC14,MAIN9,SDSRC14_MAIN9:M2[N=1024]@alpha=0.01,M2_joint_chance_saa,M2_joint_chance_saa[N=1024],entry,False,not_met,,,"SAA over the N training scenarios proven infeasible for every alpha_train of the declared grid (training scenarios only; not a population, field or whole-space statement)",main_reference_plan_domain,cp_upper,,,,,False,0,4,0,,,,no scored grid candidate with a ration (not a whole-space statement),1024,frontier_no_feasible_solution_found_no_ration,0.1533203125,0.693359375,,,,
2,SD-SRC12,0.01,SDSRC14_MAIN9,SD-SRC14,MAIN9,SDSRC14_MAIN9:M2[N=128]@alpha=0.01,M2_joint_chance_saa,M2_joint_chance_saa[N=128],entry,False,not_met,,,"SAA over the N training scenarios proven infeasible for every alpha_train of the declared grid (training scenarios only; not a population, field or whole-space statement)",main_reference_plan_domain,cp_upper,,,,,False,0,4,0,,,,no scored grid candidate with a ration (not a whole-space statement),128,optimal,0.6328125,0.6328125,0.6899,0.6901,0.6977150550113757,"diagnostic frontier point (training scenarios only); not a method, never a member"
2,SD-SRC12,0.01,SDSRC14_MAIN9,SD-SRC14,MAIN9,SDSRC14_MAIN9:M2[N=512]@alpha=0.01,M2_joint_chance_saa,M2_joint_chance_saa[N=512],entry,False,not_met,,,"SAA over the N training scenarios proven infeasible for every alpha_train of the declared grid (training scenarios only; not a population, field or whole-space statement)",main_reference_plan_domain,cp_upper,,,,,False,0,4,0,,,,no scored grid candidate with a ration (not a whole-space statement),512,frontier_no_feasible_solution_found_no_ration,0.44921875,0.66015625,,,,
2,SD-SRC12,0.01,SDSRC14_MAIN9,SD-SRC14,MAIN9,SDSRC14_MAIN9:M3a[factory box]@alpha=0.01,M3a_box_robust,M3a_box_robust,entry,False,not_met,,,no value of the declared grid met the validation screen (candidate statuses: proven_infeasible); a grid without a solution is not a statement about the whole decision space,main_reference_plan_domain,cp_upper,,,,,False,0,5,0,,,,no scored grid candidate with a ration (not a whole-space statement),1024,frontier_no_feasible_solution_found_no_ration,0.1533203125,0.693359375,,,,
2,SD-SRC12,0.01,SDSRC14_MAIN9,SD-SRC14,MAIN9,SDSRC14_MAIN9:M3b[factory box]@alpha=0.01,M3b_budget_robust,M3b_budget_robust,entry,False,not_met,,,"no value of the declared grid met the validation screen (candidate statuses: optimal, proven_infeasible); a grid without a solution is not a statement about the whole decision space",main_reference_plan_domain,cp_upper,,,,,False,0,35,5,0.9603,0.9634619710577212,"gamma=0 {""k_box"": 1.0}",minimum attainable main-event rate_upper over the declared grid (descriptive; its cost is not a comparable cost),1024,frontier_no_feasible_solution_found_no_ration,0.1533203125,0.693359375,,,,
