case,new_root_index,world,scenario,primary_metric,n_fixed_q,n_structurally_legal_q,min_upper_risk,best_q_pointwise_cp_upper,best_q_simultaneous_cp_upper,all_q_min_simultaneous_upper_risk_lower,max_upper_risk,max_unknown_share,alpha_0.01_pointwise_comparable_q,alpha_0.01_simultaneous_comparable_q,alpha_0.01_all_frozen_q_rejected_by_simultaneous_lower,alpha_0.02_pointwise_comparable_q,alpha_0.02_simultaneous_comparable_q,alpha_0.02_all_frozen_q_rejected_by_simultaneous_lower,alpha_0.05_pointwise_comparable_q,alpha_0.05_simultaneous_comparable_q,alpha_0.05_all_frozen_q_rejected_by_simultaneous_lower,alpha_0.1_pointwise_comparable_q,alpha_0.1_simultaneous_comparable_q,alpha_0.1_all_frozen_q_rejected_by_simultaneous_lower,alpha_0.2_pointwise_comparable_q,alpha_0.2_simultaneous_comparable_q,alpha_0.2_all_frozen_q_rejected_by_simultaneous_lower
R0,0,MO12,C0,event/main_reference_plan_domain,8,8,0.8447,0.8489003864331113,0.8594121738261346,0.8291763460839101,0.95315,0.0,0,0,True,0,0,True,0,0,True,0,0,True,0,0,True
R0,0,MO12,within_positive_25,event/main_reference_plan_domain,8,8,0.84705,0.8512239522571445,0.8616656677065356,0.8316173090292663,0.95485,0.0,0,0,True,0,0,True,0,0,True,0,0,True,0,0,True
R0,0,MO12,within_positive_50,event/main_reference_plan_domain,8,8,0.8514,0.8555241072181771,0.8658337584816588,0.836138956359401,0.95625,0.0,0,0,True,0,0,True,0,0,True,0,0,True,0,0,True
R0,0,MO12,within_positive_75,event/main_reference_plan_domain,8,8,0.8508,0.8549310541071731,0.8652591060710457,0.8355150242934839,0.95595,0.0,0,0,True,0,0,True,0,0,True,0,0,True,0,0,True
R0,0,MO12,within_NDF_opposed_25,event/main_reference_plan_domain,8,8,0.8477,0.8518665801536348,0.8622887579025116,0.8322926855410562,0.9563,0.0,0,0,True,0,0,True,0,0,True,0,0,True,0,0,True
R0,0,MO12,within_NDF_opposed_50,event/main_reference_plan_domain,8,8,0.8491,0.853250611643139,0.863630475723238,0.8337476651335306,0.95455,0.0,0,0,True,0,0,True,0,0,True,0,0,True,0,0,True
R0,0,MO12,within_NDF_opposed_75,event/main_reference_plan_domain,8,8,0.8469,0.851075649765426,0.8615218642524557,0.8314614663154307,0.9506,0.0,0,0,True,0,0,True,0,0,True,0,0,True,0,0,True
R0,0,MO12,cross_DM_positive_25,event/main_reference_plan_domain,8,8,0.84025,0.8444995216465816,0.8551416230202714,0.8245573924360079,0.9508,0.0,0,0,True,0,0,True,0,0,True,0,0,True,0,0,True
R0,0,MO12,cross_DM_positive_50,event/main_reference_plan_domain,8,8,0.84055,0.8447962464181415,0.8554296586776207,0.8248686492576343,0.94955,0.0,0,0,True,0,0,True,0,0,True,0,0,True,0,0,True
R0,0,MO12,cross_DM_positive_75,event/main_reference_plan_domain,8,8,0.8388,0.8430652771169813,0.853749182942972,0.823053252111426,0.9479,0.0,0,0,True,0,0,True,0,0,True,0,0,True,0,0,True
R0,0,TAB,C0,event/main_reference_plan_domain,8,8,0.90745,0.9108017089307725,0.9190741319887845,0.8948661626535015,0.95625,0.00015,0,0,True,0,0,True,0,0,True,0,0,True,0,0,True
R0,0,TAB,within_positive_25,event/main_reference_plan_domain,8,8,0.9104,0.9137026245245842,0.921846089868812,0.8979872200013179,0.95825,5e-05,0,0,True,0,0,True,0,0,True,0,0,True,0,0,True
R0,0,TAB,within_positive_50,event/main_reference_plan_domain,8,8,0.9121,0.9153738482282291,0.9234417353519544,0.8997875483371796,0.96015,0.0,0,0,True,0,0,True,0,0,True,0,0,True,0,0,True
R0,0,TAB,within_positive_75,event/main_reference_plan_domain,8,8,0.91175,0.9150298027089471,0.9231133272263472,0.8994167854480329,0.9607,0.0,0,0,True,0,0,True,0,0,True,0,0,True,0,0,True
R0,0,TAB,within_NDF_opposed_25,event/main_reference_plan_domain,8,8,0.9102,0.9135059860738283,0.9216582813946805,0.8977755020917317,0.9587,0.0001,0,0,True,0,0,True,0,0,True,0,0,True,0,0,True
R0,0,TAB,within_NDF_opposed_50,event/main_reference_plan_domain,8,8,0.91095,0.9142433544740344,0.9223624709259775,0.8985695364434406,0.95765,5e-05,0,0,True,0,0,True,0,0,True,0,0,True,0,0,True
R0,0,TAB,within_NDF_opposed_75,event/main_reference_plan_domain,8,8,0.90455,0.9079489473686064,0.9163455292532853,0.8918016296459484,0.95375,5e-05,0,0,True,0,0,True,0,0,True,0,0,True,0,0,True
R0,0,TAB,cross_DM_positive_25,event/main_reference_plan_domain,8,8,0.9047,0.9080965279872056,0.9164867496786401,0.8919600542221467,0.9534,0.00015,0,0,True,0,0,True,0,0,True,0,0,True,0,0,True
R0,0,TAB,cross_DM_positive_50,event/main_reference_plan_domain,8,8,0.90425,0.9076537783995599,0.9160630607443064,0.8914848081360662,0.95235,0.0001,0,0,True,0,0,True,0,0,True,0,0,True,0,0,True
R0,0,TAB,cross_DM_positive_75,event/main_reference_plan_domain,8,8,0.9033,0.9067190090951279,0.9151683354236524,0.890481781593566,0.95105,5e-05,0,0,True,0,0,True,0,0,True,0,0,True,0,0,True
R0,0,NARROW,C0,event/main_reference_plan_domain,8,8,0.8037,0.8083119427592589,0.8199182302186754,0.7867669456190196,0.96755,0.0,0,0,True,0,0,True,0,0,True,0,0,True,0,0,True
R0,0,NARROW,within_positive_25,event/main_reference_plan_domain,8,8,0.8085,0.8130682030841146,0.8245578140714668,0.791716050418217,0.9688,0.0,0,0,True,0,0,True,0,0,True,0,0,True,0,0,True
R0,0,NARROW,within_positive_50,event/main_reference_plan_domain,8,8,0.812,0.8165356180233032,0.8279383683582237,0.7953272476326316,0.97185,0.0,0,0,True,0,0,True,0,0,True,0,0,True,0,0,True
R0,0,NARROW,within_positive_75,event/main_reference_plan_domain,8,8,0.80835,0.8129195864327325,0.8244128860850107,0.7915613318994473,0.9729,0.0,0,0,True,0,0,True,0,0,True,0,0,True,0,0,True
R0,0,NARROW,within_NDF_opposed_25,event/main_reference_plan_domain,8,8,0.79885,0.8035050521537055,0.8152264299888662,0.7817701740464178,0.97025,0.0,0,0,True,0,0,True,0,0,True,0,0,True,0,0,True
R0,0,NARROW,within_NDF_opposed_50,event/main_reference_plan_domain,8,8,0.7944,0.7990936712353881,0.8109182354954368,0.7771888533906853,0.97095,0.0,0,0,True,0,0,True,0,0,True,0,0,True,0,0,True
R0,0,NARROW,within_NDF_opposed_75,event/main_reference_plan_domain,8,8,0.7834,0.788185433231659,0.800255516759092,0.7658774866502763,0.96825,0.0,0,0,True,0,0,True,0,0,True,0,0,True,0,0,True
R0,0,NARROW,cross_DM_positive_25,event/main_reference_plan_domain,8,8,0.80145,0.8060820758643882,0.8177421012172628,0.7844483764801458,0.9645,0.0,0,0,True,0,0,True,0,0,True,0,0,True,0,0,True
R0,0,NARROW,cross_DM_positive_50,event/main_reference_plan_domain,8,8,0.79985,0.8044962514763345,0.8161941260004709,0.7828001217829283,0.9628,0.0,0,0,True,0,0,True,0,0,True,0,0,True,0,0,True
R0,0,NARROW,cross_DM_positive_75,event/main_reference_plan_domain,8,8,0.7959,0.8005807520916582,0.8123707885981,0.7787327661530332,0.96175,0.0,0,0,True,0,0,True,0,0,True,0,0,True,0,0,True
R0,0,SRC12,C0,event/main_reference_plan_domain,8,8,0.88995,0.8935728557358844,0.902558654788617,0.8764230348147066,0.95885,0.00015,0,0,True,0,0,True,0,0,True,0,0,True,0,0,True
R0,0,SRC12,within_positive_25,event/main_reference_plan_domain,8,8,0.89625,0.899778945886777,0.9085174741188551,0.8830493203565674,0.9596,5e-05,0,0,True,0,0,True,0,0,True,0,0,True,0,0,True
R0,0,SRC12,within_positive_50,event/main_reference_plan_domain,8,8,0.897,0.9005175011870612,0.9092259094425474,0.8838391113165822,0.96035,0.0,0,0,True,0,0,True,0,0,True,0,0,True,0,0,True
R0,0,SRC12,within_positive_75,event/main_reference_plan_domain,8,8,0.89775,0.9012559982401492,0.9099341363826992,0.884629110550403,0.95985,0.0,0,0,True,0,0,True,0,0,True,0,0,True,0,0,True
R0,0,SRC12,within_NDF_opposed_25,event/main_reference_plan_domain,8,8,0.89315,0.8967256446483349,0.9055871067385682,0.8797870179728994,0.96045,0.0001,0,0,True,0,0,True,0,0,True,0,0,True,0,0,True
R0,0,SRC12,within_NDF_opposed_50,event/main_reference_plan_domain,8,8,0.89485,0.898400155400204,0.9071945108260624,0.8815755942991936,0.95845,5e-05,0,0,True,0,0,True,0,0,True,0,0,True,0,0,True
R0,0,SRC12,within_NDF_opposed_75,event/main_reference_plan_domain,8,8,0.8905,0.8941148115223179,0.9030794211032436,0.8770009684092794,0.9544,5e-05,0,0,True,0,0,True,0,0,True,0,0,True,0,0,True
R0,0,SRC12,cross_DM_positive_25,event/main_reference_plan_domain,8,8,0.8892,0.8928337789027796,0.9018483535519749,0.875635108821184,0.9559,0.00015,0,0,True,0,0,True,0,0,True,0,0,True,0,0,True
R0,0,SRC12,cross_DM_positive_50,event/main_reference_plan_domain,8,8,0.8876,0.891256905464606,0.9003324138365234,0.873954830138608,0.9535,0.00015,0,0,True,0,0,True,0,0,True,0,0,True,0,0,True
R0,0,SRC12,cross_DM_positive_75,event/main_reference_plan_domain,8,8,0.8869,0.8905669487869321,0.8996689234787034,0.8732199748186298,0.9516,0.00015,0,0,True,0,0,True,0,0,True,0,0,True,0,0,True
R0,0,SRC14,C0,event/main_reference_plan_domain,8,8,0.8588,0.8628364790037726,0.8729141594322535,0.8438410947706918,0.97215,0.0002,0,0,True,0,0,True,0,0,True,0,0,True,0,0,True
R0,0,SRC14,within_positive_25,event/main_reference_plan_domain,8,8,0.86655,0.8704906563616721,0.880314950260608,0.8519220120130052,0.97415,0.0001,0,0,True,0,0,True,0,0,True,0,0,True,0,0,True
R0,0,SRC14,within_positive_50,event/main_reference_plan_domain,8,8,0.8711,0.874982349694969,0.8846525960969897,0.8566736241354005,0.9773,5e-05,0,0,True,0,0,True,0,0,True,0,0,True,0,0,True
R0,0,SRC14,within_positive_75,event/main_reference_plan_domain,8,8,0.872,0.8758706292029598,0.885509921687915,0.8576141734695373,0.97815,0.0,0,0,True,0,0,True,0,0,True,0,0,True,0,0,True
R0,0,SRC14,within_NDF_opposed_25,event/main_reference_plan_domain,8,8,0.8555,0.859576008077085,0.8697582996935376,0.8404047415999248,0.9745,0.0001,0,0,True,0,0,True,0,0,True,0,0,True,0,0,True
R0,0,SRC14,within_NDF_opposed_50,event/main_reference_plan_domain,8,8,0.85035,0.8544862490780717,0.8648280623759368,0.8350471296120234,0.9769,5e-05,0,0,True,0,0,True,0,0,True,0,0,True,0,0,True
R0,0,SRC14,within_NDF_opposed_75,event/main_reference_plan_domain,8,8,0.84055,0.8447962464181415,0.8554296586776207,0.8248686492576343,0.9772,0.00015,0,0,True,0,0,True,0,0,True,0,0,True,0,0,True
R0,0,SRC14,cross_DM_positive_25,event/main_reference_plan_domain,8,8,0.85715,0.8612063359285002,0.8713365602136115,0.8421225876570451,0.96835,0.0002,0,0,True,0,0,True,0,0,True,0,0,True,0,0,True
R0,0,SRC14,cross_DM_positive_50,event/main_reference_plan_domain,8,8,0.8537,0.85779726095545,0.8680358177798868,0.8385314706123487,0.9675,0.0002,0,0,True,0,0,True,0,0,True,0,0,True,0,0,True
R0,0,SRC14,cross_DM_positive_75,event/main_reference_plan_domain,8,8,0.8522,0.8563148084944341,0.866599832115454,0.8369709953150924,0.966,0.0002,0,0,True,0,0,True,0,0,True,0,0,True,0,0,True
R0,1,MO12,C0,event/main_reference_plan_domain,8,8,0.84905,0.8532011840784497,0.8635825648580664,0.8336956939508735,0.9558,0.0,0,0,True,0,0,True,0,0,True,0,0,True,0,0,True
R0,1,MO12,within_positive_25,event/main_reference_plan_domain,8,8,0.85275,0.8568583914890449,0.8671264213661077,0.8375431084389641,0.9547,0.0,0,0,True,0,0,True,0,0,True,0,0,True,0,0,True
R0,1,MO12,within_positive_50,event/main_reference_plan_domain,8,8,0.8547,0.8587854803630565,0.8689928472424832,0.8395720816849468,0.9548,0.0,0,0,True,0,0,True,0,0,True,0,0,True,0,0,True
R0,1,MO12,within_positive_75,event/main_reference_plan_domain,8,8,0.85495,0.8590325248553917,0.8692320675312709,0.839832271516517,0.956,0.0,0,0,True,0,0,True,0,0,True,0,0,True,0,0,True
R0,1,MO12,within_NDF_opposed_25,event/main_reference_plan_domain,8,8,0.85365,0.8577478482510896,0.8679879601008295,0.8384794462624041,0.95675,0.0,0,0,True,0,0,True,0,0,True,0,0,True,0,0,True
R0,1,MO12,within_NDF_opposed_50,event/main_reference_plan_domain,8,8,0.8545,0.8585878417788283,0.8688014603089812,0.8393639405182749,0.95535,0.0,0,0,True,0,0,True,0,0,True,0,0,True,0,0,True
R0,1,MO12,within_NDF_opposed_75,event/main_reference_plan_domain,8,8,0.85,0.8541402806407803,0.8644927740634354,0.834683243620362,0.9507,0.0,0,0,True,0,0,True,0,0,True,0,0,True,0,0,True
R0,1,MO12,cross_DM_positive_25,event/main_reference_plan_domain,8,8,0.84495,0.8491475904626108,0.8596519651142049,0.8294359651160088,0.95215,0.0,0,0,True,0,0,True,0,0,True,0,0,True,0,0,True
R0,1,MO12,cross_DM_positive_50,event/main_reference_plan_domain,8,8,0.8428,0.8470215113453089,0.8575893145537212,0.827203686773537,0.9489,0.0,0,0,True,0,0,True,0,0,True,0,0,True,0,0,True
R0,1,MO12,cross_DM_positive_75,event/main_reference_plan_domain,8,8,0.8405,0.8447467926596102,0.8553816540592896,0.8248167717965673,0.94735,0.0,0,0,True,0,0,True,0,0,True,0,0,True,0,0,True
R0,1,TAB,C0,event/main_reference_plan_domain,8,8,0.9101,0.9134076649808157,0.9215643704773813,0.897669649813131,0.96,0.0,0,0,True,0,0,True,0,0,True,0,0,True,0,0,True
R0,1,TAB,within_positive_25,event/main_reference_plan_domain,8,8,0.9123,0.9155704386276018,0.9236293719571029,0.8999994380106305,0.95985,0.0,0,0,True,0,0,True,0,0,True,0,0,True,0,0,True
R0,1,TAB,within_positive_50,event/main_reference_plan_domain,8,8,0.9127,0.9159636039905589,0.9240045899581879,0.9004232725325548,0.9589,0.0,0,0,True,0,0,True,0,0,True,0,0,True,0,0,True
R0,1,TAB,within_positive_75,event/main_reference_plan_domain,8,8,0.9129,0.9161601789221736,0.9241921712399168,0.9006352174951134,0.9616,0.0,0,0,True,0,0,True,0,0,True,0,0,True,0,0,True
R0,1,TAB,within_NDF_opposed_25,event/main_reference_plan_domain,8,8,0.91235,0.915619585424949,0.9236762782380948,0.9000524132975133,0.961,5e-05,0,0,True,0,0,True,0,0,True,0,0,True,0,0,True
R0,1,TAB,within_NDF_opposed_50,event/main_reference_plan_domain,8,8,0.9102,0.9135059860738283,0.9216582813946805,0.8977755020917317,0.95875,0.0,0,0,True,0,0,True,0,0,True,0,0,True,0,0,True
R0,1,TAB,within_NDF_opposed_75,event/main_reference_plan_domain,8,8,0.90615,0.9095230065652523,0.9178514008747369,0.8934919711000514,0.95305,0.0001,0,0,True,0,0,True,0,0,True,0,0,True,0,0,True
R0,1,TAB,cross_DM_positive_25,event/main_reference_plan_domain,8,8,0.9077,0.9110475901991723,0.919309190199038,0.895130512600379,0.9582,0.0,0,0,True,0,0,True,0,0,True,0,0,True,0,0,True
R0,1,TAB,cross_DM_positive_50,event/main_reference_plan_domain,8,8,0.90555,0.9089327691788289,0.9172868235449343,0.8928579685980144,0.95445,0.0,0,0,True,0,0,True,0,0,True,0,0,True,0,0,True
R0,1,TAB,cross_DM_positive_75,event/main_reference_plan_domain,8,8,0.9042,0.9076045825714514,0.9160159790825194,0.8914320081260128,0.95265,0.0,0,0,True,0,0,True,0,0,True,0,0,True,0,0,True
R0,1,NARROW,C0,event/main_reference_plan_domain,8,8,0.8095,0.8140589532693244,0.8255239022368402,0.7927476055954169,0.97,0.0,0,0,True,0,0,True,0,0,True,0,0,True,0,0,True
R0,1,NARROW,within_positive_25,event/main_reference_plan_domain,8,8,0.8151,0.819606258617197,0.8309307896047332,0.7985275200989146,0.97145,0.0,0,0,True,0,0,True,0,0,True,0,0,True,0,0,True
R0,1,NARROW,within_positive_50,event/main_reference_plan_domain,8,8,0.81725,0.8217356165111772,0.8330051764381405,0.8007480657301753,0.9723,0.0,0,0,True,0,0,True,0,0,True,0,0,True,0,0,True
R0,1,NARROW,within_positive_75,event/main_reference_plan_domain,8,8,0.816,0.8204976458701214,0.8317992382945248,0.7994569501428128,0.97325,0.0,0,0,True,0,0,True,0,0,True,0,0,True,0,0,True
R0,1,NARROW,within_NDF_opposed_25,event/main_reference_plan_domain,8,8,0.806,0.810591119425525,0.8221418483582456,0.7891379075821792,0.9721,0.0,0,0,True,0,0,True,0,0,True,0,0,True,0,0,True
R0,1,NARROW,within_NDF_opposed_50,event/main_reference_plan_domain,8,8,0.79785,0.8025138076896219,0.814258572374519,0.7807403878733422,0.97075,0.0,0,0,True,0,0,True,0,0,True,0,0,True,0,0,True
R0,1,NARROW,within_NDF_opposed_75,event/main_reference_plan_domain,8,8,0.78385,0.7886317800303514,0.80069207939461,0.7663398639563855,0.9692,0.0,0,0,True,0,0,True,0,0,True,0,0,True,0,0,True
R0,1,NARROW,cross_DM_positive_25,event/main_reference_plan_domain,8,8,0.8048,0.809402014600646,0.8209818101199275,0.787900773620934,0.9665,0.0,0,0,True,0,0,True,0,0,True,0,0,True,0,0,True
R0,1,NARROW,cross_DM_positive_50,event/main_reference_plan_domain,8,8,0.80125,0.8058838542071072,0.8175486271950819,0.7842423217687156,0.9637,0.0,0,0,True,0,0,True,0,0,True,0,0,True,0,0,True
R0,1,NARROW,cross_DM_positive_75,event/main_reference_plan_domain,8,8,0.7992,0.803851977064374,0.8155651420214216,0.7821306373301986,0.9612,0.0,0,0,True,0,0,True,0,0,True,0,0,True,0,0,True
R0,1,SRC12,C0,event/main_reference_plan_domain,8,8,0.896,0.8995327479396278,0.9082812830493374,0.8827861026407866,0.9611,0.0,0,0,True,0,0,True,0,0,True,0,0,True,0,0,True
R0,1,SRC12,within_positive_25,event/main_reference_plan_domain,8,8,0.90155,0.9049968004833745,0.9135192086675977,0.8886350491232056,0.9611,0.0,0,0,True,0,0,True,0,0,True,0,0,True,0,0,True
R0,1,SRC12,within_positive_50,event/main_reference_plan_domain,8,8,0.9011,0.9045538920796461,0.9130949516051601,0.8881603708474906,0.96065,0.0,0,0,True,0,0,True,0,0,True,0,0,True,0,0,True
R0,1,SRC12,within_positive_75,event/main_reference_plan_domain,8,8,0.9004,0.9038648795054098,0.9124348389627552,0.8874221395443234,0.96,0.0,0,0,True,0,0,True,0,0,True,0,0,True,0,0,True
R0,1,SRC12,within_NDF_opposed_25,event/main_reference_plan_domain,8,8,0.89835,0.9018467535630579,0.9105005665349684,0.885261261257027,0.9619,5e-05,0,0,True,0,0,True,0,0,True,0,0,True,0,0,True
R0,1,SRC12,within_NDF_opposed_50,event/main_reference_plan_domain,8,8,0.89585,0.8993850261031341,0.9081395574307642,0.8826281829824554,0.95975,5e-05,0,0,True,0,0,True,0,0,True,0,0,True,0,0,True
R0,1,SRC12,within_NDF_opposed_75,event/main_reference_plan_domain,8,8,0.89175,0.8953464214745168,0.9042625954159794,0.8783148391537241,0.9554,0.0001,0,0,True,0,0,True,0,0,True,0,0,True,0,0,True
R0,1,SRC12,cross_DM_positive_25,event/main_reference_plan_domain,8,8,0.89385,0.8974151839436797,0.9062491037579968,0.8805233658934929,0.95755,0.0,0,0,True,0,0,True,0,0,True,0,0,True,0,0,True
R0,1,SRC12,cross_DM_positive_50,event/main_reference_plan_domain,8,8,0.8908,0.8944104116050451,0.9033634319339916,0.8773162484165962,0.95525,0.0,0,0,True,0,0,True,0,0,True,0,0,True,0,0,True
R0,1,SRC12,cross_DM_positive_75,event/main_reference_plan_domain,8,8,0.88895,0.8925874081810589,0.9016115443347645,0.8753725089410647,0.95245,0.0,0,0,True,0,0,True,0,0,True,0,0,True,0,0,True
R0,1,SRC14,C0,event/main_reference_plan_domain,8,8,0.8633,0.8672813626444609,0.8772132630695959,0.8485313707386903,0.9732,0.0,0,0,True,0,0,True,0,0,True,0,0,True,0,0,True
R0,1,SRC14,within_positive_25,event/main_reference_plan_domain,8,8,0.87125,0.8751304006420533,0.8847954993065933,0.8568303667531434,0.9768,0.0,0,0,True,0,0,True,0,0,True,0,0,True,0,0,True
R0,1,SRC14,within_positive_50,event/main_reference_plan_domain,8,8,0.8755,0.8793244437608977,0.8888417979718969,0.8612740320911876,0.97865,0.0,0,0,True,0,0,True,0,0,True,0,0,True,0,0,True
R0,1,SRC14,within_positive_75,event/main_reference_plan_domain,8,8,0.876,0.8798177658560894,0.889317494077551,0.8617971551353666,0.97925,0.0,0,0,True,0,0,True,0,0,True,0,0,True,0,0,True
R0,1,SRC14,within_NDF_opposed_25,event/main_reference_plan_domain,8,8,0.8616,0.8656023519009393,0.875589756779407,0.8467588894074216,0.97675,5e-05,0,0,True,0,0,True,0,0,True,0,0,True,0,0,True
R0,1,SRC14,within_NDF_opposed_50,event/main_reference_plan_domain,8,8,0.85595,0.8600206611189944,0.8701887994224238,0.8408731800523637,0.97905,0.00025,0,0,True,0,0,True,0,0,True,0,0,True,0,0,True
R0,1,SRC14,within_NDF_opposed_75,event/main_reference_plan_domain,8,8,0.84475,0.8489498275452537,0.8594601331798629,0.8292282687945929,0.9781,0.00025,0,0,True,0,0,True,0,0,True,0,0,True,0,0,True
R0,1,SRC14,cross_DM_positive_25,event/main_reference_plan_domain,8,8,0.86025,0.8642688742985256,0.8742999809180817,0.8453518513692386,0.9709,0.0,0,0,True,0,0,True,0,0,True,0,0,True,0,0,True
R0,1,SRC14,cross_DM_positive_50,event/main_reference_plan_domain,8,8,0.8579,0.8619473331206559,0.8720537333224582,0.8429036447300111,0.9696,0.0,0,0,True,0,0,True,0,0,True,0,0,True,0,0,True
R0,1,SRC14,cross_DM_positive_75,event/main_reference_plan_domain,8,8,0.85355,0.8576490223485609,0.8678922429753676,0.8383753993292258,0.9672,0.0,0,0,True,0,0,True,0,0,True,0,0,True,0,0,True
R0,2,MO12,C0,event/main_reference_plan_domain,8,8,0.8459,0.8500869307569938,0.860563046673658,0.8304226427310931,0.95455,0.0,0,0,True,0,0,True,0,0,True,0,0,True,0,0,True
R0,2,MO12,within_positive_25,event/main_reference_plan_domain,8,8,0.85095,0.8550793195593624,0.8654027769561409,0.8356709995302327,0.95595,0.0,0,0,True,0,0,True,0,0,True,0,0,True,0,0,True
R0,2,MO12,within_positive_50,event/main_reference_plan_domain,8,8,0.85015,0.8542885537875662,0.8646364724882021,0.8348391913271547,0.9562,0.0,0,0,True,0,0,True,0,0,True,0,0,True,0,0,True
R0,2,MO12,within_positive_75,event/main_reference_plan_domain,8,8,0.8483,0.8524597516318378,0.8628638339620718,0.8329161941058736,0.9554,0.0,0,0,True,0,0,True,0,0,True,0,0,True,0,0,True
R0,2,MO12,within_NDF_opposed_25,event/main_reference_plan_domain,8,8,0.847,0.8511745182490444,0.8616177337794871,0.8315653609005234,0.9562,0.0,0,0,True,0,0,True,0,0,True,0,0,True,0,0,True
R0,2,MO12,within_NDF_opposed_50,event/main_reference_plan_domain,8,8,0.8483,0.8524597516318378,0.8628638339620718,0.8329161941058736,0.9536,0.0,0,0,True,0,0,True,0,0,True,0,0,True,0,0,True
R0,2,MO12,within_NDF_opposed_75,event/main_reference_plan_domain,8,8,0.84685,0.8510262152900329,0.8614739286528963,0.831409519858634,0.9482,0.0,0,0,True,0,0,True,0,0,True,0,0,True,0,0,True
R0,2,MO12,cross_DM_positive_25,event/main_reference_plan_domain,8,8,0.8431,0.847318190387223,0.8578771865323171,0.8275151072201158,0.9524,0.0,0,0,True,0,0,True,0,0,True,0,0,True,0,0,True
R0,2,MO12,cross_DM_positive_50,event/main_reference_plan_domain,8,8,0.84235,0.8465764826112071,0.8571574701804665,0.8267365924969737,0.9504,0.0,0,0,True,0,0,True,0,0,True,0,0,True,0,0,True
R0,2,MO12,cross_DM_positive_75,event/main_reference_plan_domain,8,8,0.84025,0.8444995216465816,0.8551416230202714,0.8245573924360079,0.94785,0.0,0,0,True,0,0,True,0,0,True,0,0,True,0,0,True
R0,2,TAB,C0,event/main_reference_plan_domain,8,8,0.90885,0.9121785470736662,0.9203901111417485,0.8963468689757739,0.95935,5e-05,0,0,True,0,0,True,0,0,True,0,0,True,0,0,True
R0,2,TAB,within_positive_25,event/main_reference_plan_domain,8,8,0.91215,0.9154229963090743,0.9234886462236479,0.8998405190361991,0.9607,0.0,0,0,True,0,0,True,0,0,True,0,0,True,0,0,True
R0,2,TAB,within_positive_50,event/main_reference_plan_domain,8,8,0.9156,0.9188134259973538,0.9267226783726122,0.9034983135028634,0.9607,0.0,0,0,True,0,0,True,0,0,True,0,0,True,0,0,True
R0,2,TAB,within_positive_75,event/main_reference_plan_domain,8,8,0.9141,0.9173395189923093,0.9253172672179396,0.901907278737852,0.9611,0.0,0,0,True,0,0,True,0,0,True,0,0,True,0,0,True
R0,2,TAB,within_NDF_opposed_25,event/main_reference_plan_domain,8,8,0.91045,0.9137517833577222,0.9218930391990205,0.8980401522653496,0.961,0.0001,0,0,True,0,0,True,0,0,True,0,0,True,0,0,True
R0,2,TAB,within_NDF_opposed_50,event/main_reference_plan_domain,8,8,0.9094,0.9127193826412761,0.920906869980468,0.8969288078639748,0.95725,0.0001,0,0,True,0,0,True,0,0,True,0,0,True,0,0,True
R0,2,TAB,within_NDF_opposed_75,event/main_reference_plan_domain,8,8,0.9055,0.9088835808358064,0.9172397686585144,0.8928051418278781,0.95205,0.00015,0,0,True,0,0,True,0,0,True,0,0,True,0,0,True
R0,2,TAB,cross_DM_positive_25,event/main_reference_plan_domain,8,8,0.9069,0.91026074389243,0.918556910037129,0.8942846866044433,0.95665,5e-05,0,0,True,0,0,True,0,0,True,0,0,True,0,0,True
R0,2,TAB,cross_DM_positive_50,event/main_reference_plan_domain,8,8,0.90425,0.9076537783995599,0.9160630607443064,0.8914848081360662,0.95405,5e-05,0,0,True,0,0,True,0,0,True,0,0,True,0,0,True
R0,2,TAB,cross_DM_positive_75,event/main_reference_plan_domain,8,8,0.90325,0.906669807882809,0.9151212345013331,0.8904290008331796,0.95265,5e-05,0,0,True,0,0,True,0,0,True,0,0,True,0,0,True
R0,2,NARROW,C0,event/main_reference_plan_domain,8,8,0.80565,0.8102443041590716,0.8218035288383512,0.7887770518835514,0.9697,0.0,0,0,True,0,0,True,0,0,True,0,0,True,0,0,True
R0,2,NARROW,within_positive_25,event/main_reference_plan_domain,8,8,0.8095,0.8140589532693244,0.8255239022368402,0.7927476055954169,0.97165,0.0,0,0,True,0,0,True,0,0,True,0,0,True,0,0,True
R0,2,NARROW,within_positive_50,event/main_reference_plan_domain,8,8,0.8089,0.8134645089016854,0.8249442698981145,0.7921286519339531,0.97315,0.0,0,0,True,0,0,True,0,0,True,0,0,True,0,0,True
R0,2,NARROW,within_positive_75,event/main_reference_plan_domain,8,8,0.80575,0.8103433948223495,0.8219001936602153,0.7888801514103723,0.97535,0.0,0,0,True,0,0,True,0,0,True,0,0,True,0,0,True
R0,2,NARROW,within_NDF_opposed_25,event/main_reference_plan_domain,8,8,0.8009,0.8055369619041925,0.8172100318951735,0.7838817417809073,0.97175,0.0,0,0,True,0,0,True,0,0,True,0,0,True,0,0,True
R0,2,NARROW,within_NDF_opposed_50,event/main_reference_plan_domain,8,8,0.79155,0.7962679452022325,0.8081574093929795,0.7742563941200232,0.97045,0.0,0,0,True,0,0,True,0,0,True,0,0,True,0,0,True
R0,2,NARROW,within_NDF_opposed_75,event/main_reference_plan_domain,8,8,0.7783,0.7831262519516391,0.7953057152944164,0.7606393016550533,0.96745,0.0,0,0,True,0,0,True,0,0,True,0,0,True,0,0,True
R0,2,NARROW,cross_DM_positive_25,event/main_reference_plan_domain,8,8,0.8028,0.8074200240205592,0.8190478789234816,0.7858394176831333,0.96665,0.0,0,0,True,0,0,True,0,0,True,0,0,True,0,0,True
R0,2,NARROW,cross_DM_positive_50,event/main_reference_plan_domain,8,8,0.8021,0.8067262835855487,0.8183708464500815,0.7851180996203293,0.9641,0.0,0,0,True,0,0,True,0,0,True,0,0,True,0,0,True
R0,2,NARROW,cross_DM_positive_75,event/main_reference_plan_domain,8,8,0.79965,0.8042980152352464,0.8160005997697372,0.7825941192672068,0.96235,0.0,0,0,True,0,0,True,0,0,True,0,0,True,0,0,True
R0,2,SRC12,C0,event/main_reference_plan_domain,8,8,0.89235,0.8959375405807981,0.9048303270617164,0.8789456890395793,0.961,5e-05,0,0,True,0,0,True,0,0,True,0,0,True,0,0,True
R0,2,SRC12,within_positive_25,event/main_reference_plan_domain,8,8,0.89745,0.9009606064447215,0.9096508707418361,0.8843130857349658,0.9614,0.0,0,0,True,0,0,True,0,0,True,0,0,True,0,0,True
R0,2,SRC12,within_positive_50,event/main_reference_plan_domain,8,8,0.9015,0.9049475895357646,0.9134720729192393,0.8885823031694855,0.96245,0.0,0,0,True,0,0,True,0,0,True,0,0,True,0,0,True
R0,2,SRC12,within_positive_75,event/main_reference_plan_domain,8,8,0.89965,0.9031265928819474,0.9117273648321871,0.8866313879042083,0.95985,0.0,0,0,True,0,0,True,0,0,True,0,0,True,0,0,True
R0,2,SRC12,within_NDF_opposed_25,event/main_reference_plan_domain,8,8,0.89445,0.8980061788371517,0.9068163910011476,0.8811546599566795,0.96265,0.0001,0,0,True,0,0,True,0,0,True,0,0,True,0,0,True
R0,2,SRC12,within_NDF_opposed_50,event/main_reference_plan_domain,8,8,0.89445,0.8980061788371517,0.9068163910011476,0.8811546599566795,0.96005,0.00015,0,0,True,0,0,True,0,0,True,0,0,True,0,0,True
R0,2,SRC12,within_NDF_opposed_75,event/main_reference_plan_domain,8,8,0.89095,0.8945582084134911,0.9035054257824588,0.87747389998143,0.95345,0.00015,0,0,True,0,0,True,0,0,True,0,0,True,0,0,True
R0,2,SRC12,cross_DM_positive_25,event/main_reference_plan_domain,8,8,0.88935,0.8929815985159589,0.9019904289930918,0.8757926788335402,0.95785,5e-05,0,0,True,0,0,True,0,0,True,0,0,True,0,0,True
R0,2,SRC12,cross_DM_positive_50,event/main_reference_plan_domain,8,8,0.888,0.8916511461451263,0.900711478628869,0.8743748199844159,0.95525,5e-05,0,0,True,0,0,True,0,0,True,0,0,True,0,0,True
R0,2,SRC12,cross_DM_positive_75,event/main_reference_plan_domain,8,8,0.8869,0.8905669487869321,0.8996689234787034,0.8732199748186298,0.9537,5e-05,0,0,True,0,0,True,0,0,True,0,0,True,0,0,True
R0,2,SRC14,C0,event/main_reference_plan_domain,8,8,0.86085,0.8648615467990192,0.8748732711380462,0.8459771451261674,0.97465,0.0001,0,0,True,0,0,True,0,0,True,0,0,True,0,0,True
R0,2,SRC14,within_positive_25,event/main_reference_plan_domain,8,8,0.869,0.872909455015729,0.8826513019371512,0.854479876444234,0.9776,0.0,0,0,True,0,0,True,0,0,True,0,0,True,0,0,True
R0,2,SRC14,within_positive_50,event/main_reference_plan_domain,8,8,0.8764,0.8802124089167842,0.8896979986620355,0.8622157058480715,0.9793,0.0,0,0,True,0,0,True,0,0,True,0,0,True,0,0,True
R0,2,SRC14,within_positive_75,event/main_reference_plan_domain,8,8,0.87555,0.8793737768812014,0.8888893708416258,0.86132634113785,0.98035,0.0,0,0,True,0,0,True,0,0,True,0,0,True,0,0,True
R0,2,SRC14,within_NDF_opposed_25,event/main_reference_plan_domain,8,8,0.8565,0.8605641074729667,0.8707148996363114,0.8414457820358263,0.978,0.00015,0,0,True,0,0,True,0,0,True,0,0,True,0,0,True
R0,2,SRC14,within_NDF_opposed_50,event/main_reference_plan_domain,8,8,0.8516,0.8557217864249871,0.8660252908045827,0.8363469521887883,0.9788,0.0002,0,0,True,0,0,True,0,0,True,0,0,True,0,0,True
R0,2,SRC14,within_NDF_opposed_75,event/main_reference_plan_domain,8,8,0.8421,0.8463292391652304,0.8569175378115774,0.826477114498628,0.97935,0.00025,0,0,True,0,0,True,0,0,True,0,0,True,0,0,True
R0,2,SRC14,cross_DM_positive_25,event/main_reference_plan_domain,8,8,0.85765,0.8617003383138654,0.8718146908559224,0.8426432771416057,0.9723,0.0001,0,0,True,0,0,True,0,0,True,0,0,True,0,0,True
R0,2,SRC14,cross_DM_positive_50,event/main_reference_plan_domain,8,8,0.85605,0.8601194710609843,0.870284459425291,0.8409772840873708,0.97025,0.0001,0,0,True,0,0,True,0,0,True,0,0,True,0,0,True
R0,2,SRC14,cross_DM_positive_75,event/main_reference_plan_domain,8,8,0.85295,0.8570560531360312,0.867317890841549,0.8377511670934505,0.9685,0.0001,0,0,True,0,0,True,0,0,True,0,0,True,0,0,True
A,0,MO12,C0,event/main_reference_plan_domain,332,332,0.00045,0.000785129188884636,0.0020454450446400476,2.3300127491264535e-05,0.8088,0.0,132,93,False,181,165,False,248,241,False,303,299,False,315,313,False
A,0,MO12,within_positive_25,event/main_reference_plan_domain,332,332,0.00055,0.0009102116731305438,0.0022308163642941444,4.2397511008666094e-05,0.81725,0.0,128,93,False,183,164,False,245,237,False,301,297,False,319,314,False
A,0,MO12,within_positive_50,event/main_reference_plan_domain,332,332,0.00075,0.001154622703752633,0.0025832529217497072,9.46852415813398e-05,0.82085,0.0,125,90,False,184,165,False,247,237,False,303,296,False,322,320,False
A,0,MO12,within_positive_75,event/main_reference_plan_domain,332,332,0.0011,0.0015703707682022357,0.0031610806912143216,0.0002197432695517641,0.8204,0.0,122,89,False,189,168,False,248,238,False,303,298,False,325,324,False
A,0,MO12,within_NDF_opposed_25,event/main_reference_plan_domain,332,332,0.00055,0.0009102116731305438,0.0022308163642941444,4.2397511008666094e-05,0.7743,0.0,125,86,False,177,159,False,250,242,False,304,300,False,316,314,False
A,0,MO12,within_NDF_opposed_50,event/main_reference_plan_domain,332,332,0.0005,0.0008479633438665878,0.0021390523385868866,3.218945622514028e-05,0.73595,0.0,113,85,False,173,157,False,254,244,False,305,301,False,322,317,False
A,0,MO12,within_NDF_opposed_75,event/main_reference_plan_domain,332,332,0.0005,0.0008479633438665878,0.0021390523385868866,3.218945622514028e-05,0.6906,0.0,111,74,False,163,154,False,256,246,False,305,304,False,323,322,False
A,0,MO12,cross_DM_positive_25,event/main_reference_plan_domain,332,332,0.0016,0.0021485325062133194,0.003934126452791773,0.00044714576885376416,0.8078,0.0,91,60,False,170,146,False,243,237,False,300,296,False,316,313,False
A,0,MO12,cross_DM_positive_50,event/main_reference_plan_domain,332,332,0.00415,0.004979033023024599,0.0074734500218260865,0.002001403603203241,0.80715,0.0,53,18,False,151,113,False,235,229,False,298,289,False,316,313,False
A,0,MO12,cross_DM_positive_75,event/main_reference_plan_domain,332,332,0.0069,0.00794304311658987,0.01098242917060596,0.0039846649484255705,0.8059,0.0,9,0,False,109,77,False,228,215,False,292,281,False,315,313,False
A,0,TAB,C0,event/main_reference_plan_domain,332,332,0.1278,0.13174819901951546,0.1421767849552655,0.11429959213894847,0.87615,0.00045,0,0,True,0,0,True,0,0,True,0,0,True,69,59,False
A,0,TAB,within_positive_25,event/main_reference_plan_domain,332,332,0.12845,0.13240653881399575,0.1428561293137584,0.11491871297959375,0.8787,0.00035,0,0,True,0,0,True,0,0,True,0,0,True,72,61,False
A,0,TAB,within_positive_50,event/main_reference_plan_domain,332,332,0.1261,0.13002623069676394,0.1403994779014436,0.11268091352302116,0.88015,0.0005,0,0,True,0,0,True,0,0,True,0,0,True,80,64,False
A,0,TAB,within_positive_75,event/main_reference_plan_domain,332,332,0.12435,0.12825337635626471,0.1385690385996081,0.11101548558907011,0.87825,0.00035,0,0,True,0,0,True,0,0,True,0,0,True,88,70,False
A,0,TAB,within_NDF_opposed_25,event/main_reference_plan_domain,332,332,0.1277,0.1316469130509054,0.14207225997661216,0.1142043532451935,0.8583,0.0004,0,0,True,0,0,True,0,0,True,0,0,True,62,53,False
A,0,TAB,within_NDF_opposed_50,event/main_reference_plan_domain,332,332,0.12825,0.13220397622493202,0.14264711281176867,0.11472820172276331,0.83305,0.00015,0,0,True,0,0,True,0,0,True,0,0,True,57,48,False
A,0,TAB,within_NDF_opposed_75,event/main_reference_plan_domain,332,332,0.1255,0.12941842255347677,0.13977199759496736,0.11210981073485872,0.79425,0.0002,0,0,True,0,0,True,0,0,True,0,0,True,55,46,False
A,0,TAB,cross_DM_positive_25,event/main_reference_plan_domain,332,332,0.14555,0.14971475798713124,0.16068809328959638,0.13124638790872958,0.87465,0.00045,0,0,True,0,0,True,0,0,True,0,0,True,51,40,False
A,0,TAB,cross_DM_positive_50,event/main_reference_plan_domain,332,332,0.16165,0.16599297764112061,0.1774134603738443,0.1466830433460955,0.8718,0.00045,0,0,True,0,0,True,0,0,True,0,0,True,34,24,False
A,0,TAB,cross_DM_positive_75,event/main_reference_plan_domain,332,332,0.1759,0.18038803246934348,0.19217155833055433,0.16039134647016728,0.87005,0.00045,0,0,True,0,0,True,0,0,True,0,0,True,20,5,False
A,0,NARROW,C0,event/main_reference_plan_domain,332,332,0.0,0.00014977539622296285,0.00100419630571992,0.0,0.8088,0.0,162,144,False,201,188,False,253,246,False,304,300,False,316,313,False
A,0,NARROW,within_positive_25,event/main_reference_plan_domain,332,332,0.0,0.00014977539622296285,0.00100419630571992,0.0,0.81725,0.0,166,147,False,202,189,False,250,241,False,302,299,False,320,315,False
A,0,NARROW,within_positive_50,event/main_reference_plan_domain,332,332,0.0,0.00014977539622296285,0.00100419630571992,0.0,0.8209,0.0,165,143,False,202,189,False,250,241,False,305,297,False,325,322,False
A,0,NARROW,within_positive_75,event/main_reference_plan_domain,332,332,0.0,0.00014977539622296285,0.00100419630571992,0.0,0.8204,0.0,167,148,False,207,197,False,253,244,False,304,300,False,325,325,False
A,0,NARROW,within_NDF_opposed_25,event/main_reference_plan_domain,332,332,0.0,0.00014977539622296285,0.00100419630571992,0.0,0.7743,0.0,162,144,False,201,189,False,255,246,False,305,301,False,317,315,False
A,0,NARROW,within_NDF_opposed_50,event/main_reference_plan_domain,332,332,0.0,0.00014977539622296285,0.00100419630571992,0.0,0.73595,0.0,160,143,False,200,190,False,260,248,False,307,302,False,324,319,False
A,0,NARROW,within_NDF_opposed_75,event/main_reference_plan_domain,332,332,0.0,0.00014977539622296285,0.00100419630571992,0.0,0.6906,0.0,163,143,False,196,189,False,263,252,False,308,306,False,325,325,False
A,0,NARROW,cross_DM_positive_25,event/main_reference_plan_domain,332,332,0.0,0.00014977539622296285,0.00100419630571992,0.0,0.8078,0.0,160,142,False,199,186,False,249,240,False,301,297,False,317,313,False
A,0,NARROW,cross_DM_positive_50,event/main_reference_plan_domain,332,332,0.0,0.00014977539622296285,0.00100419630571992,0.0,0.80715,0.0,156,141,False,192,181,False,245,239,False,300,293,False,316,313,False
A,0,NARROW,cross_DM_positive_75,event/main_reference_plan_domain,332,332,0.0,0.00014977539622296285,0.00100419630571992,0.0,0.8059,0.0,150,137,False,189,174,False,240,232,False,297,289,False,316,313,False
A,0,SRC12,C0,event/main_reference_plan_domain,332,332,0.0215,0.023264467482522116,0.02814629136455384,0.015983373953437567,0.87625,0.0005,0,0,True,0,0,False,27,14,False,97,86,False,122,119,False
A,0,SRC12,within_positive_25,event/main_reference_plan_domain,332,332,0.0186,0.020249330820517962,0.024837061156065345,0.0134997898066758,0.8787,0.00045,0,0,True,0,0,False,34,20,False,95,89,False,124,121,False
A,0,SRC12,within_positive_50,event/main_reference_plan_domain,332,332,0.0182,0.019832720608813182,0.024378018926928174,0.013159828687835438,0.88015,0.0005,0,0,True,1,0,False,32,20,False,99,91,False,125,122,False
A,0,SRC12,within_positive_75,event/main_reference_plan_domain,332,332,0.0184,0.020041049599937424,0.024607625060465925,0.013329724041491096,0.87825,0.00035,0,0,True,0,0,False,33,24,False,102,92,False,130,127,False
A,0,SRC12,within_NDF_opposed_25,event/main_reference_plan_domain,332,332,0.02385,0.02570180330682245,0.030806661260241015,0.018017223940624178,0.8583,0.00045,0,0,True,0,0,False,23,15,False,94,83,False,121,118,False
A,0,SRC12,within_NDF_opposed_50,event/main_reference_plan_domain,332,332,0.02675,0.028703409912746777,0.034067679757515325,0.020549113318076743,0.8331,0.0002,0,0,True,0,0,True,17,12,False,92,81,False,121,118,False
A,0,SRC12,within_NDF_opposed_75,event/main_reference_plan_domain,332,332,0.0306,0.03267943718370356,0.03836534971042924,0.023942081913601976,0.7942,0.0002,0,0,True,0,0,True,15,8,False,89,81,False,123,120,False
A,0,SRC12,cross_DM_positive_25,event/main_reference_plan_domain,332,332,0.0283,0.030305269605690056,0.03580191095087233,0.021911106681059982,0.87465,0.0005,0,0,True,0,0,True,12,6,False,82,71,False,120,115,False
A,0,SRC12,cross_DM_positive_50,event/main_reference_plan_domain,332,332,0.03785,0.040144873843665205,0.04638025846140251,0.030409663371451803,0.8718,0.0005,0,0,True,0,0,True,4,1,False,65,53,False,117,112,False
A,0,SRC12,cross_DM_positive_75,event/main_reference_plan_domain,332,332,0.04825,0.05081647660227645,0.057743821807824294,0.03982115698702211,0.87005,0.0005,0,0,True,0,0,True,0,0,False,39,30,False,114,111,False
A,0,SRC14,C0,event/main_reference_plan_domain,332,332,0.0069,0.00794304311658987,0.01098242917060596,0.0039846649484255705,0.87625,0.0005,5,0,False,30,20,False,83,72,False,116,115,False,131,130,False
A,0,SRC14,within_positive_25,event/main_reference_plan_domain,332,332,0.0057,0.006656254419924933,0.009474414571526948,0.0030960189450899736,0.8787,0.00045,6,1,False,30,22,False,83,72,False,118,116,False,131,131,False
A,0,SRC14,within_positive_50,event/main_reference_plan_domain,332,332,0.0064,0.007407894213836702,0.01035765712176081,0.00361081941429039,0.88015,0.0005,5,0,False,31,23,False,87,76,False,120,117,False,136,131,False
A,0,SRC14,within_positive_75,event/main_reference_plan_domain,332,332,0.0059,0.006871321695692692,0.00972787105807786,0.0032420006858688596,0.87825,0.00035,6,1,False,37,25,False,90,83,False,121,120,False,147,140,False
A,0,SRC14,within_NDF_opposed_25,event/main_reference_plan_domain,332,332,0.00665,0.007675636553710166,0.010670634810540662,0.0037971489580219814,0.8583,0.00045,4,0,False,29,22,False,83,73,False,117,116,False,131,131,False
A,0,SRC14,within_NDF_opposed_50,event/main_reference_plan_domain,332,332,0.00645,0.007461470458934927,0.010420350517665738,0.0036479872112104303,0.8331,0.0002,4,0,False,30,20,False,85,77,False,120,116,False,132,131,False
A,0,SRC14,within_NDF_opposed_75,event/main_reference_plan_domain,332,332,0.0062,0.0071934454585050505,0.010106377201732374,0.0034626558502765963,0.7942,0.0002,4,0,False,31,20,False,89,78,False,121,120,False,139,132,False
A,0,SRC14,cross_DM_positive_25,event/main_reference_plan_domain,332,332,0.00775,0.008849942454303202,0.012034477116956484,0.004630294189380992,0.87465,0.0005,3,0,False,25,17,False,77,65,False,116,113,False,131,129,False
A,0,SRC14,cross_DM_positive_50,event/main_reference_plan_domain,332,332,0.0093,0.010496026515244238,0.013925810151042347,0.005834802057261546,0.8718,0.0005,0,0,False,20,7,False,63,58,False,112,106,False,131,129,False
A,0,SRC14,cross_DM_positive_75,event/main_reference_plan_domain,332,332,0.01215,0.013503234919371207,0.01733451992483665,0.008118640369833893,0.87005,0.0005,0,0,False,10,4,False,58,48,False,105,99,False,130,127,False
A,1,MO12,C0,event/main_reference_plan_domain,332,332,0.0005,0.0008479633438665878,0.0021390523385868866,3.218945622514028e-05,0.81015,0.0,127,97,False,175,160,False,244,237,False,300,292,False,314,313,False
A,1,MO12,within_positive_25,event/main_reference_plan_domain,332,332,0.0004,0.0007216163854094394,0.0019497220414306281,1.581713736962673e-05,0.81795,0.0,126,100,False,177,162,False,245,236,False,300,294,False,319,314,False
A,1,MO12,within_positive_50,event/main_reference_plan_domain,332,332,0.00065,0.0010332303267696738,0.002409646574382999,6.641453108472095e-05,0.82595,0.0,130,92,False,181,162,False,245,237,False,303,296,False,322,320,False
A,1,MO12,within_positive_75,event/main_reference_plan_domain,332,332,0.0009,0.001334298498903393,0.0028358196075919397,0.00014384726712847348,0.82405,0.0,126,93,False,186,163,False,247,238,False,303,293,False,325,324,False
A,1,MO12,within_NDF_opposed_25,event/main_reference_plan_domain,332,332,0.00035,0.0006573046474672341,0.0018515351071123373,9.815631827980338e-06,0.7748,0.0,124,92,False,173,156,False,245,239,False,301,297,False,316,314,False
A,1,MO12,within_NDF_opposed_50,event/main_reference_plan_domain,332,332,0.0003,0.0005920333003445921,0.0017504265193601972,5.338370139502852e-06,0.7369,0.0,119,92,False,173,157,False,249,242,False,304,300,False,322,316,False
A,1,MO12,within_NDF_opposed_75,event/main_reference_plan_domain,332,332,0.00015,0.000387636755786371,0.001421810398703473,1.1212746529802918e-07,0.6885,0.0,115,80,False,169,156,False,253,244,False,305,303,False,323,322,False
A,1,MO12,cross_DM_positive_25,event/main_reference_plan_domain,332,332,0.0023,0.0029398487491096013,0.004955028003537344,0.0008249656398168254,0.8092,0.0,89,64,False,166,143,False,241,235,False,297,290,False,314,313,False
A,1,MO12,cross_DM_positive_50,event/main_reference_plan_domain,332,332,0.00435,0.005196659663970196,0.007735881082638544,0.0021383968981768466,0.80705,0.0,55,18,False,147,109,False,234,221,False,293,283,False,314,313,False
A,1,MO12,cross_DM_positive_75,event/main_reference_plan_domain,332,332,0.0069,0.00794304311658987,0.01098242917060596,0.0039846649484255705,0.8059,0.0,16,0,False,109,77,False,223,211,False,288,279,False,313,313,False
A,1,TAB,C0,event/main_reference_plan_domain,332,332,0.12795,0.1319001265083421,0.1423335671835542,0.11444245572148765,0.88055,0.00025,0,0,True,0,0,True,0,0,True,0,0,True,67,58,False
A,1,TAB,within_positive_25,event/main_reference_plan_domain,332,332,0.12795,0.1319001265083421,0.1423335671835542,0.11444245572148765,0.8815,0.00035,0,0,True,0,0,True,0,0,True,0,0,True,68,60,False
A,1,TAB,within_positive_50,event/main_reference_plan_domain,332,332,0.1284,0.13235589845794357,0.1428038762304633,0.11487108412274881,0.88415,0.00035,0,0,True,0,0,True,0,0,True,0,0,True,75,63,False
A,1,TAB,within_positive_75,event/main_reference_plan_domain,332,332,0.12805,0.1320014105259732,0.14243808518002501,0.11453770160033667,0.88055,0.00045,0,0,True,0,0,True,0,0,True,0,0,True,85,65,False
A,1,TAB,within_NDF_opposed_25,event/main_reference_plan_domain,332,332,0.1282,0.1321533350919873,0.1425948569481138,0.11468057564743901,0.85915,0.0002,0,0,True,0,0,True,0,0,True,0,0,True,61,52,False
A,1,TAB,within_NDF_opposed_50,event/main_reference_plan_domain,332,332,0.1262,0.1301275292685174,0.1405040479840346,0.11277610729378959,0.83455,0.00025,0,0,True,0,0,True,0,0,True,0,0,True,55,46,False
A,1,TAB,within_NDF_opposed_75,event/main_reference_plan_domain,332,332,0.12415,0.12805074874188047,0.13835978938718413,0.11082520714155673,0.79395,0.00035,0,0,True,0,0,True,0,0,True,0,0,True,53,43,False
A,1,TAB,cross_DM_positive_25,event/main_reference_plan_domain,332,332,0.1459,0.15006880697701813,0.16105231335453227,0.1315813420288796,0.8777,0.00025,0,0,True,0,0,True,0,0,True,0,0,True,51,37,False
A,1,TAB,cross_DM_positive_50,event/main_reference_plan_domain,332,332,0.1616,0.16594244854750081,0.17736160551920385,0.14663501611407131,0.8758,0.00025,0,0,True,0,0,True,0,0,True,0,0,True,33,24,False
A,1,TAB,cross_DM_positive_75,event/main_reference_plan_domain,332,332,0.1735,0.17796438052459412,0.1896887701353129,0.1580797925912416,0.87485,0.00025,0,0,True,0,0,True,0,0,True,0,0,True,21,7,False
A,1,NARROW,C0,event/main_reference_plan_domain,332,332,0.0,0.00014977539622296285,0.00100419630571992,0.0,0.81015,0.0,157,140,False,199,187,False,249,241,False,301,293,False,315,313,False
A,1,NARROW,within_positive_25,event/main_reference_plan_domain,332,332,0.0,0.00014977539622296285,0.00100419630571992,0.0,0.81795,0.0,159,142,False,200,185,False,248,241,False,301,296,False,320,315,False
A,1,NARROW,within_positive_50,event/main_reference_plan_domain,332,332,0.0,0.00014977539622296285,0.00100419630571992,0.0,0.82595,0.0,162,144,False,201,186,False,250,243,False,305,297,False,325,321,False
A,1,NARROW,within_positive_75,event/main_reference_plan_domain,332,332,0.0,0.00014977539622296285,0.00100419630571992,0.0,0.8241,0.0,170,148,False,206,191,False,254,243,False,304,297,False,325,325,False
A,1,NARROW,within_NDF_opposed_25,event/main_reference_plan_domain,332,332,0.0,0.00014977539622296285,0.00100419630571992,0.0,0.7748,0.0,158,141,False,199,183,False,249,242,False,302,300,False,317,315,False
A,1,NARROW,within_NDF_opposed_50,event/main_reference_plan_domain,332,332,0.0,0.00014977539622296285,0.00100419630571992,0.0,0.7369,0.0,161,142,False,199,185,False,254,247,False,306,302,False,324,318,False
A,1,NARROW,within_NDF_opposed_75,event/main_reference_plan_domain,332,332,0.0,0.00014977539622296285,0.00100419630571992,0.0,0.68855,0.0,165,147,False,198,188,False,260,251,False,308,305,False,325,325,False
A,1,NARROW,cross_DM_positive_25,event/main_reference_plan_domain,332,332,0.0,0.00014977539622296285,0.00100419630571992,0.0,0.8092,0.0,155,140,False,194,181,False,247,238,False,299,291,False,315,313,False
A,1,NARROW,cross_DM_positive_50,event/main_reference_plan_domain,332,332,0.0,0.00014977539622296285,0.00100419630571992,0.0,0.80705,0.0,150,138,False,189,178,False,243,232,False,297,289,False,315,313,False
A,1,NARROW,cross_DM_positive_75,event/main_reference_plan_domain,332,332,0.0,0.00014977539622296285,0.00100419630571992,0.0,0.80595,0.0,144,134,False,185,173,False,241,226,False,293,283,False,313,313,False
A,1,SRC12,C0,event/main_reference_plan_domain,332,332,0.02105,0.022797168972272196,0.02763481137456763,0.01559596478220991,0.8806,0.00025,0,0,True,0,0,False,27,14,False,95,86,False,122,118,False
A,1,SRC12,within_positive_25,event/main_reference_plan_domain,332,332,0.0196,0.021290046024106418,0.025981782035583947,0.01435258355558077,0.8815,0.00035,0,0,True,0,0,False,29,19,False,95,88,False,123,121,False
A,1,SRC12,within_positive_50,event/main_reference_plan_domain,332,332,0.0186,0.020249330820517962,0.024837061156065345,0.0134997898066758,0.88415,0.0004,0,0,True,0,0,False,28,20,False,95,87,False,125,122,False
A,1,SRC12,within_positive_75,event/main_reference_plan_domain,332,332,0.01855,0.020197264952362088,0.024779717926110598,0.013457257536864598,0.88055,0.00045,0,0,True,0,0,False,32,22,False,100,92,False,130,125,False
A,1,SRC12,within_NDF_opposed_25,event/main_reference_plan_domain,332,332,0.0242,0.0260644081054402,0.03120145149874916,0.018321575556412204,0.85915,0.0002,0,0,True,0,0,False,20,12,False,90,83,False,120,118,False
A,1,SRC12,within_NDF_opposed_50,event/main_reference_plan_domain,332,332,0.02805,0.030047011851138623,0.03552257686342947,0.021691049074659748,0.8346,0.00025,0,0,True,0,0,True,15,10,False,88,78,False,120,118,False
A,1,SRC12,within_NDF_opposed_75,event/main_reference_plan_domain,332,332,0.0302,0.03226676402127143,0.037920338979897855,0.023588062845849262,0.79395,0.00035,0,0,True,0,0,True,14,8,False,86,77,False,121,120,False
A,1,SRC12,cross_DM_positive_25,event/main_reference_plan_domain,332,332,0.02815,0.030150319758573716,0.035634327640304345,0.021779054947018258,0.87775,0.00025,0,0,True,0,0,True,11,6,False,81,71,False,120,114,False
A,1,SRC12,cross_DM_positive_50,event/main_reference_plan_domain,332,332,0.0377,0.039990662732618434,0.04621531169010197,0.03027497119052858,0.87585,0.00025,0,0,True,0,0,True,4,2,False,66,54,False,115,113,False
A,1,SRC12,cross_DM_positive_75,event/main_reference_plan_domain,332,332,0.0468,0.04933078270957193,0.05616724447429203,0.038501202948376355,0.87485,0.00025,0,0,True,0,0,True,1,0,False,42,33,False,114,110,False
A,1,SRC14,C0,event/main_reference_plan_domain,332,332,0.0071,0.008156738672914346,0.011231054775552012,0.004135489805087452,0.8806,0.00025,3,0,False,28,17,False,82,67,False,116,114,False,131,129,False
A,1,SRC14,within_positive_25,event/main_reference_plan_domain,332,332,0.0067,0.0077291441326628445,0.010733086270002502,0.0038345593221363362,0.8815,0.00035,4,0,False,28,18,False,83,69,False,117,115,False,131,131,False
A,1,SRC14,within_positive_50,event/main_reference_plan_domain,332,332,0.0068,0.007836119604056937,0.010857849306168586,0.003909520304422608,0.88415,0.0004,5,0,False,31,21,False,84,73,False,120,117,False,134,131,False
A,1,SRC14,within_positive_75,event/main_reference_plan_domain,332,332,0.00555,0.006494777543357446,0.009283701949648858,0.002987154289930527,0.88055,0.00045,6,1,False,35,24,False,88,83,False,121,121,False,145,140,False
A,1,SRC14,within_NDF_opposed_25,event/main_reference_plan_domain,332,332,0.00715,0.008210131777751851,0.011293102596719883,0.004173304895581773,0.8592,0.0002,3,0,False,27,17,False,80,67,False,116,114,False,131,131,False
A,1,SRC14,within_NDF_opposed_50,event/main_reference_plan_domain,332,332,0.00715,0.008210131777751851,0.011293102596719883,0.004173304895581773,0.8346,0.00025,3,0,False,28,19,False,82,72,False,120,116,False,132,131,False
A,1,SRC14,within_NDF_opposed_75,event/main_reference_plan_domain,332,332,0.00615,0.007139796470480789,0.010043427656637256,0.003425744848961624,0.79395,0.00035,4,0,False,30,18,False,88,78,False,121,119,False,137,132,False
A,1,SRC14,cross_DM_positive_25,event/main_reference_plan_domain,332,332,0.008,0.009116064617636348,0.012341739124539243,0.00482235505733271,0.8778,0.00025,1,0,False,22,14,False,74,64,False,115,109,False,131,129,False
A,1,SRC14,cross_DM_positive_50,event/main_reference_plan_domain,332,332,0.00985,0.011078119575200851,0.014589848477084586,0.006269308169584412,0.87585,0.00025,0,0,False,14,7,False,61,56,False,108,105,False,130,128,False
A,1,SRC14,cross_DM_positive_75,event/main_reference_plan_domain,332,332,0.0135,0.014920990363821418,0.018925366255650868,0.009224329217595285,0.87485,0.00025,0,0,False,10,2,False,56,46,False,105,98,False,130,127,False
A,2,MO12,C0,event/main_reference_plan_domain,332,332,0.00045,0.000785129188884636,0.0020454450446400476,2.3300127491264535e-05,0.80735,0.0,121,98,False,175,157,False,243,236,False,300,291,False,314,313,False
A,2,MO12,within_positive_25,event/main_reference_plan_domain,332,332,0.00065,0.0010332303267696738,0.002409646574382999,6.641453108472095e-05,0.8122,0.0,125,100,False,178,160,False,243,236,False,299,290,False,319,314,False
A,2,MO12,within_positive_50,event/main_reference_plan_domain,332,332,0.00065,0.0010332303267696738,0.002409646574382999,6.641453108472095e-05,0.81805,0.0,128,90,False,183,163,False,240,231,False,300,290,False,322,320,False
A,2,MO12,within_positive_75,event/main_reference_plan_domain,332,332,0.00085,0.0012746905846741877,0.0027525595671048695,0.00012663969047457135,0.82115,0.0,127,91,False,183,165,False,242,232,False,302,292,False,325,324,False
A,2,MO12,within_NDF_opposed_25,event/main_reference_plan_domain,332,332,0.0005,0.0008479633438665878,0.0021390523385868866,3.218945622514028e-05,0.7699,0.0,121,90,False,170,155,False,243,236,False,301,295,False,316,314,False
A,2,MO12,within_NDF_opposed_50,event/main_reference_plan_domain,332,332,0.0004,0.0007216163854094394,0.0019497220414306281,1.581713736962673e-05,0.73035,0.0,114,87,False,168,152,False,247,237,False,303,300,False,321,316,False
A,2,MO12,within_NDF_opposed_75,event/main_reference_plan_domain,332,332,0.00045,0.000785129188884636,0.0020454450446400476,2.3300127491264535e-05,0.68105,0.0,113,79,False,163,150,False,251,240,False,305,301,False,323,322,False
A,2,MO12,cross_DM_positive_25,event/main_reference_plan_domain,332,332,0.0015,0.0020339815325980636,0.0037831579079121986,0.000398176564747629,0.8076,0.0,92,64,False,165,146,False,238,233,False,298,290,False,314,313,False
A,2,MO12,cross_DM_positive_50,event/main_reference_plan_domain,332,332,0.0039,0.004706388195056506,0.007143274533077463,0.001832299326229953,0.80535,0.0,60,30,False,146,114,False,234,223,False,294,284,False,314,313,False
A,2,MO12,cross_DM_positive_75,event/main_reference_plan_domain,332,332,0.00695,0.007996485737275405,0.011044651631887321,0.0040223049231577325,0.8066,0.0,21,0,False,111,81,False,227,215,False,291,278,False,313,313,False
A,2,TAB,C0,event/main_reference_plan_domain,332,332,0.13125,0.13524209194564904,0.14578120396139513,0.11758702743422546,0.87425,0.0004,0,0,True,0,0,True,0,0,True,0,0,True,64,55,False
A,2,TAB,within_positive_25,event/main_reference_plan_domain,332,332,0.1278,0.13174819901951546,0.1421767849552655,0.11429959213894847,0.8785,0.00035,0,0,True,0,0,True,0,0,True,0,0,True,67,58,False
A,2,TAB,within_positive_50,event/main_reference_plan_domain,332,332,0.12575,0.1296716794336669,0.14003346020232763,0.11234775774493833,0.88225,0.0002,0,0,True,0,0,True,0,0,True,0,0,True,78,63,False
A,2,TAB,within_positive_75,event/main_reference_plan_domain,332,332,0.12435,0.12825337635626471,0.1385690385996081,0.11101548558907011,0.88105,0.0003,0,0,True,0,0,True,0,0,True,0,0,True,88,70,False
A,2,TAB,within_NDF_opposed_25,event/main_reference_plan_domain,332,332,0.1332,0.13721650156879756,0.1478170547838489,0.11944657310607629,0.8539,0.0003,0,0,True,0,0,True,0,0,True,0,0,True,59,50,False
A,2,TAB,within_NDF_opposed_50,event/main_reference_plan_domain,332,332,0.13025,0.1342294631838828,0.14473678061751988,0.11663381171165545,0.82935,0.00045,0,0,True,0,0,True,0,0,True,0,0,True,55,44,False
A,2,TAB,within_NDF_opposed_75,event/main_reference_plan_domain,332,332,0.1264,0.1303301240317693,0.14071317963084232,0.11296650335730711,0.7878,0.00045,0,0,True,0,0,True,0,0,True,0,0,True,52,42,False
A,2,TAB,cross_DM_positive_25,event/main_reference_plan_domain,332,332,0.1474,0.15158606840926997,0.16261292941353878,0.13301718688103412,0.87395,0.0004,0,0,True,0,0,True,0,0,True,0,0,True,47,35,False
A,2,TAB,cross_DM_positive_50,event/main_reference_plan_domain,332,332,0.16225,0.1665993154186988,0.17803567801674294,0.14725941075671461,0.8712,0.0004,0,0,True,0,0,True,0,0,True,0,0,True,33,22,False
A,2,TAB,cross_DM_positive_75,event/main_reference_plan_domain,332,332,0.1747,0.1791762447258539,0.19093030108169698,0.1592354326419956,0.8714,0.0004,0,0,True,0,0,True,0,0,True,0,0,True,20,5,False
A,2,NARROW,C0,event/main_reference_plan_domain,332,332,0.0,0.00014977539622296285,0.00100419630571992,0.0,0.80735,0.0,155,141,False,194,182,False,249,238,False,301,293,False,315,313,False
A,2,NARROW,within_positive_25,event/main_reference_plan_domain,332,332,0.0,0.00014977539622296285,0.00100419630571992,0.0,0.8122,0.0,155,140,False,198,184,False,246,240,False,300,291,False,320,315,False
A,2,NARROW,within_positive_50,event/main_reference_plan_domain,332,332,0.0,0.00014977539622296285,0.00100419630571992,0.0,0.8181,0.0,157,142,False,200,188,False,244,239,False,301,293,False,325,321,False
A,2,NARROW,within_positive_75,event/main_reference_plan_domain,332,332,0.0,0.00014977539622296285,0.00100419630571992,0.0,0.82115,0.0,164,144,False,203,189,False,248,234,False,303,294,False,325,325,False
A,2,NARROW,within_NDF_opposed_25,event/main_reference_plan_domain,332,332,0.0,0.00014977539622296285,0.00100419630571992,0.0,0.7699,0.0,155,141,False,194,182,False,249,239,False,302,297,False,317,315,False
A,2,NARROW,within_NDF_opposed_50,event/main_reference_plan_domain,332,332,0.0,0.00014977539622296285,0.00100419630571992,0.0,0.7303,0.0,154,141,False,195,184,False,251,242,False,305,301,False,323,317,False
A,2,NARROW,within_NDF_opposed_75,event/main_reference_plan_domain,332,332,0.0,0.00014977539622296285,0.00100419630571992,0.0,0.68105,0.0,158,141,False,196,184,False,256,248,False,308,303,False,325,325,False
A,2,NARROW,cross_DM_positive_25,event/main_reference_plan_domain,332,332,0.0,0.00014977539622296285,0.00100419630571992,0.0,0.8076,0.0,149,139,False,188,178,False,246,237,False,299,291,False,315,313,False
A,2,NARROW,cross_DM_positive_50,event/main_reference_plan_domain,332,332,0.0,0.00014977539622296285,0.00100419630571992,0.0,0.8054,0.0,144,137,False,187,176,False,241,235,False,297,290,False,316,313,False
A,2,NARROW,cross_DM_positive_75,event/main_reference_plan_domain,332,332,0.0,0.00014977539622296285,0.00100419630571992,0.0,0.8066,0.0,142,133,False,184,171,False,239,228,False,295,286,False,315,313,False
A,2,SRC12,C0,event/main_reference_plan_domain,332,332,0.02245,0.024250361444466177,0.02922385533923042,0.01680346929252293,0.87425,0.0004,0,0,True,0,0,False,24,11,False,96,85,False,122,119,False
A,2,SRC12,within_positive_25,event/main_reference_plan_domain,332,332,0.0211,0.022849100719827705,0.027691677006728786,0.015638975654105717,0.8785,0.00035,0,0,True,0,0,False,29,18,False,96,87,False,123,121,False
A,2,SRC12,within_positive_50,event/main_reference_plan_domain,332,332,0.01965,0.021342052513076318,0.02603891386084198,0.014395327684364837,0.88225,0.0002,0,0,True,0,0,False,33,20,False,98,91,False,125,122,False
A,2,SRC12,within_positive_75,event/main_reference_plan_domain,332,332,0.0193,0.020977949587037588,0.02563878633194438,0.014096323969034921,0.88105,0.00035,0,0,True,0,0,False,35,24,False,103,93,False,130,127,False
A,2,SRC12,within_NDF_opposed_25,event/main_reference_plan_domain,332,332,0.02575,0.027669079489072726,0.032945709055176894,0.019673525102587432,0.8539,0.0003,0,0,True,0,0,False,17,11,False,91,80,False,121,117,False
A,2,SRC12,within_NDF_opposed_50,event/main_reference_plan_domain,332,332,0.02985,0.03190559906377715,0.037530683631918575,0.02327856754489646,0.8294,0.00045,0,0,True,0,0,True,14,9,False,88,78,False,121,118,False
A,2,SRC12,within_NDF_opposed_75,event/main_reference_plan_domain,332,332,0.03065,0.032731014902474265,0.038420953120804444,0.023986357263704086,0.7878,0.0005,0,0,True,0,0,True,15,7,False,88,77,False,121,120,False
A,2,SRC12,cross_DM_positive_25,event/main_reference_plan_domain,332,332,0.02915,0.03118305146829051,0.036750596290293584,0.022660354820509057,0.87395,0.0004,0,0,True,0,0,True,9,5,False,78,69,False,120,115,False
A,2,SRC12,cross_DM_positive_50,event/main_reference_plan_domain,332,332,0.0384,0.040710234567386185,0.04698477756068143,0.03090382080463941,0.8712,0.0004,0,0,True,0,0,True,4,1,False,63,49,False,117,113,False
A,2,SRC12,cross_DM_positive_75,event/main_reference_plan_domain,332,332,0.04805,0.05061159080752345,0.057526496860275805,0.03963896022079457,0.8714,0.0004,0,0,True,0,0,True,0,0,False,39,26,False,114,111,False
A,2,SRC14,C0,event/main_reference_plan_domain,332,332,0.0079,0.009009647058295918,0.012218944906976078,0.0047454198112370696,0.8742,0.0004,2,0,False,24,17,False,74,67,False,116,114,False,131,130,False
A,2,SRC14,within_positive_25,event/main_reference_plan_domain,332,332,0.00715,0.008210131777751851,0.011293102596719883,0.004173304895581773,0.8785,0.00035,4,0,False,27,19,False,81,67,False,118,116,False,131,131,False
A,2,SRC14,within_positive_50,event/main_reference_plan_domain,332,332,0.00645,0.007461470458934927,0.010420350517665738,0.0036479872112104303,0.88225,0.0002,5,0,False,31,22,False,84,74,False,120,117,False,134,131,False
A,2,SRC14,within_positive_75,event/main_reference_plan_domain,332,332,0.00625,0.007247079552372064,0.010169274312900043,0.0034996194158836936,0.8811,0.00035,5,0,False,36,25,False,91,84,False,121,121,False,148,140,False
A,2,SRC14,within_NDF_opposed_25,event/main_reference_plan_domain,332,332,0.00765,0.00874341937659287,0.011911310201726715,0.004553732695563044,0.8539,0.0003,2,0,False,26,17,False,74,67,False,116,115,False,131,131,False
A,2,SRC14,within_NDF_opposed_50,event/main_reference_plan_domain,332,332,0.00815,0.009275614611870493,0.0125256607129083,0.004938028431425351,0.82945,0.00045,1,0,False,26,17,False,81,69,False,119,116,False,132,131,False
A,2,SRC14,within_NDF_opposed_75,event/main_reference_plan_domain,332,332,0.0074,0.008476918872652098,0.011602712155418525,0.004363011631280305,0.78785,0.0005,2,0,False,29,17,False,87,75,False,121,119,False,135,132,False
A,2,SRC14,cross_DM_positive_25,event/main_reference_plan_domain,332,332,0.0083,0.009435075200541437,0.012709266352655613,0.005054018654788193,0.87395,0.0004,1,0,False,22,14,False,70,59,False,116,110,False,131,129,False
A,2,SRC14,cross_DM_positive_50,event/main_reference_plan_domain,332,332,0.01015,0.011395237102794824,0.014950678002366468,0.006507688607488416,0.8712,0.0004,0,0,False,15,7,False,62,55,False,111,106,False,131,129,False
A,2,SRC14,cross_DM_positive_75,event/main_reference_plan_domain,332,332,0.01265,0.014028764655742905,0.017925267041314284,0.008526605906329086,0.8714,0.0004,0,0,False,9,2,False,56,44,False,106,98,False,130,127,False
B,0,MO12,C0,event/main_reference_plan_domain,1,1,0.95085,0.9533407654760322,0.9593584385471554,0.9412787343920122,0.95085,0.0,0,0,True,0,0,True,0,0,True,0,0,True,0,0,True
B,0,MO12,within_positive_25,event/main_reference_plan_domain,1,1,0.954,0.9564125413809651,0.9622260616243283,0.944703576146743,0.954,0.0,0,0,True,0,0,True,0,0,True,0,0,True,0,0,True
B,0,MO12,within_positive_50,event/main_reference_plan_domain,1,1,0.95595,0.9583125616073154,0.963995702195683,0.9468292647860549,0.95595,0.0,0,0,True,0,0,True,0,0,True,0,0,True,0,0,True
B,0,MO12,within_positive_75,event/main_reference_plan_domain,1,1,0.9556,0.9579716243016309,0.963678402807737,0.9464474028956555,0.9556,0.0,0,0,True,0,0,True,0,0,True,0,0,True,0,0,True
B,0,MO12,within_NDF_opposed_25,event/main_reference_plan_domain,1,1,0.9542,0.9566074718844376,0.9624077654671013,0.9449213934774942,0.9542,0.0,0,0,True,0,0,True,0,0,True,0,0,True,0,0,True
B,0,MO12,within_NDF_opposed_50,event/main_reference_plan_domain,1,1,0.95395,0.9563638067745713,0.9621806285906473,0.9446491288791398,0.95395,0.0,0,0,True,0,0,True,0,0,True,0,0,True,0,0,True
B,0,MO12,within_NDF_opposed_75,event/main_reference_plan_domain,1,1,0.9505,0.9529992757469434,0.9590391662094441,0.9408988432758253,0.9505,0.0,0,0,True,0,0,True,0,0,True,0,0,True,0,0,True
B,0,MO12,cross_DM_positive_25,event/main_reference_plan_domain,1,1,0.9488,0.9513401210257735,0.9574866633267262,0.9390554075601377,0.9488,0.0,0,0,True,0,0,True,0,0,True,0,0,True,0,0,True
B,0,MO12,cross_DM_positive_50,event/main_reference_plan_domain,1,1,0.946,0.948605700526835,0.9549235440603069,0.936025210062415,0.946,0.0,0,0,True,0,0,True,0,0,True,0,0,True,0,0,True
B,0,MO12,cross_DM_positive_75,event/main_reference_plan_domain,1,1,0.9438,0.946455833635687,0.9529046852274118,0.9336493151508505,0.9438,0.0,0,0,True,0,0,True,0,0,True,0,0,True,0,0,True
B,0,TAB,C0,event/main_reference_plan_domain,1,1,0.95495,0.9573383471985378,0.9630887474987088,0.9457386153885694,0.95495,0.0,0,0,True,0,0,True,0,0,True,0,0,True,0,0,True
B,0,TAB,within_positive_25,event/main_reference_plan_domain,1,1,0.95745,0.9597732484981475,0.9653538678281363,0.9484675026619266,0.95745,0.0,0,0,True,0,0,True,0,0,True,0,0,True,0,0,True
B,0,TAB,within_positive_50,event/main_reference_plan_domain,1,1,0.95965,0.9619141373491398,0.9673406603531552,0.9508754290716702,0.95965,0.0,0,0,True,0,0,True,0,0,True,0,0,True,0,0,True
B,0,TAB,within_positive_75,event/main_reference_plan_domain,1,1,0.96025,0.9624977013342423,0.9678813891091366,0.9515332586401121,0.96025,0.0,0,0,True,0,0,True,0,0,True,0,0,True,0,0,True
B,0,TAB,within_NDF_opposed_25,event/main_reference_plan_domain,1,1,0.95785,0.9601626322060843,0.9657155711886966,0.9489048396757003,0.95785,5e-05,0,0,True,0,0,True,0,0,True,0,0,True,0,0,True
B,0,TAB,within_NDF_opposed_50,event/main_reference_plan_domain,1,1,0.95695,0.9592864393602231,0.9649014547741828,0.9479211149098332,0.95695,5e-05,0,0,True,0,0,True,0,0,True,0,0,True,0,0,True
B,0,TAB,within_NDF_opposed_75,event/main_reference_plan_domain,1,1,0.954,0.9564125413809651,0.9622260616243283,0.944703576146743,0.954,5e-05,0,0,True,0,0,True,0,0,True,0,0,True,0,0,True
B,0,TAB,cross_DM_positive_25,event/main_reference_plan_domain,1,1,0.95305,0.9554864499840477,0.9613623558665388,0.9436695556496251,0.95305,0.0,0,0,True,0,0,True,0,0,True,0,0,True,0,0,True
B,0,TAB,cross_DM_positive_50,event/main_reference_plan_domain,1,1,0.95085,0.9533407654760322,0.9593584385471554,0.9412787343920122,0.95085,0.0,0,0,True,0,0,True,0,0,True,0,0,True,0,0,True
B,0,TAB,cross_DM_positive_75,event/main_reference_plan_domain,1,1,0.94885,0.9513889310843918,0.9575323658663577,0.939109585609368,0.94885,0.0,0,0,True,0,0,True,0,0,True,0,0,True,0,0,True
B,0,NARROW,C0,event/main_reference_plan_domain,1,1,0.96645,0.9685190236868773,0.9734373763206654,0.9583623326329074,0.96645,0.0,0,0,True,0,0,True,0,0,True,0,0,True,0,0,True
B,0,NARROW,within_positive_25,event/main_reference_plan_domain,1,1,0.9695,0.9714743671910209,0.9761464535482375,0.9617458723250634,0.9695,0.0,0,0,True,0,0,True,0,0,True,0,0,True,0,0,True
B,0,NARROW,within_positive_50,event/main_reference_plan_domain,1,1,0.97205,0.97394116514027,0.9783969337657834,0.9645891969072783,0.97205,0.0,0,0,True,0,0,True,0,0,True,0,0,True,0,0,True
B,0,NARROW,within_positive_75,event/main_reference_plan_domain,1,1,0.9725,0.9743760590257586,0.978792568292171,0.9650924666517207,0.9725,0.0,0,0,True,0,0,True,0,0,True,0,0,True,0,0,True
B,0,NARROW,within_NDF_opposed_25,event/main_reference_plan_domain,1,1,0.9693,0.9712807293060629,0.9759693623227362,0.9615234485244414,0.9693,0.0,0,0,True,0,0,True,0,0,True,0,0,True,0,0,True
B,0,NARROW,within_NDF_opposed_50,event/main_reference_plan_domain,1,1,0.9699,0.9718615740841977,0.9765003904360576,0.9621909651073892,0.9699,0.0,0,0,True,0,0,True,0,0,True,0,0,True,0,0,True
B,0,NARROW,within_NDF_opposed_75,event/main_reference_plan_domain,1,1,0.968,0.9700215398348854,0.9748163324452674,0.9600796277644756,0.968,0.0,0,0,True,0,0,True,0,0,True,0,0,True,0,0,True
B,0,NARROW,cross_DM_positive_25,event/main_reference_plan_domain,1,1,0.9631,0.9652676580290415,0.9704428114547387,0.9546649793152437,0.9631,0.0,0,0,True,0,0,True,0,0,True,0,0,True,0,0,True
B,0,NARROW,cross_DM_positive_50,event/main_reference_plan_domain,1,1,0.961,0.9632269584742928,0.9685565938737589,0.9523562508896641,0.961,0.0,0,0,True,0,0,True,0,0,True,0,0,True,0,0,True
B,0,NARROW,cross_DM_positive_75,event/main_reference_plan_domain,1,1,0.9591,0.9613790828903878,0.9668445610936497,0.9502728493298366,0.9591,0.0,0,0,True,0,0,True,0,0,True,0,0,True,0,0,True
B,0,SRC12,C0,event/main_reference_plan_domain,1,1,0.9566,0.9589456211320423,0.9645845805732027,0.9475388283279137,0.9566,0.0,0,0,True,0,0,True,0,0,True,0,0,True,0,0,True
B,0,SRC12,within_positive_25,event/main_reference_plan_domain,1,1,0.95955,0.9618168632438061,0.9672504909144,0.9507658387297286,0.95955,0.0,0,0,True,0,0,True,0,0,True,0,0,True,0,0,True
B,0,SRC12,within_positive_50,event/main_reference_plan_domain,1,1,0.96065,0.9628866661636637,0.9682415971443193,0.9519720891380852,0.96065,0.0,0,0,True,0,0,True,0,0,True,0,0,True,0,0,True
B,0,SRC12,within_positive_75,event/main_reference_plan_domain,1,1,0.9602,0.9624490763237791,0.96783634737513,0.9514784205375941,0.9602,0.0,0,0,True,0,0,True,0,0,True,0,0,True,0,0,True
B,0,SRC12,within_NDF_opposed_25,event/main_reference_plan_domain,1,1,0.9582,0.9605032959156532,0.9660318937042434,0.9492876772860214,0.9582,5e-05,0,0,True,0,0,True,0,0,True,0,0,True,0,0,True
B,0,SRC12,within_NDF_opposed_50,event/main_reference_plan_domain,1,1,0.95945,0.9617195853345768,0.9671603078969504,0.9506562619496042,0.95945,5e-05,0,0,True,0,0,True,0,0,True,0,0,True,0,0,True
B,0,SRC12,within_NDF_opposed_75,event/main_reference_plan_domain,1,1,0.955,0.9573870657479024,0.9631341231901965,0.9457931199337813,0.955,5e-05,0,0,True,0,0,True,0,0,True,0,0,True,0,0,True
B,0,SRC12,cross_DM_positive_25,event/main_reference_plan_domain,1,1,0.95385,0.9562663351937476,0.9620897540663236,0.9445402427914656,0.95385,0.0,0,0,True,0,0,True,0,0,True,0,0,True,0,0,True
B,0,SRC12,cross_DM_positive_50,event/main_reference_plan_domain,1,1,0.9516,0.9540724099638135,0.9600421677127641,0.9420932121773331,0.9516,0.0,0,0,True,0,0,True,0,0,True,0,0,True,0,0,True
B,0,SRC12,cross_DM_positive_75,event/main_reference_plan_domain,1,1,0.95005,0.9525601662729298,0.9586284901301371,0.9404105947236451,0.95005,0.0,0,0,True,0,0,True,0,0,True,0,0,True,0,0,True
B,0,SRC14,C0,event/main_reference_plan_domain,1,1,0.97005,0.9720067527072379,0.9766330313422659,0.9623579601937308,0.97005,0.0,0,0,True,0,0,True,0,0,True,0,0,True,0,0,True
B,0,SRC14,within_positive_25,event/main_reference_plan_domain,1,1,0.9751,0.9768860349010472,0.9810686792175021,0.9680100081106062,0.9751,0.0,0,0,True,0,0,True,0,0,True,0,0,True,0,0,True
B,0,SRC14,within_positive_50,event/main_reference_plan_domain,1,1,0.97825,0.9799198975119336,0.9838011004992455,0.971569850720916,0.97825,0.0,0,0,True,0,0,True,0,0,True,0,0,True,0,0,True
B,0,SRC14,within_positive_75,event/main_reference_plan_domain,1,1,0.97835,0.9800160678484879,0.983887335934507,0.9716833687203541,0.97835,0.0,0,0,True,0,0,True,0,0,True,0,0,True,0,0,True
B,0,SRC14,within_NDF_opposed_25,event/main_reference_plan_domain,1,1,0.97395,0.9757764506098351,0.9800640657502552,0.9667174328812977,0.97395,5e-05,0,0,True,0,0,True,0,0,True,0,0,True,0,0,True
B,0,SRC14,within_NDF_opposed_50,event/main_reference_plan_domain,1,1,0.9764,0.9781391183600865,0.9821999517944713,0.9694755496387698,0.9764,5e-05,0,0,True,0,0,True,0,0,True,0,0,True,0,0,True
B,0,SRC14,within_NDF_opposed_75,event/main_reference_plan_domain,1,1,0.9763,0.9780427758368786,0.9821131035511185,0.969362643269557,0.9763,0.0,0,0,True,0,0,True,0,0,True,0,0,True,0,0,True
B,0,SRC14,cross_DM_positive_25,event/main_reference_plan_domain,1,1,0.96755,0.9695854536678608,0.974416447562351,0.9595806016664131,0.96755,0.0,0,0,True,0,0,True,0,0,True,0,0,True,0,0,True
B,0,SRC14,cross_DM_positive_50,event/main_reference_plan_domain,1,1,0.9652,0.9673064409555251,0.9723221897834576,0.9569805378259204,0.9652,0.0,0,0,True,0,0,True,0,0,True,0,0,True,0,0,True
B,0,SRC14,cross_DM_positive_75,event/main_reference_plan_domain,1,1,0.96385,0.9659960230918394,0.9711148325876995,0.9554911510246943,0.96385,0.0,0,0,True,0,0,True,0,0,True,0,0,True,0,0,True
B,1,MO12,C0,event/main_reference_plan_domain,1,1,0.9559,0.9582638587915833,0.9639503826874434,0.9467747041220406,0.9559,0.0,0,0,True,0,0,True,0,0,True,0,0,True,0,0,True
B,1,MO12,within_positive_25,event/main_reference_plan_domain,1,1,0.957,0.9593351242114737,0.9649467101379969,0.9479757396432776,0.957,0.0,0,0,True,0,0,True,0,0,True,0,0,True,0,0,True
B,1,MO12,within_positive_50,event/main_reference_plan_domain,1,1,0.9581,0.960405967939863,0.9659415319535538,0.94917827902018,0.9581,0.0,0,0,True,0,0,True,0,0,True,0,0,True,0,0,True
B,1,MO12,within_positive_75,event/main_reference_plan_domain,1,1,0.95685,0.959189067050231,0.9648109347365394,0.9478118747419734,0.95685,0.0,0,0,True,0,0,True,0,0,True,0,0,True,0,0,True
B,1,MO12,within_NDF_opposed_25,event/main_reference_plan_domain,1,1,0.9568,0.9591403795943758,0.9647656700729907,0.9477572592972967,0.9568,0.0,0,0,True,0,0,True,0,0,True,0,0,True,0,0,True
B,1,MO12,within_NDF_opposed_50,event/main_reference_plan_domain,1,1,0.95715,0.9594811735328388,0.9650824575474148,0.9481396325035476,0.95715,0.0,0,0,True,0,0,True,0,0,True,0,0,True,0,0,True
B,1,MO12,within_NDF_opposed_75,event/main_reference_plan_domain,1,1,0.9525,0.954950164522959,0.9608618610987468,0.9430713662961661,0.9525,0.0,0,0,True,0,0,True,0,0,True,0,0,True,0,0,True
B,1,MO12,cross_DM_positive_25,event/main_reference_plan_domain,1,1,0.95385,0.9562663351937476,0.9620897540663236,0.9445402427914656,0.95385,0.0,0,0,True,0,0,True,0,0,True,0,0,True,0,0,True
B,1,MO12,cross_DM_positive_50,event/main_reference_plan_domain,1,1,0.9517,0.9541699501352299,0.9601332872136229,0.9422018535559984,0.9517,0.0,0,0,True,0,0,True,0,0,True,0,0,True,0,0,True
B,1,MO12,cross_DM_positive_75,event/main_reference_plan_domain,1,1,0.94915,0.9516817771218424,0.9578065299674755,0.9394347049892353,0.94915,0.0,0,0,True,0,0,True,0,0,True,0,0,True,0,0,True
B,1,TAB,C0,event/main_reference_plan_domain,1,1,0.95975,0.9620114076370209,0.9674308161649482,0.9509850330236028,0.95975,0.0,0,0,True,0,0,True,0,0,True,0,0,True,0,0,True
B,1,TAB,within_positive_25,event/main_reference_plan_domain,1,1,0.9612,0.9634213892142253,0.968736513450281,0.9525758503446622,0.9612,0.0,0,0,True,0,0,True,0,0,True,0,0,True,0,0,True
B,1,TAB,within_positive_50,event/main_reference_plan_domain,1,1,0.96145,0.9636644049068933,0.968961331787084,0.9528504306928905,0.96145,0.0,0,0,True,0,0,True,0,0,True,0,0,True,0,0,True
B,1,TAB,within_positive_75,event/main_reference_plan_domain,1,1,0.9617,0.9639073951209862,0.9691860591902454,0.9531251018572102,0.9617,0.0,0,0,True,0,0,True,0,0,True,0,0,True,0,0,True
B,1,TAB,within_NDF_opposed_25,event/main_reference_plan_domain,1,1,0.9615,0.9637130049956195,0.9690062845695353,0.9529053576333943,0.9615,5e-05,0,0,True,0,0,True,0,0,True,0,0,True,0,0,True
B,1,TAB,within_NDF_opposed_50,event/main_reference_plan_domain,1,1,0.96095,0.9631783482790677,0.9685116050201529,0.9523013599739049,0.96095,0.0001,0,0,True,0,0,True,0,0,True,0,0,True,0,0,True
B,1,TAB,within_NDF_opposed_75,event/main_reference_plan_domain,1,1,0.95565,0.958020332137897,0.9637237402433693,0.9465019456529669,0.95565,0.0001,0,0,True,0,0,True,0,0,True,0,0,True,0,0,True
B,1,TAB,cross_DM_positive_25,event/main_reference_plan_domain,1,1,0.9567,0.9590430020881322,0.9646751314820302,0.9476480376609067,0.9567,0.0,0,0,True,0,0,True,0,0,True,0,0,True,0,0,True
B,1,TAB,cross_DM_positive_50,event/main_reference_plan_domain,1,1,0.95495,0.9573383471985378,0.9630887474987088,0.9457386153885694,0.95495,0.0,0,0,True,0,0,True,0,0,True,0,0,True,0,0,True
B,1,TAB,cross_DM_positive_75,event/main_reference_plan_domain,1,1,0.95355,0.9559739015946183,0.9618170631499093,0.9442136517970062,0.95355,0.0,0,0,True,0,0,True,0,0,True,0,0,True,0,0,True
B,1,NARROW,C0,event/main_reference_plan_domain,1,1,0.9694,0.9713775510956392,0.976057918086398,0.9616346502895707,0.9694,0.0,0,0,True,0,0,True,0,0,True,0,0,True,0,0,True
B,1,NARROW,within_positive_25,event/main_reference_plan_domain,1,1,0.97245,0.9743277440768854,0.9787486323975647,0.9650365243332585,0.97245,0.0,0,0,True,0,0,True,0,0,True,0,0,True,0,0,True
B,1,NARROW,within_positive_50,event/main_reference_plan_domain,1,1,0.97345,0.9752937219396866,0.9796262061260829,0.966156512931084,0.97345,0.0,0,0,True,0,0,True,0,0,True,0,0,True,0,0,True
B,1,NARROW,within_positive_75,event/main_reference_plan_domain,1,1,0.9739,0.9757281857598442,0.9800203083472976,0.9666613123763893,0.9739,0.0,0,0,True,0,0,True,0,0,True,0,0,True,0,0,True
B,1,NARROW,within_NDF_opposed_25,event/main_reference_plan_domain,1,1,0.972,0.9738928354196587,0.97835294523201,0.9645333071402551,0.972,0.0,0,0,True,0,0,True,0,0,True,0,0,True,0,0,True
B,1,NARROW,within_NDF_opposed_50,event/main_reference_plan_domain,1,1,0.9727,0.9745693021465676,0.9789682524538842,0.9653162952424718,0.9727,0.0,0,0,True,0,0,True,0,0,True,0,0,True,0,0,True
B,1,NARROW,within_NDF_opposed_75,event/main_reference_plan_domain,1,1,0.9699,0.9718615740841977,0.9765003904360576,0.9621909651073892,0.9699,0.0,0,0,True,0,0,True,0,0,True,0,0,True,0,0,True
B,1,NARROW,cross_DM_positive_25,event/main_reference_plan_domain,1,1,0.96655,0.9686159972181739,0.9735264732180362,0.9584729940741542,0.96655,0.0,0,0,True,0,0,True,0,0,True,0,0,True,0,0,True
B,1,NARROW,cross_DM_positive_50,event/main_reference_plan_domain,1,1,0.9646,0.9667241365427007,0.9717859559468085,0.9563182192857436,0.9646,0.0,0,0,True,0,0,True,0,0,True,0,0,True,0,0,True
B,1,NARROW,cross_DM_positive_75,event/main_reference_plan_domain,1,1,0.96325,0.9654133508123472,0.9705772862288023,0.954830143204755,0.96325,0.0,0,0,True,0,0,True,0,0,True,0,0,True,0,0,True
B,1,SRC12,C0,event/main_reference_plan_domain,1,1,0.9601,0.9623518233844639,0.9677462534900179,0.9513687547365414,0.9601,0.0,0,0,True,0,0,True,0,0,True,0,0,True,0,0,True
B,1,SRC12,within_positive_25,event/main_reference_plan_domain,1,1,0.9615,0.9637130049956195,0.9690062845695353,0.9529053576333943,0.9615,0.0,0,0,True,0,0,True,0,0,True,0,0,True,0,0,True
B,1,SRC12,within_positive_50,event/main_reference_plan_domain,1,1,0.9614,0.9636158037990363,0.9689163753673306,0.952795507384987,0.9614,0.0,0,0,True,0,0,True,0,0,True,0,0,True,0,0,True
B,1,SRC12,within_positive_75,event/main_reference_plan_domain,1,1,0.95955,0.9618168632438061,0.9672504909144,0.9507658387297286,0.95955,0.0,0,0,True,0,0,True,0,0,True,0,0,True,0,0,True
B,1,SRC12,within_NDF_opposed_25,event/main_reference_plan_domain,1,1,0.9607,0.9629352823337574,0.9682866073237086,0.9520269587552708,0.9607,5e-05,0,0,True,0,0,True,0,0,True,0,0,True,0,0,True
B,1,SRC12,within_NDF_opposed_50,event/main_reference_plan_domain,1,1,0.96005,0.9623031954591186,0.9677012013513959,0.9513139270255474,0.96005,0.0001,0,0,True,0,0,True,0,0,True,0,0,True,0,0,True
B,1,SRC12,within_NDF_opposed_75,event/main_reference_plan_domain,1,1,0.9561,0.9584586649999625,0.9641316426718347,0.9469929648057525,0.9561,0.0002,0,0,True,0,0,True,0,0,True,0,0,True,0,0,True
B,1,SRC12,cross_DM_positive_25,event/main_reference_plan_domain,1,1,0.95815,0.9604546323805696,0.9659867144454927,0.9492329765384604,0.95815,0.0,0,0,True,0,0,True,0,0,True,0,0,True,0,0,True
B,1,SRC12,cross_DM_positive_50,event/main_reference_plan_domain,1,1,0.9561,0.9584586649999625,0.9641316426718347,0.9469929648057525,0.9561,0.0,0,0,True,0,0,True,0,0,True,0,0,True,0,0,True
B,1,SRC12,cross_DM_positive_75,event/main_reference_plan_domain,1,1,0.95335,0.9557789302445076,0.9616352134300403,0.9439959801811689,0.95335,0.0,0,0,True,0,0,True,0,0,True,0,0,True,0,0,True
B,1,SRC14,C0,event/main_reference_plan_domain,1,1,0.9746,0.9764037280083443,0.9806323219324196,0.9674475884663492,0.9746,0.0,0,0,True,0,0,True,0,0,True,0,0,True,0,0,True
B,1,SRC14,within_positive_25,event/main_reference_plan_domain,1,1,0.9775,0.9791983254120297,0.9831532865724156,0.9707195118313804,0.9775,0.0,0,0,True,0,0,True,0,0,True,0,0,True,0,0,True
B,1,SRC14,within_positive_50,event/main_reference_plan_domain,1,1,0.97845,0.9801122287456445,0.9839735377859057,0.9717969202371495,0.97845,0.0,0,0,True,0,0,True,0,0,True,0,0,True,0,0,True
B,1,SRC14,within_positive_75,event/main_reference_plan_domain,1,1,0.9793,0.9809292059585578,0.9847048646658373,0.9727634942067902,0.9793,0.0,0,0,True,0,0,True,0,0,True,0,0,True,0,0,True
B,1,SRC14,within_NDF_opposed_25,event/main_reference_plan_domain,1,1,0.97735,0.9790539499738,0.9830235066479693,0.9705496607708323,0.97735,5e-05,0,0,True,0,0,True,0,0,True,0,0,True,0,0,True
B,1,SRC14,within_NDF_opposed_50,event/main_reference_plan_domain,1,1,0.979,0.9806409420366999,0.9844470373419197,0.9724220629877173,0.979,0.0001,0,0,True,0,0,True,0,0,True,0,0,True,0,0,True
B,1,SRC14,within_NDF_opposed_75,event/main_reference_plan_domain,1,1,0.9806,0.9821772751774317,0.9858182954968888,0.9742468425221537,0.9806,0.0001,0,0,True,0,0,True,0,0,True,0,0,True,0,0,True
B,1,SRC14,cross_DM_positive_25,event/main_reference_plan_domain,1,1,0.97265,0.9745209938764466,0.978924340357477,0.9652603291658138,0.97265,0.0,0,0,True,0,0,True,0,0,True,0,0,True,0,0,True
B,1,SRC14,cross_DM_positive_50,event/main_reference_plan_domain,1,1,0.96955,0.9715227730949123,0.9761907136358567,0.961801490974242,0.96955,0.0,0,0,True,0,0,True,0,0,True,0,0,True,0,0,True
B,1,SRC14,cross_DM_positive_75,event/main_reference_plan_domain,1,1,0.9679,0.9699246410589046,0.9747275021653378,0.9599687000978774,0.9679,0.0,0,0,True,0,0,True,0,0,True,0,0,True,0,0,True
B,2,MO12,C0,event/main_reference_plan_domain,1,1,0.95615,0.9585073644414185,0.9641769501313939,0.9470475375044757,0.95615,0.0,0,0,True,0,0,True,0,0,True,0,0,True,0,0,True
B,2,MO12,within_positive_25,event/main_reference_plan_domain,1,1,0.9579,0.9602113011517434,0.9657607697640893,0.9489595211299058,0.9579,0.0,0,0,True,0,0,True,0,0,True,0,0,True,0,0,True
B,2,MO12,within_positive_50,event/main_reference_plan_domain,1,1,0.95795,0.9602599691994851,0.9658059651337354,0.9490142057860029,0.95795,0.0,0,0,True,0,0,True,0,0,True,0,0,True,0,0,True
B,2,MO12,within_positive_75,event/main_reference_plan_domain,1,1,0.95635,0.9587021537232663,0.9643581496759254,0.9472658585578282,0.95635,0.0,0,0,True,0,0,True,0,0,True,0,0,True,0,0,True
B,2,MO12,within_NDF_opposed_25,event/main_reference_plan_domain,1,1,0.956,0.9583612635815361,0.9640410186990817,0.9468838284514307,0.956,0.0,0,0,True,0,0,True,0,0,True,0,0,True,0,0,True
B,2,MO12,within_NDF_opposed_50,event/main_reference_plan_domain,1,1,0.9534,0.9558276742479473,0.9616806800239719,0.9440503939257643,0.9534,0.0,0,0,True,0,0,True,0,0,True,0,0,True,0,0,True
B,2,MO12,within_NDF_opposed_75,event/main_reference_plan_domain,1,1,0.94975,0.9522673949260019,0.9583545928476089,0.9400852087988361,0.94975,0.0,0,0,True,0,0,True,0,0,True,0,0,True,0,0,True
B,2,MO12,cross_DM_positive_25,event/main_reference_plan_domain,1,1,0.95385,0.9562663351937476,0.9620897540663236,0.9445402427914656,0.95385,0.0,0,0,True,0,0,True,0,0,True,0,0,True,0,0,True
B,2,MO12,cross_DM_positive_50,event/main_reference_plan_domain,1,1,0.95125,0.9537309962476833,0.9597231668916957,0.9417130498319387,0.95125,0.0,0,0,True,0,0,True,0,0,True,0,0,True,0,0,True
B,2,MO12,cross_DM_positive_75,event/main_reference_plan_domain,1,1,0.9491,0.9516329711577594,0.9577608420552445,0.9393805123275426,0.9491,0.0,0,0,True,0,0,True,0,0,True,0,0,True,0,0,True
B,2,TAB,C0,event/main_reference_plan_domain,1,1,0.9602,0.9624490763237791,0.96783634737513,0.9514784205375941,0.9602,0.0,0,0,True,0,0,True,0,0,True,0,0,True,0,0,True
B,2,TAB,within_positive_25,event/main_reference_plan_domain,1,1,0.96045,0.9626921916069656,0.9680615211749446,0.9517526458763919,0.96045,0.0,0,0,True,0,0,True,0,0,True,0,0,True,0,0,True
B,2,TAB,within_positive_50,event/main_reference_plan_domain,1,1,0.96095,0.9631783482790677,0.9685116050201529,0.9523013599739049,0.96095,0.0,0,0,True,0,0,True,0,0,True,0,0,True,0,0,True
B,2,TAB,within_positive_75,event/main_reference_plan_domain,1,1,0.96135,0.9635672016739494,0.9688714153170405,0.9527405877029318,0.96135,0.0,0,0,True,0,0,True,0,0,True,0,0,True,0,0,True
B,2,TAB,within_NDF_opposed_25,event/main_reference_plan_domain,1,1,0.9606,0.9628380490041342,0.9681965834333283,0.9519172230480117,0.9606,0.0,0,0,True,0,0,True,0,0,True,0,0,True,0,0,True
B,2,TAB,within_NDF_opposed_50,event/main_reference_plan_domain,1,1,0.9579,0.9602113011517434,0.9657607697640893,0.9489595211299058,0.9579,0.0,0,0,True,0,0,True,0,0,True,0,0,True,0,0,True
B,2,TAB,within_NDF_opposed_75,event/main_reference_plan_domain,1,1,0.95295,0.9553889504055108,0.9612713813507091,0.9435607694429464,0.95295,0.00015,0,0,True,0,0,True,0,0,True,0,0,True,0,0,True
B,2,TAB,cross_DM_positive_25,event/main_reference_plan_domain,1,1,0.95745,0.9597732484981475,0.9653538678281363,0.9484675026619266,0.95745,0.0,0,0,True,0,0,True,0,0,True,0,0,True,0,0,True
B,2,TAB,cross_DM_positive_50,event/main_reference_plan_domain,1,1,0.95615,0.9585073644414185,0.9641769501313939,0.9470475375044757,0.95615,0.0,0,0,True,0,0,True,0,0,True,0,0,True,0,0,True
B,2,TAB,cross_DM_positive_75,event/main_reference_plan_domain,1,1,0.9542,0.9566074718844376,0.9624077654671013,0.9449213934774942,0.9542,0.0,0,0,True,0,0,True,0,0,True,0,0,True,0,0,True
B,2,NARROW,C0,event/main_reference_plan_domain,1,1,0.97075,0.9726840765952678,0.9772513935664817,0.9631378982733729,0.97075,0.0,0,0,True,0,0,True,0,0,True,0,0,True,0,0,True
B,2,NARROW,within_positive_25,event/main_reference_plan_domain,1,1,0.9733,0.9751488689807402,0.9794947258384181,0.9659883591351252,0.9733,0.0,0,0,True,0,0,True,0,0,True,0,0,True,0,0,True
B,2,NARROW,within_positive_50,event/main_reference_plan_domain,1,1,0.9741,0.9759212343404923,0.9801952994188189,0.9668858328690396,0.9741,0.0,0,0,True,0,0,True,0,0,True,0,0,True,0,0,True
B,2,NARROW,within_positive_75,event/main_reference_plan_domain,1,1,0.9756,0.9773681495091073,0.9815043517358252,0.9685731112882178,0.9756,0.0,0,0,True,0,0,True,0,0,True,0,0,True,0,0,True
B,2,NARROW,within_NDF_opposed_25,event/main_reference_plan_domain,1,1,0.97175,0.9736511626015992,0.9781329162673923,0.9642539444582645,0.97175,0.0,0,0,True,0,0,True,0,0,True,0,0,True,0,0,True
B,2,NARROW,within_NDF_opposed_50,event/main_reference_plan_domain,1,1,0.9705,0.9724422088784195,0.9770306699454826,0.9628592291195821,0.9705,0.0,0,0,True,0,0,True,0,0,True,0,0,True,0,0,True
B,2,NARROW,within_NDF_opposed_75,event/main_reference_plan_domain,1,1,0.9679,0.9699246410589046,0.9747275021653378,0.9599687000978774,0.9679,0.0,0,0,True,0,0,True,0,0,True,0,0,True,0,0,True
B,2,NARROW,cross_DM_positive_25,event/main_reference_plan_domain,1,1,0.9688,0.9707965358803591,0.975526282299643,0.9609677404395107,0.9688,0.0,0,0,True,0,0,True,0,0,True,0,0,True,0,0,True
B,2,NARROW,cross_DM_positive_50,event/main_reference_plan_domain,1,1,0.9661,0.9681795772311538,0.9731253977250987,0.9579751568423611,0.9661,0.0,0,0,True,0,0,True,0,0,True,0,0,True,0,0,True
B,2,NARROW,cross_DM_positive_75,event/main_reference_plan_domain,1,1,0.9653,0.9674034752652542,0.9724115034893718,0.9570909827675712,0.9653,0.0,0,0,True,0,0,True,0,0,True,0,0,True,0,0,True
B,2,SRC12,C0,event/main_reference_plan_domain,1,1,0.96125,0.9634699943796583,0.9687814843518042,0.9526307591894674,0.96125,0.0,0,0,True,0,0,True,0,0,True,0,0,True,0,0,True
B,2,SRC12,within_positive_25,event/main_reference_plan_domain,1,1,0.9625,0.96468478977021,0.9699045657700802,0.9540046698829783,0.9625,0.0,0,0,True,0,0,True,0,0,True,0,0,True,0,0,True
B,2,SRC12,within_positive_50,event/main_reference_plan_domain,1,1,0.9622,0.9643932981498468,0.9696352377660182,0.9536747200567877,0.9622,0.0,0,0,True,0,0,True,0,0,True,0,0,True,0,0,True
B,2,SRC12,within_positive_75,event/main_reference_plan_domain,1,1,0.9602,0.9624490763237791,0.96783634737513,0.9514784205375941,0.9602,0.0,0,0,True,0,0,True,0,0,True,0,0,True,0,0,True
B,2,SRC12,within_NDF_opposed_25,event/main_reference_plan_domain,1,1,0.9616,0.963810202108046,0.9690961791953606,0.9530152224393186,0.9616,0.0,0,0,True,0,0,True,0,0,True,0,0,True,0,0,True
B,2,SRC12,within_NDF_opposed_50,event/main_reference_plan_domain,1,1,0.958,0.9603086363477774,0.9658511572921789,0.9490688936494371,0.958,0.0,0,0,True,0,0,True,0,0,True,0,0,True,0,0,True
B,2,SRC12,within_NDF_opposed_75,event/main_reference_plan_domain,1,1,0.95375,0.9561688604636781,0.9619988682950404,0.94443136793823,0.95375,0.0002,0,0,True,0,0,True,0,0,True,0,0,True,0,0,True
B,2,SRC12,cross_DM_positive_25,event/main_reference_plan_domain,1,1,0.959,0.9612817880291883,0.9667543175615542,0.9501633329895611,0.959,0.0,0,0,True,0,0,True,0,0,True,0,0,True,0,0,True
B,2,SRC12,cross_DM_positive_50,event/main_reference_plan_domain,1,1,0.95725,0.959578535372171,0.9651729402000456,0.9482489100122048,0.95725,0.0,0,0,True,0,0,True,0,0,True,0,0,True,0,0,True
B,2,SRC12,cross_DM_positive_75,event/main_reference_plan_domain,1,1,0.95595,0.9583125616073154,0.963995702195683,0.9468292647860549,0.95595,0.0,0,0,True,0,0,True,0,0,True,0,0,True,0,0,True
B,2,SRC14,C0,event/main_reference_plan_domain,1,1,0.9757,0.9774645488520621,0.981591402278685,0.9686858157317486,0.9757,0.0,0,0,True,0,0,True,0,0,True,0,0,True,0,0,True
B,2,SRC14,within_positive_25,event/main_reference_plan_domain,1,1,0.9787,0.9803525892669749,0.9841888939833788,0.9720809471648841,0.9787,0.0,0,0,True,0,0,True,0,0,True,0,0,True,0,0,True
B,2,SRC14,within_positive_50,event/main_reference_plan_domain,1,1,0.98015,0.9817454543555159,0.9854335994214236,0.9737326550144915,0.98015,0.0,0,0,True,0,0,True,0,0,True,0,0,True,0,0,True
B,2,SRC14,within_positive_75,event/main_reference_plan_domain,1,1,0.981,0.9825609275719881,0.9861595780619549,0.9747045661656177,0.981,0.0,0,0,True,0,0,True,0,0,True,0,0,True,0,0,True
B,2,SRC14,within_NDF_opposed_25,event/main_reference_plan_domain,1,1,0.97765,0.9793426807780118,0.9832829950633283,0.9708894341875629,0.97765,0.0,0,0,True,0,0,True,0,0,True,0,0,True,0,0,True
B,2,SRC14,within_NDF_opposed_50,event/main_reference_plan_domain,1,1,0.9784,0.980064149480996,0.9839304410723673,0.9717401402749447,0.9784,0.0,0,0,True,0,0,True,0,0,True,0,0,True,0,0,True
B,2,SRC14,within_NDF_opposed_75,event/main_reference_plan_domain,1,1,0.97815,0.9798237177996039,0.9837148317053569,0.971456366014245,0.97815,0.0001,0,0,True,0,0,True,0,0,True,0,0,True,0,0,True
B,2,SRC14,cross_DM_positive_25,event/main_reference_plan_domain,1,1,0.97325,0.9751005811822822,0.9794508866819233,0.9659323202424847,0.97325,0.0,0,0,True,0,0,True,0,0,True,0,0,True,0,0,True
B,2,SRC14,cross_DM_positive_50,event/main_reference_plan_domain,1,1,0.9707,0.9726357060770323,0.9772072596256438,0.9630821536764946,0.9707,0.0,0,0,True,0,0,True,0,0,True,0,0,True,0,0,True
B,2,SRC14,cross_DM_positive_75,event/main_reference_plan_domain,1,1,0.9692,0.9711839018492249,0.9758807863529465,0.9614122669342067,0.9692,0.0,0,0,True,0,0,True,0,0,True,0,0,True,0,0,True
C,0,MO12,C0,event/main_reference_plan_domain,353,353,0.0005,0.0008479633438665878,0.0021390523385868866,3.218945622514028e-05,0.80355,0.0,145,109,False,199,182,False,276,260,False,320,319,False,331,331,False
C,0,MO12,within_positive_25,event/main_reference_plan_domain,353,353,0.0006,0.0009719475858895716,0.0023209551684529517,5.383467621050899e-05,0.8104,0.0,137,103,False,197,175,False,269,257,False,320,319,False,338,331,False
C,0,MO12,within_positive_50,event/main_reference_plan_domain,353,353,0.0006,0.0009719475858895716,0.0023209551684529517,5.383467621050899e-05,0.8181,0.0,128,93,False,196,169,False,267,255,False,321,318,False,342,339,False
C,0,MO12,within_positive_75,event/main_reference_plan_domain,353,353,0.0006,0.0009719475858895716,0.0023209551684529517,5.383467621050899e-05,0.8198,0.0,125,93,False,198,178,False,271,258,False,322,317,False,345,344,False
C,0,MO12,within_NDF_opposed_25,event/main_reference_plan_domain,353,353,0.00045,0.000785129188884636,0.0020454450446400476,2.3300127491264535e-05,0.7682,0.0,139,101,False,198,177,False,278,261,False,324,320,False,333,331,False
C,0,MO12,within_NDF_opposed_50,event/main_reference_plan_domain,353,353,0.0005,0.0008479633438665878,0.0021390523385868866,3.218945622514028e-05,0.7299,0.0,136,103,False,193,179,False,283,273,False,326,324,False,342,333,False
C,0,MO12,within_NDF_opposed_75,event/main_reference_plan_domain,353,353,0.00055,0.0009102116731305438,0.0022308163642941444,4.2397511008666094e-05,0.682,0.0,132,88,False,195,178,False,295,278,False,326,326,False,343,342,False
C,0,MO12,cross_DM_positive_25,event/main_reference_plan_domain,353,353,0.00105,0.0015116728393753292,0.003080825446687491,0.00019979365671941003,0.80345,0.0,104,71,False,189,158,False,263,254,False,319,319,False,331,331,False
C,0,MO12,cross_DM_positive_50,event/main_reference_plan_domain,353,353,0.00295,0.0036628748794196213,0.005862610626615138,0.001215670294419775,0.80345,0.0,73,33,False,158,120,False,254,249,False,318,316,False,331,331,False
C,0,MO12,cross_DM_positive_75,event/main_reference_plan_domain,353,353,0.0044,0.005251002278945003,0.007801264881396353,0.002172869337833632,0.80125,0.0,27,9,False,115,89,False,250,239,False,316,310,False,331,331,False
C,0,TAB,C0,event/main_reference_plan_domain,353,353,0.10075,0.10431890129074564,0.11379025800638655,0.08865004304942206,0.87275,0.00045,0,0,True,0,0,True,0,0,True,0,0,False,87,69,False
C,0,TAB,within_positive_25,event/main_reference_plan_domain,353,353,0.1019,0.10548644426460763,0.11500215129493672,0.08973542959552736,0.8773,0.0004,0,0,True,0,0,True,0,0,True,0,0,False,89,76,False
C,0,TAB,within_positive_50,event/main_reference_plan_domain,353,353,0.1034,0.1070091180859189,0.11658213631967358,0.09115189692563704,0.87995,0.0004,0,0,True,0,0,True,0,0,True,0,0,False,92,78,False
C,0,TAB,within_positive_75,event/main_reference_plan_domain,353,353,0.1058,0.10944491618608075,0.11910839486376704,0.09341996304804022,0.8795,0.00055,0,0,True,0,0,True,0,0,True,0,0,False,93,79,False
C,0,TAB,within_NDF_opposed_25,event/main_reference_plan_domain,353,353,0.10065,0.10421736918497497,0.1136848522605707,0.08855568534409286,0.85265,0.00025,0,0,True,0,0,True,0,0,True,0,0,False,78,69,False
C,0,TAB,within_NDF_opposed_50,event/main_reference_plan_domain,353,353,0.1016,0.10518188130519865,0.11468605340903884,0.08945223706398082,0.8264,0.0001,0,0,True,0,0,True,0,0,True,0,0,False,74,65,False
C,0,TAB,within_NDF_opposed_75,event/main_reference_plan_domain,353,353,0.1055,0.10914047324170136,0.11879272639298148,0.09313634087664385,0.78835,0.0002,0,0,True,0,0,True,0,0,True,0,0,False,72,61,False
C,0,TAB,cross_DM_positive_25,event/main_reference_plan_domain,353,353,0.1166,0.1203991222937878,0.13045192120382199,0.10365091001633603,0.87115,0.00045,0,0,True,0,0,True,0,0,True,0,0,True,63,53,False
C,0,TAB,cross_DM_positive_50,event/main_reference_plan_domain,353,353,0.13105,0.1350395722558059,0.14557234098966168,0.11739636258380265,0.87135,0.00045,0,0,True,0,0,True,0,0,True,0,0,True,49,37,False
C,0,TAB,cross_DM_positive_75,event/main_reference_plan_domain,353,353,0.14295,0.1470844239730016,0.1579815429472389,0.12875907321017616,0.8705,0.00045,0,0,True,0,0,True,0,0,True,0,0,True,31,22,False
C,0,NARROW,C0,event/main_reference_plan_domain,353,353,0.0,0.00014977539622296285,0.00100419630571992,0.0,0.80355,0.0,183,171,False,223,213,False,281,264,False,321,320,False,332,331,False
C,0,NARROW,within_positive_25,event/main_reference_plan_domain,353,353,0.0,0.00014977539622296285,0.00100419630571992,0.0,0.8104,0.0,182,169,False,221,210,False,276,263,False,321,320,False,339,332,False
C,0,NARROW,within_positive_50,event/main_reference_plan_domain,353,353,0.0,0.00014977539622296285,0.00100419630571992,0.0,0.8181,0.0,183,169,False,221,210,False,275,262,False,322,319,False,345,340,False
C,0,NARROW,within_positive_75,event/main_reference_plan_domain,353,353,0.0,0.00014977539622296285,0.00100419630571992,0.0,0.81975,0.0,184,167,False,220,213,False,279,264,False,323,318,False,345,345,False
C,0,NARROW,within_NDF_opposed_25,event/main_reference_plan_domain,353,353,0.0,0.00014977539622296285,0.00100419630571992,0.0,0.7682,0.0,181,167,False,223,210,False,284,266,False,325,321,False,334,332,False
C,0,NARROW,within_NDF_opposed_50,event/main_reference_plan_domain,353,353,0.0,0.00014977539622296285,0.00100419630571992,0.0,0.7299,0.0,182,166,False,223,211,False,289,277,False,329,325,False,344,336,False
C,0,NARROW,within_NDF_opposed_75,event/main_reference_plan_domain,353,353,0.0,0.00014977539622296285,0.00100419630571992,0.0,0.682,0.0,182,166,False,226,215,False,300,283,False,329,328,False,345,345,False
C,0,NARROW,cross_DM_positive_25,event/main_reference_plan_domain,353,353,0.0,0.00014977539622296285,0.00100419630571992,0.0,0.80345,0.0,182,170,False,221,208,False,275,260,False,321,320,False,332,331,False
C,0,NARROW,cross_DM_positive_50,event/main_reference_plan_domain,353,353,0.0,0.00014977539622296285,0.00100419630571992,0.0,0.80345,0.0,181,163,False,218,202,False,266,258,False,320,320,False,331,331,False
C,0,NARROW,cross_DM_positive_75,event/main_reference_plan_domain,353,353,0.0,0.00014977539622296285,0.00100419630571992,0.0,0.8012,0.0,169,153,False,214,195,False,259,255,False,320,317,False,331,331,False
C,0,SRC12,C0,event/main_reference_plan_domain,353,353,0.01255,0.013923701177717396,0.017807268359814624,0.008444861655337907,0.8728,0.00045,0,0,False,4,3,False,39,28,False,109,106,False,135,131,False
C,0,SRC12,within_positive_25,event/main_reference_plan_domain,353,353,0.01265,0.014028764655742905,0.017925267041314284,0.008526605906329086,0.87725,0.0004,0,0,False,4,3,False,38,31,False,107,104,False,135,132,False
C,0,SRC12,within_positive_50,event/main_reference_plan_domain,353,353,0.01285,0.014238829636474522,0.018161044392093872,0.008690315002957066,0.87995,0.0004,0,0,False,4,3,False,37,31,False,106,102,False,136,132,False
C,0,SRC12,within_positive_75,event/main_reference_plan_domain,353,353,0.0135,0.014920990363821418,0.018925366255650868,0.009224329217595285,0.8795,0.00055,0,0,False,4,1,False,37,29,False,104,102,False,137,134,False
C,0,SRC12,within_NDF_opposed_25,event/main_reference_plan_domain,353,353,0.01395,0.015392785527399925,0.019452843042346176,0.009595704801715255,0.8526,0.00025,0,0,False,4,1,False,36,27,False,109,101,False,135,128,False
C,0,SRC12,within_NDF_opposed_50,event/main_reference_plan_domain,353,353,0.015,0.016492255422804285,0.02067869946056714,0.010467183024232565,0.8264,0.0001,0,0,True,4,0,False,35,23,False,108,97,False,135,130,False
C,0,SRC12,within_NDF_opposed_75,event/main_reference_plan_domain,353,353,0.01635,0.017903267047712175,0.02224558474641514,0.01159689343622917,0.78835,0.0002,0,0,True,2,0,False,36,24,False,106,96,False,136,132,False
C,0,SRC12,cross_DM_positive_25,event/main_reference_plan_domain,353,353,0.01755,0.019155311981062136,0.023630591027106778,0.012608879438808188,0.87115,0.00045,0,0,True,2,0,False,23,15,False,101,83,False,134,127,False
C,0,SRC12,cross_DM_positive_50,event/main_reference_plan_domain,353,353,0.02285,0.0246652308412061,0.029676697591885532,0.01714964318047357,0.87135,0.00045,0,0,True,0,0,False,11,7,False,73,55,False,129,124,False
C,0,SRC12,cross_DM_positive_75,event/main_reference_plan_domain,353,353,0.0303,0.03236994092835339,0.03803162240709738,0.023676536820228293,0.8705,0.00045,0,0,True,0,0,True,6,4,False,49,37,False,124,120,False
C,0,SRC14,C0,event/main_reference_plan_domain,353,353,0.0039,0.004706388195056506,0.007143274533077463,0.001832299326229953,0.8728,0.00045,14,6,False,40,30,False,96,88,False,133,132,False,148,148,False
C,0,SRC14,within_positive_25,event/main_reference_plan_domain,353,353,0.0033,0.004048870190747845,0.006339799182825864,0.001437496058119023,0.87725,0.0004,14,6,False,42,32,False,95,88,False,134,131,False,149,148,False
C,0,SRC14,within_positive_50,event/main_reference_plan_domain,353,353,0.00315,0.0038836892862597542,0.006136142353705191,0.0013415781288812776,0.87995,0.0004,14,5,False,44,32,False,103,91,False,134,132,False,150,149,False
C,0,SRC14,within_positive_75,event/main_reference_plan_domain,353,353,0.0033,0.004048870190747845,0.006339799182825864,0.001437496058119023,0.8795,0.00055,15,6,False,47,33,False,110,92,False,135,134,False,157,154,False
C,0,SRC14,within_NDF_opposed_25,event/main_reference_plan_domain,353,353,0.00315,0.0038836892862597542,0.006136142353705191,0.0013415781288812776,0.8526,0.00025,14,5,False,43,31,False,97,91,False,133,133,False,149,148,False
C,0,SRC14,within_NDF_opposed_50,event/main_reference_plan_domain,353,353,0.00295,0.0036628748794196213,0.005862610626615138,0.001215670294419775,0.82645,0.0001,15,6,False,44,31,False,104,91,False,135,133,False,149,149,False
C,0,SRC14,within_NDF_opposed_75,event/main_reference_plan_domain,353,353,0.00365,0.00443300261365494,0.006810514243087497,0.0016657791858650413,0.78835,0.0002,18,6,False,48,34,False,111,98,False,137,135,False,151,150,False
C,0,SRC14,cross_DM_positive_25,event/main_reference_plan_domain,353,353,0.0039,0.004706388195056506,0.007143274533077463,0.001832299326229953,0.87115,0.00045,7,3,False,34,21,False,90,82,False,131,131,False,148,147,False
C,0,SRC14,cross_DM_positive_50,event/main_reference_plan_domain,353,353,0.0039,0.004706388195056506,0.007143274533077463,0.001832299326229953,0.87135,0.00045,4,2,False,24,17,False,83,73,False,130,129,False,148,146,False
C,0,SRC14,cross_DM_positive_75,event/main_reference_plan_domain,353,353,0.00455,0.005413883228506143,0.00799690225560502,0.0022768011454936924,0.8705,0.00045,3,1,False,16,7,False,73,65,False,129,123,False,146,146,False
C,1,MO12,C0,event/main_reference_plan_domain,353,353,0.00025,0.0005255792997026124,0.0016457729057131195,2.3600395487340885e-06,0.808,0.0,142,100,False,200,181,False,279,265,False,324,319,False,331,331,False
C,1,MO12,within_positive_25,event/main_reference_plan_domain,353,353,0.0005,0.0008479633438665878,0.0021390523385868866,3.218945622514028e-05,0.81805,0.0,137,96,False,198,184,False,273,261,False,320,319,False,338,331,False
C,1,MO12,within_positive_50,event/main_reference_plan_domain,353,353,0.0006,0.0009719475858895716,0.0023209551684529517,5.383467621050899e-05,0.82225,0.0,131,99,False,198,180,False,270,257,False,321,319,False,342,339,False
C,1,MO12,within_positive_75,event/main_reference_plan_domain,353,353,0.00075,0.001154622703752633,0.0025832529217497072,9.46852415813398e-05,0.8231,0.0,128,99,False,202,188,False,272,258,False,322,320,False,345,344,False
C,1,MO12,within_NDF_opposed_25,event/main_reference_plan_domain,353,353,0.00025,0.0005255792997026124,0.0016457729057131195,2.3600395487340885e-06,0.7724,0.0,138,100,False,198,180,False,280,265,False,324,321,False,333,331,False
C,1,MO12,within_NDF_opposed_50,event/main_reference_plan_domain,353,353,0.0003,0.0005920333003445921,0.0017504265193601972,5.338370139502852e-06,0.73535,0.0,139,107,False,199,183,False,287,274,False,326,324,False,340,333,False
C,1,MO12,within_NDF_opposed_75,event/main_reference_plan_domain,353,353,0.0004,0.0007216163854094394,0.0019497220414306281,1.581713736962673e-05,0.6853,0.0,145,107,False,201,184,False,295,281,False,327,326,False,343,342,False
C,1,MO12,cross_DM_positive_25,event/main_reference_plan_domain,353,353,0.00105,0.0015116728393753292,0.003080825446687491,0.00019979365671941003,0.808,0.0,102,68,False,192,163,False,268,254,False,320,319,False,331,331,False
C,1,MO12,cross_DM_positive_50,event/main_reference_plan_domain,353,353,0.00195,0.0025462263914363386,0.004451531190137881,0.0006292311362039878,0.80655,0.0,68,36,False,163,121,False,257,251,False,319,318,False,331,331,False
C,1,MO12,cross_DM_positive_75,event/main_reference_plan_domain,353,353,0.004,0.0048155311408843975,0.007275641586015456,0.001899644162103729,0.80635,0.0,31,13,False,123,91,False,250,240,False,317,313,False,331,331,False
C,1,TAB,C0,event/main_reference_plan_domain,353,353,0.1011,0.10467425527809573,0.11415914812381624,0.08898032502714963,0.87865,0.0007,0,0,True,0,0,True,0,0,True,0,0,False,84,68,False
C,1,TAB,within_positive_25,event/main_reference_plan_domain,353,353,0.1027,0.10629856606982362,0.11584491409556508,0.09049077466244272,0.8826,0.00055,0,0,True,0,0,True,0,0,True,0,0,False,83,69,False
C,1,TAB,within_positive_50,event/main_reference_plan_domain,353,353,0.1026,0.10619705449428689,0.11573958180544842,0.09039634346219423,0.8835,0.0007,0,0,True,0,0,True,0,0,True,0,0,False,89,75,False
C,1,TAB,within_positive_75,event/main_reference_plan_domain,353,353,0.10485,0.1084808158656492,0.11810866713144069,0.09252193713720071,0.88135,0.0007,0,0,True,0,0,True,0,0,True,0,0,False,93,80,False
C,1,TAB,within_NDF_opposed_25,event/main_reference_plan_domain,353,353,0.10165,0.10523264245606267,0.11473873874297306,0.08949943346503166,0.85795,0.00045,0,0,True,0,0,True,0,0,True,0,0,False,75,65,False
C,1,TAB,within_NDF_opposed_50,event/main_reference_plan_domain,353,353,0.1034,0.1070091180859189,0.11658213631967358,0.09115189692563704,0.83275,0.00045,0,0,True,0,0,True,0,0,True,0,0,False,73,64,False
C,1,TAB,within_NDF_opposed_75,event/main_reference_plan_domain,353,353,0.10485,0.1084808158656492,0.11810866713144069,0.09252193713720071,0.79265,0.00035,0,0,True,0,0,True,0,0,True,0,0,False,72,64,False
C,1,TAB,cross_DM_positive_25,event/main_reference_plan_domain,353,353,0.116,0.11979083641489947,0.12982273126667335,0.10308151762016651,0.878,0.0007,0,0,True,0,0,True,0,0,True,0,0,True,61,51,False
C,1,TAB,cross_DM_positive_50,event/main_reference_plan_domain,353,353,0.1322,0.1362040193370885,0.14677315585778647,0.11849283275291497,0.87675,0.0007,0,0,True,0,0,True,0,0,True,0,0,True,47,30,False
C,1,TAB,cross_DM_positive_75,event/main_reference_plan_domain,353,353,0.1452,0.1493607008788343,0.16032384416704967,0.13091146285672817,0.87655,0.0007,0,0,True,0,0,True,0,0,True,0,0,True,27,22,False
C,1,NARROW,C0,event/main_reference_plan_domain,353,353,0.0,0.00014977539622296285,0.00100419630571992,0.0,0.80795,0.0,182,162,False,223,212,False,283,268,False,325,320,False,332,331,False
C,1,NARROW,within_positive_25,event/main_reference_plan_domain,353,353,0.0,0.00014977539622296285,0.00100419630571992,0.0,0.81805,0.0,182,165,False,222,211,False,279,265,False,321,320,False,339,332,False
C,1,NARROW,within_positive_50,event/main_reference_plan_domain,353,353,0.0,0.00014977539622296285,0.00100419630571992,0.0,0.82225,0.0,187,172,False,221,211,False,275,263,False,322,320,False,345,340,False
C,1,NARROW,within_positive_75,event/main_reference_plan_domain,353,353,0.0,0.00014977539622296285,0.00100419630571992,0.0,0.8231,0.0,189,175,False,227,217,False,279,265,False,323,321,False,345,345,False
C,1,NARROW,within_NDF_opposed_25,event/main_reference_plan_domain,353,353,0.0,0.00014977539622296285,0.00100419630571992,0.0,0.7724,0.0,181,161,False,224,213,False,283,269,False,325,322,False,334,332,False
C,1,NARROW,within_NDF_opposed_50,event/main_reference_plan_domain,353,353,0.0,0.00014977539622296285,0.00100419630571992,0.0,0.73535,0.0,182,168,False,224,213,False,291,278,False,328,325,False,342,334,False
C,1,NARROW,within_NDF_opposed_75,event/main_reference_plan_domain,353,353,0.0,0.00014977539622296285,0.00100419630571992,0.0,0.6853,0.0,192,171,False,227,221,False,299,285,False,330,328,False,345,345,False
C,1,NARROW,cross_DM_positive_25,event/main_reference_plan_domain,353,353,0.0,0.00014977539622296285,0.00100419630571992,0.0,0.808,0.0,181,158,False,221,207,False,278,262,False,321,320,False,332,331,False
C,1,NARROW,cross_DM_positive_50,event/main_reference_plan_domain,353,353,0.0,0.00014977539622296285,0.00100419630571992,0.0,0.80655,0.0,177,152,False,218,200,False,268,258,False,320,320,False,331,331,False
C,1,NARROW,cross_DM_positive_75,event/main_reference_plan_domain,353,353,0.0,0.00014977539622296285,0.00100419630571992,0.0,0.80635,0.0,168,147,False,213,195,False,263,257,False,320,318,False,331,331,False
C,1,SRC12,C0,event/main_reference_plan_domain,353,353,0.01325,0.01465871824819146,0.01863174217340821,0.009018592368737413,0.87865,0.0007,0,0,False,4,3,False,38,25,False,109,104,False,134,129,False
C,1,SRC12,within_positive_25,event/main_reference_plan_domain,353,353,0.0138,0.01523556173462657,0.019277164021969197,0.009471765989965873,0.8826,0.00055,0,0,False,4,1,False,36,25,False,106,103,False,135,134,False
C,1,SRC12,within_positive_50,event/main_reference_plan_domain,353,353,0.0141,0.015549968929932155,0.01962837856722042,0.009719787473896055,0.8835,0.00075,0,0,False,4,2,False,36,27,False,106,102,False,136,134,False
C,1,SRC12,within_positive_75,event/main_reference_plan_domain,353,353,0.01385,0.015287974193069306,0.01933573977972163,0.009513062801907408,0.88145,0.0007,0,0,False,3,1,False,39,31,False,105,101,False,137,136,False
C,1,SRC12,within_NDF_opposed_25,event/main_reference_plan_domain,353,353,0.0136,0.015025866057064548,0.019042698138783152,0.009306742011219749,0.8579,0.00045,0,0,False,4,2,False,31,25,False,107,100,False,134,130,False
C,1,SRC12,within_NDF_opposed_50,event/main_reference_plan_domain,353,353,0.01485,0.016335301645751213,0.0205039799571366,0.010342282290150773,0.8328,0.00045,0,0,True,4,0,False,33,21,False,104,96,False,135,130,False
C,1,SRC12,within_NDF_opposed_75,event/main_reference_plan_domain,353,353,0.0169,0.018477362255884144,0.022881237673303443,0.012059859993689666,0.79265,0.00035,0,0,True,2,0,False,33,22,False,105,96,False,135,134,False
C,1,SRC12,cross_DM_positive_25,event/main_reference_plan_domain,353,353,0.017,0.018581698636668715,0.022996652394665095,0.01214419463712175,0.878,0.0007,0,0,True,2,0,False,23,16,False,99,81,False,133,126,False
C,1,SRC12,cross_DM_positive_50,event/main_reference_plan_domain,353,353,0.0225,0.024302227849603966,0.029280488168619608,0.016846713427584342,0.87675,0.0007,0,0,True,0,0,False,12,7,False,73,56,False,128,124,False
C,1,SRC12,cross_DM_positive_75,event/main_reference_plan_domain,353,353,0.0277,0.02968538318960162,0.0351312672814915,0.021383210686146285,0.87655,0.0007,0,0,True,0,0,True,7,5,False,49,36,False,124,120,False
C,1,SRC14,C0,event/main_reference_plan_domain,353,353,0.0037,0.0044877424759634885,0.006877285055343436,0.001698864607071189,0.87865,0.0007,11,5,False,37,29,False,94,83,False,133,131,False,148,148,False
C,1,SRC14,within_positive_25,event/main_reference_plan_domain,353,353,0.0042,0.005033479005514445,0.007539195251873053,0.002035514387998539,0.8826,0.0006,13,4,False,38,30,False,94,83,False,134,131,False,149,148,False
C,1,SRC14,within_positive_50,event/main_reference_plan_domain,353,353,0.00395,0.00476097418881512,0.007209508745344025,0.0018659210636033634,0.8835,0.00075,10,4,False,39,32,False,95,88,False,134,132,False,150,149,False
C,1,SRC14,within_positive_75,event/main_reference_plan_domain,353,353,0.0036,0.004378230108842219,0.006743629699801725,0.0016328073830058451,0.88145,0.0007,15,6,False,45,33,False,110,92,False,135,133,False,157,154,False
C,1,SRC14,within_NDF_opposed_25,event/main_reference_plan_domain,353,353,0.0035,0.00426858445654063,0.006609510117386649,0.0015672138435131673,0.8579,0.00045,11,6,False,37,28,False,91,83,False,133,133,False,149,148,False
C,1,SRC14,within_NDF_opposed_50,event/main_reference_plan_domain,353,353,0.00355,0.004323424288613028,0.006676629119630998,0.0015999514819328379,0.8328,0.00045,13,6,False,41,29,False,97,90,False,135,133,False,149,149,False
C,1,SRC14,within_NDF_opposed_75,event/main_reference_plan_domain,353,353,0.0037,0.0044877424759634885,0.006877285055343436,0.001698864607071189,0.79265,0.00035,16,5,False,46,33,False,106,92,False,137,135,False,151,150,False
C,1,SRC14,cross_DM_positive_25,event/main_reference_plan_domain,353,353,0.0039,0.004706388195056506,0.007143274533077463,0.001832299326229953,0.878,0.0007,7,3,False,33,19,False,87,82,False,131,131,False,148,148,False
C,1,SRC14,cross_DM_positive_50,event/main_reference_plan_domain,353,353,0.004,0.0048155311408843975,0.007275641586015456,0.001899644162103729,0.87675,0.0007,4,2,False,22,16,False,82,73,False,130,128,False,148,146,False
C,1,SRC14,cross_DM_positive_75,event/main_reference_plan_domain,353,353,0.00425,0.005087898468295185,0.007604847788234461,0.0020697179103639283,0.87655,0.0007,3,1,False,17,10,False,72,61,False,128,123,False,146,146,False
C,2,MO12,C0,event/main_reference_plan_domain,353,353,0.0007,0.0010941085301023946,0.0024970379150683762,8.005620675118697e-05,0.80725,0.0,139,99,False,198,179,False,269,255,False,320,319,False,331,331,False
C,2,MO12,within_positive_25,event/main_reference_plan_domain,353,353,0.0008,0.0012148070119408507,0.0026683967251803025,0.00011023366318578254,0.8173,0.0,135,101,False,200,184,False,269,255,False,319,319,False,338,331,False
C,2,MO12,within_positive_50,event/main_reference_plan_domain,353,353,0.00075,0.001154622703752633,0.0025832529217497072,9.46852415813398e-05,0.82345,0.0,130,101,False,203,187,False,269,257,False,321,318,False,342,339,False
C,2,MO12,within_positive_75,event/main_reference_plan_domain,353,353,0.0008,0.0012148070119408507,0.0026683967251803025,0.00011023366318578254,0.8247,0.0,124,95,False,203,189,False,272,262,False,322,318,False,345,344,False
C,2,MO12,within_NDF_opposed_25,event/main_reference_plan_domain,353,353,0.0007,0.0010941085301023946,0.0024970379150683762,8.005620675118697e-05,0.77235,0.0,142,103,False,200,183,False,278,261,False,323,319,False,333,331,False
C,2,MO12,within_NDF_opposed_50,event/main_reference_plan_domain,353,353,0.0007,0.0010941085301023946,0.0024970379150683762,8.005620675118697e-05,0.7309,0.0,141,106,False,201,185,False,280,267,False,325,321,False,340,333,False
C,2,MO12,within_NDF_opposed_75,event/main_reference_plan_domain,353,353,0.00065,0.0010332303267696738,0.002409646574382999,6.641453108472095e-05,0.68235,0.0,145,105,False,203,188,False,294,278,False,326,326,False,343,342,False
C,2,MO12,cross_DM_positive_25,event/main_reference_plan_domain,353,353,0.00115,0.0016288787511890407,0.0032407040205576715,0.00024028225505423866,0.80525,0.0,102,66,False,186,154,False,259,253,False,319,319,False,331,331,False
C,2,MO12,cross_DM_positive_50,event/main_reference_plan_domain,353,353,0.0024,0.0030516967779468354,0.005096771140642422,0.0008829762105207672,0.8053,0.0,67,33,False,155,119,False,254,247,False,319,316,False,331,331,False
C,2,MO12,cross_DM_positive_75,event/main_reference_plan_domain,353,353,0.004,0.0048155311408843975,0.007275641586015456,0.001899644162103729,0.8043,0.0,27,11,False,117,93,False,247,231,False,317,308,False,331,331,False
C,2,TAB,C0,event/main_reference_plan_domain,353,353,0.09765,0.10117090335964204,0.1105208814759589,0.0857267535741762,0.87725,0.0004,0,0,True,0,0,True,0,0,True,0,0,False,88,72,False
C,2,TAB,within_positive_25,event/main_reference_plan_domain,353,353,0.09715,0.1006630629278005,0.10999320908757948,0.08525560905983405,0.88175,0.00045,0,0,True,0,0,True,0,0,True,0,0,False,91,76,False
C,2,TAB,within_positive_50,event/main_reference_plan_domain,353,353,0.09915,0.1026942587521694,0.11210330507896915,0.08714078100838454,0.88355,0.00045,0,0,True,0,0,True,0,0,True,0,0,False,92,80,False
C,2,TAB,within_positive_75,event/main_reference_plan_domain,353,353,0.1021,0.10568948098680495,0.11521286443204766,0.08992424341339027,0.88125,0.00055,0,0,True,0,0,True,0,0,True,0,0,False,93,80,False
C,2,TAB,within_NDF_opposed_25,event/main_reference_plan_domain,353,353,0.0998,0.10335430305975184,0.11278874876335204,0.08775379959022521,0.85655,0.0002,0,0,True,0,0,True,0,0,True,0,0,False,79,69,False
C,2,TAB,within_NDF_opposed_50,event/main_reference_plan_domain,353,353,0.10205,0.10563872219929125,0.115160187554029,0.08987703855191725,0.83085,0.00035,0,0,True,0,0,True,0,0,True,0,0,False,74,68,False
C,2,TAB,within_NDF_opposed_75,event/main_reference_plan_domain,353,353,0.10305,0.10665384841212168,0.11621354787147656,0.09082131311824779,0.7914,0.00055,0,0,True,0,0,True,0,0,True,0,0,False,75,66,False
C,2,TAB,cross_DM_positive_25,event/main_reference_plan_domain,353,353,0.115,0.11877695570470906,0.12877382761585615,0.102132784167096,0.87625,0.0004,0,0,True,0,0,True,0,0,True,0,0,True,63,57,False
C,2,TAB,cross_DM_positive_50,event/main_reference_plan_domain,353,353,0.1294,0.13336866883206555,0.14384880638526792,0.11582379282545505,0.87425,0.0004,0,0,True,0,0,True,0,0,True,0,0,True,52,38,False
C,2,TAB,cross_DM_positive_75,event/main_reference_plan_domain,353,353,0.13935,0.1434416643150327,0.15423129613874592,0.1253178155855219,0.87115,0.0004,0,0,True,0,0,True,0,0,True,0,0,True,36,23,False
C,2,NARROW,C0,event/main_reference_plan_domain,353,353,0.0,0.00014977539622296285,0.00100419630571992,0.0,0.80725,0.0,181,168,False,222,208,False,275,260,False,321,320,False,332,331,False
C,2,NARROW,within_positive_25,event/main_reference_plan_domain,353,353,0.0,0.00014977539622296285,0.00100419630571992,0.0,0.81725,0.0,186,171,False,223,211,False,275,262,False,320,320,False,339,332,False
C,2,NARROW,within_positive_50,event/main_reference_plan_domain,353,353,0.0,0.00014977539622296285,0.00100419630571992,0.0,0.8235,0.0,188,174,False,227,217,False,276,263,False,322,319,False,345,340,False
C,2,NARROW,within_positive_75,event/main_reference_plan_domain,353,353,0.0,0.00014977539622296285,0.00100419630571992,0.0,0.8247,0.0,192,176,False,229,220,False,280,267,False,323,319,False,345,345,False
C,2,NARROW,within_NDF_opposed_25,event/main_reference_plan_domain,353,353,0.0,0.00014977539622296285,0.00100419630571992,0.0,0.7724,0.0,186,171,False,223,211,False,282,265,False,325,320,False,334,331,False
C,2,NARROW,within_NDF_opposed_50,event/main_reference_plan_domain,353,353,0.0,0.00014977539622296285,0.00100419630571992,0.0,0.73095,0.0,190,174,False,224,216,False,284,272,False,328,323,False,343,334,False
C,2,NARROW,within_NDF_opposed_75,event/main_reference_plan_domain,353,353,0.0,0.00014977539622296285,0.00100419630571992,0.0,0.68235,0.0,195,178,False,230,224,False,299,283,False,329,328,False,345,345,False
C,2,NARROW,cross_DM_positive_25,event/main_reference_plan_domain,353,353,0.0,0.00014977539622296285,0.00100419630571992,0.0,0.8053,0.0,179,164,False,219,203,False,269,258,False,320,320,False,332,331,False
C,2,NARROW,cross_DM_positive_50,event/main_reference_plan_domain,353,353,0.0,0.00014977539622296285,0.00100419630571992,0.0,0.8053,0.0,170,153,False,214,198,False,264,256,False,320,319,False,331,331,False
C,2,NARROW,cross_DM_positive_75,event/main_reference_plan_domain,353,353,0.0,0.00014977539622296285,0.00100419630571992,0.0,0.8043,0.0,167,146,False,209,188,False,259,253,False,320,316,False,332,331,False
C,2,SRC12,C0,event/main_reference_plan_domain,353,353,0.0145,0.015968931961333973,0.02009578857223651,0.010051361055932491,0.8773,0.0004,0,0,True,4,0,False,40,26,False,109,106,False,135,131,False
C,2,SRC12,within_positive_25,event/main_reference_plan_domain,353,353,0.0136,0.015025866057064548,0.019042698138783152,0.009306742011219749,0.8818,0.00045,0,0,False,4,1,False,38,28,False,108,105,False,136,134,False
C,2,SRC12,within_positive_50,event/main_reference_plan_domain,353,353,0.0137,0.015130723113893307,0.019159963824971732,0.00938922117204787,0.8835,0.00045,0,0,False,4,2,False,39,32,False,107,102,False,136,135,False
C,2,SRC12,within_positive_75,event/main_reference_plan_domain,353,353,0.01445,0.015916576648967173,0.02003741586052256,0.010009860684870881,0.8813,0.00055,0,0,True,3,0,False,41,32,False,107,103,False,137,136,False
C,2,SRC12,within_NDF_opposed_25,event/main_reference_plan_domain,353,353,0.01495,0.016439941556070824,0.020620474053813505,0.010425534982954851,0.85655,0.0002,0,0,True,3,0,False,36,25,False,109,105,False,135,130,False
C,2,SRC12,within_NDF_opposed_50,event/main_reference_plan_domain,353,353,0.01585,0.017380989815821028,0.02166639354654251,0.011177342762126058,0.8308,0.00035,0,0,True,4,0,False,35,24,False,109,98,False,135,131,False
C,2,SRC12,within_NDF_opposed_75,event/main_reference_plan_domain,353,353,0.01655,0.018112077572951846,0.022476904254579266,0.011765071519243046,0.7914,0.00055,0,0,True,2,0,False,34,24,False,108,96,False,136,134,False
C,2,SRC12,cross_DM_positive_25,event/main_reference_plan_domain,353,353,0.0182,0.019832720608813182,0.024378018926928174,0.013159828687835438,0.87625,0.0004,0,0,True,2,0,False,23,16,False,103,87,False,134,128,False
C,2,SRC12,cross_DM_positive_50,event/main_reference_plan_domain,353,353,0.02305,0.024872613151490055,0.029902932025723288,0.017322917175026212,0.87425,0.0004,0,0,True,0,0,False,12,7,False,78,62,False,130,125,False
C,2,SRC12,cross_DM_positive_75,event/main_reference_plan_domain,353,353,0.02985,0.03190559906377715,0.037530683631918575,0.02327856754489646,0.87115,0.0004,0,0,True,0,0,True,6,3,False,51,39,False,126,120,False
C,2,SRC14,C0,event/main_reference_plan_domain,353,353,0.00385,0.00465177260686117,0.007076937049665091,0.0017987808357530044,0.8773,0.0004,8,4,False,38,29,False,95,87,False,133,131,False,148,148,False
C,2,SRC14,within_positive_25,event/main_reference_plan_domain,353,353,0.00335,0.004103853547232957,0.00640741745307926,0.0014697353538322376,0.8818,0.00045,13,5,False,40,30,False,95,89,False,134,131,False,149,148,False
C,2,SRC14,within_positive_50,event/main_reference_plan_domain,353,353,0.00295,0.0036628748794196213,0.005862610626615138,0.001215670294419775,0.8835,0.00045,11,6,False,45,32,False,105,91,False,134,132,False,150,149,False
C,2,SRC14,within_positive_75,event/main_reference_plan_domain,353,353,0.00305,0.0037733672417359938,0.005999671822140085,0.0012783299919543589,0.8813,0.00055,16,5,False,49,32,False,112,97,False,135,134,False,158,155,False
C,2,SRC14,within_NDF_opposed_25,event/main_reference_plan_domain,353,353,0.00305,0.0037733672417359938,0.005999671822140085,0.0012783299919543589,0.85655,0.0002,11,5,False,40,30,False,97,89,False,134,132,False,149,148,False
C,2,SRC14,within_NDF_opposed_50,event/main_reference_plan_domain,353,353,0.0031,0.0038285490432312243,0.006067979183330176,0.0013098822143140945,0.8308,0.00035,12,4,False,45,30,False,105,90,False,135,133,False,149,149,False
C,2,SRC14,within_NDF_opposed_75,event/main_reference_plan_domain,353,353,0.00345,0.004213709891516595,0.006542270224666055,0.0015345969097530629,0.7914,0.00055,16,4,False,48,34,False,110,95,False,137,135,False,151,150,False
C,2,SRC14,cross_DM_positive_25,event/main_reference_plan_domain,353,353,0.00365,0.00443300261365494,0.006810514243087497,0.0016657791858650413,0.8763,0.0004,7,3,False,32,21,False,90,83,False,131,131,False,148,147,False
C,2,SRC14,cross_DM_positive_50,event/main_reference_plan_domain,353,353,0.00385,0.00465177260686117,0.007076937049665091,0.0017987808357530044,0.87425,0.0004,4,2,False,22,14,False,83,73,False,130,129,False,148,146,False
C,2,SRC14,cross_DM_positive_75,event/main_reference_plan_domain,353,353,0.0042,0.005033479005514445,0.007539195251873053,0.002035514387998539,0.87115,0.0004,3,1,False,16,7,False,72,65,False,129,123,False,147,146,False
